member_id,pool_id,age,gender,zone,available,source,synthetic,arrived_day,field_acceptable_zones,field_age_max,field_age_min,field_conversations,field_emotional_availability,field_has_children,field_lifestyle,field_partner_children,field_partner_smoking,field_relationship_goal,field_relationship_pace,field_relationship_structure,field_relocate,field_schedule,field_smoking,field_space_for_relationship,field_wants_children,field_who_to_meet,status_acceptable_zones,status_age_max,status_age_min,status_conversations,status_emotional_availability,status_has_children,status_lifestyle,status_partner_children,status_partner_smoking,status_relationship_goal,status_relationship_pace,status_relationship_structure,status_relocate,status_schedule,status_smoking,status_space_for_relationship,status_wants_children,status_who_to_meet,observed_day_acceptable_zones,observed_day_age_max,observed_day_age_min,observed_day_conversations,observed_day_emotional_availability,observed_day_has_children,observed_day_lifestyle,observed_day_partner_children,observed_day_partner_smoking,observed_day_relationship_goal,observed_day_relationship_pace,observed_day_relationship_structure,observed_day_relocate,observed_day_schedule,observed_day_smoking,observed_day_space_for_relationship,observed_day_wants_children,observed_day_who_to_meet,fields_json,field_status_json,field_observed_day_json
syn_665bce744bdc41648bb1cc4246de2400,public_06,25,woman,zone_a,True,synthetic_questionnaire,True,0,,,,,taking_time,,,,,,,,,,,,,,not_asked,declined,not_asked,not_asked,observed,not_asked,not_asked,not_asked,not_asked,not_asked,not_asked,not_asked,not_asked,declined,not_asked,not_asked,not_asked,not_asked,,,,,0,,,,,,,,,,,,,,"{""acceptable_zones"": null, ""age_max"": null, ""age_min"": null, ""conversations"": null, ""emotional_availability"": ""taking_time"", ""has_children"": null, ""lifestyle"": null, ""partner_children"": null, ""partner_smoking"": null, ""relationship_goal"": null, ""relationship_pace"": null, ""relationship_structure"": null, ""relocate"": null, ""schedule"": null, ""smoking"": null, ""space_for_relationship"": null, ""wants_children"": null, ""who_to_meet"": null}","{""acceptable_zones"": ""not_asked"", ""age_max"": ""declined"", ""age_min"": ""not_asked"", ""conversations"": ""not_asked"", ""emotional_availability"": ""observed"", ""has_children"": ""not_asked"", ""lifestyle"": ""not_asked"", ""partner_children"": ""not_asked"", ""partner_smoking"": ""not_asked"", ""relationship_goal"": ""not_asked"", ""relationship_pace"": ""not_asked"", ""relationship_structure"": ""not_asked"", ""relocate"": ""not_asked"", ""schedule"": ""declined"", ""smoking"": ""not_asked"", ""space_for_relationship"": ""not_asked"", ""wants_children"": ""not_asked"", ""who_to_meet"": ""not_asked""}","{""acceptable_zones"": null, ""age_max"": null, ""age_min"": null, ""conversations"": null, ""emotional_availability"": 0, ""has_children"": null, ""lifestyle"": null, ""partner_children"": null, ""partner_smoking"": null, ""relationship_goal"": null, ""relationship_pace"": null, ""relationship_structure"": null, ""relocate"": null, ""schedule"": null, ""smoking"": null, ""space_for_relationship"": null, ""wants_children"": null, ""who_to_meet"": null}"
syn_b9b2bf5a3ff7cd820a5da9c85b41cf3e,public_06,35,woman,zone_c,True,synthetic_questionnaire,True,17,,,,ideas,,,,,any,,,,,,,,,,declined,not_asked,not_asked,observed,not_asked,not_asked,not_asked,not_asked,observed,not_asked,not_asked,not_asked,not_asked,declined,declined,not_asked,not_asked,declined,,,,17,,,,,17,,,,,,,,,,"{""acceptable_zones"": null, ""age_max"": null, ""age_min"": null, ""conversations"": ""ideas"", ""emotional_availability"": null, ""has_children"": null, ""lifestyle"": null, ""partner_children"": null, ""partner_smoking"": ""any"", ""relationship_goal"": null, ""relationship_pace"": null, ""relationship_structure"": null, ""relocate"": null, ""schedule"": null, ""smoking"": null, ""space_for_relationship"": null, ""wants_children"": null, ""who_to_meet"": null}","{""acceptable_zones"": ""declined"", ""age_max"": ""not_asked"", ""age_min"": ""not_asked"", ""conversations"": ""observed"", ""emotional_availability"": ""not_asked"", ""has_children"": ""not_asked"", ""lifestyle"": ""not_asked"", ""partner_children"": ""not_asked"", ""partner_smoking"": ""observed"", ""relationship_goal"": ""not_asked"", ""relationship_pace"": ""not_asked"", ""relationship_structure"": ""not_asked"", ""relocate"": ""not_asked"", ""schedule"": ""declined"", ""smoking"": ""declined"", ""space_for_relationship"": ""not_asked"", ""wants_children"": ""not_asked"", ""who_to_meet"": ""declined""}","{""acceptable_zones"": null, ""age_max"": null, ""age_min"": null, ""conversations"": 17, ""emotional_availability"": null, ""has_children"": null, ""lifestyle"": null, ""partner_children"": null, ""partner_smoking"": 17, ""relationship_goal"": null, ""relationship_pace"": null, ""relationship_structure"": null, ""relocate"": null, ""schedule"": null, ""smoking"": null, ""space_for_relationship"": null, ""wants_children"": null, ""who_to_meet"": null}"
syn_761bf112a2e9075abe48dcdb9ade72c6,public_06,34,man,zone_a,True,synthetic_questionnaire,True,11,,,,,ready,,,,,,,,no,"[""weekend_day"", ""weekend_evening""]",,,yes,,not_asked,not_asked,declined,not_asked,observed,not_asked,not_asked,not_asked,not_asked,not_asked,not_asked,not_asked,observed,observed,not_asked,not_asked,observed,not_asked,,,,,11,,,,,,,,11,11,,,11,,"{""acceptable_zones"": null, ""age_max"": null, ""age_min"": null, ""conversations"": null, ""emotional_availability"": ""ready"", ""has_children"": null, ""lifestyle"": null, ""partner_children"": null, ""partner_smoking"": null, ""relationship_goal"": null, ""relationship_pace"": null, ""relationship_structure"": null, ""relocate"": ""no"", ""schedule"": [""weekend_day"", ""weekend_evening""], ""smoking"": null, ""space_for_relationship"": null, ""wants_children"": ""yes"", ""who_to_meet"": null}","{""acceptable_zones"": ""not_asked"", ""age_max"": ""not_asked"", ""age_min"": ""declined"", ""conversations"": ""not_asked"", ""emotional_availability"": ""observed"", ""has_children"": ""not_asked"", ""lifestyle"": ""not_asked"", ""partner_children"": ""not_asked"", ""partner_smoking"": ""not_asked"", ""relationship_goal"": ""not_asked"", ""relationship_pace"": ""not_asked"", ""relationship_structure"": ""not_asked"", ""relocate"": ""observed"", ""schedule"": ""observed"", ""smoking"": ""not_asked"", ""space_for_relationship"": ""not_asked"", ""wants_children"": ""observed"", ""who_to_meet"": ""not_asked""}","{""acceptable_zones"": null, ""age_max"": null, ""age_min"": null, ""conversations"": null, ""emotional_availability"": 11, ""has_children"": null, ""lifestyle"": null, ""partner_children"": null, ""partner_smoking"": null, ""relationship_goal"": null, ""relationship_pace"": null, ""relationship_structure"": null, ""relocate"": 11, ""schedule"": 11, ""smoking"": null, ""space_for_relationship"": null, ""wants_children"": 11, ""who_to_meet"": null}"
syn_385d7299b7a7c793a42a5185f3adf474,public_06,40,woman,zone_b,True,synthetic_questionnaire,True,0,,,,,,,,,,,,,,,,,,,not_asked,declined,not_asked,not_asked,not_asked,not_asked,not_asked,not_asked,not_asked,not_asked,not_asked,not_asked,declined,not_asked,not_asked,not_asked,not_asked,not_asked,,,,,,,,,,,,,,,,,,,"{""acceptable_zones"": null, ""age_max"": null, ""age_min"": null, ""conversations"": null, ""emotional_availability"": null, ""has_children"": null, ""lifestyle"": null, ""partner_children"": null, ""partner_smoking"": null, ""relationship_goal"": null, ""relationship_pace"": null, ""relationship_structure"": null, ""relocate"": null, ""schedule"": null, ""smoking"": null, ""space_for_relationship"": null, ""wants_children"": null, ""who_to_meet"": null}","{""acceptable_zones"": ""not_asked"", ""age_max"": ""declined"", ""age_min"": ""not_asked"", ""conversations"": ""not_asked"", ""emotional_availability"": ""not_asked"", ""has_children"": ""not_asked"", ""lifestyle"": ""not_asked"", ""partner_children"": ""not_asked"", ""partner_smoking"": ""not_asked"", ""relationship_goal"": ""not_asked"", ""relationship_pace"": ""not_asked"", ""relationship_structure"": ""not_asked"", ""relocate"": ""declined"", ""schedule"": ""not_asked"", ""smoking"": ""not_asked"", ""space_for_relationship"": ""not_asked"", ""wants_children"": ""not_asked"", ""who_to_meet"": ""not_asked""}","{""acceptable_zones"": null, ""age_max"": null, ""age_min"": null, ""conversations"": null, ""emotional_availability"": null, ""has_children"": null, ""lifestyle"": null, ""partner_children"": null, ""partner_smoking"": null, ""relationship_goal"": null, ""relationship_pace"": null, ""relationship_structure"": null, ""relocate"": null, ""schedule"": null, ""smoking"": null, ""space_for_relationship"": null, ""wants_children"": null, ""who_to_meet"": null}"
syn_d66b96f5bebe822535f9f0241e7c98de,public_06,29,man,zone_b,False,synthetic_questionnaire,True,11,"[""zone_b"", ""zone_d""]",33,22,playful,ready,False,social,any,no_smoking,long_term,steady,monogamous,yes,"[""weekday_evening"", ""weekend_day""]",no,limited,yes,"[""non_binary"", ""man"", ""woman""]",observed,observed,observed,observed,observed,observed,observed,observed,observed,observed,observed,observed,observed,observed,observed,observed,observed,observed,11,11,11,11,11,11,11,11,11,11,11,11,11,11,11,11,11,11,"{""acceptable_zones"": [""zone_b"", ""zone_d""], ""age_max"": 33, ""age_min"": 22, ""conversations"": ""playful"", ""emotional_availability"": ""ready"", ""has_children"": false, ""lifestyle"": ""social"", ""partner_children"": ""any"", ""partner_smoking"": ""no_smoking"", ""relationship_goal"": ""long_term"", ""relationship_pace"": ""steady"", ""relationship_structure"": ""monogamous"", ""relocate"": ""yes"", ""schedule"": [""weekday_evening"", ""weekend_day""], ""smoking"": ""no"", ""space_for_relationship"": ""limited"", ""wants_children"": ""yes"", ""who_to_meet"": [""non_binary"", ""man"", ""woman""]}","{""acceptable_zones"": ""observed"", ""age_max"": ""observed"", ""age_min"": ""observed"", ""conversations"": ""observed"", ""emotional_availability"": ""observed"", ""has_children"": ""observed"", ""lifestyle"": ""observed"", ""partner_children"": ""observed"", ""partner_smoking"": ""observed"", ""relationship_goal"": ""observed"", ""relationship_pace"": ""observed"", ""relationship_structure"": ""observed"", ""relocate"": ""observed"", ""schedule"": ""observed"", ""smoking"": ""observed"", ""space_for_relationship"": ""observed"", ""wants_children"": ""observed"", ""who_to_meet"": ""observed""}","{""acceptable_zones"": 11, ""age_max"": 11, ""age_min"": 11, ""conversations"": 11, ""emotional_availability"": 11, ""has_children"": 11, ""lifestyle"": 11, ""partner_children"": 11, ""partner_smoking"": 11, ""relationship_goal"": 11, ""relationship_pace"": 11, ""relationship_structure"": 11, ""relocate"": 11, ""schedule"": 11, ""smoking"": 11, ""space_for_relationship"": 11, ""wants_children"": 11, ""who_to_meet"": 11}"
syn_356636b0d616d949375741d209ab315e,public_06,43,man,zone_b,True,synthetic_questionnaire,True,0,"[""zone_b""]",49,37,stories,taking_time,True,social,no_children,no_smoking,exploring,slow,monogamous,unsure,"[""weekend_day"", ""weekend_evening""]",no,ample,yes,"[""non_binary"", ""man""]",observed,observed,observed,observed,observed,observed,observed,observed,observed,observed,observed,observed,observed,observed,observed,observed,observed,observed,0,0,0,0,0,0,0,0,0,0,0,0,0,0,0,0,0,0,"{""acceptable_zones"": [""zone_b""], ""age_max"": 49, ""age_min"": 37, ""conversations"": ""stories"", ""emotional_availability"": ""taking_time"", ""has_children"": true, ""lifestyle"": ""social"", ""partner_children"": ""no_children"", ""partner_smoking"": ""no_smoking"", ""relationship_goal"": ""exploring"", ""relationship_pace"": ""slow"", ""relationship_structure"": ""monogamous"", ""relocate"": ""unsure"", ""schedule"": [""weekend_day"", ""weekend_evening""], ""smoking"": ""no"", ""space_for_relationship"": ""ample"", ""wants_children"": ""yes"", ""who_to_meet"": [""non_binary"", ""man""]}","{""acceptable_zones"": ""observed"", ""age_max"": ""observed"", ""age_min"": ""observed"", ""conversations"": ""observed"", ""emotional_availability"": ""observed"", ""has_children"": ""observed"", ""lifestyle"": ""observed"", ""partner_children"": ""observed"", ""partner_smoking"": ""observed"", ""relationship_goal"": ""observed"", ""relationship_pace"": ""observed"", ""relationship_structure"": ""observed"", ""relocate"": ""observed"", ""schedule"": ""observed"", ""smoking"": ""observed"", ""space_for_relationship"": ""observed"", ""wants_children"": ""observed"", ""who_to_meet"": ""observed""}","{""acceptable_zones"": 0, ""age_max"": 0, ""age_min"": 0, ""conversations"": 0, ""emotional_availability"": 0, ""has_children"": 0, ""lifestyle"": 0, ""partner_children"": 0, ""partner_smoking"": 0, ""relationship_goal"": 0, ""relationship_pace"": 0, ""relationship_structure"": 0, ""relocate"": 0, ""schedule"": 0, ""smoking"": 0, ""space_for_relationship"": 0, ""wants_children"": 0, ""who_to_meet"": 0}"
syn_dcab7d6aa46f041914ffe5d8348a1772,public_06,36,woman,zone_c,True,synthetic_questionnaire,True,0,,,,,,,,no_children,,,,,,,,,,,not_asked,not_asked,not_asked,not_asked,not_asked,not_asked,not_asked,observed,not_asked,not_asked,not_asked,not_asked,not_asked,not_asked,declined,not_asked,not_asked,not_asked,,,,,,,,0,,,,,,,,,,,"{""acceptable_zones"": null, ""age_max"": null, ""age_min"": null, ""conversations"": null, ""emotional_availability"": null, ""has_children"": null, ""lifestyle"": null, ""partner_children"": ""no_children"", ""partner_smoking"": null, ""relationship_goal"": null, ""relationship_pace"": null, ""relationship_structure"": null, ""relocate"": null, ""schedule"": null, ""smoking"": null, ""space_for_relationship"": null, ""wants_children"": null, ""who_to_meet"": null}","{""acceptable_zones"": ""not_asked"", ""age_max"": ""not_asked"", ""age_min"": ""not_asked"", ""conversations"": ""not_asked"", ""emotional_availability"": ""not_asked"", ""has_children"": ""not_asked"", ""lifestyle"": ""not_asked"", ""partner_children"": ""observed"", ""partner_smoking"": ""not_asked"", ""relationship_goal"": ""not_asked"", ""relationship_pace"": ""not_asked"", ""relationship_structure"": ""not_asked"", ""relocate"": ""not_asked"", ""schedule"": ""not_asked"", ""smoking"": ""declined"", ""space_for_relationship"": ""not_asked"", ""wants_children"": ""not_asked"", ""who_to_meet"": ""not_asked""}","{""acceptable_zones"": null, ""age_max"": null, ""age_min"": null, ""conversations"": null, ""emotional_availability"": null, ""has_children"": null, ""lifestyle"": null, ""partner_children"": 0, ""partner_smoking"": null, ""relationship_goal"": null, ""relationship_pace"": null, ""relationship_structure"": null, ""relocate"": null, ""schedule"": null, ""smoking"": null, ""space_for_relationship"": null, ""wants_children"": null, ""who_to_meet"": null}"
syn_3ef0dda7811db22468862e227f668b56,public_06,40,man,zone_a,True,synthetic_questionnaire,True,4,"[""zone_a"", ""zone_d""]",49,34,,,True,,no_children,no_smoking,,,monogamous,,"[""weekday_evening""]",occasionally,,yes,"[""non_binary"", ""woman""]",observed,observed,observed,not_asked,not_asked,observed,not_asked,observed,observed,not_asked,not_asked,observed,not_asked,observed,observed,not_asked,observed,observed,4,4,4,,,4,,4,4,,,4,,4,4,,4,4,"{""acceptable_zones"": [""zone_a"", ""zone_d""], ""age_max"": 49, ""age_min"": 34, ""conversations"": null, ""emotional_availability"": null, ""has_children"": true, ""lifestyle"": null, ""partner_children"": ""no_children"", ""partner_smoking"": ""no_smoking"", ""relationship_goal"": null, ""relationship_pace"": null, ""relationship_structure"": ""monogamous"", ""relocate"": null, ""schedule"": [""weekday_evening""], ""smoking"": ""occasionally"", ""space_for_relationship"": null, ""wants_children"": ""yes"", ""who_to_meet"": [""non_binary"", ""woman""]}","{""acceptable_zones"": ""observed"", ""age_max"": ""observed"", ""age_min"": ""observed"", ""conversations"": ""not_asked"", ""emotional_availability"": ""not_asked"", ""has_children"": ""observed"", ""lifestyle"": ""not_asked"", ""partner_children"": ""observed"", ""partner_smoking"": ""observed"", ""relationship_goal"": ""not_asked"", ""relationship_pace"": ""not_asked"", ""relationship_structure"": ""observed"", ""relocate"": ""not_asked"", ""schedule"": ""observed"", ""smoking"": ""observed"", ""space_for_relationship"": ""not_asked"", ""wants_children"": ""observed"", ""who_to_meet"": ""observed""}","{""acceptable_zones"": 4, ""age_max"": 4, ""age_min"": 4, ""conversations"": null, ""emotional_availability"": null, ""has_children"": 4, ""lifestyle"": null, ""partner_children"": 4, ""partner_smoking"": 4, ""relationship_goal"": null, ""relationship_pace"": null, ""relationship_structure"": 4, ""relocate"": null, ""schedule"": 4, ""smoking"": 4, ""space_for_relationship"": null, ""wants_children"": 4, ""who_to_meet"": 4}"
syn_453d610f96a640b0ea24e1dbd83ea7bf,public_06,41,woman,zone_a,True,synthetic_questionnaire,True,1,,,,,,,,,any,,,,,,,,,,not_asked,declined,not_asked,not_asked,not_asked,not_asked,not_asked,not_asked,observed,not_asked,not_asked,not_asked,not_asked,not_asked,not_asked,not_asked,not_asked,declined,,,,,,,,,1,,,,,,,,,,"{""acceptable_zones"": null, ""age_max"": null, ""age_min"": null, ""conversations"": null, ""emotional_availability"": null, ""has_children"": null, ""lifestyle"": null, ""partner_children"": null, ""partner_smoking"": ""any"", ""relationship_goal"": null, ""relationship_pace"": null, ""relationship_structure"": null, ""relocate"": null, ""schedule"": null, ""smoking"": null, ""space_for_relationship"": null, ""wants_children"": null, ""who_to_meet"": null}","{""acceptable_zones"": ""not_asked"", ""age_max"": ""declined"", ""age_min"": ""not_asked"", ""conversations"": ""not_asked"", ""emotional_availability"": ""not_asked"", ""has_children"": ""not_asked"", ""lifestyle"": ""not_asked"", ""partner_children"": ""not_asked"", ""partner_smoking"": ""observed"", ""relationship_goal"": ""not_asked"", ""relationship_pace"": ""not_asked"", ""relationship_structure"": ""not_asked"", ""relocate"": ""not_asked"", ""schedule"": ""not_asked"", ""smoking"": ""not_asked"", ""space_for_relationship"": ""not_asked"", ""wants_children"": ""not_asked"", ""who_to_meet"": ""declined""}","{""acceptable_zones"": null, ""age_max"": null, ""age_min"": null, ""conversations"": null, ""emotional_availability"": null, ""has_children"": null, ""lifestyle"": null, ""partner_children"": null, ""partner_smoking"": 1, ""relationship_goal"": null, ""relationship_pace"": null, ""relationship_structure"": null, ""relocate"": null, ""schedule"": null, ""smoking"": null, ""space_for_relationship"": null, ""wants_children"": null, ""who_to_meet"": null}"
syn_74acb33f36c10eb5f5d9e151e91ab096,public_06,30,woman,zone_c,True,synthetic_questionnaire,True,0,"[""zone_c""]",39,27,,,False,,any,any,long_term,,monogamous,,"[""weekend_day""]",no,,yes,"[""man"", ""non_binary""]",observed,observed,observed,not_asked,declined,observed,declined,observed,observed,observed,not_asked,observed,not_asked,observed,observed,not_asked,observed,observed,0,0,0,,,0,,0,0,0,,0,,0,0,,0,0,"{""acceptable_zones"": [""zone_c""], ""age_max"": 39, ""age_min"": 27, ""conversations"": null, ""emotional_availability"": null, ""has_children"": false, ""lifestyle"": null, ""partner_children"": ""any"", ""partner_smoking"": ""any"", ""relationship_goal"": ""long_term"", ""relationship_pace"": null, ""relationship_structure"": ""monogamous"", ""relocate"": null, ""schedule"": [""weekend_day""], ""smoking"": ""no"", ""space_for_relationship"": null, ""wants_children"": ""yes"", ""who_to_meet"": [""man"", ""non_binary""]}","{""acceptable_zones"": ""observed"", ""age_max"": ""observed"", ""age_min"": ""observed"", ""conversations"": ""not_asked"", ""emotional_availability"": ""declined"", ""has_children"": ""observed"", ""lifestyle"": ""declined"", ""partner_children"": ""observed"", ""partner_smoking"": ""observed"", ""relationship_goal"": ""observed"", ""relationship_pace"": ""not_asked"", ""relationship_structure"": ""observed"", ""relocate"": ""not_asked"", ""schedule"": ""observed"", ""smoking"": ""observed"", ""space_for_relationship"": ""not_asked"", ""wants_children"": ""observed"", ""who_to_meet"": ""observed""}","{""acceptable_zones"": 0, ""age_max"": 0, ""age_min"": 0, ""conversations"": null, ""emotional_availability"": null, ""has_children"": 0, ""lifestyle"": null, ""partner_children"": 0, ""partner_smoking"": 0, ""relationship_goal"": 0, ""relationship_pace"": null, ""relationship_structure"": 0, ""relocate"": null, ""schedule"": 0, ""smoking"": 0, ""space_for_relationship"": null, ""wants_children"": 0, ""who_to_meet"": 0}"
syn_87ccec576e24982e7388c6468f3708aa,public_06,31,man,zone_b,False,synthetic_questionnaire,True,8,"[""zone_b""]",34,24,,,False,,any,no_smoking,,,monogamous,,"[""weekday_evening"", ""weekend_evening"", ""weekend_day""]",no,,yes,"[""non_binary""]",observed,observed,observed,not_asked,not_asked,observed,not_asked,observed,observed,not_asked,not_asked,observed,not_asked,observed,observed,not_asked,observed,observed,8,8,8,,,8,,8,8,,,8,,8,8,,8,8,"{""acceptable_zones"": [""zone_b""], ""age_max"": 34, ""age_min"": 24, ""conversations"": null, ""emotional_availability"": null, ""has_children"": false, ""lifestyle"": null, ""partner_children"": ""any"", ""partner_smoking"": ""no_smoking"", ""relationship_goal"": null, ""relationship_pace"": null, ""relationship_structure"": ""monogamous"", ""relocate"": null, ""schedule"": [""weekday_evening"", ""weekend_evening"", ""weekend_day""], ""smoking"": ""no"", ""space_for_relationship"": null, ""wants_children"": ""yes"", ""who_to_meet"": [""non_binary""]}","{""acceptable_zones"": ""observed"", ""age_max"": ""observed"", ""age_min"": ""observed"", ""conversations"": ""not_asked"", ""emotional_availability"": ""not_asked"", ""has_children"": ""observed"", ""lifestyle"": ""not_asked"", ""partner_children"": ""observed"", ""partner_smoking"": ""observed"", ""relationship_goal"": ""not_asked"", ""relationship_pace"": ""not_asked"", ""relationship_structure"": ""observed"", ""relocate"": ""not_asked"", ""schedule"": ""observed"", ""smoking"": ""observed"", ""space_for_relationship"": ""not_asked"", ""wants_children"": ""observed"", ""who_to_meet"": ""observed""}","{""acceptable_zones"": 8, ""age_max"": 8, ""age_min"": 8, ""conversations"": null, ""emotional_availability"": null, ""has_children"": 8, ""lifestyle"": null, ""partner_children"": 8, ""partner_smoking"": 8, ""relationship_goal"": null, ""relationship_pace"": null, ""relationship_structure"": 8, ""relocate"": null, ""schedule"": 8, ""smoking"": 8, ""space_for_relationship"": null, ""wants_children"": 8, ""who_to_meet"": 8}"
syn_d4571dc0a23e2466dc16c47c35d3042d,public_06,24,man,zone_a,False,synthetic_questionnaire,True,0,"[""zone_a""]",27,18,stories,taking_time,False,quiet,any,any,long_term,steady,monogamous,no,"[""weekend_evening"", ""weekday_evening""]",no,limited,yes,"[""woman"", ""non_binary""]",observed,observed,observed,observed,observed,observed,observed,observed,observed,observed,observed,observed,observed,observed,observed,observed,observed,observed,0,0,0,0,0,0,0,0,0,0,0,0,0,0,0,0,0,0,"{""acceptable_zones"": [""zone_a""], ""age_max"": 27, ""age_min"": 18, ""conversations"": ""stories"", ""emotional_availability"": ""taking_time"", ""has_children"": false, ""lifestyle"": ""quiet"", ""partner_children"": ""any"", ""partner_smoking"": ""any"", ""relationship_goal"": ""long_term"", ""relationship_pace"": ""steady"", ""relationship_structure"": ""monogamous"", ""relocate"": ""no"", ""schedule"": [""weekend_evening"", ""weekday_evening""], ""smoking"": ""no"", ""space_for_relationship"": ""limited"", ""wants_children"": ""yes"", ""who_to_meet"": [""woman"", ""non_binary""]}","{""acceptable_zones"": ""observed"", ""age_max"": ""observed"", ""age_min"": ""observed"", ""conversations"": ""observed"", ""emotional_availability"": ""observed"", ""has_children"": ""observed"", ""lifestyle"": ""observed"", ""partner_children"": ""observed"", ""partner_smoking"": ""observed"", ""relationship_goal"": ""observed"", ""relationship_pace"": ""observed"", ""relationship_structure"": ""observed"", ""relocate"": ""observed"", ""schedule"": ""observed"", ""smoking"": ""observed"", ""space_for_relationship"": ""observed"", ""wants_children"": ""observed"", ""who_to_meet"": ""observed""}","{""acceptable_zones"": 0, ""age_max"": 0, ""age_min"": 0, ""conversations"": 0, ""emotional_availability"": 0, ""has_children"": 0, ""lifestyle"": 0, ""partner_children"": 0, ""partner_smoking"": 0, ""relationship_goal"": 0, ""relationship_pace"": 0, ""relationship_structure"": 0, ""relocate"": 0, ""schedule"": 0, ""smoking"": 0, ""space_for_relationship"": 0, ""wants_children"": 0, ""who_to_meet"": 0}"
syn_bb53360e8a92b39d81a2f640f469f37a,public_06,27,woman,zone_b,False,synthetic_questionnaire,True,0,"[""zone_b""]",32,22,,,False,,any,any,,,monogamous,,"[""weekend_day"", ""weekday_evening"", ""weekend_evening""]",no,,yes,"[""man"", ""non_binary"", ""woman""]",observed,observed,observed,not_asked,not_asked,observed,not_asked,observed,observed,not_asked,not_asked,observed,not_asked,observed,observed,not_asked,observed,observed,0,0,0,,,0,,0,0,,,0,,0,0,,0,0,"{""acceptable_zones"": [""zone_b""], ""age_max"": 32, ""age_min"": 22, ""conversations"": null, ""emotional_availability"": null, ""has_children"": false, ""lifestyle"": null, ""partner_children"": ""any"", ""partner_smoking"": ""any"", ""relationship_goal"": null, ""relationship_pace"": null, ""relationship_structure"": ""monogamous"", ""relocate"": null, ""schedule"": [""weekend_day"", ""weekday_evening"", ""weekend_evening""], ""smoking"": ""no"", ""space_for_relationship"": null, ""wants_children"": ""yes"", ""who_to_meet"": [""man"", ""non_binary"", ""woman""]}","{""acceptable_zones"": ""observed"", ""age_max"": ""observed"", ""age_min"": ""observed"", ""conversations"": ""not_asked"", ""emotional_availability"": ""not_asked"", ""has_children"": ""observed"", ""lifestyle"": ""not_asked"", ""partner_children"": ""observed"", ""partner_smoking"": ""observed"", ""relationship_goal"": ""not_asked"", ""relationship_pace"": ""not_asked"", ""relationship_structure"": ""observed"", ""relocate"": ""not_asked"", ""schedule"": ""observed"", ""smoking"": ""observed"", ""space_for_relationship"": ""not_asked"", ""wants_children"": ""observed"", ""who_to_meet"": ""observed""}","{""acceptable_zones"": 0, ""age_max"": 0, ""age_min"": 0, ""conversations"": null, ""emotional_availability"": null, ""has_children"": 0, ""lifestyle"": null, ""partner_children"": 0, ""partner_smoking"": 0, ""relationship_goal"": null, ""relationship_pace"": null, ""relationship_structure"": 0, ""relocate"": null, ""schedule"": 0, ""smoking"": 0, ""space_for_relationship"": null, ""wants_children"": 0, ""who_to_meet"": 0}"
syn_7a47e3edf42dfa7a5338b9282c1c3b88,public_06,30,man,zone_b,True,synthetic_questionnaire,True,0,,,26,,,,,no_children,,,quick,,,,,,,,not_asked,not_asked,observed,not_asked,not_asked,not_asked,not_asked,observed,not_asked,not_asked,observed,declined,not_asked,not_asked,not_asked,not_asked,not_asked,not_asked,,,0,,,,,0,,,0,,,,,,,,"{""acceptable_zones"": null, ""age_max"": null, ""age_min"": 26, ""conversations"": null, ""emotional_availability"": null, ""has_children"": null, ""lifestyle"": null, ""partner_children"": ""no_children"", ""partner_smoking"": null, ""relationship_goal"": null, ""relationship_pace"": ""quick"", ""relationship_structure"": null, ""relocate"": null, ""schedule"": null, ""smoking"": null, ""space_for_relationship"": null, ""wants_children"": null, ""who_to_meet"": null}","{""acceptable_zones"": ""not_asked"", ""age_max"": ""not_asked"", ""age_min"": ""observed"", ""conversations"": ""not_asked"", ""emotional_availability"": ""not_asked"", ""has_children"": ""not_asked"", ""lifestyle"": ""not_asked"", ""partner_children"": ""observed"", ""partner_smoking"": ""not_asked"", ""relationship_goal"": ""not_asked"", ""relationship_pace"": ""observed"", ""relationship_structure"": ""declined"", ""relocate"": ""not_asked"", ""schedule"": ""not_asked"", ""smoking"": ""not_asked"", ""space_for_relationship"": ""not_asked"", ""wants_children"": ""not_asked"", ""who_to_meet"": ""not_asked""}","{""acceptable_zones"": null, ""age_max"": null, ""age_min"": 0, ""conversations"": null, ""emotional_availability"": null, ""has_children"": null, ""lifestyle"": null, ""partner_children"": 0, ""partner_smoking"": null, ""relationship_goal"": null, ""relationship_pace"": 0, ""relationship_structure"": null, ""relocate"": null, ""schedule"": null, ""smoking"": null, ""space_for_relationship"": null, ""wants_children"": null, ""who_to_meet"": null}"
syn_9b4009eb457c80ee7f7241680f4a806e,public_06,29,woman,zone_a,True,synthetic_questionnaire,True,20,"[""zone_a""]",35,25,stories,taking_time,True,mixed,any,any,exploring,steady,monogamous,unsure,"[""weekend_evening""]",no,limited,unsure,"[""woman""]",observed,observed,observed,observed,observed,observed,observed,observed,observed,observed,observed,observed,observed,observed,observed,observed,observed,observed,20,20,20,20,20,20,20,20,20,20,20,20,20,20,20,20,20,20,"{""acceptable_zones"": [""zone_a""], ""age_max"": 35, ""age_min"": 25, ""conversations"": ""stories"", ""emotional_availability"": ""taking_time"", ""has_children"": true, ""lifestyle"": ""mixed"", ""partner_children"": ""any"", ""partner_smoking"": ""any"", ""relationship_goal"": ""exploring"", ""relationship_pace"": ""steady"", ""relationship_structure"": ""monogamous"", ""relocate"": ""unsure"", ""schedule"": [""weekend_evening""], ""smoking"": ""no"", ""space_for_relationship"": ""limited"", ""wants_children"": ""unsure"", ""who_to_meet"": [""woman""]}","{""acceptable_zones"": ""observed"", ""age_max"": ""observed"", ""age_min"": ""observed"", ""conversations"": ""observed"", ""emotional_availability"": ""observed"", ""has_children"": ""observed"", ""lifestyle"": ""observed"", ""partner_children"": ""observed"", ""partner_smoking"": ""observed"", ""relationship_goal"": ""observed"", ""relationship_pace"": ""observed"", ""relationship_structure"": ""observed"", ""relocate"": ""observed"", ""schedule"": ""observed"", ""smoking"": ""observed"", ""space_for_relationship"": ""observed"", ""wants_children"": ""observed"", ""who_to_meet"": ""observed""}","{""acceptable_zones"": 20, ""age_max"": 20, ""age_min"": 20, ""conversations"": 20, ""emotional_availability"": 20, ""has_children"": 20, ""lifestyle"": 20, ""partner_children"": 20, ""partner_smoking"": 20, ""relationship_goal"": 20, ""relationship_pace"": 20, ""relationship_structure"": 20, ""relocate"": 20, ""schedule"": 20, ""smoking"": 20, ""space_for_relationship"": 20, ""wants_children"": 20, ""who_to_meet"": 20}"
syn_ef3ec5a5d140ddb21b21b1ce436657ae,public_06,37,non_binary,zone_a,True,synthetic_questionnaire,True,0,"[""zone_a""]",44,33,,,False,,any,no_smoking,,slow,monogamous,no,"[""weekend_day"", ""weekday_evening"", ""weekend_evening""]",no,,unsure,"[""man""]",observed,observed,observed,not_asked,not_asked,observed,not_asked,observed,observed,not_asked,observed,observed,observed,observed,observed,not_asked,observed,observed,0,0,0,,,0,,0,0,,0,0,0,0,0,,0,0,"{""acceptable_zones"": [""zone_a""], ""age_max"": 44, ""age_min"": 33, ""conversations"": null, ""emotional_availability"": null, ""has_children"": false, ""lifestyle"": null, ""partner_children"": ""any"", ""partner_smoking"": ""no_smoking"", ""relationship_goal"": null, ""relationship_pace"": ""slow"", ""relationship_structure"": ""monogamous"", ""relocate"": ""no"", ""schedule"": [""weekend_day"", ""weekday_evening"", ""weekend_evening""], ""smoking"": ""no"", ""space_for_relationship"": null, ""wants_children"": ""unsure"", ""who_to_meet"": [""man""]}","{""acceptable_zones"": ""observed"", ""age_max"": ""observed"", ""age_min"": ""observed"", ""conversations"": ""not_asked"", ""emotional_availability"": ""not_asked"", ""has_children"": ""observed"", ""lifestyle"": ""not_asked"", ""partner_children"": ""observed"", ""partner_smoking"": ""observed"", ""relationship_goal"": ""not_asked"", ""relationship_pace"": ""observed"", ""relationship_structure"": ""observed"", ""relocate"": ""observed"", ""schedule"": ""observed"", ""smoking"": ""observed"", ""space_for_relationship"": ""not_asked"", ""wants_children"": ""observed"", ""who_to_meet"": ""observed""}","{""acceptable_zones"": 0, ""age_max"": 0, ""age_min"": 0, ""conversations"": null, ""emotional_availability"": null, ""has_children"": 0, ""lifestyle"": null, ""partner_children"": 0, ""partner_smoking"": 0, ""relationship_goal"": null, ""relationship_pace"": 0, ""relationship_structure"": 0, ""relocate"": 0, ""schedule"": 0, ""smoking"": 0, ""space_for_relationship"": null, ""wants_children"": 0, ""who_to_meet"": 0}"
syn_acd396aca38889f3b27389b141192961,public_06,23,woman,zone_b,True,synthetic_questionnaire,True,0,"[""zone_b""]",30,18,practical,ready,False,social,no_children,no_smoking,long_term,steady,monogamous,no,"[""weekend_evening"", ""weekday_evening"", ""weekend_day""]",no,limited,no,"[""man"", ""woman"", ""non_binary""]",observed,observed,observed,observed,observed,observed,observed,observed,observed,observed,observed,observed,observed,observed,observed,observed,observed,observed,0,0,0,0,0,0,0,0,0,0,0,0,0,0,0,0,0,0,"{""acceptable_zones"": [""zone_b""], ""age_max"": 30, ""age_min"": 18, ""conversations"": ""practical"", ""emotional_availability"": ""ready"", ""has_children"": false, ""lifestyle"": ""social"", ""partner_children"": ""no_children"", ""partner_smoking"": ""no_smoking"", ""relationship_goal"": ""long_term"", ""relationship_pace"": ""steady"", ""relationship_structure"": ""monogamous"", ""relocate"": ""no"", ""schedule"": [""weekend_evening"", ""weekday_evening"", ""weekend_day""], ""smoking"": ""no"", ""space_for_relationship"": ""limited"", ""wants_children"": ""no"", ""who_to_meet"": [""man"", ""woman"", ""non_binary""]}","{""acceptable_zones"": ""observed"", ""age_max"": ""observed"", ""age_min"": ""observed"", ""conversations"": ""observed"", ""emotional_availability"": ""observed"", ""has_children"": ""observed"", ""lifestyle"": ""observed"", ""partner_children"": ""observed"", ""partner_smoking"": ""observed"", ""relationship_goal"": ""observed"", ""relationship_pace"": ""observed"", ""relationship_structure"": ""observed"", ""relocate"": ""observed"", ""schedule"": ""observed"", ""smoking"": ""observed"", ""space_for_relationship"": ""observed"", ""wants_children"": ""observed"", ""who_to_meet"": ""observed""}","{""acceptable_zones"": 0, ""age_max"": 0, ""age_min"": 0, ""conversations"": 0, ""emotional_availability"": 0, ""has_children"": 0, ""lifestyle"": 0, ""partner_children"": 0, ""partner_smoking"": 0, ""relationship_goal"": 0, ""relationship_pace"": 0, ""relationship_structure"": 0, ""relocate"": 0, ""schedule"": 0, ""smoking"": 0, ""space_for_relationship"": 0, ""wants_children"": 0, ""who_to_meet"": 0}"
syn_1e73fcfc7f743aaff3b445761ccc1d6f,public_06,39,woman,zone_b,True,synthetic_questionnaire,True,0,"[""zone_b""]",49,34,ideas,taking_time,False,social,any,any,long_term,slow,monogamous,no,"[""weekday_evening"", ""weekend_day""]",no,ample,no,"[""man""]",observed,observed,observed,observed,observed,observed,observed,observed,observed,observed,observed,observed,observed,observed,observed,observed,observed,observed,0,0,0,0,0,0,0,0,0,0,0,0,0,0,0,0,0,0,"{""acceptable_zones"": [""zone_b""], ""age_max"": 49, ""age_min"": 34, ""conversations"": ""ideas"", ""emotional_availability"": ""taking_time"", ""has_children"": false, ""lifestyle"": ""social"", ""partner_children"": ""any"", ""partner_smoking"": ""any"", ""relationship_goal"": ""long_term"", ""relationship_pace"": ""slow"", ""relationship_structure"": ""monogamous"", ""relocate"": ""no"", ""schedule"": [""weekday_evening"", ""weekend_day""], ""smoking"": ""no"", ""space_for_relationship"": ""ample"", ""wants_children"": ""no"", ""who_to_meet"": [""man""]}","{""acceptable_zones"": ""observed"", ""age_max"": ""observed"", ""age_min"": ""observed"", ""conversations"": ""observed"", ""emotional_availability"": ""observed"", ""has_children"": ""observed"", ""lifestyle"": ""observed"", ""partner_children"": ""observed"", ""partner_smoking"": ""observed"", ""relationship_goal"": ""observed"", ""relationship_pace"": ""observed"", ""relationship_structure"": ""observed"", ""relocate"": ""observed"", ""schedule"": ""observed"", ""smoking"": ""observed"", ""space_for_relationship"": ""observed"", ""wants_children"": ""observed"", ""who_to_meet"": ""observed""}","{""acceptable_zones"": 0, ""age_max"": 0, ""age_min"": 0, ""conversations"": 0, ""emotional_availability"": 0, ""has_children"": 0, ""lifestyle"": 0, ""partner_children"": 0, ""partner_smoking"": 0, ""relationship_goal"": 0, ""relationship_pace"": 0, ""relationship_structure"": 0, ""relocate"": 0, ""schedule"": 0, ""smoking"": 0, ""space_for_relationship"": 0, ""wants_children"": 0, ""who_to_meet"": 0}"
syn_407d202743fec69da269d196495be4bb,public_06,22,woman,zone_a,False,synthetic_questionnaire,True,0,"[""zone_a""]",28,18,,,False,,no_children,any,,,monogamous,unsure,"[""weekend_evening"", ""weekend_day"", ""weekday_evening""]",occasionally,,no,"[""man""]",observed,observed,observed,not_asked,not_asked,observed,not_asked,observed,observed,not_asked,not_asked,observed,observed,observed,observed,not_asked,observed,observed,0,0,0,,,0,,0,0,,,0,0,0,0,,0,0,"{""acceptable_zones"": [""zone_a""], ""age_max"": 28, ""age_min"": 18, ""conversations"": null, ""emotional_availability"": null, ""has_children"": false, ""lifestyle"": null, ""partner_children"": ""no_children"", ""partner_smoking"": ""any"", ""relationship_goal"": null, ""relationship_pace"": null, ""relationship_structure"": ""monogamous"", ""relocate"": ""unsure"", ""schedule"": [""weekend_evening"", ""weekend_day"", ""weekday_evening""], ""smoking"": ""occasionally"", ""space_for_relationship"": null, ""wants_children"": ""no"", ""who_to_meet"": [""man""]}","{""acceptable_zones"": ""observed"", ""age_max"": ""observed"", ""age_min"": ""observed"", ""conversations"": ""not_asked"", ""emotional_availability"": ""not_asked"", ""has_children"": ""observed"", ""lifestyle"": ""not_asked"", ""partner_children"": ""observed"", ""partner_smoking"": ""observed"", ""relationship_goal"": ""not_asked"", ""relationship_pace"": ""not_asked"", ""relationship_structure"": ""observed"", ""relocate"": ""observed"", ""schedule"": ""observed"", ""smoking"": ""observed"", ""space_for_relationship"": ""not_asked"", ""wants_children"": ""observed"", ""who_to_meet"": ""observed""}","{""acceptable_zones"": 0, ""age_max"": 0, ""age_min"": 0, ""conversations"": null, ""emotional_availability"": null, ""has_children"": 0, ""lifestyle"": null, ""partner_children"": 0, ""partner_smoking"": 0, ""relationship_goal"": null, ""relationship_pace"": null, ""relationship_structure"": 0, ""relocate"": 0, ""schedule"": 0, ""smoking"": 0, ""space_for_relationship"": null, ""wants_children"": 0, ""who_to_meet"": 0}"
syn_53fc0d7f37d0e0de5efc88e0c3401a39,public_06,25,man,zone_a,True,synthetic_questionnaire,True,0,"[""zone_a""]",,,,,,,,,,,,,,,,,,observed,not_asked,not_asked,not_asked,not_asked,not_asked,not_asked,not_asked,not_asked,not_asked,not_asked,declined,not_asked,not_asked,not_asked,not_asked,declined,declined,0,,,,,,,,,,,,,,,,,,"{""acceptable_zones"": [""zone_a""], ""age_max"": null, ""age_min"": null, ""conversations"": null, ""emotional_availability"": null, ""has_children"": null, ""lifestyle"": null, ""partner_children"": null, ""partner_smoking"": null, ""relationship_goal"": null, ""relationship_pace"": null, ""relationship_structure"": null, ""relocate"": null, ""schedule"": null, ""smoking"": null, ""space_for_relationship"": null, ""wants_children"": null, ""who_to_meet"": null}","{""acceptable_zones"": ""observed"", ""age_max"": ""not_asked"", ""age_min"": ""not_asked"", ""conversations"": ""not_asked"", ""emotional_availability"": ""not_asked"", ""has_children"": ""not_asked"", ""lifestyle"": ""not_asked"", ""partner_children"": ""not_asked"", ""partner_smoking"": ""not_asked"", ""relationship_goal"": ""not_asked"", ""relationship_pace"": ""not_asked"", ""relationship_structure"": ""declined"", ""relocate"": ""not_asked"", ""schedule"": ""not_asked"", ""smoking"": ""not_asked"", ""space_for_relationship"": ""not_asked"", ""wants_children"": ""declined"", ""who_to_meet"": ""declined""}","{""acceptable_zones"": 0, ""age_max"": null, ""age_min"": null, ""conversations"": null, ""emotional_availability"": null, ""has_children"": null, ""lifestyle"": null, ""partner_children"": null, ""partner_smoking"": null, ""relationship_goal"": null, ""relationship_pace"": null, ""relationship_structure"": null, ""relocate"": null, ""schedule"": null, ""smoking"": null, ""space_for_relationship"": null, ""wants_children"": null, ""who_to_meet"": null}"
syn_05007bff099d051517287267cbb669ef,public_06,35,woman,zone_c,True,synthetic_questionnaire,True,0,"[""zone_c"", ""zone_b""]",40,31,,,False,,no_children,any,,,monogamous,,"[""weekday_evening""]",yes,,yes,"[""man""]",observed,observed,observed,not_asked,not_asked,observed,not_asked,observed,observed,not_asked,not_asked,observed,not_asked,observed,observed,not_asked,observed,observed,1,1,1,,,1,,1,1,,,1,,1,1,,1,1,"{""acceptable_zones"": [""zone_c"", ""zone_b""], ""age_max"": 40, ""age_min"": 31, ""conversations"": null, ""emotional_availability"": null, ""has_children"": false, ""lifestyle"": null, ""partner_children"": ""no_children"", ""partner_smoking"": ""any"", ""relationship_goal"": null, ""relationship_pace"": null, ""relationship_structure"": ""monogamous"", ""relocate"": null, ""schedule"": [""weekday_evening""], ""smoking"": ""yes"", ""space_for_relationship"": null, ""wants_children"": ""yes"", ""who_to_meet"": [""man""]}","{""acceptable_zones"": ""observed"", ""age_max"": ""observed"", ""age_min"": ""observed"", ""conversations"": ""not_asked"", ""emotional_availability"": ""not_asked"", ""has_children"": ""observed"", ""lifestyle"": ""not_asked"", ""partner_children"": ""observed"", ""partner_smoking"": ""observed"", ""relationship_goal"": ""not_asked"", ""relationship_pace"": ""not_asked"", ""relationship_structure"": ""observed"", ""relocate"": ""not_asked"", ""schedule"": ""observed"", ""smoking"": ""observed"", ""space_for_relationship"": ""not_asked"", ""wants_children"": ""observed"", ""who_to_meet"": ""observed""}","{""acceptable_zones"": 1, ""age_max"": 1, ""age_min"": 1, ""conversations"": null, ""emotional_availability"": null, ""has_children"": 1, ""lifestyle"": null, ""partner_children"": 1, ""partner_smoking"": 1, ""relationship_goal"": null, ""relationship_pace"": null, ""relationship_structure"": 1, ""relocate"": null, ""schedule"": 1, ""smoking"": 1, ""space_for_relationship"": null, ""wants_children"": 1, ""who_to_meet"": 1}"
syn_3035f983bd9ef98ca3e85ba944bf66ec,public_06,30,man,zone_b,True,synthetic_questionnaire,True,0,,,,,,,quiet,,,,,,,,,,,"[""woman""]",not_asked,not_asked,not_asked,not_asked,not_asked,not_asked,observed,not_asked,not_asked,not_asked,not_asked,not_asked,declined,not_asked,declined,not_asked,not_asked,observed,,,,,,,0,,,,,,,,,,,0,"{""acceptable_zones"": null, ""age_max"": null, ""age_min"": null, ""conversations"": null, ""emotional_availability"": null, ""has_children"": null, ""lifestyle"": ""quiet"", ""partner_children"": null, ""partner_smoking"": null, ""relationship_goal"": null, ""relationship_pace"": null, ""relationship_structure"": null, ""relocate"": null, ""schedule"": null, ""smoking"": null, ""space_for_relationship"": null, ""wants_children"": null, ""who_to_meet"": [""woman""]}","{""acceptable_zones"": ""not_asked"", ""age_max"": ""not_asked"", ""age_min"": ""not_asked"", ""conversations"": ""not_asked"", ""emotional_availability"": ""not_asked"", ""has_children"": ""not_asked"", ""lifestyle"": ""observed"", ""partner_children"": ""not_asked"", ""partner_smoking"": ""not_asked"", ""relationship_goal"": ""not_asked"", ""relationship_pace"": ""not_asked"", ""relationship_structure"": ""not_asked"", ""relocate"": ""declined"", ""schedule"": ""not_asked"", ""smoking"": ""declined"", ""space_for_relationship"": ""not_asked"", ""wants_children"": ""not_asked"", ""who_to_meet"": ""observed""}","{""acceptable_zones"": null, ""age_max"": null, ""age_min"": null, ""conversations"": null, ""emotional_availability"": null, ""has_children"": null, ""lifestyle"": 0, ""partner_children"": null, ""partner_smoking"": null, ""relationship_goal"": null, ""relationship_pace"": null, ""relationship_structure"": null, ""relocate"": null, ""schedule"": null, ""smoking"": null, ""space_for_relationship"": null, ""wants_children"": null, ""who_to_meet"": 0}"
syn_eb494ae8080945abc33ffd9c81903c9f,public_06,25,woman,zone_a,True,synthetic_questionnaire,True,0,,30,,,,,,,,,,,,,,,,,not_asked,observed,not_asked,not_asked,not_asked,not_asked,not_asked,not_asked,not_asked,declined,not_asked,not_asked,not_asked,declined,not_asked,not_asked,not_asked,declined,,0,,,,,,,,,,,,,,,,,"{""acceptable_zones"": null, ""age_max"": 30, ""age_min"": null, ""conversations"": null, ""emotional_availability"": null, ""has_children"": null, ""lifestyle"": null, ""partner_children"": null, ""partner_smoking"": null, ""relationship_goal"": null, ""relationship_pace"": null, ""relationship_structure"": null, ""relocate"": null, ""schedule"": null, ""smoking"": null, ""space_for_relationship"": null, ""wants_children"": null, ""who_to_meet"": null}","{""acceptable_zones"": ""not_asked"", ""age_max"": ""observed"", ""age_min"": ""not_asked"", ""conversations"": ""not_asked"", ""emotional_availability"": ""not_asked"", ""has_children"": ""not_asked"", ""lifestyle"": ""not_asked"", ""partner_children"": ""not_asked"", ""partner_smoking"": ""not_asked"", ""relationship_goal"": ""declined"", ""relationship_pace"": ""not_asked"", ""relationship_structure"": ""not_asked"", ""relocate"": ""not_asked"", ""schedule"": ""declined"", ""smoking"": ""not_asked"", ""space_for_relationship"": ""not_asked"", ""wants_children"": ""not_asked"", ""who_to_meet"": ""declined""}","{""acceptable_zones"": null, ""age_max"": 0, ""age_min"": null, ""conversations"": null, ""emotional_availability"": null, ""has_children"": null, ""lifestyle"": null, ""partner_children"": null, ""partner_smoking"": null, ""relationship_goal"": null, ""relationship_pace"": null, ""relationship_structure"": null, ""relocate"": null, ""schedule"": null, ""smoking"": null, ""space_for_relationship"": null, ""wants_children"": null, ""who_to_meet"": null}"
syn_c62948193d3958c265b2db38a904d7e1,public_06,44,woman,zone_c,True,synthetic_questionnaire,True,16,,,,,ready,,,,,,slow,,,,,,,,not_asked,not_asked,not_asked,not_asked,observed,declined,not_asked,not_asked,not_asked,not_asked,observed,not_asked,not_asked,not_asked,not_asked,not_asked,not_asked,not_asked,,,,,16,,,,,,16,,,,,,,,"{""acceptable_zones"": null, ""age_max"": null, ""age_min"": null, ""conversations"": null, ""emotional_availability"": ""ready"", ""has_children"": null, ""lifestyle"": null, ""partner_children"": null, ""partner_smoking"": null, ""relationship_goal"": null, ""relationship_pace"": ""slow"", ""relationship_structure"": null, ""relocate"": null, ""schedule"": null, ""smoking"": null, ""space_for_relationship"": null, ""wants_children"": null, ""who_to_meet"": null}","{""acceptable_zones"": ""not_asked"", ""age_max"": ""not_asked"", ""age_min"": ""not_asked"", ""conversations"": ""not_asked"", ""emotional_availability"": ""observed"", ""has_children"": ""declined"", ""lifestyle"": ""not_asked"", ""partner_children"": ""not_asked"", ""partner_smoking"": ""not_asked"", ""relationship_goal"": ""not_asked"", ""relationship_pace"": ""observed"", ""relationship_structure"": ""not_asked"", ""relocate"": ""not_asked"", ""schedule"": ""not_asked"", ""smoking"": ""not_asked"", ""space_for_relationship"": ""not_asked"", ""wants_children"": ""not_asked"", ""who_to_meet"": ""not_asked""}","{""acceptable_zones"": null, ""age_max"": null, ""age_min"": null, ""conversations"": null, ""emotional_availability"": 16, ""has_children"": null, ""lifestyle"": null, ""partner_children"": null, ""partner_smoking"": null, ""relationship_goal"": null, ""relationship_pace"": 16, ""relationship_structure"": null, ""relocate"": null, ""schedule"": null, ""smoking"": null, ""space_for_relationship"": null, ""wants_children"": null, ""who_to_meet"": null}"
syn_f656d23646abc8a69c3aee8a3ca2f2d6,public_06,39,man,zone_a,True,synthetic_questionnaire,True,0,"[""zone_a""]",45,30,stories,ready,False,mixed,any,no_smoking,long_term,quick,monogamous,unsure,"[""weekday_evening""]",no,moderate,unsure,"[""man""]",observed,observed,observed,observed,observed,observed,observed,observed,observed,observed,observed,observed,observed,observed,observed,observed,observed,observed,0,0,0,0,0,0,0,0,0,0,0,0,0,0,0,0,0,0,"{""acceptable_zones"": [""zone_a""], ""age_max"": 45, ""age_min"": 30, ""conversations"": ""stories"", ""emotional_availability"": ""ready"", ""has_children"": false, ""lifestyle"": ""mixed"", ""partner_children"": ""any"", ""partner_smoking"": ""no_smoking"", ""relationship_goal"": ""long_term"", ""relationship_pace"": ""quick"", ""relationship_structure"": ""monogamous"", ""relocate"": ""unsure"", ""schedule"": [""weekday_evening""], ""smoking"": ""no"", ""space_for_relationship"": ""moderate"", ""wants_children"": ""unsure"", ""who_to_meet"": [""man""]}","{""acceptable_zones"": ""observed"", ""age_max"": ""observed"", ""age_min"": ""observed"", ""conversations"": ""observed"", ""emotional_availability"": ""observed"", ""has_children"": ""observed"", ""lifestyle"": ""observed"", ""partner_children"": ""observed"", ""partner_smoking"": ""observed"", ""relationship_goal"": ""observed"", ""relationship_pace"": ""observed"", ""relationship_structure"": ""observed"", ""relocate"": ""observed"", ""schedule"": ""observed"", ""smoking"": ""observed"", ""space_for_relationship"": ""observed"", ""wants_children"": ""observed"", ""who_to_meet"": ""observed""}","{""acceptable_zones"": 0, ""age_max"": 0, ""age_min"": 0, ""conversations"": 0, ""emotional_availability"": 0, ""has_children"": 0, ""lifestyle"": 0, ""partner_children"": 0, ""partner_smoking"": 0, ""relationship_goal"": 0, ""relationship_pace"": 0, ""relationship_structure"": 0, ""relocate"": 0, ""schedule"": 0, ""smoking"": 0, ""space_for_relationship"": 0, ""wants_children"": 0, ""who_to_meet"": 0}"
syn_26fa2403826fd6788c85423050b4fe04,public_06,29,non_binary,zone_b,False,synthetic_questionnaire,True,17,"[""zone_b""]",38,23,,,True,,any,any,,,monogamous,,"[""weekend_day""]",no,,yes,"[""man""]",observed,observed,observed,not_asked,declined,observed,declined,observed,observed,not_asked,not_asked,observed,not_asked,observed,observed,not_asked,observed,observed,17,17,17,,,17,,17,17,,,17,,17,17,,17,17,"{""acceptable_zones"": [""zone_b""], ""age_max"": 38, ""age_min"": 23, ""conversations"": null, ""emotional_availability"": null, ""has_children"": true, ""lifestyle"": null, ""partner_children"": ""any"", ""partner_smoking"": ""any"", ""relationship_goal"": null, ""relationship_pace"": null, ""relationship_structure"": ""monogamous"", ""relocate"": null, ""schedule"": [""weekend_day""], ""smoking"": ""no"", ""space_for_relationship"": null, ""wants_children"": ""yes"", ""who_to_meet"": [""man""]}","{""acceptable_zones"": ""observed"", ""age_max"": ""observed"", ""age_min"": ""observed"", ""conversations"": ""not_asked"", ""emotional_availability"": ""declined"", ""has_children"": ""observed"", ""lifestyle"": ""declined"", ""partner_children"": ""observed"", ""partner_smoking"": ""observed"", ""relationship_goal"": ""not_asked"", ""relationship_pace"": ""not_asked"", ""relationship_structure"": ""observed"", ""relocate"": ""not_asked"", ""schedule"": ""observed"", ""smoking"": ""observed"", ""space_for_relationship"": ""not_asked"", ""wants_children"": ""observed"", ""who_to_meet"": ""observed""}","{""acceptable_zones"": 17, ""age_max"": 17, ""age_min"": 17, ""conversations"": null, ""emotional_availability"": null, ""has_children"": 17, ""lifestyle"": null, ""partner_children"": 17, ""partner_smoking"": 17, ""relationship_goal"": null, ""relationship_pace"": null, ""relationship_structure"": 17, ""relocate"": null, ""schedule"": 17, ""smoking"": 17, ""space_for_relationship"": null, ""wants_children"": 17, ""who_to_meet"": 17}"
syn_74515669f63501ed0fbf9892f70b2a42,public_06,34,man,zone_b,True,synthetic_questionnaire,True,0,"[""zone_b""]",39,30,ideas,ready,False,mixed,any,any,exploring,quick,monogamous,unsure,"[""weekend_day"", ""weekday_evening"", ""weekend_evening""]",no,ample,unsure,"[""non_binary""]",observed,observed,observed,observed,observed,observed,observed,observed,observed,observed,observed,observed,observed,observed,observed,observed,observed,observed,0,0,0,0,0,0,0,0,0,0,0,0,0,0,0,0,0,0,"{""acceptable_zones"": [""zone_b""], ""age_max"": 39, ""age_min"": 30, ""conversations"": ""ideas"", ""emotional_availability"": ""ready"", ""has_children"": false, ""lifestyle"": ""mixed"", ""partner_children"": ""any"", ""partner_smoking"": ""any"", ""relationship_goal"": ""exploring"", ""relationship_pace"": ""quick"", ""relationship_structure"": ""monogamous"", ""relocate"": ""unsure"", ""schedule"": [""weekend_day"", ""weekday_evening"", ""weekend_evening""], ""smoking"": ""no"", ""space_for_relationship"": ""ample"", ""wants_children"": ""unsure"", ""who_to_meet"": [""non_binary""]}","{""acceptable_zones"": ""observed"", ""age_max"": ""observed"", ""age_min"": ""observed"", ""conversations"": ""observed"", ""emotional_availability"": ""observed"", ""has_children"": ""observed"", ""lifestyle"": ""observed"", ""partner_children"": ""observed"", ""partner_smoking"": ""observed"", ""relationship_goal"": ""observed"", ""relationship_pace"": ""observed"", ""relationship_structure"": ""observed"", ""relocate"": ""observed"", ""schedule"": ""observed"", ""smoking"": ""observed"", ""space_for_relationship"": ""observed"", ""wants_children"": ""observed"", ""who_to_meet"": ""observed""}","{""acceptable_zones"": 0, ""age_max"": 0, ""age_min"": 0, ""conversations"": 0, ""emotional_availability"": 0, ""has_children"": 0, ""lifestyle"": 0, ""partner_children"": 0, ""partner_smoking"": 0, ""relationship_goal"": 0, ""relationship_pace"": 0, ""relationship_structure"": 0, ""relocate"": 0, ""schedule"": 0, ""smoking"": 0, ""space_for_relationship"": 0, ""wants_children"": 0, ""who_to_meet"": 0}"
syn_4ac51746b34616c878acec0484320001,public_06,39,woman,zone_c,True,synthetic_questionnaire,True,0,"[""zone_c""]",42,30,practical,ready,False,mixed,no_children,any,exploring,slow,monogamous,no,"[""weekend_evening"", ""weekday_evening""]",occasionally,moderate,no,"[""woman""]",observed,observed,observed,observed,observed,observed,observed,observed,observed,observed,observed,observed,observed,observed,observed,observed,observed,observed,0,0,0,0,0,0,0,0,0,0,0,0,0,0,0,0,0,0,"{""acceptable_zones"": [""zone_c""], ""age_max"": 42, ""age_min"": 30, ""conversations"": ""practical"", ""emotional_availability"": ""ready"", ""has_children"": false, ""lifestyle"": ""mixed"", ""partner_children"": ""no_children"", ""partner_smoking"": ""any"", ""relationship_goal"": ""exploring"", ""relationship_pace"": ""slow"", ""relationship_structure"": ""monogamous"", ""relocate"": ""no"", ""schedule"": [""weekend_evening"", ""weekday_evening""], ""smoking"": ""occasionally"", ""space_for_relationship"": ""moderate"", ""wants_children"": ""no"", ""who_to_meet"": [""woman""]}","{""acceptable_zones"": ""observed"", ""age_max"": ""observed"", ""age_min"": ""observed"", ""conversations"": ""observed"", ""emotional_availability"": ""observed"", ""has_children"": ""observed"", ""lifestyle"": ""observed"", ""partner_children"": ""observed"", ""partner_smoking"": ""observed"", ""relationship_goal"": ""observed"", ""relationship_pace"": ""observed"", ""relationship_structure"": ""observed"", ""relocate"": ""observed"", ""schedule"": ""observed"", ""smoking"": ""observed"", ""space_for_relationship"": ""observed"", ""wants_children"": ""observed"", ""who_to_meet"": ""observed""}","{""acceptable_zones"": 0, ""age_max"": 0, ""age_min"": 0, ""conversations"": 0, ""emotional_availability"": 0, ""has_children"": 0, ""lifestyle"": 0, ""partner_children"": 0, ""partner_smoking"": 0, ""relationship_goal"": 0, ""relationship_pace"": 0, ""relationship_structure"": 0, ""relocate"": 0, ""schedule"": 0, ""smoking"": 0, ""space_for_relationship"": 0, ""wants_children"": 0, ""who_to_meet"": 0}"
syn_5d05c2cc6830bb749d79f5964d317350,public_06,43,woman,zone_b,True,synthetic_questionnaire,True,0,,,,,,,,,,,,,,,,,,,not_asked,not_asked,not_asked,not_asked,not_asked,declined,not_asked,not_asked,not_asked,not_asked,not_asked,not_asked,not_asked,not_asked,declined,not_asked,not_asked,not_asked,,,,,,,,,,,,,,,,,,,"{""acceptable_zones"": null, ""age_max"": null, ""age_min"": null, ""conversations"": null, ""emotional_availability"": null, ""has_children"": null, ""lifestyle"": null, ""partner_children"": null, ""partner_smoking"": null, ""relationship_goal"": null, ""relationship_pace"": null, ""relationship_structure"": null, ""relocate"": null, ""schedule"": null, ""smoking"": null, ""space_for_relationship"": null, ""wants_children"": null, ""who_to_meet"": null}","{""acceptable_zones"": ""not_asked"", ""age_max"": ""not_asked"", ""age_min"": ""not_asked"", ""conversations"": ""not_asked"", ""emotional_availability"": ""not_asked"", ""has_children"": ""declined"", ""lifestyle"": ""not_asked"", ""partner_children"": ""not_asked"", ""partner_smoking"": ""not_asked"", ""relationship_goal"": ""not_asked"", ""relationship_pace"": ""not_asked"", ""relationship_structure"": ""not_asked"", ""relocate"": ""not_asked"", ""schedule"": ""not_asked"", ""smoking"": ""declined"", ""space_for_relationship"": ""not_asked"", ""wants_children"": ""not_asked"", ""who_to_meet"": ""not_asked""}","{""acceptable_zones"": null, ""age_max"": null, ""age_min"": null, ""conversations"": null, ""emotional_availability"": null, ""has_children"": null, ""lifestyle"": null, ""partner_children"": null, ""partner_smoking"": null, ""relationship_goal"": null, ""relationship_pace"": null, ""relationship_structure"": null, ""relocate"": null, ""schedule"": null, ""smoking"": null, ""space_for_relationship"": null, ""wants_children"": null, ""who_to_meet"": null}"
syn_943f86eb8d2e592de03291217305adda,public_06,41,non_binary,zone_a,True,synthetic_questionnaire,True,0,,,,,,False,,,,,,,,,,,,,not_asked,not_asked,not_asked,not_asked,not_asked,observed,not_asked,not_asked,not_asked,not_asked,not_asked,not_asked,not_asked,not_asked,not_asked,not_asked,not_asked,declined,,,,,,0,,,,,,,,,,,,,"{""acceptable_zones"": null, ""age_max"": null, ""age_min"": null, ""conversations"": null, ""emotional_availability"": null, ""has_children"": false, ""lifestyle"": null, ""partner_children"": null, ""partner_smoking"": null, ""relationship_goal"": null, ""relationship_pace"": null, ""relationship_structure"": null, ""relocate"": null, ""schedule"": null, ""smoking"": null, ""space_for_relationship"": null, ""wants_children"": null, ""who_to_meet"": null}","{""acceptable_zones"": ""not_asked"", ""age_max"": ""not_asked"", ""age_min"": ""not_asked"", ""conversations"": ""not_asked"", ""emotional_availability"": ""not_asked"", ""has_children"": ""observed"", ""lifestyle"": ""not_asked"", ""partner_children"": ""not_asked"", ""partner_smoking"": ""not_asked"", ""relationship_goal"": ""not_asked"", ""relationship_pace"": ""not_asked"", ""relationship_structure"": ""not_asked"", ""relocate"": ""not_asked"", ""schedule"": ""not_asked"", ""smoking"": ""not_asked"", ""space_for_relationship"": ""not_asked"", ""wants_children"": ""not_asked"", ""who_to_meet"": ""declined""}","{""acceptable_zones"": null, ""age_max"": null, ""age_min"": null, ""conversations"": null, ""emotional_availability"": null, ""has_children"": 0, ""lifestyle"": null, ""partner_children"": null, ""partner_smoking"": null, ""relationship_goal"": null, ""relationship_pace"": null, ""relationship_structure"": null, ""relocate"": null, ""schedule"": null, ""smoking"": null, ""space_for_relationship"": null, ""wants_children"": null, ""who_to_meet"": null}"
syn_6f735c3f406d69f65bb4286499aafd97,public_06,46,woman,zone_c,True,synthetic_questionnaire,True,0,"[""zone_c""]",49,37,,,False,,any,no_smoking,long_term,,monogamous,,"[""weekend_day"", ""weekend_evening"", ""weekday_evening""]",no,,yes,"[""woman""]",observed,observed,observed,not_asked,not_asked,observed,declined,observed,observed,observed,not_asked,observed,not_asked,observed,observed,not_asked,observed,observed,1,1,1,,,1,,1,1,0,,1,,1,1,,1,1,"{""acceptable_zones"": [""zone_c""], ""age_max"": 49, ""age_min"": 37, ""conversations"": null, ""emotional_availability"": null, ""has_children"": false, ""lifestyle"": null, ""partner_children"": ""any"", ""partner_smoking"": ""no_smoking"", ""relationship_goal"": ""long_term"", ""relationship_pace"": null, ""relationship_structure"": ""monogamous"", ""relocate"": null, ""schedule"": [""weekend_day"", ""weekend_evening"", ""weekday_evening""], ""smoking"": ""no"", ""space_for_relationship"": null, ""wants_children"": ""yes"", ""who_to_meet"": [""woman""]}","{""acceptable_zones"": ""observed"", ""age_max"": ""observed"", ""age_min"": ""observed"", ""conversations"": ""not_asked"", ""emotional_availability"": ""not_asked"", ""has_children"": ""observed"", ""lifestyle"": ""declined"", ""partner_children"": ""observed"", ""partner_smoking"": ""observed"", ""relationship_goal"": ""observed"", ""relationship_pace"": ""not_asked"", ""relationship_structure"": ""observed"", ""relocate"": ""not_asked"", ""schedule"": ""observed"", ""smoking"": ""observed"", ""space_for_relationship"": ""not_asked"", ""wants_children"": ""observed"", ""who_to_meet"": ""observed""}","{""acceptable_zones"": 1, ""age_max"": 1, ""age_min"": 1, ""conversations"": null, ""emotional_availability"": null, ""has_children"": 1, ""lifestyle"": null, ""partner_children"": 1, ""partner_smoking"": 1, ""relationship_goal"": 0, ""relationship_pace"": null, ""relationship_structure"": 1, ""relocate"": null, ""schedule"": 1, ""smoking"": 1, ""space_for_relationship"": null, ""wants_children"": 1, ""who_to_meet"": 1}"
syn_96cf8dc7a102efb3150a9e083bf747bd,public_06,39,man,zone_a,True,synthetic_questionnaire,True,0,"[""zone_a""]",42,35,,,False,,no_children,no_smoking,,,monogamous,unsure,"[""weekday_evening"", ""weekend_day"", ""weekend_evening""]",occasionally,,yes,"[""non_binary"", ""man""]",observed,observed,observed,not_asked,not_asked,observed,not_asked,observed,observed,not_asked,not_asked,observed,observed,observed,observed,not_asked,observed,observed,1,1,1,,,1,,1,1,,,1,0,1,1,,1,1,"{""acceptable_zones"": [""zone_a""], ""age_max"": 42, ""age_min"": 35, ""conversations"": null, ""emotional_availability"": null, ""has_children"": false, ""lifestyle"": null, ""partner_children"": ""no_children"", ""partner_smoking"": ""no_smoking"", ""relationship_goal"": null, ""relationship_pace"": null, ""relationship_structure"": ""monogamous"", ""relocate"": ""unsure"", ""schedule"": [""weekday_evening"", ""weekend_day"", ""weekend_evening""], ""smoking"": ""occasionally"", ""space_for_relationship"": null, ""wants_children"": ""yes"", ""who_to_meet"": [""non_binary"", ""man""]}","{""acceptable_zones"": ""observed"", ""age_max"": ""observed"", ""age_min"": ""observed"", ""conversations"": ""not_asked"", ""emotional_availability"": ""not_asked"", ""has_children"": ""observed"", ""lifestyle"": ""not_asked"", ""partner_children"": ""observed"", ""partner_smoking"": ""observed"", ""relationship_goal"": ""not_asked"", ""relationship_pace"": ""not_asked"", ""relationship_structure"": ""observed"", ""relocate"": ""observed"", ""schedule"": ""observed"", ""smoking"": ""observed"", ""space_for_relationship"": ""not_asked"", ""wants_children"": ""observed"", ""who_to_meet"": ""observed""}","{""acceptable_zones"": 1, ""age_max"": 1, ""age_min"": 1, ""conversations"": null, ""emotional_availability"": null, ""has_children"": 1, ""lifestyle"": null, ""partner_children"": 1, ""partner_smoking"": 1, ""relationship_goal"": null, ""relationship_pace"": null, ""relationship_structure"": 1, ""relocate"": 0, ""schedule"": 1, ""smoking"": 1, ""space_for_relationship"": null, ""wants_children"": 1, ""who_to_meet"": 1}"
syn_ba48ab41f9485f0d9c61254e8c08b8c9,public_06,40,man,zone_a,False,synthetic_questionnaire,True,17,"[""zone_a""]",47,31,,,False,,no_children,any,,,monogamous,,"[""weekend_day"", ""weekend_evening"", ""weekday_evening""]",occasionally,,no,"[""man""]",observed,observed,observed,not_asked,not_asked,observed,not_asked,observed,observed,not_asked,not_asked,observed,declined,observed,observed,not_asked,observed,observed,17,17,17,,,17,,17,17,,,17,,17,17,,17,17,"{""acceptable_zones"": [""zone_a""], ""age_max"": 47, ""age_min"": 31, ""conversations"": null, ""emotional_availability"": null, ""has_children"": false, ""lifestyle"": null, ""partner_children"": ""no_children"", ""partner_smoking"": ""any"", ""relationship_goal"": null, ""relationship_pace"": null, ""relationship_structure"": ""monogamous"", ""relocate"": null, ""schedule"": [""weekend_day"", ""weekend_evening"", ""weekday_evening""], ""smoking"": ""occasionally"", ""space_for_relationship"": null, ""wants_children"": ""no"", ""who_to_meet"": [""man""]}","{""acceptable_zones"": ""observed"", ""age_max"": ""observed"", ""age_min"": ""observed"", ""conversations"": ""not_asked"", ""emotional_availability"": ""not_asked"", ""has_children"": ""observed"", ""lifestyle"": ""not_asked"", ""partner_children"": ""observed"", ""partner_smoking"": ""observed"", ""relationship_goal"": ""not_asked"", ""relationship_pace"": ""not_asked"", ""relationship_structure"": ""observed"", ""relocate"": ""declined"", ""schedule"": ""observed"", ""smoking"": ""observed"", ""space_for_relationship"": ""not_asked"", ""wants_children"": ""observed"", ""who_to_meet"": ""observed""}","{""acceptable_zones"": 17, ""age_max"": 17, ""age_min"": 17, ""conversations"": null, ""emotional_availability"": null, ""has_children"": 17, ""lifestyle"": null, ""partner_children"": 17, ""partner_smoking"": 17, ""relationship_goal"": null, ""relationship_pace"": null, ""relationship_structure"": 17, ""relocate"": null, ""schedule"": 17, ""smoking"": 17, ""space_for_relationship"": null, ""wants_children"": 17, ""who_to_meet"": 17}"
syn_ffe70c1eeedd59bc525d8bb59d2523c2,public_06,33,woman,zone_a,True,synthetic_questionnaire,True,15,,,,,,,,,,,,,,,,,,,declined,not_asked,not_asked,not_asked,not_asked,not_asked,not_asked,not_asked,not_asked,not_asked,not_asked,not_asked,not_asked,not_asked,not_asked,not_asked,not_asked,not_asked,,,,,,,,,,,,,,,,,,,"{""acceptable_zones"": null, ""age_max"": null, ""age_min"": null, ""conversations"": null, ""emotional_availability"": null, ""has_children"": null, ""lifestyle"": null, ""partner_children"": null, ""partner_smoking"": null, ""relationship_goal"": null, ""relationship_pace"": null, ""relationship_structure"": null, ""relocate"": null, ""schedule"": null, ""smoking"": null, ""space_for_relationship"": null, ""wants_children"": null, ""who_to_meet"": null}","{""acceptable_zones"": ""declined"", ""age_max"": ""not_asked"", ""age_min"": ""not_asked"", ""conversations"": ""not_asked"", ""emotional_availability"": ""not_asked"", ""has_children"": ""not_asked"", ""lifestyle"": ""not_asked"", ""partner_children"": ""not_asked"", ""partner_smoking"": ""not_asked"", ""relationship_goal"": ""not_asked"", ""relationship_pace"": ""not_asked"", ""relationship_structure"": ""not_asked"", ""relocate"": ""not_asked"", ""schedule"": ""not_asked"", ""smoking"": ""not_asked"", ""space_for_relationship"": ""not_asked"", ""wants_children"": ""not_asked"", ""who_to_meet"": ""not_asked""}","{""acceptable_zones"": null, ""age_max"": null, ""age_min"": null, ""conversations"": null, ""emotional_availability"": null, ""has_children"": null, ""lifestyle"": null, ""partner_children"": null, ""partner_smoking"": null, ""relationship_goal"": null, ""relationship_pace"": null, ""relationship_structure"": null, ""relocate"": null, ""schedule"": null, ""smoking"": null, ""space_for_relationship"": null, ""wants_children"": null, ""who_to_meet"": null}"
syn_92862bd13ae097513d6f460cc7171e15,public_06,36,man,zone_b,True,synthetic_questionnaire,True,0,"[""zone_b""]",42,26,,,True,,any,any,,,monogamous,,"[""weekend_day"", ""weekend_evening"", ""weekday_evening""]",no,,yes,"[""woman""]",observed,observed,observed,not_asked,not_asked,observed,not_asked,observed,observed,not_asked,not_asked,observed,not_asked,observed,observed,not_asked,observed,observed,1,1,1,,,1,,1,1,,,1,,1,1,,1,1,"{""acceptable_zones"": [""zone_b""], ""age_max"": 42, ""age_min"": 26, ""conversations"": null, ""emotional_availability"": null, ""has_children"": true, ""lifestyle"": null, ""partner_children"": ""any"", ""partner_smoking"": ""any"", ""relationship_goal"": null, ""relationship_pace"": null, ""relationship_structure"": ""monogamous"", ""relocate"": null, ""schedule"": [""weekend_day"", ""weekend_evening"", ""weekday_evening""], ""smoking"": ""no"", ""space_for_relationship"": null, ""wants_children"": ""yes"", ""who_to_meet"": [""woman""]}","{""acceptable_zones"": ""observed"", ""age_max"": ""observed"", ""age_min"": ""observed"", ""conversations"": ""not_asked"", ""emotional_availability"": ""not_asked"", ""has_children"": ""observed"", ""lifestyle"": ""not_asked"", ""partner_children"": ""observed"", ""partner_smoking"": ""observed"", ""relationship_goal"": ""not_asked"", ""relationship_pace"": ""not_asked"", ""relationship_structure"": ""observed"", ""relocate"": ""not_asked"", ""schedule"": ""observed"", ""smoking"": ""observed"", ""space_for_relationship"": ""not_asked"", ""wants_children"": ""observed"", ""who_to_meet"": ""observed""}","{""acceptable_zones"": 1, ""age_max"": 1, ""age_min"": 1, ""conversations"": null, ""emotional_availability"": null, ""has_children"": 1, ""lifestyle"": null, ""partner_children"": 1, ""partner_smoking"": 1, ""relationship_goal"": null, ""relationship_pace"": null, ""relationship_structure"": 1, ""relocate"": null, ""schedule"": 1, ""smoking"": 1, ""space_for_relationship"": null, ""wants_children"": 1, ""who_to_meet"": 1}"
syn_8aeead5be2a94306196aa340241d0ff2,public_06,39,woman,zone_c,False,synthetic_questionnaire,True,20,"[""zone_c""]",46,29,practical,taking_time,False,mixed,any,no_smoking,long_term,quick,monogamous,no,"[""weekend_day"", ""weekend_evening"", ""weekday_evening""]",no,ample,unsure,"[""woman"", ""man"", ""non_binary""]",observed,observed,observed,observed,observed,observed,observed,observed,observed,observed,observed,observed,observed,observed,observed,observed,observed,observed,20,20,20,20,20,20,20,20,20,20,20,20,20,20,20,20,20,20,"{""acceptable_zones"": [""zone_c""], ""age_max"": 46, ""age_min"": 29, ""conversations"": ""practical"", ""emotional_availability"": ""taking_time"", ""has_children"": false, ""lifestyle"": ""mixed"", ""partner_children"": ""any"", ""partner_smoking"": ""no_smoking"", ""relationship_goal"": ""long_term"", ""relationship_pace"": ""quick"", ""relationship_structure"": ""monogamous"", ""relocate"": ""no"", ""schedule"": [""weekend_day"", ""weekend_evening"", ""weekday_evening""], ""smoking"": ""no"", ""space_for_relationship"": ""ample"", ""wants_children"": ""unsure"", ""who_to_meet"": [""woman"", ""man"", ""non_binary""]}","{""acceptable_zones"": ""observed"", ""age_max"": ""observed"", ""age_min"": ""observed"", ""conversations"": ""observed"", ""emotional_availability"": ""observed"", ""has_children"": ""observed"", ""lifestyle"": ""observed"", ""partner_children"": ""observed"", ""partner_smoking"": ""observed"", ""relationship_goal"": ""observed"", ""relationship_pace"": ""observed"", ""relationship_structure"": ""observed"", ""relocate"": ""observed"", ""schedule"": ""observed"", ""smoking"": ""observed"", ""space_for_relationship"": ""observed"", ""wants_children"": ""observed"", ""who_to_meet"": ""observed""}","{""acceptable_zones"": 20, ""age_max"": 20, ""age_min"": 20, ""conversations"": 20, ""emotional_availability"": 20, ""has_children"": 20, ""lifestyle"": 20, ""partner_children"": 20, ""partner_smoking"": 20, ""relationship_goal"": 20, ""relationship_pace"": 20, ""relationship_structure"": 20, ""relocate"": 20, ""schedule"": 20, ""smoking"": 20, ""space_for_relationship"": 20, ""wants_children"": 20, ""who_to_meet"": 20}"
syn_c7215520abaedceb3535dfdaf5327bc7,public_06,29,woman,zone_b,True,synthetic_questionnaire,True,0,"[""zone_b"", ""zone_d""]",34,25,practical,,False,,any,no_smoking,,,monogamous,,"[""weekday_evening""]",no,,no,"[""man"", ""woman"", ""non_binary""]",observed,observed,observed,observed,declined,observed,not_asked,observed,observed,not_asked,not_asked,observed,not_asked,observed,observed,not_asked,observed,observed,2,2,2,0,,2,,2,2,,,2,,2,2,,2,2,"{""acceptable_zones"": [""zone_b"", ""zone_d""], ""age_max"": 34, ""age_min"": 25, ""conversations"": ""practical"", ""emotional_availability"": null, ""has_children"": false, ""lifestyle"": null, ""partner_children"": ""any"", ""partner_smoking"": ""no_smoking"", ""relationship_goal"": null, ""relationship_pace"": null, ""relationship_structure"": ""monogamous"", ""relocate"": null, ""schedule"": [""weekday_evening""], ""smoking"": ""no"", ""space_for_relationship"": null, ""wants_children"": ""no"", ""who_to_meet"": [""man"", ""woman"", ""non_binary""]}","{""acceptable_zones"": ""observed"", ""age_max"": ""observed"", ""age_min"": ""observed"", ""conversations"": ""observed"", ""emotional_availability"": ""declined"", ""has_children"": ""observed"", ""lifestyle"": ""not_asked"", ""partner_children"": ""observed"", ""partner_smoking"": ""observed"", ""relationship_goal"": ""not_asked"", ""relationship_pace"": ""not_asked"", ""relationship_structure"": ""observed"", ""relocate"": ""not_asked"", ""schedule"": ""observed"", ""smoking"": ""observed"", ""space_for_relationship"": ""not_asked"", ""wants_children"": ""observed"", ""who_to_meet"": ""observed""}","{""acceptable_zones"": 2, ""age_max"": 2, ""age_min"": 2, ""conversations"": 0, ""emotional_availability"": null, ""has_children"": 2, ""lifestyle"": null, ""partner_children"": 2, ""partner_smoking"": 2, ""relationship_goal"": null, ""relationship_pace"": null, ""relationship_structure"": 2, ""relocate"": null, ""schedule"": 2, ""smoking"": 2, ""space_for_relationship"": null, ""wants_children"": 2, ""who_to_meet"": 2}"
syn_a403e6b8fa5b97a0d24d0fd9955f783f,public_06,24,woman,zone_a,True,synthetic_questionnaire,True,0,,,,,,,,,,exploring,,,,,,,,,not_asked,not_asked,not_asked,not_asked,not_asked,declined,not_asked,not_asked,not_asked,observed,not_asked,declined,not_asked,declined,not_asked,not_asked,not_asked,not_asked,,,,,,,,,,0,,,,,,,,,"{""acceptable_zones"": null, ""age_max"": null, ""age_min"": null, ""conversations"": null, ""emotional_availability"": null, ""has_children"": null, ""lifestyle"": null, ""partner_children"": null, ""partner_smoking"": null, ""relationship_goal"": ""exploring"", ""relationship_pace"": null, ""relationship_structure"": null, ""relocate"": null, ""schedule"": null, ""smoking"": null, ""space_for_relationship"": null, ""wants_children"": null, ""who_to_meet"": null}","{""acceptable_zones"": ""not_asked"", ""age_max"": ""not_asked"", ""age_min"": ""not_asked"", ""conversations"": ""not_asked"", ""emotional_availability"": ""not_asked"", ""has_children"": ""declined"", ""lifestyle"": ""not_asked"", ""partner_children"": ""not_asked"", ""partner_smoking"": ""not_asked"", ""relationship_goal"": ""observed"", ""relationship_pace"": ""not_asked"", ""relationship_structure"": ""declined"", ""relocate"": ""not_asked"", ""schedule"": ""declined"", ""smoking"": ""not_asked"", ""space_for_relationship"": ""not_asked"", ""wants_children"": ""not_asked"", ""who_to_meet"": ""not_asked""}","{""acceptable_zones"": null, ""age_max"": null, ""age_min"": null, ""conversations"": null, ""emotional_availability"": null, ""has_children"": null, ""lifestyle"": null, ""partner_children"": null, ""partner_smoking"": null, ""relationship_goal"": 0, ""relationship_pace"": null, ""relationship_structure"": null, ""relocate"": null, ""schedule"": null, ""smoking"": null, ""space_for_relationship"": null, ""wants_children"": null, ""who_to_meet"": null}"
syn_0f2d06f448ad910379796f3c5f5c1ab1,public_06,36,woman,zone_a,True,synthetic_questionnaire,True,0,"[""zone_a""]",40,30,playful,,True,,any,no_smoking,,,monogamous,,"[""weekend_day"", ""weekend_evening"", ""weekday_evening""]",no,,unsure,"[""man"", ""woman""]",observed,observed,observed,observed,not_asked,observed,not_asked,observed,observed,not_asked,not_asked,observed,not_asked,observed,observed,not_asked,observed,observed,2,2,2,0,,2,,2,2,,,2,,2,2,,2,2,"{""acceptable_zones"": [""zone_a""], ""age_max"": 40, ""age_min"": 30, ""conversations"": ""playful"", ""emotional_availability"": null, ""has_children"": true, ""lifestyle"": null, ""partner_children"": ""any"", ""partner_smoking"": ""no_smoking"", ""relationship_goal"": null, ""relationship_pace"": null, ""relationship_structure"": ""monogamous"", ""relocate"": null, ""schedule"": [""weekend_day"", ""weekend_evening"", ""weekday_evening""], ""smoking"": ""no"", ""space_for_relationship"": null, ""wants_children"": ""unsure"", ""who_to_meet"": [""man"", ""woman""]}","{""acceptable_zones"": ""observed"", ""age_max"": ""observed"", ""age_min"": ""observed"", ""conversations"": ""observed"", ""emotional_availability"": ""not_asked"", ""has_children"": ""observed"", ""lifestyle"": ""not_asked"", ""partner_children"": ""observed"", ""partner_smoking"": ""observed"", ""relationship_goal"": ""not_asked"", ""relationship_pace"": ""not_asked"", ""relationship_structure"": ""observed"", ""relocate"": ""not_asked"", ""schedule"": ""observed"", ""smoking"": ""observed"", ""space_for_relationship"": ""not_asked"", ""wants_children"": ""observed"", ""who_to_meet"": ""observed""}","{""acceptable_zones"": 2, ""age_max"": 2, ""age_min"": 2, ""conversations"": 0, ""emotional_availability"": null, ""has_children"": 2, ""lifestyle"": null, ""partner_children"": 2, ""partner_smoking"": 2, ""relationship_goal"": null, ""relationship_pace"": null, ""relationship_structure"": 2, ""relocate"": null, ""schedule"": 2, ""smoking"": 2, ""space_for_relationship"": null, ""wants_children"": 2, ""who_to_meet"": 2}"
syn_a03c8db70e7876682961e3c05b37b080,public_06,29,woman,zone_a,False,synthetic_questionnaire,True,19,"[""zone_a""]",36,26,,,False,,any,any,,,monogamous,,"[""weekday_evening"", ""weekend_evening""]",no,,unsure,"[""woman"", ""non_binary""]",observed,observed,observed,not_asked,declined,observed,not_asked,observed,observed,declined,not_asked,observed,not_asked,observed,observed,not_asked,observed,observed,19,19,19,,,19,,19,19,,,19,,19,19,,19,19,"{""acceptable_zones"": [""zone_a""], ""age_max"": 36, ""age_min"": 26, ""conversations"": null, ""emotional_availability"": null, ""has_children"": false, ""lifestyle"": null, ""partner_children"": ""any"", ""partner_smoking"": ""any"", ""relationship_goal"": null, ""relationship_pace"": null, ""relationship_structure"": ""monogamous"", ""relocate"": null, ""schedule"": [""weekday_evening"", ""weekend_evening""], ""smoking"": ""no"", ""space_for_relationship"": null, ""wants_children"": ""unsure"", ""who_to_meet"": [""woman"", ""non_binary""]}","{""acceptable_zones"": ""observed"", ""age_max"": ""observed"", ""age_min"": ""observed"", ""conversations"": ""not_asked"", ""emotional_availability"": ""declined"", ""has_children"": ""observed"", ""lifestyle"": ""not_asked"", ""partner_children"": ""observed"", ""partner_smoking"": ""observed"", ""relationship_goal"": ""declined"", ""relationship_pace"": ""not_asked"", ""relationship_structure"": ""observed"", ""relocate"": ""not_asked"", ""schedule"": ""observed"", ""smoking"": ""observed"", ""space_for_relationship"": ""not_asked"", ""wants_children"": ""observed"", ""who_to_meet"": ""observed""}","{""acceptable_zones"": 19, ""age_max"": 19, ""age_min"": 19, ""conversations"": null, ""emotional_availability"": null, ""has_children"": 19, ""lifestyle"": null, ""partner_children"": 19, ""partner_smoking"": 19, ""relationship_goal"": null, ""relationship_pace"": null, ""relationship_structure"": 19, ""relocate"": null, ""schedule"": 19, ""smoking"": 19, ""space_for_relationship"": null, ""wants_children"": 19, ""who_to_meet"": 19}"
syn_c257f1135cd572b8727fa62f2bb54218,public_06,30,man,zone_a,True,synthetic_questionnaire,True,0,"[""zone_a""]",38,27,,,False,social,no_children,any,,,monogamous,,"[""weekend_day""]",no,,yes,"[""man""]",observed,observed,observed,not_asked,not_asked,observed,observed,observed,observed,not_asked,not_asked,observed,not_asked,observed,observed,not_asked,observed,observed,2,2,2,,,2,0,2,2,,,2,,2,2,,2,2,"{""acceptable_zones"": [""zone_a""], ""age_max"": 38, ""age_min"": 27, ""conversations"": null, ""emotional_availability"": null, ""has_children"": false, ""lifestyle"": ""social"", ""partner_children"": ""no_children"", ""partner_smoking"": ""any"", ""relationship_goal"": null, ""relationship_pace"": null, ""relationship_structure"": ""monogamous"", ""relocate"": null, ""schedule"": [""weekend_day""], ""smoking"": ""no"", ""space_for_relationship"": null, ""wants_children"": ""yes"", ""who_to_meet"": [""man""]}","{""acceptable_zones"": ""observed"", ""age_max"": ""observed"", ""age_min"": ""observed"", ""conversations"": ""not_asked"", ""emotional_availability"": ""not_asked"", ""has_children"": ""observed"", ""lifestyle"": ""observed"", ""partner_children"": ""observed"", ""partner_smoking"": ""observed"", ""relationship_goal"": ""not_asked"", ""relationship_pace"": ""not_asked"", ""relationship_structure"": ""observed"", ""relocate"": ""not_asked"", ""schedule"": ""observed"", ""smoking"": ""observed"", ""space_for_relationship"": ""not_asked"", ""wants_children"": ""observed"", ""who_to_meet"": ""observed""}","{""acceptable_zones"": 2, ""age_max"": 2, ""age_min"": 2, ""conversations"": null, ""emotional_availability"": null, ""has_children"": 2, ""lifestyle"": 0, ""partner_children"": 2, ""partner_smoking"": 2, ""relationship_goal"": null, ""relationship_pace"": null, ""relationship_structure"": 2, ""relocate"": null, ""schedule"": 2, ""smoking"": 2, ""space_for_relationship"": null, ""wants_children"": 2, ""who_to_meet"": 2}"
syn_5db70f155651b80b8ba559a2a81faf78,public_06,43,woman,zone_c,False,synthetic_questionnaire,True,20,"[""zone_c""]",53,39,playful,ready,False,quiet,no_children,any,long_term,quick,monogamous,yes,"[""weekend_evening""]",no,moderate,unsure,"[""woman""]",observed,observed,observed,observed,observed,observed,observed,observed,observed,observed,observed,observed,observed,observed,observed,observed,observed,observed,20,20,20,20,20,20,20,20,20,20,20,20,20,20,20,20,20,20,"{""acceptable_zones"": [""zone_c""], ""age_max"": 53, ""age_min"": 39, ""conversations"": ""playful"", ""emotional_availability"": ""ready"", ""has_children"": false, ""lifestyle"": ""quiet"", ""partner_children"": ""no_children"", ""partner_smoking"": ""any"", ""relationship_goal"": ""long_term"", ""relationship_pace"": ""quick"", ""relationship_structure"": ""monogamous"", ""relocate"": ""yes"", ""schedule"": [""weekend_evening""], ""smoking"": ""no"", ""space_for_relationship"": ""moderate"", ""wants_children"": ""unsure"", ""who_to_meet"": [""woman""]}","{""acceptable_zones"": ""observed"", ""age_max"": ""observed"", ""age_min"": ""observed"", ""conversations"": ""observed"", ""emotional_availability"": ""observed"", ""has_children"": ""observed"", ""lifestyle"": ""observed"", ""partner_children"": ""observed"", ""partner_smoking"": ""observed"", ""relationship_goal"": ""observed"", ""relationship_pace"": ""observed"", ""relationship_structure"": ""observed"", ""relocate"": ""observed"", ""schedule"": ""observed"", ""smoking"": ""observed"", ""space_for_relationship"": ""observed"", ""wants_children"": ""observed"", ""who_to_meet"": ""observed""}","{""acceptable_zones"": 20, ""age_max"": 20, ""age_min"": 20, ""conversations"": 20, ""emotional_availability"": 20, ""has_children"": 20, ""lifestyle"": 20, ""partner_children"": 20, ""partner_smoking"": 20, ""relationship_goal"": 20, ""relationship_pace"": 20, ""relationship_structure"": 20, ""relocate"": 20, ""schedule"": 20, ""smoking"": 20, ""space_for_relationship"": 20, ""wants_children"": 20, ""who_to_meet"": 20}"
syn_5f5f4d1100d1b0b3301fe1d31a317ed0,public_06,38,woman,zone_a,True,synthetic_questionnaire,True,0,"[""zone_a""]",42,28,playful,ready,False,mixed,no_children,any,exploring,slow,monogamous,no,"[""weekday_evening"", ""weekend_evening"", ""weekend_day""]",no,ample,unsure,"[""non_binary""]",observed,observed,observed,observed,observed,observed,observed,observed,observed,observed,observed,observed,observed,observed,observed,observed,observed,observed,0,0,0,0,0,0,0,0,0,0,0,0,0,0,0,0,0,0,"{""acceptable_zones"": [""zone_a""], ""age_max"": 42, ""age_min"": 28, ""conversations"": ""playful"", ""emotional_availability"": ""ready"", ""has_children"": false, ""lifestyle"": ""mixed"", ""partner_children"": ""no_children"", ""partner_smoking"": ""any"", ""relationship_goal"": ""exploring"", ""relationship_pace"": ""slow"", ""relationship_structure"": ""monogamous"", ""relocate"": ""no"", ""schedule"": [""weekday_evening"", ""weekend_evening"", ""weekend_day""], ""smoking"": ""no"", ""space_for_relationship"": ""ample"", ""wants_children"": ""unsure"", ""who_to_meet"": [""non_binary""]}","{""acceptable_zones"": ""observed"", ""age_max"": ""observed"", ""age_min"": ""observed"", ""conversations"": ""observed"", ""emotional_availability"": ""observed"", ""has_children"": ""observed"", ""lifestyle"": ""observed"", ""partner_children"": ""observed"", ""partner_smoking"": ""observed"", ""relationship_goal"": ""observed"", ""relationship_pace"": ""observed"", ""relationship_structure"": ""observed"", ""relocate"": ""observed"", ""schedule"": ""observed"", ""smoking"": ""observed"", ""space_for_relationship"": ""observed"", ""wants_children"": ""observed"", ""who_to_meet"": ""observed""}","{""acceptable_zones"": 0, ""age_max"": 0, ""age_min"": 0, ""conversations"": 0, ""emotional_availability"": 0, ""has_children"": 0, ""lifestyle"": 0, ""partner_children"": 0, ""partner_smoking"": 0, ""relationship_goal"": 0, ""relationship_pace"": 0, ""relationship_structure"": 0, ""relocate"": 0, ""schedule"": 0, ""smoking"": 0, ""space_for_relationship"": 0, ""wants_children"": 0, ""who_to_meet"": 0}"
syn_820f54c7de16a17767df83a64323c6c9,public_06,40,man,zone_c,True,synthetic_questionnaire,True,0,"[""zone_c""]",43,35,,,False,,no_children,no_smoking,,,monogamous,,"[""weekday_evening"", ""weekend_day"", ""weekend_evening""]",no,,unsure,"[""woman"", ""non_binary""]",observed,observed,observed,declined,not_asked,observed,not_asked,observed,observed,not_asked,not_asked,observed,not_asked,observed,observed,not_asked,observed,observed,2,2,2,,,2,,2,2,,,2,,2,2,,2,2,"{""acceptable_zones"": [""zone_c""], ""age_max"": 43, ""age_min"": 35, ""conversations"": null, ""emotional_availability"": null, ""has_children"": false, ""lifestyle"": null, ""partner_children"": ""no_children"", ""partner_smoking"": ""no_smoking"", ""relationship_goal"": null, ""relationship_pace"": null, ""relationship_structure"": ""monogamous"", ""relocate"": null, ""schedule"": [""weekday_evening"", ""weekend_day"", ""weekend_evening""], ""smoking"": ""no"", ""space_for_relationship"": null, ""wants_children"": ""unsure"", ""who_to_meet"": [""woman"", ""non_binary""]}","{""acceptable_zones"": ""observed"", ""age_max"": ""observed"", ""age_min"": ""observed"", ""conversations"": ""declined"", ""emotional_availability"": ""not_asked"", ""has_children"": ""observed"", ""lifestyle"": ""not_asked"", ""partner_children"": ""observed"", ""partner_smoking"": ""observed"", ""relationship_goal"": ""not_asked"", ""relationship_pace"": ""not_asked"", ""relationship_structure"": ""observed"", ""relocate"": ""not_asked"", ""schedule"": ""observed"", ""smoking"": ""observed"", ""space_for_relationship"": ""not_asked"", ""wants_children"": ""observed"", ""who_to_meet"": ""observed""}","{""acceptable_zones"": 2, ""age_max"": 2, ""age_min"": 2, ""conversations"": null, ""emotional_availability"": null, ""has_children"": 2, ""lifestyle"": null, ""partner_children"": 2, ""partner_smoking"": 2, ""relationship_goal"": null, ""relationship_pace"": null, ""relationship_structure"": 2, ""relocate"": null, ""schedule"": 2, ""smoking"": 2, ""space_for_relationship"": null, ""wants_children"": 2, ""who_to_meet"": 2}"
syn_95cb54e6c1f276ab1e52205978064790,public_06,29,man,zone_d,False,synthetic_questionnaire,True,0,"[""zone_d"", ""zone_b""]",37,23,,,False,,any,any,,,monogamous,unsure,"[""weekend_evening"", ""weekday_evening"", ""weekend_day""]",no,,yes,"[""man""]",observed,observed,observed,not_asked,not_asked,observed,not_asked,observed,observed,not_asked,not_asked,observed,observed,observed,observed,not_asked,observed,observed,3,3,3,,,3,,3,3,,,3,0,3,3,,3,3,"{""acceptable_zones"": [""zone_d"", ""zone_b""], ""age_max"": 37, ""age_min"": 23, ""conversations"": null, ""emotional_availability"": null, ""has_children"": false, ""lifestyle"": null, ""partner_children"": ""any"", ""partner_smoking"": ""any"", ""relationship_goal"": null, ""relationship_pace"": null, ""relationship_structure"": ""monogamous"", ""relocate"": ""unsure"", ""schedule"": [""weekend_evening"", ""weekday_evening"", ""weekend_day""], ""smoking"": ""no"", ""space_for_relationship"": null, ""wants_children"": ""yes"", ""who_to_meet"": [""man""]}","{""acceptable_zones"": ""observed"", ""age_max"": ""observed"", ""age_min"": ""observed"", ""conversations"": ""not_asked"", ""emotional_availability"": ""not_asked"", ""has_children"": ""observed"", ""lifestyle"": ""not_asked"", ""partner_children"": ""observed"", ""partner_smoking"": ""observed"", ""relationship_goal"": ""not_asked"", ""relationship_pace"": ""not_asked"", ""relationship_structure"": ""observed"", ""relocate"": ""observed"", ""schedule"": ""observed"", ""smoking"": ""observed"", ""space_for_relationship"": ""not_asked"", ""wants_children"": ""observed"", ""who_to_meet"": ""observed""}","{""acceptable_zones"": 3, ""age_max"": 3, ""age_min"": 3, ""conversations"": null, ""emotional_availability"": null, ""has_children"": 3, ""lifestyle"": null, ""partner_children"": 3, ""partner_smoking"": 3, ""relationship_goal"": null, ""relationship_pace"": null, ""relationship_structure"": 3, ""relocate"": 0, ""schedule"": 3, ""smoking"": 3, ""space_for_relationship"": null, ""wants_children"": 3, ""who_to_meet"": 3}"
syn_44a512ad5e990df2b591b9c1163a05f2,public_06,37,woman,zone_a,True,synthetic_questionnaire,True,0,,,,playful,,,,,,,,,,"[""weekend_evening"", ""weekend_day""]",,,,,not_asked,declined,not_asked,observed,not_asked,not_asked,not_asked,not_asked,not_asked,not_asked,not_asked,not_asked,not_asked,observed,not_asked,not_asked,not_asked,not_asked,,,,0,,,,,,,,,,0,,,,,"{""acceptable_zones"": null, ""age_max"": null, ""age_min"": null, ""conversations"": ""playful"", ""emotional_availability"": null, ""has_children"": null, ""lifestyle"": null, ""partner_children"": null, ""partner_smoking"": null, ""relationship_goal"": null, ""relationship_pace"": null, ""relationship_structure"": null, ""relocate"": null, ""schedule"": [""weekend_evening"", ""weekend_day""], ""smoking"": null, ""space_for_relationship"": null, ""wants_children"": null, ""who_to_meet"": null}","{""acceptable_zones"": ""not_asked"", ""age_max"": ""declined"", ""age_min"": ""not_asked"", ""conversations"": ""observed"", ""emotional_availability"": ""not_asked"", ""has_children"": ""not_asked"", ""lifestyle"": ""not_asked"", ""partner_children"": ""not_asked"", ""partner_smoking"": ""not_asked"", ""relationship_goal"": ""not_asked"", ""relationship_pace"": ""not_asked"", ""relationship_structure"": ""not_asked"", ""relocate"": ""not_asked"", ""schedule"": ""observed"", ""smoking"": ""not_asked"", ""space_for_relationship"": ""not_asked"", ""wants_children"": ""not_asked"", ""who_to_meet"": ""not_asked""}","{""acceptable_zones"": null, ""age_max"": null, ""age_min"": null, ""conversations"": 0, ""emotional_availability"": null, ""has_children"": null, ""lifestyle"": null, ""partner_children"": null, ""partner_smoking"": null, ""relationship_goal"": null, ""relationship_pace"": null, ""relationship_structure"": null, ""relocate"": null, ""schedule"": 0, ""smoking"": null, ""space_for_relationship"": null, ""wants_children"": null, ""who_to_meet"": null}"
syn_2c1826e24fa04763fc6c89c1ab8a0cf1,public_06,43,non_binary,zone_b,True,synthetic_questionnaire,True,9,"[""zone_b""]",52,40,practical,ready,False,quiet,no_children,no_smoking,exploring,slow,monogamous,no,"[""weekday_evening"", ""weekend_day""]",no,limited,yes,"[""non_binary""]",observed,observed,observed,observed,observed,observed,observed,observed,observed,observed,observed,observed,observed,observed,observed,observed,observed,observed,9,9,9,9,9,9,9,9,9,9,9,9,9,9,9,9,9,9,"{""acceptable_zones"": [""zone_b""], ""age_max"": 52, ""age_min"": 40, ""conversations"": ""practical"", ""emotional_availability"": ""ready"", ""has_children"": false, ""lifestyle"": ""quiet"", ""partner_children"": ""no_children"", ""partner_smoking"": ""no_smoking"", ""relationship_goal"": ""exploring"", ""relationship_pace"": ""slow"", ""relationship_structure"": ""monogamous"", ""relocate"": ""no"", ""schedule"": [""weekday_evening"", ""weekend_day""], ""smoking"": ""no"", ""space_for_relationship"": ""limited"", ""wants_children"": ""yes"", ""who_to_meet"": [""non_binary""]}","{""acceptable_zones"": ""observed"", ""age_max"": ""observed"", ""age_min"": ""observed"", ""conversations"": ""observed"", ""emotional_availability"": ""observed"", ""has_children"": ""observed"", ""lifestyle"": ""observed"", ""partner_children"": ""observed"", ""partner_smoking"": ""observed"", ""relationship_goal"": ""observed"", ""relationship_pace"": ""observed"", ""relationship_structure"": ""observed"", ""relocate"": ""observed"", ""schedule"": ""observed"", ""smoking"": ""observed"", ""space_for_relationship"": ""observed"", ""wants_children"": ""observed"", ""who_to_meet"": ""observed""}","{""acceptable_zones"": 9, ""age_max"": 9, ""age_min"": 9, ""conversations"": 9, ""emotional_availability"": 9, ""has_children"": 9, ""lifestyle"": 9, ""partner_children"": 9, ""partner_smoking"": 9, ""relationship_goal"": 9, ""relationship_pace"": 9, ""relationship_structure"": 9, ""relocate"": 9, ""schedule"": 9, ""smoking"": 9, ""space_for_relationship"": 9, ""wants_children"": 9, ""who_to_meet"": 9}"
syn_5ee979e4f43b07415ae641f2412f27d4,public_06,30,man,zone_c,True,synthetic_questionnaire,True,0,,35,,,,,,any,,,,,,,,,,,not_asked,observed,not_asked,not_asked,not_asked,declined,not_asked,observed,not_asked,not_asked,not_asked,not_asked,not_asked,not_asked,not_asked,not_asked,not_asked,not_asked,,0,,,,,,0,,,,,,,,,,,"{""acceptable_zones"": null, ""age_max"": 35, ""age_min"": null, ""conversations"": null, ""emotional_availability"": null, ""has_children"": null, ""lifestyle"": null, ""partner_children"": ""any"", ""partner_smoking"": null, ""relationship_goal"": null, ""relationship_pace"": null, ""relationship_structure"": null, ""relocate"": null, ""schedule"": null, ""smoking"": null, ""space_for_relationship"": null, ""wants_children"": null, ""who_to_meet"": null}","{""acceptable_zones"": ""not_asked"", ""age_max"": ""observed"", ""age_min"": ""not_asked"", ""conversations"": ""not_asked"", ""emotional_availability"": ""not_asked"", ""has_children"": ""declined"", ""lifestyle"": ""not_asked"", ""partner_children"": ""observed"", ""partner_smoking"": ""not_asked"", ""relationship_goal"": ""not_asked"", ""relationship_pace"": ""not_asked"", ""relationship_structure"": ""not_asked"", ""relocate"": ""not_asked"", ""schedule"": ""not_asked"", ""smoking"": ""not_asked"", ""space_for_relationship"": ""not_asked"", ""wants_children"": ""not_asked"", ""who_to_meet"": ""not_asked""}","{""acceptable_zones"": null, ""age_max"": 0, ""age_min"": null, ""conversations"": null, ""emotional_availability"": null, ""has_children"": null, ""lifestyle"": null, ""partner_children"": 0, ""partner_smoking"": null, ""relationship_goal"": null, ""relationship_pace"": null, ""relationship_structure"": null, ""relocate"": null, ""schedule"": null, ""smoking"": null, ""space_for_relationship"": null, ""wants_children"": null, ""who_to_meet"": null}"
syn_0b586190bcd26764dc9ee468e9ade464,public_06,21,man,zone_d,True,synthetic_questionnaire,True,0,"[""zone_d""]",28,18,,,False,,no_children,no_smoking,,quick,monogamous,,"[""weekend_day"", ""weekend_evening"", ""weekday_evening""]",no,,yes,"[""woman""]",observed,observed,observed,not_asked,not_asked,observed,not_asked,observed,observed,not_asked,observed,observed,not_asked,observed,observed,not_asked,observed,observed,3,3,3,,,3,,3,3,,0,3,,3,3,,3,3,"{""acceptable_zones"": [""zone_d""], ""age_max"": 28, ""age_min"": 18, ""conversations"": null, ""emotional_availability"": null, ""has_children"": false, ""lifestyle"": null, ""partner_children"": ""no_children"", ""partner_smoking"": ""no_smoking"", ""relationship_goal"": null, ""relationship_pace"": ""quick"", ""relationship_structure"": ""monogamous"", ""relocate"": null, ""schedule"": [""weekend_day"", ""weekend_evening"", ""weekday_evening""], ""smoking"": ""no"", ""space_for_relationship"": null, ""wants_children"": ""yes"", ""who_to_meet"": [""woman""]}","{""acceptable_zones"": ""observed"", ""age_max"": ""observed"", ""age_min"": ""observed"", ""conversations"": ""not_asked"", ""emotional_availability"": ""not_asked"", ""has_children"": ""observed"", ""lifestyle"": ""not_asked"", ""partner_children"": ""observed"", ""partner_smoking"": ""observed"", ""relationship_goal"": ""not_asked"", ""relationship_pace"": ""observed"", ""relationship_structure"": ""observed"", ""relocate"": ""not_asked"", ""schedule"": ""observed"", ""smoking"": ""observed"", ""space_for_relationship"": ""not_asked"", ""wants_children"": ""observed"", ""who_to_meet"": ""observed""}","{""acceptable_zones"": 3, ""age_max"": 3, ""age_min"": 3, ""conversations"": null, ""emotional_availability"": null, ""has_children"": 3, ""lifestyle"": null, ""partner_children"": 3, ""partner_smoking"": 3, ""relationship_goal"": null, ""relationship_pace"": 0, ""relationship_structure"": 3, ""relocate"": null, ""schedule"": 3, ""smoking"": 3, ""space_for_relationship"": null, ""wants_children"": 3, ""who_to_meet"": 3}"
syn_fc49e2548689a82c39f848f66826b375,public_06,33,woman,zone_a,False,synthetic_questionnaire,True,0,"[""zone_a""]",40,29,ideas,ready,False,quiet,no_children,no_smoking,long_term,quick,monogamous,yes,"[""weekday_evening"", ""weekend_day""]",no,moderate,yes,"[""man""]",observed,observed,observed,observed,observed,observed,observed,observed,observed,observed,observed,observed,observed,observed,observed,observed,observed,observed,0,0,0,0,0,0,0,0,0,0,0,0,0,0,0,0,0,0,"{""acceptable_zones"": [""zone_a""], ""age_max"": 40, ""age_min"": 29, ""conversations"": ""ideas"", ""emotional_availability"": ""ready"", ""has_children"": false, ""lifestyle"": ""quiet"", ""partner_children"": ""no_children"", ""partner_smoking"": ""no_smoking"", ""relationship_goal"": ""long_term"", ""relationship_pace"": ""quick"", ""relationship_structure"": ""monogamous"", ""relocate"": ""yes"", ""schedule"": [""weekday_evening"", ""weekend_day""], ""smoking"": ""no"", ""space_for_relationship"": ""moderate"", ""wants_children"": ""yes"", ""who_to_meet"": [""man""]}","{""acceptable_zones"": ""observed"", ""age_max"": ""observed"", ""age_min"": ""observed"", ""conversations"": ""observed"", ""emotional_availability"": ""observed"", ""has_children"": ""observed"", ""lifestyle"": ""observed"", ""partner_children"": ""observed"", ""partner_smoking"": ""observed"", ""relationship_goal"": ""observed"", ""relationship_pace"": ""observed"", ""relationship_structure"": ""observed"", ""relocate"": ""observed"", ""schedule"": ""observed"", ""smoking"": ""observed"", ""space_for_relationship"": ""observed"", ""wants_children"": ""observed"", ""who_to_meet"": ""observed""}","{""acceptable_zones"": 0, ""age_max"": 0, ""age_min"": 0, ""conversations"": 0, ""emotional_availability"": 0, ""has_children"": 0, ""lifestyle"": 0, ""partner_children"": 0, ""partner_smoking"": 0, ""relationship_goal"": 0, ""relationship_pace"": 0, ""relationship_structure"": 0, ""relocate"": 0, ""schedule"": 0, ""smoking"": 0, ""space_for_relationship"": 0, ""wants_children"": 0, ""who_to_meet"": 0}"
syn_a74e52fe4088d82013a36a493970cbeb,public_06,43,man,zone_a,True,synthetic_questionnaire,True,0,"[""zone_a""]",47,40,stories,ready,True,social,no_children,any,long_term,quick,monogamous,yes,"[""weekend_evening"", ""weekend_day"", ""weekday_evening""]",no,moderate,no,"[""woman""]",observed,observed,observed,observed,observed,observed,observed,observed,observed,observed,observed,observed,observed,observed,observed,observed,observed,observed,0,0,0,0,0,0,0,0,0,0,0,0,0,0,0,0,0,0,"{""acceptable_zones"": [""zone_a""], ""age_max"": 47, ""age_min"": 40, ""conversations"": ""stories"", ""emotional_availability"": ""ready"", ""has_children"": true, ""lifestyle"": ""social"", ""partner_children"": ""no_children"", ""partner_smoking"": ""any"", ""relationship_goal"": ""long_term"", ""relationship_pace"": ""quick"", ""relationship_structure"": ""monogamous"", ""relocate"": ""yes"", ""schedule"": [""weekend_evening"", ""weekend_day"", ""weekday_evening""], ""smoking"": ""no"", ""space_for_relationship"": ""moderate"", ""wants_children"": ""no"", ""who_to_meet"": [""woman""]}","{""acceptable_zones"": ""observed"", ""age_max"": ""observed"", ""age_min"": ""observed"", ""conversations"": ""observed"", ""emotional_availability"": ""observed"", ""has_children"": ""observed"", ""lifestyle"": ""observed"", ""partner_children"": ""observed"", ""partner_smoking"": ""observed"", ""relationship_goal"": ""observed"", ""relationship_pace"": ""observed"", ""relationship_structure"": ""observed"", ""relocate"": ""observed"", ""schedule"": ""observed"", ""smoking"": ""observed"", ""space_for_relationship"": ""observed"", ""wants_children"": ""observed"", ""who_to_meet"": ""observed""}","{""acceptable_zones"": 0, ""age_max"": 0, ""age_min"": 0, ""conversations"": 0, ""emotional_availability"": 0, ""has_children"": 0, ""lifestyle"": 0, ""partner_children"": 0, ""partner_smoking"": 0, ""relationship_goal"": 0, ""relationship_pace"": 0, ""relationship_structure"": 0, ""relocate"": 0, ""schedule"": 0, ""smoking"": 0, ""space_for_relationship"": 0, ""wants_children"": 0, ""who_to_meet"": 0}"
syn_d1c12ba2574bb1eb7599b7877c0aadba,public_06,32,man,zone_a,True,synthetic_questionnaire,True,0,,,22,,,,,,,,,,,,,,,,declined,not_asked,observed,not_asked,not_asked,not_asked,not_asked,not_asked,not_asked,not_asked,not_asked,not_asked,not_asked,not_asked,not_asked,not_asked,not_asked,not_asked,,,0,,,,,,,,,,,,,,,,"{""acceptable_zones"": null, ""age_max"": null, ""age_min"": 22, ""conversations"": null, ""emotional_availability"": null, ""has_children"": null, ""lifestyle"": null, ""partner_children"": null, ""partner_smoking"": null, ""relationship_goal"": null, ""relationship_pace"": null, ""relationship_structure"": null, ""relocate"": null, ""schedule"": null, ""smoking"": null, ""space_for_relationship"": null, ""wants_children"": null, ""who_to_meet"": null}","{""acceptable_zones"": ""declined"", ""age_max"": ""not_asked"", ""age_min"": ""observed"", ""conversations"": ""not_asked"", ""emotional_availability"": ""not_asked"", ""has_children"": ""not_asked"", ""lifestyle"": ""not_asked"", ""partner_children"": ""not_asked"", ""partner_smoking"": ""not_asked"", ""relationship_goal"": ""not_asked"", ""relationship_pace"": ""not_asked"", ""relationship_structure"": ""not_asked"", ""relocate"": ""not_asked"", ""schedule"": ""not_asked"", ""smoking"": ""not_asked"", ""space_for_relationship"": ""not_asked"", ""wants_children"": ""not_asked"", ""who_to_meet"": ""not_asked""}","{""acceptable_zones"": null, ""age_max"": null, ""age_min"": 0, ""conversations"": null, ""emotional_availability"": null, ""has_children"": null, ""lifestyle"": null, ""partner_children"": null, ""partner_smoking"": null, ""relationship_goal"": null, ""relationship_pace"": null, ""relationship_structure"": null, ""relocate"": null, ""schedule"": null, ""smoking"": null, ""space_for_relationship"": null, ""wants_children"": null, ""who_to_meet"": null}"
syn_40066b9a8d3ae1b1b6d5f5fa7ad6601f,public_06,29,man,zone_a,True,synthetic_questionnaire,True,0,"[""zone_a""]",38,25,,,False,,no_children,any,,,non_monogamous,yes,"[""weekday_evening""]",no,,no,"[""woman""]",observed,observed,observed,not_asked,not_asked,observed,not_asked,observed,observed,not_asked,not_asked,observed,observed,observed,observed,not_asked,observed,observed,3,3,3,,,3,,3,3,,,3,0,3,3,,3,3,"{""acceptable_zones"": [""zone_a""], ""age_max"": 38, ""age_min"": 25, ""conversations"": null, ""emotional_availability"": null, ""has_children"": false, ""lifestyle"": null, ""partner_children"": ""no_children"", ""partner_smoking"": ""any"", ""relationship_goal"": null, ""relationship_pace"": null, ""relationship_structure"": ""non_monogamous"", ""relocate"": ""yes"", ""schedule"": [""weekday_evening""], ""smoking"": ""no"", ""space_for_relationship"": null, ""wants_children"": ""no"", ""who_to_meet"": [""woman""]}","{""acceptable_zones"": ""observed"", ""age_max"": ""observed"", ""age_min"": ""observed"", ""conversations"": ""not_asked"", ""emotional_availability"": ""not_asked"", ""has_children"": ""observed"", ""lifestyle"": ""not_asked"", ""partner_children"": ""observed"", ""partner_smoking"": ""observed"", ""relationship_goal"": ""not_asked"", ""relationship_pace"": ""not_asked"", ""relationship_structure"": ""observed"", ""relocate"": ""observed"", ""schedule"": ""observed"", ""smoking"": ""observed"", ""space_for_relationship"": ""not_asked"", ""wants_children"": ""observed"", ""who_to_meet"": ""observed""}","{""acceptable_zones"": 3, ""age_max"": 3, ""age_min"": 3, ""conversations"": null, ""emotional_availability"": null, ""has_children"": 3, ""lifestyle"": null, ""partner_children"": 3, ""partner_smoking"": 3, ""relationship_goal"": null, ""relationship_pace"": null, ""relationship_structure"": 3, ""relocate"": 0, ""schedule"": 3, ""smoking"": 3, ""space_for_relationship"": null, ""wants_children"": 3, ""who_to_meet"": 3}"
syn_9d73fd68d0f77941e6ecc9252178ab33,public_06,26,woman,zone_a,False,synthetic_questionnaire,True,0,"[""zone_a""]",34,23,stories,ready,False,quiet,no_children,any,long_term,quick,monogamous,unsure,"[""weekend_day"", ""weekday_evening"", ""weekend_evening""]",occasionally,limited,yes,"[""non_binary"", ""man"", ""woman""]",observed,observed,observed,observed,observed,observed,observed,observed,observed,observed,observed,observed,observed,observed,observed,observed,observed,observed,0,0,0,0,0,0,0,0,0,0,0,0,0,0,0,0,0,0,"{""acceptable_zones"": [""zone_a""], ""age_max"": 34, ""age_min"": 23, ""conversations"": ""stories"", ""emotional_availability"": ""ready"", ""has_children"": false, ""lifestyle"": ""quiet"", ""partner_children"": ""no_children"", ""partner_smoking"": ""any"", ""relationship_goal"": ""long_term"", ""relationship_pace"": ""quick"", ""relationship_structure"": ""monogamous"", ""relocate"": ""unsure"", ""schedule"": [""weekend_day"", ""weekday_evening"", ""weekend_evening""], ""smoking"": ""occasionally"", ""space_for_relationship"": ""limited"", ""wants_children"": ""yes"", ""who_to_meet"": [""non_binary"", ""man"", ""woman""]}","{""acceptable_zones"": ""observed"", ""age_max"": ""observed"", ""age_min"": ""observed"", ""conversations"": ""observed"", ""emotional_availability"": ""observed"", ""has_children"": ""observed"", ""lifestyle"": ""observed"", ""partner_children"": ""observed"", ""partner_smoking"": ""observed"", ""relationship_goal"": ""observed"", ""relationship_pace"": ""observed"", ""relationship_structure"": ""observed"", ""relocate"": ""observed"", ""schedule"": ""observed"", ""smoking"": ""observed"", ""space_for_relationship"": ""observed"", ""wants_children"": ""observed"", ""who_to_meet"": ""observed""}","{""acceptable_zones"": 0, ""age_max"": 0, ""age_min"": 0, ""conversations"": 0, ""emotional_availability"": 0, ""has_children"": 0, ""lifestyle"": 0, ""partner_children"": 0, ""partner_smoking"": 0, ""relationship_goal"": 0, ""relationship_pace"": 0, ""relationship_structure"": 0, ""relocate"": 0, ""schedule"": 0, ""smoking"": 0, ""space_for_relationship"": 0, ""wants_children"": 0, ""who_to_meet"": 0}"
syn_fd4f37e86b53a47f675e965fe4739c50,public_06,21,woman,zone_b,True,synthetic_questionnaire,True,0,"[""zone_b""]",27,18,,,False,,no_children,no_smoking,,,monogamous,,"[""weekend_evening""]",occasionally,,no,"[""non_binary""]",observed,observed,observed,not_asked,not_asked,observed,not_asked,observed,observed,not_asked,not_asked,observed,not_asked,observed,observed,not_asked,observed,observed,3,3,3,,,3,,3,3,,,3,,3,3,,3,3,"{""acceptable_zones"": [""zone_b""], ""age_max"": 27, ""age_min"": 18, ""conversations"": null, ""emotional_availability"": null, ""has_children"": false, ""lifestyle"": null, ""partner_children"": ""no_children"", ""partner_smoking"": ""no_smoking"", ""relationship_goal"": null, ""relationship_pace"": null, ""relationship_structure"": ""monogamous"", ""relocate"": null, ""schedule"": [""weekend_evening""], ""smoking"": ""occasionally"", ""space_for_relationship"": null, ""wants_children"": ""no"", ""who_to_meet"": [""non_binary""]}","{""acceptable_zones"": ""observed"", ""age_max"": ""observed"", ""age_min"": ""observed"", ""conversations"": ""not_asked"", ""emotional_availability"": ""not_asked"", ""has_children"": ""observed"", ""lifestyle"": ""not_asked"", ""partner_children"": ""observed"", ""partner_smoking"": ""observed"", ""relationship_goal"": ""not_asked"", ""relationship_pace"": ""not_asked"", ""relationship_structure"": ""observed"", ""relocate"": ""not_asked"", ""schedule"": ""observed"", ""smoking"": ""observed"", ""space_for_relationship"": ""not_asked"", ""wants_children"": ""observed"", ""who_to_meet"": ""observed""}","{""acceptable_zones"": 3, ""age_max"": 3, ""age_min"": 3, ""conversations"": null, ""emotional_availability"": null, ""has_children"": 3, ""lifestyle"": null, ""partner_children"": 3, ""partner_smoking"": 3, ""relationship_goal"": null, ""relationship_pace"": null, ""relationship_structure"": 3, ""relocate"": null, ""schedule"": 3, ""smoking"": 3, ""space_for_relationship"": null, ""wants_children"": 3, ""who_to_meet"": 3}"
syn_986405efb4b115f9766b17e2a1440e8f,public_06,41,woman,zone_a,True,synthetic_questionnaire,True,0,,,,,,,,,,,,,,,no,,,,not_asked,not_asked,not_asked,not_asked,not_asked,not_asked,not_asked,not_asked,not_asked,not_asked,not_asked,not_asked,not_asked,not_asked,observed,not_asked,not_asked,declined,,,,,,,,,,,,,,,0,,,,"{""acceptable_zones"": null, ""age_max"": null, ""age_min"": null, ""conversations"": null, ""emotional_availability"": null, ""has_children"": null, ""lifestyle"": null, ""partner_children"": null, ""partner_smoking"": null, ""relationship_goal"": null, ""relationship_pace"": null, ""relationship_structure"": null, ""relocate"": null, ""schedule"": null, ""smoking"": ""no"", ""space_for_relationship"": null, ""wants_children"": null, ""who_to_meet"": null}","{""acceptable_zones"": ""not_asked"", ""age_max"": ""not_asked"", ""age_min"": ""not_asked"", ""conversations"": ""not_asked"", ""emotional_availability"": ""not_asked"", ""has_children"": ""not_asked"", ""lifestyle"": ""not_asked"", ""partner_children"": ""not_asked"", ""partner_smoking"": ""not_asked"", ""relationship_goal"": ""not_asked"", ""relationship_pace"": ""not_asked"", ""relationship_structure"": ""not_asked"", ""relocate"": ""not_asked"", ""schedule"": ""not_asked"", ""smoking"": ""observed"", ""space_for_relationship"": ""not_asked"", ""wants_children"": ""not_asked"", ""who_to_meet"": ""declined""}","{""acceptable_zones"": null, ""age_max"": null, ""age_min"": null, ""conversations"": null, ""emotional_availability"": null, ""has_children"": null, ""lifestyle"": null, ""partner_children"": null, ""partner_smoking"": null, ""relationship_goal"": null, ""relationship_pace"": null, ""relationship_structure"": null, ""relocate"": null, ""schedule"": null, ""smoking"": 0, ""space_for_relationship"": null, ""wants_children"": null, ""who_to_meet"": null}"
syn_ffbb94fc0ea71eb20170a3db3b0da2f5,public_06,46,woman,zone_a,True,synthetic_questionnaire,True,0,"[""zone_a""]",53,40,,,False,,any,no_smoking,,,monogamous,yes,"[""weekend_day""]",no,,unsure,"[""non_binary""]",observed,observed,observed,not_asked,not_asked,observed,not_asked,observed,observed,declined,not_asked,observed,observed,observed,observed,not_asked,observed,observed,4,4,4,,,4,,4,4,,,4,0,4,4,,4,4,"{""acceptable_zones"": [""zone_a""], ""age_max"": 53, ""age_min"": 40, ""conversations"": null, ""emotional_availability"": null, ""has_children"": false, ""lifestyle"": null, ""partner_children"": ""any"", ""partner_smoking"": ""no_smoking"", ""relationship_goal"": null, ""relationship_pace"": null, ""relationship_structure"": ""monogamous"", ""relocate"": ""yes"", ""schedule"": [""weekend_day""], ""smoking"": ""no"", ""space_for_relationship"": null, ""wants_children"": ""unsure"", ""who_to_meet"": [""non_binary""]}","{""acceptable_zones"": ""observed"", ""age_max"": ""observed"", ""age_min"": ""observed"", ""conversations"": ""not_asked"", ""emotional_availability"": ""not_asked"", ""has_children"": ""observed"", ""lifestyle"": ""not_asked"", ""partner_children"": ""observed"", ""partner_smoking"": ""observed"", ""relationship_goal"": ""declined"", ""relationship_pace"": ""not_asked"", ""relationship_structure"": ""observed"", ""relocate"": ""observed"", ""schedule"": ""observed"", ""smoking"": ""observed"", ""space_for_relationship"": ""not_asked"", ""wants_children"": ""observed"", ""who_to_meet"": ""observed""}","{""acceptable_zones"": 4, ""age_max"": 4, ""age_min"": 4, ""conversations"": null, ""emotional_availability"": null, ""has_children"": 4, ""lifestyle"": null, ""partner_children"": 4, ""partner_smoking"": 4, ""relationship_goal"": null, ""relationship_pace"": null, ""relationship_structure"": 4, ""relocate"": 0, ""schedule"": 4, ""smoking"": 4, ""space_for_relationship"": null, ""wants_children"": 4, ""who_to_meet"": 4}"
syn_e5f70d2eddbc8007889a8da96eff718a,public_06,31,man,zone_a,True,synthetic_questionnaire,True,0,"[""zone_a""]",35,21,,,False,,any,any,,,non_monogamous,,"[""weekend_day"", ""weekday_evening""]",no,,yes,"[""man"", ""woman""]",observed,observed,observed,not_asked,declined,observed,not_asked,observed,observed,not_asked,not_asked,observed,declined,observed,observed,not_asked,observed,observed,4,4,4,,,4,,4,4,,,4,,4,4,,4,4,"{""acceptable_zones"": [""zone_a""], ""age_max"": 35, ""age_min"": 21, ""conversations"": null, ""emotional_availability"": null, ""has_children"": false, ""lifestyle"": null, ""partner_children"": ""any"", ""partner_smoking"": ""any"", ""relationship_goal"": null, ""relationship_pace"": null, ""relationship_structure"": ""non_monogamous"", ""relocate"": null, ""schedule"": [""weekend_day"", ""weekday_evening""], ""smoking"": ""no"", ""space_for_relationship"": null, ""wants_children"": ""yes"", ""who_to_meet"": [""man"", ""woman""]}","{""acceptable_zones"": ""observed"", ""age_max"": ""observed"", ""age_min"": ""observed"", ""conversations"": ""not_asked"", ""emotional_availability"": ""declined"", ""has_children"": ""observed"", ""lifestyle"": ""not_asked"", ""partner_children"": ""observed"", ""partner_smoking"": ""observed"", ""relationship_goal"": ""not_asked"", ""relationship_pace"": ""not_asked"", ""relationship_structure"": ""observed"", ""relocate"": ""declined"", ""schedule"": ""observed"", ""smoking"": ""observed"", ""space_for_relationship"": ""not_asked"", ""wants_children"": ""observed"", ""who_to_meet"": ""observed""}","{""acceptable_zones"": 4, ""age_max"": 4, ""age_min"": 4, ""conversations"": null, ""emotional_availability"": null, ""has_children"": 4, ""lifestyle"": null, ""partner_children"": 4, ""partner_smoking"": 4, ""relationship_goal"": null, ""relationship_pace"": null, ""relationship_structure"": 4, ""relocate"": null, ""schedule"": 4, ""smoking"": 4, ""space_for_relationship"": null, ""wants_children"": 4, ""who_to_meet"": 4}"
syn_3775a78ebae5a31c01d0f6585035f7f1,public_06,23,man,zone_a,False,synthetic_questionnaire,True,12,"[""zone_a"", ""zone_d""]",33,18,,,False,,no_children,any,,,monogamous,,"[""weekday_evening"", ""weekend_evening""]",no,,no,"[""woman""]",observed,observed,observed,not_asked,not_asked,observed,not_asked,observed,observed,not_asked,not_asked,observed,not_asked,observed,observed,not_asked,observed,observed,12,12,12,,,12,,12,12,,,12,,12,12,,12,12,"{""acceptable_zones"": [""zone_a"", ""zone_d""], ""age_max"": 33, ""age_min"": 18, ""conversations"": null, ""emotional_availability"": null, ""has_children"": false, ""lifestyle"": null, ""partner_children"": ""no_children"", ""partner_smoking"": ""any"", ""relationship_goal"": null, ""relationship_pace"": null, ""relationship_structure"": ""monogamous"", ""relocate"": null, ""schedule"": [""weekday_evening"", ""weekend_evening""], ""smoking"": ""no"", ""space_for_relationship"": null, ""wants_children"": ""no"", ""who_to_meet"": [""woman""]}","{""acceptable_zones"": ""observed"", ""age_max"": ""observed"", ""age_min"": ""observed"", ""conversations"": ""not_asked"", ""emotional_availability"": ""not_asked"", ""has_children"": ""observed"", ""lifestyle"": ""not_asked"", ""partner_children"": ""observed"", ""partner_smoking"": ""observed"", ""relationship_goal"": ""not_asked"", ""relationship_pace"": ""not_asked"", ""relationship_structure"": ""observed"", ""relocate"": ""not_asked"", ""schedule"": ""observed"", ""smoking"": ""observed"", ""space_for_relationship"": ""not_asked"", ""wants_children"": ""observed"", ""who_to_meet"": ""observed""}","{""acceptable_zones"": 12, ""age_max"": 12, ""age_min"": 12, ""conversations"": null, ""emotional_availability"": null, ""has_children"": 12, ""lifestyle"": null, ""partner_children"": 12, ""partner_smoking"": 12, ""relationship_goal"": null, ""relationship_pace"": null, ""relationship_structure"": 12, ""relocate"": null, ""schedule"": 12, ""smoking"": 12, ""space_for_relationship"": null, ""wants_children"": 12, ""who_to_meet"": 12}"
syn_61cda7e159aa26130025f9e8e37162cf,public_06,44,man,zone_a,True,synthetic_questionnaire,True,0,,52,,,,False,,,,,,,,,,moderate,,,not_asked,observed,declined,not_asked,declined,observed,not_asked,not_asked,not_asked,not_asked,not_asked,not_asked,not_asked,declined,not_asked,observed,not_asked,not_asked,,0,,,,0,,,,,,,,,,0,,,"{""acceptable_zones"": null, ""age_max"": 52, ""age_min"": null, ""conversations"": null, ""emotional_availability"": null, ""has_children"": false, ""lifestyle"": null, ""partner_children"": null, ""partner_smoking"": null, ""relationship_goal"": null, ""relationship_pace"": null, ""relationship_structure"": null, ""relocate"": null, ""schedule"": null, ""smoking"": null, ""space_for_relationship"": ""moderate"", ""wants_children"": null, ""who_to_meet"": null}","{""acceptable_zones"": ""not_asked"", ""age_max"": ""observed"", ""age_min"": ""declined"", ""conversations"": ""not_asked"", ""emotional_availability"": ""declined"", ""has_children"": ""observed"", ""lifestyle"": ""not_asked"", ""partner_children"": ""not_asked"", ""partner_smoking"": ""not_asked"", ""relationship_goal"": ""not_asked"", ""relationship_pace"": ""not_asked"", ""relationship_structure"": ""not_asked"", ""relocate"": ""not_asked"", ""schedule"": ""declined"", ""smoking"": ""not_asked"", ""space_for_relationship"": ""observed"", ""wants_children"": ""not_asked"", ""who_to_meet"": ""not_asked""}","{""acceptable_zones"": null, ""age_max"": 0, ""age_min"": null, ""conversations"": null, ""emotional_availability"": null, ""has_children"": 0, ""lifestyle"": null, ""partner_children"": null, ""partner_smoking"": null, ""relationship_goal"": null, ""relationship_pace"": null, ""relationship_structure"": null, ""relocate"": null, ""schedule"": null, ""smoking"": null, ""space_for_relationship"": 0, ""wants_children"": null, ""who_to_meet"": null}"
syn_80d0286ab216c0b9b9144ecd996404f1,public_06,43,woman,zone_a,True,synthetic_questionnaire,True,0,"[""zone_a""]",53,39,,,False,,no_children,no_smoking,,steady,monogamous,,"[""weekend_day"", ""weekday_evening""]",no,,yes,"[""woman"", ""non_binary""]",observed,observed,observed,not_asked,not_asked,observed,not_asked,observed,observed,not_asked,observed,observed,not_asked,observed,observed,not_asked,observed,observed,4,4,4,,,4,,4,4,,0,4,,4,4,,4,4,"{""acceptable_zones"": [""zone_a""], ""age_max"": 53, ""age_min"": 39, ""conversations"": null, ""emotional_availability"": null, ""has_children"": false, ""lifestyle"": null, ""partner_children"": ""no_children"", ""partner_smoking"": ""no_smoking"", ""relationship_goal"": null, ""relationship_pace"": ""steady"", ""relationship_structure"": ""monogamous"", ""relocate"": null, ""schedule"": [""weekend_day"", ""weekday_evening""], ""smoking"": ""no"", ""space_for_relationship"": null, ""wants_children"": ""yes"", ""who_to_meet"": [""woman"", ""non_binary""]}","{""acceptable_zones"": ""observed"", ""age_max"": ""observed"", ""age_min"": ""observed"", ""conversations"": ""not_asked"", ""emotional_availability"": ""not_asked"", ""has_children"": ""observed"", ""lifestyle"": ""not_asked"", ""partner_children"": ""observed"", ""partner_smoking"": ""observed"", ""relationship_goal"": ""not_asked"", ""relationship_pace"": ""observed"", ""relationship_structure"": ""observed"", ""relocate"": ""not_asked"", ""schedule"": ""observed"", ""smoking"": ""observed"", ""space_for_relationship"": ""not_asked"", ""wants_children"": ""observed"", ""who_to_meet"": ""observed""}","{""acceptable_zones"": 4, ""age_max"": 4, ""age_min"": 4, ""conversations"": null, ""emotional_availability"": null, ""has_children"": 4, ""lifestyle"": null, ""partner_children"": 4, ""partner_smoking"": 4, ""relationship_goal"": null, ""relationship_pace"": 0, ""relationship_structure"": 4, ""relocate"": null, ""schedule"": 4, ""smoking"": 4, ""space_for_relationship"": null, ""wants_children"": 4, ""who_to_meet"": 4}"
syn_8270b671dbaed1029b33ebfe15aff488,public_06,36,non_binary,zone_a,True,synthetic_questionnaire,True,4,"[""zone_a""]",41,29,,,False,social,no_children,any,,,monogamous,yes,"[""weekend_evening"", ""weekend_day"", ""weekday_evening""]",no,,yes,"[""man""]",observed,observed,observed,not_asked,not_asked,observed,observed,observed,observed,not_asked,not_asked,observed,observed,observed,observed,not_asked,observed,observed,5,5,5,,,5,4,5,5,,,5,4,5,5,,5,5,"{""acceptable_zones"": [""zone_a""], ""age_max"": 41, ""age_min"": 29, ""conversations"": null, ""emotional_availability"": null, ""has_children"": false, ""lifestyle"": ""social"", ""partner_children"": ""no_children"", ""partner_smoking"": ""any"", ""relationship_goal"": null, ""relationship_pace"": null, ""relationship_structure"": ""monogamous"", ""relocate"": ""yes"", ""schedule"": [""weekend_evening"", ""weekend_day"", ""weekday_evening""], ""smoking"": ""no"", ""space_for_relationship"": null, ""wants_children"": ""yes"", ""who_to_meet"": [""man""]}","{""acceptable_zones"": ""observed"", ""age_max"": ""observed"", ""age_min"": ""observed"", ""conversations"": ""not_asked"", ""emotional_availability"": ""not_asked"", ""has_children"": ""observed"", ""lifestyle"": ""observed"", ""partner_children"": ""observed"", ""partner_smoking"": ""observed"", ""relationship_goal"": ""not_asked"", ""relationship_pace"": ""not_asked"", ""relationship_structure"": ""observed"", ""relocate"": ""observed"", ""schedule"": ""observed"", ""smoking"": ""observed"", ""space_for_relationship"": ""not_asked"", ""wants_children"": ""observed"", ""who_to_meet"": ""observed""}","{""acceptable_zones"": 5, ""age_max"": 5, ""age_min"": 5, ""conversations"": null, ""emotional_availability"": null, ""has_children"": 5, ""lifestyle"": 4, ""partner_children"": 5, ""partner_smoking"": 5, ""relationship_goal"": null, ""relationship_pace"": null, ""relationship_structure"": 5, ""relocate"": 4, ""schedule"": 5, ""smoking"": 5, ""space_for_relationship"": null, ""wants_children"": 5, ""who_to_meet"": 5}"
syn_36edeb4cc50c76c4826bdf8313514294,public_06,28,woman,zone_a,True,synthetic_questionnaire,True,0,"[""zone_a""]",34,25,,,False,,no_children,any,,,monogamous,,"[""weekend_day""]",no,,unsure,"[""non_binary"", ""man""]",observed,observed,observed,not_asked,not_asked,observed,not_asked,observed,observed,not_asked,not_asked,observed,not_asked,observed,observed,not_asked,observed,observed,5,5,5,,,5,,5,5,,,5,,5,5,,5,5,"{""acceptable_zones"": [""zone_a""], ""age_max"": 34, ""age_min"": 25, ""conversations"": null, ""emotional_availability"": null, ""has_children"": false, ""lifestyle"": null, ""partner_children"": ""no_children"", ""partner_smoking"": ""any"", ""relationship_goal"": null, ""relationship_pace"": null, ""relationship_structure"": ""monogamous"", ""relocate"": null, ""schedule"": [""weekend_day""], ""smoking"": ""no"", ""space_for_relationship"": null, ""wants_children"": ""unsure"", ""who_to_meet"": [""non_binary"", ""man""]}","{""acceptable_zones"": ""observed"", ""age_max"": ""observed"", ""age_min"": ""observed"", ""conversations"": ""not_asked"", ""emotional_availability"": ""not_asked"", ""has_children"": ""observed"", ""lifestyle"": ""not_asked"", ""partner_children"": ""observed"", ""partner_smoking"": ""observed"", ""relationship_goal"": ""not_asked"", ""relationship_pace"": ""not_asked"", ""relationship_structure"": ""observed"", ""relocate"": ""not_asked"", ""schedule"": ""observed"", ""smoking"": ""observed"", ""space_for_relationship"": ""not_asked"", ""wants_children"": ""observed"", ""who_to_meet"": ""observed""}","{""acceptable_zones"": 5, ""age_max"": 5, ""age_min"": 5, ""conversations"": null, ""emotional_availability"": null, ""has_children"": 5, ""lifestyle"": null, ""partner_children"": 5, ""partner_smoking"": 5, ""relationship_goal"": null, ""relationship_pace"": null, ""relationship_structure"": 5, ""relocate"": null, ""schedule"": 5, ""smoking"": 5, ""space_for_relationship"": null, ""wants_children"": 5, ""who_to_meet"": 5}"
syn_d1919f155223219486bf45be069aca7c,public_06,29,non_binary,zone_c,True,synthetic_questionnaire,True,0,"[""zone_c""]",34,25,stories,taking_time,False,social,any,any,exploring,slow,monogamous,unsure,"[""weekend_evening""]",occasionally,ample,yes,"[""non_binary""]",observed,observed,observed,observed,observed,observed,observed,observed,observed,observed,observed,observed,observed,observed,observed,observed,observed,observed,0,0,0,0,0,0,0,0,0,0,0,0,0,0,0,0,0,0,"{""acceptable_zones"": [""zone_c""], ""age_max"": 34, ""age_min"": 25, ""conversations"": ""stories"", ""emotional_availability"": ""taking_time"", ""has_children"": false, ""lifestyle"": ""social"", ""partner_children"": ""any"", ""partner_smoking"": ""any"", ""relationship_goal"": ""exploring"", ""relationship_pace"": ""slow"", ""relationship_structure"": ""monogamous"", ""relocate"": ""unsure"", ""schedule"": [""weekend_evening""], ""smoking"": ""occasionally"", ""space_for_relationship"": ""ample"", ""wants_children"": ""yes"", ""who_to_meet"": [""non_binary""]}","{""acceptable_zones"": ""observed"", ""age_max"": ""observed"", ""age_min"": ""observed"", ""conversations"": ""observed"", ""emotional_availability"": ""observed"", ""has_children"": ""observed"", ""lifestyle"": ""observed"", ""partner_children"": ""observed"", ""partner_smoking"": ""observed"", ""relationship_goal"": ""observed"", ""relationship_pace"": ""observed"", ""relationship_structure"": ""observed"", ""relocate"": ""observed"", ""schedule"": ""observed"", ""smoking"": ""observed"", ""space_for_relationship"": ""observed"", ""wants_children"": ""observed"", ""who_to_meet"": ""observed""}","{""acceptable_zones"": 0, ""age_max"": 0, ""age_min"": 0, ""conversations"": 0, ""emotional_availability"": 0, ""has_children"": 0, ""lifestyle"": 0, ""partner_children"": 0, ""partner_smoking"": 0, ""relationship_goal"": 0, ""relationship_pace"": 0, ""relationship_structure"": 0, ""relocate"": 0, ""schedule"": 0, ""smoking"": 0, ""space_for_relationship"": 0, ""wants_children"": 0, ""who_to_meet"": 0}"
syn_cad1eac320b402c75232e3e1af60d034,public_06,32,woman,zone_a,True,synthetic_questionnaire,True,7,"[""zone_a""]",41,29,playful,taking_time,False,mixed,no_children,no_smoking,long_term,quick,non_monogamous,unsure,"[""weekend_evening""]",no,moderate,unsure,"[""woman""]",observed,observed,observed,observed,observed,observed,observed,observed,observed,observed,observed,observed,observed,observed,observed,observed,observed,observed,7,7,7,7,7,7,7,7,7,7,7,7,7,7,7,7,7,7,"{""acceptable_zones"": [""zone_a""], ""age_max"": 41, ""age_min"": 29, ""conversations"": ""playful"", ""emotional_availability"": ""taking_time"", ""has_children"": false, ""lifestyle"": ""mixed"", ""partner_children"": ""no_children"", ""partner_smoking"": ""no_smoking"", ""relationship_goal"": ""long_term"", ""relationship_pace"": ""quick"", ""relationship_structure"": ""non_monogamous"", ""relocate"": ""unsure"", ""schedule"": [""weekend_evening""], ""smoking"": ""no"", ""space_for_relationship"": ""moderate"", ""wants_children"": ""unsure"", ""who_to_meet"": [""woman""]}","{""acceptable_zones"": ""observed"", ""age_max"": ""observed"", ""age_min"": ""observed"", ""conversations"": ""observed"", ""emotional_availability"": ""observed"", ""has_children"": ""observed"", ""lifestyle"": ""observed"", ""partner_children"": ""observed"", ""partner_smoking"": ""observed"", ""relationship_goal"": ""observed"", ""relationship_pace"": ""observed"", ""relationship_structure"": ""observed"", ""relocate"": ""observed"", ""schedule"": ""observed"", ""smoking"": ""observed"", ""space_for_relationship"": ""observed"", ""wants_children"": ""observed"", ""who_to_meet"": ""observed""}","{""acceptable_zones"": 7, ""age_max"": 7, ""age_min"": 7, ""conversations"": 7, ""emotional_availability"": 7, ""has_children"": 7, ""lifestyle"": 7, ""partner_children"": 7, ""partner_smoking"": 7, ""relationship_goal"": 7, ""relationship_pace"": 7, ""relationship_structure"": 7, ""relocate"": 7, ""schedule"": 7, ""smoking"": 7, ""space_for_relationship"": 7, ""wants_children"": 7, ""who_to_meet"": 7}"
syn_a5013ae5c2c2b2e41973f0fffb5cefff,public_06,42,woman,zone_b,True,synthetic_questionnaire,True,0,,46,,,,,,,,,,,,,,,,,not_asked,observed,not_asked,not_asked,not_asked,not_asked,not_asked,not_asked,not_asked,not_asked,not_asked,not_asked,not_asked,not_asked,declined,not_asked,not_asked,not_asked,,0,,,,,,,,,,,,,,,,,"{""acceptable_zones"": null, ""age_max"": 46, ""age_min"": null, ""conversations"": null, ""emotional_availability"": null, ""has_children"": null, ""lifestyle"": null, ""partner_children"": null, ""partner_smoking"": null, ""relationship_goal"": null, ""relationship_pace"": null, ""relationship_structure"": null, ""relocate"": null, ""schedule"": null, ""smoking"": null, ""space_for_relationship"": null, ""wants_children"": null, ""who_to_meet"": null}","{""acceptable_zones"": ""not_asked"", ""age_max"": ""observed"", ""age_min"": ""not_asked"", ""conversations"": ""not_asked"", ""emotional_availability"": ""not_asked"", ""has_children"": ""not_asked"", ""lifestyle"": ""not_asked"", ""partner_children"": ""not_asked"", ""partner_smoking"": ""not_asked"", ""relationship_goal"": ""not_asked"", ""relationship_pace"": ""not_asked"", ""relationship_structure"": ""not_asked"", ""relocate"": ""not_asked"", ""schedule"": ""not_asked"", ""smoking"": ""declined"", ""space_for_relationship"": ""not_asked"", ""wants_children"": ""not_asked"", ""who_to_meet"": ""not_asked""}","{""acceptable_zones"": null, ""age_max"": 0, ""age_min"": null, ""conversations"": null, ""emotional_availability"": null, ""has_children"": null, ""lifestyle"": null, ""partner_children"": null, ""partner_smoking"": null, ""relationship_goal"": null, ""relationship_pace"": null, ""relationship_structure"": null, ""relocate"": null, ""schedule"": null, ""smoking"": null, ""space_for_relationship"": null, ""wants_children"": null, ""who_to_meet"": null}"
syn_4285640031f7bb55b34de15f7fb01178,public_06,23,woman,zone_b,True,synthetic_questionnaire,True,1,,,,,,False,,,,,,,,,,,,,not_asked,not_asked,not_asked,not_asked,not_asked,observed,not_asked,not_asked,not_asked,not_asked,not_asked,not_asked,not_asked,not_asked,not_asked,not_asked,not_asked,declined,,,,,,1,,,,,,,,,,,,,"{""acceptable_zones"": null, ""age_max"": null, ""age_min"": null, ""conversations"": null, ""emotional_availability"": null, ""has_children"": false, ""lifestyle"": null, ""partner_children"": null, ""partner_smoking"": null, ""relationship_goal"": null, ""relationship_pace"": null, ""relationship_structure"": null, ""relocate"": null, ""schedule"": null, ""smoking"": null, ""space_for_relationship"": null, ""wants_children"": null, ""who_to_meet"": null}","{""acceptable_zones"": ""not_asked"", ""age_max"": ""not_asked"", ""age_min"": ""not_asked"", ""conversations"": ""not_asked"", ""emotional_availability"": ""not_asked"", ""has_children"": ""observed"", ""lifestyle"": ""not_asked"", ""partner_children"": ""not_asked"", ""partner_smoking"": ""not_asked"", ""relationship_goal"": ""not_asked"", ""relationship_pace"": ""not_asked"", ""relationship_structure"": ""not_asked"", ""relocate"": ""not_asked"", ""schedule"": ""not_asked"", ""smoking"": ""not_asked"", ""space_for_relationship"": ""not_asked"", ""wants_children"": ""not_asked"", ""who_to_meet"": ""declined""}","{""acceptable_zones"": null, ""age_max"": null, ""age_min"": null, ""conversations"": null, ""emotional_availability"": null, ""has_children"": 1, ""lifestyle"": null, ""partner_children"": null, ""partner_smoking"": null, ""relationship_goal"": null, ""relationship_pace"": null, ""relationship_structure"": null, ""relocate"": null, ""schedule"": null, ""smoking"": null, ""space_for_relationship"": null, ""wants_children"": null, ""who_to_meet"": null}"
syn_53f0e33942ac907ec0c98bd7eeebef9e,public_06,45,man,zone_c,True,synthetic_questionnaire,True,20,,,,playful,,,quiet,,,,,,,,,,,"[""non_binary"", ""woman""]",not_asked,declined,not_asked,observed,not_asked,not_asked,observed,not_asked,not_asked,not_asked,not_asked,not_asked,not_asked,not_asked,not_asked,not_asked,not_asked,observed,,,,20,,,20,,,,,,,,,,,20,"{""acceptable_zones"": null, ""age_max"": null, ""age_min"": null, ""conversations"": ""playful"", ""emotional_availability"": null, ""has_children"": null, ""lifestyle"": ""quiet"", ""partner_children"": null, ""partner_smoking"": null, ""relationship_goal"": null, ""relationship_pace"": null, ""relationship_structure"": null, ""relocate"": null, ""schedule"": null, ""smoking"": null, ""space_for_relationship"": null, ""wants_children"": null, ""who_to_meet"": [""non_binary"", ""woman""]}","{""acceptable_zones"": ""not_asked"", ""age_max"": ""declined"", ""age_min"": ""not_asked"", ""conversations"": ""observed"", ""emotional_availability"": ""not_asked"", ""has_children"": ""not_asked"", ""lifestyle"": ""observed"", ""partner_children"": ""not_asked"", ""partner_smoking"": ""not_asked"", ""relationship_goal"": ""not_asked"", ""relationship_pace"": ""not_asked"", ""relationship_structure"": ""not_asked"", ""relocate"": ""not_asked"", ""schedule"": ""not_asked"", ""smoking"": ""not_asked"", ""space_for_relationship"": ""not_asked"", ""wants_children"": ""not_asked"", ""who_to_meet"": ""observed""}","{""acceptable_zones"": null, ""age_max"": null, ""age_min"": null, ""conversations"": 20, ""emotional_availability"": null, ""has_children"": null, ""lifestyle"": 20, ""partner_children"": null, ""partner_smoking"": null, ""relationship_goal"": null, ""relationship_pace"": null, ""relationship_structure"": null, ""relocate"": null, ""schedule"": null, ""smoking"": null, ""space_for_relationship"": null, ""wants_children"": null, ""who_to_meet"": 20}"
syn_c6fb2e47f7f8c504e206e414bde32c98,public_06,27,woman,zone_a,True,synthetic_questionnaire,True,7,"[""zone_a""]",33,22,,,False,,any,any,,,monogamous,,"[""weekday_evening"", ""weekend_day""]",no,,no,"[""woman""]",observed,observed,observed,declined,not_asked,observed,not_asked,observed,observed,not_asked,not_asked,observed,not_asked,observed,observed,not_asked,observed,observed,7,7,7,,,7,,7,7,,,7,,7,7,,7,7,"{""acceptable_zones"": [""zone_a""], ""age_max"": 33, ""age_min"": 22, ""conversations"": null, ""emotional_availability"": null, ""has_children"": false, ""lifestyle"": null, ""partner_children"": ""any"", ""partner_smoking"": ""any"", ""relationship_goal"": null, ""relationship_pace"": null, ""relationship_structure"": ""monogamous"", ""relocate"": null, ""schedule"": [""weekday_evening"", ""weekend_day""], ""smoking"": ""no"", ""space_for_relationship"": null, ""wants_children"": ""no"", ""who_to_meet"": [""woman""]}","{""acceptable_zones"": ""observed"", ""age_max"": ""observed"", ""age_min"": ""observed"", ""conversations"": ""declined"", ""emotional_availability"": ""not_asked"", ""has_children"": ""observed"", ""lifestyle"": ""not_asked"", ""partner_children"": ""observed"", ""partner_smoking"": ""observed"", ""relationship_goal"": ""not_asked"", ""relationship_pace"": ""not_asked"", ""relationship_structure"": ""observed"", ""relocate"": ""not_asked"", ""schedule"": ""observed"", ""smoking"": ""observed"", ""space_for_relationship"": ""not_asked"", ""wants_children"": ""observed"", ""who_to_meet"": ""observed""}","{""acceptable_zones"": 7, ""age_max"": 7, ""age_min"": 7, ""conversations"": null, ""emotional_availability"": null, ""has_children"": 7, ""lifestyle"": null, ""partner_children"": 7, ""partner_smoking"": 7, ""relationship_goal"": null, ""relationship_pace"": null, ""relationship_structure"": 7, ""relocate"": null, ""schedule"": 7, ""smoking"": 7, ""space_for_relationship"": null, ""wants_children"": 7, ""who_to_meet"": 7}"
syn_406f9092c4dce3cd639ea3d8084fdd5d,public_06,41,woman,zone_c,True,synthetic_questionnaire,True,14,,,,,,False,,,,,slow,,,,,,,,not_asked,declined,not_asked,not_asked,not_asked,observed,not_asked,not_asked,not_asked,not_asked,observed,not_asked,not_asked,not_asked,not_asked,declined,not_asked,not_asked,,,,,,14,,,,,14,,,,,,,,"{""acceptable_zones"": null, ""age_max"": null, ""age_min"": null, ""conversations"": null, ""emotional_availability"": null, ""has_children"": false, ""lifestyle"": null, ""partner_children"": null, ""partner_smoking"": null, ""relationship_goal"": null, ""relationship_pace"": ""slow"", ""relationship_structure"": null, ""relocate"": null, ""schedule"": null, ""smoking"": null, ""space_for_relationship"": null, ""wants_children"": null, ""who_to_meet"": null}","{""acceptable_zones"": ""not_asked"", ""age_max"": ""declined"", ""age_min"": ""not_asked"", ""conversations"": ""not_asked"", ""emotional_availability"": ""not_asked"", ""has_children"": ""observed"", ""lifestyle"": ""not_asked"", ""partner_children"": ""not_asked"", ""partner_smoking"": ""not_asked"", ""relationship_goal"": ""not_asked"", ""relationship_pace"": ""observed"", ""relationship_structure"": ""not_asked"", ""relocate"": ""not_asked"", ""schedule"": ""not_asked"", ""smoking"": ""not_asked"", ""space_for_relationship"": ""declined"", ""wants_children"": ""not_asked"", ""who_to_meet"": ""not_asked""}","{""acceptable_zones"": null, ""age_max"": null, ""age_min"": null, ""conversations"": null, ""emotional_availability"": null, ""has_children"": 14, ""lifestyle"": null, ""partner_children"": null, ""partner_smoking"": null, ""relationship_goal"": null, ""relationship_pace"": 14, ""relationship_structure"": null, ""relocate"": null, ""schedule"": null, ""smoking"": null, ""space_for_relationship"": null, ""wants_children"": null, ""who_to_meet"": null}"
syn_072b504b76074da4be0703379e2ad417,public_06,30,man,zone_a,False,synthetic_questionnaire,True,0,"[""zone_a""]",40,27,ideas,taking_time,False,mixed,any,no_smoking,long_term,steady,monogamous,no,"[""weekend_evening"", ""weekend_day""]",no,limited,yes,"[""man""]",observed,observed,observed,observed,observed,observed,observed,observed,observed,observed,observed,observed,observed,observed,observed,observed,observed,observed,0,0,0,0,0,0,0,0,0,0,0,0,0,0,0,0,0,0,"{""acceptable_zones"": [""zone_a""], ""age_max"": 40, ""age_min"": 27, ""conversations"": ""ideas"", ""emotional_availability"": ""taking_time"", ""has_children"": false, ""lifestyle"": ""mixed"", ""partner_children"": ""any"", ""partner_smoking"": ""no_smoking"", ""relationship_goal"": ""long_term"", ""relationship_pace"": ""steady"", ""relationship_structure"": ""monogamous"", ""relocate"": ""no"", ""schedule"": [""weekend_evening"", ""weekend_day""], ""smoking"": ""no"", ""space_for_relationship"": ""limited"", ""wants_children"": ""yes"", ""who_to_meet"": [""man""]}","{""acceptable_zones"": ""observed"", ""age_max"": ""observed"", ""age_min"": ""observed"", ""conversations"": ""observed"", ""emotional_availability"": ""observed"", ""has_children"": ""observed"", ""lifestyle"": ""observed"", ""partner_children"": ""observed"", ""partner_smoking"": ""observed"", ""relationship_goal"": ""observed"", ""relationship_pace"": ""observed"", ""relationship_structure"": ""observed"", ""relocate"": ""observed"", ""schedule"": ""observed"", ""smoking"": ""observed"", ""space_for_relationship"": ""observed"", ""wants_children"": ""observed"", ""who_to_meet"": ""observed""}","{""acceptable_zones"": 0, ""age_max"": 0, ""age_min"": 0, ""conversations"": 0, ""emotional_availability"": 0, ""has_children"": 0, ""lifestyle"": 0, ""partner_children"": 0, ""partner_smoking"": 0, ""relationship_goal"": 0, ""relationship_pace"": 0, ""relationship_structure"": 0, ""relocate"": 0, ""schedule"": 0, ""smoking"": 0, ""space_for_relationship"": 0, ""wants_children"": 0, ""who_to_meet"": 0}"
syn_c9ba6a6b5c4652f7770c9462de642598,public_06,41,man,zone_a,True,synthetic_questionnaire,True,20,,,,,,,,,,,,,,,,,,,not_asked,not_asked,not_asked,not_asked,not_asked,not_asked,not_asked,declined,not_asked,not_asked,not_asked,not_asked,not_asked,not_asked,not_asked,not_asked,not_asked,declined,,,,,,,,,,,,,,,,,,,"{""acceptable_zones"": null, ""age_max"": null, ""age_min"": null, ""conversations"": null, ""emotional_availability"": null, ""has_children"": null, ""lifestyle"": null, ""partner_children"": null, ""partner_smoking"": null, ""relationship_goal"": null, ""relationship_pace"": null, ""relationship_structure"": null, ""relocate"": null, ""schedule"": null, ""smoking"": null, ""space_for_relationship"": null, ""wants_children"": null, ""who_to_meet"": null}","{""acceptable_zones"": ""not_asked"", ""age_max"": ""not_asked"", ""age_min"": ""not_asked"", ""conversations"": ""not_asked"", ""emotional_availability"": ""not_asked"", ""has_children"": ""not_asked"", ""lifestyle"": ""not_asked"", ""partner_children"": ""declined"", ""partner_smoking"": ""not_asked"", ""relationship_goal"": ""not_asked"", ""relationship_pace"": ""not_asked"", ""relationship_structure"": ""not_asked"", ""relocate"": ""not_asked"", ""schedule"": ""not_asked"", ""smoking"": ""not_asked"", ""space_for_relationship"": ""not_asked"", ""wants_children"": ""not_asked"", ""who_to_meet"": ""declined""}","{""acceptable_zones"": null, ""age_max"": null, ""age_min"": null, ""conversations"": null, ""emotional_availability"": null, ""has_children"": null, ""lifestyle"": null, ""partner_children"": null, ""partner_smoking"": null, ""relationship_goal"": null, ""relationship_pace"": null, ""relationship_structure"": null, ""relocate"": null, ""schedule"": null, ""smoking"": null, ""space_for_relationship"": null, ""wants_children"": null, ""who_to_meet"": null}"
syn_d5e28aca96013fe40140a728f333a66e,public_06,31,woman,zone_b,True,synthetic_questionnaire,True,0,"[""zone_b"", ""zone_d""]",38,21,,,False,,any,any,,,monogamous,,"[""weekend_evening""]",occasionally,,yes,"[""man""]",observed,observed,observed,not_asked,not_asked,observed,not_asked,observed,observed,not_asked,not_asked,observed,not_asked,observed,observed,not_asked,observed,observed,5,5,5,,,5,,5,5,,,5,,5,5,,5,5,"{""acceptable_zones"": [""zone_b"", ""zone_d""], ""age_max"": 38, ""age_min"": 21, ""conversations"": null, ""emotional_availability"": null, ""has_children"": false, ""lifestyle"": null, ""partner_children"": ""any"", ""partner_smoking"": ""any"", ""relationship_goal"": null, ""relationship_pace"": null, ""relationship_structure"": ""monogamous"", ""relocate"": null, ""schedule"": [""weekend_evening""], ""smoking"": ""occasionally"", ""space_for_relationship"": null, ""wants_children"": ""yes"", ""who_to_meet"": [""man""]}","{""acceptable_zones"": ""observed"", ""age_max"": ""observed"", ""age_min"": ""observed"", ""conversations"": ""not_asked"", ""emotional_availability"": ""not_asked"", ""has_children"": ""observed"", ""lifestyle"": ""not_asked"", ""partner_children"": ""observed"", ""partner_smoking"": ""observed"", ""relationship_goal"": ""not_asked"", ""relationship_pace"": ""not_asked"", ""relationship_structure"": ""observed"", ""relocate"": ""not_asked"", ""schedule"": ""observed"", ""smoking"": ""observed"", ""space_for_relationship"": ""not_asked"", ""wants_children"": ""observed"", ""who_to_meet"": ""observed""}","{""acceptable_zones"": 5, ""age_max"": 5, ""age_min"": 5, ""conversations"": null, ""emotional_availability"": null, ""has_children"": 5, ""lifestyle"": null, ""partner_children"": 5, ""partner_smoking"": 5, ""relationship_goal"": null, ""relationship_pace"": null, ""relationship_structure"": 5, ""relocate"": null, ""schedule"": 5, ""smoking"": 5, ""space_for_relationship"": null, ""wants_children"": 5, ""who_to_meet"": 5}"
syn_2bb2200cb1cbdc637910fc2c57b9ad10,public_06,27,woman,zone_d,False,synthetic_questionnaire,True,0,,,,,ready,,,,,,,,,"[""weekend_day""]",,,,,not_asked,declined,not_asked,not_asked,observed,not_asked,not_asked,not_asked,not_asked,not_asked,not_asked,not_asked,not_asked,observed,not_asked,not_asked,not_asked,not_asked,,,,,0,,,,,,,,,0,,,,,"{""acceptable_zones"": null, ""age_max"": null, ""age_min"": null, ""conversations"": null, ""emotional_availability"": ""ready"", ""has_children"": null, ""lifestyle"": null, ""partner_children"": null, ""partner_smoking"": null, ""relationship_goal"": null, ""relationship_pace"": null, ""relationship_structure"": null, ""relocate"": null, ""schedule"": [""weekend_day""], ""smoking"": null, ""space_for_relationship"": null, ""wants_children"": null, ""who_to_meet"": null}","{""acceptable_zones"": ""not_asked"", ""age_max"": ""declined"", ""age_min"": ""not_asked"", ""conversations"": ""not_asked"", ""emotional_availability"": ""observed"", ""has_children"": ""not_asked"", ""lifestyle"": ""not_asked"", ""partner_children"": ""not_asked"", ""partner_smoking"": ""not_asked"", ""relationship_goal"": ""not_asked"", ""relationship_pace"": ""not_asked"", ""relationship_structure"": ""not_asked"", ""relocate"": ""not_asked"", ""schedule"": ""observed"", ""smoking"": ""not_asked"", ""space_for_relationship"": ""not_asked"", ""wants_children"": ""not_asked"", ""who_to_meet"": ""not_asked""}","{""acceptable_zones"": null, ""age_max"": null, ""age_min"": null, ""conversations"": null, ""emotional_availability"": 0, ""has_children"": null, ""lifestyle"": null, ""partner_children"": null, ""partner_smoking"": null, ""relationship_goal"": null, ""relationship_pace"": null, ""relationship_structure"": null, ""relocate"": null, ""schedule"": 0, ""smoking"": null, ""space_for_relationship"": null, ""wants_children"": null, ""who_to_meet"": null}"
syn_4dd7f25937f066e5caa141b20352d5b0,public_06,23,man,zone_b,True,synthetic_questionnaire,True,11,,,,,,,,,,,,,,,,,,,not_asked,not_asked,not_asked,not_asked,not_asked,not_asked,not_asked,not_asked,not_asked,not_asked,not_asked,not_asked,not_asked,declined,not_asked,not_asked,not_asked,not_asked,,,,,,,,,,,,,,,,,,,"{""acceptable_zones"": null, ""age_max"": null, ""age_min"": null, ""conversations"": null, ""emotional_availability"": null, ""has_children"": null, ""lifestyle"": null, ""partner_children"": null, ""partner_smoking"": null, ""relationship_goal"": null, ""relationship_pace"": null, ""relationship_structure"": null, ""relocate"": null, ""schedule"": null, ""smoking"": null, ""space_for_relationship"": null, ""wants_children"": null, ""who_to_meet"": null}","{""acceptable_zones"": ""not_asked"", ""age_max"": ""not_asked"", ""age_min"": ""not_asked"", ""conversations"": ""not_asked"", ""emotional_availability"": ""not_asked"", ""has_children"": ""not_asked"", ""lifestyle"": ""not_asked"", ""partner_children"": ""not_asked"", ""partner_smoking"": ""not_asked"", ""relationship_goal"": ""not_asked"", ""relationship_pace"": ""not_asked"", ""relationship_structure"": ""not_asked"", ""relocate"": ""not_asked"", ""schedule"": ""declined"", ""smoking"": ""not_asked"", ""space_for_relationship"": ""not_asked"", ""wants_children"": ""not_asked"", ""who_to_meet"": ""not_asked""}","{""acceptable_zones"": null, ""age_max"": null, ""age_min"": null, ""conversations"": null, ""emotional_availability"": null, ""has_children"": null, ""lifestyle"": null, ""partner_children"": null, ""partner_smoking"": null, ""relationship_goal"": null, ""relationship_pace"": null, ""relationship_structure"": null, ""relocate"": null, ""schedule"": null, ""smoking"": null, ""space_for_relationship"": null, ""wants_children"": null, ""who_to_meet"": null}"
syn_9dec44b53690b4c6e6b2ecf6f1f394bd,public_06,44,woman,zone_d,True,synthetic_questionnaire,True,0,"[""zone_d""]",52,35,playful,taking_time,False,quiet,any,any,long_term,steady,monogamous,yes,"[""weekend_evening""]",yes,ample,yes,"[""woman""]",observed,observed,observed,observed,observed,observed,observed,observed,observed,observed,observed,observed,observed,observed,observed,observed,observed,observed,0,0,0,0,0,0,0,0,0,0,0,0,0,0,0,0,0,0,"{""acceptable_zones"": [""zone_d""], ""age_max"": 52, ""age_min"": 35, ""conversations"": ""playful"", ""emotional_availability"": ""taking_time"", ""has_children"": false, ""lifestyle"": ""quiet"", ""partner_children"": ""any"", ""partner_smoking"": ""any"", ""relationship_goal"": ""long_term"", ""relationship_pace"": ""steady"", ""relationship_structure"": ""monogamous"", ""relocate"": ""yes"", ""schedule"": [""weekend_evening""], ""smoking"": ""yes"", ""space_for_relationship"": ""ample"", ""wants_children"": ""yes"", ""who_to_meet"": [""woman""]}","{""acceptable_zones"": ""observed"", ""age_max"": ""observed"", ""age_min"": ""observed"", ""conversations"": ""observed"", ""emotional_availability"": ""observed"", ""has_children"": ""observed"", ""lifestyle"": ""observed"", ""partner_children"": ""observed"", ""partner_smoking"": ""observed"", ""relationship_goal"": ""observed"", ""relationship_pace"": ""observed"", ""relationship_structure"": ""observed"", ""relocate"": ""observed"", ""schedule"": ""observed"", ""smoking"": ""observed"", ""space_for_relationship"": ""observed"", ""wants_children"": ""observed"", ""who_to_meet"": ""observed""}","{""acceptable_zones"": 0, ""age_max"": 0, ""age_min"": 0, ""conversations"": 0, ""emotional_availability"": 0, ""has_children"": 0, ""lifestyle"": 0, ""partner_children"": 0, ""partner_smoking"": 0, ""relationship_goal"": 0, ""relationship_pace"": 0, ""relationship_structure"": 0, ""relocate"": 0, ""schedule"": 0, ""smoking"": 0, ""space_for_relationship"": 0, ""wants_children"": 0, ""who_to_meet"": 0}"
syn_1c0d0b1fb9178b4d05539de882a2a64d,public_06,42,woman,zone_a,True,synthetic_questionnaire,True,0,"[""zone_a""]",51,36,,taking_time,False,,no_children,no_smoking,,,monogamous,,"[""weekend_day"", ""weekday_evening"", ""weekend_evening""]",no,,yes,"[""non_binary""]",observed,observed,observed,not_asked,observed,observed,not_asked,observed,observed,not_asked,not_asked,observed,not_asked,observed,observed,not_asked,observed,observed,5,5,5,,0,5,,5,5,,,5,,5,5,,5,5,"{""acceptable_zones"": [""zone_a""], ""age_max"": 51, ""age_min"": 36, ""conversations"": null, ""emotional_availability"": ""taking_time"", ""has_children"": false, ""lifestyle"": null, ""partner_children"": ""no_children"", ""partner_smoking"": ""no_smoking"", ""relationship_goal"": null, ""relationship_pace"": null, ""relationship_structure"": ""monogamous"", ""relocate"": null, ""schedule"": [""weekend_day"", ""weekday_evening"", ""weekend_evening""], ""smoking"": ""no"", ""space_for_relationship"": null, ""wants_children"": ""yes"", ""who_to_meet"": [""non_binary""]}","{""acceptable_zones"": ""observed"", ""age_max"": ""observed"", ""age_min"": ""observed"", ""conversations"": ""not_asked"", ""emotional_availability"": ""observed"", ""has_children"": ""observed"", ""lifestyle"": ""not_asked"", ""partner_children"": ""observed"", ""partner_smoking"": ""observed"", ""relationship_goal"": ""not_asked"", ""relationship_pace"": ""not_asked"", ""relationship_structure"": ""observed"", ""relocate"": ""not_asked"", ""schedule"": ""observed"", ""smoking"": ""observed"", ""space_for_relationship"": ""not_asked"", ""wants_children"": ""observed"", ""who_to_meet"": ""observed""}","{""acceptable_zones"": 5, ""age_max"": 5, ""age_min"": 5, ""conversations"": null, ""emotional_availability"": 0, ""has_children"": 5, ""lifestyle"": null, ""partner_children"": 5, ""partner_smoking"": 5, ""relationship_goal"": null, ""relationship_pace"": null, ""relationship_structure"": 5, ""relocate"": null, ""schedule"": 5, ""smoking"": 5, ""space_for_relationship"": null, ""wants_children"": 5, ""who_to_meet"": 5}"
syn_9cdb9573c5fed332f85c714a6df25f01,public_06,32,woman,zone_d,True,synthetic_questionnaire,True,0,"[""zone_d""]",39,28,ideas,taking_time,False,quiet,no_children,any,exploring,slow,monogamous,yes,"[""weekend_day"", ""weekday_evening""]",no,limited,unsure,"[""man""]",observed,observed,observed,observed,observed,observed,observed,observed,observed,observed,observed,observed,observed,observed,observed,observed,observed,observed,0,0,0,0,0,0,0,0,0,0,0,0,0,0,0,0,0,0,"{""acceptable_zones"": [""zone_d""], ""age_max"": 39, ""age_min"": 28, ""conversations"": ""ideas"", ""emotional_availability"": ""taking_time"", ""has_children"": false, ""lifestyle"": ""quiet"", ""partner_children"": ""no_children"", ""partner_smoking"": ""any"", ""relationship_goal"": ""exploring"", ""relationship_pace"": ""slow"", ""relationship_structure"": ""monogamous"", ""relocate"": ""yes"", ""schedule"": [""weekend_day"", ""weekday_evening""], ""smoking"": ""no"", ""space_for_relationship"": ""limited"", ""wants_children"": ""unsure"", ""who_to_meet"": [""man""]}","{""acceptable_zones"": ""observed"", ""age_max"": ""observed"", ""age_min"": ""observed"", ""conversations"": ""observed"", ""emotional_availability"": ""observed"", ""has_children"": ""observed"", ""lifestyle"": ""observed"", ""partner_children"": ""observed"", ""partner_smoking"": ""observed"", ""relationship_goal"": ""observed"", ""relationship_pace"": ""observed"", ""relationship_structure"": ""observed"", ""relocate"": ""observed"", ""schedule"": ""observed"", ""smoking"": ""observed"", ""space_for_relationship"": ""observed"", ""wants_children"": ""observed"", ""who_to_meet"": ""observed""}","{""acceptable_zones"": 0, ""age_max"": 0, ""age_min"": 0, ""conversations"": 0, ""emotional_availability"": 0, ""has_children"": 0, ""lifestyle"": 0, ""partner_children"": 0, ""partner_smoking"": 0, ""relationship_goal"": 0, ""relationship_pace"": 0, ""relationship_structure"": 0, ""relocate"": 0, ""schedule"": 0, ""smoking"": 0, ""space_for_relationship"": 0, ""wants_children"": 0, ""who_to_meet"": 0}"
syn_d85b1cfe689749e68d827dabe1af349e,public_06,21,man,zone_a,False,synthetic_questionnaire,True,0,"[""zone_a""]",31,18,stories,ready,False,mixed,no_children,any,exploring,quick,monogamous,yes,"[""weekend_evening"", ""weekday_evening"", ""weekend_day""]",occasionally,ample,no,"[""non_binary"", ""woman""]",observed,observed,observed,observed,observed,observed,observed,observed,observed,observed,observed,observed,observed,observed,observed,observed,observed,observed,0,0,0,0,0,0,0,0,0,0,0,0,0,0,0,0,0,0,"{""acceptable_zones"": [""zone_a""], ""age_max"": 31, ""age_min"": 18, ""conversations"": ""stories"", ""emotional_availability"": ""ready"", ""has_children"": false, ""lifestyle"": ""mixed"", ""partner_children"": ""no_children"", ""partner_smoking"": ""any"", ""relationship_goal"": ""exploring"", ""relationship_pace"": ""quick"", ""relationship_structure"": ""monogamous"", ""relocate"": ""yes"", ""schedule"": [""weekend_evening"", ""weekday_evening"", ""weekend_day""], ""smoking"": ""occasionally"", ""space_for_relationship"": ""ample"", ""wants_children"": ""no"", ""who_to_meet"": [""non_binary"", ""woman""]}","{""acceptable_zones"": ""observed"", ""age_max"": ""observed"", ""age_min"": ""observed"", ""conversations"": ""observed"", ""emotional_availability"": ""observed"", ""has_children"": ""observed"", ""lifestyle"": ""observed"", ""partner_children"": ""observed"", ""partner_smoking"": ""observed"", ""relationship_goal"": ""observed"", ""relationship_pace"": ""observed"", ""relationship_structure"": ""observed"", ""relocate"": ""observed"", ""schedule"": ""observed"", ""smoking"": ""observed"", ""space_for_relationship"": ""observed"", ""wants_children"": ""observed"", ""who_to_meet"": ""observed""}","{""acceptable_zones"": 0, ""age_max"": 0, ""age_min"": 0, ""conversations"": 0, ""emotional_availability"": 0, ""has_children"": 0, ""lifestyle"": 0, ""partner_children"": 0, ""partner_smoking"": 0, ""relationship_goal"": 0, ""relationship_pace"": 0, ""relationship_structure"": 0, ""relocate"": 0, ""schedule"": 0, ""smoking"": 0, ""space_for_relationship"": 0, ""wants_children"": 0, ""who_to_meet"": 0}"
syn_874aa1f7444aedde4616b5afa4bdfe8e,public_06,26,man,zone_a,False,synthetic_questionnaire,True,19,"[""zone_a""]",34,20,,,False,quiet,no_children,any,,,monogamous,,"[""weekday_evening""]",no,,yes,"[""woman"", ""man""]",observed,observed,observed,not_asked,not_asked,observed,observed,observed,observed,not_asked,not_asked,observed,not_asked,observed,observed,not_asked,observed,observed,19,19,19,,,19,19,19,19,,,19,,19,19,,19,19,"{""acceptable_zones"": [""zone_a""], ""age_max"": 34, ""age_min"": 20, ""conversations"": null, ""emotional_availability"": null, ""has_children"": false, ""lifestyle"": ""quiet"", ""partner_children"": ""no_children"", ""partner_smoking"": ""any"", ""relationship_goal"": null, ""relationship_pace"": null, ""relationship_structure"": ""monogamous"", ""relocate"": null, ""schedule"": [""weekday_evening""], ""smoking"": ""no"", ""space_for_relationship"": null, ""wants_children"": ""yes"", ""who_to_meet"": [""woman"", ""man""]}","{""acceptable_zones"": ""observed"", ""age_max"": ""observed"", ""age_min"": ""observed"", ""conversations"": ""not_asked"", ""emotional_availability"": ""not_asked"", ""has_children"": ""observed"", ""lifestyle"": ""observed"", ""partner_children"": ""observed"", ""partner_smoking"": ""observed"", ""relationship_goal"": ""not_asked"", ""relationship_pace"": ""not_asked"", ""relationship_structure"": ""observed"", ""relocate"": ""not_asked"", ""schedule"": ""observed"", ""smoking"": ""observed"", ""space_for_relationship"": ""not_asked"", ""wants_children"": ""observed"", ""who_to_meet"": ""observed""}","{""acceptable_zones"": 19, ""age_max"": 19, ""age_min"": 19, ""conversations"": null, ""emotional_availability"": null, ""has_children"": 19, ""lifestyle"": 19, ""partner_children"": 19, ""partner_smoking"": 19, ""relationship_goal"": null, ""relationship_pace"": null, ""relationship_structure"": 19, ""relocate"": null, ""schedule"": 19, ""smoking"": 19, ""space_for_relationship"": null, ""wants_children"": 19, ""who_to_meet"": 19}"
syn_9d9e4383c1b8cda1a8bf9b68a4962538,public_06,38,woman,zone_a,True,synthetic_questionnaire,True,0,"[""zone_a""]",43,28,playful,ready,False,social,no_children,any,long_term,quick,monogamous,unsure,"[""weekend_evening"", ""weekday_evening""]",occasionally,ample,yes,"[""non_binary""]",observed,observed,observed,observed,observed,observed,observed,observed,observed,observed,observed,observed,observed,observed,observed,observed,observed,observed,0,0,0,0,0,0,0,0,0,0,0,0,0,0,0,0,0,0,"{""acceptable_zones"": [""zone_a""], ""age_max"": 43, ""age_min"": 28, ""conversations"": ""playful"", ""emotional_availability"": ""ready"", ""has_children"": false, ""lifestyle"": ""social"", ""partner_children"": ""no_children"", ""partner_smoking"": ""any"", ""relationship_goal"": ""long_term"", ""relationship_pace"": ""quick"", ""relationship_structure"": ""monogamous"", ""relocate"": ""unsure"", ""schedule"": [""weekend_evening"", ""weekday_evening""], ""smoking"": ""occasionally"", ""space_for_relationship"": ""ample"", ""wants_children"": ""yes"", ""who_to_meet"": [""non_binary""]}","{""acceptable_zones"": ""observed"", ""age_max"": ""observed"", ""age_min"": ""observed"", ""conversations"": ""observed"", ""emotional_availability"": ""observed"", ""has_children"": ""observed"", ""lifestyle"": ""observed"", ""partner_children"": ""observed"", ""partner_smoking"": ""observed"", ""relationship_goal"": ""observed"", ""relationship_pace"": ""observed"", ""relationship_structure"": ""observed"", ""relocate"": ""observed"", ""schedule"": ""observed"", ""smoking"": ""observed"", ""space_for_relationship"": ""observed"", ""wants_children"": ""observed"", ""who_to_meet"": ""observed""}","{""acceptable_zones"": 0, ""age_max"": 0, ""age_min"": 0, ""conversations"": 0, ""emotional_availability"": 0, ""has_children"": 0, ""lifestyle"": 0, ""partner_children"": 0, ""partner_smoking"": 0, ""relationship_goal"": 0, ""relationship_pace"": 0, ""relationship_structure"": 0, ""relocate"": 0, ""schedule"": 0, ""smoking"": 0, ""space_for_relationship"": 0, ""wants_children"": 0, ""who_to_meet"": 0}"
syn_9056797104d44cc206fb7d6a40065c70,public_06,46,man,zone_a,True,synthetic_questionnaire,True,5,"[""zone_a""]",55,38,ideas,ready,False,social,no_children,no_smoking,exploring,steady,monogamous,unsure,"[""weekday_evening"", ""weekend_day"", ""weekend_evening""]",no,limited,yes,"[""non_binary""]",observed,observed,observed,observed,observed,observed,observed,observed,observed,observed,observed,observed,observed,observed,observed,observed,observed,observed,5,5,5,5,5,5,5,5,5,5,5,5,5,5,5,5,5,5,"{""acceptable_zones"": [""zone_a""], ""age_max"": 55, ""age_min"": 38, ""conversations"": ""ideas"", ""emotional_availability"": ""ready"", ""has_children"": false, ""lifestyle"": ""social"", ""partner_children"": ""no_children"", ""partner_smoking"": ""no_smoking"", ""relationship_goal"": ""exploring"", ""relationship_pace"": ""steady"", ""relationship_structure"": ""monogamous"", ""relocate"": ""unsure"", ""schedule"": [""weekday_evening"", ""weekend_day"", ""weekend_evening""], ""smoking"": ""no"", ""space_for_relationship"": ""limited"", ""wants_children"": ""yes"", ""who_to_meet"": [""non_binary""]}","{""acceptable_zones"": ""observed"", ""age_max"": ""observed"", ""age_min"": ""observed"", ""conversations"": ""observed"", ""emotional_availability"": ""observed"", ""has_children"": ""observed"", ""lifestyle"": ""observed"", ""partner_children"": ""observed"", ""partner_smoking"": ""observed"", ""relationship_goal"": ""observed"", ""relationship_pace"": ""observed"", ""relationship_structure"": ""observed"", ""relocate"": ""observed"", ""schedule"": ""observed"", ""smoking"": ""observed"", ""space_for_relationship"": ""observed"", ""wants_children"": ""observed"", ""who_to_meet"": ""observed""}","{""acceptable_zones"": 5, ""age_max"": 5, ""age_min"": 5, ""conversations"": 5, ""emotional_availability"": 5, ""has_children"": 5, ""lifestyle"": 5, ""partner_children"": 5, ""partner_smoking"": 5, ""relationship_goal"": 5, ""relationship_pace"": 5, ""relationship_structure"": 5, ""relocate"": 5, ""schedule"": 5, ""smoking"": 5, ""space_for_relationship"": 5, ""wants_children"": 5, ""who_to_meet"": 5}"
syn_3f3943401882c9ead9a59a6dd36d64a6,public_06,29,man,zone_c,True,synthetic_questionnaire,True,0,,,,,,,,,,,,,,,,,unsure,,not_asked,not_asked,declined,not_asked,not_asked,not_asked,not_asked,not_asked,not_asked,not_asked,not_asked,not_asked,not_asked,not_asked,not_asked,declined,observed,not_asked,,,,,,,,,,,,,,,,,0,,"{""acceptable_zones"": null, ""age_max"": null, ""age_min"": null, ""conversations"": null, ""emotional_availability"": null, ""has_children"": null, ""lifestyle"": null, ""partner_children"": null, ""partner_smoking"": null, ""relationship_goal"": null, ""relationship_pace"": null, ""relationship_structure"": null, ""relocate"": null, ""schedule"": null, ""smoking"": null, ""space_for_relationship"": null, ""wants_children"": ""unsure"", ""who_to_meet"": null}","{""acceptable_zones"": ""not_asked"", ""age_max"": ""not_asked"", ""age_min"": ""declined"", ""conversations"": ""not_asked"", ""emotional_availability"": ""not_asked"", ""has_children"": ""not_asked"", ""lifestyle"": ""not_asked"", ""partner_children"": ""not_asked"", ""partner_smoking"": ""not_asked"", ""relationship_goal"": ""not_asked"", ""relationship_pace"": ""not_asked"", ""relationship_structure"": ""not_asked"", ""relocate"": ""not_asked"", ""schedule"": ""not_asked"", ""smoking"": ""not_asked"", ""space_for_relationship"": ""declined"", ""wants_children"": ""observed"", ""who_to_meet"": ""not_asked""}","{""acceptable_zones"": null, ""age_max"": null, ""age_min"": null, ""conversations"": null, ""emotional_availability"": null, ""has_children"": null, ""lifestyle"": null, ""partner_children"": null, ""partner_smoking"": null, ""relationship_goal"": null, ""relationship_pace"": null, ""relationship_structure"": null, ""relocate"": null, ""schedule"": null, ""smoking"": null, ""space_for_relationship"": null, ""wants_children"": 0, ""who_to_meet"": null}"
syn_3c891a0957e43e64579ce9365d7e1834,public_06,25,non_binary,zone_a,True,synthetic_questionnaire,True,0,,,,,,,,,,exploring,,,,,,,,,not_asked,not_asked,declined,not_asked,not_asked,not_asked,not_asked,not_asked,declined,observed,not_asked,not_asked,not_asked,not_asked,not_asked,not_asked,not_asked,not_asked,,,,,,,,,,0,,,,,,,,,"{""acceptable_zones"": null, ""age_max"": null, ""age_min"": null, ""conversations"": null, ""emotional_availability"": null, ""has_children"": null, ""lifestyle"": null, ""partner_children"": null, ""partner_smoking"": null, ""relationship_goal"": ""exploring"", ""relationship_pace"": null, ""relationship_structure"": null, ""relocate"": null, ""schedule"": null, ""smoking"": null, ""space_for_relationship"": null, ""wants_children"": null, ""who_to_meet"": null}","{""acceptable_zones"": ""not_asked"", ""age_max"": ""not_asked"", ""age_min"": ""declined"", ""conversations"": ""not_asked"", ""emotional_availability"": ""not_asked"", ""has_children"": ""not_asked"", ""lifestyle"": ""not_asked"", ""partner_children"": ""not_asked"", ""partner_smoking"": ""declined"", ""relationship_goal"": ""observed"", ""relationship_pace"": ""not_asked"", ""relationship_structure"": ""not_asked"", ""relocate"": ""not_asked"", ""schedule"": ""not_asked"", ""smoking"": ""not_asked"", ""space_for_relationship"": ""not_asked"", ""wants_children"": ""not_asked"", ""who_to_meet"": ""not_asked""}","{""acceptable_zones"": null, ""age_max"": null, ""age_min"": null, ""conversations"": null, ""emotional_availability"": null, ""has_children"": null, ""lifestyle"": null, ""partner_children"": null, ""partner_smoking"": null, ""relationship_goal"": 0, ""relationship_pace"": null, ""relationship_structure"": null, ""relocate"": null, ""schedule"": null, ""smoking"": null, ""space_for_relationship"": null, ""wants_children"": null, ""who_to_meet"": null}"
syn_71d868c1949ba81fc17f32088858e834,public_06,27,woman,zone_a,True,synthetic_questionnaire,True,0,,,,,,,,,,,,,,,,,,,declined,not_asked,not_asked,not_asked,not_asked,not_asked,not_asked,not_asked,not_asked,not_asked,not_asked,not_asked,not_asked,not_asked,not_asked,not_asked,not_asked,not_asked,,,,,,,,,,,,,,,,,,,"{""acceptable_zones"": null, ""age_max"": null, ""age_min"": null, ""conversations"": null, ""emotional_availability"": null, ""has_children"": null, ""lifestyle"": null, ""partner_children"": null, ""partner_smoking"": null, ""relationship_goal"": null, ""relationship_pace"": null, ""relationship_structure"": null, ""relocate"": null, ""schedule"": null, ""smoking"": null, ""space_for_relationship"": null, ""wants_children"": null, ""who_to_meet"": null}","{""acceptable_zones"": ""declined"", ""age_max"": ""not_asked"", ""age_min"": ""not_asked"", ""conversations"": ""not_asked"", ""emotional_availability"": ""not_asked"", ""has_children"": ""not_asked"", ""lifestyle"": ""not_asked"", ""partner_children"": ""not_asked"", ""partner_smoking"": ""not_asked"", ""relationship_goal"": ""not_asked"", ""relationship_pace"": ""not_asked"", ""relationship_structure"": ""not_asked"", ""relocate"": ""not_asked"", ""schedule"": ""not_asked"", ""smoking"": ""not_asked"", ""space_for_relationship"": ""not_asked"", ""wants_children"": ""not_asked"", ""who_to_meet"": ""not_asked""}","{""acceptable_zones"": null, ""age_max"": null, ""age_min"": null, ""conversations"": null, ""emotional_availability"": null, ""has_children"": null, ""lifestyle"": null, ""partner_children"": null, ""partner_smoking"": null, ""relationship_goal"": null, ""relationship_pace"": null, ""relationship_structure"": null, ""relocate"": null, ""schedule"": null, ""smoking"": null, ""space_for_relationship"": null, ""wants_children"": null, ""who_to_meet"": null}"
syn_f4164bbe42312618163053fb76364146,public_06,30,woman,zone_b,True,synthetic_questionnaire,True,0,"[""zone_b""]",35,23,stories,taking_time,False,social,any,any,long_term,slow,non_monogamous,yes,"[""weekday_evening"", ""weekend_evening""]",occasionally,limited,no,"[""woman"", ""man"", ""non_binary""]",observed,observed,observed,observed,observed,observed,observed,observed,observed,observed,observed,observed,observed,observed,observed,observed,observed,observed,0,0,0,0,0,0,0,0,0,0,0,0,0,0,0,0,0,0,"{""acceptable_zones"": [""zone_b""], ""age_max"": 35, ""age_min"": 23, ""conversations"": ""stories"", ""emotional_availability"": ""taking_time"", ""has_children"": false, ""lifestyle"": ""social"", ""partner_children"": ""any"", ""partner_smoking"": ""any"", ""relationship_goal"": ""long_term"", ""relationship_pace"": ""slow"", ""relationship_structure"": ""non_monogamous"", ""relocate"": ""yes"", ""schedule"": [""weekday_evening"", ""weekend_evening""], ""smoking"": ""occasionally"", ""space_for_relationship"": ""limited"", ""wants_children"": ""no"", ""who_to_meet"": [""woman"", ""man"", ""non_binary""]}","{""acceptable_zones"": ""observed"", ""age_max"": ""observed"", ""age_min"": ""observed"", ""conversations"": ""observed"", ""emotional_availability"": ""observed"", ""has_children"": ""observed"", ""lifestyle"": ""observed"", ""partner_children"": ""observed"", ""partner_smoking"": ""observed"", ""relationship_goal"": ""observed"", ""relationship_pace"": ""observed"", ""relationship_structure"": ""observed"", ""relocate"": ""observed"", ""schedule"": ""observed"", ""smoking"": ""observed"", ""space_for_relationship"": ""observed"", ""wants_children"": ""observed"", ""who_to_meet"": ""observed""}","{""acceptable_zones"": 0, ""age_max"": 0, ""age_min"": 0, ""conversations"": 0, ""emotional_availability"": 0, ""has_children"": 0, ""lifestyle"": 0, ""partner_children"": 0, ""partner_smoking"": 0, ""relationship_goal"": 0, ""relationship_pace"": 0, ""relationship_structure"": 0, ""relocate"": 0, ""schedule"": 0, ""smoking"": 0, ""space_for_relationship"": 0, ""wants_children"": 0, ""who_to_meet"": 0}"
syn_e0fe48d89f161d202dcba127b072f2ac,public_06,45,woman,zone_a,True,synthetic_questionnaire,True,0,,,,,,,,,,,steady,,,,,,,,not_asked,not_asked,not_asked,not_asked,not_asked,not_asked,not_asked,declined,not_asked,not_asked,observed,not_asked,not_asked,not_asked,not_asked,declined,not_asked,not_asked,,,,,,,,,,,0,,,,,,,,"{""acceptable_zones"": null, ""age_max"": null, ""age_min"": null, ""conversations"": null, ""emotional_availability"": null, ""has_children"": null, ""lifestyle"": null, ""partner_children"": null, ""partner_smoking"": null, ""relationship_goal"": null, ""relationship_pace"": ""steady"", ""relationship_structure"": null, ""relocate"": null, ""schedule"": null, ""smoking"": null, ""space_for_relationship"": null, ""wants_children"": null, ""who_to_meet"": null}","{""acceptable_zones"": ""not_asked"", ""age_max"": ""not_asked"", ""age_min"": ""not_asked"", ""conversations"": ""not_asked"", ""emotional_availability"": ""not_asked"", ""has_children"": ""not_asked"", ""lifestyle"": ""not_asked"", ""partner_children"": ""declined"", ""partner_smoking"": ""not_asked"", ""relationship_goal"": ""not_asked"", ""relationship_pace"": ""observed"", ""relationship_structure"": ""not_asked"", ""relocate"": ""not_asked"", ""schedule"": ""not_asked"", ""smoking"": ""not_asked"", ""space_for_relationship"": ""declined"", ""wants_children"": ""not_asked"", ""who_to_meet"": ""not_asked""}","{""acceptable_zones"": null, ""age_max"": null, ""age_min"": null, ""conversations"": null, ""emotional_availability"": null, ""has_children"": null, ""lifestyle"": null, ""partner_children"": null, ""partner_smoking"": null, ""relationship_goal"": null, ""relationship_pace"": 0, ""relationship_structure"": null, ""relocate"": null, ""schedule"": null, ""smoking"": null, ""space_for_relationship"": null, ""wants_children"": null, ""who_to_meet"": null}"
syn_60f3ca3668901973c0f12a5059e41f54,public_06,38,man,zone_a,True,synthetic_questionnaire,True,11,,,,,,,,no_children,,,,,,"[""weekend_day"", ""weekday_evening""]",yes,,,,declined,not_asked,not_asked,not_asked,not_asked,not_asked,not_asked,observed,not_asked,not_asked,not_asked,not_asked,not_asked,observed,observed,not_asked,not_asked,not_asked,,,,,,,,11,,,,,,11,11,,,,"{""acceptable_zones"": null, ""age_max"": null, ""age_min"": null, ""conversations"": null, ""emotional_availability"": null, ""has_children"": null, ""lifestyle"": null, ""partner_children"": ""no_children"", ""partner_smoking"": null, ""relationship_goal"": null, ""relationship_pace"": null, ""relationship_structure"": null, ""relocate"": null, ""schedule"": [""weekend_day"", ""weekday_evening""], ""smoking"": ""yes"", ""space_for_relationship"": null, ""wants_children"": null, ""who_to_meet"": null}","{""acceptable_zones"": ""declined"", ""age_max"": ""not_asked"", ""age_min"": ""not_asked"", ""conversations"": ""not_asked"", ""emotional_availability"": ""not_asked"", ""has_children"": ""not_asked"", ""lifestyle"": ""not_asked"", ""partner_children"": ""observed"", ""partner_smoking"": ""not_asked"", ""relationship_goal"": ""not_asked"", ""relationship_pace"": ""not_asked"", ""relationship_structure"": ""not_asked"", ""relocate"": ""not_asked"", ""schedule"": ""observed"", ""smoking"": ""observed"", ""space_for_relationship"": ""not_asked"", ""wants_children"": ""not_asked"", ""who_to_meet"": ""not_asked""}","{""acceptable_zones"": null, ""age_max"": null, ""age_min"": null, ""conversations"": null, ""emotional_availability"": null, ""has_children"": null, ""lifestyle"": null, ""partner_children"": 11, ""partner_smoking"": null, ""relationship_goal"": null, ""relationship_pace"": null, ""relationship_structure"": null, ""relocate"": null, ""schedule"": 11, ""smoking"": 11, ""space_for_relationship"": null, ""wants_children"": null, ""who_to_meet"": null}"
syn_9ffbcbd4f54cb0bd93aca0eaa039820f,public_06,30,man,zone_a,False,synthetic_questionnaire,True,0,"[""zone_a"", ""zone_b""]",37,24,stories,,False,,no_children,any,,,monogamous,,"[""weekday_evening"", ""weekend_day""]",no,,unsure,"[""man"", ""woman"", ""non_binary""]",observed,observed,observed,observed,declined,observed,not_asked,observed,observed,not_asked,not_asked,observed,not_asked,observed,observed,not_asked,observed,observed,6,6,6,0,,6,,6,6,,,6,,6,6,,6,6,"{""acceptable_zones"": [""zone_a"", ""zone_b""], ""age_max"": 37, ""age_min"": 24, ""conversations"": ""stories"", ""emotional_availability"": null, ""has_children"": false, ""lifestyle"": null, ""partner_children"": ""no_children"", ""partner_smoking"": ""any"", ""relationship_goal"": null, ""relationship_pace"": null, ""relationship_structure"": ""monogamous"", ""relocate"": null, ""schedule"": [""weekday_evening"", ""weekend_day""], ""smoking"": ""no"", ""space_for_relationship"": null, ""wants_children"": ""unsure"", ""who_to_meet"": [""man"", ""woman"", ""non_binary""]}","{""acceptable_zones"": ""observed"", ""age_max"": ""observed"", ""age_min"": ""observed"", ""conversations"": ""observed"", ""emotional_availability"": ""declined"", ""has_children"": ""observed"", ""lifestyle"": ""not_asked"", ""partner_children"": ""observed"", ""partner_smoking"": ""observed"", ""relationship_goal"": ""not_asked"", ""relationship_pace"": ""not_asked"", ""relationship_structure"": ""observed"", ""relocate"": ""not_asked"", ""schedule"": ""observed"", ""smoking"": ""observed"", ""space_for_relationship"": ""not_asked"", ""wants_children"": ""observed"", ""who_to_meet"": ""observed""}","{""acceptable_zones"": 6, ""age_max"": 6, ""age_min"": 6, ""conversations"": 0, ""emotional_availability"": null, ""has_children"": 6, ""lifestyle"": null, ""partner_children"": 6, ""partner_smoking"": 6, ""relationship_goal"": null, ""relationship_pace"": null, ""relationship_structure"": 6, ""relocate"": null, ""schedule"": 6, ""smoking"": 6, ""space_for_relationship"": null, ""wants_children"": 6, ""who_to_meet"": 6}"
syn_bbe8f0d4f0d157a59fcaa9a37038d577,public_06,41,woman,zone_a,True,synthetic_questionnaire,True,0,,,,,,,,,,long_term,,,,,no,limited,yes,,not_asked,not_asked,not_asked,not_asked,not_asked,declined,not_asked,not_asked,not_asked,observed,not_asked,not_asked,not_asked,not_asked,observed,observed,observed,not_asked,,,,,,,,,,0,,,,,0,0,0,,"{""acceptable_zones"": null, ""age_max"": null, ""age_min"": null, ""conversations"": null, ""emotional_availability"": null, ""has_children"": null, ""lifestyle"": null, ""partner_children"": null, ""partner_smoking"": null, ""relationship_goal"": ""long_term"", ""relationship_pace"": null, ""relationship_structure"": null, ""relocate"": null, ""schedule"": null, ""smoking"": ""no"", ""space_for_relationship"": ""limited"", ""wants_children"": ""yes"", ""who_to_meet"": null}","{""acceptable_zones"": ""not_asked"", ""age_max"": ""not_asked"", ""age_min"": ""not_asked"", ""conversations"": ""not_asked"", ""emotional_availability"": ""not_asked"", ""has_children"": ""declined"", ""lifestyle"": ""not_asked"", ""partner_children"": ""not_asked"", ""partner_smoking"": ""not_asked"", ""relationship_goal"": ""observed"", ""relationship_pace"": ""not_asked"", ""relationship_structure"": ""not_asked"", ""relocate"": ""not_asked"", ""schedule"": ""not_asked"", ""smoking"": ""observed"", ""space_for_relationship"": ""observed"", ""wants_children"": ""observed"", ""who_to_meet"": ""not_asked""}","{""acceptable_zones"": null, ""age_max"": null, ""age_min"": null, ""conversations"": null, ""emotional_availability"": null, ""has_children"": null, ""lifestyle"": null, ""partner_children"": null, ""partner_smoking"": null, ""relationship_goal"": 0, ""relationship_pace"": null, ""relationship_structure"": null, ""relocate"": null, ""schedule"": null, ""smoking"": 0, ""space_for_relationship"": 0, ""wants_children"": 0, ""who_to_meet"": null}"
syn_cee28e981f0ff4073e1a8c3843f6d236,public_06,40,woman,zone_b,True,synthetic_questionnaire,True,9,"[""zone_b"", ""zone_a""]",45,36,stories,ready,True,mixed,any,no_smoking,long_term,quick,monogamous,unsure,"[""weekend_evening"", ""weekday_evening"", ""weekend_day""]",occasionally,moderate,no,"[""non_binary""]",observed,observed,observed,observed,observed,observed,observed,observed,observed,observed,observed,observed,observed,observed,observed,observed,observed,observed,9,9,9,9,9,9,9,9,9,9,9,9,9,9,9,9,9,9,"{""acceptable_zones"": [""zone_b"", ""zone_a""], ""age_max"": 45, ""age_min"": 36, ""conversations"": ""stories"", ""emotional_availability"": ""ready"", ""has_children"": true, ""lifestyle"": ""mixed"", ""partner_children"": ""any"", ""partner_smoking"": ""no_smoking"", ""relationship_goal"": ""long_term"", ""relationship_pace"": ""quick"", ""relationship_structure"": ""monogamous"", ""relocate"": ""unsure"", ""schedule"": [""weekend_evening"", ""weekday_evening"", ""weekend_day""], ""smoking"": ""occasionally"", ""space_for_relationship"": ""moderate"", ""wants_children"": ""no"", ""who_to_meet"": [""non_binary""]}","{""acceptable_zones"": ""observed"", ""age_max"": ""observed"", ""age_min"": ""observed"", ""conversations"": ""observed"", ""emotional_availability"": ""observed"", ""has_children"": ""observed"", ""lifestyle"": ""observed"", ""partner_children"": ""observed"", ""partner_smoking"": ""observed"", ""relationship_goal"": ""observed"", ""relationship_pace"": ""observed"", ""relationship_structure"": ""observed"", ""relocate"": ""observed"", ""schedule"": ""observed"", ""smoking"": ""observed"", ""space_for_relationship"": ""observed"", ""wants_children"": ""observed"", ""who_to_meet"": ""observed""}","{""acceptable_zones"": 9, ""age_max"": 9, ""age_min"": 9, ""conversations"": 9, ""emotional_availability"": 9, ""has_children"": 9, ""lifestyle"": 9, ""partner_children"": 9, ""partner_smoking"": 9, ""relationship_goal"": 9, ""relationship_pace"": 9, ""relationship_structure"": 9, ""relocate"": 9, ""schedule"": 9, ""smoking"": 9, ""space_for_relationship"": 9, ""wants_children"": 9, ""who_to_meet"": 9}"
syn_2691651974d7edae65d95bf3c9a64895,public_06,46,woman,zone_c,False,synthetic_questionnaire,True,17,,,,,,,social,,,,,,,,,,,,not_asked,not_asked,not_asked,not_asked,not_asked,not_asked,observed,not_asked,not_asked,not_asked,not_asked,not_asked,not_asked,not_asked,not_asked,not_asked,not_asked,declined,,,,,,,17,,,,,,,,,,,,"{""acceptable_zones"": null, ""age_max"": null, ""age_min"": null, ""conversations"": null, ""emotional_availability"": null, ""has_children"": null, ""lifestyle"": ""social"", ""partner_children"": null, ""partner_smoking"": null, ""relationship_goal"": null, ""relationship_pace"": null, ""relationship_structure"": null, ""relocate"": null, ""schedule"": null, ""smoking"": null, ""space_for_relationship"": null, ""wants_children"": null, ""who_to_meet"": null}","{""acceptable_zones"": ""not_asked"", ""age_max"": ""not_asked"", ""age_min"": ""not_asked"", ""conversations"": ""not_asked"", ""emotional_availability"": ""not_asked"", ""has_children"": ""not_asked"", ""lifestyle"": ""observed"", ""partner_children"": ""not_asked"", ""partner_smoking"": ""not_asked"", ""relationship_goal"": ""not_asked"", ""relationship_pace"": ""not_asked"", ""relationship_structure"": ""not_asked"", ""relocate"": ""not_asked"", ""schedule"": ""not_asked"", ""smoking"": ""not_asked"", ""space_for_relationship"": ""not_asked"", ""wants_children"": ""not_asked"", ""who_to_meet"": ""declined""}","{""acceptable_zones"": null, ""age_max"": null, ""age_min"": null, ""conversations"": null, ""emotional_availability"": null, ""has_children"": null, ""lifestyle"": 17, ""partner_children"": null, ""partner_smoking"": null, ""relationship_goal"": null, ""relationship_pace"": null, ""relationship_structure"": null, ""relocate"": null, ""schedule"": null, ""smoking"": null, ""space_for_relationship"": null, ""wants_children"": null, ""who_to_meet"": null}"
syn_aa3d80edea1241f57f76f9cf8c7a6d7a,public_06,26,woman,zone_b,False,synthetic_questionnaire,True,9,"[""zone_b""]",36,21,playful,taking_time,False,mixed,no_children,any,exploring,quick,monogamous,yes,"[""weekend_day"", ""weekday_evening""]",no,ample,unsure,"[""woman""]",observed,observed,observed,observed,observed,observed,observed,observed,observed,observed,observed,observed,observed,observed,observed,observed,observed,observed,9,9,9,9,9,9,9,9,9,9,9,9,9,9,9,9,9,9,"{""acceptable_zones"": [""zone_b""], ""age_max"": 36, ""age_min"": 21, ""conversations"": ""playful"", ""emotional_availability"": ""taking_time"", ""has_children"": false, ""lifestyle"": ""mixed"", ""partner_children"": ""no_children"", ""partner_smoking"": ""any"", ""relationship_goal"": ""exploring"", ""relationship_pace"": ""quick"", ""relationship_structure"": ""monogamous"", ""relocate"": ""yes"", ""schedule"": [""weekend_day"", ""weekday_evening""], ""smoking"": ""no"", ""space_for_relationship"": ""ample"", ""wants_children"": ""unsure"", ""who_to_meet"": [""woman""]}","{""acceptable_zones"": ""observed"", ""age_max"": ""observed"", ""age_min"": ""observed"", ""conversations"": ""observed"", ""emotional_availability"": ""observed"", ""has_children"": ""observed"", ""lifestyle"": ""observed"", ""partner_children"": ""observed"", ""partner_smoking"": ""observed"", ""relationship_goal"": ""observed"", ""relationship_pace"": ""observed"", ""relationship_structure"": ""observed"", ""relocate"": ""observed"", ""schedule"": ""observed"", ""smoking"": ""observed"", ""space_for_relationship"": ""observed"", ""wants_children"": ""observed"", ""who_to_meet"": ""observed""}","{""acceptable_zones"": 9, ""age_max"": 9, ""age_min"": 9, ""conversations"": 9, ""emotional_availability"": 9, ""has_children"": 9, ""lifestyle"": 9, ""partner_children"": 9, ""partner_smoking"": 9, ""relationship_goal"": 9, ""relationship_pace"": 9, ""relationship_structure"": 9, ""relocate"": 9, ""schedule"": 9, ""smoking"": 9, ""space_for_relationship"": 9, ""wants_children"": 9, ""who_to_meet"": 9}"
syn_24b1540ae74c6aa20d1b4a7cd8647bd3,public_06,22,man,zone_a,True,synthetic_questionnaire,True,0,"[""zone_a"", ""zone_d""]",25,18,,,False,,no_children,any,,,monogamous,,"[""weekend_evening"", ""weekday_evening"", ""weekend_day""]",no,,yes,"[""non_binary"", ""man""]",observed,observed,observed,not_asked,not_asked,observed,not_asked,observed,observed,not_asked,not_asked,observed,not_asked,observed,observed,not_asked,observed,observed,6,6,6,,,6,,6,6,,,6,,6,6,,6,6,"{""acceptable_zones"": [""zone_a"", ""zone_d""], ""age_max"": 25, ""age_min"": 18, ""conversations"": null, ""emotional_availability"": null, ""has_children"": false, ""lifestyle"": null, ""partner_children"": ""no_children"", ""partner_smoking"": ""any"", ""relationship_goal"": null, ""relationship_pace"": null, ""relationship_structure"": ""monogamous"", ""relocate"": null, ""schedule"": [""weekend_evening"", ""weekday_evening"", ""weekend_day""], ""smoking"": ""no"", ""space_for_relationship"": null, ""wants_children"": ""yes"", ""who_to_meet"": [""non_binary"", ""man""]}","{""acceptable_zones"": ""observed"", ""age_max"": ""observed"", ""age_min"": ""observed"", ""conversations"": ""not_asked"", ""emotional_availability"": ""not_asked"", ""has_children"": ""observed"", ""lifestyle"": ""not_asked"", ""partner_children"": ""observed"", ""partner_smoking"": ""observed"", ""relationship_goal"": ""not_asked"", ""relationship_pace"": ""not_asked"", ""relationship_structure"": ""observed"", ""relocate"": ""not_asked"", ""schedule"": ""observed"", ""smoking"": ""observed"", ""space_for_relationship"": ""not_asked"", ""wants_children"": ""observed"", ""who_to_meet"": ""observed""}","{""acceptable_zones"": 6, ""age_max"": 6, ""age_min"": 6, ""conversations"": null, ""emotional_availability"": null, ""has_children"": 6, ""lifestyle"": null, ""partner_children"": 6, ""partner_smoking"": 6, ""relationship_goal"": null, ""relationship_pace"": null, ""relationship_structure"": 6, ""relocate"": null, ""schedule"": 6, ""smoking"": 6, ""space_for_relationship"": null, ""wants_children"": 6, ""who_to_meet"": 6}"
syn_8362f407ece84c7903155eb4171025ac,public_06,36,man,zone_a,True,synthetic_questionnaire,True,15,"[""zone_a""]",40,33,practical,ready,False,social,any,no_smoking,exploring,quick,monogamous,unsure,"[""weekend_day""]",occasionally,limited,yes,"[""man""]",observed,observed,observed,observed,observed,observed,observed,observed,observed,observed,observed,observed,observed,observed,observed,observed,observed,observed,15,15,15,15,15,15,15,15,15,15,15,15,15,15,15,15,15,15,"{""acceptable_zones"": [""zone_a""], ""age_max"": 40, ""age_min"": 33, ""conversations"": ""practical"", ""emotional_availability"": ""ready"", ""has_children"": false, ""lifestyle"": ""social"", ""partner_children"": ""any"", ""partner_smoking"": ""no_smoking"", ""relationship_goal"": ""exploring"", ""relationship_pace"": ""quick"", ""relationship_structure"": ""monogamous"", ""relocate"": ""unsure"", ""schedule"": [""weekend_day""], ""smoking"": ""occasionally"", ""space_for_relationship"": ""limited"", ""wants_children"": ""yes"", ""who_to_meet"": [""man""]}","{""acceptable_zones"": ""observed"", ""age_max"": ""observed"", ""age_min"": ""observed"", ""conversations"": ""observed"", ""emotional_availability"": ""observed"", ""has_children"": ""observed"", ""lifestyle"": ""observed"", ""partner_children"": ""observed"", ""partner_smoking"": ""observed"", ""relationship_goal"": ""observed"", ""relationship_pace"": ""observed"", ""relationship_structure"": ""observed"", ""relocate"": ""observed"", ""schedule"": ""observed"", ""smoking"": ""observed"", ""space_for_relationship"": ""observed"", ""wants_children"": ""observed"", ""who_to_meet"": ""observed""}","{""acceptable_zones"": 15, ""age_max"": 15, ""age_min"": 15, ""conversations"": 15, ""emotional_availability"": 15, ""has_children"": 15, ""lifestyle"": 15, ""partner_children"": 15, ""partner_smoking"": 15, ""relationship_goal"": 15, ""relationship_pace"": 15, ""relationship_structure"": 15, ""relocate"": 15, ""schedule"": 15, ""smoking"": 15, ""space_for_relationship"": 15, ""wants_children"": 15, ""who_to_meet"": 15}"
syn_a800c4360c4c83b1f3060ffd5dbcba75,public_06,44,man,zone_a,True,synthetic_questionnaire,True,0,"[""zone_a"", ""zone_c""]",53,39,practical,ready,False,social,no_children,no_smoking,long_term,slow,monogamous,yes,"[""weekend_evening""]",no,limited,yes,"[""woman""]",observed,observed,observed,observed,observed,observed,observed,observed,observed,observed,observed,observed,observed,observed,observed,observed,observed,observed,0,0,0,0,0,0,0,0,0,0,0,0,0,0,0,0,0,0,"{""acceptable_zones"": [""zone_a"", ""zone_c""], ""age_max"": 53, ""age_min"": 39, ""conversations"": ""practical"", ""emotional_availability"": ""ready"", ""has_children"": false, ""lifestyle"": ""social"", ""partner_children"": ""no_children"", ""partner_smoking"": ""no_smoking"", ""relationship_goal"": ""long_term"", ""relationship_pace"": ""slow"", ""relationship_structure"": ""monogamous"", ""relocate"": ""yes"", ""schedule"": [""weekend_evening""], ""smoking"": ""no"", ""space_for_relationship"": ""limited"", ""wants_children"": ""yes"", ""who_to_meet"": [""woman""]}","{""acceptable_zones"": ""observed"", ""age_max"": ""observed"", ""age_min"": ""observed"", ""conversations"": ""observed"", ""emotional_availability"": ""observed"", ""has_children"": ""observed"", ""lifestyle"": ""observed"", ""partner_children"": ""observed"", ""partner_smoking"": ""observed"", ""relationship_goal"": ""observed"", ""relationship_pace"": ""observed"", ""relationship_structure"": ""observed"", ""relocate"": ""observed"", ""schedule"": ""observed"", ""smoking"": ""observed"", ""space_for_relationship"": ""observed"", ""wants_children"": ""observed"", ""who_to_meet"": ""observed""}","{""acceptable_zones"": 0, ""age_max"": 0, ""age_min"": 0, ""conversations"": 0, ""emotional_availability"": 0, ""has_children"": 0, ""lifestyle"": 0, ""partner_children"": 0, ""partner_smoking"": 0, ""relationship_goal"": 0, ""relationship_pace"": 0, ""relationship_structure"": 0, ""relocate"": 0, ""schedule"": 0, ""smoking"": 0, ""space_for_relationship"": 0, ""wants_children"": 0, ""who_to_meet"": 0}"
syn_87fac55a1a72663692d6c80082108bb8,public_06,26,man,zone_b,True,synthetic_questionnaire,True,15,"[""zone_b""]",33,18,stories,taking_time,True,mixed,any,any,exploring,steady,monogamous,yes,"[""weekend_evening"", ""weekday_evening"", ""weekend_day""]",no,ample,yes,"[""woman"", ""non_binary""]",observed,observed,observed,observed,observed,observed,observed,observed,observed,observed,observed,observed,observed,observed,observed,observed,observed,observed,15,15,15,15,15,15,15,15,15,15,15,15,15,15,15,15,15,15,"{""acceptable_zones"": [""zone_b""], ""age_max"": 33, ""age_min"": 18, ""conversations"": ""stories"", ""emotional_availability"": ""taking_time"", ""has_children"": true, ""lifestyle"": ""mixed"", ""partner_children"": ""any"", ""partner_smoking"": ""any"", ""relationship_goal"": ""exploring"", ""relationship_pace"": ""steady"", ""relationship_structure"": ""monogamous"", ""relocate"": ""yes"", ""schedule"": [""weekend_evening"", ""weekday_evening"", ""weekend_day""], ""smoking"": ""no"", ""space_for_relationship"": ""ample"", ""wants_children"": ""yes"", ""who_to_meet"": [""woman"", ""non_binary""]}","{""acceptable_zones"": ""observed"", ""age_max"": ""observed"", ""age_min"": ""observed"", ""conversations"": ""observed"", ""emotional_availability"": ""observed"", ""has_children"": ""observed"", ""lifestyle"": ""observed"", ""partner_children"": ""observed"", ""partner_smoking"": ""observed"", ""relationship_goal"": ""observed"", ""relationship_pace"": ""observed"", ""relationship_structure"": ""observed"", ""relocate"": ""observed"", ""schedule"": ""observed"", ""smoking"": ""observed"", ""space_for_relationship"": ""observed"", ""wants_children"": ""observed"", ""who_to_meet"": ""observed""}","{""acceptable_zones"": 15, ""age_max"": 15, ""age_min"": 15, ""conversations"": 15, ""emotional_availability"": 15, ""has_children"": 15, ""lifestyle"": 15, ""partner_children"": 15, ""partner_smoking"": 15, ""relationship_goal"": 15, ""relationship_pace"": 15, ""relationship_structure"": 15, ""relocate"": 15, ""schedule"": 15, ""smoking"": 15, ""space_for_relationship"": 15, ""wants_children"": 15, ""who_to_meet"": 15}"
syn_1adde579a5eeb204b7478755fdb6e1c0,public_06,37,woman,zone_a,False,synthetic_questionnaire,True,18,"[""zone_a""]",46,32,practical,,False,,no_children,any,,,monogamous,,"[""weekend_evening""]",no,,no,"[""woman""]",observed,observed,observed,observed,not_asked,observed,not_asked,observed,observed,not_asked,not_asked,observed,not_asked,observed,observed,not_asked,observed,observed,18,18,18,18,,18,,18,18,,,18,,18,18,,18,18,"{""acceptable_zones"": [""zone_a""], ""age_max"": 46, ""age_min"": 32, ""conversations"": ""practical"", ""emotional_availability"": null, ""has_children"": false, ""lifestyle"": null, ""partner_children"": ""no_children"", ""partner_smoking"": ""any"", ""relationship_goal"": null, ""relationship_pace"": null, ""relationship_structure"": ""monogamous"", ""relocate"": null, ""schedule"": [""weekend_evening""], ""smoking"": ""no"", ""space_for_relationship"": null, ""wants_children"": ""no"", ""who_to_meet"": [""woman""]}","{""acceptable_zones"": ""observed"", ""age_max"": ""observed"", ""age_min"": ""observed"", ""conversations"": ""observed"", ""emotional_availability"": ""not_asked"", ""has_children"": ""observed"", ""lifestyle"": ""not_asked"", ""partner_children"": ""observed"", ""partner_smoking"": ""observed"", ""relationship_goal"": ""not_asked"", ""relationship_pace"": ""not_asked"", ""relationship_structure"": ""observed"", ""relocate"": ""not_asked"", ""schedule"": ""observed"", ""smoking"": ""observed"", ""space_for_relationship"": ""not_asked"", ""wants_children"": ""observed"", ""who_to_meet"": ""observed""}","{""acceptable_zones"": 18, ""age_max"": 18, ""age_min"": 18, ""conversations"": 18, ""emotional_availability"": null, ""has_children"": 18, ""lifestyle"": null, ""partner_children"": 18, ""partner_smoking"": 18, ""relationship_goal"": null, ""relationship_pace"": null, ""relationship_structure"": 18, ""relocate"": null, ""schedule"": 18, ""smoking"": 18, ""space_for_relationship"": null, ""wants_children"": 18, ""who_to_meet"": 18}"
syn_c2505ada93c7004bbe413a93b83f5d22,public_06,35,woman,zone_a,True,synthetic_questionnaire,True,19,,,,,,,,,,,quick,,,,,,,,not_asked,not_asked,declined,not_asked,not_asked,not_asked,declined,not_asked,not_asked,not_asked,observed,not_asked,not_asked,not_asked,declined,not_asked,not_asked,not_asked,,,,,,,,,,,19,,,,,,,,"{""acceptable_zones"": null, ""age_max"": null, ""age_min"": null, ""conversations"": null, ""emotional_availability"": null, ""has_children"": null, ""lifestyle"": null, ""partner_children"": null, ""partner_smoking"": null, ""relationship_goal"": null, ""relationship_pace"": ""quick"", ""relationship_structure"": null, ""relocate"": null, ""schedule"": null, ""smoking"": null, ""space_for_relationship"": null, ""wants_children"": null, ""who_to_meet"": null}","{""acceptable_zones"": ""not_asked"", ""age_max"": ""not_asked"", ""age_min"": ""declined"", ""conversations"": ""not_asked"", ""emotional_availability"": ""not_asked"", ""has_children"": ""not_asked"", ""lifestyle"": ""declined"", ""partner_children"": ""not_asked"", ""partner_smoking"": ""not_asked"", ""relationship_goal"": ""not_asked"", ""relationship_pace"": ""observed"", ""relationship_structure"": ""not_asked"", ""relocate"": ""not_asked"", ""schedule"": ""not_asked"", ""smoking"": ""declined"", ""space_for_relationship"": ""not_asked"", ""wants_children"": ""not_asked"", ""who_to_meet"": ""not_asked""}","{""acceptable_zones"": null, ""age_max"": null, ""age_min"": null, ""conversations"": null, ""emotional_availability"": null, ""has_children"": null, ""lifestyle"": null, ""partner_children"": null, ""partner_smoking"": null, ""relationship_goal"": null, ""relationship_pace"": 19, ""relationship_structure"": null, ""relocate"": null, ""schedule"": null, ""smoking"": null, ""space_for_relationship"": null, ""wants_children"": null, ""who_to_meet"": null}"
syn_d13cdac51dea7ea75c175bebccc25d91,public_06,35,woman,zone_b,True,synthetic_questionnaire,True,0,"[""zone_b""]",41,28,stories,taking_time,False,quiet,any,no_smoking,long_term,slow,monogamous,unsure,"[""weekend_evening"", ""weekend_day""]",no,moderate,yes,"[""woman""]",observed,observed,observed,observed,observed,observed,observed,observed,observed,observed,observed,observed,observed,observed,observed,observed,observed,observed,0,0,0,0,0,0,0,0,0,0,0,0,0,0,0,0,0,0,"{""acceptable_zones"": [""zone_b""], ""age_max"": 41, ""age_min"": 28, ""conversations"": ""stories"", ""emotional_availability"": ""taking_time"", ""has_children"": false, ""lifestyle"": ""quiet"", ""partner_children"": ""any"", ""partner_smoking"": ""no_smoking"", ""relationship_goal"": ""long_term"", ""relationship_pace"": ""slow"", ""relationship_structure"": ""monogamous"", ""relocate"": ""unsure"", ""schedule"": [""weekend_evening"", ""weekend_day""], ""smoking"": ""no"", ""space_for_relationship"": ""moderate"", ""wants_children"": ""yes"", ""who_to_meet"": [""woman""]}","{""acceptable_zones"": ""observed"", ""age_max"": ""observed"", ""age_min"": ""observed"", ""conversations"": ""observed"", ""emotional_availability"": ""observed"", ""has_children"": ""observed"", ""lifestyle"": ""observed"", ""partner_children"": ""observed"", ""partner_smoking"": ""observed"", ""relationship_goal"": ""observed"", ""relationship_pace"": ""observed"", ""relationship_structure"": ""observed"", ""relocate"": ""observed"", ""schedule"": ""observed"", ""smoking"": ""observed"", ""space_for_relationship"": ""observed"", ""wants_children"": ""observed"", ""who_to_meet"": ""observed""}","{""acceptable_zones"": 0, ""age_max"": 0, ""age_min"": 0, ""conversations"": 0, ""emotional_availability"": 0, ""has_children"": 0, ""lifestyle"": 0, ""partner_children"": 0, ""partner_smoking"": 0, ""relationship_goal"": 0, ""relationship_pace"": 0, ""relationship_structure"": 0, ""relocate"": 0, ""schedule"": 0, ""smoking"": 0, ""space_for_relationship"": 0, ""wants_children"": 0, ""who_to_meet"": 0}"
syn_349ee7b01e38dcc698383eb00c1dd3bc,public_06,35,man,zone_b,True,synthetic_questionnaire,True,0,,,,,,False,,,,exploring,slow,monogamous,,,,,,,not_asked,not_asked,not_asked,not_asked,not_asked,observed,not_asked,not_asked,not_asked,observed,observed,observed,not_asked,declined,not_asked,not_asked,not_asked,not_asked,,,,,,0,,,,0,0,0,,,,,,,"{""acceptable_zones"": null, ""age_max"": null, ""age_min"": null, ""conversations"": null, ""emotional_availability"": null, ""has_children"": false, ""lifestyle"": null, ""partner_children"": null, ""partner_smoking"": null, ""relationship_goal"": ""exploring"", ""relationship_pace"": ""slow"", ""relationship_structure"": ""monogamous"", ""relocate"": null, ""schedule"": null, ""smoking"": null, ""space_for_relationship"": null, ""wants_children"": null, ""who_to_meet"": null}","{""acceptable_zones"": ""not_asked"", ""age_max"": ""not_asked"", ""age_min"": ""not_asked"", ""conversations"": ""not_asked"", ""emotional_availability"": ""not_asked"", ""has_children"": ""observed"", ""lifestyle"": ""not_asked"", ""partner_children"": ""not_asked"", ""partner_smoking"": ""not_asked"", ""relationship_goal"": ""observed"", ""relationship_pace"": ""observed"", ""relationship_structure"": ""observed"", ""relocate"": ""not_asked"", ""schedule"": ""declined"", ""smoking"": ""not_asked"", ""space_for_relationship"": ""not_asked"", ""wants_children"": ""not_asked"", ""who_to_meet"": ""not_asked""}","{""acceptable_zones"": null, ""age_max"": null, ""age_min"": null, ""conversations"": null, ""emotional_availability"": null, ""has_children"": 0, ""lifestyle"": null, ""partner_children"": null, ""partner_smoking"": null, ""relationship_goal"": 0, ""relationship_pace"": 0, ""relationship_structure"": 0, ""relocate"": null, ""schedule"": null, ""smoking"": null, ""space_for_relationship"": null, ""wants_children"": null, ""who_to_meet"": null}"
syn_f20e223709cb90042dab9f18fbeaba8c,public_06,23,man,zone_a,False,synthetic_questionnaire,True,15,"[""zone_a"", ""zone_c""]",27,18,stories,ready,False,social,any,any,long_term,steady,monogamous,no,"[""weekday_evening"", ""weekend_evening"", ""weekend_day""]",no,moderate,unsure,"[""woman"", ""man"", ""non_binary""]",observed,observed,observed,observed,observed,observed,observed,observed,observed,observed,observed,observed,observed,observed,observed,observed,observed,observed,15,15,15,15,15,15,15,15,15,15,15,15,15,15,15,15,15,15,"{""acceptable_zones"": [""zone_a"", ""zone_c""], ""age_max"": 27, ""age_min"": 18, ""conversations"": ""stories"", ""emotional_availability"": ""ready"", ""has_children"": false, ""lifestyle"": ""social"", ""partner_children"": ""any"", ""partner_smoking"": ""any"", ""relationship_goal"": ""long_term"", ""relationship_pace"": ""steady"", ""relationship_structure"": ""monogamous"", ""relocate"": ""no"", ""schedule"": [""weekday_evening"", ""weekend_evening"", ""weekend_day""], ""smoking"": ""no"", ""space_for_relationship"": ""moderate"", ""wants_children"": ""unsure"", ""who_to_meet"": [""woman"", ""man"", ""non_binary""]}","{""acceptable_zones"": ""observed"", ""age_max"": ""observed"", ""age_min"": ""observed"", ""conversations"": ""observed"", ""emotional_availability"": ""observed"", ""has_children"": ""observed"", ""lifestyle"": ""observed"", ""partner_children"": ""observed"", ""partner_smoking"": ""observed"", ""relationship_goal"": ""observed"", ""relationship_pace"": ""observed"", ""relationship_structure"": ""observed"", ""relocate"": ""observed"", ""schedule"": ""observed"", ""smoking"": ""observed"", ""space_for_relationship"": ""observed"", ""wants_children"": ""observed"", ""who_to_meet"": ""observed""}","{""acceptable_zones"": 15, ""age_max"": 15, ""age_min"": 15, ""conversations"": 15, ""emotional_availability"": 15, ""has_children"": 15, ""lifestyle"": 15, ""partner_children"": 15, ""partner_smoking"": 15, ""relationship_goal"": 15, ""relationship_pace"": 15, ""relationship_structure"": 15, ""relocate"": 15, ""schedule"": 15, ""smoking"": 15, ""space_for_relationship"": 15, ""wants_children"": 15, ""who_to_meet"": 15}"
syn_fbbb86a63551cd904716048e53130b3f,public_06,45,man,zone_a,False,synthetic_questionnaire,True,0,"[""zone_a""]",51,38,playful,taking_time,False,quiet,any,any,exploring,quick,monogamous,yes,"[""weekend_evening""]",occasionally,moderate,yes,"[""woman""]",observed,observed,observed,observed,observed,observed,observed,observed,observed,observed,observed,observed,observed,observed,observed,observed,observed,observed,0,0,0,0,0,0,0,0,0,0,0,0,0,0,0,0,0,0,"{""acceptable_zones"": [""zone_a""], ""age_max"": 51, ""age_min"": 38, ""conversations"": ""playful"", ""emotional_availability"": ""taking_time"", ""has_children"": false, ""lifestyle"": ""quiet"", ""partner_children"": ""any"", ""partner_smoking"": ""any"", ""relationship_goal"": ""exploring"", ""relationship_pace"": ""quick"", ""relationship_structure"": ""monogamous"", ""relocate"": ""yes"", ""schedule"": [""weekend_evening""], ""smoking"": ""occasionally"", ""space_for_relationship"": ""moderate"", ""wants_children"": ""yes"", ""who_to_meet"": [""woman""]}","{""acceptable_zones"": ""observed"", ""age_max"": ""observed"", ""age_min"": ""observed"", ""conversations"": ""observed"", ""emotional_availability"": ""observed"", ""has_children"": ""observed"", ""lifestyle"": ""observed"", ""partner_children"": ""observed"", ""partner_smoking"": ""observed"", ""relationship_goal"": ""observed"", ""relationship_pace"": ""observed"", ""relationship_structure"": ""observed"", ""relocate"": ""observed"", ""schedule"": ""observed"", ""smoking"": ""observed"", ""space_for_relationship"": ""observed"", ""wants_children"": ""observed"", ""who_to_meet"": ""observed""}","{""acceptable_zones"": 0, ""age_max"": 0, ""age_min"": 0, ""conversations"": 0, ""emotional_availability"": 0, ""has_children"": 0, ""lifestyle"": 0, ""partner_children"": 0, ""partner_smoking"": 0, ""relationship_goal"": 0, ""relationship_pace"": 0, ""relationship_structure"": 0, ""relocate"": 0, ""schedule"": 0, ""smoking"": 0, ""space_for_relationship"": 0, ""wants_children"": 0, ""who_to_meet"": 0}"
syn_82d0e64580bd701a64fde9155e95de51,public_06,45,man,zone_a,True,synthetic_questionnaire,True,0,,,36,,,,,no_children,,,,,,"[""weekday_evening"", ""weekend_day"", ""weekend_evening""]",no,,,,not_asked,not_asked,observed,not_asked,not_asked,not_asked,not_asked,observed,not_asked,not_asked,not_asked,declined,not_asked,observed,observed,not_asked,not_asked,not_asked,,,0,,,,,0,,,,,,0,0,,,,"{""acceptable_zones"": null, ""age_max"": null, ""age_min"": 36, ""conversations"": null, ""emotional_availability"": null, ""has_children"": null, ""lifestyle"": null, ""partner_children"": ""no_children"", ""partner_smoking"": null, ""relationship_goal"": null, ""relationship_pace"": null, ""relationship_structure"": null, ""relocate"": null, ""schedule"": [""weekday_evening"", ""weekend_day"", ""weekend_evening""], ""smoking"": ""no"", ""space_for_relationship"": null, ""wants_children"": null, ""who_to_meet"": null}","{""acceptable_zones"": ""not_asked"", ""age_max"": ""not_asked"", ""age_min"": ""observed"", ""conversations"": ""not_asked"", ""emotional_availability"": ""not_asked"", ""has_children"": ""not_asked"", ""lifestyle"": ""not_asked"", ""partner_children"": ""observed"", ""partner_smoking"": ""not_asked"", ""relationship_goal"": ""not_asked"", ""relationship_pace"": ""not_asked"", ""relationship_structure"": ""declined"", ""relocate"": ""not_asked"", ""schedule"": ""observed"", ""smoking"": ""observed"", ""space_for_relationship"": ""not_asked"", ""wants_children"": ""not_asked"", ""who_to_meet"": ""not_asked""}","{""acceptable_zones"": null, ""age_max"": null, ""age_min"": 0, ""conversations"": null, ""emotional_availability"": null, ""has_children"": null, ""lifestyle"": null, ""partner_children"": 0, ""partner_smoking"": null, ""relationship_goal"": null, ""relationship_pace"": null, ""relationship_structure"": null, ""relocate"": null, ""schedule"": 0, ""smoking"": 0, ""space_for_relationship"": null, ""wants_children"": null, ""who_to_meet"": null}"
syn_ee2c03fd8f21082d61fb8a222cf67af1,public_06,31,man,zone_a,True,synthetic_questionnaire,True,5,,,,playful,,,,,,,,,,,,,,,not_asked,not_asked,not_asked,observed,not_asked,not_asked,not_asked,not_asked,declined,not_asked,not_asked,not_asked,not_asked,not_asked,not_asked,not_asked,not_asked,not_asked,,,,5,,,,,,,,,,,,,,,"{""acceptable_zones"": null, ""age_max"": null, ""age_min"": null, ""conversations"": ""playful"", ""emotional_availability"": null, ""has_children"": null, ""lifestyle"": null, ""partner_children"": null, ""partner_smoking"": null, ""relationship_goal"": null, ""relationship_pace"": null, ""relationship_structure"": null, ""relocate"": null, ""schedule"": null, ""smoking"": null, ""space_for_relationship"": null, ""wants_children"": null, ""who_to_meet"": null}","{""acceptable_zones"": ""not_asked"", ""age_max"": ""not_asked"", ""age_min"": ""not_asked"", ""conversations"": ""observed"", ""emotional_availability"": ""not_asked"", ""has_children"": ""not_asked"", ""lifestyle"": ""not_asked"", ""partner_children"": ""not_asked"", ""partner_smoking"": ""declined"", ""relationship_goal"": ""not_asked"", ""relationship_pace"": ""not_asked"", ""relationship_structure"": ""not_asked"", ""relocate"": ""not_asked"", ""schedule"": ""not_asked"", ""smoking"": ""not_asked"", ""space_for_relationship"": ""not_asked"", ""wants_children"": ""not_asked"", ""who_to_meet"": ""not_asked""}","{""acceptable_zones"": null, ""age_max"": null, ""age_min"": null, ""conversations"": 5, ""emotional_availability"": null, ""has_children"": null, ""lifestyle"": null, ""partner_children"": null, ""partner_smoking"": null, ""relationship_goal"": null, ""relationship_pace"": null, ""relationship_structure"": null, ""relocate"": null, ""schedule"": null, ""smoking"": null, ""space_for_relationship"": null, ""wants_children"": null, ""who_to_meet"": null}"
syn_53c01775b662b8bc6cb3cf73dd48344a,public_06,34,woman,zone_a,True,synthetic_questionnaire,True,5,"[""zone_a""]",43,31,ideas,taking_time,True,mixed,any,no_smoking,exploring,steady,monogamous,no,"[""weekend_evening""]",no,moderate,unsure,"[""non_binary""]",observed,observed,observed,observed,observed,observed,observed,observed,observed,observed,observed,observed,observed,observed,observed,observed,observed,observed,5,5,5,5,5,5,5,5,5,5,5,5,5,5,5,5,5,5,"{""acceptable_zones"": [""zone_a""], ""age_max"": 43, ""age_min"": 31, ""conversations"": ""ideas"", ""emotional_availability"": ""taking_time"", ""has_children"": true, ""lifestyle"": ""mixed"", ""partner_children"": ""any"", ""partner_smoking"": ""no_smoking"", ""relationship_goal"": ""exploring"", ""relationship_pace"": ""steady"", ""relationship_structure"": ""monogamous"", ""relocate"": ""no"", ""schedule"": [""weekend_evening""], ""smoking"": ""no"", ""space_for_relationship"": ""moderate"", ""wants_children"": ""unsure"", ""who_to_meet"": [""non_binary""]}","{""acceptable_zones"": ""observed"", ""age_max"": ""observed"", ""age_min"": ""observed"", ""conversations"": ""observed"", ""emotional_availability"": ""observed"", ""has_children"": ""observed"", ""lifestyle"": ""observed"", ""partner_children"": ""observed"", ""partner_smoking"": ""observed"", ""relationship_goal"": ""observed"", ""relationship_pace"": ""observed"", ""relationship_structure"": ""observed"", ""relocate"": ""observed"", ""schedule"": ""observed"", ""smoking"": ""observed"", ""space_for_relationship"": ""observed"", ""wants_children"": ""observed"", ""who_to_meet"": ""observed""}","{""acceptable_zones"": 5, ""age_max"": 5, ""age_min"": 5, ""conversations"": 5, ""emotional_availability"": 5, ""has_children"": 5, ""lifestyle"": 5, ""partner_children"": 5, ""partner_smoking"": 5, ""relationship_goal"": 5, ""relationship_pace"": 5, ""relationship_structure"": 5, ""relocate"": 5, ""schedule"": 5, ""smoking"": 5, ""space_for_relationship"": 5, ""wants_children"": 5, ""who_to_meet"": 5}"
syn_0383713d5892e823a52a731095f3b0af,public_06,44,woman,zone_a,True,synthetic_questionnaire,True,0,"[""zone_a""]",48,,playful,,,,,,,,,,,,,,,observed,observed,not_asked,observed,not_asked,not_asked,not_asked,not_asked,not_asked,declined,not_asked,not_asked,not_asked,declined,not_asked,not_asked,not_asked,not_asked,0,0,,0,,,,,,,,,,,,,,,"{""acceptable_zones"": [""zone_a""], ""age_max"": 48, ""age_min"": null, ""conversations"": ""playful"", ""emotional_availability"": null, ""has_children"": null, ""lifestyle"": null, ""partner_children"": null, ""partner_smoking"": null, ""relationship_goal"": null, ""relationship_pace"": null, ""relationship_structure"": null, ""relocate"": null, ""schedule"": null, ""smoking"": null, ""space_for_relationship"": null, ""wants_children"": null, ""who_to_meet"": null}","{""acceptable_zones"": ""observed"", ""age_max"": ""observed"", ""age_min"": ""not_asked"", ""conversations"": ""observed"", ""emotional_availability"": ""not_asked"", ""has_children"": ""not_asked"", ""lifestyle"": ""not_asked"", ""partner_children"": ""not_asked"", ""partner_smoking"": ""not_asked"", ""relationship_goal"": ""declined"", ""relationship_pace"": ""not_asked"", ""relationship_structure"": ""not_asked"", ""relocate"": ""not_asked"", ""schedule"": ""declined"", ""smoking"": ""not_asked"", ""space_for_relationship"": ""not_asked"", ""wants_children"": ""not_asked"", ""who_to_meet"": ""not_asked""}","{""acceptable_zones"": 0, ""age_max"": 0, ""age_min"": null, ""conversations"": 0, ""emotional_availability"": null, ""has_children"": null, ""lifestyle"": null, ""partner_children"": null, ""partner_smoking"": null, ""relationship_goal"": null, ""relationship_pace"": null, ""relationship_structure"": null, ""relocate"": null, ""schedule"": null, ""smoking"": null, ""space_for_relationship"": null, ""wants_children"": null, ""who_to_meet"": null}"
syn_f723fdfacb1e4dcb56d6f0d7896cd986,public_06,30,man,zone_c,True,synthetic_questionnaire,True,0,,37,,,,,,,,,,,,,,,,"[""man"", ""woman"", ""non_binary""]",not_asked,observed,not_asked,not_asked,not_asked,declined,not_asked,declined,not_asked,not_asked,not_asked,not_asked,not_asked,not_asked,not_asked,not_asked,not_asked,observed,,0,,,,,,,,,,,,,,,,0,"{""acceptable_zones"": null, ""age_max"": 37, ""age_min"": null, ""conversations"": null, ""emotional_availability"": null, ""has_children"": null, ""lifestyle"": null, ""partner_children"": null, ""partner_smoking"": null, ""relationship_goal"": null, ""relationship_pace"": null, ""relationship_structure"": null, ""relocate"": null, ""schedule"": null, ""smoking"": null, ""space_for_relationship"": null, ""wants_children"": null, ""who_to_meet"": [""man"", ""woman"", ""non_binary""]}","{""acceptable_zones"": ""not_asked"", ""age_max"": ""observed"", ""age_min"": ""not_asked"", ""conversations"": ""not_asked"", ""emotional_availability"": ""not_asked"", ""has_children"": ""declined"", ""lifestyle"": ""not_asked"", ""partner_children"": ""declined"", ""partner_smoking"": ""not_asked"", ""relationship_goal"": ""not_asked"", ""relationship_pace"": ""not_asked"", ""relationship_structure"": ""not_asked"", ""relocate"": ""not_asked"", ""schedule"": ""not_asked"", ""smoking"": ""not_asked"", ""space_for_relationship"": ""not_asked"", ""wants_children"": ""not_asked"", ""who_to_meet"": ""observed""}","{""acceptable_zones"": null, ""age_max"": 0, ""age_min"": null, ""conversations"": null, ""emotional_availability"": null, ""has_children"": null, ""lifestyle"": null, ""partner_children"": null, ""partner_smoking"": null, ""relationship_goal"": null, ""relationship_pace"": null, ""relationship_structure"": null, ""relocate"": null, ""schedule"": null, ""smoking"": null, ""space_for_relationship"": null, ""wants_children"": null, ""who_to_meet"": 0}"
syn_4f884b21fd65b880fb4ed247bc8a8e3c,public_06,28,non_binary,zone_b,True,synthetic_questionnaire,True,14,"[""zone_b""]",32,22,ideas,,False,,any,any,,,monogamous,,"[""weekend_evening"", ""weekend_day"", ""weekday_evening""]",yes,,no,"[""man"", ""woman""]",observed,observed,observed,observed,not_asked,observed,not_asked,observed,observed,not_asked,not_asked,observed,not_asked,observed,observed,not_asked,observed,observed,14,14,14,14,,14,,14,14,,,14,,14,14,,14,14,"{""acceptable_zones"": [""zone_b""], ""age_max"": 32, ""age_min"": 22, ""conversations"": ""ideas"", ""emotional_availability"": null, ""has_children"": false, ""lifestyle"": null, ""partner_children"": ""any"", ""partner_smoking"": ""any"", ""relationship_goal"": null, ""relationship_pace"": null, ""relationship_structure"": ""monogamous"", ""relocate"": null, ""schedule"": [""weekend_evening"", ""weekend_day"", ""weekday_evening""], ""smoking"": ""yes"", ""space_for_relationship"": null, ""wants_children"": ""no"", ""who_to_meet"": [""man"", ""woman""]}","{""acceptable_zones"": ""observed"", ""age_max"": ""observed"", ""age_min"": ""observed"", ""conversations"": ""observed"", ""emotional_availability"": ""not_asked"", ""has_children"": ""observed"", ""lifestyle"": ""not_asked"", ""partner_children"": ""observed"", ""partner_smoking"": ""observed"", ""relationship_goal"": ""not_asked"", ""relationship_pace"": ""not_asked"", ""relationship_structure"": ""observed"", ""relocate"": ""not_asked"", ""schedule"": ""observed"", ""smoking"": ""observed"", ""space_for_relationship"": ""not_asked"", ""wants_children"": ""observed"", ""who_to_meet"": ""observed""}","{""acceptable_zones"": 14, ""age_max"": 14, ""age_min"": 14, ""conversations"": 14, ""emotional_availability"": null, ""has_children"": 14, ""lifestyle"": null, ""partner_children"": 14, ""partner_smoking"": 14, ""relationship_goal"": null, ""relationship_pace"": null, ""relationship_structure"": 14, ""relocate"": null, ""schedule"": 14, ""smoking"": 14, ""space_for_relationship"": null, ""wants_children"": 14, ""who_to_meet"": 14}"
syn_f51e305074f2b275d78613115473e28b,public_06,45,woman,zone_a,True,synthetic_questionnaire,True,6,"[""zone_a"", ""zone_b""]",53,35,practical,taking_time,False,mixed,any,no_smoking,exploring,slow,monogamous,unsure,"[""weekday_evening"", ""weekend_day"", ""weekend_evening""]",no,moderate,yes,"[""non_binary""]",observed,observed,observed,observed,observed,observed,observed,observed,observed,observed,observed,observed,observed,observed,observed,observed,observed,observed,6,6,6,6,6,6,6,6,6,6,6,6,6,6,6,6,6,6,"{""acceptable_zones"": [""zone_a"", ""zone_b""], ""age_max"": 53, ""age_min"": 35, ""conversations"": ""practical"", ""emotional_availability"": ""taking_time"", ""has_children"": false, ""lifestyle"": ""mixed"", ""partner_children"": ""any"", ""partner_smoking"": ""no_smoking"", ""relationship_goal"": ""exploring"", ""relationship_pace"": ""slow"", ""relationship_structure"": ""monogamous"", ""relocate"": ""unsure"", ""schedule"": [""weekday_evening"", ""weekend_day"", ""weekend_evening""], ""smoking"": ""no"", ""space_for_relationship"": ""moderate"", ""wants_children"": ""yes"", ""who_to_meet"": [""non_binary""]}","{""acceptable_zones"": ""observed"", ""age_max"": ""observed"", ""age_min"": ""observed"", ""conversations"": ""observed"", ""emotional_availability"": ""observed"", ""has_children"": ""observed"", ""lifestyle"": ""observed"", ""partner_children"": ""observed"", ""partner_smoking"": ""observed"", ""relationship_goal"": ""observed"", ""relationship_pace"": ""observed"", ""relationship_structure"": ""observed"", ""relocate"": ""observed"", ""schedule"": ""observed"", ""smoking"": ""observed"", ""space_for_relationship"": ""observed"", ""wants_children"": ""observed"", ""who_to_meet"": ""observed""}","{""acceptable_zones"": 6, ""age_max"": 6, ""age_min"": 6, ""conversations"": 6, ""emotional_availability"": 6, ""has_children"": 6, ""lifestyle"": 6, ""partner_children"": 6, ""partner_smoking"": 6, ""relationship_goal"": 6, ""relationship_pace"": 6, ""relationship_structure"": 6, ""relocate"": 6, ""schedule"": 6, ""smoking"": 6, ""space_for_relationship"": 6, ""wants_children"": 6, ""who_to_meet"": 6}"
syn_d5c5da583d6394f2409e606577809ebe,public_06,42,woman,zone_a,True,synthetic_questionnaire,True,0,,,,,,,,,,long_term,,,,,,,,,not_asked,not_asked,declined,not_asked,not_asked,not_asked,not_asked,not_asked,not_asked,observed,not_asked,not_asked,declined,not_asked,not_asked,not_asked,declined,not_asked,,,,,,,,,,0,,,,,,,,,"{""acceptable_zones"": null, ""age_max"": null, ""age_min"": null, ""conversations"": null, ""emotional_availability"": null, ""has_children"": null, ""lifestyle"": null, ""partner_children"": null, ""partner_smoking"": null, ""relationship_goal"": ""long_term"", ""relationship_pace"": null, ""relationship_structure"": null, ""relocate"": null, ""schedule"": null, ""smoking"": null, ""space_for_relationship"": null, ""wants_children"": null, ""who_to_meet"": null}","{""acceptable_zones"": ""not_asked"", ""age_max"": ""not_asked"", ""age_min"": ""declined"", ""conversations"": ""not_asked"", ""emotional_availability"": ""not_asked"", ""has_children"": ""not_asked"", ""lifestyle"": ""not_asked"", ""partner_children"": ""not_asked"", ""partner_smoking"": ""not_asked"", ""relationship_goal"": ""observed"", ""relationship_pace"": ""not_asked"", ""relationship_structure"": ""not_asked"", ""relocate"": ""declined"", ""schedule"": ""not_asked"", ""smoking"": ""not_asked"", ""space_for_relationship"": ""not_asked"", ""wants_children"": ""declined"", ""who_to_meet"": ""not_asked""}","{""acceptable_zones"": null, ""age_max"": null, ""age_min"": null, ""conversations"": null, ""emotional_availability"": null, ""has_children"": null, ""lifestyle"": null, ""partner_children"": null, ""partner_smoking"": null, ""relationship_goal"": 0, ""relationship_pace"": null, ""relationship_structure"": null, ""relocate"": null, ""schedule"": null, ""smoking"": null, ""space_for_relationship"": null, ""wants_children"": null, ""who_to_meet"": null}"
syn_d96ddd3e231173bc6e77ac89de879139,public_06,23,man,zone_a,True,synthetic_questionnaire,True,5,"[""zone_a""]",31,18,playful,taking_time,False,mixed,no_children,no_smoking,exploring,slow,monogamous,yes,"[""weekend_day""]",no,limited,unsure,"[""non_binary""]",observed,observed,observed,observed,observed,observed,observed,observed,observed,observed,observed,observed,observed,observed,observed,observed,observed,observed,5,5,5,5,5,5,5,5,5,5,5,5,5,5,5,5,5,5,"{""acceptable_zones"": [""zone_a""], ""age_max"": 31, ""age_min"": 18, ""conversations"": ""playful"", ""emotional_availability"": ""taking_time"", ""has_children"": false, ""lifestyle"": ""mixed"", ""partner_children"": ""no_children"", ""partner_smoking"": ""no_smoking"", ""relationship_goal"": ""exploring"", ""relationship_pace"": ""slow"", ""relationship_structure"": ""monogamous"", ""relocate"": ""yes"", ""schedule"": [""weekend_day""], ""smoking"": ""no"", ""space_for_relationship"": ""limited"", ""wants_children"": ""unsure"", ""who_to_meet"": [""non_binary""]}","{""acceptable_zones"": ""observed"", ""age_max"": ""observed"", ""age_min"": ""observed"", ""conversations"": ""observed"", ""emotional_availability"": ""observed"", ""has_children"": ""observed"", ""lifestyle"": ""observed"", ""partner_children"": ""observed"", ""partner_smoking"": ""observed"", ""relationship_goal"": ""observed"", ""relationship_pace"": ""observed"", ""relationship_structure"": ""observed"", ""relocate"": ""observed"", ""schedule"": ""observed"", ""smoking"": ""observed"", ""space_for_relationship"": ""observed"", ""wants_children"": ""observed"", ""who_to_meet"": ""observed""}","{""acceptable_zones"": 5, ""age_max"": 5, ""age_min"": 5, ""conversations"": 5, ""emotional_availability"": 5, ""has_children"": 5, ""lifestyle"": 5, ""partner_children"": 5, ""partner_smoking"": 5, ""relationship_goal"": 5, ""relationship_pace"": 5, ""relationship_structure"": 5, ""relocate"": 5, ""schedule"": 5, ""smoking"": 5, ""space_for_relationship"": 5, ""wants_children"": 5, ""who_to_meet"": 5}"
syn_ce6e46a4d61e6c4dec59accde0834b51,public_06,22,man,zone_b,True,synthetic_questionnaire,True,6,"[""zone_b""]",30,18,practical,ready,True,mixed,no_children,any,exploring,slow,non_monogamous,no,"[""weekend_evening"", ""weekend_day"", ""weekday_evening""]",no,moderate,unsure,"[""man""]",observed,observed,observed,observed,observed,observed,observed,observed,observed,observed,observed,observed,observed,observed,observed,observed,observed,observed,6,6,6,6,6,6,6,6,6,6,6,6,6,6,6,6,6,6,"{""acceptable_zones"": [""zone_b""], ""age_max"": 30, ""age_min"": 18, ""conversations"": ""practical"", ""emotional_availability"": ""ready"", ""has_children"": true, ""lifestyle"": ""mixed"", ""partner_children"": ""no_children"", ""partner_smoking"": ""any"", ""relationship_goal"": ""exploring"", ""relationship_pace"": ""slow"", ""relationship_structure"": ""non_monogamous"", ""relocate"": ""no"", ""schedule"": [""weekend_evening"", ""weekend_day"", ""weekday_evening""], ""smoking"": ""no"", ""space_for_relationship"": ""moderate"", ""wants_children"": ""unsure"", ""who_to_meet"": [""man""]}","{""acceptable_zones"": ""observed"", ""age_max"": ""observed"", ""age_min"": ""observed"", ""conversations"": ""observed"", ""emotional_availability"": ""observed"", ""has_children"": ""observed"", ""lifestyle"": ""observed"", ""partner_children"": ""observed"", ""partner_smoking"": ""observed"", ""relationship_goal"": ""observed"", ""relationship_pace"": ""observed"", ""relationship_structure"": ""observed"", ""relocate"": ""observed"", ""schedule"": ""observed"", ""smoking"": ""observed"", ""space_for_relationship"": ""observed"", ""wants_children"": ""observed"", ""who_to_meet"": ""observed""}","{""acceptable_zones"": 6, ""age_max"": 6, ""age_min"": 6, ""conversations"": 6, ""emotional_availability"": 6, ""has_children"": 6, ""lifestyle"": 6, ""partner_children"": 6, ""partner_smoking"": 6, ""relationship_goal"": 6, ""relationship_pace"": 6, ""relationship_structure"": 6, ""relocate"": 6, ""schedule"": 6, ""smoking"": 6, ""space_for_relationship"": 6, ""wants_children"": 6, ""who_to_meet"": 6}"
syn_3cb34ced71bf5b819b06d1a5c6c2a614,public_06,25,man,zone_a,True,synthetic_questionnaire,True,10,,29,,,,,social,,,,,,,,,,no,,not_asked,observed,not_asked,not_asked,not_asked,not_asked,observed,not_asked,not_asked,not_asked,not_asked,not_asked,not_asked,not_asked,declined,not_asked,observed,not_asked,,10,,,,,10,,,,,,,,,,10,,"{""acceptable_zones"": null, ""age_max"": 29, ""age_min"": null, ""conversations"": null, ""emotional_availability"": null, ""has_children"": null, ""lifestyle"": ""social"", ""partner_children"": null, ""partner_smoking"": null, ""relationship_goal"": null, ""relationship_pace"": null, ""relationship_structure"": null, ""relocate"": null, ""schedule"": null, ""smoking"": null, ""space_for_relationship"": null, ""wants_children"": ""no"", ""who_to_meet"": null}","{""acceptable_zones"": ""not_asked"", ""age_max"": ""observed"", ""age_min"": ""not_asked"", ""conversations"": ""not_asked"", ""emotional_availability"": ""not_asked"", ""has_children"": ""not_asked"", ""lifestyle"": ""observed"", ""partner_children"": ""not_asked"", ""partner_smoking"": ""not_asked"", ""relationship_goal"": ""not_asked"", ""relationship_pace"": ""not_asked"", ""relationship_structure"": ""not_asked"", ""relocate"": ""not_asked"", ""schedule"": ""not_asked"", ""smoking"": ""declined"", ""space_for_relationship"": ""not_asked"", ""wants_children"": ""observed"", ""who_to_meet"": ""not_asked""}","{""acceptable_zones"": null, ""age_max"": 10, ""age_min"": null, ""conversations"": null, ""emotional_availability"": null, ""has_children"": null, ""lifestyle"": 10, ""partner_children"": null, ""partner_smoking"": null, ""relationship_goal"": null, ""relationship_pace"": null, ""relationship_structure"": null, ""relocate"": null, ""schedule"": null, ""smoking"": null, ""space_for_relationship"": null, ""wants_children"": 10, ""who_to_meet"": null}"
syn_753f66768c1fc72197f73090e0d6fc62,public_06,43,woman,zone_a,False,synthetic_questionnaire,True,0,"[""zone_a"", ""zone_b""]",47,39,playful,ready,False,social,no_children,any,exploring,slow,monogamous,unsure,"[""weekend_evening""]",no,limited,unsure,"[""man""]",observed,observed,observed,observed,observed,observed,observed,observed,observed,observed,observed,observed,observed,observed,observed,observed,observed,observed,0,0,0,0,0,0,0,0,0,0,0,0,0,0,0,0,0,0,"{""acceptable_zones"": [""zone_a"", ""zone_b""], ""age_max"": 47, ""age_min"": 39, ""conversations"": ""playful"", ""emotional_availability"": ""ready"", ""has_children"": false, ""lifestyle"": ""social"", ""partner_children"": ""no_children"", ""partner_smoking"": ""any"", ""relationship_goal"": ""exploring"", ""relationship_pace"": ""slow"", ""relationship_structure"": ""monogamous"", ""relocate"": ""unsure"", ""schedule"": [""weekend_evening""], ""smoking"": ""no"", ""space_for_relationship"": ""limited"", ""wants_children"": ""unsure"", ""who_to_meet"": [""man""]}","{""acceptable_zones"": ""observed"", ""age_max"": ""observed"", ""age_min"": ""observed"", ""conversations"": ""observed"", ""emotional_availability"": ""observed"", ""has_children"": ""observed"", ""lifestyle"": ""observed"", ""partner_children"": ""observed"", ""partner_smoking"": ""observed"", ""relationship_goal"": ""observed"", ""relationship_pace"": ""observed"", ""relationship_structure"": ""observed"", ""relocate"": ""observed"", ""schedule"": ""observed"", ""smoking"": ""observed"", ""space_for_relationship"": ""observed"", ""wants_children"": ""observed"", ""who_to_meet"": ""observed""}","{""acceptable_zones"": 0, ""age_max"": 0, ""age_min"": 0, ""conversations"": 0, ""emotional_availability"": 0, ""has_children"": 0, ""lifestyle"": 0, ""partner_children"": 0, ""partner_smoking"": 0, ""relationship_goal"": 0, ""relationship_pace"": 0, ""relationship_structure"": 0, ""relocate"": 0, ""schedule"": 0, ""smoking"": 0, ""space_for_relationship"": 0, ""wants_children"": 0, ""who_to_meet"": 0}"
syn_0854d44af913f675049a173b3addf2a9,public_06,41,woman,zone_a,True,synthetic_questionnaire,True,0,"[""zone_a""]",45,38,ideas,taking_time,False,social,any,no_smoking,long_term,steady,non_monogamous,unsure,"[""weekday_evening"", ""weekend_day""]",occasionally,limited,no,"[""man""]",observed,observed,observed,observed,observed,observed,observed,observed,observed,observed,observed,observed,observed,observed,observed,observed,observed,observed,0,0,0,0,0,0,0,0,0,0,0,0,0,0,0,0,0,0,"{""acceptable_zones"": [""zone_a""], ""age_max"": 45, ""age_min"": 38, ""conversations"": ""ideas"", ""emotional_availability"": ""taking_time"", ""has_children"": false, ""lifestyle"": ""social"", ""partner_children"": ""any"", ""partner_smoking"": ""no_smoking"", ""relationship_goal"": ""long_term"", ""relationship_pace"": ""steady"", ""relationship_structure"": ""non_monogamous"", ""relocate"": ""unsure"", ""schedule"": [""weekday_evening"", ""weekend_day""], ""smoking"": ""occasionally"", ""space_for_relationship"": ""limited"", ""wants_children"": ""no"", ""who_to_meet"": [""man""]}","{""acceptable_zones"": ""observed"", ""age_max"": ""observed"", ""age_min"": ""observed"", ""conversations"": ""observed"", ""emotional_availability"": ""observed"", ""has_children"": ""observed"", ""lifestyle"": ""observed"", ""partner_children"": ""observed"", ""partner_smoking"": ""observed"", ""relationship_goal"": ""observed"", ""relationship_pace"": ""observed"", ""relationship_structure"": ""observed"", ""relocate"": ""observed"", ""schedule"": ""observed"", ""smoking"": ""observed"", ""space_for_relationship"": ""observed"", ""wants_children"": ""observed"", ""who_to_meet"": ""observed""}","{""acceptable_zones"": 0, ""age_max"": 0, ""age_min"": 0, ""conversations"": 0, ""emotional_availability"": 0, ""has_children"": 0, ""lifestyle"": 0, ""partner_children"": 0, ""partner_smoking"": 0, ""relationship_goal"": 0, ""relationship_pace"": 0, ""relationship_structure"": 0, ""relocate"": 0, ""schedule"": 0, ""smoking"": 0, ""space_for_relationship"": 0, ""wants_children"": 0, ""who_to_meet"": 0}"
syn_80e68238319e11f1b8d38bc3e38deaec,public_06,30,man,zone_a,True,synthetic_questionnaire,True,0,"[""zone_a""]",35,26,practical,taking_time,False,social,no_children,no_smoking,exploring,quick,monogamous,no,"[""weekend_evening""]",no,moderate,no,"[""non_binary"", ""man""]",observed,observed,observed,observed,observed,observed,observed,observed,observed,observed,observed,observed,observed,observed,observed,observed,observed,observed,0,0,0,0,0,0,0,0,0,0,0,0,0,0,0,0,0,0,"{""acceptable_zones"": [""zone_a""], ""age_max"": 35, ""age_min"": 26, ""conversations"": ""practical"", ""emotional_availability"": ""taking_time"", ""has_children"": false, ""lifestyle"": ""social"", ""partner_children"": ""no_children"", ""partner_smoking"": ""no_smoking"", ""relationship_goal"": ""exploring"", ""relationship_pace"": ""quick"", ""relationship_structure"": ""monogamous"", ""relocate"": ""no"", ""schedule"": [""weekend_evening""], ""smoking"": ""no"", ""space_for_relationship"": ""moderate"", ""wants_children"": ""no"", ""who_to_meet"": [""non_binary"", ""man""]}","{""acceptable_zones"": ""observed"", ""age_max"": ""observed"", ""age_min"": ""observed"", ""conversations"": ""observed"", ""emotional_availability"": ""observed"", ""has_children"": ""observed"", ""lifestyle"": ""observed"", ""partner_children"": ""observed"", ""partner_smoking"": ""observed"", ""relationship_goal"": ""observed"", ""relationship_pace"": ""observed"", ""relationship_structure"": ""observed"", ""relocate"": ""observed"", ""schedule"": ""observed"", ""smoking"": ""observed"", ""space_for_relationship"": ""observed"", ""wants_children"": ""observed"", ""who_to_meet"": ""observed""}","{""acceptable_zones"": 0, ""age_max"": 0, ""age_min"": 0, ""conversations"": 0, ""emotional_availability"": 0, ""has_children"": 0, ""lifestyle"": 0, ""partner_children"": 0, ""partner_smoking"": 0, ""relationship_goal"": 0, ""relationship_pace"": 0, ""relationship_structure"": 0, ""relocate"": 0, ""schedule"": 0, ""smoking"": 0, ""space_for_relationship"": 0, ""wants_children"": 0, ""who_to_meet"": 0}"
syn_901a8836b1a83cdffbdfc020bb2dc0bc,public_06,31,man,zone_b,True,synthetic_questionnaire,True,0,,,,ideas,taking_time,,,no_children,,,,,,,,,,,not_asked,declined,not_asked,observed,observed,declined,not_asked,observed,not_asked,not_asked,not_asked,not_asked,not_asked,not_asked,not_asked,not_asked,not_asked,not_asked,,,,0,0,,,0,,,,,,,,,,,"{""acceptable_zones"": null, ""age_max"": null, ""age_min"": null, ""conversations"": ""ideas"", ""emotional_availability"": ""taking_time"", ""has_children"": null, ""lifestyle"": null, ""partner_children"": ""no_children"", ""partner_smoking"": null, ""relationship_goal"": null, ""relationship_pace"": null, ""relationship_structure"": null, ""relocate"": null, ""schedule"": null, ""smoking"": null, ""space_for_relationship"": null, ""wants_children"": null, ""who_to_meet"": null}","{""acceptable_zones"": ""not_asked"", ""age_max"": ""declined"", ""age_min"": ""not_asked"", ""conversations"": ""observed"", ""emotional_availability"": ""observed"", ""has_children"": ""declined"", ""lifestyle"": ""not_asked"", ""partner_children"": ""observed"", ""partner_smoking"": ""not_asked"", ""relationship_goal"": ""not_asked"", ""relationship_pace"": ""not_asked"", ""relationship_structure"": ""not_asked"", ""relocate"": ""not_asked"", ""schedule"": ""not_asked"", ""smoking"": ""not_asked"", ""space_for_relationship"": ""not_asked"", ""wants_children"": ""not_asked"", ""who_to_meet"": ""not_asked""}","{""acceptable_zones"": null, ""age_max"": null, ""age_min"": null, ""conversations"": 0, ""emotional_availability"": 0, ""has_children"": null, ""lifestyle"": null, ""partner_children"": 0, ""partner_smoking"": null, ""relationship_goal"": null, ""relationship_pace"": null, ""relationship_structure"": null, ""relocate"": null, ""schedule"": null, ""smoking"": null, ""space_for_relationship"": null, ""wants_children"": null, ""who_to_meet"": null}"
syn_98be35230ffe3d23fdf11aabe37e0084,public_06,38,man,zone_a,True,synthetic_questionnaire,True,20,,,,,,,,,,,,,,,,,,,not_asked,not_asked,not_asked,not_asked,not_asked,not_asked,not_asked,not_asked,not_asked,not_asked,not_asked,not_asked,not_asked,not_asked,not_asked,not_asked,not_asked,declined,,,,,,,,,,,,,,,,,,,"{""acceptable_zones"": null, ""age_max"": null, ""age_min"": null, ""conversations"": null, ""emotional_availability"": null, ""has_children"": null, ""lifestyle"": null, ""partner_children"": null, ""partner_smoking"": null, ""relationship_goal"": null, ""relationship_pace"": null, ""relationship_structure"": null, ""relocate"": null, ""schedule"": null, ""smoking"": null, ""space_for_relationship"": null, ""wants_children"": null, ""who_to_meet"": null}","{""acceptable_zones"": ""not_asked"", ""age_max"": ""not_asked"", ""age_min"": ""not_asked"", ""conversations"": ""not_asked"", ""emotional_availability"": ""not_asked"", ""has_children"": ""not_asked"", ""lifestyle"": ""not_asked"", ""partner_children"": ""not_asked"", ""partner_smoking"": ""not_asked"", ""relationship_goal"": ""not_asked"", ""relationship_pace"": ""not_asked"", ""relationship_structure"": ""not_asked"", ""relocate"": ""not_asked"", ""schedule"": ""not_asked"", ""smoking"": ""not_asked"", ""space_for_relationship"": ""not_asked"", ""wants_children"": ""not_asked"", ""who_to_meet"": ""declined""}","{""acceptable_zones"": null, ""age_max"": null, ""age_min"": null, ""conversations"": null, ""emotional_availability"": null, ""has_children"": null, ""lifestyle"": null, ""partner_children"": null, ""partner_smoking"": null, ""relationship_goal"": null, ""relationship_pace"": null, ""relationship_structure"": null, ""relocate"": null, ""schedule"": null, ""smoking"": null, ""space_for_relationship"": null, ""wants_children"": null, ""who_to_meet"": null}"
syn_97adb9e517d4c8a9a951072cfae1b9a0,public_06,32,man,zone_a,True,synthetic_questionnaire,True,8,"[""zone_a""]",35,29,,,False,,any,no_smoking,,,monogamous,,"[""weekend_evening"", ""weekend_day""]",no,,no,"[""man"", ""woman""]",observed,observed,observed,not_asked,not_asked,observed,not_asked,observed,observed,not_asked,declined,observed,not_asked,observed,observed,not_asked,observed,observed,8,8,8,,,8,,8,8,,,8,,8,8,,8,8,"{""acceptable_zones"": [""zone_a""], ""age_max"": 35, ""age_min"": 29, ""conversations"": null, ""emotional_availability"": null, ""has_children"": false, ""lifestyle"": null, ""partner_children"": ""any"", ""partner_smoking"": ""no_smoking"", ""relationship_goal"": null, ""relationship_pace"": null, ""relationship_structure"": ""monogamous"", ""relocate"": null, ""schedule"": [""weekend_evening"", ""weekend_day""], ""smoking"": ""no"", ""space_for_relationship"": null, ""wants_children"": ""no"", ""who_to_meet"": [""man"", ""woman""]}","{""acceptable_zones"": ""observed"", ""age_max"": ""observed"", ""age_min"": ""observed"", ""conversations"": ""not_asked"", ""emotional_availability"": ""not_asked"", ""has_children"": ""observed"", ""lifestyle"": ""not_asked"", ""partner_children"": ""observed"", ""partner_smoking"": ""observed"", ""relationship_goal"": ""not_asked"", ""relationship_pace"": ""declined"", ""relationship_structure"": ""observed"", ""relocate"": ""not_asked"", ""schedule"": ""observed"", ""smoking"": ""observed"", ""space_for_relationship"": ""not_asked"", ""wants_children"": ""observed"", ""who_to_meet"": ""observed""}","{""acceptable_zones"": 8, ""age_max"": 8, ""age_min"": 8, ""conversations"": null, ""emotional_availability"": null, ""has_children"": 8, ""lifestyle"": null, ""partner_children"": 8, ""partner_smoking"": 8, ""relationship_goal"": null, ""relationship_pace"": null, ""relationship_structure"": 8, ""relocate"": null, ""schedule"": 8, ""smoking"": 8, ""space_for_relationship"": null, ""wants_children"": 8, ""who_to_meet"": 8}"
syn_ec2fca1280d8acad46f7485b4646dfb3,public_06,21,man,zone_b,True,synthetic_questionnaire,True,0,"[""zone_b""]",28,18,ideas,ready,False,quiet,any,no_smoking,exploring,steady,monogamous,yes,"[""weekend_day"", ""weekend_evening""]",no,limited,yes,"[""woman""]",observed,observed,observed,observed,observed,observed,observed,observed,observed,observed,observed,observed,observed,observed,observed,observed,observed,observed,0,0,0,0,0,0,0,0,0,0,0,0,0,0,0,0,0,0,"{""acceptable_zones"": [""zone_b""], ""age_max"": 28, ""age_min"": 18, ""conversations"": ""ideas"", ""emotional_availability"": ""ready"", ""has_children"": false, ""lifestyle"": ""quiet"", ""partner_children"": ""any"", ""partner_smoking"": ""no_smoking"", ""relationship_goal"": ""exploring"", ""relationship_pace"": ""steady"", ""relationship_structure"": ""monogamous"", ""relocate"": ""yes"", ""schedule"": [""weekend_day"", ""weekend_evening""], ""smoking"": ""no"", ""space_for_relationship"": ""limited"", ""wants_children"": ""yes"", ""who_to_meet"": [""woman""]}","{""acceptable_zones"": ""observed"", ""age_max"": ""observed"", ""age_min"": ""observed"", ""conversations"": ""observed"", ""emotional_availability"": ""observed"", ""has_children"": ""observed"", ""lifestyle"": ""observed"", ""partner_children"": ""observed"", ""partner_smoking"": ""observed"", ""relationship_goal"": ""observed"", ""relationship_pace"": ""observed"", ""relationship_structure"": ""observed"", ""relocate"": ""observed"", ""schedule"": ""observed"", ""smoking"": ""observed"", ""space_for_relationship"": ""observed"", ""wants_children"": ""observed"", ""who_to_meet"": ""observed""}","{""acceptable_zones"": 0, ""age_max"": 0, ""age_min"": 0, ""conversations"": 0, ""emotional_availability"": 0, ""has_children"": 0, ""lifestyle"": 0, ""partner_children"": 0, ""partner_smoking"": 0, ""relationship_goal"": 0, ""relationship_pace"": 0, ""relationship_structure"": 0, ""relocate"": 0, ""schedule"": 0, ""smoking"": 0, ""space_for_relationship"": 0, ""wants_children"": 0, ""who_to_meet"": 0}"
syn_be2c8bae061748fca7d24c48c59cb43d,public_06,25,man,zone_a,True,synthetic_questionnaire,True,0,,,,,taking_time,,,,,exploring,,,,,,,,,not_asked,not_asked,not_asked,not_asked,observed,not_asked,not_asked,not_asked,not_asked,observed,not_asked,not_asked,not_asked,not_asked,declined,not_asked,not_asked,not_asked,,,,,0,,,,,0,,,,,,,,,"{""acceptable_zones"": null, ""age_max"": null, ""age_min"": null, ""conversations"": null, ""emotional_availability"": ""taking_time"", ""has_children"": null, ""lifestyle"": null, ""partner_children"": null, ""partner_smoking"": null, ""relationship_goal"": ""exploring"", ""relationship_pace"": null, ""relationship_structure"": null, ""relocate"": null, ""schedule"": null, ""smoking"": null, ""space_for_relationship"": null, ""wants_children"": null, ""who_to_meet"": null}","{""acceptable_zones"": ""not_asked"", ""age_max"": ""not_asked"", ""age_min"": ""not_asked"", ""conversations"": ""not_asked"", ""emotional_availability"": ""observed"", ""has_children"": ""not_asked"", ""lifestyle"": ""not_asked"", ""partner_children"": ""not_asked"", ""partner_smoking"": ""not_asked"", ""relationship_goal"": ""observed"", ""relationship_pace"": ""not_asked"", ""relationship_structure"": ""not_asked"", ""relocate"": ""not_asked"", ""schedule"": ""not_asked"", ""smoking"": ""declined"", ""space_for_relationship"": ""not_asked"", ""wants_children"": ""not_asked"", ""who_to_meet"": ""not_asked""}","{""acceptable_zones"": null, ""age_max"": null, ""age_min"": null, ""conversations"": null, ""emotional_availability"": 0, ""has_children"": null, ""lifestyle"": null, ""partner_children"": null, ""partner_smoking"": null, ""relationship_goal"": 0, ""relationship_pace"": null, ""relationship_structure"": null, ""relocate"": null, ""schedule"": null, ""smoking"": null, ""space_for_relationship"": null, ""wants_children"": null, ""who_to_meet"": null}"
syn_1562fa70e7670858c11662340afae16f,public_06,42,non_binary,zone_a,True,synthetic_questionnaire,True,0,,,,,taking_time,,,,,,,,,,,,,,not_asked,not_asked,not_asked,not_asked,observed,not_asked,not_asked,declined,not_asked,not_asked,not_asked,not_asked,not_asked,not_asked,declined,not_asked,not_asked,not_asked,,,,,0,,,,,,,,,,,,,,"{""acceptable_zones"": null, ""age_max"": null, ""age_min"": null, ""conversations"": null, ""emotional_availability"": ""taking_time"", ""has_children"": null, ""lifestyle"": null, ""partner_children"": null, ""partner_smoking"": null, ""relationship_goal"": null, ""relationship_pace"": null, ""relationship_structure"": null, ""relocate"": null, ""schedule"": null, ""smoking"": null, ""space_for_relationship"": null, ""wants_children"": null, ""who_to_meet"": null}","{""acceptable_zones"": ""not_asked"", ""age_max"": ""not_asked"", ""age_min"": ""not_asked"", ""conversations"": ""not_asked"", ""emotional_availability"": ""observed"", ""has_children"": ""not_asked"", ""lifestyle"": ""not_asked"", ""partner_children"": ""declined"", ""partner_smoking"": ""not_asked"", ""relationship_goal"": ""not_asked"", ""relationship_pace"": ""not_asked"", ""relationship_structure"": ""not_asked"", ""relocate"": ""not_asked"", ""schedule"": ""not_asked"", ""smoking"": ""declined"", ""space_for_relationship"": ""not_asked"", ""wants_children"": ""not_asked"", ""who_to_meet"": ""not_asked""}","{""acceptable_zones"": null, ""age_max"": null, ""age_min"": null, ""conversations"": null, ""emotional_availability"": 0, ""has_children"": null, ""lifestyle"": null, ""partner_children"": null, ""partner_smoking"": null, ""relationship_goal"": null, ""relationship_pace"": null, ""relationship_structure"": null, ""relocate"": null, ""schedule"": null, ""smoking"": null, ""space_for_relationship"": null, ""wants_children"": null, ""who_to_meet"": null}"
syn_bdd8278c4e59668858d88e52cad54fd7,public_06,25,man,zone_a,True,synthetic_questionnaire,True,0,"[""zone_a""]",32,18,ideas,,False,,no_children,no_smoking,,slow,monogamous,,"[""weekend_day""]",no,,yes,"[""woman""]",observed,observed,observed,observed,not_asked,observed,not_asked,observed,observed,declined,observed,observed,not_asked,observed,observed,not_asked,observed,observed,6,6,6,0,,6,,6,6,,0,6,,6,6,,6,6,"{""acceptable_zones"": [""zone_a""], ""age_max"": 32, ""age_min"": 18, ""conversations"": ""ideas"", ""emotional_availability"": null, ""has_children"": false, ""lifestyle"": null, ""partner_children"": ""no_children"", ""partner_smoking"": ""no_smoking"", ""relationship_goal"": null, ""relationship_pace"": ""slow"", ""relationship_structure"": ""monogamous"", ""relocate"": null, ""schedule"": [""weekend_day""], ""smoking"": ""no"", ""space_for_relationship"": null, ""wants_children"": ""yes"", ""who_to_meet"": [""woman""]}","{""acceptable_zones"": ""observed"", ""age_max"": ""observed"", ""age_min"": ""observed"", ""conversations"": ""observed"", ""emotional_availability"": ""not_asked"", ""has_children"": ""observed"", ""lifestyle"": ""not_asked"", ""partner_children"": ""observed"", ""partner_smoking"": ""observed"", ""relationship_goal"": ""declined"", ""relationship_pace"": ""observed"", ""relationship_structure"": ""observed"", ""relocate"": ""not_asked"", ""schedule"": ""observed"", ""smoking"": ""observed"", ""space_for_relationship"": ""not_asked"", ""wants_children"": ""observed"", ""who_to_meet"": ""observed""}","{""acceptable_zones"": 6, ""age_max"": 6, ""age_min"": 6, ""conversations"": 0, ""emotional_availability"": null, ""has_children"": 6, ""lifestyle"": null, ""partner_children"": 6, ""partner_smoking"": 6, ""relationship_goal"": null, ""relationship_pace"": 0, ""relationship_structure"": 6, ""relocate"": null, ""schedule"": 6, ""smoking"": 6, ""space_for_relationship"": null, ""wants_children"": 6, ""who_to_meet"": 6}"
syn_96650406cffe05fc6607260fab9bdab2,public_06,44,woman,zone_b,True,synthetic_questionnaire,True,7,"[""zone_b""]",52,41,playful,taking_time,False,mixed,no_children,no_smoking,long_term,quick,monogamous,yes,"[""weekday_evening"", ""weekend_day""]",yes,moderate,no,"[""man""]",observed,observed,observed,observed,observed,observed,observed,observed,observed,observed,observed,observed,observed,observed,observed,observed,observed,observed,7,7,7,7,7,7,7,7,7,7,7,7,7,7,7,7,7,7,"{""acceptable_zones"": [""zone_b""], ""age_max"": 52, ""age_min"": 41, ""conversations"": ""playful"", ""emotional_availability"": ""taking_time"", ""has_children"": false, ""lifestyle"": ""mixed"", ""partner_children"": ""no_children"", ""partner_smoking"": ""no_smoking"", ""relationship_goal"": ""long_term"", ""relationship_pace"": ""quick"", ""relationship_structure"": ""monogamous"", ""relocate"": ""yes"", ""schedule"": [""weekday_evening"", ""weekend_day""], ""smoking"": ""yes"", ""space_for_relationship"": ""moderate"", ""wants_children"": ""no"", ""who_to_meet"": [""man""]}","{""acceptable_zones"": ""observed"", ""age_max"": ""observed"", ""age_min"": ""observed"", ""conversations"": ""observed"", ""emotional_availability"": ""observed"", ""has_children"": ""observed"", ""lifestyle"": ""observed"", ""partner_children"": ""observed"", ""partner_smoking"": ""observed"", ""relationship_goal"": ""observed"", ""relationship_pace"": ""observed"", ""relationship_structure"": ""observed"", ""relocate"": ""observed"", ""schedule"": ""observed"", ""smoking"": ""observed"", ""space_for_relationship"": ""observed"", ""wants_children"": ""observed"", ""who_to_meet"": ""observed""}","{""acceptable_zones"": 7, ""age_max"": 7, ""age_min"": 7, ""conversations"": 7, ""emotional_availability"": 7, ""has_children"": 7, ""lifestyle"": 7, ""partner_children"": 7, ""partner_smoking"": 7, ""relationship_goal"": 7, ""relationship_pace"": 7, ""relationship_structure"": 7, ""relocate"": 7, ""schedule"": 7, ""smoking"": 7, ""space_for_relationship"": 7, ""wants_children"": 7, ""who_to_meet"": 7}"
syn_f2c1aa90afc19237c7399b0e450b73d5,public_06,28,non_binary,zone_c,True,synthetic_questionnaire,True,10,"[""zone_c""]",35,22,,,True,,no_children,no_smoking,,,monogamous,,"[""weekday_evening"", ""weekend_evening""]",no,,unsure,"[""man""]",observed,observed,observed,not_asked,not_asked,observed,not_asked,observed,observed,not_asked,not_asked,observed,not_asked,observed,observed,not_asked,observed,observed,10,10,10,,,10,,10,10,,,10,,10,10,,10,10,"{""acceptable_zones"": [""zone_c""], ""age_max"": 35, ""age_min"": 22, ""conversations"": null, ""emotional_availability"": null, ""has_children"": true, ""lifestyle"": null, ""partner_children"": ""no_children"", ""partner_smoking"": ""no_smoking"", ""relationship_goal"": null, ""relationship_pace"": null, ""relationship_structure"": ""monogamous"", ""relocate"": null, ""schedule"": [""weekday_evening"", ""weekend_evening""], ""smoking"": ""no"", ""space_for_relationship"": null, ""wants_children"": ""unsure"", ""who_to_meet"": [""man""]}","{""acceptable_zones"": ""observed"", ""age_max"": ""observed"", ""age_min"": ""observed"", ""conversations"": ""not_asked"", ""emotional_availability"": ""not_asked"", ""has_children"": ""observed"", ""lifestyle"": ""not_asked"", ""partner_children"": ""observed"", ""partner_smoking"": ""observed"", ""relationship_goal"": ""not_asked"", ""relationship_pace"": ""not_asked"", ""relationship_structure"": ""observed"", ""relocate"": ""not_asked"", ""schedule"": ""observed"", ""smoking"": ""observed"", ""space_for_relationship"": ""not_asked"", ""wants_children"": ""observed"", ""who_to_meet"": ""observed""}","{""acceptable_zones"": 10, ""age_max"": 10, ""age_min"": 10, ""conversations"": null, ""emotional_availability"": null, ""has_children"": 10, ""lifestyle"": null, ""partner_children"": 10, ""partner_smoking"": 10, ""relationship_goal"": null, ""relationship_pace"": null, ""relationship_structure"": 10, ""relocate"": null, ""schedule"": 10, ""smoking"": 10, ""space_for_relationship"": null, ""wants_children"": 10, ""who_to_meet"": 10}"
syn_0c76ae3c872b370a16ecfc9e4dc86d93,public_06,31,woman,zone_a,True,synthetic_questionnaire,True,3,"[""zone_a"", ""zone_b""]",34,27,practical,ready,False,mixed,no_children,no_smoking,exploring,steady,monogamous,unsure,"[""weekend_evening"", ""weekend_day"", ""weekday_evening""]",no,limited,no,"[""woman""]",observed,observed,observed,observed,observed,observed,observed,observed,observed,observed,observed,observed,observed,observed,observed,observed,observed,observed,3,3,3,3,3,3,3,3,3,3,3,3,3,3,3,3,3,3,"{""acceptable_zones"": [""zone_a"", ""zone_b""], ""age_max"": 34, ""age_min"": 27, ""conversations"": ""practical"", ""emotional_availability"": ""ready"", ""has_children"": false, ""lifestyle"": ""mixed"", ""partner_children"": ""no_children"", ""partner_smoking"": ""no_smoking"", ""relationship_goal"": ""exploring"", ""relationship_pace"": ""steady"", ""relationship_structure"": ""monogamous"", ""relocate"": ""unsure"", ""schedule"": [""weekend_evening"", ""weekend_day"", ""weekday_evening""], ""smoking"": ""no"", ""space_for_relationship"": ""limited"", ""wants_children"": ""no"", ""who_to_meet"": [""woman""]}","{""acceptable_zones"": ""observed"", ""age_max"": ""observed"", ""age_min"": ""observed"", ""conversations"": ""observed"", ""emotional_availability"": ""observed"", ""has_children"": ""observed"", ""lifestyle"": ""observed"", ""partner_children"": ""observed"", ""partner_smoking"": ""observed"", ""relationship_goal"": ""observed"", ""relationship_pace"": ""observed"", ""relationship_structure"": ""observed"", ""relocate"": ""observed"", ""schedule"": ""observed"", ""smoking"": ""observed"", ""space_for_relationship"": ""observed"", ""wants_children"": ""observed"", ""who_to_meet"": ""observed""}","{""acceptable_zones"": 3, ""age_max"": 3, ""age_min"": 3, ""conversations"": 3, ""emotional_availability"": 3, ""has_children"": 3, ""lifestyle"": 3, ""partner_children"": 3, ""partner_smoking"": 3, ""relationship_goal"": 3, ""relationship_pace"": 3, ""relationship_structure"": 3, ""relocate"": 3, ""schedule"": 3, ""smoking"": 3, ""space_for_relationship"": 3, ""wants_children"": 3, ""who_to_meet"": 3}"
syn_002c2a3ab1de3f0907c88686c288f069,public_06,26,woman,zone_b,True,synthetic_questionnaire,True,0,,,,,,,,,,,,,,,,,,,not_asked,not_asked,not_asked,not_asked,not_asked,not_asked,declined,not_asked,not_asked,not_asked,not_asked,not_asked,not_asked,not_asked,declined,not_asked,not_asked,not_asked,,,,,,,,,,,,,,,,,,,"{""acceptable_zones"": null, ""age_max"": null, ""age_min"": null, ""conversations"": null, ""emotional_availability"": null, ""has_children"": null, ""lifestyle"": null, ""partner_children"": null, ""partner_smoking"": null, ""relationship_goal"": null, ""relationship_pace"": null, ""relationship_structure"": null, ""relocate"": null, ""schedule"": null, ""smoking"": null, ""space_for_relationship"": null, ""wants_children"": null, ""who_to_meet"": null}","{""acceptable_zones"": ""not_asked"", ""age_max"": ""not_asked"", ""age_min"": ""not_asked"", ""conversations"": ""not_asked"", ""emotional_availability"": ""not_asked"", ""has_children"": ""not_asked"", ""lifestyle"": ""declined"", ""partner_children"": ""not_asked"", ""partner_smoking"": ""not_asked"", ""relationship_goal"": ""not_asked"", ""relationship_pace"": ""not_asked"", ""relationship_structure"": ""not_asked"", ""relocate"": ""not_asked"", ""schedule"": ""not_asked"", ""smoking"": ""declined"", ""space_for_relationship"": ""not_asked"", ""wants_children"": ""not_asked"", ""who_to_meet"": ""not_asked""}","{""acceptable_zones"": null, ""age_max"": null, ""age_min"": null, ""conversations"": null, ""emotional_availability"": null, ""has_children"": null, ""lifestyle"": null, ""partner_children"": null, ""partner_smoking"": null, ""relationship_goal"": null, ""relationship_pace"": null, ""relationship_structure"": null, ""relocate"": null, ""schedule"": null, ""smoking"": null, ""space_for_relationship"": null, ""wants_children"": null, ""who_to_meet"": null}"
syn_66dec93dd0bffffeff1089d5fd5fbc92,public_06,22,man,zone_a,True,synthetic_questionnaire,True,0,,,,,,,,,any,,,,,,,,,,not_asked,not_asked,not_asked,not_asked,not_asked,declined,not_asked,not_asked,observed,not_asked,not_asked,not_asked,not_asked,not_asked,not_asked,not_asked,not_asked,not_asked,,,,,,,,,0,,,,,,,,,,"{""acceptable_zones"": null, ""age_max"": null, ""age_min"": null, ""conversations"": null, ""emotional_availability"": null, ""has_children"": null, ""lifestyle"": null, ""partner_children"": null, ""partner_smoking"": ""any"", ""relationship_goal"": null, ""relationship_pace"": null, ""relationship_structure"": null, ""relocate"": null, ""schedule"": null, ""smoking"": null, ""space_for_relationship"": null, ""wants_children"": null, ""who_to_meet"": null}","{""acceptable_zones"": ""not_asked"", ""age_max"": ""not_asked"", ""age_min"": ""not_asked"", ""conversations"": ""not_asked"", ""emotional_availability"": ""not_asked"", ""has_children"": ""declined"", ""lifestyle"": ""not_asked"", ""partner_children"": ""not_asked"", ""partner_smoking"": ""observed"", ""relationship_goal"": ""not_asked"", ""relationship_pace"": ""not_asked"", ""relationship_structure"": ""not_asked"", ""relocate"": ""not_asked"", ""schedule"": ""not_asked"", ""smoking"": ""not_asked"", ""space_for_relationship"": ""not_asked"", ""wants_children"": ""not_asked"", ""who_to_meet"": ""not_asked""}","{""acceptable_zones"": null, ""age_max"": null, ""age_min"": null, ""conversations"": null, ""emotional_availability"": null, ""has_children"": null, ""lifestyle"": null, ""partner_children"": null, ""partner_smoking"": 0, ""relationship_goal"": null, ""relationship_pace"": null, ""relationship_structure"": null, ""relocate"": null, ""schedule"": null, ""smoking"": null, ""space_for_relationship"": null, ""wants_children"": null, ""who_to_meet"": null}"
syn_9ab0c17f050608c3c92c283ce83ff9ac,public_06,34,woman,zone_c,True,synthetic_questionnaire,True,0,,,,,,,,,,exploring,quick,,,,,,,,not_asked,not_asked,not_asked,not_asked,declined,not_asked,not_asked,not_asked,not_asked,observed,observed,declined,not_asked,not_asked,not_asked,not_asked,not_asked,declined,,,,,,,,,,0,0,,,,,,,,"{""acceptable_zones"": null, ""age_max"": null, ""age_min"": null, ""conversations"": null, ""emotional_availability"": null, ""has_children"": null, ""lifestyle"": null, ""partner_children"": null, ""partner_smoking"": null, ""relationship_goal"": ""exploring"", ""relationship_pace"": ""quick"", ""relationship_structure"": null, ""relocate"": null, ""schedule"": null, ""smoking"": null, ""space_for_relationship"": null, ""wants_children"": null, ""who_to_meet"": null}","{""acceptable_zones"": ""not_asked"", ""age_max"": ""not_asked"", ""age_min"": ""not_asked"", ""conversations"": ""not_asked"", ""emotional_availability"": ""declined"", ""has_children"": ""not_asked"", ""lifestyle"": ""not_asked"", ""partner_children"": ""not_asked"", ""partner_smoking"": ""not_asked"", ""relationship_goal"": ""observed"", ""relationship_pace"": ""observed"", ""relationship_structure"": ""declined"", ""relocate"": ""not_asked"", ""schedule"": ""not_asked"", ""smoking"": ""not_asked"", ""space_for_relationship"": ""not_asked"", ""wants_children"": ""not_asked"", ""who_to_meet"": ""declined""}","{""acceptable_zones"": null, ""age_max"": null, ""age_min"": null, ""conversations"": null, ""emotional_availability"": null, ""has_children"": null, ""lifestyle"": null, ""partner_children"": null, ""partner_smoking"": null, ""relationship_goal"": 0, ""relationship_pace"": 0, ""relationship_structure"": null, ""relocate"": null, ""schedule"": null, ""smoking"": null, ""space_for_relationship"": null, ""wants_children"": null, ""who_to_meet"": null}"
syn_f5f64a7cff02dde0d10de1e8e2b33e10,public_06,27,woman,zone_a,True,synthetic_questionnaire,True,0,"[""zone_a""]",32,19,playful,ready,False,mixed,any,any,exploring,steady,monogamous,no,"[""weekend_evening""]",no,ample,yes,"[""man"", ""woman""]",observed,observed,observed,observed,observed,observed,observed,observed,observed,observed,observed,observed,observed,observed,observed,observed,observed,observed,0,0,0,0,0,0,0,0,0,0,0,0,0,0,0,0,0,0,"{""acceptable_zones"": [""zone_a""], ""age_max"": 32, ""age_min"": 19, ""conversations"": ""playful"", ""emotional_availability"": ""ready"", ""has_children"": false, ""lifestyle"": ""mixed"", ""partner_children"": ""any"", ""partner_smoking"": ""any"", ""relationship_goal"": ""exploring"", ""relationship_pace"": ""steady"", ""relationship_structure"": ""monogamous"", ""relocate"": ""no"", ""schedule"": [""weekend_evening""], ""smoking"": ""no"", ""space_for_relationship"": ""ample"", ""wants_children"": ""yes"", ""who_to_meet"": [""man"", ""woman""]}","{""acceptable_zones"": ""observed"", ""age_max"": ""observed"", ""age_min"": ""observed"", ""conversations"": ""observed"", ""emotional_availability"": ""observed"", ""has_children"": ""observed"", ""lifestyle"": ""observed"", ""partner_children"": ""observed"", ""partner_smoking"": ""observed"", ""relationship_goal"": ""observed"", ""relationship_pace"": ""observed"", ""relationship_structure"": ""observed"", ""relocate"": ""observed"", ""schedule"": ""observed"", ""smoking"": ""observed"", ""space_for_relationship"": ""observed"", ""wants_children"": ""observed"", ""who_to_meet"": ""observed""}","{""acceptable_zones"": 0, ""age_max"": 0, ""age_min"": 0, ""conversations"": 0, ""emotional_availability"": 0, ""has_children"": 0, ""lifestyle"": 0, ""partner_children"": 0, ""partner_smoking"": 0, ""relationship_goal"": 0, ""relationship_pace"": 0, ""relationship_structure"": 0, ""relocate"": 0, ""schedule"": 0, ""smoking"": 0, ""space_for_relationship"": 0, ""wants_children"": 0, ""who_to_meet"": 0}"
syn_9c6d234cdb0948e6aa2aeae80ab9672d,public_06,32,non_binary,zone_a,True,synthetic_questionnaire,True,11,"[""zone_a"", ""zone_d""]",,,,,False,,,,,,,,,,,,,observed,not_asked,not_asked,not_asked,not_asked,observed,not_asked,not_asked,not_asked,not_asked,not_asked,not_asked,not_asked,not_asked,declined,not_asked,not_asked,not_asked,11,,,,,11,,,,,,,,,,,,,"{""acceptable_zones"": [""zone_a"", ""zone_d""], ""age_max"": null, ""age_min"": null, ""conversations"": null, ""emotional_availability"": null, ""has_children"": false, ""lifestyle"": null, ""partner_children"": null, ""partner_smoking"": null, ""relationship_goal"": null, ""relationship_pace"": null, ""relationship_structure"": null, ""relocate"": null, ""schedule"": null, ""smoking"": null, ""space_for_relationship"": null, ""wants_children"": null, ""who_to_meet"": null}","{""acceptable_zones"": ""observed"", ""age_max"": ""not_asked"", ""age_min"": ""not_asked"", ""conversations"": ""not_asked"", ""emotional_availability"": ""not_asked"", ""has_children"": ""observed"", ""lifestyle"": ""not_asked"", ""partner_children"": ""not_asked"", ""partner_smoking"": ""not_asked"", ""relationship_goal"": ""not_asked"", ""relationship_pace"": ""not_asked"", ""relationship_structure"": ""not_asked"", ""relocate"": ""not_asked"", ""schedule"": ""not_asked"", ""smoking"": ""declined"", ""space_for_relationship"": ""not_asked"", ""wants_children"": ""not_asked"", ""who_to_meet"": ""not_asked""}","{""acceptable_zones"": 11, ""age_max"": null, ""age_min"": null, ""conversations"": null, ""emotional_availability"": null, ""has_children"": 11, ""lifestyle"": null, ""partner_children"": null, ""partner_smoking"": null, ""relationship_goal"": null, ""relationship_pace"": null, ""relationship_structure"": null, ""relocate"": null, ""schedule"": null, ""smoking"": null, ""space_for_relationship"": null, ""wants_children"": null, ""who_to_meet"": null}"
syn_8260455eb59a52afc98cccf5d43808c8,public_06,33,woman,zone_a,False,synthetic_questionnaire,True,0,"[""zone_a"", ""zone_b""]",42,29,ideas,taking_time,True,mixed,no_children,any,long_term,slow,monogamous,unsure,"[""weekend_evening""]",no,ample,unsure,"[""woman"", ""non_binary"", ""man""]",observed,observed,observed,observed,observed,observed,observed,observed,observed,observed,observed,observed,observed,observed,observed,observed,observed,observed,0,0,0,0,0,0,0,0,0,0,0,0,0,0,0,0,0,0,"{""acceptable_zones"": [""zone_a"", ""zone_b""], ""age_max"": 42, ""age_min"": 29, ""conversations"": ""ideas"", ""emotional_availability"": ""taking_time"", ""has_children"": true, ""lifestyle"": ""mixed"", ""partner_children"": ""no_children"", ""partner_smoking"": ""any"", ""relationship_goal"": ""long_term"", ""relationship_pace"": ""slow"", ""relationship_structure"": ""monogamous"", ""relocate"": ""unsure"", ""schedule"": [""weekend_evening""], ""smoking"": ""no"", ""space_for_relationship"": ""ample"", ""wants_children"": ""unsure"", ""who_to_meet"": [""woman"", ""non_binary"", ""man""]}","{""acceptable_zones"": ""observed"", ""age_max"": ""observed"", ""age_min"": ""observed"", ""conversations"": ""observed"", ""emotional_availability"": ""observed"", ""has_children"": ""observed"", ""lifestyle"": ""observed"", ""partner_children"": ""observed"", ""partner_smoking"": ""observed"", ""relationship_goal"": ""observed"", ""relationship_pace"": ""observed"", ""relationship_structure"": ""observed"", ""relocate"": ""observed"", ""schedule"": ""observed"", ""smoking"": ""observed"", ""space_for_relationship"": ""observed"", ""wants_children"": ""observed"", ""who_to_meet"": ""observed""}","{""acceptable_zones"": 0, ""age_max"": 0, ""age_min"": 0, ""conversations"": 0, ""emotional_availability"": 0, ""has_children"": 0, ""lifestyle"": 0, ""partner_children"": 0, ""partner_smoking"": 0, ""relationship_goal"": 0, ""relationship_pace"": 0, ""relationship_structure"": 0, ""relocate"": 0, ""schedule"": 0, ""smoking"": 0, ""space_for_relationship"": 0, ""wants_children"": 0, ""who_to_meet"": 0}"
syn_908173542838b9c862e7f864030c7d1a,public_06,43,man,zone_a,False,synthetic_questionnaire,True,0,"[""zone_a""]",47,34,,,False,,any,any,,,monogamous,,"[""weekend_evening"", ""weekend_day""]",no,,no,"[""non_binary"", ""man""]",observed,observed,observed,not_asked,not_asked,observed,not_asked,observed,observed,not_asked,not_asked,observed,not_asked,observed,observed,not_asked,observed,observed,6,6,6,,,6,,6,6,,,6,,6,6,,6,6,"{""acceptable_zones"": [""zone_a""], ""age_max"": 47, ""age_min"": 34, ""conversations"": null, ""emotional_availability"": null, ""has_children"": false, ""lifestyle"": null, ""partner_children"": ""any"", ""partner_smoking"": ""any"", ""relationship_goal"": null, ""relationship_pace"": null, ""relationship_structure"": ""monogamous"", ""relocate"": null, ""schedule"": [""weekend_evening"", ""weekend_day""], ""smoking"": ""no"", ""space_for_relationship"": null, ""wants_children"": ""no"", ""who_to_meet"": [""non_binary"", ""man""]}","{""acceptable_zones"": ""observed"", ""age_max"": ""observed"", ""age_min"": ""observed"", ""conversations"": ""not_asked"", ""emotional_availability"": ""not_asked"", ""has_children"": ""observed"", ""lifestyle"": ""not_asked"", ""partner_children"": ""observed"", ""partner_smoking"": ""observed"", ""relationship_goal"": ""not_asked"", ""relationship_pace"": ""not_asked"", ""relationship_structure"": ""observed"", ""relocate"": ""not_asked"", ""schedule"": ""observed"", ""smoking"": ""observed"", ""space_for_relationship"": ""not_asked"", ""wants_children"": ""observed"", ""who_to_meet"": ""observed""}","{""acceptable_zones"": 6, ""age_max"": 6, ""age_min"": 6, ""conversations"": null, ""emotional_availability"": null, ""has_children"": 6, ""lifestyle"": null, ""partner_children"": 6, ""partner_smoking"": 6, ""relationship_goal"": null, ""relationship_pace"": null, ""relationship_structure"": 6, ""relocate"": null, ""schedule"": 6, ""smoking"": 6, ""space_for_relationship"": null, ""wants_children"": 6, ""who_to_meet"": 6}"
syn_fb50edf55697d4bb5de3d06e1217c9c8,public_06,37,woman,zone_a,True,synthetic_questionnaire,True,0,"[""zone_a""]",47,27,,ready,False,,any,any,,,monogamous,,"[""weekend_day""]",occasionally,,no,"[""man""]",observed,observed,observed,not_asked,observed,observed,not_asked,observed,observed,not_asked,not_asked,observed,not_asked,observed,observed,not_asked,observed,observed,7,7,7,,0,7,,7,7,,,7,,7,7,,7,7,"{""acceptable_zones"": [""zone_a""], ""age_max"": 47, ""age_min"": 27, ""conversations"": null, ""emotional_availability"": ""ready"", ""has_children"": false, ""lifestyle"": null, ""partner_children"": ""any"", ""partner_smoking"": ""any"", ""relationship_goal"": null, ""relationship_pace"": null, ""relationship_structure"": ""monogamous"", ""relocate"": null, ""schedule"": [""weekend_day""], ""smoking"": ""occasionally"", ""space_for_relationship"": null, ""wants_children"": ""no"", ""who_to_meet"": [""man""]}","{""acceptable_zones"": ""observed"", ""age_max"": ""observed"", ""age_min"": ""observed"", ""conversations"": ""not_asked"", ""emotional_availability"": ""observed"", ""has_children"": ""observed"", ""lifestyle"": ""not_asked"", ""partner_children"": ""observed"", ""partner_smoking"": ""observed"", ""relationship_goal"": ""not_asked"", ""relationship_pace"": ""not_asked"", ""relationship_structure"": ""observed"", ""relocate"": ""not_asked"", ""schedule"": ""observed"", ""smoking"": ""observed"", ""space_for_relationship"": ""not_asked"", ""wants_children"": ""observed"", ""who_to_meet"": ""observed""}","{""acceptable_zones"": 7, ""age_max"": 7, ""age_min"": 7, ""conversations"": null, ""emotional_availability"": 0, ""has_children"": 7, ""lifestyle"": null, ""partner_children"": 7, ""partner_smoking"": 7, ""relationship_goal"": null, ""relationship_pace"": null, ""relationship_structure"": 7, ""relocate"": null, ""schedule"": 7, ""smoking"": 7, ""space_for_relationship"": null, ""wants_children"": 7, ""who_to_meet"": 7}"
syn_4f2dbfa74a0a3735df7052f344c53be6,public_06,26,man,zone_a,False,synthetic_questionnaire,True,0,"[""zone_a"", ""zone_b""]",36,23,,,False,,any,any,,,monogamous,unsure,"[""weekend_evening"", ""weekend_day"", ""weekday_evening""]",no,,no,"[""man""]",observed,observed,observed,not_asked,not_asked,observed,not_asked,observed,observed,declined,not_asked,observed,observed,observed,observed,not_asked,observed,observed,7,7,7,,,7,,7,7,,,7,0,7,7,,7,7,"{""acceptable_zones"": [""zone_a"", ""zone_b""], ""age_max"": 36, ""age_min"": 23, ""conversations"": null, ""emotional_availability"": null, ""has_children"": false, ""lifestyle"": null, ""partner_children"": ""any"", ""partner_smoking"": ""any"", ""relationship_goal"": null, ""relationship_pace"": null, ""relationship_structure"": ""monogamous"", ""relocate"": ""unsure"", ""schedule"": [""weekend_evening"", ""weekend_day"", ""weekday_evening""], ""smoking"": ""no"", ""space_for_relationship"": null, ""wants_children"": ""no"", ""who_to_meet"": [""man""]}","{""acceptable_zones"": ""observed"", ""age_max"": ""observed"", ""age_min"": ""observed"", ""conversations"": ""not_asked"", ""emotional_availability"": ""not_asked"", ""has_children"": ""observed"", ""lifestyle"": ""not_asked"", ""partner_children"": ""observed"", ""partner_smoking"": ""observed"", ""relationship_goal"": ""declined"", ""relationship_pace"": ""not_asked"", ""relationship_structure"": ""observed"", ""relocate"": ""observed"", ""schedule"": ""observed"", ""smoking"": ""observed"", ""space_for_relationship"": ""not_asked"", ""wants_children"": ""observed"", ""who_to_meet"": ""observed""}","{""acceptable_zones"": 7, ""age_max"": 7, ""age_min"": 7, ""conversations"": null, ""emotional_availability"": null, ""has_children"": 7, ""lifestyle"": null, ""partner_children"": 7, ""partner_smoking"": 7, ""relationship_goal"": null, ""relationship_pace"": null, ""relationship_structure"": 7, ""relocate"": 0, ""schedule"": 7, ""smoking"": 7, ""space_for_relationship"": null, ""wants_children"": 7, ""who_to_meet"": 7}"
syn_95a1220a21174ade070572075afc93e5,public_06,46,man,zone_b,True,synthetic_questionnaire,True,0,"[""zone_b"", ""zone_c""]",51,43,ideas,taking_time,False,quiet,no_children,no_smoking,long_term,slow,non_monogamous,yes,"[""weekday_evening""]",no,ample,yes,"[""non_binary"", ""woman""]",observed,observed,observed,observed,observed,observed,observed,observed,observed,observed,observed,observed,observed,observed,observed,observed,observed,observed,0,0,0,0,0,0,0,0,0,0,0,0,0,0,0,0,0,0,"{""acceptable_zones"": [""zone_b"", ""zone_c""], ""age_max"": 51, ""age_min"": 43, ""conversations"": ""ideas"", ""emotional_availability"": ""taking_time"", ""has_children"": false, ""lifestyle"": ""quiet"", ""partner_children"": ""no_children"", ""partner_smoking"": ""no_smoking"", ""relationship_goal"": ""long_term"", ""relationship_pace"": ""slow"", ""relationship_structure"": ""non_monogamous"", ""relocate"": ""yes"", ""schedule"": [""weekday_evening""], ""smoking"": ""no"", ""space_for_relationship"": ""ample"", ""wants_children"": ""yes"", ""who_to_meet"": [""non_binary"", ""woman""]}","{""acceptable_zones"": ""observed"", ""age_max"": ""observed"", ""age_min"": ""observed"", ""conversations"": ""observed"", ""emotional_availability"": ""observed"", ""has_children"": ""observed"", ""lifestyle"": ""observed"", ""partner_children"": ""observed"", ""partner_smoking"": ""observed"", ""relationship_goal"": ""observed"", ""relationship_pace"": ""observed"", ""relationship_structure"": ""observed"", ""relocate"": ""observed"", ""schedule"": ""observed"", ""smoking"": ""observed"", ""space_for_relationship"": ""observed"", ""wants_children"": ""observed"", ""who_to_meet"": ""observed""}","{""acceptable_zones"": 0, ""age_max"": 0, ""age_min"": 0, ""conversations"": 0, ""emotional_availability"": 0, ""has_children"": 0, ""lifestyle"": 0, ""partner_children"": 0, ""partner_smoking"": 0, ""relationship_goal"": 0, ""relationship_pace"": 0, ""relationship_structure"": 0, ""relocate"": 0, ""schedule"": 0, ""smoking"": 0, ""space_for_relationship"": 0, ""wants_children"": 0, ""who_to_meet"": 0}"
syn_c5ec162573731c0198019a9438ab18ab,public_06,24,man,zone_b,True,synthetic_questionnaire,True,0,"[""zone_b""]",33,18,,,False,quiet,any,no_smoking,,steady,non_monogamous,,"[""weekend_evening""]",no,,yes,"[""non_binary""]",observed,observed,observed,not_asked,not_asked,observed,observed,observed,observed,not_asked,observed,observed,not_asked,observed,observed,not_asked,observed,observed,7,7,7,,,7,0,7,7,,0,7,,7,7,,7,7,"{""acceptable_zones"": [""zone_b""], ""age_max"": 33, ""age_min"": 18, ""conversations"": null, ""emotional_availability"": null, ""has_children"": false, ""lifestyle"": ""quiet"", ""partner_children"": ""any"", ""partner_smoking"": ""no_smoking"", ""relationship_goal"": null, ""relationship_pace"": ""steady"", ""relationship_structure"": ""non_monogamous"", ""relocate"": null, ""schedule"": [""weekend_evening""], ""smoking"": ""no"", ""space_for_relationship"": null, ""wants_children"": ""yes"", ""who_to_meet"": [""non_binary""]}","{""acceptable_zones"": ""observed"", ""age_max"": ""observed"", ""age_min"": ""observed"", ""conversations"": ""not_asked"", ""emotional_availability"": ""not_asked"", ""has_children"": ""observed"", ""lifestyle"": ""observed"", ""partner_children"": ""observed"", ""partner_smoking"": ""observed"", ""relationship_goal"": ""not_asked"", ""relationship_pace"": ""observed"", ""relationship_structure"": ""observed"", ""relocate"": ""not_asked"", ""schedule"": ""observed"", ""smoking"": ""observed"", ""space_for_relationship"": ""not_asked"", ""wants_children"": ""observed"", ""who_to_meet"": ""observed""}","{""acceptable_zones"": 7, ""age_max"": 7, ""age_min"": 7, ""conversations"": null, ""emotional_availability"": null, ""has_children"": 7, ""lifestyle"": 0, ""partner_children"": 7, ""partner_smoking"": 7, ""relationship_goal"": null, ""relationship_pace"": 0, ""relationship_structure"": 7, ""relocate"": null, ""schedule"": 7, ""smoking"": 7, ""space_for_relationship"": null, ""wants_children"": 7, ""who_to_meet"": 7}"
syn_c3a39370e7952af94fa22f429d9f014e,public_06,26,man,zone_d,True,synthetic_questionnaire,True,0,,,,playful,ready,,,,,,,,,,,,,,not_asked,declined,not_asked,observed,observed,not_asked,not_asked,not_asked,not_asked,not_asked,not_asked,not_asked,not_asked,not_asked,not_asked,not_asked,not_asked,not_asked,,,,0,0,,,,,,,,,,,,,,"{""acceptable_zones"": null, ""age_max"": null, ""age_min"": null, ""conversations"": ""playful"", ""emotional_availability"": ""ready"", ""has_children"": null, ""lifestyle"": null, ""partner_children"": null, ""partner_smoking"": null, ""relationship_goal"": null, ""relationship_pace"": null, ""relationship_structure"": null, ""relocate"": null, ""schedule"": null, ""smoking"": null, ""space_for_relationship"": null, ""wants_children"": null, ""who_to_meet"": null}","{""acceptable_zones"": ""not_asked"", ""age_max"": ""declined"", ""age_min"": ""not_asked"", ""conversations"": ""observed"", ""emotional_availability"": ""observed"", ""has_children"": ""not_asked"", ""lifestyle"": ""not_asked"", ""partner_children"": ""not_asked"", ""partner_smoking"": ""not_asked"", ""relationship_goal"": ""not_asked"", ""relationship_pace"": ""not_asked"", ""relationship_structure"": ""not_asked"", ""relocate"": ""not_asked"", ""schedule"": ""not_asked"", ""smoking"": ""not_asked"", ""space_for_relationship"": ""not_asked"", ""wants_children"": ""not_asked"", ""who_to_meet"": ""not_asked""}","{""acceptable_zones"": null, ""age_max"": null, ""age_min"": null, ""conversations"": 0, ""emotional_availability"": 0, ""has_children"": null, ""lifestyle"": null, ""partner_children"": null, ""partner_smoking"": null, ""relationship_goal"": null, ""relationship_pace"": null, ""relationship_structure"": null, ""relocate"": null, ""schedule"": null, ""smoking"": null, ""space_for_relationship"": null, ""wants_children"": null, ""who_to_meet"": null}"
syn_845034097d8c47f2757680dbc7cac1f6,public_06,26,man,zone_b,False,synthetic_questionnaire,True,11,"[""zone_b""]",30,18,ideas,taking_time,False,mixed,no_children,no_smoking,exploring,steady,monogamous,no,"[""weekend_day"", ""weekend_evening""]",occasionally,moderate,no,"[""man""]",observed,observed,observed,observed,observed,observed,observed,observed,observed,observed,observed,observed,observed,observed,observed,observed,observed,observed,11,11,11,11,11,11,11,11,11,11,11,11,11,11,11,11,11,11,"{""acceptable_zones"": [""zone_b""], ""age_max"": 30, ""age_min"": 18, ""conversations"": ""ideas"", ""emotional_availability"": ""taking_time"", ""has_children"": false, ""lifestyle"": ""mixed"", ""partner_children"": ""no_children"", ""partner_smoking"": ""no_smoking"", ""relationship_goal"": ""exploring"", ""relationship_pace"": ""steady"", ""relationship_structure"": ""monogamous"", ""relocate"": ""no"", ""schedule"": [""weekend_day"", ""weekend_evening""], ""smoking"": ""occasionally"", ""space_for_relationship"": ""moderate"", ""wants_children"": ""no"", ""who_to_meet"": [""man""]}","{""acceptable_zones"": ""observed"", ""age_max"": ""observed"", ""age_min"": ""observed"", ""conversations"": ""observed"", ""emotional_availability"": ""observed"", ""has_children"": ""observed"", ""lifestyle"": ""observed"", ""partner_children"": ""observed"", ""partner_smoking"": ""observed"", ""relationship_goal"": ""observed"", ""relationship_pace"": ""observed"", ""relationship_structure"": ""observed"", ""relocate"": ""observed"", ""schedule"": ""observed"", ""smoking"": ""observed"", ""space_for_relationship"": ""observed"", ""wants_children"": ""observed"", ""who_to_meet"": ""observed""}","{""acceptable_zones"": 11, ""age_max"": 11, ""age_min"": 11, ""conversations"": 11, ""emotional_availability"": 11, ""has_children"": 11, ""lifestyle"": 11, ""partner_children"": 11, ""partner_smoking"": 11, ""relationship_goal"": 11, ""relationship_pace"": 11, ""relationship_structure"": 11, ""relocate"": 11, ""schedule"": 11, ""smoking"": 11, ""space_for_relationship"": 11, ""wants_children"": 11, ""who_to_meet"": 11}"
syn_cad78b9d35226ecb3f3f9807c411e586,public_06,32,woman,zone_a,True,synthetic_questionnaire,True,0,,,,,,,,,,,,,,,,,,,not_asked,not_asked,not_asked,not_asked,not_asked,not_asked,declined,not_asked,not_asked,not_asked,not_asked,not_asked,not_asked,not_asked,not_asked,not_asked,not_asked,declined,,,,,,,,,,,,,,,,,,,"{""acceptable_zones"": null, ""age_max"": null, ""age_min"": null, ""conversations"": null, ""emotional_availability"": null, ""has_children"": null, ""lifestyle"": null, ""partner_children"": null, ""partner_smoking"": null, ""relationship_goal"": null, ""relationship_pace"": null, ""relationship_structure"": null, ""relocate"": null, ""schedule"": null, ""smoking"": null, ""space_for_relationship"": null, ""wants_children"": null, ""who_to_meet"": null}","{""acceptable_zones"": ""not_asked"", ""age_max"": ""not_asked"", ""age_min"": ""not_asked"", ""conversations"": ""not_asked"", ""emotional_availability"": ""not_asked"", ""has_children"": ""not_asked"", ""lifestyle"": ""declined"", ""partner_children"": ""not_asked"", ""partner_smoking"": ""not_asked"", ""relationship_goal"": ""not_asked"", ""relationship_pace"": ""not_asked"", ""relationship_structure"": ""not_asked"", ""relocate"": ""not_asked"", ""schedule"": ""not_asked"", ""smoking"": ""not_asked"", ""space_for_relationship"": ""not_asked"", ""wants_children"": ""not_asked"", ""who_to_meet"": ""declined""}","{""acceptable_zones"": null, ""age_max"": null, ""age_min"": null, ""conversations"": null, ""emotional_availability"": null, ""has_children"": null, ""lifestyle"": null, ""partner_children"": null, ""partner_smoking"": null, ""relationship_goal"": null, ""relationship_pace"": null, ""relationship_structure"": null, ""relocate"": null, ""schedule"": null, ""smoking"": null, ""space_for_relationship"": null, ""wants_children"": null, ""who_to_meet"": null}"
syn_a5d2278639bc1c355462bcaf347c3ee2,public_06,25,man,zone_a,True,synthetic_questionnaire,True,9,"[""zone_a""]",30,18,stories,,False,social,no_children,no_smoking,,,monogamous,,"[""weekday_evening""]",no,,unsure,"[""man""]",observed,observed,observed,observed,declined,observed,observed,observed,observed,not_asked,not_asked,observed,not_asked,observed,observed,declined,observed,observed,9,9,9,9,,9,9,9,9,,,9,,9,9,,9,9,"{""acceptable_zones"": [""zone_a""], ""age_max"": 30, ""age_min"": 18, ""conversations"": ""stories"", ""emotional_availability"": null, ""has_children"": false, ""lifestyle"": ""social"", ""partner_children"": ""no_children"", ""partner_smoking"": ""no_smoking"", ""relationship_goal"": null, ""relationship_pace"": null, ""relationship_structure"": ""monogamous"", ""relocate"": null, ""schedule"": [""weekday_evening""], ""smoking"": ""no"", ""space_for_relationship"": null, ""wants_children"": ""unsure"", ""who_to_meet"": [""man""]}","{""acceptable_zones"": ""observed"", ""age_max"": ""observed"", ""age_min"": ""observed"", ""conversations"": ""observed"", ""emotional_availability"": ""declined"", ""has_children"": ""observed"", ""lifestyle"": ""observed"", ""partner_children"": ""observed"", ""partner_smoking"": ""observed"", ""relationship_goal"": ""not_asked"", ""relationship_pace"": ""not_asked"", ""relationship_structure"": ""observed"", ""relocate"": ""not_asked"", ""schedule"": ""observed"", ""smoking"": ""observed"", ""space_for_relationship"": ""declined"", ""wants_children"": ""observed"", ""who_to_meet"": ""observed""}","{""acceptable_zones"": 9, ""age_max"": 9, ""age_min"": 9, ""conversations"": 9, ""emotional_availability"": null, ""has_children"": 9, ""lifestyle"": 9, ""partner_children"": 9, ""partner_smoking"": 9, ""relationship_goal"": null, ""relationship_pace"": null, ""relationship_structure"": 9, ""relocate"": null, ""schedule"": 9, ""smoking"": 9, ""space_for_relationship"": null, ""wants_children"": 9, ""who_to_meet"": 9}"
syn_b5b5d11c1b3fda0cf09ca2c5c1742686,public_06,25,man,zone_b,True,synthetic_questionnaire,True,6,"[""zone_b""]",35,18,,,True,,no_children,no_smoking,,,non_monogamous,,"[""weekend_evening""]",no,,yes,"[""man""]",observed,observed,observed,not_asked,not_asked,observed,not_asked,observed,observed,not_asked,not_asked,observed,not_asked,observed,observed,not_asked,observed,observed,8,8,8,,,8,,8,8,,,8,,8,8,,8,8,"{""acceptable_zones"": [""zone_b""], ""age_max"": 35, ""age_min"": 18, ""conversations"": null, ""emotional_availability"": null, ""has_children"": true, ""lifestyle"": null, ""partner_children"": ""no_children"", ""partner_smoking"": ""no_smoking"", ""relationship_goal"": null, ""relationship_pace"": null, ""relationship_structure"": ""non_monogamous"", ""relocate"": null, ""schedule"": [""weekend_evening""], ""smoking"": ""no"", ""space_for_relationship"": null, ""wants_children"": ""yes"", ""who_to_meet"": [""man""]}","{""acceptable_zones"": ""observed"", ""age_max"": ""observed"", ""age_min"": ""observed"", ""conversations"": ""not_asked"", ""emotional_availability"": ""not_asked"", ""has_children"": ""observed"", ""lifestyle"": ""not_asked"", ""partner_children"": ""observed"", ""partner_smoking"": ""observed"", ""relationship_goal"": ""not_asked"", ""relationship_pace"": ""not_asked"", ""relationship_structure"": ""observed"", ""relocate"": ""not_asked"", ""schedule"": ""observed"", ""smoking"": ""observed"", ""space_for_relationship"": ""not_asked"", ""wants_children"": ""observed"", ""who_to_meet"": ""observed""}","{""acceptable_zones"": 8, ""age_max"": 8, ""age_min"": 8, ""conversations"": null, ""emotional_availability"": null, ""has_children"": 8, ""lifestyle"": null, ""partner_children"": 8, ""partner_smoking"": 8, ""relationship_goal"": null, ""relationship_pace"": null, ""relationship_structure"": 8, ""relocate"": null, ""schedule"": 8, ""smoking"": 8, ""space_for_relationship"": null, ""wants_children"": 8, ""who_to_meet"": 8}"
syn_331646a20e27737e516e346aff497a99,public_06,46,woman,zone_a,True,synthetic_questionnaire,True,0,,,,,,,,,,,,,,"[""weekend_evening"", ""weekend_day"", ""weekday_evening""]",,,,"[""non_binary"", ""woman""]",not_asked,not_asked,not_asked,not_asked,not_asked,not_asked,not_asked,not_asked,not_asked,not_asked,declined,declined,not_asked,observed,not_asked,not_asked,not_asked,observed,,,,,,,,,,,,,,0,,,,0,"{""acceptable_zones"": null, ""age_max"": null, ""age_min"": null, ""conversations"": null, ""emotional_availability"": null, ""has_children"": null, ""lifestyle"": null, ""partner_children"": null, ""partner_smoking"": null, ""relationship_goal"": null, ""relationship_pace"": null, ""relationship_structure"": null, ""relocate"": null, ""schedule"": [""weekend_evening"", ""weekend_day"", ""weekday_evening""], ""smoking"": null, ""space_for_relationship"": null, ""wants_children"": null, ""who_to_meet"": [""non_binary"", ""woman""]}","{""acceptable_zones"": ""not_asked"", ""age_max"": ""not_asked"", ""age_min"": ""not_asked"", ""conversations"": ""not_asked"", ""emotional_availability"": ""not_asked"", ""has_children"": ""not_asked"", ""lifestyle"": ""not_asked"", ""partner_children"": ""not_asked"", ""partner_smoking"": ""not_asked"", ""relationship_goal"": ""not_asked"", ""relationship_pace"": ""declined"", ""relationship_structure"": ""declined"", ""relocate"": ""not_asked"", ""schedule"": ""observed"", ""smoking"": ""not_asked"", ""space_for_relationship"": ""not_asked"", ""wants_children"": ""not_asked"", ""who_to_meet"": ""observed""}","{""acceptable_zones"": null, ""age_max"": null, ""age_min"": null, ""conversations"": null, ""emotional_availability"": null, ""has_children"": null, ""lifestyle"": null, ""partner_children"": null, ""partner_smoking"": null, ""relationship_goal"": null, ""relationship_pace"": null, ""relationship_structure"": null, ""relocate"": null, ""schedule"": 0, ""smoking"": null, ""space_for_relationship"": null, ""wants_children"": null, ""who_to_meet"": 0}"
syn_9980e3e0242698a3e3f72459b46ed573,public_06,27,man,zone_b,True,synthetic_questionnaire,True,0,,,,,,,,,,long_term,,monogamous,,"[""weekend_evening"", ""weekday_evening"", ""weekend_day""]",,,,,declined,not_asked,not_asked,not_asked,not_asked,declined,not_asked,not_asked,not_asked,observed,not_asked,observed,not_asked,observed,not_asked,not_asked,not_asked,not_asked,,,,,,,,,,0,,0,,0,,,,,"{""acceptable_zones"": null, ""age_max"": null, ""age_min"": null, ""conversations"": null, ""emotional_availability"": null, ""has_children"": null, ""lifestyle"": null, ""partner_children"": null, ""partner_smoking"": null, ""relationship_goal"": ""long_term"", ""relationship_pace"": null, ""relationship_structure"": ""monogamous"", ""relocate"": null, ""schedule"": [""weekend_evening"", ""weekday_evening"", ""weekend_day""], ""smoking"": null, ""space_for_relationship"": null, ""wants_children"": null, ""who_to_meet"": null}","{""acceptable_zones"": ""declined"", ""age_max"": ""not_asked"", ""age_min"": ""not_asked"", ""conversations"": ""not_asked"", ""emotional_availability"": ""not_asked"", ""has_children"": ""declined"", ""lifestyle"": ""not_asked"", ""partner_children"": ""not_asked"", ""partner_smoking"": ""not_asked"", ""relationship_goal"": ""observed"", ""relationship_pace"": ""not_asked"", ""relationship_structure"": ""observed"", ""relocate"": ""not_asked"", ""schedule"": ""observed"", ""smoking"": ""not_asked"", ""space_for_relationship"": ""not_asked"", ""wants_children"": ""not_asked"", ""who_to_meet"": ""not_asked""}","{""acceptable_zones"": null, ""age_max"": null, ""age_min"": null, ""conversations"": null, ""emotional_availability"": null, ""has_children"": null, ""lifestyle"": null, ""partner_children"": null, ""partner_smoking"": null, ""relationship_goal"": 0, ""relationship_pace"": null, ""relationship_structure"": 0, ""relocate"": null, ""schedule"": 0, ""smoking"": null, ""space_for_relationship"": null, ""wants_children"": null, ""who_to_meet"": null}"
syn_2eb0a1653a6bb5a8770d53e64bffba21,public_06,38,man,zone_b,True,synthetic_questionnaire,True,0,,,,stories,,,,,,,,,,"[""weekend_evening""]",,,,,declined,not_asked,not_asked,observed,not_asked,not_asked,not_asked,not_asked,not_asked,not_asked,not_asked,not_asked,declined,observed,not_asked,not_asked,not_asked,not_asked,,,,0,,,,,,,,,,0,,,,,"{""acceptable_zones"": null, ""age_max"": null, ""age_min"": null, ""conversations"": ""stories"", ""emotional_availability"": null, ""has_children"": null, ""lifestyle"": null, ""partner_children"": null, ""partner_smoking"": null, ""relationship_goal"": null, ""relationship_pace"": null, ""relationship_structure"": null, ""relocate"": null, ""schedule"": [""weekend_evening""], ""smoking"": null, ""space_for_relationship"": null, ""wants_children"": null, ""who_to_meet"": null}","{""acceptable_zones"": ""declined"", ""age_max"": ""not_asked"", ""age_min"": ""not_asked"", ""conversations"": ""observed"", ""emotional_availability"": ""not_asked"", ""has_children"": ""not_asked"", ""lifestyle"": ""not_asked"", ""partner_children"": ""not_asked"", ""partner_smoking"": ""not_asked"", ""relationship_goal"": ""not_asked"", ""relationship_pace"": ""not_asked"", ""relationship_structure"": ""not_asked"", ""relocate"": ""declined"", ""schedule"": ""observed"", ""smoking"": ""not_asked"", ""space_for_relationship"": ""not_asked"", ""wants_children"": ""not_asked"", ""who_to_meet"": ""not_asked""}","{""acceptable_zones"": null, ""age_max"": null, ""age_min"": null, ""conversations"": 0, ""emotional_availability"": null, ""has_children"": null, ""lifestyle"": null, ""partner_children"": null, ""partner_smoking"": null, ""relationship_goal"": null, ""relationship_pace"": null, ""relationship_structure"": null, ""relocate"": null, ""schedule"": 0, ""smoking"": null, ""space_for_relationship"": null, ""wants_children"": null, ""who_to_meet"": null}"
syn_261c35150d12dad81532b5a40ac05ebe,public_06,24,woman,zone_a,True,synthetic_questionnaire,True,0,"[""zone_a""]",27,20,,,False,,no_children,any,,,monogamous,,"[""weekday_evening""]",no,,no,"[""woman""]",observed,observed,observed,not_asked,not_asked,observed,not_asked,observed,observed,not_asked,not_asked,observed,not_asked,observed,observed,declined,observed,observed,8,8,8,,,8,,8,8,,,8,,8,8,,8,8,"{""acceptable_zones"": [""zone_a""], ""age_max"": 27, ""age_min"": 20, ""conversations"": null, ""emotional_availability"": null, ""has_children"": false, ""lifestyle"": null, ""partner_children"": ""no_children"", ""partner_smoking"": ""any"", ""relationship_goal"": null, ""relationship_pace"": null, ""relationship_structure"": ""monogamous"", ""relocate"": null, ""schedule"": [""weekday_evening""], ""smoking"": ""no"", ""space_for_relationship"": null, ""wants_children"": ""no"", ""who_to_meet"": [""woman""]}","{""acceptable_zones"": ""observed"", ""age_max"": ""observed"", ""age_min"": ""observed"", ""conversations"": ""not_asked"", ""emotional_availability"": ""not_asked"", ""has_children"": ""observed"", ""lifestyle"": ""not_asked"", ""partner_children"": ""observed"", ""partner_smoking"": ""observed"", ""relationship_goal"": ""not_asked"", ""relationship_pace"": ""not_asked"", ""relationship_structure"": ""observed"", ""relocate"": ""not_asked"", ""schedule"": ""observed"", ""smoking"": ""observed"", ""space_for_relationship"": ""declined"", ""wants_children"": ""observed"", ""who_to_meet"": ""observed""}","{""acceptable_zones"": 8, ""age_max"": 8, ""age_min"": 8, ""conversations"": null, ""emotional_availability"": null, ""has_children"": 8, ""lifestyle"": null, ""partner_children"": 8, ""partner_smoking"": 8, ""relationship_goal"": null, ""relationship_pace"": null, ""relationship_structure"": 8, ""relocate"": null, ""schedule"": 8, ""smoking"": 8, ""space_for_relationship"": null, ""wants_children"": 8, ""who_to_meet"": 8}"
syn_4f9c2cd0705a5d3d6170c9bef6cf3e6b,public_06,44,woman,zone_a,False,synthetic_questionnaire,True,7,"[""zone_a""]",47,37,,,False,,no_children,any,,,monogamous,,"[""weekend_day"", ""weekend_evening""]",no,limited,unsure,"[""woman""]",observed,observed,observed,not_asked,not_asked,observed,declined,observed,observed,not_asked,not_asked,observed,not_asked,observed,observed,observed,observed,observed,9,9,9,,,9,,9,9,,,9,,9,9,7,9,9,"{""acceptable_zones"": [""zone_a""], ""age_max"": 47, ""age_min"": 37, ""conversations"": null, ""emotional_availability"": null, ""has_children"": false, ""lifestyle"": null, ""partner_children"": ""no_children"", ""partner_smoking"": ""any"", ""relationship_goal"": null, ""relationship_pace"": null, ""relationship_structure"": ""monogamous"", ""relocate"": null, ""schedule"": [""weekend_day"", ""weekend_evening""], ""smoking"": ""no"", ""space_for_relationship"": ""limited"", ""wants_children"": ""unsure"", ""who_to_meet"": [""woman""]}","{""acceptable_zones"": ""observed"", ""age_max"": ""observed"", ""age_min"": ""observed"", ""conversations"": ""not_asked"", ""emotional_availability"": ""not_asked"", ""has_children"": ""observed"", ""lifestyle"": ""declined"", ""partner_children"": ""observed"", ""partner_smoking"": ""observed"", ""relationship_goal"": ""not_asked"", ""relationship_pace"": ""not_asked"", ""relationship_structure"": ""observed"", ""relocate"": ""not_asked"", ""schedule"": ""observed"", ""smoking"": ""observed"", ""space_for_relationship"": ""observed"", ""wants_children"": ""observed"", ""who_to_meet"": ""observed""}","{""acceptable_zones"": 9, ""age_max"": 9, ""age_min"": 9, ""conversations"": null, ""emotional_availability"": null, ""has_children"": 9, ""lifestyle"": null, ""partner_children"": 9, ""partner_smoking"": 9, ""relationship_goal"": null, ""relationship_pace"": null, ""relationship_structure"": 9, ""relocate"": null, ""schedule"": 9, ""smoking"": 9, ""space_for_relationship"": 7, ""wants_children"": 9, ""who_to_meet"": 9}"
syn_09d199bc7b02d646f4e7d8699f2f4027,public_06,30,man,zone_b,True,synthetic_questionnaire,True,0,,39,,,taking_time,,,,,,,,,,,,,"[""man"", ""non_binary""]",not_asked,observed,not_asked,not_asked,observed,declined,not_asked,not_asked,not_asked,not_asked,not_asked,not_asked,not_asked,not_asked,not_asked,not_asked,not_asked,observed,,0,,,0,,,,,,,,,,,,,0,"{""acceptable_zones"": null, ""age_max"": 39, ""age_min"": null, ""conversations"": null, ""emotional_availability"": ""taking_time"", ""has_children"": null, ""lifestyle"": null, ""partner_children"": null, ""partner_smoking"": null, ""relationship_goal"": null, ""relationship_pace"": null, ""relationship_structure"": null, ""relocate"": null, ""schedule"": null, ""smoking"": null, ""space_for_relationship"": null, ""wants_children"": null, ""who_to_meet"": [""man"", ""non_binary""]}","{""acceptable_zones"": ""not_asked"", ""age_max"": ""observed"", ""age_min"": ""not_asked"", ""conversations"": ""not_asked"", ""emotional_availability"": ""observed"", ""has_children"": ""declined"", ""lifestyle"": ""not_asked"", ""partner_children"": ""not_asked"", ""partner_smoking"": ""not_asked"", ""relationship_goal"": ""not_asked"", ""relationship_pace"": ""not_asked"", ""relationship_structure"": ""not_asked"", ""relocate"": ""not_asked"", ""schedule"": ""not_asked"", ""smoking"": ""not_asked"", ""space_for_relationship"": ""not_asked"", ""wants_children"": ""not_asked"", ""who_to_meet"": ""observed""}","{""acceptable_zones"": null, ""age_max"": 0, ""age_min"": null, ""conversations"": null, ""emotional_availability"": 0, ""has_children"": null, ""lifestyle"": null, ""partner_children"": null, ""partner_smoking"": null, ""relationship_goal"": null, ""relationship_pace"": null, ""relationship_structure"": null, ""relocate"": null, ""schedule"": null, ""smoking"": null, ""space_for_relationship"": null, ""wants_children"": null, ""who_to_meet"": 0}"
syn_4dc6f8d81157ec8663e938d6dc4d38be,public_06,43,woman,zone_b,True,synthetic_questionnaire,True,0,,,,,,,,,,,slow,,,,no,,,"[""woman"", ""non_binary"", ""man""]",not_asked,not_asked,not_asked,not_asked,not_asked,declined,not_asked,not_asked,not_asked,not_asked,observed,not_asked,not_asked,not_asked,observed,not_asked,not_asked,observed,,,,,,,,,,,0,,,,0,,,0,"{""acceptable_zones"": null, ""age_max"": null, ""age_min"": null, ""conversations"": null, ""emotional_availability"": null, ""has_children"": null, ""lifestyle"": null, ""partner_children"": null, ""partner_smoking"": null, ""relationship_goal"": null, ""relationship_pace"": ""slow"", ""relationship_structure"": null, ""relocate"": null, ""schedule"": null, ""smoking"": ""no"", ""space_for_relationship"": null, ""wants_children"": null, ""who_to_meet"": [""woman"", ""non_binary"", ""man""]}","{""acceptable_zones"": ""not_asked"", ""age_max"": ""not_asked"", ""age_min"": ""not_asked"", ""conversations"": ""not_asked"", ""emotional_availability"": ""not_asked"", ""has_children"": ""declined"", ""lifestyle"": ""not_asked"", ""partner_children"": ""not_asked"", ""partner_smoking"": ""not_asked"", ""relationship_goal"": ""not_asked"", ""relationship_pace"": ""observed"", ""relationship_structure"": ""not_asked"", ""relocate"": ""not_asked"", ""schedule"": ""not_asked"", ""smoking"": ""observed"", ""space_for_relationship"": ""not_asked"", ""wants_children"": ""not_asked"", ""who_to_meet"": ""observed""}","{""acceptable_zones"": null, ""age_max"": null, ""age_min"": null, ""conversations"": null, ""emotional_availability"": null, ""has_children"": null, ""lifestyle"": null, ""partner_children"": null, ""partner_smoking"": null, ""relationship_goal"": null, ""relationship_pace"": 0, ""relationship_structure"": null, ""relocate"": null, ""schedule"": null, ""smoking"": 0, ""space_for_relationship"": null, ""wants_children"": null, ""who_to_meet"": 0}"
syn_77f8c51224c6d879f3277b212c06812d,public_06,40,man,zone_b,True,synthetic_questionnaire,True,4,"[""zone_b""]",47,31,,,False,,any,no_smoking,long_term,,monogamous,,"[""weekend_day"", ""weekday_evening""]",occasionally,,unsure,"[""non_binary""]",observed,observed,observed,not_asked,not_asked,observed,declined,observed,observed,observed,not_asked,observed,not_asked,observed,observed,not_asked,observed,observed,9,9,9,,,9,,9,9,4,,9,,9,9,,9,9,"{""acceptable_zones"": [""zone_b""], ""age_max"": 47, ""age_min"": 31, ""conversations"": null, ""emotional_availability"": null, ""has_children"": false, ""lifestyle"": null, ""partner_children"": ""any"", ""partner_smoking"": ""no_smoking"", ""relationship_goal"": ""long_term"", ""relationship_pace"": null, ""relationship_structure"": ""monogamous"", ""relocate"": null, ""schedule"": [""weekend_day"", ""weekday_evening""], ""smoking"": ""occasionally"", ""space_for_relationship"": null, ""wants_children"": ""unsure"", ""who_to_meet"": [""non_binary""]}","{""acceptable_zones"": ""observed"", ""age_max"": ""observed"", ""age_min"": ""observed"", ""conversations"": ""not_asked"", ""emotional_availability"": ""not_asked"", ""has_children"": ""observed"", ""lifestyle"": ""declined"", ""partner_children"": ""observed"", ""partner_smoking"": ""observed"", ""relationship_goal"": ""observed"", ""relationship_pace"": ""not_asked"", ""relationship_structure"": ""observed"", ""relocate"": ""not_asked"", ""schedule"": ""observed"", ""smoking"": ""observed"", ""space_for_relationship"": ""not_asked"", ""wants_children"": ""observed"", ""who_to_meet"": ""observed""}","{""acceptable_zones"": 9, ""age_max"": 9, ""age_min"": 9, ""conversations"": null, ""emotional_availability"": null, ""has_children"": 9, ""lifestyle"": null, ""partner_children"": 9, ""partner_smoking"": 9, ""relationship_goal"": 4, ""relationship_pace"": null, ""relationship_structure"": 9, ""relocate"": null, ""schedule"": 9, ""smoking"": 9, ""space_for_relationship"": null, ""wants_children"": 9, ""who_to_meet"": 9}"
syn_3f8425ccd19a1308cd50bfe6286cdf0f,public_06,30,man,zone_a,False,synthetic_questionnaire,True,0,"[""zone_a""]",39,21,playful,taking_time,False,quiet,any,any,long_term,slow,monogamous,yes,"[""weekend_day"", ""weekday_evening"", ""weekend_evening""]",no,ample,unsure,"[""woman""]",observed,observed,observed,observed,observed,observed,observed,observed,observed,observed,observed,observed,observed,observed,observed,observed,observed,observed,0,0,0,0,0,0,0,0,0,0,0,0,0,0,0,0,0,0,"{""acceptable_zones"": [""zone_a""], ""age_max"": 39, ""age_min"": 21, ""conversations"": ""playful"", ""emotional_availability"": ""taking_time"", ""has_children"": false, ""lifestyle"": ""quiet"", ""partner_children"": ""any"", ""partner_smoking"": ""any"", ""relationship_goal"": ""long_term"", ""relationship_pace"": ""slow"", ""relationship_structure"": ""monogamous"", ""relocate"": ""yes"", ""schedule"": [""weekend_day"", ""weekday_evening"", ""weekend_evening""], ""smoking"": ""no"", ""space_for_relationship"": ""ample"", ""wants_children"": ""unsure"", ""who_to_meet"": [""woman""]}","{""acceptable_zones"": ""observed"", ""age_max"": ""observed"", ""age_min"": ""observed"", ""conversations"": ""observed"", ""emotional_availability"": ""observed"", ""has_children"": ""observed"", ""lifestyle"": ""observed"", ""partner_children"": ""observed"", ""partner_smoking"": ""observed"", ""relationship_goal"": ""observed"", ""relationship_pace"": ""observed"", ""relationship_structure"": ""observed"", ""relocate"": ""observed"", ""schedule"": ""observed"", ""smoking"": ""observed"", ""space_for_relationship"": ""observed"", ""wants_children"": ""observed"", ""who_to_meet"": ""observed""}","{""acceptable_zones"": 0, ""age_max"": 0, ""age_min"": 0, ""conversations"": 0, ""emotional_availability"": 0, ""has_children"": 0, ""lifestyle"": 0, ""partner_children"": 0, ""partner_smoking"": 0, ""relationship_goal"": 0, ""relationship_pace"": 0, ""relationship_structure"": 0, ""relocate"": 0, ""schedule"": 0, ""smoking"": 0, ""space_for_relationship"": 0, ""wants_children"": 0, ""who_to_meet"": 0}"
syn_44ff7647547eda7e5fade0a5244e6cfc,public_06,43,woman,zone_a,True,synthetic_questionnaire,True,0,,,,,,,,any,,,,,,,,,,,not_asked,not_asked,not_asked,not_asked,not_asked,not_asked,not_asked,observed,not_asked,not_asked,not_asked,not_asked,not_asked,declined,not_asked,not_asked,declined,not_asked,,,,,,,,0,,,,,,,,,,,"{""acceptable_zones"": null, ""age_max"": null, ""age_min"": null, ""conversations"": null, ""emotional_availability"": null, ""has_children"": null, ""lifestyle"": null, ""partner_children"": ""any"", ""partner_smoking"": null, ""relationship_goal"": null, ""relationship_pace"": null, ""relationship_structure"": null, ""relocate"": null, ""schedule"": null, ""smoking"": null, ""space_for_relationship"": null, ""wants_children"": null, ""who_to_meet"": null}","{""acceptable_zones"": ""not_asked"", ""age_max"": ""not_asked"", ""age_min"": ""not_asked"", ""conversations"": ""not_asked"", ""emotional_availability"": ""not_asked"", ""has_children"": ""not_asked"", ""lifestyle"": ""not_asked"", ""partner_children"": ""observed"", ""partner_smoking"": ""not_asked"", ""relationship_goal"": ""not_asked"", ""relationship_pace"": ""not_asked"", ""relationship_structure"": ""not_asked"", ""relocate"": ""not_asked"", ""schedule"": ""declined"", ""smoking"": ""not_asked"", ""space_for_relationship"": ""not_asked"", ""wants_children"": ""declined"", ""who_to_meet"": ""not_asked""}","{""acceptable_zones"": null, ""age_max"": null, ""age_min"": null, ""conversations"": null, ""emotional_availability"": null, ""has_children"": null, ""lifestyle"": null, ""partner_children"": 0, ""partner_smoking"": null, ""relationship_goal"": null, ""relationship_pace"": null, ""relationship_structure"": null, ""relocate"": null, ""schedule"": null, ""smoking"": null, ""space_for_relationship"": null, ""wants_children"": null, ""who_to_meet"": null}"
syn_9eda2cb5a6f8f61f783f810579d1ffa8,public_06,40,woman,zone_b,True,synthetic_questionnaire,True,18,,,,,ready,,,,no_smoking,,,,no,,,,,,not_asked,declined,not_asked,not_asked,observed,not_asked,not_asked,not_asked,observed,not_asked,not_asked,not_asked,observed,not_asked,not_asked,not_asked,not_asked,not_asked,,,,,18,,,,18,,,,18,,,,,,"{""acceptable_zones"": null, ""age_max"": null, ""age_min"": null, ""conversations"": null, ""emotional_availability"": ""ready"", ""has_children"": null, ""lifestyle"": null, ""partner_children"": null, ""partner_smoking"": ""no_smoking"", ""relationship_goal"": null, ""relationship_pace"": null, ""relationship_structure"": null, ""relocate"": ""no"", ""schedule"": null, ""smoking"": null, ""space_for_relationship"": null, ""wants_children"": null, ""who_to_meet"": null}","{""acceptable_zones"": ""not_asked"", ""age_max"": ""declined"", ""age_min"": ""not_asked"", ""conversations"": ""not_asked"", ""emotional_availability"": ""observed"", ""has_children"": ""not_asked"", ""lifestyle"": ""not_asked"", ""partner_children"": ""not_asked"", ""partner_smoking"": ""observed"", ""relationship_goal"": ""not_asked"", ""relationship_pace"": ""not_asked"", ""relationship_structure"": ""not_asked"", ""relocate"": ""observed"", ""schedule"": ""not_asked"", ""smoking"": ""not_asked"", ""space_for_relationship"": ""not_asked"", ""wants_children"": ""not_asked"", ""who_to_meet"": ""not_asked""}","{""acceptable_zones"": null, ""age_max"": null, ""age_min"": null, ""conversations"": null, ""emotional_availability"": 18, ""has_children"": null, ""lifestyle"": null, ""partner_children"": null, ""partner_smoking"": 18, ""relationship_goal"": null, ""relationship_pace"": null, ""relationship_structure"": null, ""relocate"": 18, ""schedule"": null, ""smoking"": null, ""space_for_relationship"": null, ""wants_children"": null, ""who_to_meet"": null}"
syn_d7b08d99471b061ae64c605167f78437,public_06,25,man,zone_a,True,synthetic_questionnaire,True,0,"[""zone_a""]",30,20,practical,taking_time,False,mixed,any,no_smoking,exploring,steady,non_monogamous,unsure,"[""weekday_evening"", ""weekend_day""]",no,limited,yes,"[""woman"", ""non_binary""]",observed,observed,observed,observed,observed,observed,observed,observed,observed,observed,observed,observed,observed,observed,observed,observed,observed,observed,0,0,0,0,0,0,0,0,0,0,0,0,0,0,0,0,0,0,"{""acceptable_zones"": [""zone_a""], ""age_max"": 30, ""age_min"": 20, ""conversations"": ""practical"", ""emotional_availability"": ""taking_time"", ""has_children"": false, ""lifestyle"": ""mixed"", ""partner_children"": ""any"", ""partner_smoking"": ""no_smoking"", ""relationship_goal"": ""exploring"", ""relationship_pace"": ""steady"", ""relationship_structure"": ""non_monogamous"", ""relocate"": ""unsure"", ""schedule"": [""weekday_evening"", ""weekend_day""], ""smoking"": ""no"", ""space_for_relationship"": ""limited"", ""wants_children"": ""yes"", ""who_to_meet"": [""woman"", ""non_binary""]}","{""acceptable_zones"": ""observed"", ""age_max"": ""observed"", ""age_min"": ""observed"", ""conversations"": ""observed"", ""emotional_availability"": ""observed"", ""has_children"": ""observed"", ""lifestyle"": ""observed"", ""partner_children"": ""observed"", ""partner_smoking"": ""observed"", ""relationship_goal"": ""observed"", ""relationship_pace"": ""observed"", ""relationship_structure"": ""observed"", ""relocate"": ""observed"", ""schedule"": ""observed"", ""smoking"": ""observed"", ""space_for_relationship"": ""observed"", ""wants_children"": ""observed"", ""who_to_meet"": ""observed""}","{""acceptable_zones"": 0, ""age_max"": 0, ""age_min"": 0, ""conversations"": 0, ""emotional_availability"": 0, ""has_children"": 0, ""lifestyle"": 0, ""partner_children"": 0, ""partner_smoking"": 0, ""relationship_goal"": 0, ""relationship_pace"": 0, ""relationship_structure"": 0, ""relocate"": 0, ""schedule"": 0, ""smoking"": 0, ""space_for_relationship"": 0, ""wants_children"": 0, ""who_to_meet"": 0}"
syn_9efec4b09b700887e262cff89f455c02,public_06,42,man,zone_b,True,synthetic_questionnaire,True,0,"[""zone_b""]",46,36,,taking_time,False,,any,no_smoking,exploring,,non_monogamous,,"[""weekend_day"", ""weekend_evening"", ""weekday_evening""]",no,,unsure,"[""woman"", ""non_binary""]",observed,observed,observed,not_asked,observed,observed,not_asked,observed,observed,observed,not_asked,observed,not_asked,observed,observed,not_asked,observed,observed,9,9,9,,0,9,,9,9,0,,9,,9,9,,9,9,"{""acceptable_zones"": [""zone_b""], ""age_max"": 46, ""age_min"": 36, ""conversations"": null, ""emotional_availability"": ""taking_time"", ""has_children"": false, ""lifestyle"": null, ""partner_children"": ""any"", ""partner_smoking"": ""no_smoking"", ""relationship_goal"": ""exploring"", ""relationship_pace"": null, ""relationship_structure"": ""non_monogamous"", ""relocate"": null, ""schedule"": [""weekend_day"", ""weekend_evening"", ""weekday_evening""], ""smoking"": ""no"", ""space_for_relationship"": null, ""wants_children"": ""unsure"", ""who_to_meet"": [""woman"", ""non_binary""]}","{""acceptable_zones"": ""observed"", ""age_max"": ""observed"", ""age_min"": ""observed"", ""conversations"": ""not_asked"", ""emotional_availability"": ""observed"", ""has_children"": ""observed"", ""lifestyle"": ""not_asked"", ""partner_children"": ""observed"", ""partner_smoking"": ""observed"", ""relationship_goal"": ""observed"", ""relationship_pace"": ""not_asked"", ""relationship_structure"": ""observed"", ""relocate"": ""not_asked"", ""schedule"": ""observed"", ""smoking"": ""observed"", ""space_for_relationship"": ""not_asked"", ""wants_children"": ""observed"", ""who_to_meet"": ""observed""}","{""acceptable_zones"": 9, ""age_max"": 9, ""age_min"": 9, ""conversations"": null, ""emotional_availability"": 0, ""has_children"": 9, ""lifestyle"": null, ""partner_children"": 9, ""partner_smoking"": 9, ""relationship_goal"": 0, ""relationship_pace"": null, ""relationship_structure"": 9, ""relocate"": null, ""schedule"": 9, ""smoking"": 9, ""space_for_relationship"": null, ""wants_children"": 9, ""who_to_meet"": 9}"
syn_14dda87faea12a0a26065bc6b514a40f,public_06,38,woman,zone_a,True,synthetic_questionnaire,True,0,"[""zone_a""]",41,33,,,False,,any,no_smoking,,,monogamous,,"[""weekend_evening""]",no,,unsure,"[""man""]",observed,observed,observed,not_asked,not_asked,observed,not_asked,observed,observed,not_asked,not_asked,observed,not_asked,observed,observed,not_asked,observed,observed,10,10,10,,,10,,10,10,,,10,,10,10,,10,10,"{""acceptable_zones"": [""zone_a""], ""age_max"": 41, ""age_min"": 33, ""conversations"": null, ""emotional_availability"": null, ""has_children"": false, ""lifestyle"": null, ""partner_children"": ""any"", ""partner_smoking"": ""no_smoking"", ""relationship_goal"": null, ""relationship_pace"": null, ""relationship_structure"": ""monogamous"", ""relocate"": null, ""schedule"": [""weekend_evening""], ""smoking"": ""no"", ""space_for_relationship"": null, ""wants_children"": ""unsure"", ""who_to_meet"": [""man""]}","{""acceptable_zones"": ""observed"", ""age_max"": ""observed"", ""age_min"": ""observed"", ""conversations"": ""not_asked"", ""emotional_availability"": ""not_asked"", ""has_children"": ""observed"", ""lifestyle"": ""not_asked"", ""partner_children"": ""observed"", ""partner_smoking"": ""observed"", ""relationship_goal"": ""not_asked"", ""relationship_pace"": ""not_asked"", ""relationship_structure"": ""observed"", ""relocate"": ""not_asked"", ""schedule"": ""observed"", ""smoking"": ""observed"", ""space_for_relationship"": ""not_asked"", ""wants_children"": ""observed"", ""who_to_meet"": ""observed""}","{""acceptable_zones"": 10, ""age_max"": 10, ""age_min"": 10, ""conversations"": null, ""emotional_availability"": null, ""has_children"": 10, ""lifestyle"": null, ""partner_children"": 10, ""partner_smoking"": 10, ""relationship_goal"": null, ""relationship_pace"": null, ""relationship_structure"": 10, ""relocate"": null, ""schedule"": 10, ""smoking"": 10, ""space_for_relationship"": null, ""wants_children"": 10, ""who_to_meet"": 10}"
syn_c3275daaee904fb185cec5521b95ac4b,public_06,34,woman,zone_a,True,synthetic_questionnaire,True,0,,,,,,,,,,,quick,,,,,,,,not_asked,not_asked,declined,declined,not_asked,not_asked,not_asked,not_asked,not_asked,not_asked,observed,not_asked,not_asked,not_asked,not_asked,not_asked,not_asked,declined,,,,,,,,,,,0,,,,,,,,"{""acceptable_zones"": null, ""age_max"": null, ""age_min"": null, ""conversations"": null, ""emotional_availability"": null, ""has_children"": null, ""lifestyle"": null, ""partner_children"": null, ""partner_smoking"": null, ""relationship_goal"": null, ""relationship_pace"": ""quick"", ""relationship_structure"": null, ""relocate"": null, ""schedule"": null, ""smoking"": null, ""space_for_relationship"": null, ""wants_children"": null, ""who_to_meet"": null}","{""acceptable_zones"": ""not_asked"", ""age_max"": ""not_asked"", ""age_min"": ""declined"", ""conversations"": ""declined"", ""emotional_availability"": ""not_asked"", ""has_children"": ""not_asked"", ""lifestyle"": ""not_asked"", ""partner_children"": ""not_asked"", ""partner_smoking"": ""not_asked"", ""relationship_goal"": ""not_asked"", ""relationship_pace"": ""observed"", ""relationship_structure"": ""not_asked"", ""relocate"": ""not_asked"", ""schedule"": ""not_asked"", ""smoking"": ""not_asked"", ""space_for_relationship"": ""not_asked"", ""wants_children"": ""not_asked"", ""who_to_meet"": ""declined""}","{""acceptable_zones"": null, ""age_max"": null, ""age_min"": null, ""conversations"": null, ""emotional_availability"": null, ""has_children"": null, ""lifestyle"": null, ""partner_children"": null, ""partner_smoking"": null, ""relationship_goal"": null, ""relationship_pace"": 0, ""relationship_structure"": null, ""relocate"": null, ""schedule"": null, ""smoking"": null, ""space_for_relationship"": null, ""wants_children"": null, ""who_to_meet"": null}"
syn_46251d99bccb19676a533b9e0a93813b,public_06,28,man,zone_a,True,synthetic_questionnaire,True,5,"[""zone_a""]",35,20,ideas,taking_time,False,mixed,any,any,long_term,slow,non_monogamous,unsure,"[""weekday_evening"", ""weekend_day""]",no,moderate,yes,"[""non_binary"", ""woman"", ""man""]",observed,observed,observed,observed,observed,observed,observed,observed,observed,observed,observed,observed,observed,observed,observed,observed,observed,observed,5,5,5,5,5,5,5,5,5,5,5,5,5,5,5,5,5,5,"{""acceptable_zones"": [""zone_a""], ""age_max"": 35, ""age_min"": 20, ""conversations"": ""ideas"", ""emotional_availability"": ""taking_time"", ""has_children"": false, ""lifestyle"": ""mixed"", ""partner_children"": ""any"", ""partner_smoking"": ""any"", ""relationship_goal"": ""long_term"", ""relationship_pace"": ""slow"", ""relationship_structure"": ""non_monogamous"", ""relocate"": ""unsure"", ""schedule"": [""weekday_evening"", ""weekend_day""], ""smoking"": ""no"", ""space_for_relationship"": ""moderate"", ""wants_children"": ""yes"", ""who_to_meet"": [""non_binary"", ""woman"", ""man""]}","{""acceptable_zones"": ""observed"", ""age_max"": ""observed"", ""age_min"": ""observed"", ""conversations"": ""observed"", ""emotional_availability"": ""observed"", ""has_children"": ""observed"", ""lifestyle"": ""observed"", ""partner_children"": ""observed"", ""partner_smoking"": ""observed"", ""relationship_goal"": ""observed"", ""relationship_pace"": ""observed"", ""relationship_structure"": ""observed"", ""relocate"": ""observed"", ""schedule"": ""observed"", ""smoking"": ""observed"", ""space_for_relationship"": ""observed"", ""wants_children"": ""observed"", ""who_to_meet"": ""observed""}","{""acceptable_zones"": 5, ""age_max"": 5, ""age_min"": 5, ""conversations"": 5, ""emotional_availability"": 5, ""has_children"": 5, ""lifestyle"": 5, ""partner_children"": 5, ""partner_smoking"": 5, ""relationship_goal"": 5, ""relationship_pace"": 5, ""relationship_structure"": 5, ""relocate"": 5, ""schedule"": 5, ""smoking"": 5, ""space_for_relationship"": 5, ""wants_children"": 5, ""who_to_meet"": 5}"
syn_b65af91b39be647afb72e13df7afae55,public_06,27,man,zone_b,True,synthetic_questionnaire,True,0,,,,,,,,,,,,,,,,,,"[""man""]",not_asked,not_asked,not_asked,not_asked,not_asked,not_asked,not_asked,not_asked,declined,not_asked,not_asked,not_asked,not_asked,not_asked,not_asked,not_asked,declined,observed,,,,,,,,,,,,,,,,,,0,"{""acceptable_zones"": null, ""age_max"": null, ""age_min"": null, ""conversations"": null, ""emotional_availability"": null, ""has_children"": null, ""lifestyle"": null, ""partner_children"": null, ""partner_smoking"": null, ""relationship_goal"": null, ""relationship_pace"": null, ""relationship_structure"": null, ""relocate"": null, ""schedule"": null, ""smoking"": null, ""space_for_relationship"": null, ""wants_children"": null, ""who_to_meet"": [""man""]}","{""acceptable_zones"": ""not_asked"", ""age_max"": ""not_asked"", ""age_min"": ""not_asked"", ""conversations"": ""not_asked"", ""emotional_availability"": ""not_asked"", ""has_children"": ""not_asked"", ""lifestyle"": ""not_asked"", ""partner_children"": ""not_asked"", ""partner_smoking"": ""declined"", ""relationship_goal"": ""not_asked"", ""relationship_pace"": ""not_asked"", ""relationship_structure"": ""not_asked"", ""relocate"": ""not_asked"", ""schedule"": ""not_asked"", ""smoking"": ""not_asked"", ""space_for_relationship"": ""not_asked"", ""wants_children"": ""declined"", ""who_to_meet"": ""observed""}","{""acceptable_zones"": null, ""age_max"": null, ""age_min"": null, ""conversations"": null, ""emotional_availability"": null, ""has_children"": null, ""lifestyle"": null, ""partner_children"": null, ""partner_smoking"": null, ""relationship_goal"": null, ""relationship_pace"": null, ""relationship_structure"": null, ""relocate"": null, ""schedule"": null, ""smoking"": null, ""space_for_relationship"": null, ""wants_children"": null, ""who_to_meet"": 0}"
syn_21088a5c922eaed02358c86ef07c7e65,public_06,35,woman,zone_a,False,synthetic_questionnaire,True,2,"[""zone_a""]",45,27,,,False,social,no_children,any,,,monogamous,,"[""weekday_evening""]",no,,no,"[""non_binary"", ""man"", ""woman""]",observed,observed,observed,not_asked,not_asked,observed,observed,observed,observed,not_asked,not_asked,observed,not_asked,observed,observed,not_asked,observed,observed,10,10,10,,,10,2,10,10,,,10,,10,10,,10,10,"{""acceptable_zones"": [""zone_a""], ""age_max"": 45, ""age_min"": 27, ""conversations"": null, ""emotional_availability"": null, ""has_children"": false, ""lifestyle"": ""social"", ""partner_children"": ""no_children"", ""partner_smoking"": ""any"", ""relationship_goal"": null, ""relationship_pace"": null, ""relationship_structure"": ""monogamous"", ""relocate"": null, ""schedule"": [""weekday_evening""], ""smoking"": ""no"", ""space_for_relationship"": null, ""wants_children"": ""no"", ""who_to_meet"": [""non_binary"", ""man"", ""woman""]}","{""acceptable_zones"": ""observed"", ""age_max"": ""observed"", ""age_min"": ""observed"", ""conversations"": ""not_asked"", ""emotional_availability"": ""not_asked"", ""has_children"": ""observed"", ""lifestyle"": ""observed"", ""partner_children"": ""observed"", ""partner_smoking"": ""observed"", ""relationship_goal"": ""not_asked"", ""relationship_pace"": ""not_asked"", ""relationship_structure"": ""observed"", ""relocate"": ""not_asked"", ""schedule"": ""observed"", ""smoking"": ""observed"", ""space_for_relationship"": ""not_asked"", ""wants_children"": ""observed"", ""who_to_meet"": ""observed""}","{""acceptable_zones"": 10, ""age_max"": 10, ""age_min"": 10, ""conversations"": null, ""emotional_availability"": null, ""has_children"": 10, ""lifestyle"": 2, ""partner_children"": 10, ""partner_smoking"": 10, ""relationship_goal"": null, ""relationship_pace"": null, ""relationship_structure"": 10, ""relocate"": null, ""schedule"": 10, ""smoking"": 10, ""space_for_relationship"": null, ""wants_children"": 10, ""who_to_meet"": 10}"
syn_cb1f89f7602c29289dbbfd226672f2e8,public_06,23,woman,zone_b,True,synthetic_questionnaire,True,0,,,,,,,,,,,,,,,,,,,not_asked,not_asked,not_asked,not_asked,not_asked,not_asked,not_asked,declined,not_asked,not_asked,not_asked,not_asked,not_asked,not_asked,declined,not_asked,not_asked,not_asked,,,,,,,,,,,,,,,,,,,"{""acceptable_zones"": null, ""age_max"": null, ""age_min"": null, ""conversations"": null, ""emotional_availability"": null, ""has_children"": null, ""lifestyle"": null, ""partner_children"": null, ""partner_smoking"": null, ""relationship_goal"": null, ""relationship_pace"": null, ""relationship_structure"": null, ""relocate"": null, ""schedule"": null, ""smoking"": null, ""space_for_relationship"": null, ""wants_children"": null, ""who_to_meet"": null}","{""acceptable_zones"": ""not_asked"", ""age_max"": ""not_asked"", ""age_min"": ""not_asked"", ""conversations"": ""not_asked"", ""emotional_availability"": ""not_asked"", ""has_children"": ""not_asked"", ""lifestyle"": ""not_asked"", ""partner_children"": ""declined"", ""partner_smoking"": ""not_asked"", ""relationship_goal"": ""not_asked"", ""relationship_pace"": ""not_asked"", ""relationship_structure"": ""not_asked"", ""relocate"": ""not_asked"", ""schedule"": ""not_asked"", ""smoking"": ""declined"", ""space_for_relationship"": ""not_asked"", ""wants_children"": ""not_asked"", ""who_to_meet"": ""not_asked""}","{""acceptable_zones"": null, ""age_max"": null, ""age_min"": null, ""conversations"": null, ""emotional_availability"": null, ""has_children"": null, ""lifestyle"": null, ""partner_children"": null, ""partner_smoking"": null, ""relationship_goal"": null, ""relationship_pace"": null, ""relationship_structure"": null, ""relocate"": null, ""schedule"": null, ""smoking"": null, ""space_for_relationship"": null, ""wants_children"": null, ""who_to_meet"": null}"
syn_da27cb7eb32da3bbe0f1b2b21ba7e103,public_06,25,man,zone_b,True,synthetic_questionnaire,True,0,"[""zone_b""]",35,20,playful,taking_time,True,quiet,no_children,any,exploring,steady,monogamous,no,"[""weekday_evening"", ""weekend_evening""]",no,moderate,yes,"[""man"", ""non_binary""]",observed,observed,observed,observed,observed,observed,observed,observed,observed,observed,observed,observed,observed,observed,observed,observed,observed,observed,0,0,0,0,0,0,0,0,0,0,0,0,0,0,0,0,0,0,"{""acceptable_zones"": [""zone_b""], ""age_max"": 35, ""age_min"": 20, ""conversations"": ""playful"", ""emotional_availability"": ""taking_time"", ""has_children"": true, ""lifestyle"": ""quiet"", ""partner_children"": ""no_children"", ""partner_smoking"": ""any"", ""relationship_goal"": ""exploring"", ""relationship_pace"": ""steady"", ""relationship_structure"": ""monogamous"", ""relocate"": ""no"", ""schedule"": [""weekday_evening"", ""weekend_evening""], ""smoking"": ""no"", ""space_for_relationship"": ""moderate"", ""wants_children"": ""yes"", ""who_to_meet"": [""man"", ""non_binary""]}","{""acceptable_zones"": ""observed"", ""age_max"": ""observed"", ""age_min"": ""observed"", ""conversations"": ""observed"", ""emotional_availability"": ""observed"", ""has_children"": ""observed"", ""lifestyle"": ""observed"", ""partner_children"": ""observed"", ""partner_smoking"": ""observed"", ""relationship_goal"": ""observed"", ""relationship_pace"": ""observed"", ""relationship_structure"": ""observed"", ""relocate"": ""observed"", ""schedule"": ""observed"", ""smoking"": ""observed"", ""space_for_relationship"": ""observed"", ""wants_children"": ""observed"", ""who_to_meet"": ""observed""}","{""acceptable_zones"": 0, ""age_max"": 0, ""age_min"": 0, ""conversations"": 0, ""emotional_availability"": 0, ""has_children"": 0, ""lifestyle"": 0, ""partner_children"": 0, ""partner_smoking"": 0, ""relationship_goal"": 0, ""relationship_pace"": 0, ""relationship_structure"": 0, ""relocate"": 0, ""schedule"": 0, ""smoking"": 0, ""space_for_relationship"": 0, ""wants_children"": 0, ""who_to_meet"": 0}"
syn_bcf6cfaf04e7db4223279d730dd106c8,public_06,43,woman,zone_b,True,synthetic_questionnaire,True,5,"[""zone_b""]",52,37,,,False,,no_children,any,,,monogamous,,"[""weekend_evening"", ""weekday_evening""]",no,limited,yes,"[""woman"", ""non_binary""]",observed,observed,observed,not_asked,not_asked,observed,not_asked,observed,observed,not_asked,declined,observed,not_asked,observed,observed,observed,observed,observed,10,10,10,,,10,,10,10,,,10,,10,10,5,10,10,"{""acceptable_zones"": [""zone_b""], ""age_max"": 52, ""age_min"": 37, ""conversations"": null, ""emotional_availability"": null, ""has_children"": false, ""lifestyle"": null, ""partner_children"": ""no_children"", ""partner_smoking"": ""any"", ""relationship_goal"": null, ""relationship_pace"": null, ""relationship_structure"": ""monogamous"", ""relocate"": null, ""schedule"": [""weekend_evening"", ""weekday_evening""], ""smoking"": ""no"", ""space_for_relationship"": ""limited"", ""wants_children"": ""yes"", ""who_to_meet"": [""woman"", ""non_binary""]}","{""acceptable_zones"": ""observed"", ""age_max"": ""observed"", ""age_min"": ""observed"", ""conversations"": ""not_asked"", ""emotional_availability"": ""not_asked"", ""has_children"": ""observed"", ""lifestyle"": ""not_asked"", ""partner_children"": ""observed"", ""partner_smoking"": ""observed"", ""relationship_goal"": ""not_asked"", ""relationship_pace"": ""declined"", ""relationship_structure"": ""observed"", ""relocate"": ""not_asked"", ""schedule"": ""observed"", ""smoking"": ""observed"", ""space_for_relationship"": ""observed"", ""wants_children"": ""observed"", ""who_to_meet"": ""observed""}","{""acceptable_zones"": 10, ""age_max"": 10, ""age_min"": 10, ""conversations"": null, ""emotional_availability"": null, ""has_children"": 10, ""lifestyle"": null, ""partner_children"": 10, ""partner_smoking"": 10, ""relationship_goal"": null, ""relationship_pace"": null, ""relationship_structure"": 10, ""relocate"": null, ""schedule"": 10, ""smoking"": 10, ""space_for_relationship"": 5, ""wants_children"": 10, ""who_to_meet"": 10}"
syn_81c315c2b616bfcb16f0f431fefa8647,public_06,46,woman,zone_a,True,synthetic_questionnaire,True,0,"[""zone_a""]",53,41,ideas,ready,False,quiet,no_children,no_smoking,exploring,steady,monogamous,yes,"[""weekend_day"", ""weekday_evening"", ""weekend_evening""]",no,ample,yes,"[""man""]",observed,observed,observed,observed,observed,observed,observed,observed,observed,observed,observed,observed,observed,observed,observed,observed,observed,observed,0,0,0,0,0,0,0,0,0,0,0,0,0,0,0,0,0,0,"{""acceptable_zones"": [""zone_a""], ""age_max"": 53, ""age_min"": 41, ""conversations"": ""ideas"", ""emotional_availability"": ""ready"", ""has_children"": false, ""lifestyle"": ""quiet"", ""partner_children"": ""no_children"", ""partner_smoking"": ""no_smoking"", ""relationship_goal"": ""exploring"", ""relationship_pace"": ""steady"", ""relationship_structure"": ""monogamous"", ""relocate"": ""yes"", ""schedule"": [""weekend_day"", ""weekday_evening"", ""weekend_evening""], ""smoking"": ""no"", ""space_for_relationship"": ""ample"", ""wants_children"": ""yes"", ""who_to_meet"": [""man""]}","{""acceptable_zones"": ""observed"", ""age_max"": ""observed"", ""age_min"": ""observed"", ""conversations"": ""observed"", ""emotional_availability"": ""observed"", ""has_children"": ""observed"", ""lifestyle"": ""observed"", ""partner_children"": ""observed"", ""partner_smoking"": ""observed"", ""relationship_goal"": ""observed"", ""relationship_pace"": ""observed"", ""relationship_structure"": ""observed"", ""relocate"": ""observed"", ""schedule"": ""observed"", ""smoking"": ""observed"", ""space_for_relationship"": ""observed"", ""wants_children"": ""observed"", ""who_to_meet"": ""observed""}","{""acceptable_zones"": 0, ""age_max"": 0, ""age_min"": 0, ""conversations"": 0, ""emotional_availability"": 0, ""has_children"": 0, ""lifestyle"": 0, ""partner_children"": 0, ""partner_smoking"": 0, ""relationship_goal"": 0, ""relationship_pace"": 0, ""relationship_structure"": 0, ""relocate"": 0, ""schedule"": 0, ""smoking"": 0, ""space_for_relationship"": 0, ""wants_children"": 0, ""who_to_meet"": 0}"
syn_6f52253d44737bcfc91f98ad842e5eb7,public_06,26,man,zone_a,False,synthetic_questionnaire,True,0,"[""zone_a"", ""zone_b""]",33,19,,,False,,no_children,no_smoking,,,monogamous,,"[""weekend_evening"", ""weekday_evening"", ""weekend_day""]",no,,yes,"[""woman"", ""man"", ""non_binary""]",observed,observed,observed,not_asked,not_asked,observed,not_asked,observed,observed,not_asked,not_asked,observed,not_asked,observed,observed,not_asked,observed,observed,11,11,11,,,11,,11,11,,,11,,11,11,,11,11,"{""acceptable_zones"": [""zone_a"", ""zone_b""], ""age_max"": 33, ""age_min"": 19, ""conversations"": null, ""emotional_availability"": null, ""has_children"": false, ""lifestyle"": null, ""partner_children"": ""no_children"", ""partner_smoking"": ""no_smoking"", ""relationship_goal"": null, ""relationship_pace"": null, ""relationship_structure"": ""monogamous"", ""relocate"": null, ""schedule"": [""weekend_evening"", ""weekday_evening"", ""weekend_day""], ""smoking"": ""no"", ""space_for_relationship"": null, ""wants_children"": ""yes"", ""who_to_meet"": [""woman"", ""man"", ""non_binary""]}","{""acceptable_zones"": ""observed"", ""age_max"": ""observed"", ""age_min"": ""observed"", ""conversations"": ""not_asked"", ""emotional_availability"": ""not_asked"", ""has_children"": ""observed"", ""lifestyle"": ""not_asked"", ""partner_children"": ""observed"", ""partner_smoking"": ""observed"", ""relationship_goal"": ""not_asked"", ""relationship_pace"": ""not_asked"", ""relationship_structure"": ""observed"", ""relocate"": ""not_asked"", ""schedule"": ""observed"", ""smoking"": ""observed"", ""space_for_relationship"": ""not_asked"", ""wants_children"": ""observed"", ""who_to_meet"": ""observed""}","{""acceptable_zones"": 11, ""age_max"": 11, ""age_min"": 11, ""conversations"": null, ""emotional_availability"": null, ""has_children"": 11, ""lifestyle"": null, ""partner_children"": 11, ""partner_smoking"": 11, ""relationship_goal"": null, ""relationship_pace"": null, ""relationship_structure"": 11, ""relocate"": null, ""schedule"": 11, ""smoking"": 11, ""space_for_relationship"": null, ""wants_children"": 11, ""who_to_meet"": 11}"
syn_f30d1aaec9ff180c167f0ed68dd41166,public_06,21,man,zone_b,True,synthetic_questionnaire,True,0,,25,18,ideas,,,,,,,,,,"[""weekend_day""]",,,,,not_asked,observed,observed,observed,not_asked,not_asked,not_asked,not_asked,not_asked,not_asked,not_asked,not_asked,not_asked,observed,not_asked,not_asked,not_asked,declined,,0,0,0,,,,,,,,,,0,,,,,"{""acceptable_zones"": null, ""age_max"": 25, ""age_min"": 18, ""conversations"": ""ideas"", ""emotional_availability"": null, ""has_children"": null, ""lifestyle"": null, ""partner_children"": null, ""partner_smoking"": null, ""relationship_goal"": null, ""relationship_pace"": null, ""relationship_structure"": null, ""relocate"": null, ""schedule"": [""weekend_day""], ""smoking"": null, ""space_for_relationship"": null, ""wants_children"": null, ""who_to_meet"": null}","{""acceptable_zones"": ""not_asked"", ""age_max"": ""observed"", ""age_min"": ""observed"", ""conversations"": ""observed"", ""emotional_availability"": ""not_asked"", ""has_children"": ""not_asked"", ""lifestyle"": ""not_asked"", ""partner_children"": ""not_asked"", ""partner_smoking"": ""not_asked"", ""relationship_goal"": ""not_asked"", ""relationship_pace"": ""not_asked"", ""relationship_structure"": ""not_asked"", ""relocate"": ""not_asked"", ""schedule"": ""observed"", ""smoking"": ""not_asked"", ""space_for_relationship"": ""not_asked"", ""wants_children"": ""not_asked"", ""who_to_meet"": ""declined""}","{""acceptable_zones"": null, ""age_max"": 0, ""age_min"": 0, ""conversations"": 0, ""emotional_availability"": null, ""has_children"": null, ""lifestyle"": null, ""partner_children"": null, ""partner_smoking"": null, ""relationship_goal"": null, ""relationship_pace"": null, ""relationship_structure"": null, ""relocate"": null, ""schedule"": 0, ""smoking"": null, ""space_for_relationship"": null, ""wants_children"": null, ""who_to_meet"": null}"
syn_3e8ac8e9fbb491d5513434fbd4fc7cd6,public_06,25,woman,zone_a,False,synthetic_questionnaire,True,0,"[""zone_a"", ""zone_c""]",34,20,practical,taking_time,False,quiet,no_children,any,long_term,quick,monogamous,no,"[""weekend_day"", ""weekend_evening"", ""weekday_evening""]",occasionally,moderate,unsure,"[""man""]",observed,observed,observed,observed,observed,observed,observed,observed,observed,observed,observed,observed,observed,observed,observed,observed,observed,observed,0,0,0,0,0,0,0,0,0,0,0,0,0,0,0,0,0,0,"{""acceptable_zones"": [""zone_a"", ""zone_c""], ""age_max"": 34, ""age_min"": 20, ""conversations"": ""practical"", ""emotional_availability"": ""taking_time"", ""has_children"": false, ""lifestyle"": ""quiet"", ""partner_children"": ""no_children"", ""partner_smoking"": ""any"", ""relationship_goal"": ""long_term"", ""relationship_pace"": ""quick"", ""relationship_structure"": ""monogamous"", ""relocate"": ""no"", ""schedule"": [""weekend_day"", ""weekend_evening"", ""weekday_evening""], ""smoking"": ""occasionally"", ""space_for_relationship"": ""moderate"", ""wants_children"": ""unsure"", ""who_to_meet"": [""man""]}","{""acceptable_zones"": ""observed"", ""age_max"": ""observed"", ""age_min"": ""observed"", ""conversations"": ""observed"", ""emotional_availability"": ""observed"", ""has_children"": ""observed"", ""lifestyle"": ""observed"", ""partner_children"": ""observed"", ""partner_smoking"": ""observed"", ""relationship_goal"": ""observed"", ""relationship_pace"": ""observed"", ""relationship_structure"": ""observed"", ""relocate"": ""observed"", ""schedule"": ""observed"", ""smoking"": ""observed"", ""space_for_relationship"": ""observed"", ""wants_children"": ""observed"", ""who_to_meet"": ""observed""}","{""acceptable_zones"": 0, ""age_max"": 0, ""age_min"": 0, ""conversations"": 0, ""emotional_availability"": 0, ""has_children"": 0, ""lifestyle"": 0, ""partner_children"": 0, ""partner_smoking"": 0, ""relationship_goal"": 0, ""relationship_pace"": 0, ""relationship_structure"": 0, ""relocate"": 0, ""schedule"": 0, ""smoking"": 0, ""space_for_relationship"": 0, ""wants_children"": 0, ""who_to_meet"": 0}"
syn_fd90ead0c3260a50a9624d2145214d89,public_06,21,man,zone_b,True,synthetic_questionnaire,True,0,,,,,taking_time,,,,,,quick,,,,,,,"[""man""]",not_asked,not_asked,not_asked,not_asked,observed,not_asked,not_asked,not_asked,not_asked,not_asked,observed,declined,not_asked,not_asked,not_asked,not_asked,not_asked,observed,,,,,0,,,,,,0,,,,,,,0,"{""acceptable_zones"": null, ""age_max"": null, ""age_min"": null, ""conversations"": null, ""emotional_availability"": ""taking_time"", ""has_children"": null, ""lifestyle"": null, ""partner_children"": null, ""partner_smoking"": null, ""relationship_goal"": null, ""relationship_pace"": ""quick"", ""relationship_structure"": null, ""relocate"": null, ""schedule"": null, ""smoking"": null, ""space_for_relationship"": null, ""wants_children"": null, ""who_to_meet"": [""man""]}","{""acceptable_zones"": ""not_asked"", ""age_max"": ""not_asked"", ""age_min"": ""not_asked"", ""conversations"": ""not_asked"", ""emotional_availability"": ""observed"", ""has_children"": ""not_asked"", ""lifestyle"": ""not_asked"", ""partner_children"": ""not_asked"", ""partner_smoking"": ""not_asked"", ""relationship_goal"": ""not_asked"", ""relationship_pace"": ""observed"", ""relationship_structure"": ""declined"", ""relocate"": ""not_asked"", ""schedule"": ""not_asked"", ""smoking"": ""not_asked"", ""space_for_relationship"": ""not_asked"", ""wants_children"": ""not_asked"", ""who_to_meet"": ""observed""}","{""acceptable_zones"": null, ""age_max"": null, ""age_min"": null, ""conversations"": null, ""emotional_availability"": 0, ""has_children"": null, ""lifestyle"": null, ""partner_children"": null, ""partner_smoking"": null, ""relationship_goal"": null, ""relationship_pace"": 0, ""relationship_structure"": null, ""relocate"": null, ""schedule"": null, ""smoking"": null, ""space_for_relationship"": null, ""wants_children"": null, ""who_to_meet"": 0}"
syn_7824f9badb36fc1d541bbaea18d98fda,public_06,38,woman,zone_a,True,synthetic_questionnaire,True,0,,,,,,,,,,,steady,,,,,,,,not_asked,not_asked,declined,not_asked,not_asked,declined,not_asked,not_asked,not_asked,not_asked,observed,not_asked,declined,not_asked,not_asked,not_asked,not_asked,declined,,,,,,,,,,,0,,,,,,,,"{""acceptable_zones"": null, ""age_max"": null, ""age_min"": null, ""conversations"": null, ""emotional_availability"": null, ""has_children"": null, ""lifestyle"": null, ""partner_children"": null, ""partner_smoking"": null, ""relationship_goal"": null, ""relationship_pace"": ""steady"", ""relationship_structure"": null, ""relocate"": null, ""schedule"": null, ""smoking"": null, ""space_for_relationship"": null, ""wants_children"": null, ""who_to_meet"": null}","{""acceptable_zones"": ""not_asked"", ""age_max"": ""not_asked"", ""age_min"": ""declined"", ""conversations"": ""not_asked"", ""emotional_availability"": ""not_asked"", ""has_children"": ""declined"", ""lifestyle"": ""not_asked"", ""partner_children"": ""not_asked"", ""partner_smoking"": ""not_asked"", ""relationship_goal"": ""not_asked"", ""relationship_pace"": ""observed"", ""relationship_structure"": ""not_asked"", ""relocate"": ""declined"", ""schedule"": ""not_asked"", ""smoking"": ""not_asked"", ""space_for_relationship"": ""not_asked"", ""wants_children"": ""not_asked"", ""who_to_meet"": ""declined""}","{""acceptable_zones"": null, ""age_max"": null, ""age_min"": null, ""conversations"": null, ""emotional_availability"": null, ""has_children"": null, ""lifestyle"": null, ""partner_children"": null, ""partner_smoking"": null, ""relationship_goal"": null, ""relationship_pace"": 0, ""relationship_structure"": null, ""relocate"": null, ""schedule"": null, ""smoking"": null, ""space_for_relationship"": null, ""wants_children"": null, ""who_to_meet"": null}"
syn_e37c95550d0dcf21333ba8e02e25ed61,public_06,41,woman,zone_a,False,synthetic_questionnaire,True,0,"[""zone_a""]",51,32,,,False,,any,no_smoking,,,monogamous,no,"[""weekend_evening"", ""weekday_evening""]",occasionally,,yes,"[""woman""]",observed,observed,observed,not_asked,not_asked,observed,not_asked,observed,observed,not_asked,not_asked,observed,observed,observed,observed,not_asked,observed,observed,11,11,11,,,11,,11,11,,,11,0,11,11,,11,11,"{""acceptable_zones"": [""zone_a""], ""age_max"": 51, ""age_min"": 32, ""conversations"": null, ""emotional_availability"": null, ""has_children"": false, ""lifestyle"": null, ""partner_children"": ""any"", ""partner_smoking"": ""no_smoking"", ""relationship_goal"": null, ""relationship_pace"": null, ""relationship_structure"": ""monogamous"", ""relocate"": ""no"", ""schedule"": [""weekend_evening"", ""weekday_evening""], ""smoking"": ""occasionally"", ""space_for_relationship"": null, ""wants_children"": ""yes"", ""who_to_meet"": [""woman""]}","{""acceptable_zones"": ""observed"", ""age_max"": ""observed"", ""age_min"": ""observed"", ""conversations"": ""not_asked"", ""emotional_availability"": ""not_asked"", ""has_children"": ""observed"", ""lifestyle"": ""not_asked"", ""partner_children"": ""observed"", ""partner_smoking"": ""observed"", ""relationship_goal"": ""not_asked"", ""relationship_pace"": ""not_asked"", ""relationship_structure"": ""observed"", ""relocate"": ""observed"", ""schedule"": ""observed"", ""smoking"": ""observed"", ""space_for_relationship"": ""not_asked"", ""wants_children"": ""observed"", ""who_to_meet"": ""observed""}","{""acceptable_zones"": 11, ""age_max"": 11, ""age_min"": 11, ""conversations"": null, ""emotional_availability"": null, ""has_children"": 11, ""lifestyle"": null, ""partner_children"": 11, ""partner_smoking"": 11, ""relationship_goal"": null, ""relationship_pace"": null, ""relationship_structure"": 11, ""relocate"": 0, ""schedule"": 11, ""smoking"": 11, ""space_for_relationship"": null, ""wants_children"": 11, ""who_to_meet"": 11}"
syn_884224d000efc32f7b8c0f56b6ab62f1,public_06,30,woman,zone_a,True,synthetic_questionnaire,True,0,"[""zone_a""]",33,,,,,,,,,,,unsure,,,,,,observed,observed,not_asked,not_asked,not_asked,not_asked,not_asked,not_asked,declined,not_asked,not_asked,declined,observed,not_asked,declined,not_asked,not_asked,not_asked,0,0,,,,,,,,,,,0,,,,,,"{""acceptable_zones"": [""zone_a""], ""age_max"": 33, ""age_min"": null, ""conversations"": null, ""emotional_availability"": null, ""has_children"": null, ""lifestyle"": null, ""partner_children"": null, ""partner_smoking"": null, ""relationship_goal"": null, ""relationship_pace"": null, ""relationship_structure"": null, ""relocate"": ""unsure"", ""schedule"": null, ""smoking"": null, ""space_for_relationship"": null, ""wants_children"": null, ""who_to_meet"": null}","{""acceptable_zones"": ""observed"", ""age_max"": ""observed"", ""age_min"": ""not_asked"", ""conversations"": ""not_asked"", ""emotional_availability"": ""not_asked"", ""has_children"": ""not_asked"", ""lifestyle"": ""not_asked"", ""partner_children"": ""not_asked"", ""partner_smoking"": ""declined"", ""relationship_goal"": ""not_asked"", ""relationship_pace"": ""not_asked"", ""relationship_structure"": ""declined"", ""relocate"": ""observed"", ""schedule"": ""not_asked"", ""smoking"": ""declined"", ""space_for_relationship"": ""not_asked"", ""wants_children"": ""not_asked"", ""who_to_meet"": ""not_asked""}","{""acceptable_zones"": 0, ""age_max"": 0, ""age_min"": null, ""conversations"": null, ""emotional_availability"": null, ""has_children"": null, ""lifestyle"": null, ""partner_children"": null, ""partner_smoking"": null, ""relationship_goal"": null, ""relationship_pace"": null, ""relationship_structure"": null, ""relocate"": 0, ""schedule"": null, ""smoking"": null, ""space_for_relationship"": null, ""wants_children"": null, ""who_to_meet"": null}"
syn_3fe58ecd5ed329ecf8c0d5617afa6cae,public_06,42,man,zone_a,True,synthetic_questionnaire,True,0,,,,,,,,,,exploring,,,,,,,,,not_asked,not_asked,not_asked,not_asked,not_asked,declined,not_asked,not_asked,not_asked,observed,not_asked,declined,not_asked,not_asked,not_asked,not_asked,not_asked,not_asked,,,,,,,,,,0,,,,,,,,,"{""acceptable_zones"": null, ""age_max"": null, ""age_min"": null, ""conversations"": null, ""emotional_availability"": null, ""has_children"": null, ""lifestyle"": null, ""partner_children"": null, ""partner_smoking"": null, ""relationship_goal"": ""exploring"", ""relationship_pace"": null, ""relationship_structure"": null, ""relocate"": null, ""schedule"": null, ""smoking"": null, ""space_for_relationship"": null, ""wants_children"": null, ""who_to_meet"": null}","{""acceptable_zones"": ""not_asked"", ""age_max"": ""not_asked"", ""age_min"": ""not_asked"", ""conversations"": ""not_asked"", ""emotional_availability"": ""not_asked"", ""has_children"": ""declined"", ""lifestyle"": ""not_asked"", ""partner_children"": ""not_asked"", ""partner_smoking"": ""not_asked"", ""relationship_goal"": ""observed"", ""relationship_pace"": ""not_asked"", ""relationship_structure"": ""declined"", ""relocate"": ""not_asked"", ""schedule"": ""not_asked"", ""smoking"": ""not_asked"", ""space_for_relationship"": ""not_asked"", ""wants_children"": ""not_asked"", ""who_to_meet"": ""not_asked""}","{""acceptable_zones"": null, ""age_max"": null, ""age_min"": null, ""conversations"": null, ""emotional_availability"": null, ""has_children"": null, ""lifestyle"": null, ""partner_children"": null, ""partner_smoking"": null, ""relationship_goal"": 0, ""relationship_pace"": null, ""relationship_structure"": null, ""relocate"": null, ""schedule"": null, ""smoking"": null, ""space_for_relationship"": null, ""wants_children"": null, ""who_to_meet"": null}"
syn_b8e49deefa0d859d43ac6edf56263673,public_06,24,man,zone_c,True,synthetic_questionnaire,True,0,,,,,,,,,no_smoking,,,,,,,,,"[""man""]",declined,not_asked,not_asked,not_asked,not_asked,not_asked,not_asked,not_asked,observed,not_asked,not_asked,not_asked,declined,declined,not_asked,not_asked,not_asked,observed,,,,,,,,,0,,,,,,,,,0,"{""acceptable_zones"": null, ""age_max"": null, ""age_min"": null, ""conversations"": null, ""emotional_availability"": null, ""has_children"": null, ""lifestyle"": null, ""partner_children"": null, ""partner_smoking"": ""no_smoking"", ""relationship_goal"": null, ""relationship_pace"": null, ""relationship_structure"": null, ""relocate"": null, ""schedule"": null, ""smoking"": null, ""space_for_relationship"": null, ""wants_children"": null, ""who_to_meet"": [""man""]}","{""acceptable_zones"": ""declined"", ""age_max"": ""not_asked"", ""age_min"": ""not_asked"", ""conversations"": ""not_asked"", ""emotional_availability"": ""not_asked"", ""has_children"": ""not_asked"", ""lifestyle"": ""not_asked"", ""partner_children"": ""not_asked"", ""partner_smoking"": ""observed"", ""relationship_goal"": ""not_asked"", ""relationship_pace"": ""not_asked"", ""relationship_structure"": ""not_asked"", ""relocate"": ""declined"", ""schedule"": ""declined"", ""smoking"": ""not_asked"", ""space_for_relationship"": ""not_asked"", ""wants_children"": ""not_asked"", ""who_to_meet"": ""observed""}","{""acceptable_zones"": null, ""age_max"": null, ""age_min"": null, ""conversations"": null, ""emotional_availability"": null, ""has_children"": null, ""lifestyle"": null, ""partner_children"": null, ""partner_smoking"": 0, ""relationship_goal"": null, ""relationship_pace"": null, ""relationship_structure"": null, ""relocate"": null, ""schedule"": null, ""smoking"": null, ""space_for_relationship"": null, ""wants_children"": null, ""who_to_meet"": 0}"
syn_91fee2996fe98a0b86f8b85b36a34e85,public_06,28,man,zone_b,True,synthetic_questionnaire,True,1,"[""zone_b""]",33,21,practical,ready,False,mixed,any,no_smoking,exploring,steady,monogamous,yes,"[""weekend_evening"", ""weekend_day"", ""weekday_evening""]",no,limited,yes,"[""man""]",observed,observed,observed,observed,observed,observed,observed,observed,observed,observed,observed,observed,observed,observed,observed,observed,observed,observed,1,1,1,1,1,1,1,1,1,1,1,1,1,1,1,1,1,1,"{""acceptable_zones"": [""zone_b""], ""age_max"": 33, ""age_min"": 21, ""conversations"": ""practical"", ""emotional_availability"": ""ready"", ""has_children"": false, ""lifestyle"": ""mixed"", ""partner_children"": ""any"", ""partner_smoking"": ""no_smoking"", ""relationship_goal"": ""exploring"", ""relationship_pace"": ""steady"", ""relationship_structure"": ""monogamous"", ""relocate"": ""yes"", ""schedule"": [""weekend_evening"", ""weekend_day"", ""weekday_evening""], ""smoking"": ""no"", ""space_for_relationship"": ""limited"", ""wants_children"": ""yes"", ""who_to_meet"": [""man""]}","{""acceptable_zones"": ""observed"", ""age_max"": ""observed"", ""age_min"": ""observed"", ""conversations"": ""observed"", ""emotional_availability"": ""observed"", ""has_children"": ""observed"", ""lifestyle"": ""observed"", ""partner_children"": ""observed"", ""partner_smoking"": ""observed"", ""relationship_goal"": ""observed"", ""relationship_pace"": ""observed"", ""relationship_structure"": ""observed"", ""relocate"": ""observed"", ""schedule"": ""observed"", ""smoking"": ""observed"", ""space_for_relationship"": ""observed"", ""wants_children"": ""observed"", ""who_to_meet"": ""observed""}","{""acceptable_zones"": 1, ""age_max"": 1, ""age_min"": 1, ""conversations"": 1, ""emotional_availability"": 1, ""has_children"": 1, ""lifestyle"": 1, ""partner_children"": 1, ""partner_smoking"": 1, ""relationship_goal"": 1, ""relationship_pace"": 1, ""relationship_structure"": 1, ""relocate"": 1, ""schedule"": 1, ""smoking"": 1, ""space_for_relationship"": 1, ""wants_children"": 1, ""who_to_meet"": 1}"
syn_3e376bd52171ec63a6c0b2ccd821f0d1,public_06,31,man,zone_a,False,synthetic_questionnaire,True,0,,,,,taking_time,,,,,,,,,,,,,,declined,not_asked,not_asked,not_asked,observed,not_asked,not_asked,not_asked,not_asked,not_asked,not_asked,not_asked,not_asked,not_asked,not_asked,declined,not_asked,declined,,,,,0,,,,,,,,,,,,,,"{""acceptable_zones"": null, ""age_max"": null, ""age_min"": null, ""conversations"": null, ""emotional_availability"": ""taking_time"", ""has_children"": null, ""lifestyle"": null, ""partner_children"": null, ""partner_smoking"": null, ""relationship_goal"": null, ""relationship_pace"": null, ""relationship_structure"": null, ""relocate"": null, ""schedule"": null, ""smoking"": null, ""space_for_relationship"": null, ""wants_children"": null, ""who_to_meet"": null}","{""acceptable_zones"": ""declined"", ""age_max"": ""not_asked"", ""age_min"": ""not_asked"", ""conversations"": ""not_asked"", ""emotional_availability"": ""observed"", ""has_children"": ""not_asked"", ""lifestyle"": ""not_asked"", ""partner_children"": ""not_asked"", ""partner_smoking"": ""not_asked"", ""relationship_goal"": ""not_asked"", ""relationship_pace"": ""not_asked"", ""relationship_structure"": ""not_asked"", ""relocate"": ""not_asked"", ""schedule"": ""not_asked"", ""smoking"": ""not_asked"", ""space_for_relationship"": ""declined"", ""wants_children"": ""not_asked"", ""who_to_meet"": ""declined""}","{""acceptable_zones"": null, ""age_max"": null, ""age_min"": null, ""conversations"": null, ""emotional_availability"": 0, ""has_children"": null, ""lifestyle"": null, ""partner_children"": null, ""partner_smoking"": null, ""relationship_goal"": null, ""relationship_pace"": null, ""relationship_structure"": null, ""relocate"": null, ""schedule"": null, ""smoking"": null, ""space_for_relationship"": null, ""wants_children"": null, ""who_to_meet"": null}"
syn_ded2ab7d044d20d0e958d52fc16172d9,public_06,35,man,zone_a,False,synthetic_questionnaire,True,0,"[""zone_a""]",45,31,,,False,,any,any,,,monogamous,,"[""weekday_evening"", ""weekend_evening""]",no,,unsure,"[""woman""]",observed,observed,observed,not_asked,declined,observed,not_asked,observed,observed,not_asked,not_asked,observed,not_asked,observed,observed,not_asked,observed,observed,11,11,11,,,11,,11,11,,,11,,11,11,,11,11,"{""acceptable_zones"": [""zone_a""], ""age_max"": 45, ""age_min"": 31, ""conversations"": null, ""emotional_availability"": null, ""has_children"": false, ""lifestyle"": null, ""partner_children"": ""any"", ""partner_smoking"": ""any"", ""relationship_goal"": null, ""relationship_pace"": null, ""relationship_structure"": ""monogamous"", ""relocate"": null, ""schedule"": [""weekday_evening"", ""weekend_evening""], ""smoking"": ""no"", ""space_for_relationship"": null, ""wants_children"": ""unsure"", ""who_to_meet"": [""woman""]}","{""acceptable_zones"": ""observed"", ""age_max"": ""observed"", ""age_min"": ""observed"", ""conversations"": ""not_asked"", ""emotional_availability"": ""declined"", ""has_children"": ""observed"", ""lifestyle"": ""not_asked"", ""partner_children"": ""observed"", ""partner_smoking"": ""observed"", ""relationship_goal"": ""not_asked"", ""relationship_pace"": ""not_asked"", ""relationship_structure"": ""observed"", ""relocate"": ""not_asked"", ""schedule"": ""observed"", ""smoking"": ""observed"", ""space_for_relationship"": ""not_asked"", ""wants_children"": ""observed"", ""who_to_meet"": ""observed""}","{""acceptable_zones"": 11, ""age_max"": 11, ""age_min"": 11, ""conversations"": null, ""emotional_availability"": null, ""has_children"": 11, ""lifestyle"": null, ""partner_children"": 11, ""partner_smoking"": 11, ""relationship_goal"": null, ""relationship_pace"": null, ""relationship_structure"": 11, ""relocate"": null, ""schedule"": 11, ""smoking"": 11, ""space_for_relationship"": null, ""wants_children"": 11, ""who_to_meet"": 11}"
syn_63d2418ae761e5cb5bef73b6ec7e4100,public_06,45,woman,zone_a,True,synthetic_questionnaire,True,0,"[""zone_a""]",53,37,,,False,,any,no_smoking,,,monogamous,,"[""weekend_evening""]",occasionally,ample,yes,"[""woman""]",observed,observed,observed,declined,not_asked,observed,not_asked,observed,observed,not_asked,not_asked,observed,not_asked,observed,observed,observed,observed,observed,11,11,11,,,11,,11,11,,,11,,11,11,0,11,11,"{""acceptable_zones"": [""zone_a""], ""age_max"": 53, ""age_min"": 37, ""conversations"": null, ""emotional_availability"": null, ""has_children"": false, ""lifestyle"": null, ""partner_children"": ""any"", ""partner_smoking"": ""no_smoking"", ""relationship_goal"": null, ""relationship_pace"": null, ""relationship_structure"": ""monogamous"", ""relocate"": null, ""schedule"": [""weekend_evening""], ""smoking"": ""occasionally"", ""space_for_relationship"": ""ample"", ""wants_children"": ""yes"", ""who_to_meet"": [""woman""]}","{""acceptable_zones"": ""observed"", ""age_max"": ""observed"", ""age_min"": ""observed"", ""conversations"": ""declined"", ""emotional_availability"": ""not_asked"", ""has_children"": ""observed"", ""lifestyle"": ""not_asked"", ""partner_children"": ""observed"", ""partner_smoking"": ""observed"", ""relationship_goal"": ""not_asked"", ""relationship_pace"": ""not_asked"", ""relationship_structure"": ""observed"", ""relocate"": ""not_asked"", ""schedule"": ""observed"", ""smoking"": ""observed"", ""space_for_relationship"": ""observed"", ""wants_children"": ""observed"", ""who_to_meet"": ""observed""}","{""acceptable_zones"": 11, ""age_max"": 11, ""age_min"": 11, ""conversations"": null, ""emotional_availability"": null, ""has_children"": 11, ""lifestyle"": null, ""partner_children"": 11, ""partner_smoking"": 11, ""relationship_goal"": null, ""relationship_pace"": null, ""relationship_structure"": 11, ""relocate"": null, ""schedule"": 11, ""smoking"": 11, ""space_for_relationship"": 0, ""wants_children"": 11, ""who_to_meet"": 11}"
syn_b94fae7a1446ff7bb5cdefe8368f9f90,public_06,37,man,zone_a,False,synthetic_questionnaire,True,0,"[""zone_a""]",43,30,practical,taking_time,False,social,any,no_smoking,exploring,quick,monogamous,unsure,"[""weekday_evening"", ""weekend_evening"", ""weekend_day""]",no,moderate,no,"[""non_binary"", ""woman""]",observed,observed,observed,observed,observed,observed,observed,observed,observed,observed,observed,observed,observed,observed,observed,observed,observed,observed,0,0,0,0,0,0,0,0,0,0,0,0,0,0,0,0,0,0,"{""acceptable_zones"": [""zone_a""], ""age_max"": 43, ""age_min"": 30, ""conversations"": ""practical"", ""emotional_availability"": ""taking_time"", ""has_children"": false, ""lifestyle"": ""social"", ""partner_children"": ""any"", ""partner_smoking"": ""no_smoking"", ""relationship_goal"": ""exploring"", ""relationship_pace"": ""quick"", ""relationship_structure"": ""monogamous"", ""relocate"": ""unsure"", ""schedule"": [""weekday_evening"", ""weekend_evening"", ""weekend_day""], ""smoking"": ""no"", ""space_for_relationship"": ""moderate"", ""wants_children"": ""no"", ""who_to_meet"": [""non_binary"", ""woman""]}","{""acceptable_zones"": ""observed"", ""age_max"": ""observed"", ""age_min"": ""observed"", ""conversations"": ""observed"", ""emotional_availability"": ""observed"", ""has_children"": ""observed"", ""lifestyle"": ""observed"", ""partner_children"": ""observed"", ""partner_smoking"": ""observed"", ""relationship_goal"": ""observed"", ""relationship_pace"": ""observed"", ""relationship_structure"": ""observed"", ""relocate"": ""observed"", ""schedule"": ""observed"", ""smoking"": ""observed"", ""space_for_relationship"": ""observed"", ""wants_children"": ""observed"", ""who_to_meet"": ""observed""}","{""acceptable_zones"": 0, ""age_max"": 0, ""age_min"": 0, ""conversations"": 0, ""emotional_availability"": 0, ""has_children"": 0, ""lifestyle"": 0, ""partner_children"": 0, ""partner_smoking"": 0, ""relationship_goal"": 0, ""relationship_pace"": 0, ""relationship_structure"": 0, ""relocate"": 0, ""schedule"": 0, ""smoking"": 0, ""space_for_relationship"": 0, ""wants_children"": 0, ""who_to_meet"": 0}"
syn_31a4be7b76bf61f6960327438b4ca2f9,public_06,29,man,zone_a,True,synthetic_questionnaire,True,19,,,,,,,,,,,,,,,,,,,not_asked,not_asked,declined,not_asked,not_asked,not_asked,not_asked,not_asked,not_asked,not_asked,not_asked,declined,not_asked,not_asked,not_asked,not_asked,not_asked,not_asked,,,,,,,,,,,,,,,,,,,"{""acceptable_zones"": null, ""age_max"": null, ""age_min"": null, ""conversations"": null, ""emotional_availability"": null, ""has_children"": null, ""lifestyle"": null, ""partner_children"": null, ""partner_smoking"": null, ""relationship_goal"": null, ""relationship_pace"": null, ""relationship_structure"": null, ""relocate"": null, ""schedule"": null, ""smoking"": null, ""space_for_relationship"": null, ""wants_children"": null, ""who_to_meet"": null}","{""acceptable_zones"": ""not_asked"", ""age_max"": ""not_asked"", ""age_min"": ""declined"", ""conversations"": ""not_asked"", ""emotional_availability"": ""not_asked"", ""has_children"": ""not_asked"", ""lifestyle"": ""not_asked"", ""partner_children"": ""not_asked"", ""partner_smoking"": ""not_asked"", ""relationship_goal"": ""not_asked"", ""relationship_pace"": ""not_asked"", ""relationship_structure"": ""declined"", ""relocate"": ""not_asked"", ""schedule"": ""not_asked"", ""smoking"": ""not_asked"", ""space_for_relationship"": ""not_asked"", ""wants_children"": ""not_asked"", ""who_to_meet"": ""not_asked""}","{""acceptable_zones"": null, ""age_max"": null, ""age_min"": null, ""conversations"": null, ""emotional_availability"": null, ""has_children"": null, ""lifestyle"": null, ""partner_children"": null, ""partner_smoking"": null, ""relationship_goal"": null, ""relationship_pace"": null, ""relationship_structure"": null, ""relocate"": null, ""schedule"": null, ""smoking"": null, ""space_for_relationship"": null, ""wants_children"": null, ""who_to_meet"": null}"
syn_a7b42dc6c920034394677ac8d0dfe1b9,public_06,43,woman,zone_b,True,synthetic_questionnaire,True,0,"[""zone_b""]",50,35,,,True,,any,any,,,monogamous,,"[""weekend_evening"", ""weekday_evening"", ""weekend_day""]",no,,yes,"[""man""]",observed,observed,observed,not_asked,not_asked,observed,declined,observed,observed,not_asked,not_asked,observed,not_asked,observed,observed,not_asked,observed,observed,12,12,12,,,12,,12,12,,,12,,12,12,,12,12,"{""acceptable_zones"": [""zone_b""], ""age_max"": 50, ""age_min"": 35, ""conversations"": null, ""emotional_availability"": null, ""has_children"": true, ""lifestyle"": null, ""partner_children"": ""any"", ""partner_smoking"": ""any"", ""relationship_goal"": null, ""relationship_pace"": null, ""relationship_structure"": ""monogamous"", ""relocate"": null, ""schedule"": [""weekend_evening"", ""weekday_evening"", ""weekend_day""], ""smoking"": ""no"", ""space_for_relationship"": null, ""wants_children"": ""yes"", ""who_to_meet"": [""man""]}","{""acceptable_zones"": ""observed"", ""age_max"": ""observed"", ""age_min"": ""observed"", ""conversations"": ""not_asked"", ""emotional_availability"": ""not_asked"", ""has_children"": ""observed"", ""lifestyle"": ""declined"", ""partner_children"": ""observed"", ""partner_smoking"": ""observed"", ""relationship_goal"": ""not_asked"", ""relationship_pace"": ""not_asked"", ""relationship_structure"": ""observed"", ""relocate"": ""not_asked"", ""schedule"": ""observed"", ""smoking"": ""observed"", ""space_for_relationship"": ""not_asked"", ""wants_children"": ""observed"", ""who_to_meet"": ""observed""}","{""acceptable_zones"": 12, ""age_max"": 12, ""age_min"": 12, ""conversations"": null, ""emotional_availability"": null, ""has_children"": 12, ""lifestyle"": null, ""partner_children"": 12, ""partner_smoking"": 12, ""relationship_goal"": null, ""relationship_pace"": null, ""relationship_structure"": 12, ""relocate"": null, ""schedule"": 12, ""smoking"": 12, ""space_for_relationship"": null, ""wants_children"": 12, ""who_to_meet"": 12}"
syn_b7564d8895a2382fab350d729b182468,public_06,35,woman,zone_a,False,synthetic_questionnaire,True,0,"[""zone_a""]",38,29,ideas,ready,False,mixed,no_children,no_smoking,long_term,quick,monogamous,unsure,"[""weekend_evening"", ""weekday_evening""]",occasionally,ample,no,"[""man""]",observed,observed,observed,observed,observed,observed,observed,observed,observed,observed,observed,observed,observed,observed,observed,observed,observed,observed,0,0,0,0,0,0,0,0,0,0,0,0,0,0,0,0,0,0,"{""acceptable_zones"": [""zone_a""], ""age_max"": 38, ""age_min"": 29, ""conversations"": ""ideas"", ""emotional_availability"": ""ready"", ""has_children"": false, ""lifestyle"": ""mixed"", ""partner_children"": ""no_children"", ""partner_smoking"": ""no_smoking"", ""relationship_goal"": ""long_term"", ""relationship_pace"": ""quick"", ""relationship_structure"": ""monogamous"", ""relocate"": ""unsure"", ""schedule"": [""weekend_evening"", ""weekday_evening""], ""smoking"": ""occasionally"", ""space_for_relationship"": ""ample"", ""wants_children"": ""no"", ""who_to_meet"": [""man""]}","{""acceptable_zones"": ""observed"", ""age_max"": ""observed"", ""age_min"": ""observed"", ""conversations"": ""observed"", ""emotional_availability"": ""observed"", ""has_children"": ""observed"", ""lifestyle"": ""observed"", ""partner_children"": ""observed"", ""partner_smoking"": ""observed"", ""relationship_goal"": ""observed"", ""relationship_pace"": ""observed"", ""relationship_structure"": ""observed"", ""relocate"": ""observed"", ""schedule"": ""observed"", ""smoking"": ""observed"", ""space_for_relationship"": ""observed"", ""wants_children"": ""observed"", ""who_to_meet"": ""observed""}","{""acceptable_zones"": 0, ""age_max"": 0, ""age_min"": 0, ""conversations"": 0, ""emotional_availability"": 0, ""has_children"": 0, ""lifestyle"": 0, ""partner_children"": 0, ""partner_smoking"": 0, ""relationship_goal"": 0, ""relationship_pace"": 0, ""relationship_structure"": 0, ""relocate"": 0, ""schedule"": 0, ""smoking"": 0, ""space_for_relationship"": 0, ""wants_children"": 0, ""who_to_meet"": 0}"
syn_adae6bca85d991b0ccc09f987510b55e,public_06,31,man,zone_c,True,synthetic_questionnaire,True,0,"[""zone_c"", ""zone_a""]",38,24,,,False,,any,any,,,monogamous,,"[""weekend_evening"", ""weekday_evening""]",no,,no,"[""woman""]",observed,observed,observed,not_asked,not_asked,observed,not_asked,observed,observed,not_asked,not_asked,observed,not_asked,observed,observed,not_asked,observed,observed,12,12,12,,,12,,12,12,,,12,,12,12,,12,12,"{""acceptable_zones"": [""zone_c"", ""zone_a""], ""age_max"": 38, ""age_min"": 24, ""conversations"": null, ""emotional_availability"": null, ""has_children"": false, ""lifestyle"": null, ""partner_children"": ""any"", ""partner_smoking"": ""any"", ""relationship_goal"": null, ""relationship_pace"": null, ""relationship_structure"": ""monogamous"", ""relocate"": null, ""schedule"": [""weekend_evening"", ""weekday_evening""], ""smoking"": ""no"", ""space_for_relationship"": null, ""wants_children"": ""no"", ""who_to_meet"": [""woman""]}","{""acceptable_zones"": ""observed"", ""age_max"": ""observed"", ""age_min"": ""observed"", ""conversations"": ""not_asked"", ""emotional_availability"": ""not_asked"", ""has_children"": ""observed"", ""lifestyle"": ""not_asked"", ""partner_children"": ""observed"", ""partner_smoking"": ""observed"", ""relationship_goal"": ""not_asked"", ""relationship_pace"": ""not_asked"", ""relationship_structure"": ""observed"", ""relocate"": ""not_asked"", ""schedule"": ""observed"", ""smoking"": ""observed"", ""space_for_relationship"": ""not_asked"", ""wants_children"": ""observed"", ""who_to_meet"": ""observed""}","{""acceptable_zones"": 12, ""age_max"": 12, ""age_min"": 12, ""conversations"": null, ""emotional_availability"": null, ""has_children"": 12, ""lifestyle"": null, ""partner_children"": 12, ""partner_smoking"": 12, ""relationship_goal"": null, ""relationship_pace"": null, ""relationship_structure"": 12, ""relocate"": null, ""schedule"": 12, ""smoking"": 12, ""space_for_relationship"": null, ""wants_children"": 12, ""who_to_meet"": 12}"
syn_a5b0dfe47f8be127cdf199e63b13dac7,public_06,21,man,zone_b,True,synthetic_questionnaire,True,0,"[""zone_b"", ""zone_d""]",28,18,,,True,,no_children,any,,,monogamous,,"[""weekday_evening"", ""weekend_day"", ""weekend_evening""]",no,,no,"[""non_binary""]",observed,observed,observed,not_asked,not_asked,observed,not_asked,observed,observed,not_asked,not_asked,observed,not_asked,observed,observed,not_asked,observed,observed,12,12,12,,,12,,12,12,,,12,,12,12,,12,12,"{""acceptable_zones"": [""zone_b"", ""zone_d""], ""age_max"": 28, ""age_min"": 18, ""conversations"": null, ""emotional_availability"": null, ""has_children"": true, ""lifestyle"": null, ""partner_children"": ""no_children"", ""partner_smoking"": ""any"", ""relationship_goal"": null, ""relationship_pace"": null, ""relationship_structure"": ""monogamous"", ""relocate"": null, ""schedule"": [""weekday_evening"", ""weekend_day"", ""weekend_evening""], ""smoking"": ""no"", ""space_for_relationship"": null, ""wants_children"": ""no"", ""who_to_meet"": [""non_binary""]}","{""acceptable_zones"": ""observed"", ""age_max"": ""observed"", ""age_min"": ""observed"", ""conversations"": ""not_asked"", ""emotional_availability"": ""not_asked"", ""has_children"": ""observed"", ""lifestyle"": ""not_asked"", ""partner_children"": ""observed"", ""partner_smoking"": ""observed"", ""relationship_goal"": ""not_asked"", ""relationship_pace"": ""not_asked"", ""relationship_structure"": ""observed"", ""relocate"": ""not_asked"", ""schedule"": ""observed"", ""smoking"": ""observed"", ""space_for_relationship"": ""not_asked"", ""wants_children"": ""observed"", ""who_to_meet"": ""observed""}","{""acceptable_zones"": 12, ""age_max"": 12, ""age_min"": 12, ""conversations"": null, ""emotional_availability"": null, ""has_children"": 12, ""lifestyle"": null, ""partner_children"": 12, ""partner_smoking"": 12, ""relationship_goal"": null, ""relationship_pace"": null, ""relationship_structure"": 12, ""relocate"": null, ""schedule"": 12, ""smoking"": 12, ""space_for_relationship"": null, ""wants_children"": 12, ""who_to_meet"": 12}"
syn_1d5e1fe33d76777b3a045c00acccf060,public_06,28,woman,zone_b,False,synthetic_questionnaire,True,0,"[""zone_b""]",34,19,playful,taking_time,False,quiet,any,no_smoking,exploring,slow,monogamous,yes,"[""weekday_evening"", ""weekend_day""]",no,limited,no,"[""non_binary"", ""woman"", ""man""]",observed,observed,observed,observed,observed,observed,observed,observed,observed,observed,observed,observed,observed,observed,observed,observed,observed,observed,0,0,0,0,0,0,0,0,0,0,0,0,0,0,0,0,0,0,"{""acceptable_zones"": [""zone_b""], ""age_max"": 34, ""age_min"": 19, ""conversations"": ""playful"", ""emotional_availability"": ""taking_time"", ""has_children"": false, ""lifestyle"": ""quiet"", ""partner_children"": ""any"", ""partner_smoking"": ""no_smoking"", ""relationship_goal"": ""exploring"", ""relationship_pace"": ""slow"", ""relationship_structure"": ""monogamous"", ""relocate"": ""yes"", ""schedule"": [""weekday_evening"", ""weekend_day""], ""smoking"": ""no"", ""space_for_relationship"": ""limited"", ""wants_children"": ""no"", ""who_to_meet"": [""non_binary"", ""woman"", ""man""]}","{""acceptable_zones"": ""observed"", ""age_max"": ""observed"", ""age_min"": ""observed"", ""conversations"": ""observed"", ""emotional_availability"": ""observed"", ""has_children"": ""observed"", ""lifestyle"": ""observed"", ""partner_children"": ""observed"", ""partner_smoking"": ""observed"", ""relationship_goal"": ""observed"", ""relationship_pace"": ""observed"", ""relationship_structure"": ""observed"", ""relocate"": ""observed"", ""schedule"": ""observed"", ""smoking"": ""observed"", ""space_for_relationship"": ""observed"", ""wants_children"": ""observed"", ""who_to_meet"": ""observed""}","{""acceptable_zones"": 0, ""age_max"": 0, ""age_min"": 0, ""conversations"": 0, ""emotional_availability"": 0, ""has_children"": 0, ""lifestyle"": 0, ""partner_children"": 0, ""partner_smoking"": 0, ""relationship_goal"": 0, ""relationship_pace"": 0, ""relationship_structure"": 0, ""relocate"": 0, ""schedule"": 0, ""smoking"": 0, ""space_for_relationship"": 0, ""wants_children"": 0, ""who_to_meet"": 0}"
syn_3df2035351688adb509b69503d1858c1,public_06,27,man,zone_a,True,synthetic_questionnaire,True,0,,,,,,False,,no_children,,long_term,,,,,,,,,not_asked,not_asked,declined,declined,not_asked,observed,not_asked,observed,not_asked,observed,not_asked,not_asked,not_asked,not_asked,not_asked,not_asked,not_asked,not_asked,,,,,,0,,0,,0,,,,,,,,,"{""acceptable_zones"": null, ""age_max"": null, ""age_min"": null, ""conversations"": null, ""emotional_availability"": null, ""has_children"": false, ""lifestyle"": null, ""partner_children"": ""no_children"", ""partner_smoking"": null, ""relationship_goal"": ""long_term"", ""relationship_pace"": null, ""relationship_structure"": null, ""relocate"": null, ""schedule"": null, ""smoking"": null, ""space_for_relationship"": null, ""wants_children"": null, ""who_to_meet"": null}","{""acceptable_zones"": ""not_asked"", ""age_max"": ""not_asked"", ""age_min"": ""declined"", ""conversations"": ""declined"", ""emotional_availability"": ""not_asked"", ""has_children"": ""observed"", ""lifestyle"": ""not_asked"", ""partner_children"": ""observed"", ""partner_smoking"": ""not_asked"", ""relationship_goal"": ""observed"", ""relationship_pace"": ""not_asked"", ""relationship_structure"": ""not_asked"", ""relocate"": ""not_asked"", ""schedule"": ""not_asked"", ""smoking"": ""not_asked"", ""space_for_relationship"": ""not_asked"", ""wants_children"": ""not_asked"", ""who_to_meet"": ""not_asked""}","{""acceptable_zones"": null, ""age_max"": null, ""age_min"": null, ""conversations"": null, ""emotional_availability"": null, ""has_children"": 0, ""lifestyle"": null, ""partner_children"": 0, ""partner_smoking"": null, ""relationship_goal"": 0, ""relationship_pace"": null, ""relationship_structure"": null, ""relocate"": null, ""schedule"": null, ""smoking"": null, ""space_for_relationship"": null, ""wants_children"": null, ""who_to_meet"": null}"
syn_b081f0e6bb3a389ebf7661f58493adf5,public_06,37,man,zone_a,True,synthetic_questionnaire,True,0,,,30,,,,,,no_smoking,,steady,,,,,,,,not_asked,not_asked,observed,not_asked,not_asked,declined,not_asked,not_asked,observed,not_asked,observed,not_asked,not_asked,not_asked,not_asked,not_asked,not_asked,not_asked,,,0,,,,,,0,,0,,,,,,,,"{""acceptable_zones"": null, ""age_max"": null, ""age_min"": 30, ""conversations"": null, ""emotional_availability"": null, ""has_children"": null, ""lifestyle"": null, ""partner_children"": null, ""partner_smoking"": ""no_smoking"", ""relationship_goal"": null, ""relationship_pace"": ""steady"", ""relationship_structure"": null, ""relocate"": null, ""schedule"": null, ""smoking"": null, ""space_for_relationship"": null, ""wants_children"": null, ""who_to_meet"": null}","{""acceptable_zones"": ""not_asked"", ""age_max"": ""not_asked"", ""age_min"": ""observed"", ""conversations"": ""not_asked"", ""emotional_availability"": ""not_asked"", ""has_children"": ""declined"", ""lifestyle"": ""not_asked"", ""partner_children"": ""not_asked"", ""partner_smoking"": ""observed"", ""relationship_goal"": ""not_asked"", ""relationship_pace"": ""observed"", ""relationship_structure"": ""not_asked"", ""relocate"": ""not_asked"", ""schedule"": ""not_asked"", ""smoking"": ""not_asked"", ""space_for_relationship"": ""not_asked"", ""wants_children"": ""not_asked"", ""who_to_meet"": ""not_asked""}","{""acceptable_zones"": null, ""age_max"": null, ""age_min"": 0, ""conversations"": null, ""emotional_availability"": null, ""has_children"": null, ""lifestyle"": null, ""partner_children"": null, ""partner_smoking"": 0, ""relationship_goal"": null, ""relationship_pace"": 0, ""relationship_structure"": null, ""relocate"": null, ""schedule"": null, ""smoking"": null, ""space_for_relationship"": null, ""wants_children"": null, ""who_to_meet"": null}"
syn_f24bdf141f9f2c6dadc86a882c771470,public_06,37,man,zone_a,True,synthetic_questionnaire,True,9,,,,,,,,,,,,monogamous,yes,,,,,,not_asked,not_asked,not_asked,not_asked,not_asked,not_asked,not_asked,not_asked,not_asked,not_asked,not_asked,observed,observed,not_asked,not_asked,not_asked,not_asked,declined,,,,,,,,,,,,9,9,,,,,,"{""acceptable_zones"": null, ""age_max"": null, ""age_min"": null, ""conversations"": null, ""emotional_availability"": null, ""has_children"": null, ""lifestyle"": null, ""partner_children"": null, ""partner_smoking"": null, ""relationship_goal"": null, ""relationship_pace"": null, ""relationship_structure"": ""monogamous"", ""relocate"": ""yes"", ""schedule"": null, ""smoking"": null, ""space_for_relationship"": null, ""wants_children"": null, ""who_to_meet"": null}","{""acceptable_zones"": ""not_asked"", ""age_max"": ""not_asked"", ""age_min"": ""not_asked"", ""conversations"": ""not_asked"", ""emotional_availability"": ""not_asked"", ""has_children"": ""not_asked"", ""lifestyle"": ""not_asked"", ""partner_children"": ""not_asked"", ""partner_smoking"": ""not_asked"", ""relationship_goal"": ""not_asked"", ""relationship_pace"": ""not_asked"", ""relationship_structure"": ""observed"", ""relocate"": ""observed"", ""schedule"": ""not_asked"", ""smoking"": ""not_asked"", ""space_for_relationship"": ""not_asked"", ""wants_children"": ""not_asked"", ""who_to_meet"": ""declined""}","{""acceptable_zones"": null, ""age_max"": null, ""age_min"": null, ""conversations"": null, ""emotional_availability"": null, ""has_children"": null, ""lifestyle"": null, ""partner_children"": null, ""partner_smoking"": null, ""relationship_goal"": null, ""relationship_pace"": null, ""relationship_structure"": 9, ""relocate"": 9, ""schedule"": null, ""smoking"": null, ""space_for_relationship"": null, ""wants_children"": null, ""who_to_meet"": null}"
syn_e99c783de4288ff04b9bd687eebdf8af,public_06,41,woman,zone_a,False,synthetic_questionnaire,True,0,"[""zone_a""]",51,36,playful,,True,,any,no_smoking,,,monogamous,unsure,"[""weekend_day""]",no,,no,"[""man"", ""non_binary""]",observed,observed,observed,observed,not_asked,observed,not_asked,observed,observed,not_asked,not_asked,observed,observed,observed,observed,not_asked,observed,observed,13,13,13,0,,13,,13,13,,,13,0,13,13,,13,13,"{""acceptable_zones"": [""zone_a""], ""age_max"": 51, ""age_min"": 36, ""conversations"": ""playful"", ""emotional_availability"": null, ""has_children"": true, ""lifestyle"": null, ""partner_children"": ""any"", ""partner_smoking"": ""no_smoking"", ""relationship_goal"": null, ""relationship_pace"": null, ""relationship_structure"": ""monogamous"", ""relocate"": ""unsure"", ""schedule"": [""weekend_day""], ""smoking"": ""no"", ""space_for_relationship"": null, ""wants_children"": ""no"", ""who_to_meet"": [""man"", ""non_binary""]}","{""acceptable_zones"": ""observed"", ""age_max"": ""observed"", ""age_min"": ""observed"", ""conversations"": ""observed"", ""emotional_availability"": ""not_asked"", ""has_children"": ""observed"", ""lifestyle"": ""not_asked"", ""partner_children"": ""observed"", ""partner_smoking"": ""observed"", ""relationship_goal"": ""not_asked"", ""relationship_pace"": ""not_asked"", ""relationship_structure"": ""observed"", ""relocate"": ""observed"", ""schedule"": ""observed"", ""smoking"": ""observed"", ""space_for_relationship"": ""not_asked"", ""wants_children"": ""observed"", ""who_to_meet"": ""observed""}","{""acceptable_zones"": 13, ""age_max"": 13, ""age_min"": 13, ""conversations"": 0, ""emotional_availability"": null, ""has_children"": 13, ""lifestyle"": null, ""partner_children"": 13, ""partner_smoking"": 13, ""relationship_goal"": null, ""relationship_pace"": null, ""relationship_structure"": 13, ""relocate"": 0, ""schedule"": 13, ""smoking"": 13, ""space_for_relationship"": null, ""wants_children"": 13, ""who_to_meet"": 13}"
syn_1ea7fa38ac2135194e3e58b3de41d9c9,public_06,46,woman,zone_a,True,synthetic_questionnaire,True,0,"[""zone_a""]",51,38,ideas,taking_time,False,mixed,no_children,any,long_term,steady,monogamous,unsure,"[""weekday_evening"", ""weekend_evening""]",no,limited,yes,"[""non_binary""]",observed,observed,observed,observed,observed,observed,observed,observed,observed,observed,observed,observed,observed,observed,observed,observed,observed,observed,0,0,0,0,0,0,0,0,0,0,0,0,0,0,0,0,0,0,"{""acceptable_zones"": [""zone_a""], ""age_max"": 51, ""age_min"": 38, ""conversations"": ""ideas"", ""emotional_availability"": ""taking_time"", ""has_children"": false, ""lifestyle"": ""mixed"", ""partner_children"": ""no_children"", ""partner_smoking"": ""any"", ""relationship_goal"": ""long_term"", ""relationship_pace"": ""steady"", ""relationship_structure"": ""monogamous"", ""relocate"": ""unsure"", ""schedule"": [""weekday_evening"", ""weekend_evening""], ""smoking"": ""no"", ""space_for_relationship"": ""limited"", ""wants_children"": ""yes"", ""who_to_meet"": [""non_binary""]}","{""acceptable_zones"": ""observed"", ""age_max"": ""observed"", ""age_min"": ""observed"", ""conversations"": ""observed"", ""emotional_availability"": ""observed"", ""has_children"": ""observed"", ""lifestyle"": ""observed"", ""partner_children"": ""observed"", ""partner_smoking"": ""observed"", ""relationship_goal"": ""observed"", ""relationship_pace"": ""observed"", ""relationship_structure"": ""observed"", ""relocate"": ""observed"", ""schedule"": ""observed"", ""smoking"": ""observed"", ""space_for_relationship"": ""observed"", ""wants_children"": ""observed"", ""who_to_meet"": ""observed""}","{""acceptable_zones"": 0, ""age_max"": 0, ""age_min"": 0, ""conversations"": 0, ""emotional_availability"": 0, ""has_children"": 0, ""lifestyle"": 0, ""partner_children"": 0, ""partner_smoking"": 0, ""relationship_goal"": 0, ""relationship_pace"": 0, ""relationship_structure"": 0, ""relocate"": 0, ""schedule"": 0, ""smoking"": 0, ""space_for_relationship"": 0, ""wants_children"": 0, ""who_to_meet"": 0}"
syn_bf01f7e7bb92779ea8360e92cc83031e,public_06,21,man,zone_a,True,synthetic_questionnaire,True,0,"[""zone_a""]",29,18,playful,ready,False,quiet,any,any,exploring,steady,monogamous,no,"[""weekend_evening""]",no,limited,unsure,"[""woman""]",observed,observed,observed,observed,observed,observed,observed,observed,observed,observed,observed,observed,observed,observed,observed,observed,observed,observed,0,0,0,0,0,0,0,0,0,0,0,0,0,0,0,0,0,0,"{""acceptable_zones"": [""zone_a""], ""age_max"": 29, ""age_min"": 18, ""conversations"": ""playful"", ""emotional_availability"": ""ready"", ""has_children"": false, ""lifestyle"": ""quiet"", ""partner_children"": ""any"", ""partner_smoking"": ""any"", ""relationship_goal"": ""exploring"", ""relationship_pace"": ""steady"", ""relationship_structure"": ""monogamous"", ""relocate"": ""no"", ""schedule"": [""weekend_evening""], ""smoking"": ""no"", ""space_for_relationship"": ""limited"", ""wants_children"": ""unsure"", ""who_to_meet"": [""woman""]}","{""acceptable_zones"": ""observed"", ""age_max"": ""observed"", ""age_min"": ""observed"", ""conversations"": ""observed"", ""emotional_availability"": ""observed"", ""has_children"": ""observed"", ""lifestyle"": ""observed"", ""partner_children"": ""observed"", ""partner_smoking"": ""observed"", ""relationship_goal"": ""observed"", ""relationship_pace"": ""observed"", ""relationship_structure"": ""observed"", ""relocate"": ""observed"", ""schedule"": ""observed"", ""smoking"": ""observed"", ""space_for_relationship"": ""observed"", ""wants_children"": ""observed"", ""who_to_meet"": ""observed""}","{""acceptable_zones"": 0, ""age_max"": 0, ""age_min"": 0, ""conversations"": 0, ""emotional_availability"": 0, ""has_children"": 0, ""lifestyle"": 0, ""partner_children"": 0, ""partner_smoking"": 0, ""relationship_goal"": 0, ""relationship_pace"": 0, ""relationship_structure"": 0, ""relocate"": 0, ""schedule"": 0, ""smoking"": 0, ""space_for_relationship"": 0, ""wants_children"": 0, ""who_to_meet"": 0}"
syn_41d867f054c579931f591a2083b7e8d7,public_06,30,man,zone_a,True,synthetic_questionnaire,True,0,"[""zone_a""]",39,23,stories,taking_time,True,social,no_children,no_smoking,long_term,quick,monogamous,yes,"[""weekday_evening"", ""weekend_day""]",no,limited,no,"[""non_binary""]",observed,observed,observed,observed,observed,observed,observed,observed,observed,observed,observed,observed,observed,observed,observed,observed,observed,observed,0,0,0,0,0,0,0,0,0,0,0,0,0,0,0,0,0,0,"{""acceptable_zones"": [""zone_a""], ""age_max"": 39, ""age_min"": 23, ""conversations"": ""stories"", ""emotional_availability"": ""taking_time"", ""has_children"": true, ""lifestyle"": ""social"", ""partner_children"": ""no_children"", ""partner_smoking"": ""no_smoking"", ""relationship_goal"": ""long_term"", ""relationship_pace"": ""quick"", ""relationship_structure"": ""monogamous"", ""relocate"": ""yes"", ""schedule"": [""weekday_evening"", ""weekend_day""], ""smoking"": ""no"", ""space_for_relationship"": ""limited"", ""wants_children"": ""no"", ""who_to_meet"": [""non_binary""]}","{""acceptable_zones"": ""observed"", ""age_max"": ""observed"", ""age_min"": ""observed"", ""conversations"": ""observed"", ""emotional_availability"": ""observed"", ""has_children"": ""observed"", ""lifestyle"": ""observed"", ""partner_children"": ""observed"", ""partner_smoking"": ""observed"", ""relationship_goal"": ""observed"", ""relationship_pace"": ""observed"", ""relationship_structure"": ""observed"", ""relocate"": ""observed"", ""schedule"": ""observed"", ""smoking"": ""observed"", ""space_for_relationship"": ""observed"", ""wants_children"": ""observed"", ""who_to_meet"": ""observed""}","{""acceptable_zones"": 0, ""age_max"": 0, ""age_min"": 0, ""conversations"": 0, ""emotional_availability"": 0, ""has_children"": 0, ""lifestyle"": 0, ""partner_children"": 0, ""partner_smoking"": 0, ""relationship_goal"": 0, ""relationship_pace"": 0, ""relationship_structure"": 0, ""relocate"": 0, ""schedule"": 0, ""smoking"": 0, ""space_for_relationship"": 0, ""wants_children"": 0, ""who_to_meet"": 0}"
syn_96c4a88930b032b13bf5d7c604e75e16,public_06,42,woman,zone_a,True,synthetic_questionnaire,True,0,"[""zone_a""]",47,32,stories,ready,False,,any,any,,,monogamous,,"[""weekend_evening"", ""weekday_evening"", ""weekend_day""]",no,,unsure,"[""non_binary""]",observed,observed,observed,observed,observed,observed,not_asked,observed,observed,not_asked,not_asked,observed,not_asked,observed,observed,not_asked,observed,observed,13,13,13,0,0,13,,13,13,,,13,,13,13,,13,13,"{""acceptable_zones"": [""zone_a""], ""age_max"": 47, ""age_min"": 32, ""conversations"": ""stories"", ""emotional_availability"": ""ready"", ""has_children"": false, ""lifestyle"": null, ""partner_children"": ""any"", ""partner_smoking"": ""any"", ""relationship_goal"": null, ""relationship_pace"": null, ""relationship_structure"": ""monogamous"", ""relocate"": null, ""schedule"": [""weekend_evening"", ""weekday_evening"", ""weekend_day""], ""smoking"": ""no"", ""space_for_relationship"": null, ""wants_children"": ""unsure"", ""who_to_meet"": [""non_binary""]}","{""acceptable_zones"": ""observed"", ""age_max"": ""observed"", ""age_min"": ""observed"", ""conversations"": ""observed"", ""emotional_availability"": ""observed"", ""has_children"": ""observed"", ""lifestyle"": ""not_asked"", ""partner_children"": ""observed"", ""partner_smoking"": ""observed"", ""relationship_goal"": ""not_asked"", ""relationship_pace"": ""not_asked"", ""relationship_structure"": ""observed"", ""relocate"": ""not_asked"", ""schedule"": ""observed"", ""smoking"": ""observed"", ""space_for_relationship"": ""not_asked"", ""wants_children"": ""observed"", ""who_to_meet"": ""observed""}","{""acceptable_zones"": 13, ""age_max"": 13, ""age_min"": 13, ""conversations"": 0, ""emotional_availability"": 0, ""has_children"": 13, ""lifestyle"": null, ""partner_children"": 13, ""partner_smoking"": 13, ""relationship_goal"": null, ""relationship_pace"": null, ""relationship_structure"": 13, ""relocate"": null, ""schedule"": 13, ""smoking"": 13, ""space_for_relationship"": null, ""wants_children"": 13, ""who_to_meet"": 13}"
syn_d2a87064e91ea586f74beb6eceef6a8d,public_06,26,man,zone_b,False,synthetic_questionnaire,True,0,"[""zone_b"", ""zone_a""]",29,19,,,False,,any,any,exploring,,monogamous,,"[""weekend_day""]",no,,no,"[""man""]",observed,observed,observed,not_asked,not_asked,observed,not_asked,observed,observed,observed,declined,observed,not_asked,observed,observed,not_asked,observed,observed,13,13,13,,,13,,13,13,0,,13,,13,13,,13,13,"{""acceptable_zones"": [""zone_b"", ""zone_a""], ""age_max"": 29, ""age_min"": 19, ""conversations"": null, ""emotional_availability"": null, ""has_children"": false, ""lifestyle"": null, ""partner_children"": ""any"", ""partner_smoking"": ""any"", ""relationship_goal"": ""exploring"", ""relationship_pace"": null, ""relationship_structure"": ""monogamous"", ""relocate"": null, ""schedule"": [""weekend_day""], ""smoking"": ""no"", ""space_for_relationship"": null, ""wants_children"": ""no"", ""who_to_meet"": [""man""]}","{""acceptable_zones"": ""observed"", ""age_max"": ""observed"", ""age_min"": ""observed"", ""conversations"": ""not_asked"", ""emotional_availability"": ""not_asked"", ""has_children"": ""observed"", ""lifestyle"": ""not_asked"", ""partner_children"": ""observed"", ""partner_smoking"": ""observed"", ""relationship_goal"": ""observed"", ""relationship_pace"": ""declined"", ""relationship_structure"": ""observed"", ""relocate"": ""not_asked"", ""schedule"": ""observed"", ""smoking"": ""observed"", ""space_for_relationship"": ""not_asked"", ""wants_children"": ""observed"", ""who_to_meet"": ""observed""}","{""acceptable_zones"": 13, ""age_max"": 13, ""age_min"": 13, ""conversations"": null, ""emotional_availability"": null, ""has_children"": 13, ""lifestyle"": null, ""partner_children"": 13, ""partner_smoking"": 13, ""relationship_goal"": 0, ""relationship_pace"": null, ""relationship_structure"": 13, ""relocate"": null, ""schedule"": 13, ""smoking"": 13, ""space_for_relationship"": null, ""wants_children"": 13, ""who_to_meet"": 13}"
syn_231890359389d30040bfa3992fbb4cee,public_06,45,man,zone_b,True,synthetic_questionnaire,True,0,,,,,,,,,no_smoking,,,,,,,,,,not_asked,not_asked,not_asked,not_asked,not_asked,not_asked,not_asked,not_asked,observed,not_asked,not_asked,not_asked,not_asked,not_asked,not_asked,not_asked,declined,not_asked,,,,,,,,,0,,,,,,,,,,"{""acceptable_zones"": null, ""age_max"": null, ""age_min"": null, ""conversations"": null, ""emotional_availability"": null, ""has_children"": null, ""lifestyle"": null, ""partner_children"": null, ""partner_smoking"": ""no_smoking"", ""relationship_goal"": null, ""relationship_pace"": null, ""relationship_structure"": null, ""relocate"": null, ""schedule"": null, ""smoking"": null, ""space_for_relationship"": null, ""wants_children"": null, ""who_to_meet"": null}","{""acceptable_zones"": ""not_asked"", ""age_max"": ""not_asked"", ""age_min"": ""not_asked"", ""conversations"": ""not_asked"", ""emotional_availability"": ""not_asked"", ""has_children"": ""not_asked"", ""lifestyle"": ""not_asked"", ""partner_children"": ""not_asked"", ""partner_smoking"": ""observed"", ""relationship_goal"": ""not_asked"", ""relationship_pace"": ""not_asked"", ""relationship_structure"": ""not_asked"", ""relocate"": ""not_asked"", ""schedule"": ""not_asked"", ""smoking"": ""not_asked"", ""space_for_relationship"": ""not_asked"", ""wants_children"": ""declined"", ""who_to_meet"": ""not_asked""}","{""acceptable_zones"": null, ""age_max"": null, ""age_min"": null, ""conversations"": null, ""emotional_availability"": null, ""has_children"": null, ""lifestyle"": null, ""partner_children"": null, ""partner_smoking"": 0, ""relationship_goal"": null, ""relationship_pace"": null, ""relationship_structure"": null, ""relocate"": null, ""schedule"": null, ""smoking"": null, ""space_for_relationship"": null, ""wants_children"": null, ""who_to_meet"": null}"
syn_b77b5fe5052385aa2a2133206ea74433,public_06,22,man,zone_a,True,synthetic_questionnaire,True,0,,,,,,False,,,,,,,no,,,,,,not_asked,not_asked,not_asked,not_asked,declined,observed,not_asked,not_asked,declined,not_asked,not_asked,declined,observed,not_asked,not_asked,not_asked,not_asked,not_asked,,,,,,0,,,,,,,0,,,,,,"{""acceptable_zones"": null, ""age_max"": null, ""age_min"": null, ""conversations"": null, ""emotional_availability"": null, ""has_children"": false, ""lifestyle"": null, ""partner_children"": null, ""partner_smoking"": null, ""relationship_goal"": null, ""relationship_pace"": null, ""relationship_structure"": null, ""relocate"": ""no"", ""schedule"": null, ""smoking"": null, ""space_for_relationship"": null, ""wants_children"": null, ""who_to_meet"": null}","{""acceptable_zones"": ""not_asked"", ""age_max"": ""not_asked"", ""age_min"": ""not_asked"", ""conversations"": ""not_asked"", ""emotional_availability"": ""declined"", ""has_children"": ""observed"", ""lifestyle"": ""not_asked"", ""partner_children"": ""not_asked"", ""partner_smoking"": ""declined"", ""relationship_goal"": ""not_asked"", ""relationship_pace"": ""not_asked"", ""relationship_structure"": ""declined"", ""relocate"": ""observed"", ""schedule"": ""not_asked"", ""smoking"": ""not_asked"", ""space_for_relationship"": ""not_asked"", ""wants_children"": ""not_asked"", ""who_to_meet"": ""not_asked""}","{""acceptable_zones"": null, ""age_max"": null, ""age_min"": null, ""conversations"": null, ""emotional_availability"": null, ""has_children"": 0, ""lifestyle"": null, ""partner_children"": null, ""partner_smoking"": null, ""relationship_goal"": null, ""relationship_pace"": null, ""relationship_structure"": null, ""relocate"": 0, ""schedule"": null, ""smoking"": null, ""space_for_relationship"": null, ""wants_children"": null, ""who_to_meet"": null}"
syn_e74b17b8688db0babef5dedba69220c6,public_06,29,woman,zone_a,True,synthetic_questionnaire,True,0,,,,,,,,,,,,monogamous,,,,,,,not_asked,declined,not_asked,not_asked,not_asked,not_asked,not_asked,not_asked,not_asked,not_asked,not_asked,observed,not_asked,not_asked,not_asked,not_asked,not_asked,not_asked,,,,,,,,,,,,0,,,,,,,"{""acceptable_zones"": null, ""age_max"": null, ""age_min"": null, ""conversations"": null, ""emotional_availability"": null, ""has_children"": null, ""lifestyle"": null, ""partner_children"": null, ""partner_smoking"": null, ""relationship_goal"": null, ""relationship_pace"": null, ""relationship_structure"": ""monogamous"", ""relocate"": null, ""schedule"": null, ""smoking"": null, ""space_for_relationship"": null, ""wants_children"": null, ""who_to_meet"": null}","{""acceptable_zones"": ""not_asked"", ""age_max"": ""declined"", ""age_min"": ""not_asked"", ""conversations"": ""not_asked"", ""emotional_availability"": ""not_asked"", ""has_children"": ""not_asked"", ""lifestyle"": ""not_asked"", ""partner_children"": ""not_asked"", ""partner_smoking"": ""not_asked"", ""relationship_goal"": ""not_asked"", ""relationship_pace"": ""not_asked"", ""relationship_structure"": ""observed"", ""relocate"": ""not_asked"", ""schedule"": ""not_asked"", ""smoking"": ""not_asked"", ""space_for_relationship"": ""not_asked"", ""wants_children"": ""not_asked"", ""who_to_meet"": ""not_asked""}","{""acceptable_zones"": null, ""age_max"": null, ""age_min"": null, ""conversations"": null, ""emotional_availability"": null, ""has_children"": null, ""lifestyle"": null, ""partner_children"": null, ""partner_smoking"": null, ""relationship_goal"": null, ""relationship_pace"": null, ""relationship_structure"": 0, ""relocate"": null, ""schedule"": null, ""smoking"": null, ""space_for_relationship"": null, ""wants_children"": null, ""who_to_meet"": null}"
syn_5b553fd9353c0193d21b9cac1218fd4d,public_06,28,man,zone_b,True,synthetic_questionnaire,True,0,,,,,,,,,,,,,,,,,,,not_asked,not_asked,not_asked,not_asked,not_asked,not_asked,not_asked,not_asked,not_asked,not_asked,not_asked,not_asked,not_asked,not_asked,not_asked,not_asked,declined,not_asked,,,,,,,,,,,,,,,,,,,"{""acceptable_zones"": null, ""age_max"": null, ""age_min"": null, ""conversations"": null, ""emotional_availability"": null, ""has_children"": null, ""lifestyle"": null, ""partner_children"": null, ""partner_smoking"": null, ""relationship_goal"": null, ""relationship_pace"": null, ""relationship_structure"": null, ""relocate"": null, ""schedule"": null, ""smoking"": null, ""space_for_relationship"": null, ""wants_children"": null, ""who_to_meet"": null}","{""acceptable_zones"": ""not_asked"", ""age_max"": ""not_asked"", ""age_min"": ""not_asked"", ""conversations"": ""not_asked"", ""emotional_availability"": ""not_asked"", ""has_children"": ""not_asked"", ""lifestyle"": ""not_asked"", ""partner_children"": ""not_asked"", ""partner_smoking"": ""not_asked"", ""relationship_goal"": ""not_asked"", ""relationship_pace"": ""not_asked"", ""relationship_structure"": ""not_asked"", ""relocate"": ""not_asked"", ""schedule"": ""not_asked"", ""smoking"": ""not_asked"", ""space_for_relationship"": ""not_asked"", ""wants_children"": ""declined"", ""who_to_meet"": ""not_asked""}","{""acceptable_zones"": null, ""age_max"": null, ""age_min"": null, ""conversations"": null, ""emotional_availability"": null, ""has_children"": null, ""lifestyle"": null, ""partner_children"": null, ""partner_smoking"": null, ""relationship_goal"": null, ""relationship_pace"": null, ""relationship_structure"": null, ""relocate"": null, ""schedule"": null, ""smoking"": null, ""space_for_relationship"": null, ""wants_children"": null, ""who_to_meet"": null}"
syn_b29bcffd8967e02deb5ea41ebb453a4d,public_06,45,woman,zone_b,True,synthetic_questionnaire,True,13,"[""zone_b""]",51,42,stories,taking_time,True,social,any,any,exploring,steady,monogamous,unsure,"[""weekend_evening"", ""weekend_day"", ""weekday_evening""]",occasionally,ample,no,"[""non_binary""]",observed,observed,observed,observed,observed,observed,observed,observed,observed,observed,observed,observed,observed,observed,observed,observed,observed,observed,13,13,13,13,13,13,13,13,13,13,13,13,13,13,13,13,13,13,"{""acceptable_zones"": [""zone_b""], ""age_max"": 51, ""age_min"": 42, ""conversations"": ""stories"", ""emotional_availability"": ""taking_time"", ""has_children"": true, ""lifestyle"": ""social"", ""partner_children"": ""any"", ""partner_smoking"": ""any"", ""relationship_goal"": ""exploring"", ""relationship_pace"": ""steady"", ""relationship_structure"": ""monogamous"", ""relocate"": ""unsure"", ""schedule"": [""weekend_evening"", ""weekend_day"", ""weekday_evening""], ""smoking"": ""occasionally"", ""space_for_relationship"": ""ample"", ""wants_children"": ""no"", ""who_to_meet"": [""non_binary""]}","{""acceptable_zones"": ""observed"", ""age_max"": ""observed"", ""age_min"": ""observed"", ""conversations"": ""observed"", ""emotional_availability"": ""observed"", ""has_children"": ""observed"", ""lifestyle"": ""observed"", ""partner_children"": ""observed"", ""partner_smoking"": ""observed"", ""relationship_goal"": ""observed"", ""relationship_pace"": ""observed"", ""relationship_structure"": ""observed"", ""relocate"": ""observed"", ""schedule"": ""observed"", ""smoking"": ""observed"", ""space_for_relationship"": ""observed"", ""wants_children"": ""observed"", ""who_to_meet"": ""observed""}","{""acceptable_zones"": 13, ""age_max"": 13, ""age_min"": 13, ""conversations"": 13, ""emotional_availability"": 13, ""has_children"": 13, ""lifestyle"": 13, ""partner_children"": 13, ""partner_smoking"": 13, ""relationship_goal"": 13, ""relationship_pace"": 13, ""relationship_structure"": 13, ""relocate"": 13, ""schedule"": 13, ""smoking"": 13, ""space_for_relationship"": 13, ""wants_children"": 13, ""who_to_meet"": 13}"
syn_6ed794f8076617e3fd1b135deb67c5aa,public_06,33,woman,zone_a,True,synthetic_questionnaire,True,13,"[""zone_a""]",,,,taking_time,,,,,,,,,,,,,,observed,not_asked,declined,not_asked,observed,not_asked,not_asked,not_asked,not_asked,not_asked,not_asked,not_asked,not_asked,not_asked,not_asked,not_asked,not_asked,not_asked,13,,,,13,,,,,,,,,,,,,,"{""acceptable_zones"": [""zone_a""], ""age_max"": null, ""age_min"": null, ""conversations"": null, ""emotional_availability"": ""taking_time"", ""has_children"": null, ""lifestyle"": null, ""partner_children"": null, ""partner_smoking"": null, ""relationship_goal"": null, ""relationship_pace"": null, ""relationship_structure"": null, ""relocate"": null, ""schedule"": null, ""smoking"": null, ""space_for_relationship"": null, ""wants_children"": null, ""who_to_meet"": null}","{""acceptable_zones"": ""observed"", ""age_max"": ""not_asked"", ""age_min"": ""declined"", ""conversations"": ""not_asked"", ""emotional_availability"": ""observed"", ""has_children"": ""not_asked"", ""lifestyle"": ""not_asked"", ""partner_children"": ""not_asked"", ""partner_smoking"": ""not_asked"", ""relationship_goal"": ""not_asked"", ""relationship_pace"": ""not_asked"", ""relationship_structure"": ""not_asked"", ""relocate"": ""not_asked"", ""schedule"": ""not_asked"", ""smoking"": ""not_asked"", ""space_for_relationship"": ""not_asked"", ""wants_children"": ""not_asked"", ""who_to_meet"": ""not_asked""}","{""acceptable_zones"": 13, ""age_max"": null, ""age_min"": null, ""conversations"": null, ""emotional_availability"": 13, ""has_children"": null, ""lifestyle"": null, ""partner_children"": null, ""partner_smoking"": null, ""relationship_goal"": null, ""relationship_pace"": null, ""relationship_structure"": null, ""relocate"": null, ""schedule"": null, ""smoking"": null, ""space_for_relationship"": null, ""wants_children"": null, ""who_to_meet"": null}"
