member_id,age,gender,city,synthetic,qa_age_range,qa_conversations,qa_emotional_availability,qa_gender,qa_has_children,qa_lifestyle,qa_location,qa_partner_children,qa_partner_smoking,qa_relationship_goal,qa_relationship_pace,qa_relationship_structure,qa_relocate,qa_schedule,qa_smoking,qa_space_for_relationship,qa_wants_children,qa_who_to_meet,questionnaire_answers_json
syn_665bce744bdc41648bb1cc4246de2400,25,woman,zone_a,True,,,taking_time,woman,,,zone_a,,,,,,,,,,,,"{""emotional_availability"": ""taking_time"", ""gender"": ""woman"", ""location"": ""zone_a""}"
syn_b9b2bf5a3ff7cd820a5da9c85b41cf3e,35,woman,zone_c,True,,ideas,,woman,,,zone_c,,Open to it,,,,,,,,,,"{""conversations"": ""ideas"", ""gender"": ""woman"", ""location"": ""zone_c"", ""partner_smoking"": ""Open to it""}"
syn_761bf112a2e9075abe48dcdb9ade72c6,34,man,zone_a,True,,,ready,man,,,zone_a,,,,,,no,"weekend_day, weekend_evening",,,I would like children,,"{""emotional_availability"": ""ready"", ""gender"": ""man"", ""location"": ""zone_a"", ""relocate"": ""no"", ""schedule"": ""weekend_day, weekend_evening"", ""wants_children"": ""I would like children""}"
syn_385d7299b7a7c793a42a5185f3adf474,40,woman,zone_b,True,,,,woman,,,zone_b,,,,,,,,,,,,"{""gender"": ""woman"", ""location"": ""zone_b""}"
syn_d66b96f5bebe822535f9f0241e7c98de,29,man,zone_b,True,22-33,playful,ready,man,No,social,zone_b,Open to it,Not compatible for me,long_term,steady,Monogamous,yes,"weekday_evening, weekend_day",No,limited,I would like children,"non-binary people, men, women","{""age_range"": ""22-33"", ""conversations"": ""playful"", ""emotional_availability"": ""ready"", ""gender"": ""man"", ""has_children"": ""No"", ""lifestyle"": ""social"", ""location"": ""zone_b"", ""partner_children"": ""Open to it"", ""partner_smoking"": ""Not compatible for me"", ""relationship_goal"": ""long_term"", ""relationship_pace"": ""steady"", ""relationship_structure"": ""Monogamous"", ""relocate"": ""yes"", ""schedule"": ""weekday_evening, weekend_day"", ""smoking"": ""No"", ""space_for_relationship"": ""limited"", ""wants_children"": ""I would like children"", ""who_to_meet"": ""non-binary people, men, women""}"
syn_356636b0d616d949375741d209ab315e,43,man,zone_b,True,37-49,stories,taking_time,man,Yes,social,zone_b,Prefer not to,Not compatible for me,exploring,slow,Monogamous,unsure,"weekend_day, weekend_evening",No,ample,I would like children,"non-binary people, men","{""age_range"": ""37-49"", ""conversations"": ""stories"", ""emotional_availability"": ""taking_time"", ""gender"": ""man"", ""has_children"": ""Yes"", ""lifestyle"": ""social"", ""location"": ""zone_b"", ""partner_children"": ""Prefer not to"", ""partner_smoking"": ""Not compatible for me"", ""relationship_goal"": ""exploring"", ""relationship_pace"": ""slow"", ""relationship_structure"": ""Monogamous"", ""relocate"": ""unsure"", ""schedule"": ""weekend_day, weekend_evening"", ""smoking"": ""No"", ""space_for_relationship"": ""ample"", ""wants_children"": ""I would like children"", ""who_to_meet"": ""non-binary people, men""}"
syn_dcab7d6aa46f041914ffe5d8348a1772,36,woman,zone_c,True,,,,woman,,,zone_c,Prefer not to,,,,,,,,,,,"{""gender"": ""woman"", ""location"": ""zone_c"", ""partner_children"": ""Prefer not to""}"
syn_3ef0dda7811db22468862e227f668b56,40,man,zone_a,True,34-49,,,man,Yes,,zone_a,Prefer not to,Not compatible for me,,,Monogamous,,weekday_evening,Occasionally,,I would like children,"non-binary people, women","{""age_range"": ""34-49"", ""gender"": ""man"", ""has_children"": ""Yes"", ""location"": ""zone_a"", ""partner_children"": ""Prefer not to"", ""partner_smoking"": ""Not compatible for me"", ""relationship_structure"": ""Monogamous"", ""schedule"": ""weekday_evening"", ""smoking"": ""Occasionally"", ""wants_children"": ""I would like children"", ""who_to_meet"": ""non-binary people, women""}"
syn_453d610f96a640b0ea24e1dbd83ea7bf,41,woman,zone_a,True,,,,woman,,,zone_a,,Open to it,,,,,,,,,,"{""gender"": ""woman"", ""location"": ""zone_a"", ""partner_smoking"": ""Open to it""}"
syn_74acb33f36c10eb5f5d9e151e91ab096,30,woman,zone_c,True,27-39,,,woman,No,,zone_c,Open to it,Open to it,long_term,,Monogamous,,weekend_day,No,,I would like children,"men, non-binary people","{""age_range"": ""27-39"", ""gender"": ""woman"", ""has_children"": ""No"", ""location"": ""zone_c"", ""partner_children"": ""Open to it"", ""partner_smoking"": ""Open to it"", ""relationship_goal"": ""long_term"", ""relationship_structure"": ""Monogamous"", ""schedule"": ""weekend_day"", ""smoking"": ""No"", ""wants_children"": ""I would like children"", ""who_to_meet"": ""men, non-binary people""}"
syn_87ccec576e24982e7388c6468f3708aa,31,man,zone_b,True,24-34,,,man,No,,zone_b,Open to it,Not compatible for me,,,Monogamous,,"weekday_evening, weekend_evening, weekend_day",No,,I would like children,non-binary people,"{""age_range"": ""24-34"", ""gender"": ""man"", ""has_children"": ""No"", ""location"": ""zone_b"", ""partner_children"": ""Open to it"", ""partner_smoking"": ""Not compatible for me"", ""relationship_structure"": ""Monogamous"", ""schedule"": ""weekday_evening, weekend_evening, weekend_day"", ""smoking"": ""No"", ""wants_children"": ""I would like children"", ""who_to_meet"": ""non-binary people""}"
syn_d4571dc0a23e2466dc16c47c35d3042d,24,man,zone_a,True,18-27,stories,taking_time,man,No,quiet,zone_a,Open to it,Open to it,long_term,steady,Monogamous,no,"weekend_evening, weekday_evening",No,limited,I would like children,"women, non-binary people","{""age_range"": ""18-27"", ""conversations"": ""stories"", ""emotional_availability"": ""taking_time"", ""gender"": ""man"", ""has_children"": ""No"", ""lifestyle"": ""quiet"", ""location"": ""zone_a"", ""partner_children"": ""Open to it"", ""partner_smoking"": ""Open to it"", ""relationship_goal"": ""long_term"", ""relationship_pace"": ""steady"", ""relationship_structure"": ""Monogamous"", ""relocate"": ""no"", ""schedule"": ""weekend_evening, weekday_evening"", ""smoking"": ""No"", ""space_for_relationship"": ""limited"", ""wants_children"": ""I would like children"", ""who_to_meet"": ""women, non-binary people""}"
syn_bb53360e8a92b39d81a2f640f469f37a,27,woman,zone_b,True,22-32,,,woman,No,,zone_b,Open to it,Open to it,,,Monogamous,,"weekend_day, weekday_evening, weekend_evening",No,,I would like children,"men, non-binary people, women","{""age_range"": ""22-32"", ""gender"": ""woman"", ""has_children"": ""No"", ""location"": ""zone_b"", ""partner_children"": ""Open to it"", ""partner_smoking"": ""Open to it"", ""relationship_structure"": ""Monogamous"", ""schedule"": ""weekend_day, weekday_evening, weekend_evening"", ""smoking"": ""No"", ""wants_children"": ""I would like children"", ""who_to_meet"": ""men, non-binary people, women""}"
syn_7a47e3edf42dfa7a5338b9282c1c3b88,30,man,zone_b,True,,,,man,,,zone_b,Prefer not to,,,quick,,,,,,,,"{""gender"": ""man"", ""location"": ""zone_b"", ""partner_children"": ""Prefer not to"", ""relationship_pace"": ""quick""}"
syn_9b4009eb457c80ee7f7241680f4a806e,29,woman,zone_a,True,25-35,stories,taking_time,woman,Yes,mixed,zone_a,Open to it,Open to it,exploring,steady,Monogamous,unsure,weekend_evening,No,limited,Unsure,women,"{""age_range"": ""25-35"", ""conversations"": ""stories"", ""emotional_availability"": ""taking_time"", ""gender"": ""woman"", ""has_children"": ""Yes"", ""lifestyle"": ""mixed"", ""location"": ""zone_a"", ""partner_children"": ""Open to it"", ""partner_smoking"": ""Open to it"", ""relationship_goal"": ""exploring"", ""relationship_pace"": ""steady"", ""relationship_structure"": ""Monogamous"", ""relocate"": ""unsure"", ""schedule"": ""weekend_evening"", ""smoking"": ""No"", ""space_for_relationship"": ""limited"", ""wants_children"": ""Unsure"", ""who_to_meet"": ""women""}"
syn_ef3ec5a5d140ddb21b21b1ce436657ae,37,non_binary,zone_a,True,33-44,,,non_binary,No,,zone_a,Open to it,Not compatible for me,,slow,Monogamous,no,"weekend_day, weekday_evening, weekend_evening",No,,Unsure,men,"{""age_range"": ""33-44"", ""gender"": ""non_binary"", ""has_children"": ""No"", ""location"": ""zone_a"", ""partner_children"": ""Open to it"", ""partner_smoking"": ""Not compatible for me"", ""relationship_pace"": ""slow"", ""relationship_structure"": ""Monogamous"", ""relocate"": ""no"", ""schedule"": ""weekend_day, weekday_evening, weekend_evening"", ""smoking"": ""No"", ""wants_children"": ""Unsure"", ""who_to_meet"": ""men""}"
syn_acd396aca38889f3b27389b141192961,23,woman,zone_b,True,18-30,practical,ready,woman,No,social,zone_b,Prefer not to,Not compatible for me,long_term,steady,Monogamous,no,"weekend_evening, weekday_evening, weekend_day",No,limited,I do not want children,"men, women, non-binary people","{""age_range"": ""18-30"", ""conversations"": ""practical"", ""emotional_availability"": ""ready"", ""gender"": ""woman"", ""has_children"": ""No"", ""lifestyle"": ""social"", ""location"": ""zone_b"", ""partner_children"": ""Prefer not to"", ""partner_smoking"": ""Not compatible for me"", ""relationship_goal"": ""long_term"", ""relationship_pace"": ""steady"", ""relationship_structure"": ""Monogamous"", ""relocate"": ""no"", ""schedule"": ""weekend_evening, weekday_evening, weekend_day"", ""smoking"": ""No"", ""space_for_relationship"": ""limited"", ""wants_children"": ""I do not want children"", ""who_to_meet"": ""men, women, non-binary people""}"
syn_1e73fcfc7f743aaff3b445761ccc1d6f,39,woman,zone_b,True,34-49,ideas,taking_time,woman,No,social,zone_b,Open to it,Open to it,long_term,slow,Monogamous,no,"weekday_evening, weekend_day",No,ample,I do not want children,men,"{""age_range"": ""34-49"", ""conversations"": ""ideas"", ""emotional_availability"": ""taking_time"", ""gender"": ""woman"", ""has_children"": ""No"", ""lifestyle"": ""social"", ""location"": ""zone_b"", ""partner_children"": ""Open to it"", ""partner_smoking"": ""Open to it"", ""relationship_goal"": ""long_term"", ""relationship_pace"": ""slow"", ""relationship_structure"": ""Monogamous"", ""relocate"": ""no"", ""schedule"": ""weekday_evening, weekend_day"", ""smoking"": ""No"", ""space_for_relationship"": ""ample"", ""wants_children"": ""I do not want children"", ""who_to_meet"": ""men""}"
syn_407d202743fec69da269d196495be4bb,22,woman,zone_a,True,18-28,,,woman,No,,zone_a,Prefer not to,Open to it,,,Monogamous,unsure,"weekend_evening, weekend_day, weekday_evening",Occasionally,,I do not want children,men,"{""age_range"": ""18-28"", ""gender"": ""woman"", ""has_children"": ""No"", ""location"": ""zone_a"", ""partner_children"": ""Prefer not to"", ""partner_smoking"": ""Open to it"", ""relationship_structure"": ""Monogamous"", ""relocate"": ""unsure"", ""schedule"": ""weekend_evening, weekend_day, weekday_evening"", ""smoking"": ""Occasionally"", ""wants_children"": ""I do not want children"", ""who_to_meet"": ""men""}"
syn_53fc0d7f37d0e0de5efc88e0c3401a39,25,man,zone_a,True,,,,man,,,zone_a,,,,,,,,,,,,"{""gender"": ""man"", ""location"": ""zone_a""}"
syn_05007bff099d051517287267cbb669ef,35,woman,zone_c,True,31-40,,,woman,No,,zone_c,Prefer not to,Open to it,,,Monogamous,,weekday_evening,Yes,,I would like children,men,"{""age_range"": ""31-40"", ""gender"": ""woman"", ""has_children"": ""No"", ""location"": ""zone_c"", ""partner_children"": ""Prefer not to"", ""partner_smoking"": ""Open to it"", ""relationship_structure"": ""Monogamous"", ""schedule"": ""weekday_evening"", ""smoking"": ""Yes"", ""wants_children"": ""I would like children"", ""who_to_meet"": ""men""}"
syn_3035f983bd9ef98ca3e85ba944bf66ec,30,man,zone_b,True,,,,man,,quiet,zone_b,,,,,,,,,,,women,"{""gender"": ""man"", ""lifestyle"": ""quiet"", ""location"": ""zone_b"", ""who_to_meet"": ""women""}"
syn_eb494ae8080945abc33ffd9c81903c9f,25,woman,zone_a,True,,,,woman,,,zone_a,,,,,,,,,,,,"{""gender"": ""woman"", ""location"": ""zone_a""}"
syn_c62948193d3958c265b2db38a904d7e1,44,woman,zone_c,True,,,ready,woman,,,zone_c,,,,slow,,,,,,,,"{""emotional_availability"": ""ready"", ""gender"": ""woman"", ""location"": ""zone_c"", ""relationship_pace"": ""slow""}"
syn_f656d23646abc8a69c3aee8a3ca2f2d6,39,man,zone_a,True,30-45,stories,ready,man,No,mixed,zone_a,Open to it,Not compatible for me,long_term,quick,Monogamous,unsure,weekday_evening,No,moderate,Unsure,men,"{""age_range"": ""30-45"", ""conversations"": ""stories"", ""emotional_availability"": ""ready"", ""gender"": ""man"", ""has_children"": ""No"", ""lifestyle"": ""mixed"", ""location"": ""zone_a"", ""partner_children"": ""Open to it"", ""partner_smoking"": ""Not compatible for me"", ""relationship_goal"": ""long_term"", ""relationship_pace"": ""quick"", ""relationship_structure"": ""Monogamous"", ""relocate"": ""unsure"", ""schedule"": ""weekday_evening"", ""smoking"": ""No"", ""space_for_relationship"": ""moderate"", ""wants_children"": ""Unsure"", ""who_to_meet"": ""men""}"
syn_26fa2403826fd6788c85423050b4fe04,29,non_binary,zone_b,True,23-38,,,non_binary,Yes,,zone_b,Open to it,Open to it,,,Monogamous,,weekend_day,No,,I would like children,men,"{""age_range"": ""23-38"", ""gender"": ""non_binary"", ""has_children"": ""Yes"", ""location"": ""zone_b"", ""partner_children"": ""Open to it"", ""partner_smoking"": ""Open to it"", ""relationship_structure"": ""Monogamous"", ""schedule"": ""weekend_day"", ""smoking"": ""No"", ""wants_children"": ""I would like children"", ""who_to_meet"": ""men""}"
syn_74515669f63501ed0fbf9892f70b2a42,34,man,zone_b,True,30-39,ideas,ready,man,No,mixed,zone_b,Open to it,Open to it,exploring,quick,Monogamous,unsure,"weekend_day, weekday_evening, weekend_evening",No,ample,Unsure,non-binary people,"{""age_range"": ""30-39"", ""conversations"": ""ideas"", ""emotional_availability"": ""ready"", ""gender"": ""man"", ""has_children"": ""No"", ""lifestyle"": ""mixed"", ""location"": ""zone_b"", ""partner_children"": ""Open to it"", ""partner_smoking"": ""Open to it"", ""relationship_goal"": ""exploring"", ""relationship_pace"": ""quick"", ""relationship_structure"": ""Monogamous"", ""relocate"": ""unsure"", ""schedule"": ""weekend_day, weekday_evening, weekend_evening"", ""smoking"": ""No"", ""space_for_relationship"": ""ample"", ""wants_children"": ""Unsure"", ""who_to_meet"": ""non-binary people""}"
syn_4ac51746b34616c878acec0484320001,39,woman,zone_c,True,30-42,practical,ready,woman,No,mixed,zone_c,Prefer not to,Open to it,exploring,slow,Monogamous,no,"weekend_evening, weekday_evening",Occasionally,moderate,I do not want children,women,"{""age_range"": ""30-42"", ""conversations"": ""practical"", ""emotional_availability"": ""ready"", ""gender"": ""woman"", ""has_children"": ""No"", ""lifestyle"": ""mixed"", ""location"": ""zone_c"", ""partner_children"": ""Prefer not to"", ""partner_smoking"": ""Open to it"", ""relationship_goal"": ""exploring"", ""relationship_pace"": ""slow"", ""relationship_structure"": ""Monogamous"", ""relocate"": ""no"", ""schedule"": ""weekend_evening, weekday_evening"", ""smoking"": ""Occasionally"", ""space_for_relationship"": ""moderate"", ""wants_children"": ""I do not want children"", ""who_to_meet"": ""women""}"
syn_5d05c2cc6830bb749d79f5964d317350,43,woman,zone_b,True,,,,woman,,,zone_b,,,,,,,,,,,,"{""gender"": ""woman"", ""location"": ""zone_b""}"
syn_943f86eb8d2e592de03291217305adda,41,non_binary,zone_a,True,,,,non_binary,No,,zone_a,,,,,,,,,,,,"{""gender"": ""non_binary"", ""has_children"": ""No"", ""location"": ""zone_a""}"
syn_6f735c3f406d69f65bb4286499aafd97,46,woman,zone_c,True,37-49,,,woman,No,,zone_c,Open to it,Not compatible for me,long_term,,Monogamous,,"weekend_day, weekend_evening, weekday_evening",No,,I would like children,women,"{""age_range"": ""37-49"", ""gender"": ""woman"", ""has_children"": ""No"", ""location"": ""zone_c"", ""partner_children"": ""Open to it"", ""partner_smoking"": ""Not compatible for me"", ""relationship_goal"": ""long_term"", ""relationship_structure"": ""Monogamous"", ""schedule"": ""weekend_day, weekend_evening, weekday_evening"", ""smoking"": ""No"", ""wants_children"": ""I would like children"", ""who_to_meet"": ""women""}"
syn_96cf8dc7a102efb3150a9e083bf747bd,39,man,zone_a,True,35-42,,,man,No,,zone_a,Prefer not to,Not compatible for me,,,Monogamous,unsure,"weekday_evening, weekend_day, weekend_evening",Occasionally,,I would like children,"non-binary people, men","{""age_range"": ""35-42"", ""gender"": ""man"", ""has_children"": ""No"", ""location"": ""zone_a"", ""partner_children"": ""Prefer not to"", ""partner_smoking"": ""Not compatible for me"", ""relationship_structure"": ""Monogamous"", ""relocate"": ""unsure"", ""schedule"": ""weekday_evening, weekend_day, weekend_evening"", ""smoking"": ""Occasionally"", ""wants_children"": ""I would like children"", ""who_to_meet"": ""non-binary people, men""}"
syn_ba48ab41f9485f0d9c61254e8c08b8c9,40,man,zone_a,True,31-47,,,man,No,,zone_a,Prefer not to,Open to it,,,Monogamous,,"weekend_day, weekend_evening, weekday_evening",Occasionally,,I do not want children,men,"{""age_range"": ""31-47"", ""gender"": ""man"", ""has_children"": ""No"", ""location"": ""zone_a"", ""partner_children"": ""Prefer not to"", ""partner_smoking"": ""Open to it"", ""relationship_structure"": ""Monogamous"", ""schedule"": ""weekend_day, weekend_evening, weekday_evening"", ""smoking"": ""Occasionally"", ""wants_children"": ""I do not want children"", ""who_to_meet"": ""men""}"
syn_ffe70c1eeedd59bc525d8bb59d2523c2,33,woman,zone_a,True,,,,woman,,,zone_a,,,,,,,,,,,,"{""gender"": ""woman"", ""location"": ""zone_a""}"
syn_92862bd13ae097513d6f460cc7171e15,36,man,zone_b,True,26-42,,,man,Yes,,zone_b,Open to it,Open to it,,,Monogamous,,"weekend_day, weekend_evening, weekday_evening",No,,I would like children,women,"{""age_range"": ""26-42"", ""gender"": ""man"", ""has_children"": ""Yes"", ""location"": ""zone_b"", ""partner_children"": ""Open to it"", ""partner_smoking"": ""Open to it"", ""relationship_structure"": ""Monogamous"", ""schedule"": ""weekend_day, weekend_evening, weekday_evening"", ""smoking"": ""No"", ""wants_children"": ""I would like children"", ""who_to_meet"": ""women""}"
syn_8aeead5be2a94306196aa340241d0ff2,39,woman,zone_c,True,29-46,practical,taking_time,woman,No,mixed,zone_c,Open to it,Not compatible for me,long_term,quick,Monogamous,no,"weekend_day, weekend_evening, weekday_evening",No,ample,Unsure,"women, men, non-binary people","{""age_range"": ""29-46"", ""conversations"": ""practical"", ""emotional_availability"": ""taking_time"", ""gender"": ""woman"", ""has_children"": ""No"", ""lifestyle"": ""mixed"", ""location"": ""zone_c"", ""partner_children"": ""Open to it"", ""partner_smoking"": ""Not compatible for me"", ""relationship_goal"": ""long_term"", ""relationship_pace"": ""quick"", ""relationship_structure"": ""Monogamous"", ""relocate"": ""no"", ""schedule"": ""weekend_day, weekend_evening, weekday_evening"", ""smoking"": ""No"", ""space_for_relationship"": ""ample"", ""wants_children"": ""Unsure"", ""who_to_meet"": ""women, men, non-binary people""}"
syn_c7215520abaedceb3535dfdaf5327bc7,29,woman,zone_b,True,25-34,practical,,woman,No,,zone_b,Open to it,Not compatible for me,,,Monogamous,,weekday_evening,No,,I do not want children,"men, women, non-binary people","{""age_range"": ""25-34"", ""conversations"": ""practical"", ""gender"": ""woman"", ""has_children"": ""No"", ""location"": ""zone_b"", ""partner_children"": ""Open to it"", ""partner_smoking"": ""Not compatible for me"", ""relationship_structure"": ""Monogamous"", ""schedule"": ""weekday_evening"", ""smoking"": ""No"", ""wants_children"": ""I do not want children"", ""who_to_meet"": ""men, women, non-binary people""}"
syn_a403e6b8fa5b97a0d24d0fd9955f783f,24,woman,zone_a,True,,,,woman,,,zone_a,,,exploring,,,,,,,,,"{""gender"": ""woman"", ""location"": ""zone_a"", ""relationship_goal"": ""exploring""}"
syn_0f2d06f448ad910379796f3c5f5c1ab1,36,woman,zone_a,True,30-40,playful,,woman,Yes,,zone_a,Open to it,Not compatible for me,,,Monogamous,,"weekend_day, weekend_evening, weekday_evening",No,,Unsure,"men, women","{""age_range"": ""30-40"", ""conversations"": ""playful"", ""gender"": ""woman"", ""has_children"": ""Yes"", ""location"": ""zone_a"", ""partner_children"": ""Open to it"", ""partner_smoking"": ""Not compatible for me"", ""relationship_structure"": ""Monogamous"", ""schedule"": ""weekend_day, weekend_evening, weekday_evening"", ""smoking"": ""No"", ""wants_children"": ""Unsure"", ""who_to_meet"": ""men, women""}"
syn_a03c8db70e7876682961e3c05b37b080,29,woman,zone_a,True,26-36,,,woman,No,,zone_a,Open to it,Open to it,,,Monogamous,,"weekday_evening, weekend_evening",No,,Unsure,"women, non-binary people","{""age_range"": ""26-36"", ""gender"": ""woman"", ""has_children"": ""No"", ""location"": ""zone_a"", ""partner_children"": ""Open to it"", ""partner_smoking"": ""Open to it"", ""relationship_structure"": ""Monogamous"", ""schedule"": ""weekday_evening, weekend_evening"", ""smoking"": ""No"", ""wants_children"": ""Unsure"", ""who_to_meet"": ""women, non-binary people""}"
syn_c257f1135cd572b8727fa62f2bb54218,30,man,zone_a,True,27-38,,,man,No,social,zone_a,Prefer not to,Open to it,,,Monogamous,,weekend_day,No,,I would like children,men,"{""age_range"": ""27-38"", ""gender"": ""man"", ""has_children"": ""No"", ""lifestyle"": ""social"", ""location"": ""zone_a"", ""partner_children"": ""Prefer not to"", ""partner_smoking"": ""Open to it"", ""relationship_structure"": ""Monogamous"", ""schedule"": ""weekend_day"", ""smoking"": ""No"", ""wants_children"": ""I would like children"", ""who_to_meet"": ""men""}"
syn_5db70f155651b80b8ba559a2a81faf78,43,woman,zone_c,True,39-53,playful,ready,woman,No,quiet,zone_c,Prefer not to,Open to it,long_term,quick,Monogamous,yes,weekend_evening,No,moderate,Unsure,women,"{""age_range"": ""39-53"", ""conversations"": ""playful"", ""emotional_availability"": ""ready"", ""gender"": ""woman"", ""has_children"": ""No"", ""lifestyle"": ""quiet"", ""location"": ""zone_c"", ""partner_children"": ""Prefer not to"", ""partner_smoking"": ""Open to it"", ""relationship_goal"": ""long_term"", ""relationship_pace"": ""quick"", ""relationship_structure"": ""Monogamous"", ""relocate"": ""yes"", ""schedule"": ""weekend_evening"", ""smoking"": ""No"", ""space_for_relationship"": ""moderate"", ""wants_children"": ""Unsure"", ""who_to_meet"": ""women""}"
syn_5f5f4d1100d1b0b3301fe1d31a317ed0,38,woman,zone_a,True,28-42,playful,ready,woman,No,mixed,zone_a,Prefer not to,Open to it,exploring,slow,Monogamous,no,"weekday_evening, weekend_evening, weekend_day",No,ample,Unsure,non-binary people,"{""age_range"": ""28-42"", ""conversations"": ""playful"", ""emotional_availability"": ""ready"", ""gender"": ""woman"", ""has_children"": ""No"", ""lifestyle"": ""mixed"", ""location"": ""zone_a"", ""partner_children"": ""Prefer not to"", ""partner_smoking"": ""Open to it"", ""relationship_goal"": ""exploring"", ""relationship_pace"": ""slow"", ""relationship_structure"": ""Monogamous"", ""relocate"": ""no"", ""schedule"": ""weekday_evening, weekend_evening, weekend_day"", ""smoking"": ""No"", ""space_for_relationship"": ""ample"", ""wants_children"": ""Unsure"", ""who_to_meet"": ""non-binary people""}"
syn_820f54c7de16a17767df83a64323c6c9,40,man,zone_c,True,35-43,,,man,No,,zone_c,Prefer not to,Not compatible for me,,,Monogamous,,"weekday_evening, weekend_day, weekend_evening",No,,Unsure,"women, non-binary people","{""age_range"": ""35-43"", ""gender"": ""man"", ""has_children"": ""No"", ""location"": ""zone_c"", ""partner_children"": ""Prefer not to"", ""partner_smoking"": ""Not compatible for me"", ""relationship_structure"": ""Monogamous"", ""schedule"": ""weekday_evening, weekend_day, weekend_evening"", ""smoking"": ""No"", ""wants_children"": ""Unsure"", ""who_to_meet"": ""women, non-binary people""}"
syn_95cb54e6c1f276ab1e52205978064790,29,man,zone_d,True,23-37,,,man,No,,zone_d,Open to it,Open to it,,,Monogamous,unsure,"weekend_evening, weekday_evening, weekend_day",No,,I would like children,men,"{""age_range"": ""23-37"", ""gender"": ""man"", ""has_children"": ""No"", ""location"": ""zone_d"", ""partner_children"": ""Open to it"", ""partner_smoking"": ""Open to it"", ""relationship_structure"": ""Monogamous"", ""relocate"": ""unsure"", ""schedule"": ""weekend_evening, weekday_evening, weekend_day"", ""smoking"": ""No"", ""wants_children"": ""I would like children"", ""who_to_meet"": ""men""}"
syn_44a512ad5e990df2b591b9c1163a05f2,37,woman,zone_a,True,,playful,,woman,,,zone_a,,,,,,,"weekend_evening, weekend_day",,,,,"{""conversations"": ""playful"", ""gender"": ""woman"", ""location"": ""zone_a"", ""schedule"": ""weekend_evening, weekend_day""}"
syn_2c1826e24fa04763fc6c89c1ab8a0cf1,43,non_binary,zone_b,True,40-52,practical,ready,non_binary,No,quiet,zone_b,Prefer not to,Not compatible for me,exploring,slow,Monogamous,no,"weekday_evening, weekend_day",No,limited,I would like children,non-binary people,"{""age_range"": ""40-52"", ""conversations"": ""practical"", ""emotional_availability"": ""ready"", ""gender"": ""non_binary"", ""has_children"": ""No"", ""lifestyle"": ""quiet"", ""location"": ""zone_b"", ""partner_children"": ""Prefer not to"", ""partner_smoking"": ""Not compatible for me"", ""relationship_goal"": ""exploring"", ""relationship_pace"": ""slow"", ""relationship_structure"": ""Monogamous"", ""relocate"": ""no"", ""schedule"": ""weekday_evening, weekend_day"", ""smoking"": ""No"", ""space_for_relationship"": ""limited"", ""wants_children"": ""I would like children"", ""who_to_meet"": ""non-binary people""}"
syn_5ee979e4f43b07415ae641f2412f27d4,30,man,zone_c,True,,,,man,,,zone_c,Open to it,,,,,,,,,,,"{""gender"": ""man"", ""location"": ""zone_c"", ""partner_children"": ""Open to it""}"
syn_0b586190bcd26764dc9ee468e9ade464,21,man,zone_d,True,18-28,,,man,No,,zone_d,Prefer not to,Not compatible for me,,quick,Monogamous,,"weekend_day, weekend_evening, weekday_evening",No,,I would like children,women,"{""age_range"": ""18-28"", ""gender"": ""man"", ""has_children"": ""No"", ""location"": ""zone_d"", ""partner_children"": ""Prefer not to"", ""partner_smoking"": ""Not compatible for me"", ""relationship_pace"": ""quick"", ""relationship_structure"": ""Monogamous"", ""schedule"": ""weekend_day, weekend_evening, weekday_evening"", ""smoking"": ""No"", ""wants_children"": ""I would like children"", ""who_to_meet"": ""women""}"
syn_fc49e2548689a82c39f848f66826b375,33,woman,zone_a,True,29-40,ideas,ready,woman,No,quiet,zone_a,Prefer not to,Not compatible for me,long_term,quick,Monogamous,yes,"weekday_evening, weekend_day",No,moderate,I would like children,men,"{""age_range"": ""29-40"", ""conversations"": ""ideas"", ""emotional_availability"": ""ready"", ""gender"": ""woman"", ""has_children"": ""No"", ""lifestyle"": ""quiet"", ""location"": ""zone_a"", ""partner_children"": ""Prefer not to"", ""partner_smoking"": ""Not compatible for me"", ""relationship_goal"": ""long_term"", ""relationship_pace"": ""quick"", ""relationship_structure"": ""Monogamous"", ""relocate"": ""yes"", ""schedule"": ""weekday_evening, weekend_day"", ""smoking"": ""No"", ""space_for_relationship"": ""moderate"", ""wants_children"": ""I would like children"", ""who_to_meet"": ""men""}"
syn_a74e52fe4088d82013a36a493970cbeb,43,man,zone_a,True,40-47,stories,ready,man,Yes,social,zone_a,Prefer not to,Open to it,long_term,quick,Monogamous,yes,"weekend_evening, weekend_day, weekday_evening",No,moderate,I do not want children,women,"{""age_range"": ""40-47"", ""conversations"": ""stories"", ""emotional_availability"": ""ready"", ""gender"": ""man"", ""has_children"": ""Yes"", ""lifestyle"": ""social"", ""location"": ""zone_a"", ""partner_children"": ""Prefer not to"", ""partner_smoking"": ""Open to it"", ""relationship_goal"": ""long_term"", ""relationship_pace"": ""quick"", ""relationship_structure"": ""Monogamous"", ""relocate"": ""yes"", ""schedule"": ""weekend_evening, weekend_day, weekday_evening"", ""smoking"": ""No"", ""space_for_relationship"": ""moderate"", ""wants_children"": ""I do not want children"", ""who_to_meet"": ""women""}"
syn_d1c12ba2574bb1eb7599b7877c0aadba,32,man,zone_a,True,,,,man,,,zone_a,,,,,,,,,,,,"{""gender"": ""man"", ""location"": ""zone_a""}"
syn_40066b9a8d3ae1b1b6d5f5fa7ad6601f,29,man,zone_a,True,25-38,,,man,No,,zone_a,Prefer not to,Open to it,,,Ethically non-monogamous,yes,weekday_evening,No,,I do not want children,women,"{""age_range"": ""25-38"", ""gender"": ""man"", ""has_children"": ""No"", ""location"": ""zone_a"", ""partner_children"": ""Prefer not to"", ""partner_smoking"": ""Open to it"", ""relationship_structure"": ""Ethically non-monogamous"", ""relocate"": ""yes"", ""schedule"": ""weekday_evening"", ""smoking"": ""No"", ""wants_children"": ""I do not want children"", ""who_to_meet"": ""women""}"
syn_9d73fd68d0f77941e6ecc9252178ab33,26,woman,zone_a,True,23-34,stories,ready,woman,No,quiet,zone_a,Prefer not to,Open to it,long_term,quick,Monogamous,unsure,"weekend_day, weekday_evening, weekend_evening",Occasionally,limited,I would like children,"non-binary people, men, women","{""age_range"": ""23-34"", ""conversations"": ""stories"", ""emotional_availability"": ""ready"", ""gender"": ""woman"", ""has_children"": ""No"", ""lifestyle"": ""quiet"", ""location"": ""zone_a"", ""partner_children"": ""Prefer not to"", ""partner_smoking"": ""Open to it"", ""relationship_goal"": ""long_term"", ""relationship_pace"": ""quick"", ""relationship_structure"": ""Monogamous"", ""relocate"": ""unsure"", ""schedule"": ""weekend_day, weekday_evening, weekend_evening"", ""smoking"": ""Occasionally"", ""space_for_relationship"": ""limited"", ""wants_children"": ""I would like children"", ""who_to_meet"": ""non-binary people, men, women""}"
syn_fd4f37e86b53a47f675e965fe4739c50,21,woman,zone_b,True,18-27,,,woman,No,,zone_b,Prefer not to,Not compatible for me,,,Monogamous,,weekend_evening,Occasionally,,I do not want children,non-binary people,"{""age_range"": ""18-27"", ""gender"": ""woman"", ""has_children"": ""No"", ""location"": ""zone_b"", ""partner_children"": ""Prefer not to"", ""partner_smoking"": ""Not compatible for me"", ""relationship_structure"": ""Monogamous"", ""schedule"": ""weekend_evening"", ""smoking"": ""Occasionally"", ""wants_children"": ""I do not want children"", ""who_to_meet"": ""non-binary people""}"
syn_986405efb4b115f9766b17e2a1440e8f,41,woman,zone_a,True,,,,woman,,,zone_a,,,,,,,,No,,,,"{""gender"": ""woman"", ""location"": ""zone_a"", ""smoking"": ""No""}"
syn_ffbb94fc0ea71eb20170a3db3b0da2f5,46,woman,zone_a,True,40-53,,,woman,No,,zone_a,Open to it,Not compatible for me,,,Monogamous,yes,weekend_day,No,,Unsure,non-binary people,"{""age_range"": ""40-53"", ""gender"": ""woman"", ""has_children"": ""No"", ""location"": ""zone_a"", ""partner_children"": ""Open to it"", ""partner_smoking"": ""Not compatible for me"", ""relationship_structure"": ""Monogamous"", ""relocate"": ""yes"", ""schedule"": ""weekend_day"", ""smoking"": ""No"", ""wants_children"": ""Unsure"", ""who_to_meet"": ""non-binary people""}"
syn_e5f70d2eddbc8007889a8da96eff718a,31,man,zone_a,True,21-35,,,man,No,,zone_a,Open to it,Open to it,,,Ethically non-monogamous,,"weekend_day, weekday_evening",No,,I would like children,"men, women","{""age_range"": ""21-35"", ""gender"": ""man"", ""has_children"": ""No"", ""location"": ""zone_a"", ""partner_children"": ""Open to it"", ""partner_smoking"": ""Open to it"", ""relationship_structure"": ""Ethically non-monogamous"", ""schedule"": ""weekend_day, weekday_evening"", ""smoking"": ""No"", ""wants_children"": ""I would like children"", ""who_to_meet"": ""men, women""}"
syn_3775a78ebae5a31c01d0f6585035f7f1,23,man,zone_a,True,18-33,,,man,No,,zone_a,Prefer not to,Open to it,,,Monogamous,,"weekday_evening, weekend_evening",No,,I do not want children,women,"{""age_range"": ""18-33"", ""gender"": ""man"", ""has_children"": ""No"", ""location"": ""zone_a"", ""partner_children"": ""Prefer not to"", ""partner_smoking"": ""Open to it"", ""relationship_structure"": ""Monogamous"", ""schedule"": ""weekday_evening, weekend_evening"", ""smoking"": ""No"", ""wants_children"": ""I do not want children"", ""who_to_meet"": ""women""}"
syn_61cda7e159aa26130025f9e8e37162cf,44,man,zone_a,True,,,,man,No,,zone_a,,,,,,,,,moderate,,,"{""gender"": ""man"", ""has_children"": ""No"", ""location"": ""zone_a"", ""space_for_relationship"": ""moderate""}"
syn_80d0286ab216c0b9b9144ecd996404f1,43,woman,zone_a,True,39-53,,,woman,No,,zone_a,Prefer not to,Not compatible for me,,steady,Monogamous,,"weekend_day, weekday_evening",No,,I would like children,"women, non-binary people","{""age_range"": ""39-53"", ""gender"": ""woman"", ""has_children"": ""No"", ""location"": ""zone_a"", ""partner_children"": ""Prefer not to"", ""partner_smoking"": ""Not compatible for me"", ""relationship_pace"": ""steady"", ""relationship_structure"": ""Monogamous"", ""schedule"": ""weekend_day, weekday_evening"", ""smoking"": ""No"", ""wants_children"": ""I would like children"", ""who_to_meet"": ""women, non-binary people""}"
syn_8270b671dbaed1029b33ebfe15aff488,36,non_binary,zone_a,True,29-41,,,non_binary,No,social,zone_a,Prefer not to,Open to it,,,Monogamous,yes,"weekend_evening, weekend_day, weekday_evening",No,,I would like children,men,"{""age_range"": ""29-41"", ""gender"": ""non_binary"", ""has_children"": ""No"", ""lifestyle"": ""social"", ""location"": ""zone_a"", ""partner_children"": ""Prefer not to"", ""partner_smoking"": ""Open to it"", ""relationship_structure"": ""Monogamous"", ""relocate"": ""yes"", ""schedule"": ""weekend_evening, weekend_day, weekday_evening"", ""smoking"": ""No"", ""wants_children"": ""I would like children"", ""who_to_meet"": ""men""}"
syn_36edeb4cc50c76c4826bdf8313514294,28,woman,zone_a,True,25-34,,,woman,No,,zone_a,Prefer not to,Open to it,,,Monogamous,,weekend_day,No,,Unsure,"non-binary people, men","{""age_range"": ""25-34"", ""gender"": ""woman"", ""has_children"": ""No"", ""location"": ""zone_a"", ""partner_children"": ""Prefer not to"", ""partner_smoking"": ""Open to it"", ""relationship_structure"": ""Monogamous"", ""schedule"": ""weekend_day"", ""smoking"": ""No"", ""wants_children"": ""Unsure"", ""who_to_meet"": ""non-binary people, men""}"
syn_d1919f155223219486bf45be069aca7c,29,non_binary,zone_c,True,25-34,stories,taking_time,non_binary,No,social,zone_c,Open to it,Open to it,exploring,slow,Monogamous,unsure,weekend_evening,Occasionally,ample,I would like children,non-binary people,"{""age_range"": ""25-34"", ""conversations"": ""stories"", ""emotional_availability"": ""taking_time"", ""gender"": ""non_binary"", ""has_children"": ""No"", ""lifestyle"": ""social"", ""location"": ""zone_c"", ""partner_children"": ""Open to it"", ""partner_smoking"": ""Open to it"", ""relationship_goal"": ""exploring"", ""relationship_pace"": ""slow"", ""relationship_structure"": ""Monogamous"", ""relocate"": ""unsure"", ""schedule"": ""weekend_evening"", ""smoking"": ""Occasionally"", ""space_for_relationship"": ""ample"", ""wants_children"": ""I would like children"", ""who_to_meet"": ""non-binary people""}"
syn_cad1eac320b402c75232e3e1af60d034,32,woman,zone_a,True,29-41,playful,taking_time,woman,No,mixed,zone_a,Prefer not to,Not compatible for me,long_term,quick,Ethically non-monogamous,unsure,weekend_evening,No,moderate,Unsure,women,"{""age_range"": ""29-41"", ""conversations"": ""playful"", ""emotional_availability"": ""taking_time"", ""gender"": ""woman"", ""has_children"": ""No"", ""lifestyle"": ""mixed"", ""location"": ""zone_a"", ""partner_children"": ""Prefer not to"", ""partner_smoking"": ""Not compatible for me"", ""relationship_goal"": ""long_term"", ""relationship_pace"": ""quick"", ""relationship_structure"": ""Ethically non-monogamous"", ""relocate"": ""unsure"", ""schedule"": ""weekend_evening"", ""smoking"": ""No"", ""space_for_relationship"": ""moderate"", ""wants_children"": ""Unsure"", ""who_to_meet"": ""women""}"
syn_a5013ae5c2c2b2e41973f0fffb5cefff,42,woman,zone_b,True,,,,woman,,,zone_b,,,,,,,,,,,,"{""gender"": ""woman"", ""location"": ""zone_b""}"
syn_4285640031f7bb55b34de15f7fb01178,23,woman,zone_b,True,,,,woman,No,,zone_b,,,,,,,,,,,,"{""gender"": ""woman"", ""has_children"": ""No"", ""location"": ""zone_b""}"
syn_53f0e33942ac907ec0c98bd7eeebef9e,45,man,zone_c,True,,playful,,man,,quiet,zone_c,,,,,,,,,,,"non-binary people, women","{""conversations"": ""playful"", ""gender"": ""man"", ""lifestyle"": ""quiet"", ""location"": ""zone_c"", ""who_to_meet"": ""non-binary people, women""}"
syn_c6fb2e47f7f8c504e206e414bde32c98,27,woman,zone_a,True,22-33,,,woman,No,,zone_a,Open to it,Open to it,,,Monogamous,,"weekday_evening, weekend_day",No,,I do not want children,women,"{""age_range"": ""22-33"", ""gender"": ""woman"", ""has_children"": ""No"", ""location"": ""zone_a"", ""partner_children"": ""Open to it"", ""partner_smoking"": ""Open to it"", ""relationship_structure"": ""Monogamous"", ""schedule"": ""weekday_evening, weekend_day"", ""smoking"": ""No"", ""wants_children"": ""I do not want children"", ""who_to_meet"": ""women""}"
syn_406f9092c4dce3cd639ea3d8084fdd5d,41,woman,zone_c,True,,,,woman,No,,zone_c,,,,slow,,,,,,,,"{""gender"": ""woman"", ""has_children"": ""No"", ""location"": ""zone_c"", ""relationship_pace"": ""slow""}"
syn_072b504b76074da4be0703379e2ad417,30,man,zone_a,True,27-40,ideas,taking_time,man,No,mixed,zone_a,Open to it,Not compatible for me,long_term,steady,Monogamous,no,"weekend_evening, weekend_day",No,limited,I would like children,men,"{""age_range"": ""27-40"", ""conversations"": ""ideas"", ""emotional_availability"": ""taking_time"", ""gender"": ""man"", ""has_children"": ""No"", ""lifestyle"": ""mixed"", ""location"": ""zone_a"", ""partner_children"": ""Open to it"", ""partner_smoking"": ""Not compatible for me"", ""relationship_goal"": ""long_term"", ""relationship_pace"": ""steady"", ""relationship_structure"": ""Monogamous"", ""relocate"": ""no"", ""schedule"": ""weekend_evening, weekend_day"", ""smoking"": ""No"", ""space_for_relationship"": ""limited"", ""wants_children"": ""I would like children"", ""who_to_meet"": ""men""}"
syn_c9ba6a6b5c4652f7770c9462de642598,41,man,zone_a,True,,,,man,,,zone_a,,,,,,,,,,,,"{""gender"": ""man"", ""location"": ""zone_a""}"
syn_d5e28aca96013fe40140a728f333a66e,31,woman,zone_b,True,21-38,,,woman,No,,zone_b,Open to it,Open to it,,,Monogamous,,weekend_evening,Occasionally,,I would like children,men,"{""age_range"": ""21-38"", ""gender"": ""woman"", ""has_children"": ""No"", ""location"": ""zone_b"", ""partner_children"": ""Open to it"", ""partner_smoking"": ""Open to it"", ""relationship_structure"": ""Monogamous"", ""schedule"": ""weekend_evening"", ""smoking"": ""Occasionally"", ""wants_children"": ""I would like children"", ""who_to_meet"": ""men""}"
syn_2bb2200cb1cbdc637910fc2c57b9ad10,27,woman,zone_d,True,,,ready,woman,,,zone_d,,,,,,,weekend_day,,,,,"{""emotional_availability"": ""ready"", ""gender"": ""woman"", ""location"": ""zone_d"", ""schedule"": ""weekend_day""}"
syn_4dd7f25937f066e5caa141b20352d5b0,23,man,zone_b,True,,,,man,,,zone_b,,,,,,,,,,,,"{""gender"": ""man"", ""location"": ""zone_b""}"
syn_9dec44b53690b4c6e6b2ecf6f1f394bd,44,woman,zone_d,True,35-52,playful,taking_time,woman,No,quiet,zone_d,Open to it,Open to it,long_term,steady,Monogamous,yes,weekend_evening,Yes,ample,I would like children,women,"{""age_range"": ""35-52"", ""conversations"": ""playful"", ""emotional_availability"": ""taking_time"", ""gender"": ""woman"", ""has_children"": ""No"", ""lifestyle"": ""quiet"", ""location"": ""zone_d"", ""partner_children"": ""Open to it"", ""partner_smoking"": ""Open to it"", ""relationship_goal"": ""long_term"", ""relationship_pace"": ""steady"", ""relationship_structure"": ""Monogamous"", ""relocate"": ""yes"", ""schedule"": ""weekend_evening"", ""smoking"": ""Yes"", ""space_for_relationship"": ""ample"", ""wants_children"": ""I would like children"", ""who_to_meet"": ""women""}"
syn_1c0d0b1fb9178b4d05539de882a2a64d,42,woman,zone_a,True,36-51,,taking_time,woman,No,,zone_a,Prefer not to,Not compatible for me,,,Monogamous,,"weekend_day, weekday_evening, weekend_evening",No,,I would like children,non-binary people,"{""age_range"": ""36-51"", ""emotional_availability"": ""taking_time"", ""gender"": ""woman"", ""has_children"": ""No"", ""location"": ""zone_a"", ""partner_children"": ""Prefer not to"", ""partner_smoking"": ""Not compatible for me"", ""relationship_structure"": ""Monogamous"", ""schedule"": ""weekend_day, weekday_evening, weekend_evening"", ""smoking"": ""No"", ""wants_children"": ""I would like children"", ""who_to_meet"": ""non-binary people""}"
syn_9cdb9573c5fed332f85c714a6df25f01,32,woman,zone_d,True,28-39,ideas,taking_time,woman,No,quiet,zone_d,Prefer not to,Open to it,exploring,slow,Monogamous,yes,"weekend_day, weekday_evening",No,limited,Unsure,men,"{""age_range"": ""28-39"", ""conversations"": ""ideas"", ""emotional_availability"": ""taking_time"", ""gender"": ""woman"", ""has_children"": ""No"", ""lifestyle"": ""quiet"", ""location"": ""zone_d"", ""partner_children"": ""Prefer not to"", ""partner_smoking"": ""Open to it"", ""relationship_goal"": ""exploring"", ""relationship_pace"": ""slow"", ""relationship_structure"": ""Monogamous"", ""relocate"": ""yes"", ""schedule"": ""weekend_day, weekday_evening"", ""smoking"": ""No"", ""space_for_relationship"": ""limited"", ""wants_children"": ""Unsure"", ""who_to_meet"": ""men""}"
syn_d85b1cfe689749e68d827dabe1af349e,21,man,zone_a,True,18-31,stories,ready,man,No,mixed,zone_a,Prefer not to,Open to it,exploring,quick,Monogamous,yes,"weekend_evening, weekday_evening, weekend_day",Occasionally,ample,I do not want children,"non-binary people, women","{""age_range"": ""18-31"", ""conversations"": ""stories"", ""emotional_availability"": ""ready"", ""gender"": ""man"", ""has_children"": ""No"", ""lifestyle"": ""mixed"", ""location"": ""zone_a"", ""partner_children"": ""Prefer not to"", ""partner_smoking"": ""Open to it"", ""relationship_goal"": ""exploring"", ""relationship_pace"": ""quick"", ""relationship_structure"": ""Monogamous"", ""relocate"": ""yes"", ""schedule"": ""weekend_evening, weekday_evening, weekend_day"", ""smoking"": ""Occasionally"", ""space_for_relationship"": ""ample"", ""wants_children"": ""I do not want children"", ""who_to_meet"": ""non-binary people, women""}"
syn_874aa1f7444aedde4616b5afa4bdfe8e,26,man,zone_a,True,20-34,,,man,No,quiet,zone_a,Prefer not to,Open to it,,,Monogamous,,weekday_evening,No,,I would like children,"women, men","{""age_range"": ""20-34"", ""gender"": ""man"", ""has_children"": ""No"", ""lifestyle"": ""quiet"", ""location"": ""zone_a"", ""partner_children"": ""Prefer not to"", ""partner_smoking"": ""Open to it"", ""relationship_structure"": ""Monogamous"", ""schedule"": ""weekday_evening"", ""smoking"": ""No"", ""wants_children"": ""I would like children"", ""who_to_meet"": ""women, men""}"
syn_9d9e4383c1b8cda1a8bf9b68a4962538,38,woman,zone_a,True,28-43,playful,ready,woman,No,social,zone_a,Prefer not to,Open to it,long_term,quick,Monogamous,unsure,"weekend_evening, weekday_evening",Occasionally,ample,I would like children,non-binary people,"{""age_range"": ""28-43"", ""conversations"": ""playful"", ""emotional_availability"": ""ready"", ""gender"": ""woman"", ""has_children"": ""No"", ""lifestyle"": ""social"", ""location"": ""zone_a"", ""partner_children"": ""Prefer not to"", ""partner_smoking"": ""Open to it"", ""relationship_goal"": ""long_term"", ""relationship_pace"": ""quick"", ""relationship_structure"": ""Monogamous"", ""relocate"": ""unsure"", ""schedule"": ""weekend_evening, weekday_evening"", ""smoking"": ""Occasionally"", ""space_for_relationship"": ""ample"", ""wants_children"": ""I would like children"", ""who_to_meet"": ""non-binary people""}"
syn_9056797104d44cc206fb7d6a40065c70,46,man,zone_a,True,38-55,ideas,ready,man,No,social,zone_a,Prefer not to,Not compatible for me,exploring,steady,Monogamous,unsure,"weekday_evening, weekend_day, weekend_evening",No,limited,I would like children,non-binary people,"{""age_range"": ""38-55"", ""conversations"": ""ideas"", ""emotional_availability"": ""ready"", ""gender"": ""man"", ""has_children"": ""No"", ""lifestyle"": ""social"", ""location"": ""zone_a"", ""partner_children"": ""Prefer not to"", ""partner_smoking"": ""Not compatible for me"", ""relationship_goal"": ""exploring"", ""relationship_pace"": ""steady"", ""relationship_structure"": ""Monogamous"", ""relocate"": ""unsure"", ""schedule"": ""weekday_evening, weekend_day, weekend_evening"", ""smoking"": ""No"", ""space_for_relationship"": ""limited"", ""wants_children"": ""I would like children"", ""who_to_meet"": ""non-binary people""}"
syn_3f3943401882c9ead9a59a6dd36d64a6,29,man,zone_c,True,,,,man,,,zone_c,,,,,,,,,,Unsure,,"{""gender"": ""man"", ""location"": ""zone_c"", ""wants_children"": ""Unsure""}"
syn_3c891a0957e43e64579ce9365d7e1834,25,non_binary,zone_a,True,,,,non_binary,,,zone_a,,,exploring,,,,,,,,,"{""gender"": ""non_binary"", ""location"": ""zone_a"", ""relationship_goal"": ""exploring""}"
syn_71d868c1949ba81fc17f32088858e834,27,woman,zone_a,True,,,,woman,,,zone_a,,,,,,,,,,,,"{""gender"": ""woman"", ""location"": ""zone_a""}"
syn_f4164bbe42312618163053fb76364146,30,woman,zone_b,True,23-35,stories,taking_time,woman,No,social,zone_b,Open to it,Open to it,long_term,slow,Ethically non-monogamous,yes,"weekday_evening, weekend_evening",Occasionally,limited,I do not want children,"women, men, non-binary people","{""age_range"": ""23-35"", ""conversations"": ""stories"", ""emotional_availability"": ""taking_time"", ""gender"": ""woman"", ""has_children"": ""No"", ""lifestyle"": ""social"", ""location"": ""zone_b"", ""partner_children"": ""Open to it"", ""partner_smoking"": ""Open to it"", ""relationship_goal"": ""long_term"", ""relationship_pace"": ""slow"", ""relationship_structure"": ""Ethically non-monogamous"", ""relocate"": ""yes"", ""schedule"": ""weekday_evening, weekend_evening"", ""smoking"": ""Occasionally"", ""space_for_relationship"": ""limited"", ""wants_children"": ""I do not want children"", ""who_to_meet"": ""women, men, non-binary people""}"
syn_e0fe48d89f161d202dcba127b072f2ac,45,woman,zone_a,True,,,,woman,,,zone_a,,,,steady,,,,,,,,"{""gender"": ""woman"", ""location"": ""zone_a"", ""relationship_pace"": ""steady""}"
syn_60f3ca3668901973c0f12a5059e41f54,38,man,zone_a,True,,,,man,,,zone_a,Prefer not to,,,,,,"weekend_day, weekday_evening",Yes,,,,"{""gender"": ""man"", ""location"": ""zone_a"", ""partner_children"": ""Prefer not to"", ""schedule"": ""weekend_day, weekday_evening"", ""smoking"": ""Yes""}"
syn_9ffbcbd4f54cb0bd93aca0eaa039820f,30,man,zone_a,True,24-37,stories,,man,No,,zone_a,Prefer not to,Open to it,,,Monogamous,,"weekday_evening, weekend_day",No,,Unsure,"men, women, non-binary people","{""age_range"": ""24-37"", ""conversations"": ""stories"", ""gender"": ""man"", ""has_children"": ""No"", ""location"": ""zone_a"", ""partner_children"": ""Prefer not to"", ""partner_smoking"": ""Open to it"", ""relationship_structure"": ""Monogamous"", ""schedule"": ""weekday_evening, weekend_day"", ""smoking"": ""No"", ""wants_children"": ""Unsure"", ""who_to_meet"": ""men, women, non-binary people""}"
syn_bbe8f0d4f0d157a59fcaa9a37038d577,41,woman,zone_a,True,,,,woman,,,zone_a,,,long_term,,,,,No,limited,I would like children,,"{""gender"": ""woman"", ""location"": ""zone_a"", ""relationship_goal"": ""long_term"", ""smoking"": ""No"", ""space_for_relationship"": ""limited"", ""wants_children"": ""I would like children""}"
syn_cee28e981f0ff4073e1a8c3843f6d236,40,woman,zone_b,True,36-45,stories,ready,woman,Yes,mixed,zone_b,Open to it,Not compatible for me,long_term,quick,Monogamous,unsure,"weekend_evening, weekday_evening, weekend_day",Occasionally,moderate,I do not want children,non-binary people,"{""age_range"": ""36-45"", ""conversations"": ""stories"", ""emotional_availability"": ""ready"", ""gender"": ""woman"", ""has_children"": ""Yes"", ""lifestyle"": ""mixed"", ""location"": ""zone_b"", ""partner_children"": ""Open to it"", ""partner_smoking"": ""Not compatible for me"", ""relationship_goal"": ""long_term"", ""relationship_pace"": ""quick"", ""relationship_structure"": ""Monogamous"", ""relocate"": ""unsure"", ""schedule"": ""weekend_evening, weekday_evening, weekend_day"", ""smoking"": ""Occasionally"", ""space_for_relationship"": ""moderate"", ""wants_children"": ""I do not want children"", ""who_to_meet"": ""non-binary people""}"
syn_2691651974d7edae65d95bf3c9a64895,46,woman,zone_c,True,,,,woman,,social,zone_c,,,,,,,,,,,,"{""gender"": ""woman"", ""lifestyle"": ""social"", ""location"": ""zone_c""}"
syn_aa3d80edea1241f57f76f9cf8c7a6d7a,26,woman,zone_b,True,21-36,playful,taking_time,woman,No,mixed,zone_b,Prefer not to,Open to it,exploring,quick,Monogamous,yes,"weekend_day, weekday_evening",No,ample,Unsure,women,"{""age_range"": ""21-36"", ""conversations"": ""playful"", ""emotional_availability"": ""taking_time"", ""gender"": ""woman"", ""has_children"": ""No"", ""lifestyle"": ""mixed"", ""location"": ""zone_b"", ""partner_children"": ""Prefer not to"", ""partner_smoking"": ""Open to it"", ""relationship_goal"": ""exploring"", ""relationship_pace"": ""quick"", ""relationship_structure"": ""Monogamous"", ""relocate"": ""yes"", ""schedule"": ""weekend_day, weekday_evening"", ""smoking"": ""No"", ""space_for_relationship"": ""ample"", ""wants_children"": ""Unsure"", ""who_to_meet"": ""women""}"
syn_24b1540ae74c6aa20d1b4a7cd8647bd3,22,man,zone_a,True,18-25,,,man,No,,zone_a,Prefer not to,Open to it,,,Monogamous,,"weekend_evening, weekday_evening, weekend_day",No,,I would like children,"non-binary people, men","{""age_range"": ""18-25"", ""gender"": ""man"", ""has_children"": ""No"", ""location"": ""zone_a"", ""partner_children"": ""Prefer not to"", ""partner_smoking"": ""Open to it"", ""relationship_structure"": ""Monogamous"", ""schedule"": ""weekend_evening, weekday_evening, weekend_day"", ""smoking"": ""No"", ""wants_children"": ""I would like children"", ""who_to_meet"": ""non-binary people, men""}"
syn_8362f407ece84c7903155eb4171025ac,36,man,zone_a,True,33-40,practical,ready,man,No,social,zone_a,Open to it,Not compatible for me,exploring,quick,Monogamous,unsure,weekend_day,Occasionally,limited,I would like children,men,"{""age_range"": ""33-40"", ""conversations"": ""practical"", ""emotional_availability"": ""ready"", ""gender"": ""man"", ""has_children"": ""No"", ""lifestyle"": ""social"", ""location"": ""zone_a"", ""partner_children"": ""Open to it"", ""partner_smoking"": ""Not compatible for me"", ""relationship_goal"": ""exploring"", ""relationship_pace"": ""quick"", ""relationship_structure"": ""Monogamous"", ""relocate"": ""unsure"", ""schedule"": ""weekend_day"", ""smoking"": ""Occasionally"", ""space_for_relationship"": ""limited"", ""wants_children"": ""I would like children"", ""who_to_meet"": ""men""}"
syn_a800c4360c4c83b1f3060ffd5dbcba75,44,man,zone_a,True,39-53,practical,ready,man,No,social,zone_a,Prefer not to,Not compatible for me,long_term,slow,Monogamous,yes,weekend_evening,No,limited,I would like children,women,"{""age_range"": ""39-53"", ""conversations"": ""practical"", ""emotional_availability"": ""ready"", ""gender"": ""man"", ""has_children"": ""No"", ""lifestyle"": ""social"", ""location"": ""zone_a"", ""partner_children"": ""Prefer not to"", ""partner_smoking"": ""Not compatible for me"", ""relationship_goal"": ""long_term"", ""relationship_pace"": ""slow"", ""relationship_structure"": ""Monogamous"", ""relocate"": ""yes"", ""schedule"": ""weekend_evening"", ""smoking"": ""No"", ""space_for_relationship"": ""limited"", ""wants_children"": ""I would like children"", ""who_to_meet"": ""women""}"
syn_87fac55a1a72663692d6c80082108bb8,26,man,zone_b,True,18-33,stories,taking_time,man,Yes,mixed,zone_b,Open to it,Open to it,exploring,steady,Monogamous,yes,"weekend_evening, weekday_evening, weekend_day",No,ample,I would like children,"women, non-binary people","{""age_range"": ""18-33"", ""conversations"": ""stories"", ""emotional_availability"": ""taking_time"", ""gender"": ""man"", ""has_children"": ""Yes"", ""lifestyle"": ""mixed"", ""location"": ""zone_b"", ""partner_children"": ""Open to it"", ""partner_smoking"": ""Open to it"", ""relationship_goal"": ""exploring"", ""relationship_pace"": ""steady"", ""relationship_structure"": ""Monogamous"", ""relocate"": ""yes"", ""schedule"": ""weekend_evening, weekday_evening, weekend_day"", ""smoking"": ""No"", ""space_for_relationship"": ""ample"", ""wants_children"": ""I would like children"", ""who_to_meet"": ""women, non-binary people""}"
syn_1adde579a5eeb204b7478755fdb6e1c0,37,woman,zone_a,True,32-46,practical,,woman,No,,zone_a,Prefer not to,Open to it,,,Monogamous,,weekend_evening,No,,I do not want children,women,"{""age_range"": ""32-46"", ""conversations"": ""practical"", ""gender"": ""woman"", ""has_children"": ""No"", ""location"": ""zone_a"", ""partner_children"": ""Prefer not to"", ""partner_smoking"": ""Open to it"", ""relationship_structure"": ""Monogamous"", ""schedule"": ""weekend_evening"", ""smoking"": ""No"", ""wants_children"": ""I do not want children"", ""who_to_meet"": ""women""}"
syn_c2505ada93c7004bbe413a93b83f5d22,35,woman,zone_a,True,,,,woman,,,zone_a,,,,quick,,,,,,,,"{""gender"": ""woman"", ""location"": ""zone_a"", ""relationship_pace"": ""quick""}"
syn_d13cdac51dea7ea75c175bebccc25d91,35,woman,zone_b,True,28-41,stories,taking_time,woman,No,quiet,zone_b,Open to it,Not compatible for me,long_term,slow,Monogamous,unsure,"weekend_evening, weekend_day",No,moderate,I would like children,women,"{""age_range"": ""28-41"", ""conversations"": ""stories"", ""emotional_availability"": ""taking_time"", ""gender"": ""woman"", ""has_children"": ""No"", ""lifestyle"": ""quiet"", ""location"": ""zone_b"", ""partner_children"": ""Open to it"", ""partner_smoking"": ""Not compatible for me"", ""relationship_goal"": ""long_term"", ""relationship_pace"": ""slow"", ""relationship_structure"": ""Monogamous"", ""relocate"": ""unsure"", ""schedule"": ""weekend_evening, weekend_day"", ""smoking"": ""No"", ""space_for_relationship"": ""moderate"", ""wants_children"": ""I would like children"", ""who_to_meet"": ""women""}"
syn_349ee7b01e38dcc698383eb00c1dd3bc,35,man,zone_b,True,,,,man,No,,zone_b,,,exploring,slow,Monogamous,,,,,,,"{""gender"": ""man"", ""has_children"": ""No"", ""location"": ""zone_b"", ""relationship_goal"": ""exploring"", ""relationship_pace"": ""slow"", ""relationship_structure"": ""Monogamous""}"
syn_f20e223709cb90042dab9f18fbeaba8c,23,man,zone_a,True,18-27,stories,ready,man,No,social,zone_a,Open to it,Open to it,long_term,steady,Monogamous,no,"weekday_evening, weekend_evening, weekend_day",No,moderate,Unsure,"women, men, non-binary people","{""age_range"": ""18-27"", ""conversations"": ""stories"", ""emotional_availability"": ""ready"", ""gender"": ""man"", ""has_children"": ""No"", ""lifestyle"": ""social"", ""location"": ""zone_a"", ""partner_children"": ""Open to it"", ""partner_smoking"": ""Open to it"", ""relationship_goal"": ""long_term"", ""relationship_pace"": ""steady"", ""relationship_structure"": ""Monogamous"", ""relocate"": ""no"", ""schedule"": ""weekday_evening, weekend_evening, weekend_day"", ""smoking"": ""No"", ""space_for_relationship"": ""moderate"", ""wants_children"": ""Unsure"", ""who_to_meet"": ""women, men, non-binary people""}"
syn_fbbb86a63551cd904716048e53130b3f,45,man,zone_a,True,38-51,playful,taking_time,man,No,quiet,zone_a,Open to it,Open to it,exploring,quick,Monogamous,yes,weekend_evening,Occasionally,moderate,I would like children,women,"{""age_range"": ""38-51"", ""conversations"": ""playful"", ""emotional_availability"": ""taking_time"", ""gender"": ""man"", ""has_children"": ""No"", ""lifestyle"": ""quiet"", ""location"": ""zone_a"", ""partner_children"": ""Open to it"", ""partner_smoking"": ""Open to it"", ""relationship_goal"": ""exploring"", ""relationship_pace"": ""quick"", ""relationship_structure"": ""Monogamous"", ""relocate"": ""yes"", ""schedule"": ""weekend_evening"", ""smoking"": ""Occasionally"", ""space_for_relationship"": ""moderate"", ""wants_children"": ""I would like children"", ""who_to_meet"": ""women""}"
syn_82d0e64580bd701a64fde9155e95de51,45,man,zone_a,True,,,,man,,,zone_a,Prefer not to,,,,,,"weekday_evening, weekend_day, weekend_evening",No,,,,"{""gender"": ""man"", ""location"": ""zone_a"", ""partner_children"": ""Prefer not to"", ""schedule"": ""weekday_evening, weekend_day, weekend_evening"", ""smoking"": ""No""}"
syn_ee2c03fd8f21082d61fb8a222cf67af1,31,man,zone_a,True,,playful,,man,,,zone_a,,,,,,,,,,,,"{""conversations"": ""playful"", ""gender"": ""man"", ""location"": ""zone_a""}"
syn_53c01775b662b8bc6cb3cf73dd48344a,34,woman,zone_a,True,31-43,ideas,taking_time,woman,Yes,mixed,zone_a,Open to it,Not compatible for me,exploring,steady,Monogamous,no,weekend_evening,No,moderate,Unsure,non-binary people,"{""age_range"": ""31-43"", ""conversations"": ""ideas"", ""emotional_availability"": ""taking_time"", ""gender"": ""woman"", ""has_children"": ""Yes"", ""lifestyle"": ""mixed"", ""location"": ""zone_a"", ""partner_children"": ""Open to it"", ""partner_smoking"": ""Not compatible for me"", ""relationship_goal"": ""exploring"", ""relationship_pace"": ""steady"", ""relationship_structure"": ""Monogamous"", ""relocate"": ""no"", ""schedule"": ""weekend_evening"", ""smoking"": ""No"", ""space_for_relationship"": ""moderate"", ""wants_children"": ""Unsure"", ""who_to_meet"": ""non-binary people""}"
syn_0383713d5892e823a52a731095f3b0af,44,woman,zone_a,True,,playful,,woman,,,zone_a,,,,,,,,,,,,"{""conversations"": ""playful"", ""gender"": ""woman"", ""location"": ""zone_a""}"
syn_f723fdfacb1e4dcb56d6f0d7896cd986,30,man,zone_c,True,,,,man,,,zone_c,,,,,,,,,,,"men, women, non-binary people","{""gender"": ""man"", ""location"": ""zone_c"", ""who_to_meet"": ""men, women, non-binary people""}"
syn_4f884b21fd65b880fb4ed247bc8a8e3c,28,non_binary,zone_b,True,22-32,ideas,,non_binary,No,,zone_b,Open to it,Open to it,,,Monogamous,,"weekend_evening, weekend_day, weekday_evening",Yes,,I do not want children,"men, women","{""age_range"": ""22-32"", ""conversations"": ""ideas"", ""gender"": ""non_binary"", ""has_children"": ""No"", ""location"": ""zone_b"", ""partner_children"": ""Open to it"", ""partner_smoking"": ""Open to it"", ""relationship_structure"": ""Monogamous"", ""schedule"": ""weekend_evening, weekend_day, weekday_evening"", ""smoking"": ""Yes"", ""wants_children"": ""I do not want children"", ""who_to_meet"": ""men, women""}"
syn_f51e305074f2b275d78613115473e28b,45,woman,zone_a,True,35-53,practical,taking_time,woman,No,mixed,zone_a,Open to it,Not compatible for me,exploring,slow,Monogamous,unsure,"weekday_evening, weekend_day, weekend_evening",No,moderate,I would like children,non-binary people,"{""age_range"": ""35-53"", ""conversations"": ""practical"", ""emotional_availability"": ""taking_time"", ""gender"": ""woman"", ""has_children"": ""No"", ""lifestyle"": ""mixed"", ""location"": ""zone_a"", ""partner_children"": ""Open to it"", ""partner_smoking"": ""Not compatible for me"", ""relationship_goal"": ""exploring"", ""relationship_pace"": ""slow"", ""relationship_structure"": ""Monogamous"", ""relocate"": ""unsure"", ""schedule"": ""weekday_evening, weekend_day, weekend_evening"", ""smoking"": ""No"", ""space_for_relationship"": ""moderate"", ""wants_children"": ""I would like children"", ""who_to_meet"": ""non-binary people""}"
syn_d5c5da583d6394f2409e606577809ebe,42,woman,zone_a,True,,,,woman,,,zone_a,,,long_term,,,,,,,,,"{""gender"": ""woman"", ""location"": ""zone_a"", ""relationship_goal"": ""long_term""}"
syn_d96ddd3e231173bc6e77ac89de879139,23,man,zone_a,True,18-31,playful,taking_time,man,No,mixed,zone_a,Prefer not to,Not compatible for me,exploring,slow,Monogamous,yes,weekend_day,No,limited,Unsure,non-binary people,"{""age_range"": ""18-31"", ""conversations"": ""playful"", ""emotional_availability"": ""taking_time"", ""gender"": ""man"", ""has_children"": ""No"", ""lifestyle"": ""mixed"", ""location"": ""zone_a"", ""partner_children"": ""Prefer not to"", ""partner_smoking"": ""Not compatible for me"", ""relationship_goal"": ""exploring"", ""relationship_pace"": ""slow"", ""relationship_structure"": ""Monogamous"", ""relocate"": ""yes"", ""schedule"": ""weekend_day"", ""smoking"": ""No"", ""space_for_relationship"": ""limited"", ""wants_children"": ""Unsure"", ""who_to_meet"": ""non-binary people""}"
syn_ce6e46a4d61e6c4dec59accde0834b51,22,man,zone_b,True,18-30,practical,ready,man,Yes,mixed,zone_b,Prefer not to,Open to it,exploring,slow,Ethically non-monogamous,no,"weekend_evening, weekend_day, weekday_evening",No,moderate,Unsure,men,"{""age_range"": ""18-30"", ""conversations"": ""practical"", ""emotional_availability"": ""ready"", ""gender"": ""man"", ""has_children"": ""Yes"", ""lifestyle"": ""mixed"", ""location"": ""zone_b"", ""partner_children"": ""Prefer not to"", ""partner_smoking"": ""Open to it"", ""relationship_goal"": ""exploring"", ""relationship_pace"": ""slow"", ""relationship_structure"": ""Ethically non-monogamous"", ""relocate"": ""no"", ""schedule"": ""weekend_evening, weekend_day, weekday_evening"", ""smoking"": ""No"", ""space_for_relationship"": ""moderate"", ""wants_children"": ""Unsure"", ""who_to_meet"": ""men""}"
syn_3cb34ced71bf5b819b06d1a5c6c2a614,25,man,zone_a,True,,,,man,,social,zone_a,,,,,,,,,,I do not want children,,"{""gender"": ""man"", ""lifestyle"": ""social"", ""location"": ""zone_a"", ""wants_children"": ""I do not want children""}"
syn_753f66768c1fc72197f73090e0d6fc62,43,woman,zone_a,True,39-47,playful,ready,woman,No,social,zone_a,Prefer not to,Open to it,exploring,slow,Monogamous,unsure,weekend_evening,No,limited,Unsure,men,"{""age_range"": ""39-47"", ""conversations"": ""playful"", ""emotional_availability"": ""ready"", ""gender"": ""woman"", ""has_children"": ""No"", ""lifestyle"": ""social"", ""location"": ""zone_a"", ""partner_children"": ""Prefer not to"", ""partner_smoking"": ""Open to it"", ""relationship_goal"": ""exploring"", ""relationship_pace"": ""slow"", ""relationship_structure"": ""Monogamous"", ""relocate"": ""unsure"", ""schedule"": ""weekend_evening"", ""smoking"": ""No"", ""space_for_relationship"": ""limited"", ""wants_children"": ""Unsure"", ""who_to_meet"": ""men""}"
syn_0854d44af913f675049a173b3addf2a9,41,woman,zone_a,True,38-45,ideas,taking_time,woman,No,social,zone_a,Open to it,Not compatible for me,long_term,steady,Ethically non-monogamous,unsure,"weekday_evening, weekend_day",Occasionally,limited,I do not want children,men,"{""age_range"": ""38-45"", ""conversations"": ""ideas"", ""emotional_availability"": ""taking_time"", ""gender"": ""woman"", ""has_children"": ""No"", ""lifestyle"": ""social"", ""location"": ""zone_a"", ""partner_children"": ""Open to it"", ""partner_smoking"": ""Not compatible for me"", ""relationship_goal"": ""long_term"", ""relationship_pace"": ""steady"", ""relationship_structure"": ""Ethically non-monogamous"", ""relocate"": ""unsure"", ""schedule"": ""weekday_evening, weekend_day"", ""smoking"": ""Occasionally"", ""space_for_relationship"": ""limited"", ""wants_children"": ""I do not want children"", ""who_to_meet"": ""men""}"
syn_80e68238319e11f1b8d38bc3e38deaec,30,man,zone_a,True,26-35,practical,taking_time,man,No,social,zone_a,Prefer not to,Not compatible for me,exploring,quick,Monogamous,no,weekend_evening,No,moderate,I do not want children,"non-binary people, men","{""age_range"": ""26-35"", ""conversations"": ""practical"", ""emotional_availability"": ""taking_time"", ""gender"": ""man"", ""has_children"": ""No"", ""lifestyle"": ""social"", ""location"": ""zone_a"", ""partner_children"": ""Prefer not to"", ""partner_smoking"": ""Not compatible for me"", ""relationship_goal"": ""exploring"", ""relationship_pace"": ""quick"", ""relationship_structure"": ""Monogamous"", ""relocate"": ""no"", ""schedule"": ""weekend_evening"", ""smoking"": ""No"", ""space_for_relationship"": ""moderate"", ""wants_children"": ""I do not want children"", ""who_to_meet"": ""non-binary people, men""}"
syn_901a8836b1a83cdffbdfc020bb2dc0bc,31,man,zone_b,True,,ideas,taking_time,man,,,zone_b,Prefer not to,,,,,,,,,,,"{""conversations"": ""ideas"", ""emotional_availability"": ""taking_time"", ""gender"": ""man"", ""location"": ""zone_b"", ""partner_children"": ""Prefer not to""}"
syn_98be35230ffe3d23fdf11aabe37e0084,38,man,zone_a,True,,,,man,,,zone_a,,,,,,,,,,,,"{""gender"": ""man"", ""location"": ""zone_a""}"
syn_97adb9e517d4c8a9a951072cfae1b9a0,32,man,zone_a,True,29-35,,,man,No,,zone_a,Open to it,Not compatible for me,,,Monogamous,,"weekend_evening, weekend_day",No,,I do not want children,"men, women","{""age_range"": ""29-35"", ""gender"": ""man"", ""has_children"": ""No"", ""location"": ""zone_a"", ""partner_children"": ""Open to it"", ""partner_smoking"": ""Not compatible for me"", ""relationship_structure"": ""Monogamous"", ""schedule"": ""weekend_evening, weekend_day"", ""smoking"": ""No"", ""wants_children"": ""I do not want children"", ""who_to_meet"": ""men, women""}"
syn_ec2fca1280d8acad46f7485b4646dfb3,21,man,zone_b,True,18-28,ideas,ready,man,No,quiet,zone_b,Open to it,Not compatible for me,exploring,steady,Monogamous,yes,"weekend_day, weekend_evening",No,limited,I would like children,women,"{""age_range"": ""18-28"", ""conversations"": ""ideas"", ""emotional_availability"": ""ready"", ""gender"": ""man"", ""has_children"": ""No"", ""lifestyle"": ""quiet"", ""location"": ""zone_b"", ""partner_children"": ""Open to it"", ""partner_smoking"": ""Not compatible for me"", ""relationship_goal"": ""exploring"", ""relationship_pace"": ""steady"", ""relationship_structure"": ""Monogamous"", ""relocate"": ""yes"", ""schedule"": ""weekend_day, weekend_evening"", ""smoking"": ""No"", ""space_for_relationship"": ""limited"", ""wants_children"": ""I would like children"", ""who_to_meet"": ""women""}"
syn_be2c8bae061748fca7d24c48c59cb43d,25,man,zone_a,True,,,taking_time,man,,,zone_a,,,exploring,,,,,,,,,"{""emotional_availability"": ""taking_time"", ""gender"": ""man"", ""location"": ""zone_a"", ""relationship_goal"": ""exploring""}"
syn_1562fa70e7670858c11662340afae16f,42,non_binary,zone_a,True,,,taking_time,non_binary,,,zone_a,,,,,,,,,,,,"{""emotional_availability"": ""taking_time"", ""gender"": ""non_binary"", ""location"": ""zone_a""}"
syn_bdd8278c4e59668858d88e52cad54fd7,25,man,zone_a,True,18-32,ideas,,man,No,,zone_a,Prefer not to,Not compatible for me,,slow,Monogamous,,weekend_day,No,,I would like children,women,"{""age_range"": ""18-32"", ""conversations"": ""ideas"", ""gender"": ""man"", ""has_children"": ""No"", ""location"": ""zone_a"", ""partner_children"": ""Prefer not to"", ""partner_smoking"": ""Not compatible for me"", ""relationship_pace"": ""slow"", ""relationship_structure"": ""Monogamous"", ""schedule"": ""weekend_day"", ""smoking"": ""No"", ""wants_children"": ""I would like children"", ""who_to_meet"": ""women""}"
syn_96650406cffe05fc6607260fab9bdab2,44,woman,zone_b,True,41-52,playful,taking_time,woman,No,mixed,zone_b,Prefer not to,Not compatible for me,long_term,quick,Monogamous,yes,"weekday_evening, weekend_day",Yes,moderate,I do not want children,men,"{""age_range"": ""41-52"", ""conversations"": ""playful"", ""emotional_availability"": ""taking_time"", ""gender"": ""woman"", ""has_children"": ""No"", ""lifestyle"": ""mixed"", ""location"": ""zone_b"", ""partner_children"": ""Prefer not to"", ""partner_smoking"": ""Not compatible for me"", ""relationship_goal"": ""long_term"", ""relationship_pace"": ""quick"", ""relationship_structure"": ""Monogamous"", ""relocate"": ""yes"", ""schedule"": ""weekday_evening, weekend_day"", ""smoking"": ""Yes"", ""space_for_relationship"": ""moderate"", ""wants_children"": ""I do not want children"", ""who_to_meet"": ""men""}"
syn_f2c1aa90afc19237c7399b0e450b73d5,28,non_binary,zone_c,True,22-35,,,non_binary,Yes,,zone_c,Prefer not to,Not compatible for me,,,Monogamous,,"weekday_evening, weekend_evening",No,,Unsure,men,"{""age_range"": ""22-35"", ""gender"": ""non_binary"", ""has_children"": ""Yes"", ""location"": ""zone_c"", ""partner_children"": ""Prefer not to"", ""partner_smoking"": ""Not compatible for me"", ""relationship_structure"": ""Monogamous"", ""schedule"": ""weekday_evening, weekend_evening"", ""smoking"": ""No"", ""wants_children"": ""Unsure"", ""who_to_meet"": ""men""}"
syn_0c76ae3c872b370a16ecfc9e4dc86d93,31,woman,zone_a,True,27-34,practical,ready,woman,No,mixed,zone_a,Prefer not to,Not compatible for me,exploring,steady,Monogamous,unsure,"weekend_evening, weekend_day, weekday_evening",No,limited,I do not want children,women,"{""age_range"": ""27-34"", ""conversations"": ""practical"", ""emotional_availability"": ""ready"", ""gender"": ""woman"", ""has_children"": ""No"", ""lifestyle"": ""mixed"", ""location"": ""zone_a"", ""partner_children"": ""Prefer not to"", ""partner_smoking"": ""Not compatible for me"", ""relationship_goal"": ""exploring"", ""relationship_pace"": ""steady"", ""relationship_structure"": ""Monogamous"", ""relocate"": ""unsure"", ""schedule"": ""weekend_evening, weekend_day, weekday_evening"", ""smoking"": ""No"", ""space_for_relationship"": ""limited"", ""wants_children"": ""I do not want children"", ""who_to_meet"": ""women""}"
syn_002c2a3ab1de3f0907c88686c288f069,26,woman,zone_b,True,,,,woman,,,zone_b,,,,,,,,,,,,"{""gender"": ""woman"", ""location"": ""zone_b""}"
syn_66dec93dd0bffffeff1089d5fd5fbc92,22,man,zone_a,True,,,,man,,,zone_a,,Open to it,,,,,,,,,,"{""gender"": ""man"", ""location"": ""zone_a"", ""partner_smoking"": ""Open to it""}"
syn_9ab0c17f050608c3c92c283ce83ff9ac,34,woman,zone_c,True,,,,woman,,,zone_c,,,exploring,quick,,,,,,,,"{""gender"": ""woman"", ""location"": ""zone_c"", ""relationship_goal"": ""exploring"", ""relationship_pace"": ""quick""}"
syn_f5f64a7cff02dde0d10de1e8e2b33e10,27,woman,zone_a,True,19-32,playful,ready,woman,No,mixed,zone_a,Open to it,Open to it,exploring,steady,Monogamous,no,weekend_evening,No,ample,I would like children,"men, women","{""age_range"": ""19-32"", ""conversations"": ""playful"", ""emotional_availability"": ""ready"", ""gender"": ""woman"", ""has_children"": ""No"", ""lifestyle"": ""mixed"", ""location"": ""zone_a"", ""partner_children"": ""Open to it"", ""partner_smoking"": ""Open to it"", ""relationship_goal"": ""exploring"", ""relationship_pace"": ""steady"", ""relationship_structure"": ""Monogamous"", ""relocate"": ""no"", ""schedule"": ""weekend_evening"", ""smoking"": ""No"", ""space_for_relationship"": ""ample"", ""wants_children"": ""I would like children"", ""who_to_meet"": ""men, women""}"
syn_9c6d234cdb0948e6aa2aeae80ab9672d,32,non_binary,zone_a,True,,,,non_binary,No,,zone_a,,,,,,,,,,,,"{""gender"": ""non_binary"", ""has_children"": ""No"", ""location"": ""zone_a""}"
syn_8260455eb59a52afc98cccf5d43808c8,33,woman,zone_a,True,29-42,ideas,taking_time,woman,Yes,mixed,zone_a,Prefer not to,Open to it,long_term,slow,Monogamous,unsure,weekend_evening,No,ample,Unsure,"women, non-binary people, men","{""age_range"": ""29-42"", ""conversations"": ""ideas"", ""emotional_availability"": ""taking_time"", ""gender"": ""woman"", ""has_children"": ""Yes"", ""lifestyle"": ""mixed"", ""location"": ""zone_a"", ""partner_children"": ""Prefer not to"", ""partner_smoking"": ""Open to it"", ""relationship_goal"": ""long_term"", ""relationship_pace"": ""slow"", ""relationship_structure"": ""Monogamous"", ""relocate"": ""unsure"", ""schedule"": ""weekend_evening"", ""smoking"": ""No"", ""space_for_relationship"": ""ample"", ""wants_children"": ""Unsure"", ""who_to_meet"": ""women, non-binary people, men""}"
syn_908173542838b9c862e7f864030c7d1a,43,man,zone_a,True,34-47,,,man,No,,zone_a,Open to it,Open to it,,,Monogamous,,"weekend_evening, weekend_day",No,,I do not want children,"non-binary people, men","{""age_range"": ""34-47"", ""gender"": ""man"", ""has_children"": ""No"", ""location"": ""zone_a"", ""partner_children"": ""Open to it"", ""partner_smoking"": ""Open to it"", ""relationship_structure"": ""Monogamous"", ""schedule"": ""weekend_evening, weekend_day"", ""smoking"": ""No"", ""wants_children"": ""I do not want children"", ""who_to_meet"": ""non-binary people, men""}"
syn_fb50edf55697d4bb5de3d06e1217c9c8,37,woman,zone_a,True,27-47,,ready,woman,No,,zone_a,Open to it,Open to it,,,Monogamous,,weekend_day,Occasionally,,I do not want children,men,"{""age_range"": ""27-47"", ""emotional_availability"": ""ready"", ""gender"": ""woman"", ""has_children"": ""No"", ""location"": ""zone_a"", ""partner_children"": ""Open to it"", ""partner_smoking"": ""Open to it"", ""relationship_structure"": ""Monogamous"", ""schedule"": ""weekend_day"", ""smoking"": ""Occasionally"", ""wants_children"": ""I do not want children"", ""who_to_meet"": ""men""}"
syn_4f2dbfa74a0a3735df7052f344c53be6,26,man,zone_a,True,23-36,,,man,No,,zone_a,Open to it,Open to it,,,Monogamous,unsure,"weekend_evening, weekend_day, weekday_evening",No,,I do not want children,men,"{""age_range"": ""23-36"", ""gender"": ""man"", ""has_children"": ""No"", ""location"": ""zone_a"", ""partner_children"": ""Open to it"", ""partner_smoking"": ""Open to it"", ""relationship_structure"": ""Monogamous"", ""relocate"": ""unsure"", ""schedule"": ""weekend_evening, weekend_day, weekday_evening"", ""smoking"": ""No"", ""wants_children"": ""I do not want children"", ""who_to_meet"": ""men""}"
syn_95a1220a21174ade070572075afc93e5,46,man,zone_b,True,43-51,ideas,taking_time,man,No,quiet,zone_b,Prefer not to,Not compatible for me,long_term,slow,Ethically non-monogamous,yes,weekday_evening,No,ample,I would like children,"non-binary people, women","{""age_range"": ""43-51"", ""conversations"": ""ideas"", ""emotional_availability"": ""taking_time"", ""gender"": ""man"", ""has_children"": ""No"", ""lifestyle"": ""quiet"", ""location"": ""zone_b"", ""partner_children"": ""Prefer not to"", ""partner_smoking"": ""Not compatible for me"", ""relationship_goal"": ""long_term"", ""relationship_pace"": ""slow"", ""relationship_structure"": ""Ethically non-monogamous"", ""relocate"": ""yes"", ""schedule"": ""weekday_evening"", ""smoking"": ""No"", ""space_for_relationship"": ""ample"", ""wants_children"": ""I would like children"", ""who_to_meet"": ""non-binary people, women""}"
syn_c5ec162573731c0198019a9438ab18ab,24,man,zone_b,True,18-33,,,man,No,quiet,zone_b,Open to it,Not compatible for me,,steady,Ethically non-monogamous,,weekend_evening,No,,I would like children,non-binary people,"{""age_range"": ""18-33"", ""gender"": ""man"", ""has_children"": ""No"", ""lifestyle"": ""quiet"", ""location"": ""zone_b"", ""partner_children"": ""Open to it"", ""partner_smoking"": ""Not compatible for me"", ""relationship_pace"": ""steady"", ""relationship_structure"": ""Ethically non-monogamous"", ""schedule"": ""weekend_evening"", ""smoking"": ""No"", ""wants_children"": ""I would like children"", ""who_to_meet"": ""non-binary people""}"
syn_c3a39370e7952af94fa22f429d9f014e,26,man,zone_d,True,,playful,ready,man,,,zone_d,,,,,,,,,,,,"{""conversations"": ""playful"", ""emotional_availability"": ""ready"", ""gender"": ""man"", ""location"": ""zone_d""}"
syn_845034097d8c47f2757680dbc7cac1f6,26,man,zone_b,True,18-30,ideas,taking_time,man,No,mixed,zone_b,Prefer not to,Not compatible for me,exploring,steady,Monogamous,no,"weekend_day, weekend_evening",Occasionally,moderate,I do not want children,men,"{""age_range"": ""18-30"", ""conversations"": ""ideas"", ""emotional_availability"": ""taking_time"", ""gender"": ""man"", ""has_children"": ""No"", ""lifestyle"": ""mixed"", ""location"": ""zone_b"", ""partner_children"": ""Prefer not to"", ""partner_smoking"": ""Not compatible for me"", ""relationship_goal"": ""exploring"", ""relationship_pace"": ""steady"", ""relationship_structure"": ""Monogamous"", ""relocate"": ""no"", ""schedule"": ""weekend_day, weekend_evening"", ""smoking"": ""Occasionally"", ""space_for_relationship"": ""moderate"", ""wants_children"": ""I do not want children"", ""who_to_meet"": ""men""}"
syn_cad78b9d35226ecb3f3f9807c411e586,32,woman,zone_a,True,,,,woman,,,zone_a,,,,,,,,,,,,"{""gender"": ""woman"", ""location"": ""zone_a""}"
syn_a5d2278639bc1c355462bcaf347c3ee2,25,man,zone_a,True,18-30,stories,,man,No,social,zone_a,Prefer not to,Not compatible for me,,,Monogamous,,weekday_evening,No,,Unsure,men,"{""age_range"": ""18-30"", ""conversations"": ""stories"", ""gender"": ""man"", ""has_children"": ""No"", ""lifestyle"": ""social"", ""location"": ""zone_a"", ""partner_children"": ""Prefer not to"", ""partner_smoking"": ""Not compatible for me"", ""relationship_structure"": ""Monogamous"", ""schedule"": ""weekday_evening"", ""smoking"": ""No"", ""wants_children"": ""Unsure"", ""who_to_meet"": ""men""}"
syn_b5b5d11c1b3fda0cf09ca2c5c1742686,25,man,zone_b,True,18-35,,,man,Yes,,zone_b,Prefer not to,Not compatible for me,,,Ethically non-monogamous,,weekend_evening,No,,I would like children,men,"{""age_range"": ""18-35"", ""gender"": ""man"", ""has_children"": ""Yes"", ""location"": ""zone_b"", ""partner_children"": ""Prefer not to"", ""partner_smoking"": ""Not compatible for me"", ""relationship_structure"": ""Ethically non-monogamous"", ""schedule"": ""weekend_evening"", ""smoking"": ""No"", ""wants_children"": ""I would like children"", ""who_to_meet"": ""men""}"
syn_331646a20e27737e516e346aff497a99,46,woman,zone_a,True,,,,woman,,,zone_a,,,,,,,"weekend_evening, weekend_day, weekday_evening",,,,"non-binary people, women","{""gender"": ""woman"", ""location"": ""zone_a"", ""schedule"": ""weekend_evening, weekend_day, weekday_evening"", ""who_to_meet"": ""non-binary people, women""}"
syn_9980e3e0242698a3e3f72459b46ed573,27,man,zone_b,True,,,,man,,,zone_b,,,long_term,,Monogamous,,"weekend_evening, weekday_evening, weekend_day",,,,,"{""gender"": ""man"", ""location"": ""zone_b"", ""relationship_goal"": ""long_term"", ""relationship_structure"": ""Monogamous"", ""schedule"": ""weekend_evening, weekday_evening, weekend_day""}"
syn_2eb0a1653a6bb5a8770d53e64bffba21,38,man,zone_b,True,,stories,,man,,,zone_b,,,,,,,weekend_evening,,,,,"{""conversations"": ""stories"", ""gender"": ""man"", ""location"": ""zone_b"", ""schedule"": ""weekend_evening""}"
syn_261c35150d12dad81532b5a40ac05ebe,24,woman,zone_a,True,20-27,,,woman,No,,zone_a,Prefer not to,Open to it,,,Monogamous,,weekday_evening,No,,I do not want children,women,"{""age_range"": ""20-27"", ""gender"": ""woman"", ""has_children"": ""No"", ""location"": ""zone_a"", ""partner_children"": ""Prefer not to"", ""partner_smoking"": ""Open to it"", ""relationship_structure"": ""Monogamous"", ""schedule"": ""weekday_evening"", ""smoking"": ""No"", ""wants_children"": ""I do not want children"", ""who_to_meet"": ""women""}"
syn_4f9c2cd0705a5d3d6170c9bef6cf3e6b,44,woman,zone_a,True,37-47,,,woman,No,,zone_a,Prefer not to,Open to it,,,Monogamous,,"weekend_day, weekend_evening",No,limited,Unsure,women,"{""age_range"": ""37-47"", ""gender"": ""woman"", ""has_children"": ""No"", ""location"": ""zone_a"", ""partner_children"": ""Prefer not to"", ""partner_smoking"": ""Open to it"", ""relationship_structure"": ""Monogamous"", ""schedule"": ""weekend_day, weekend_evening"", ""smoking"": ""No"", ""space_for_relationship"": ""limited"", ""wants_children"": ""Unsure"", ""who_to_meet"": ""women""}"
syn_09d199bc7b02d646f4e7d8699f2f4027,30,man,zone_b,True,,,taking_time,man,,,zone_b,,,,,,,,,,,"men, non-binary people","{""emotional_availability"": ""taking_time"", ""gender"": ""man"", ""location"": ""zone_b"", ""who_to_meet"": ""men, non-binary people""}"
syn_4dc6f8d81157ec8663e938d6dc4d38be,43,woman,zone_b,True,,,,woman,,,zone_b,,,,slow,,,,No,,,"women, non-binary people, men","{""gender"": ""woman"", ""location"": ""zone_b"", ""relationship_pace"": ""slow"", ""smoking"": ""No"", ""who_to_meet"": ""women, non-binary people, men""}"
syn_77f8c51224c6d879f3277b212c06812d,40,man,zone_b,True,31-47,,,man,No,,zone_b,Open to it,Not compatible for me,long_term,,Monogamous,,"weekend_day, weekday_evening",Occasionally,,Unsure,non-binary people,"{""age_range"": ""31-47"", ""gender"": ""man"", ""has_children"": ""No"", ""location"": ""zone_b"", ""partner_children"": ""Open to it"", ""partner_smoking"": ""Not compatible for me"", ""relationship_goal"": ""long_term"", ""relationship_structure"": ""Monogamous"", ""schedule"": ""weekend_day, weekday_evening"", ""smoking"": ""Occasionally"", ""wants_children"": ""Unsure"", ""who_to_meet"": ""non-binary people""}"
syn_3f8425ccd19a1308cd50bfe6286cdf0f,30,man,zone_a,True,21-39,playful,taking_time,man,No,quiet,zone_a,Open to it,Open to it,long_term,slow,Monogamous,yes,"weekend_day, weekday_evening, weekend_evening",No,ample,Unsure,women,"{""age_range"": ""21-39"", ""conversations"": ""playful"", ""emotional_availability"": ""taking_time"", ""gender"": ""man"", ""has_children"": ""No"", ""lifestyle"": ""quiet"", ""location"": ""zone_a"", ""partner_children"": ""Open to it"", ""partner_smoking"": ""Open to it"", ""relationship_goal"": ""long_term"", ""relationship_pace"": ""slow"", ""relationship_structure"": ""Monogamous"", ""relocate"": ""yes"", ""schedule"": ""weekend_day, weekday_evening, weekend_evening"", ""smoking"": ""No"", ""space_for_relationship"": ""ample"", ""wants_children"": ""Unsure"", ""who_to_meet"": ""women""}"
syn_44ff7647547eda7e5fade0a5244e6cfc,43,woman,zone_a,True,,,,woman,,,zone_a,Open to it,,,,,,,,,,,"{""gender"": ""woman"", ""location"": ""zone_a"", ""partner_children"": ""Open to it""}"
syn_9eda2cb5a6f8f61f783f810579d1ffa8,40,woman,zone_b,True,,,ready,woman,,,zone_b,,Not compatible for me,,,,no,,,,,,"{""emotional_availability"": ""ready"", ""gender"": ""woman"", ""location"": ""zone_b"", ""partner_smoking"": ""Not compatible for me"", ""relocate"": ""no""}"
syn_d7b08d99471b061ae64c605167f78437,25,man,zone_a,True,20-30,practical,taking_time,man,No,mixed,zone_a,Open to it,Not compatible for me,exploring,steady,Ethically non-monogamous,unsure,"weekday_evening, weekend_day",No,limited,I would like children,"women, non-binary people","{""age_range"": ""20-30"", ""conversations"": ""practical"", ""emotional_availability"": ""taking_time"", ""gender"": ""man"", ""has_children"": ""No"", ""lifestyle"": ""mixed"", ""location"": ""zone_a"", ""partner_children"": ""Open to it"", ""partner_smoking"": ""Not compatible for me"", ""relationship_goal"": ""exploring"", ""relationship_pace"": ""steady"", ""relationship_structure"": ""Ethically non-monogamous"", ""relocate"": ""unsure"", ""schedule"": ""weekday_evening, weekend_day"", ""smoking"": ""No"", ""space_for_relationship"": ""limited"", ""wants_children"": ""I would like children"", ""who_to_meet"": ""women, non-binary people""}"
syn_9efec4b09b700887e262cff89f455c02,42,man,zone_b,True,36-46,,taking_time,man,No,,zone_b,Open to it,Not compatible for me,exploring,,Ethically non-monogamous,,"weekend_day, weekend_evening, weekday_evening",No,,Unsure,"women, non-binary people","{""age_range"": ""36-46"", ""emotional_availability"": ""taking_time"", ""gender"": ""man"", ""has_children"": ""No"", ""location"": ""zone_b"", ""partner_children"": ""Open to it"", ""partner_smoking"": ""Not compatible for me"", ""relationship_goal"": ""exploring"", ""relationship_structure"": ""Ethically non-monogamous"", ""schedule"": ""weekend_day, weekend_evening, weekday_evening"", ""smoking"": ""No"", ""wants_children"": ""Unsure"", ""who_to_meet"": ""women, non-binary people""}"
syn_14dda87faea12a0a26065bc6b514a40f,38,woman,zone_a,True,33-41,,,woman,No,,zone_a,Open to it,Not compatible for me,,,Monogamous,,weekend_evening,No,,Unsure,men,"{""age_range"": ""33-41"", ""gender"": ""woman"", ""has_children"": ""No"", ""location"": ""zone_a"", ""partner_children"": ""Open to it"", ""partner_smoking"": ""Not compatible for me"", ""relationship_structure"": ""Monogamous"", ""schedule"": ""weekend_evening"", ""smoking"": ""No"", ""wants_children"": ""Unsure"", ""who_to_meet"": ""men""}"
syn_c3275daaee904fb185cec5521b95ac4b,34,woman,zone_a,True,,,,woman,,,zone_a,,,,quick,,,,,,,,"{""gender"": ""woman"", ""location"": ""zone_a"", ""relationship_pace"": ""quick""}"
syn_46251d99bccb19676a533b9e0a93813b,28,man,zone_a,True,20-35,ideas,taking_time,man,No,mixed,zone_a,Open to it,Open to it,long_term,slow,Ethically non-monogamous,unsure,"weekday_evening, weekend_day",No,moderate,I would like children,"non-binary people, women, men","{""age_range"": ""20-35"", ""conversations"": ""ideas"", ""emotional_availability"": ""taking_time"", ""gender"": ""man"", ""has_children"": ""No"", ""lifestyle"": ""mixed"", ""location"": ""zone_a"", ""partner_children"": ""Open to it"", ""partner_smoking"": ""Open to it"", ""relationship_goal"": ""long_term"", ""relationship_pace"": ""slow"", ""relationship_structure"": ""Ethically non-monogamous"", ""relocate"": ""unsure"", ""schedule"": ""weekday_evening, weekend_day"", ""smoking"": ""No"", ""space_for_relationship"": ""moderate"", ""wants_children"": ""I would like children"", ""who_to_meet"": ""non-binary people, women, men""}"
syn_b65af91b39be647afb72e13df7afae55,27,man,zone_b,True,,,,man,,,zone_b,,,,,,,,,,,men,"{""gender"": ""man"", ""location"": ""zone_b"", ""who_to_meet"": ""men""}"
syn_21088a5c922eaed02358c86ef07c7e65,35,woman,zone_a,True,27-45,,,woman,No,social,zone_a,Prefer not to,Open to it,,,Monogamous,,weekday_evening,No,,I do not want children,"non-binary people, men, women","{""age_range"": ""27-45"", ""gender"": ""woman"", ""has_children"": ""No"", ""lifestyle"": ""social"", ""location"": ""zone_a"", ""partner_children"": ""Prefer not to"", ""partner_smoking"": ""Open to it"", ""relationship_structure"": ""Monogamous"", ""schedule"": ""weekday_evening"", ""smoking"": ""No"", ""wants_children"": ""I do not want children"", ""who_to_meet"": ""non-binary people, men, women""}"
syn_cb1f89f7602c29289dbbfd226672f2e8,23,woman,zone_b,True,,,,woman,,,zone_b,,,,,,,,,,,,"{""gender"": ""woman"", ""location"": ""zone_b""}"
syn_da27cb7eb32da3bbe0f1b2b21ba7e103,25,man,zone_b,True,20-35,playful,taking_time,man,Yes,quiet,zone_b,Prefer not to,Open to it,exploring,steady,Monogamous,no,"weekday_evening, weekend_evening",No,moderate,I would like children,"men, non-binary people","{""age_range"": ""20-35"", ""conversations"": ""playful"", ""emotional_availability"": ""taking_time"", ""gender"": ""man"", ""has_children"": ""Yes"", ""lifestyle"": ""quiet"", ""location"": ""zone_b"", ""partner_children"": ""Prefer not to"", ""partner_smoking"": ""Open to it"", ""relationship_goal"": ""exploring"", ""relationship_pace"": ""steady"", ""relationship_structure"": ""Monogamous"", ""relocate"": ""no"", ""schedule"": ""weekday_evening, weekend_evening"", ""smoking"": ""No"", ""space_for_relationship"": ""moderate"", ""wants_children"": ""I would like children"", ""who_to_meet"": ""men, non-binary people""}"
syn_bcf6cfaf04e7db4223279d730dd106c8,43,woman,zone_b,True,37-52,,,woman,No,,zone_b,Prefer not to,Open to it,,,Monogamous,,"weekend_evening, weekday_evening",No,limited,I would like children,"women, non-binary people","{""age_range"": ""37-52"", ""gender"": ""woman"", ""has_children"": ""No"", ""location"": ""zone_b"", ""partner_children"": ""Prefer not to"", ""partner_smoking"": ""Open to it"", ""relationship_structure"": ""Monogamous"", ""schedule"": ""weekend_evening, weekday_evening"", ""smoking"": ""No"", ""space_for_relationship"": ""limited"", ""wants_children"": ""I would like children"", ""who_to_meet"": ""women, non-binary people""}"
syn_81c315c2b616bfcb16f0f431fefa8647,46,woman,zone_a,True,41-53,ideas,ready,woman,No,quiet,zone_a,Prefer not to,Not compatible for me,exploring,steady,Monogamous,yes,"weekend_day, weekday_evening, weekend_evening",No,ample,I would like children,men,"{""age_range"": ""41-53"", ""conversations"": ""ideas"", ""emotional_availability"": ""ready"", ""gender"": ""woman"", ""has_children"": ""No"", ""lifestyle"": ""quiet"", ""location"": ""zone_a"", ""partner_children"": ""Prefer not to"", ""partner_smoking"": ""Not compatible for me"", ""relationship_goal"": ""exploring"", ""relationship_pace"": ""steady"", ""relationship_structure"": ""Monogamous"", ""relocate"": ""yes"", ""schedule"": ""weekend_day, weekday_evening, weekend_evening"", ""smoking"": ""No"", ""space_for_relationship"": ""ample"", ""wants_children"": ""I would like children"", ""who_to_meet"": ""men""}"
syn_6f52253d44737bcfc91f98ad842e5eb7,26,man,zone_a,True,19-33,,,man,No,,zone_a,Prefer not to,Not compatible for me,,,Monogamous,,"weekend_evening, weekday_evening, weekend_day",No,,I would like children,"women, men, non-binary people","{""age_range"": ""19-33"", ""gender"": ""man"", ""has_children"": ""No"", ""location"": ""zone_a"", ""partner_children"": ""Prefer not to"", ""partner_smoking"": ""Not compatible for me"", ""relationship_structure"": ""Monogamous"", ""schedule"": ""weekend_evening, weekday_evening, weekend_day"", ""smoking"": ""No"", ""wants_children"": ""I would like children"", ""who_to_meet"": ""women, men, non-binary people""}"
syn_f30d1aaec9ff180c167f0ed68dd41166,21,man,zone_b,True,18-25,ideas,,man,,,zone_b,,,,,,,weekend_day,,,,,"{""age_range"": ""18-25"", ""conversations"": ""ideas"", ""gender"": ""man"", ""location"": ""zone_b"", ""schedule"": ""weekend_day""}"
syn_3e8ac8e9fbb491d5513434fbd4fc7cd6,25,woman,zone_a,True,20-34,practical,taking_time,woman,No,quiet,zone_a,Prefer not to,Open to it,long_term,quick,Monogamous,no,"weekend_day, weekend_evening, weekday_evening",Occasionally,moderate,Unsure,men,"{""age_range"": ""20-34"", ""conversations"": ""practical"", ""emotional_availability"": ""taking_time"", ""gender"": ""woman"", ""has_children"": ""No"", ""lifestyle"": ""quiet"", ""location"": ""zone_a"", ""partner_children"": ""Prefer not to"", ""partner_smoking"": ""Open to it"", ""relationship_goal"": ""long_term"", ""relationship_pace"": ""quick"", ""relationship_structure"": ""Monogamous"", ""relocate"": ""no"", ""schedule"": ""weekend_day, weekend_evening, weekday_evening"", ""smoking"": ""Occasionally"", ""space_for_relationship"": ""moderate"", ""wants_children"": ""Unsure"", ""who_to_meet"": ""men""}"
syn_fd90ead0c3260a50a9624d2145214d89,21,man,zone_b,True,,,taking_time,man,,,zone_b,,,,quick,,,,,,,men,"{""emotional_availability"": ""taking_time"", ""gender"": ""man"", ""location"": ""zone_b"", ""relationship_pace"": ""quick"", ""who_to_meet"": ""men""}"
syn_7824f9badb36fc1d541bbaea18d98fda,38,woman,zone_a,True,,,,woman,,,zone_a,,,,steady,,,,,,,,"{""gender"": ""woman"", ""location"": ""zone_a"", ""relationship_pace"": ""steady""}"
syn_e37c95550d0dcf21333ba8e02e25ed61,41,woman,zone_a,True,32-51,,,woman,No,,zone_a,Open to it,Not compatible for me,,,Monogamous,no,"weekend_evening, weekday_evening",Occasionally,,I would like children,women,"{""age_range"": ""32-51"", ""gender"": ""woman"", ""has_children"": ""No"", ""location"": ""zone_a"", ""partner_children"": ""Open to it"", ""partner_smoking"": ""Not compatible for me"", ""relationship_structure"": ""Monogamous"", ""relocate"": ""no"", ""schedule"": ""weekend_evening, weekday_evening"", ""smoking"": ""Occasionally"", ""wants_children"": ""I would like children"", ""who_to_meet"": ""women""}"
syn_884224d000efc32f7b8c0f56b6ab62f1,30,woman,zone_a,True,,,,woman,,,zone_a,,,,,,unsure,,,,,,"{""gender"": ""woman"", ""location"": ""zone_a"", ""relocate"": ""unsure""}"
syn_3fe58ecd5ed329ecf8c0d5617afa6cae,42,man,zone_a,True,,,,man,,,zone_a,,,exploring,,,,,,,,,"{""gender"": ""man"", ""location"": ""zone_a"", ""relationship_goal"": ""exploring""}"
syn_b8e49deefa0d859d43ac6edf56263673,24,man,zone_c,True,,,,man,,,zone_c,,Not compatible for me,,,,,,,,,men,"{""gender"": ""man"", ""location"": ""zone_c"", ""partner_smoking"": ""Not compatible for me"", ""who_to_meet"": ""men""}"
syn_91fee2996fe98a0b86f8b85b36a34e85,28,man,zone_b,True,21-33,practical,ready,man,No,mixed,zone_b,Open to it,Not compatible for me,exploring,steady,Monogamous,yes,"weekend_evening, weekend_day, weekday_evening",No,limited,I would like children,men,"{""age_range"": ""21-33"", ""conversations"": ""practical"", ""emotional_availability"": ""ready"", ""gender"": ""man"", ""has_children"": ""No"", ""lifestyle"": ""mixed"", ""location"": ""zone_b"", ""partner_children"": ""Open to it"", ""partner_smoking"": ""Not compatible for me"", ""relationship_goal"": ""exploring"", ""relationship_pace"": ""steady"", ""relationship_structure"": ""Monogamous"", ""relocate"": ""yes"", ""schedule"": ""weekend_evening, weekend_day, weekday_evening"", ""smoking"": ""No"", ""space_for_relationship"": ""limited"", ""wants_children"": ""I would like children"", ""who_to_meet"": ""men""}"
syn_3e376bd52171ec63a6c0b2ccd821f0d1,31,man,zone_a,True,,,taking_time,man,,,zone_a,,,,,,,,,,,,"{""emotional_availability"": ""taking_time"", ""gender"": ""man"", ""location"": ""zone_a""}"
syn_ded2ab7d044d20d0e958d52fc16172d9,35,man,zone_a,True,31-45,,,man,No,,zone_a,Open to it,Open to it,,,Monogamous,,"weekday_evening, weekend_evening",No,,Unsure,women,"{""age_range"": ""31-45"", ""gender"": ""man"", ""has_children"": ""No"", ""location"": ""zone_a"", ""partner_children"": ""Open to it"", ""partner_smoking"": ""Open to it"", ""relationship_structure"": ""Monogamous"", ""schedule"": ""weekday_evening, weekend_evening"", ""smoking"": ""No"", ""wants_children"": ""Unsure"", ""who_to_meet"": ""women""}"
syn_63d2418ae761e5cb5bef73b6ec7e4100,45,woman,zone_a,True,37-53,,,woman,No,,zone_a,Open to it,Not compatible for me,,,Monogamous,,weekend_evening,Occasionally,ample,I would like children,women,"{""age_range"": ""37-53"", ""gender"": ""woman"", ""has_children"": ""No"", ""location"": ""zone_a"", ""partner_children"": ""Open to it"", ""partner_smoking"": ""Not compatible for me"", ""relationship_structure"": ""Monogamous"", ""schedule"": ""weekend_evening"", ""smoking"": ""Occasionally"", ""space_for_relationship"": ""ample"", ""wants_children"": ""I would like children"", ""who_to_meet"": ""women""}"
syn_b94fae7a1446ff7bb5cdefe8368f9f90,37,man,zone_a,True,30-43,practical,taking_time,man,No,social,zone_a,Open to it,Not compatible for me,exploring,quick,Monogamous,unsure,"weekday_evening, weekend_evening, weekend_day",No,moderate,I do not want children,"non-binary people, women","{""age_range"": ""30-43"", ""conversations"": ""practical"", ""emotional_availability"": ""taking_time"", ""gender"": ""man"", ""has_children"": ""No"", ""lifestyle"": ""social"", ""location"": ""zone_a"", ""partner_children"": ""Open to it"", ""partner_smoking"": ""Not compatible for me"", ""relationship_goal"": ""exploring"", ""relationship_pace"": ""quick"", ""relationship_structure"": ""Monogamous"", ""relocate"": ""unsure"", ""schedule"": ""weekday_evening, weekend_evening, weekend_day"", ""smoking"": ""No"", ""space_for_relationship"": ""moderate"", ""wants_children"": ""I do not want children"", ""who_to_meet"": ""non-binary people, women""}"
syn_31a4be7b76bf61f6960327438b4ca2f9,29,man,zone_a,True,,,,man,,,zone_a,,,,,,,,,,,,"{""gender"": ""man"", ""location"": ""zone_a""}"
syn_a7b42dc6c920034394677ac8d0dfe1b9,43,woman,zone_b,True,35-50,,,woman,Yes,,zone_b,Open to it,Open to it,,,Monogamous,,"weekend_evening, weekday_evening, weekend_day",No,,I would like children,men,"{""age_range"": ""35-50"", ""gender"": ""woman"", ""has_children"": ""Yes"", ""location"": ""zone_b"", ""partner_children"": ""Open to it"", ""partner_smoking"": ""Open to it"", ""relationship_structure"": ""Monogamous"", ""schedule"": ""weekend_evening, weekday_evening, weekend_day"", ""smoking"": ""No"", ""wants_children"": ""I would like children"", ""who_to_meet"": ""men""}"
syn_b7564d8895a2382fab350d729b182468,35,woman,zone_a,True,29-38,ideas,ready,woman,No,mixed,zone_a,Prefer not to,Not compatible for me,long_term,quick,Monogamous,unsure,"weekend_evening, weekday_evening",Occasionally,ample,I do not want children,men,"{""age_range"": ""29-38"", ""conversations"": ""ideas"", ""emotional_availability"": ""ready"", ""gender"": ""woman"", ""has_children"": ""No"", ""lifestyle"": ""mixed"", ""location"": ""zone_a"", ""partner_children"": ""Prefer not to"", ""partner_smoking"": ""Not compatible for me"", ""relationship_goal"": ""long_term"", ""relationship_pace"": ""quick"", ""relationship_structure"": ""Monogamous"", ""relocate"": ""unsure"", ""schedule"": ""weekend_evening, weekday_evening"", ""smoking"": ""Occasionally"", ""space_for_relationship"": ""ample"", ""wants_children"": ""I do not want children"", ""who_to_meet"": ""men""}"
syn_adae6bca85d991b0ccc09f987510b55e,31,man,zone_c,True,24-38,,,man,No,,zone_c,Open to it,Open to it,,,Monogamous,,"weekend_evening, weekday_evening",No,,I do not want children,women,"{""age_range"": ""24-38"", ""gender"": ""man"", ""has_children"": ""No"", ""location"": ""zone_c"", ""partner_children"": ""Open to it"", ""partner_smoking"": ""Open to it"", ""relationship_structure"": ""Monogamous"", ""schedule"": ""weekend_evening, weekday_evening"", ""smoking"": ""No"", ""wants_children"": ""I do not want children"", ""who_to_meet"": ""women""}"
syn_a5b0dfe47f8be127cdf199e63b13dac7,21,man,zone_b,True,18-28,,,man,Yes,,zone_b,Prefer not to,Open to it,,,Monogamous,,"weekday_evening, weekend_day, weekend_evening",No,,I do not want children,non-binary people,"{""age_range"": ""18-28"", ""gender"": ""man"", ""has_children"": ""Yes"", ""location"": ""zone_b"", ""partner_children"": ""Prefer not to"", ""partner_smoking"": ""Open to it"", ""relationship_structure"": ""Monogamous"", ""schedule"": ""weekday_evening, weekend_day, weekend_evening"", ""smoking"": ""No"", ""wants_children"": ""I do not want children"", ""who_to_meet"": ""non-binary people""}"
syn_1d5e1fe33d76777b3a045c00acccf060,28,woman,zone_b,True,19-34,playful,taking_time,woman,No,quiet,zone_b,Open to it,Not compatible for me,exploring,slow,Monogamous,yes,"weekday_evening, weekend_day",No,limited,I do not want children,"non-binary people, women, men","{""age_range"": ""19-34"", ""conversations"": ""playful"", ""emotional_availability"": ""taking_time"", ""gender"": ""woman"", ""has_children"": ""No"", ""lifestyle"": ""quiet"", ""location"": ""zone_b"", ""partner_children"": ""Open to it"", ""partner_smoking"": ""Not compatible for me"", ""relationship_goal"": ""exploring"", ""relationship_pace"": ""slow"", ""relationship_structure"": ""Monogamous"", ""relocate"": ""yes"", ""schedule"": ""weekday_evening, weekend_day"", ""smoking"": ""No"", ""space_for_relationship"": ""limited"", ""wants_children"": ""I do not want children"", ""who_to_meet"": ""non-binary people, women, men""}"
syn_3df2035351688adb509b69503d1858c1,27,man,zone_a,True,,,,man,No,,zone_a,Prefer not to,,long_term,,,,,,,,,"{""gender"": ""man"", ""has_children"": ""No"", ""location"": ""zone_a"", ""partner_children"": ""Prefer not to"", ""relationship_goal"": ""long_term""}"
syn_b081f0e6bb3a389ebf7661f58493adf5,37,man,zone_a,True,,,,man,,,zone_a,,Not compatible for me,,steady,,,,,,,,"{""gender"": ""man"", ""location"": ""zone_a"", ""partner_smoking"": ""Not compatible for me"", ""relationship_pace"": ""steady""}"
syn_f24bdf141f9f2c6dadc86a882c771470,37,man,zone_a,True,,,,man,,,zone_a,,,,,Monogamous,yes,,,,,,"{""gender"": ""man"", ""location"": ""zone_a"", ""relationship_structure"": ""Monogamous"", ""relocate"": ""yes""}"
syn_e99c783de4288ff04b9bd687eebdf8af,41,woman,zone_a,True,36-51,playful,,woman,Yes,,zone_a,Open to it,Not compatible for me,,,Monogamous,unsure,weekend_day,No,,I do not want children,"men, non-binary people","{""age_range"": ""36-51"", ""conversations"": ""playful"", ""gender"": ""woman"", ""has_children"": ""Yes"", ""location"": ""zone_a"", ""partner_children"": ""Open to it"", ""partner_smoking"": ""Not compatible for me"", ""relationship_structure"": ""Monogamous"", ""relocate"": ""unsure"", ""schedule"": ""weekend_day"", ""smoking"": ""No"", ""wants_children"": ""I do not want children"", ""who_to_meet"": ""men, non-binary people""}"
syn_1ea7fa38ac2135194e3e58b3de41d9c9,46,woman,zone_a,True,38-51,ideas,taking_time,woman,No,mixed,zone_a,Prefer not to,Open to it,long_term,steady,Monogamous,unsure,"weekday_evening, weekend_evening",No,limited,I would like children,non-binary people,"{""age_range"": ""38-51"", ""conversations"": ""ideas"", ""emotional_availability"": ""taking_time"", ""gender"": ""woman"", ""has_children"": ""No"", ""lifestyle"": ""mixed"", ""location"": ""zone_a"", ""partner_children"": ""Prefer not to"", ""partner_smoking"": ""Open to it"", ""relationship_goal"": ""long_term"", ""relationship_pace"": ""steady"", ""relationship_structure"": ""Monogamous"", ""relocate"": ""unsure"", ""schedule"": ""weekday_evening, weekend_evening"", ""smoking"": ""No"", ""space_for_relationship"": ""limited"", ""wants_children"": ""I would like children"", ""who_to_meet"": ""non-binary people""}"
syn_bf01f7e7bb92779ea8360e92cc83031e,21,man,zone_a,True,18-29,playful,ready,man,No,quiet,zone_a,Open to it,Open to it,exploring,steady,Monogamous,no,weekend_evening,No,limited,Unsure,women,"{""age_range"": ""18-29"", ""conversations"": ""playful"", ""emotional_availability"": ""ready"", ""gender"": ""man"", ""has_children"": ""No"", ""lifestyle"": ""quiet"", ""location"": ""zone_a"", ""partner_children"": ""Open to it"", ""partner_smoking"": ""Open to it"", ""relationship_goal"": ""exploring"", ""relationship_pace"": ""steady"", ""relationship_structure"": ""Monogamous"", ""relocate"": ""no"", ""schedule"": ""weekend_evening"", ""smoking"": ""No"", ""space_for_relationship"": ""limited"", ""wants_children"": ""Unsure"", ""who_to_meet"": ""women""}"
syn_41d867f054c579931f591a2083b7e8d7,30,man,zone_a,True,23-39,stories,taking_time,man,Yes,social,zone_a,Prefer not to,Not compatible for me,long_term,quick,Monogamous,yes,"weekday_evening, weekend_day",No,limited,I do not want children,non-binary people,"{""age_range"": ""23-39"", ""conversations"": ""stories"", ""emotional_availability"": ""taking_time"", ""gender"": ""man"", ""has_children"": ""Yes"", ""lifestyle"": ""social"", ""location"": ""zone_a"", ""partner_children"": ""Prefer not to"", ""partner_smoking"": ""Not compatible for me"", ""relationship_goal"": ""long_term"", ""relationship_pace"": ""quick"", ""relationship_structure"": ""Monogamous"", ""relocate"": ""yes"", ""schedule"": ""weekday_evening, weekend_day"", ""smoking"": ""No"", ""space_for_relationship"": ""limited"", ""wants_children"": ""I do not want children"", ""who_to_meet"": ""non-binary people""}"
syn_96c4a88930b032b13bf5d7c604e75e16,42,woman,zone_a,True,32-47,stories,ready,woman,No,,zone_a,Open to it,Open to it,,,Monogamous,,"weekend_evening, weekday_evening, weekend_day",No,,Unsure,non-binary people,"{""age_range"": ""32-47"", ""conversations"": ""stories"", ""emotional_availability"": ""ready"", ""gender"": ""woman"", ""has_children"": ""No"", ""location"": ""zone_a"", ""partner_children"": ""Open to it"", ""partner_smoking"": ""Open to it"", ""relationship_structure"": ""Monogamous"", ""schedule"": ""weekend_evening, weekday_evening, weekend_day"", ""smoking"": ""No"", ""wants_children"": ""Unsure"", ""who_to_meet"": ""non-binary people""}"
syn_d2a87064e91ea586f74beb6eceef6a8d,26,man,zone_b,True,19-29,,,man,No,,zone_b,Open to it,Open to it,exploring,,Monogamous,,weekend_day,No,,I do not want children,men,"{""age_range"": ""19-29"", ""gender"": ""man"", ""has_children"": ""No"", ""location"": ""zone_b"", ""partner_children"": ""Open to it"", ""partner_smoking"": ""Open to it"", ""relationship_goal"": ""exploring"", ""relationship_structure"": ""Monogamous"", ""schedule"": ""weekend_day"", ""smoking"": ""No"", ""wants_children"": ""I do not want children"", ""who_to_meet"": ""men""}"
syn_231890359389d30040bfa3992fbb4cee,45,man,zone_b,True,,,,man,,,zone_b,,Not compatible for me,,,,,,,,,,"{""gender"": ""man"", ""location"": ""zone_b"", ""partner_smoking"": ""Not compatible for me""}"
syn_b77b5fe5052385aa2a2133206ea74433,22,man,zone_a,True,,,,man,No,,zone_a,,,,,,no,,,,,,"{""gender"": ""man"", ""has_children"": ""No"", ""location"": ""zone_a"", ""relocate"": ""no""}"
syn_e74b17b8688db0babef5dedba69220c6,29,woman,zone_a,True,,,,woman,,,zone_a,,,,,Monogamous,,,,,,,"{""gender"": ""woman"", ""location"": ""zone_a"", ""relationship_structure"": ""Monogamous""}"
syn_5b553fd9353c0193d21b9cac1218fd4d,28,man,zone_b,True,,,,man,,,zone_b,,,,,,,,,,,,"{""gender"": ""man"", ""location"": ""zone_b""}"
syn_b29bcffd8967e02deb5ea41ebb453a4d,45,woman,zone_b,True,42-51,stories,taking_time,woman,Yes,social,zone_b,Open to it,Open to it,exploring,steady,Monogamous,unsure,"weekend_evening, weekend_day, weekday_evening",Occasionally,ample,I do not want children,non-binary people,"{""age_range"": ""42-51"", ""conversations"": ""stories"", ""emotional_availability"": ""taking_time"", ""gender"": ""woman"", ""has_children"": ""Yes"", ""lifestyle"": ""social"", ""location"": ""zone_b"", ""partner_children"": ""Open to it"", ""partner_smoking"": ""Open to it"", ""relationship_goal"": ""exploring"", ""relationship_pace"": ""steady"", ""relationship_structure"": ""Monogamous"", ""relocate"": ""unsure"", ""schedule"": ""weekend_evening, weekend_day, weekday_evening"", ""smoking"": ""Occasionally"", ""space_for_relationship"": ""ample"", ""wants_children"": ""I do not want children"", ""who_to_meet"": ""non-binary people""}"
syn_6ed794f8076617e3fd1b135deb67c5aa,33,woman,zone_a,True,,,taking_time,woman,,,zone_a,,,,,,,,,,,,"{""emotional_availability"": ""taking_time"", ""gender"": ""woman"", ""location"": ""zone_a""}"
