member_id,dataset,gender,age,zone,feasible_candidate_count,potential_candidate_count,has_at_least_one_candidate,has_potential_candidate,degree_bracket
syn_ee6abfe4319122c923a1a5aad57e66d6,public_01,woman,32,zone_a,4,4,1,1,1 - 5 Candidates
syn_8cb4e6be41c31b818e02fa316c35beb3,public_01,man,25,zone_a,0,0,0,0,0 Candidates
syn_e3074c5436df2878fd069b0530a2d947,public_01,woman,32,zone_a,0,0,0,0,0 Candidates
syn_e6a84797a682403f70481cfd62440238,public_01,man,23,zone_d,0,0,0,0,0 Candidates
syn_8af27caff19ffca9d7cfee516f4ea72d,public_01,man,33,zone_a,0,0,0,0,0 Candidates
syn_c30a840e9b8e2371264340830ebd5624,public_01,man,29,zone_a,0,0,0,0,0 Candidates
syn_9ec439916390faad55ad37dd7bfc633b,public_01,man,45,zone_a,0,0,0,0,0 Candidates
syn_d2b4bebb2b5dd3ebd12518b9c4ce9772,public_01,man,46,zone_a,0,0,0,0,0 Candidates
syn_d715b900be79fe830c7a239f7481ff40,public_01,man,45,zone_a,0,0,0,0,0 Candidates
syn_fe7d95478d0c2a7ba275c40e228c58c6,public_01,man,25,zone_a,0,0,0,0,0 Candidates
syn_4f5805e37b6d2d0a9984ee24d7d60ef9,public_01,woman,45,zone_b,0,0,0,0,0 Candidates
syn_ffdc447101d85a0aba41567cc7b1bb7b,public_01,woman,42,zone_a,0,0,0,0,0 Candidates
syn_99ce189452ac7a452245453cf27c0175,public_01,man,36,zone_d,0,1,0,1,0 Candidates
syn_66eec2310bb6b235626cd3b2d0f492a0,public_01,woman,32,zone_a,0,0,0,0,0 Candidates
syn_4981ab10adbbf5500a77f5539a8d3dbd,public_01,man,34,zone_a,0,0,0,0,0 Candidates
syn_51c3093687ec35fc141741284be4579c,public_01,woman,44,zone_a,2,2,1,1,1 - 5 Candidates
syn_67635a64a04fbf17681baeef2cc9ecca,public_01,man,39,zone_b,0,0,0,0,0 Candidates
syn_63cfe04a3e1c8e7503ef42935ea71421,public_01,woman,26,zone_c,0,4,0,1,0 Candidates
syn_fb8bec73650305fbc2d28ae8dc25c2ec,public_01,woman,36,zone_b,0,0,0,0,0 Candidates
syn_2ace6829562f1903e1273758af37a3b0,public_01,man,36,zone_a,2,2,1,1,1 - 5 Candidates
syn_3e6518b6a93d60dad3cd41aa18f0fe41,public_01,woman,44,zone_a,0,0,0,0,0 Candidates
syn_3323cdb55fc17465e721a3560f7a1aac,public_01,man,22,zone_a,0,0,0,0,0 Candidates
syn_909e654df8322aaeaf7e43e67db2d2d6,public_01,woman,46,zone_a,0,0,0,0,0 Candidates
syn_3e94cf4755a04dc34451e7870d909bfb,public_01,woman,42,zone_a,3,5,1,1,1 - 5 Candidates
syn_eff358b076f1f3e854a9fac6dcd3f567,public_01,woman,31,zone_c,0,0,0,0,0 Candidates
syn_bc92695a36766409c969fec6d5d93a7e,public_01,woman,45,zone_a,0,0,0,0,0 Candidates
syn_b7c38a05e9c6fa8787e7b1fe145544cf,public_01,woman,28,zone_a,0,0,0,0,0 Candidates
syn_61637b96c19e5874362ba732e2301987,public_01,man,37,zone_a,0,0,0,0,0 Candidates
syn_23015ce9d35ee1089c8275db490cba13,public_01,man,26,zone_c,0,1,0,1,0 Candidates
syn_8ec5569d9d568263f30c551cc9252f3b,public_01,woman,40,zone_d,0,0,0,0,0 Candidates
syn_1e1a6103b9a2f1234583cd4253ea3b88,public_01,woman,43,zone_a,0,0,0,0,0 Candidates
syn_b4622763ed1476794c24ad8f6e66b7a6,public_01,woman,37,zone_a,1,1,1,1,1 - 5 Candidates
syn_fb32b8618bad355de272dc79ff6569b7,public_01,woman,34,zone_b,3,4,1,1,1 - 5 Candidates
syn_03ece60c3759e7ac8fffa02bd5d694d7,public_01,woman,35,zone_c,0,0,0,0,0 Candidates
syn_305bbab144a6c64b905a1033840759cc,public_01,man,21,zone_a,0,0,0,0,0 Candidates
syn_df242480b94781401b4ac64f14f015b0,public_01,man,30,zone_a,0,0,0,0,0 Candidates
syn_aad7734833bf13651bfa0ea1773077e3,public_01,man,45,zone_a,2,3,1,1,1 - 5 Candidates
syn_6397b26bc32c25be014546a14d45263d,public_01,woman,29,zone_b,0,0,0,0,0 Candidates
syn_2c74c64e9f828c59ef172c4724b2eb0d,public_01,man,24,zone_a,0,0,0,0,0 Candidates
syn_734427fd4171fc91c915c76e78a10755,public_01,man,27,zone_b,0,0,0,0,0 Candidates
syn_1e8bad18a1c14d863cef63a9970d8344,public_01,man,36,zone_a,4,4,1,1,1 - 5 Candidates
syn_352914af12aa16727b4924aa5f48ebd1,public_01,man,27,zone_b,0,1,0,1,0 Candidates
syn_e79da0d36035d273f913520318d5706f,public_01,woman,27,zone_a,2,3,1,1,1 - 5 Candidates
syn_e3e31d95321cfce40ef6448a8dd3461e,public_01,woman,22,zone_a,3,4,1,1,1 - 5 Candidates
syn_bd4264c82dd75d11e5bb9b3bf29a184c,public_01,woman,43,zone_a,0,0,0,0,0 Candidates
syn_931803caf0039572c776ae1e2579aee8,public_01,woman,41,zone_c,0,0,0,0,0 Candidates
syn_6020fae3a4b132073e0ad75b2b10dae5,public_01,man,22,zone_a,0,0,0,0,0 Candidates
syn_6f243cc46db344937a9a55d12b2ee6ba,public_01,woman,34,zone_a,5,6,1,1,1 - 5 Candidates
syn_6648880112f19d2ca43c541b38a6a275,public_01,man,34,zone_b,0,0,0,0,0 Candidates
syn_c430220c3b380c7f5245206579ef8b20,public_01,non_binary,35,zone_a,3,6,1,1,1 - 5 Candidates
syn_5a2a81135dd5330ac19618741db86306,public_01,man,35,zone_b,1,1,1,1,1 - 5 Candidates
syn_8844134060c74553e4679322c94b6946,public_01,man,24,zone_a,5,6,1,1,1 - 5 Candidates
syn_97c9450dbb229dd5ed181a5065471e8c,public_01,man,35,zone_a,4,6,1,1,1 - 5 Candidates
syn_192994820a6f592444c8f48dee08c198,public_01,man,40,zone_c,0,0,0,0,0 Candidates
syn_45c289196abd089ec440fda6841633ff,public_01,man,31,zone_a,0,3,0,1,0 Candidates
syn_a9c181161ee8f96a7dda3ab35860d64a,public_01,man,23,zone_b,1,2,1,1,1 - 5 Candidates
syn_b9df640d678024dafd832282843f9867,public_01,man,46,zone_b,0,0,0,0,0 Candidates
syn_34c9159d0d07971f677bbb253b5bbcf0,public_01,man,28,zone_a,1,2,1,1,1 - 5 Candidates
syn_c8159a786e4b0ddbd75622fca4022686,public_01,man,46,zone_a,0,0,0,0,0 Candidates
syn_c3a013f799394dc268d343fcbe8270b0,public_01,man,35,zone_d,0,0,0,0,0 Candidates
syn_3c8584c1f25243303edf1fcc0a7848b8,public_01,man,36,zone_a,13,16,1,1,11 - 20 Candidates
syn_7babc374d178dac1230ce14a5ef87016,public_01,woman,39,zone_a,0,0,0,0,0 Candidates
syn_d43f90e258ae91543e5fe6e4a6a2e2da,public_01,woman,21,zone_a,0,1,0,1,0 Candidates
syn_528e4ebfba39bbf6b8e91adbe8c9e63b,public_01,man,39,zone_b,0,0,0,0,0 Candidates
syn_4bae37c3b69c792c35e1731394f0f149,public_01,woman,23,zone_a,2,3,1,1,1 - 5 Candidates
syn_f832ca06708876cdd8c0cb8b6770ff42,public_01,man,29,zone_c,0,0,0,0,0 Candidates
syn_d6ce4a175220e5944d253b206d70b5ae,public_01,man,38,zone_a,0,0,0,0,0 Candidates
syn_6314df5a2f9b90bbfe90d832b51858a7,public_01,woman,38,zone_a,0,0,0,0,0 Candidates
syn_1590c7c7e61f068af7c1b8fe352500bc,public_01,woman,28,zone_b,3,3,1,1,1 - 5 Candidates
syn_55abe9af5dcae1efeae9e681ee12a167,public_01,woman,32,zone_a,0,0,0,0,0 Candidates
syn_9437824cc71ae3b37be7c29ed005003c,public_01,man,36,zone_a,0,0,0,0,0 Candidates
syn_332c06d594f12314ec6c3c3adac82936,public_01,woman,43,zone_a,0,1,0,1,0 Candidates
syn_090e7c2aabab4991b5b71d17cb3bc3df,public_01,man,25,zone_c,0,0,0,0,0 Candidates
syn_3ef564d214b78235734a9d4a219ff14c,public_01,man,31,zone_b,0,0,0,0,0 Candidates
syn_5d00db92f3bda3c62d1649f3cca72704,public_01,man,37,zone_b,0,0,0,0,0 Candidates
syn_77d00558355ae3bff3b061bb4e6f2d2a,public_01,woman,22,zone_a,0,0,0,0,0 Candidates
syn_6cc64e64e56700dd377616f3e4e856ed,public_01,man,22,zone_a,4,5,1,1,1 - 5 Candidates
syn_08c9788ca21f64ca4c807f1600b96ad2,public_01,woman,26,zone_c,0,2,0,1,0 Candidates
syn_fb8a968865a9f241b333343a15e1a7c0,public_01,man,32,zone_c,0,11,0,1,0 Candidates
syn_5c232c51de253a52d729d5e516f23960,public_01,woman,42,zone_a,0,0,0,0,0 Candidates
syn_cfd27ca6495326d0508ba804ba64f5ca,public_01,woman,26,zone_b,1,2,1,1,1 - 5 Candidates
syn_2c58ea5d2ea2e4555f06d987546aaf99,public_01,man,30,zone_a,2,5,1,1,1 - 5 Candidates
syn_3069ccc1a6f38d323719e2cbc6f59227,public_01,woman,21,zone_a,3,4,1,1,1 - 5 Candidates
syn_73bade12cb37db49977a98fa82bc3625,public_01,non_binary,40,zone_a,3,3,1,1,1 - 5 Candidates
syn_d44421359d1c535c36d4deb741791171,public_01,woman,37,zone_a,0,0,0,0,0 Candidates
syn_a3b626359c69fc55234f47ffe22d5b67,public_01,woman,35,zone_a,0,23,0,1,0 Candidates
syn_2cb5d144832cd66b91adb378e774cb37,public_01,woman,41,zone_a,1,1,1,1,1 - 5 Candidates
syn_8c175ea6644f49872b41ca89274a2a5d,public_01,woman,41,zone_c,0,0,0,0,0 Candidates
syn_b58d24ddaf51457b786a41898cbb20f2,public_01,man,45,zone_b,0,0,0,0,0 Candidates
syn_b01027c8f7965a962643e4d30ba05a8a,public_01,woman,46,zone_b,0,0,0,0,0 Candidates
syn_a6adc26a0d8e4c89a9a8b83ef736ddca,public_01,woman,24,zone_c,0,0,0,0,0 Candidates
syn_20f522f1e3a7a003f116f3de574666ce,public_01,man,42,zone_c,0,0,0,0,0 Candidates
syn_686f542b8a5e1355485e9675bec78f25,public_01,woman,28,zone_d,0,0,0,0,0 Candidates
syn_2bd46e57965d493d092b84f091314f63,public_01,man,38,zone_a,0,0,0,0,0 Candidates
syn_ff08099ce3f31cccc83bab0bdfe3f334,public_01,woman,36,zone_b,5,6,1,1,1 - 5 Candidates
syn_d424b3730c44c0f783cae21891d709f2,public_01,non_binary,44,zone_c,0,0,0,0,0 Candidates
syn_41c413cc05ebffa5a48edf51e8b5f41c,public_01,man,46,zone_a,3,3,1,1,1 - 5 Candidates
syn_9b8c0c3cc7a2dc44f3c6da30185d8865,public_01,woman,21,zone_d,0,0,0,0,0 Candidates
syn_f4b355d8cbf781a516a9128b415a2e68,public_01,man,42,zone_a,0,0,0,0,0 Candidates
syn_55f5be77b53c2ba09e4b6e525c1db2e4,public_01,man,30,zone_a,4,5,1,1,1 - 5 Candidates
syn_f5e72d8c8f7c7d69b6989e91b70a6d2e,public_01,non_binary,25,zone_b,0,9,0,1,0 Candidates
syn_382d179a81216a999064306113e8d5ce,public_01,woman,34,zone_a,5,6,1,1,1 - 5 Candidates
syn_d4a71b0211d2d383deb726a6d7e8f337,public_01,woman,27,zone_a,0,0,0,0,0 Candidates
syn_337d765b9764b8a2ee932deabdac71bc,public_01,man,31,zone_a,2,5,1,1,1 - 5 Candidates
syn_3e633c5b7371b3f4750e2a5a25cb7e5b,public_01,woman,39,zone_b,0,0,0,0,0 Candidates
syn_70da7277efd94ebe0278d6fe8d2ab83b,public_01,man,35,zone_b,0,0,0,0,0 Candidates
syn_f10a21c702c75eb4b59db90ff12c282f,public_01,woman,34,zone_b,1,1,1,1,1 - 5 Candidates
syn_49e3e49b02ef389261d13172be7c8611,public_01,woman,46,zone_a,1,1,1,1,1 - 5 Candidates
syn_8b5f2158d456b7290f94410e2e1ea019,public_01,woman,23,zone_a,1,2,1,1,1 - 5 Candidates
syn_f6d6da10578cd17a317caba188b3846d,public_01,woman,37,zone_a,0,0,0,0,0 Candidates
syn_69f65ca7fbcaa6bd4af36a54d5392e15,public_01,man,42,zone_a,3,3,1,1,1 - 5 Candidates
syn_e95994b2b21da9c083bd60cac88cc8e4,public_01,man,29,zone_a,0,0,0,0,0 Candidates
syn_0478ca12afcd6883e3f5c278a8248756,public_01,man,38,zone_c,0,0,0,0,0 Candidates
syn_955338430d2d3ed49573828cd492e4e6,public_01,man,24,zone_a,0,0,0,0,0 Candidates
syn_9409cbe11aee260e242330d15e174d81,public_01,man,36,zone_c,0,0,0,0,0 Candidates
syn_caea61ca26d1d63b01ec102e3d0795e7,public_01,man,41,zone_c,0,0,0,0,0 Candidates
syn_cd0a30bf2986f5686372fc1af9bb730c,public_01,woman,41,zone_b,0,0,0,0,0 Candidates
syn_fab24125d9f5f201ce174b69e74ab7e0,public_01,man,28,zone_a,0,0,0,0,0 Candidates
syn_2ae2220326be99bbf7c0d664519e7cba,public_01,man,21,zone_b,0,0,0,0,0 Candidates
syn_9391d425ee042265c3eb23c0e1ff2ee0,public_01,man,39,zone_a,0,0,0,0,0 Candidates
syn_9c6986d8dc0b3fcddf89823f14169e58,public_01,man,28,zone_c,0,1,0,1,0 Candidates
syn_6017efd3cd8e375efdd4db43ec2dc45b,public_01,woman,29,zone_a,1,5,1,1,1 - 5 Candidates
syn_3eb46fe3b61edf24e84fa960dc05aa42,public_01,woman,25,zone_a,0,20,0,1,0 Candidates
syn_40fca158c3a5de81b3f04b14563a3078,public_01,man,28,zone_c,0,0,0,0,0 Candidates
syn_9da4e693186eb8172f1dc52c443fb68f,public_01,woman,41,zone_a,0,0,0,0,0 Candidates
syn_cb5ccb4d0ef4b2baee21637f3c7c12bb,public_01,woman,23,zone_a,2,3,1,1,1 - 5 Candidates
syn_da0425280e817cf099af8abcdd9116bf,public_01,woman,39,zone_a,4,6,1,1,1 - 5 Candidates
syn_dac6ff4452913f2419cdedcc570879e7,public_01,woman,36,zone_a,8,11,1,1,6 - 10 Candidates
syn_5eb7675a170d4c9c9cb3eb2bddc13cb0,public_01,man,42,zone_c,0,0,0,0,0 Candidates
syn_35ab79b5533fa22141fdac0b8e1f54f6,public_01,woman,40,zone_b,0,3,0,1,0 Candidates
syn_ce55981e45ac6f27b30673e97f790453,public_01,man,33,zone_a,3,5,1,1,1 - 5 Candidates
syn_40034af6b0a451eb3f8696ca42dccc20,public_01,woman,36,zone_a,0,0,0,0,0 Candidates
syn_d6ad59a4ab6472f5462171e76ecf1fd5,public_01,man,34,zone_b,0,0,0,0,0 Candidates
syn_67b98a758839f66495dad68189ea28e0,public_01,woman,22,zone_a,0,0,0,0,0 Candidates
syn_15c58533d97d59cd8fa8f6889005853b,public_01,man,38,zone_a,8,10,1,1,6 - 10 Candidates
syn_2c5890b4a7795ece2ecfaa5e16ad4013,public_01,man,43,zone_c,0,0,0,0,0 Candidates
syn_5ff29e162802b2f86baeec3e8fa5c3ed,public_01,man,45,zone_a,0,0,0,0,0 Candidates
syn_a4470a91615e4c221039e2f57bab28d9,public_01,man,41,zone_a,0,0,0,0,0 Candidates
syn_5c806a8d5045685cf1ea5b9707ccb5e1,public_01,woman,46,zone_b,0,0,0,0,0 Candidates
syn_67cdce759ac795490a634e522b0e149d,public_01,woman,34,zone_a,0,0,0,0,0 Candidates
syn_06f633e91f6cc6de4b2980f5d49103f5,public_01,man,27,zone_a,0,0,0,0,0 Candidates
syn_b6cdf8cef8bb377af90ad0257f3c0b91,public_01,woman,32,zone_a,0,0,0,0,0 Candidates
syn_4604a63804f7f7a1e9080fbb4433cece,public_01,man,27,zone_a,7,9,1,1,6 - 10 Candidates
syn_88dc38cd8bc767cba32d5e5af22fd633,public_01,woman,34,zone_a,0,20,0,1,0 Candidates
syn_5ae04ac802905ecbd5f96319a3f155b0,public_01,man,27,zone_a,0,0,0,0,0 Candidates
syn_c763a71c84bfe5830cf66f3f7268ad7a,public_01,woman,31,zone_c,0,0,0,0,0 Candidates
syn_6214069ad878006480ec8a15e3ea4d73,public_01,woman,46,zone_a,4,4,1,1,1 - 5 Candidates
syn_bd58a8686e319b00ca603fc2518d8660,public_01,man,29,zone_a,8,10,1,1,6 - 10 Candidates
syn_840717cabf80dd61fd2934169bbd08b8,public_01,woman,35,zone_a,0,0,0,0,0 Candidates
syn_a54d3aa09c7bf925a105d9d2dceb09da,public_01,man,28,zone_a,0,22,0,1,0 Candidates
syn_848942b9908ff818fa6fb497f438e33b,public_01,woman,35,zone_b,2,2,1,1,1 - 5 Candidates
syn_ca6509230263ee40d7d835ec509dc120,public_01,non_binary,27,zone_a,0,0,0,0,0 Candidates
syn_13e9244b2b75c491c04f6db27ffec35a,public_01,man,26,zone_a,0,0,0,0,0 Candidates
syn_6774330328f6d2ac379ccb6fa733c323,public_01,woman,35,zone_a,1,1,1,1,1 - 5 Candidates
syn_325f28583186d8a6c4075a559cc6b7fb,public_01,man,44,zone_a,2,3,1,1,1 - 5 Candidates
syn_95978ca6beef92cdc4b127a48f00725c,public_01,woman,41,zone_b,1,2,1,1,1 - 5 Candidates
syn_17a2b934b03d86ec9f97394b59d3dbc4,public_01,woman,45,zone_a,0,0,0,0,0 Candidates
syn_237461d129e6228988f17c3d6b7d82b5,public_01,man,33,zone_b,1,2,1,1,1 - 5 Candidates
syn_8ce7b7a126e840e21f92c19cbec28b18,public_01,man,28,zone_b,1,1,1,1,1 - 5 Candidates
syn_0d7dff22d568fbecf4cd0c1e10999b6e,public_01,woman,44,zone_a,0,0,0,0,0 Candidates
syn_bdf9fe7bc35e403f389e503e92728035,public_01,man,24,zone_a,4,5,1,1,1 - 5 Candidates
syn_8bc2d0f5590b227962e2f044536a2b3d,public_01,woman,37,zone_a,0,0,0,0,0 Candidates
syn_57329a3e243293562e28f90d5b84e0ec,public_01,man,37,zone_a,0,0,0,0,0 Candidates
syn_017980b80fe495ad006acf9b65a6fcc3,public_01,woman,41,zone_a,6,6,1,1,6 - 10 Candidates
syn_09d07ba1d6ca47fa57263de5efc5e07a,public_01,non_binary,33,zone_a,0,0,0,0,0 Candidates
syn_150ec524602aa45a33837e6ffc5e5633,public_01,non_binary,21,zone_a,0,0,0,0,0 Candidates
syn_6cfb88f980ceab7343e2bdd152490fdd,public_01,man,33,zone_a,7,8,1,1,6 - 10 Candidates
syn_f15d634cb9bdbec5a685e918ac67aae3,public_01,man,44,zone_c,0,0,0,0,0 Candidates
syn_3b757727e68e22909b699b106b31fe72,public_01,man,29,zone_a,1,3,1,1,1 - 5 Candidates
syn_6f1f708432a102eed2023dbf3af9cb96,public_01,man,42,zone_c,0,0,0,0,0 Candidates
syn_d3927dfb4ba1444e5c3b6e48d99aac7c,public_01,man,39,zone_a,5,7,1,1,1 - 5 Candidates
syn_f147f878931a307b02955c4cc72badc4,public_01,man,46,zone_a,2,2,1,1,1 - 5 Candidates
syn_04618e14b6dbc22d29479db85424ea5d,public_01,man,26,zone_c,0,0,0,0,0 Candidates
syn_9932dfb7889c4acac1c6b78ec2b3fbe2,public_01,man,30,zone_a,6,7,1,1,6 - 10 Candidates
syn_d80b846f0dccbbb95f7ff66606375464,public_01,man,39,zone_a,0,0,0,0,0 Candidates
syn_c8173f9ff896f70b35273e7528e0a64f,public_01,woman,21,zone_a,4,6,1,1,1 - 5 Candidates
syn_f2c9c85da65191c936890b9a52ca3841,public_01,man,34,zone_a,2,3,1,1,1 - 5 Candidates
syn_82ab48f22f138b6c243f294c601e42da,public_01,man,21,zone_c,0,2,0,1,0 Candidates
syn_0b5739186226003ae4ee382252b03e24,public_01,woman,21,zone_a,1,1,1,1,1 - 5 Candidates
syn_6f9931ff2615574082c987876707a54f,public_01,man,44,zone_b,0,0,0,0,0 Candidates
syn_317bcce15befc3cfe15d59b186a6a2ca,public_01,woman,43,zone_a,0,0,0,0,0 Candidates
syn_a1c5275dce65bd47342f1ae1e7487542,public_01,woman,24,zone_a,0,0,0,0,0 Candidates
syn_59ee16daf6ced41ec84ce58ffa9bbd3f,public_01,man,22,zone_b,0,0,0,0,0 Candidates
syn_419d0ec727a60418eae4b4652ef3d0d8,public_01,man,43,zone_c,0,0,0,0,0 Candidates
syn_d60cca740ee6913d17c0efe40b431823,public_01,woman,27,zone_a,0,0,0,0,0 Candidates
syn_69fb1bdb9c93ae509ba2d51152cc2bcb,public_01,non_binary,27,zone_a,0,0,0,0,0 Candidates
syn_223281870efb34dc0efae3a519830084,public_01,man,30,zone_b,0,0,0,0,0 Candidates
syn_821ab76c818b471c7a46fd810ca10756,public_01,man,25,zone_b,0,0,0,0,0 Candidates
syn_75b82ccdf5cd517fedb7c1183ba65fcd,public_01,woman,34,zone_a,0,0,0,0,0 Candidates
syn_c6c9ae5038330a59cbdfa233e5fdeca4,public_01,woman,45,zone_a,2,2,1,1,1 - 5 Candidates
syn_5330626a4ade3351510c8b7ce8a8851e,public_01,woman,44,zone_a,0,0,0,0,0 Candidates
syn_6b3deeb1ae4ffa8c918000fdbdcd0626,public_01,woman,29,zone_a,0,0,0,0,0 Candidates
syn_6262936e162e150c384d3c87b3f7b14c,public_01,man,30,zone_a,0,0,0,0,0 Candidates
syn_5dadd330655811c1eda72a1e118aaac5,public_01,non_binary,37,zone_b,0,0,0,0,0 Candidates
syn_763a960f76090dda778b7e0fc805eb9f,public_01,man,35,zone_c,0,2,0,1,0 Candidates
syn_4612f67d9f3934456b62a7652e0f5c2f,public_01,man,44,zone_c,0,0,0,0,0 Candidates
syn_e68b9bc223e33a41b77b07492d7bee51,public_01,man,46,zone_c,0,0,0,0,0 Candidates
syn_739ff4360363089ee9451df20b3c98a2,public_01,woman,32,zone_a,0,2,0,1,0 Candidates
syn_f339698b9e9e3f853b0ed52919301d7b,public_01,non_binary,41,zone_d,0,0,0,0,0 Candidates
syn_105b22dbeeeb2fb6faa93a3ce0e32919,public_01,woman,46,zone_a,0,0,0,0,0 Candidates
syn_d75df7ee5c1faa9f52135cb13ccc38b7,public_02,man,37,zone_b,1,1,1,1,1 - 5 Candidates
syn_9780271663b2599273144f180e877968,public_02,man,41,zone_a,1,1,1,1,1 - 5 Candidates
syn_a739d0a9c49e0d3691316cb05117c32c,public_02,woman,23,zone_a,2,3,1,1,1 - 5 Candidates
syn_f3d409b65a10dc7e840e5bca325d34f5,public_02,man,32,zone_a,0,1,0,1,0 Candidates
syn_9a6819069e54f8e26098a5a7064afa51,public_02,woman,25,zone_a,2,2,1,1,1 - 5 Candidates
syn_9598431518aa2a2f2e66ed889c7368f4,public_02,woman,25,zone_a,1,2,1,1,1 - 5 Candidates
syn_761f9d17f11b883990eed86cbe7ebba3,public_02,woman,37,zone_a,0,0,0,0,0 Candidates
syn_912d6fbf5229053275eb8ba2e10fc211,public_02,woman,42,zone_a,2,3,1,1,1 - 5 Candidates
syn_d74b0dd4151173ffd1051b16080142f8,public_02,man,27,zone_b,0,0,0,0,0 Candidates
syn_4b24cce531aeb6bec399ad003eb5bf35,public_02,man,25,zone_b,0,0,0,0,0 Candidates
syn_a2f02a2600f647a9e2042b830b841fad,public_02,man,28,zone_a,7,8,1,1,6 - 10 Candidates
syn_6a872e5484f4fffe6c58c75890a3de35,public_02,man,35,zone_b,0,0,0,0,0 Candidates
syn_4b57337d2f0c61d365d36a51553229ee,public_02,man,31,zone_b,6,6,1,1,6 - 10 Candidates
syn_59a88df1af7fb13a625b5e8ef85fdd57,public_02,non_binary,35,zone_a,0,19,0,1,0 Candidates
syn_cbb78d85bb6a7f4d0f89323f27c8d968,public_02,man,31,zone_a,0,0,0,0,0 Candidates
syn_790fec6b4c8466601dd843ded19c48ff,public_02,man,37,zone_a,0,0,0,0,0 Candidates
syn_e5cce1af94b8d389a93346ad7182ff82,public_02,woman,21,zone_c,0,5,0,1,0 Candidates
syn_6c2b8234f69aad9156008f0ed3e586d2,public_02,woman,30,zone_b,0,0,0,0,0 Candidates
syn_b62a562d357dbffb36ec5681fb0509dd,public_02,woman,28,zone_a,0,0,0,0,0 Candidates
syn_3393dc85a9ac6e6d7a9d3c75f2dd545c,public_02,woman,21,zone_b,0,0,0,0,0 Candidates
syn_c58e8eb0c882695da0ed7627b3275fe8,public_02,woman,27,zone_c,2,2,1,1,1 - 5 Candidates
syn_0572ee6d58c36a05390e18b6fb365d13,public_02,man,40,zone_a,0,0,0,0,0 Candidates
syn_db9cc5b4c0ec09399202c51d544bf250,public_02,woman,42,zone_c,0,0,0,0,0 Candidates
syn_bc5dc1bed9bd1944ab69f17c8c85e2cb,public_02,non_binary,33,zone_a,0,0,0,0,0 Candidates
syn_c85c5f4b0c079ca8e30677ea1c7ee178,public_02,non_binary,46,zone_a,2,3,1,1,1 - 5 Candidates
syn_370c024368ec87842a90c0382c205ca1,public_02,woman,46,zone_a,0,0,0,0,0 Candidates
syn_123815248e2a76967ece217db6a1c911,public_02,woman,33,zone_a,3,4,1,1,1 - 5 Candidates
syn_b97fe36fe047017f6f7211fa025e6655,public_02,woman,41,zone_b,0,0,0,0,0 Candidates
syn_3d14ef2847c85348679e4fa514071b64,public_02,woman,21,zone_b,0,0,0,0,0 Candidates
syn_2faf6bd80b4684e5be18bb52ff0255c2,public_02,woman,22,zone_a,0,0,0,0,0 Candidates
syn_4ab039bc016a7f9170528808204c430f,public_02,man,27,zone_a,5,6,1,1,1 - 5 Candidates
syn_74e0a24f3a3b7f2fbfe2298b202d08bc,public_02,woman,41,zone_a,1,1,1,1,1 - 5 Candidates
syn_f57a076753e50d87788a9f182f1fb641,public_02,non_binary,32,zone_a,2,3,1,1,1 - 5 Candidates
syn_8793b8ff68d13b5079930443ace5c1fa,public_02,woman,36,zone_a,0,17,0,1,0 Candidates
syn_1b0d4134d1050964a580a21b036a88d7,public_02,man,37,zone_a,0,0,0,0,0 Candidates
syn_df2351b216e9b989fdcdb980be123864,public_02,man,39,zone_a,1,1,1,1,1 - 5 Candidates
syn_7db0447bd7972126f3c340691a555852,public_02,man,32,zone_b,2,2,1,1,1 - 5 Candidates
syn_f9699cb1aaee5b6cad50eef4aa4a1f79,public_02,man,38,zone_a,0,0,0,0,0 Candidates
syn_90213c190680922a29c711b54742d3e1,public_02,woman,24,zone_a,0,0,0,0,0 Candidates
syn_ad946c4e2d51c4381a00d6a3a07c8f5c,public_02,woman,37,zone_b,3,3,1,1,1 - 5 Candidates
syn_d1d40e5694a83bf50c52e9b5a1c72bcf,public_02,man,27,zone_a,1,1,1,1,1 - 5 Candidates
syn_6be868ce7aea858cf2d691f85f77f1e8,public_02,woman,30,zone_a,1,2,1,1,1 - 5 Candidates
syn_87eee99f19a766f188fe72ef10a2384c,public_02,man,34,zone_a,0,0,0,0,0 Candidates
syn_a68f501e9c1069329ec78eaead07c015,public_02,man,42,zone_b,1,1,1,1,1 - 5 Candidates
syn_3ebeda0df1a2553d085d9f96dac06445,public_02,woman,30,zone_c,1,1,1,1,1 - 5 Candidates
syn_780aa9c2b41e67b8c240482f353527ad,public_02,woman,23,zone_a,0,0,0,0,0 Candidates
syn_9878e12ae9f1bab734cf11dc91fa96ed,public_02,woman,31,zone_c,0,0,0,0,0 Candidates
syn_b648b44d01cd5170c0828409a2384c3a,public_02,man,38,zone_c,1,2,1,1,1 - 5 Candidates
syn_82647870f584ad625fd6a2cf6ec1def8,public_02,woman,23,zone_b,0,0,0,0,0 Candidates
syn_6cb8b45da6f043308cdc471726c7eee4,public_02,woman,32,zone_a,0,1,0,1,0 Candidates
syn_ca3ae74486f269449eb584f474ff27e7,public_02,man,29,zone_d,0,0,0,0,0 Candidates
syn_83a10b886c37d4b67300884e3a838d70,public_02,woman,29,zone_a,0,0,0,0,0 Candidates
syn_a011d54b5ff42d5862121056d88a4d73,public_02,man,31,zone_a,0,0,0,0,0 Candidates
syn_2056609e060881f2404b3e6d30d72b1b,public_02,woman,38,zone_a,1,2,1,1,1 - 5 Candidates
syn_f08a7eab3954c329d97b8ca6d495c410,public_02,man,22,zone_b,1,1,1,1,1 - 5 Candidates
syn_88a2837332f6912a8c262589243c20e2,public_02,non_binary,43,zone_a,1,3,1,1,1 - 5 Candidates
syn_231cd68a43c8a600556433e677ead788,public_02,woman,34,zone_a,0,0,0,0,0 Candidates
syn_446632bd6ebac8243206c9d868250ddc,public_02,man,44,zone_a,0,0,0,0,0 Candidates
syn_6da6f04d847dee9077ce9c463309a0a6,public_02,man,40,zone_a,0,0,0,0,0 Candidates
syn_bdef267ec653e0a46c9450e570b87be0,public_02,woman,24,zone_a,0,0,0,0,0 Candidates
syn_13516bb80dd39f3ce4ef943eca9d421e,public_02,man,21,zone_a,2,2,1,1,1 - 5 Candidates
syn_98697769fbe7f16428422018c3ea9ad4,public_02,man,34,zone_a,0,0,0,0,0 Candidates
syn_c317705f90a517571b63aec42fee59d2,public_02,woman,33,zone_a,4,6,1,1,1 - 5 Candidates
syn_fe315b98117e4d81e77e76cdab5582b5,public_02,woman,40,zone_a,4,7,1,1,1 - 5 Candidates
syn_5e9c6e2a1ed9540f433cea27fc4d1195,public_02,woman,26,zone_b,0,0,0,0,0 Candidates
syn_74655d9a89e1bc132109f53eefcfff70,public_02,man,40,zone_a,1,5,1,1,1 - 5 Candidates
syn_dd56e893d452e71919601782ed0489cc,public_02,man,29,zone_c,1,1,1,1,1 - 5 Candidates
syn_4f59c929a394a8f79a1a9c3051421c77,public_02,man,43,zone_a,0,0,0,0,0 Candidates
syn_32297fb064c264489c9e4039876f24ba,public_02,man,35,zone_a,4,4,1,1,1 - 5 Candidates
syn_ef90cb3eeb538d161e421d49815df757,public_02,man,27,zone_b,0,0,0,0,0 Candidates
syn_453566d4cacb67aa483140013fe5fbdf,public_02,man,28,zone_a,0,0,0,0,0 Candidates
syn_964b47ce9e65d08b24ac9115da831a47,public_02,man,45,zone_a,1,1,1,1,1 - 5 Candidates
syn_0f8c602e06af6c647dedd4d5cc2def16,public_02,woman,28,zone_a,0,0,0,0,0 Candidates
syn_576b0b21e0dbd7a6bfdf295c4ff7fad8,public_02,man,34,zone_a,9,14,1,1,6 - 10 Candidates
syn_cb551d4f45bda03e995e82defa207630,public_02,man,25,zone_a,0,1,0,1,0 Candidates
syn_9e3068d8d35b9eefda160e3de29ef47f,public_02,man,23,zone_a,4,4,1,1,1 - 5 Candidates
syn_85bf11e712d179c418ccdfa063ffd5d7,public_02,man,38,zone_b,2,2,1,1,1 - 5 Candidates
syn_7cc830bf46268a150ea841a6aeac8371,public_02,man,36,zone_a,12,17,1,1,11 - 20 Candidates
syn_528915a798e73da7402ac8df8dfa38b2,public_02,woman,23,zone_c,0,0,0,0,0 Candidates
syn_1653cc8b5bd51e5da9b32ad68410ff2a,public_02,woman,40,zone_a,2,3,1,1,1 - 5 Candidates
syn_86a700b706a3f9d202eeee624e20ac53,public_02,man,35,zone_b,3,3,1,1,1 - 5 Candidates
syn_b4409bb8867ef48b4cd95b298a3702ee,public_02,man,46,zone_b,1,1,1,1,1 - 5 Candidates
syn_bf9ab71b941cbe9762adff47a4b92047,public_02,non_binary,31,zone_a,0,0,0,0,0 Candidates
syn_304d96daaa56e80e4ee92cbaf75ff890,public_02,man,29,zone_c,0,0,0,0,0 Candidates
syn_5fe81c19774479c8dabc6a4cfda80478,public_02,man,39,zone_c,1,2,1,1,1 - 5 Candidates
syn_50977ee1f1ce864458c2e060a47afe43,public_02,woman,31,zone_a,0,0,0,0,0 Candidates
syn_7f2bb00908ffb27eac035ff62ce0dcbe,public_02,man,37,zone_a,0,1,0,1,0 Candidates
syn_0e0161ed6b7c02e3c1a86b832fa1f75f,public_02,man,41,zone_d,0,0,0,0,0 Candidates
syn_87dc96eea77ef4cd008961b3b22bbad3,public_02,non_binary,35,zone_a,0,3,0,1,0 Candidates
syn_a6e1e3157ea05a77655d69145cb9340c,public_02,woman,37,zone_b,1,1,1,1,1 - 5 Candidates
syn_6edbeb8274e40517866227d17ad53adf,public_02,non_binary,24,zone_b,1,1,1,1,1 - 5 Candidates
syn_f93c4bbf56ae5e59cfc19cdc2715a8db,public_02,man,24,zone_b,0,0,0,0,0 Candidates
syn_6480a0fceabbc01cedfeea0cf2554ebe,public_02,woman,30,zone_a,0,0,0,0,0 Candidates
syn_e743ad4cb23bc71d6fe055e5e4bc5145,public_02,man,21,zone_a,0,0,0,0,0 Candidates
syn_404a8f65134058ae9943744c7f54d33f,public_02,non_binary,46,zone_b,2,2,1,1,1 - 5 Candidates
syn_ac94b01560b8fee544ead02809b6aa68,public_02,woman,34,zone_a,0,0,0,0,0 Candidates
syn_0645957284c487c64ad77f70f4198680,public_02,woman,30,zone_a,1,2,1,1,1 - 5 Candidates
syn_9a7118f62aaf550fca7670c8025e4c9d,public_02,man,25,zone_a,0,0,0,0,0 Candidates
syn_7f5935d0a622ad5f4ec68c20515f6fbb,public_02,man,26,zone_a,0,0,0,0,0 Candidates
syn_e7e4553b5d1a0778f4c39c851ae14856,public_02,woman,39,zone_b,0,0,0,0,0 Candidates
syn_fdb186b6125612dc970f9f3da32cfe27,public_02,woman,36,zone_b,0,0,0,0,0 Candidates
syn_3e654c2972e411c3e13786472de497e5,public_02,woman,46,zone_b,0,0,0,0,0 Candidates
syn_0e299c0b1cd3d2fde5be3501bfce4321,public_02,woman,45,zone_a,0,0,0,0,0 Candidates
syn_72b3af26e5db61db148e65bd4159cc16,public_02,man,41,zone_a,0,1,0,1,0 Candidates
syn_65e53c54c81a13abf86452c9725d4d09,public_02,man,40,zone_c,0,11,0,1,0 Candidates
syn_33dba8c2756dc57afb91a49fd150c8c7,public_02,man,27,zone_a,0,0,0,0,0 Candidates
syn_6b330a8460285695ac428e56bfabda22,public_02,woman,44,zone_a,0,0,0,0,0 Candidates
syn_54f13e7b39ff701788052395682c5066,public_02,man,21,zone_b,0,0,0,0,0 Candidates
syn_a22e1853b1e27732f3ed60e8e9df92f2,public_02,woman,24,zone_a,0,0,0,0,0 Candidates
syn_fafe38fd272e2f7b75f897a01f333675,public_02,man,44,zone_a,0,0,0,0,0 Candidates
syn_23f1faa69083acc5d94a657ade2d700b,public_02,woman,34,zone_c,0,0,0,0,0 Candidates
syn_8b9b5342414de47f8d837246597bdc40,public_02,woman,39,zone_b,1,1,1,1,1 - 5 Candidates
syn_66b58a6a348aa4c898b25f560bfb60a8,public_02,man,21,zone_a,0,0,0,0,0 Candidates
syn_5c50feb5c14a38a5c4c162ee9b4b85ae,public_02,non_binary,21,zone_c,0,0,0,0,0 Candidates
syn_8a5ab5e24cf1da571d7fc224290b5d55,public_02,woman,42,zone_a,5,5,1,1,1 - 5 Candidates
syn_46647c2c6bb5c3c5381ff1063541e7bc,public_02,man,43,zone_a,0,0,0,0,0 Candidates
syn_897e69d0e9395b2f1b799b72186dfbe5,public_02,woman,36,zone_b,0,0,0,0,0 Candidates
syn_2651c1cf3930d6ccd1f4d17ed92ebb9f,public_02,man,35,zone_b,0,0,0,0,0 Candidates
syn_28ae0f5a99431e9f34ff74eff6472675,public_02,woman,37,zone_b,3,3,1,1,1 - 5 Candidates
syn_47dc784f1a5ba0282f3ed0e8afa4fdb5,public_02,woman,27,zone_c,0,0,0,0,0 Candidates
syn_aba9f3001eba6567ae2b3690240087c3,public_02,woman,21,zone_b,0,0,0,0,0 Candidates
syn_ec6bc570595337f7c4d9eba92100967f,public_02,non_binary,28,zone_b,0,0,0,0,0 Candidates
syn_4df7b2ad826cd9fa7a2e585e07fea8d2,public_02,woman,36,zone_a,0,1,0,1,0 Candidates
syn_514d26a6c970dbaed9dfb5971b92fd98,public_02,man,26,zone_b,3,3,1,1,1 - 5 Candidates
syn_e6cc7ae09a87200ef93018c566b517f2,public_02,non_binary,39,zone_b,1,1,1,1,1 - 5 Candidates
syn_6d8a8a6aef07e250ff909501273ecc94,public_02,woman,39,zone_a,0,3,0,1,0 Candidates
syn_df1fff6e0e3735985e36ea3e3c6864fe,public_02,woman,36,zone_a,3,6,1,1,1 - 5 Candidates
syn_6a84c1f3a87e5b91101bb503eccb7f21,public_02,woman,24,zone_a,0,0,0,0,0 Candidates
syn_4b4afc55bd62c7528916299ab5833a7b,public_02,woman,23,zone_b,0,0,0,0,0 Candidates
syn_e173d13553e6204a5b9f438995bd0cd1,public_02,man,44,zone_a,0,0,0,0,0 Candidates
syn_67cf74cc8f3d92586fafd8d4e0af5157,public_02,woman,23,zone_b,0,0,0,0,0 Candidates
syn_16f6b40558377a36d266e8d3b8753402,public_02,woman,35,zone_a,0,1,0,1,0 Candidates
syn_4214286841200854f694198dd841847e,public_02,woman,34,zone_b,0,0,0,0,0 Candidates
syn_508d54f5501de77ad394c177277d7e2a,public_02,man,31,zone_a,0,17,0,1,0 Candidates
syn_6842f6631c6d8aa01c669d8772ab7814,public_02,man,46,zone_a,2,2,1,1,1 - 5 Candidates
syn_3952681398d37fcea254f78df25fefbb,public_02,man,46,zone_d,0,0,0,0,0 Candidates
syn_3dcab5b42776b8646ca9017a3f338784,public_02,man,42,zone_c,0,0,0,0,0 Candidates
syn_a3f97993bdc0c65efa5893b4bab0071c,public_02,woman,25,zone_d,0,0,0,0,0 Candidates
syn_fc2022f4fc4e7124dfbc68606c0dc55c,public_02,non_binary,34,zone_b,0,0,0,0,0 Candidates
syn_cf3276d14a50475f883878aefa2bfe6c,public_02,non_binary,42,zone_a,0,0,0,0,0 Candidates
syn_b390eafa410a714a59cd7b4c6b852ed6,public_02,woman,35,zone_a,0,16,0,1,0 Candidates
syn_af9ee8bba3caa67affd5e5dff1c585d8,public_02,woman,40,zone_a,0,0,0,0,0 Candidates
syn_469fe83e4a99f3d77981a1c1f7ea5386,public_02,woman,32,zone_a,2,5,1,1,1 - 5 Candidates
syn_13d07557bc6bf8c0ceecea766c1959b2,public_02,woman,24,zone_a,0,0,0,0,0 Candidates
syn_e77fb3ea136541875ef0d0ed5153426c,public_02,man,31,zone_a,4,5,1,1,1 - 5 Candidates
syn_1a4dfde83fd19aa72ccfe830c678fecb,public_02,non_binary,42,zone_a,0,0,0,0,0 Candidates
syn_e78e4b76af4060244013e1294153b66c,public_02,man,40,zone_a,0,0,0,0,0 Candidates
syn_02599d522c48ce7f9d47ca93ce0e969b,public_02,non_binary,26,zone_a,3,4,1,1,1 - 5 Candidates
syn_81a48a9d2c7cf0ef365f24d6bcd6a3e1,public_02,woman,32,zone_b,0,0,0,0,0 Candidates
syn_d16420689fdde7c0d35d130797ca9e5f,public_02,man,21,zone_b,2,2,1,1,1 - 5 Candidates
syn_c5acb0d949aa93bbd9a6d31928f3b808,public_02,woman,36,zone_a,0,5,0,1,0 Candidates
syn_fa877de6b99ad875e1dc7a353dfb6c48,public_02,man,30,zone_b,0,0,0,0,0 Candidates
syn_dc277f56457383f627d4e7fbcd781b34,public_02,woman,37,zone_a,0,2,0,1,0 Candidates
syn_7378f64f9f0bc4b99b33db6159da0494,public_02,woman,45,zone_b,0,0,0,0,0 Candidates
syn_c47b1ab16d66c1d488e705e8255ebb01,public_02,man,38,zone_a,1,2,1,1,1 - 5 Candidates
syn_df55510630c387a8332959160eec8e4b,public_02,man,37,zone_a,8,13,1,1,6 - 10 Candidates
syn_e4419c4f30d5c6e2fce7491fe8a0d682,public_02,woman,34,zone_a,0,21,0,1,0 Candidates
syn_a664432baefb8c1ee9fcfe0f1830e1e0,public_02,woman,40,zone_a,0,1,0,1,0 Candidates
syn_de691b2a7a58574e555166c4e1f1044c,public_02,woman,22,zone_a,0,0,0,0,0 Candidates
syn_50213f5cee047f075c18145426ebe53a,public_02,woman,39,zone_b,0,0,0,0,0 Candidates
syn_66a9a879ed7b05c03d4111284b227fdf,public_02,woman,27,zone_b,0,0,0,0,0 Candidates
syn_5901d252ec94242330ca03c8dfdc084c,public_02,man,27,zone_a,2,3,1,1,1 - 5 Candidates
syn_62e304f504711817d2011ad625bc5f44,public_02,man,30,zone_a,0,0,0,0,0 Candidates
syn_d65abe534397d4981cd9240183837cc7,public_02,man,35,zone_a,0,1,0,1,0 Candidates
syn_789cd4b0dab7a8205c1bb0b715514d69,public_02,man,46,zone_c,0,0,0,0,0 Candidates
syn_4387e89fdb0f8be8ba5e37551b474d67,public_02,man,29,zone_a,1,1,1,1,1 - 5 Candidates
syn_0426143d13760ebc303c3293cebe4508,public_02,woman,45,zone_a,0,0,0,0,0 Candidates
syn_a8ff62b39ba2a8e4e6f2b6419d1e634c,public_02,man,29,zone_a,0,0,0,0,0 Candidates
syn_32e648606f6ce6cbbf0b021edad1b7e2,public_02,man,32,zone_b,0,0,0,0,0 Candidates
syn_08889d341382d1f0e53a00cd61784d6e,public_02,man,45,zone_b,0,0,0,0,0 Candidates
syn_6c101d0c0419fad1242321449cd59682,public_02,man,30,zone_d,0,0,0,0,0 Candidates
syn_e020dbb760480234a92c6002015355b2,public_02,man,23,zone_a,0,0,0,0,0 Candidates
syn_f77b1273e05aa2077d53dbd43716d068,public_02,woman,41,zone_c,0,0,0,0,0 Candidates
syn_90c74ab9fe2ba31b67daf314c0810e04,public_02,non_binary,30,zone_a,0,0,0,0,0 Candidates
syn_322a3beb6ee58311d60a073d85bb468b,public_02,man,22,zone_b,0,0,0,0,0 Candidates
syn_8efbdba2e69c3948ce821a428e72ec36,public_02,woman,44,zone_b,2,2,1,1,1 - 5 Candidates
syn_88863fb02080f9ee3609a1d3d11015de,public_02,man,32,zone_a,0,1,0,1,0 Candidates
syn_6f4b95e99ced6c74c7323ce1a51e3f90,public_02,man,21,zone_a,0,0,0,0,0 Candidates
syn_27f454520d59e37ee2d4a5c446076efb,public_02,man,45,zone_d,0,0,0,0,0 Candidates
syn_ac51d3efb980280e5357ef62f0295996,public_02,woman,36,zone_b,2,2,1,1,1 - 5 Candidates
syn_e8e39c781a4ab8dc656bda3d249059d2,public_02,woman,37,zone_b,0,0,0,0,0 Candidates
syn_2a7a5c618492261931b789cc24635e50,public_02,man,41,zone_a,0,0,0,0,0 Candidates
syn_5659274dc924b6915cfa95b81012dc43,public_02,woman,26,zone_a,0,0,0,0,0 Candidates
syn_f738a29fba620b907681a3b1d1b0e794,public_02,man,29,zone_a,0,0,0,0,0 Candidates
syn_72266992f7613069c4bd2077804c76a6,public_02,non_binary,31,zone_b,0,0,0,0,0 Candidates
syn_6b287023da72ef6cb9c29b0f5643870d,public_02,man,31,zone_a,1,2,1,1,1 - 5 Candidates
syn_1ff70ea44da32881e17a2dfea1ff3ca3,public_02,woman,34,zone_a,3,4,1,1,1 - 5 Candidates
syn_e4db9e7aa4d9c689602083f929bd73de,public_02,non_binary,25,zone_a,0,0,0,0,0 Candidates
syn_9330dd62ae5cb5c88131d62847ed361f,public_02,man,25,zone_a,3,3,1,1,1 - 5 Candidates
syn_a5578eb95371ee2892da313015aaa205,public_02,man,24,zone_a,0,0,0,0,0 Candidates
syn_e0d820e79c94aea13f5013dc65e8af4f,public_02,man,33,zone_a,0,0,0,0,0 Candidates
syn_0ab87caa722fb2ee3902e94e4e4fc075,public_02,man,32,zone_a,0,1,0,1,0 Candidates
syn_ec903125e9aaa8d948d4e78ea201cb07,public_02,man,46,zone_a,2,2,1,1,1 - 5 Candidates
syn_bb72e1382f72d6699bea34958e30e91a,public_02,non_binary,32,zone_a,0,1,0,1,0 Candidates
syn_f7b44afc75607f2f2733766a3e903373,public_02,woman,33,zone_b,4,4,1,1,1 - 5 Candidates
syn_ca5ea29724c34d6be9814bb237c261ac,public_02,woman,22,zone_a,0,0,0,0,0 Candidates
syn_3a86f4a1b6a07735508a880e428bee60,public_02,woman,39,zone_a,3,7,1,1,1 - 5 Candidates
syn_4ab84b99191db3827b3fd0da0ddb8f98,public_02,woman,43,zone_b,0,1,0,1,0 Candidates
syn_2fbd3840e198b599e291fa285b3b7c5b,public_02,woman,44,zone_a,0,0,0,0,0 Candidates
syn_0bcecb8a00b326c370b3fd3f2d97d34b,public_02,man,41,zone_c,0,0,0,0,0 Candidates
syn_dcdc8696243aa3d1ad68138b293638f0,public_03,woman,38,zone_b,0,1,0,1,0 Candidates
syn_42aec0486cbc5204743f8dfe9f84a593,public_03,woman,46,zone_a,0,0,0,0,0 Candidates
syn_2f504bd5b588a9b0d4bff272729156fd,public_03,woman,41,zone_a,0,0,0,0,0 Candidates
syn_bb91bac36dd3672742736360616c151d,public_03,woman,36,zone_a,2,2,1,1,1 - 5 Candidates
syn_2794bcdcd701de82acd3e3ffcf71b3e8,public_03,man,34,zone_a,3,4,1,1,1 - 5 Candidates
syn_b59e0a652bffeb105fa6543df6f6c60b,public_03,man,21,zone_a,0,0,0,0,0 Candidates
syn_7b1b814754ebe2b92df68ab65d19f094,public_03,non_binary,44,zone_a,0,0,0,0,0 Candidates
syn_7c3828503e4440b24990ca50072c482d,public_03,man,27,zone_a,1,1,1,1,1 - 5 Candidates
syn_d3fa2f57e04f74262945a45190d6209a,public_03,man,30,zone_a,1,1,1,1,1 - 5 Candidates
syn_0b066be8653a596abedc454490fa4391,public_03,man,34,zone_a,0,0,0,0,0 Candidates
syn_e8b49e741ef8736578a253f88013d9b6,public_03,woman,37,zone_a,0,0,0,0,0 Candidates
syn_28b646d4755faddc39a51bd9fdcb41b5,public_03,woman,38,zone_c,1,1,1,1,1 - 5 Candidates
syn_8f39a65287b445d3ccf69246a7619568,public_03,man,38,zone_a,9,12,1,1,6 - 10 Candidates
syn_3637fbccbb14fb1f18b8b137c4ccaa9c,public_03,woman,45,zone_a,0,0,0,0,0 Candidates
syn_75706a2bf2a4542d608636f7eb020ed6,public_03,woman,41,zone_b,0,0,0,0,0 Candidates
syn_1fdce6366186c26542ecd92ebf11bbf9,public_03,woman,23,zone_a,0,0,0,0,0 Candidates
syn_a705c593e6e69e8c4a02d9d99ba7d9f7,public_03,man,30,zone_b,1,1,1,1,1 - 5 Candidates
syn_9ba2b079db67f9f147a715164d362495,public_03,woman,39,zone_d,0,0,0,0,0 Candidates
syn_067bef50ba8a903e4812182d8eea6fb6,public_03,non_binary,23,zone_a,0,0,0,0,0 Candidates
syn_0c2dd027663191e311119a2c266d1e2b,public_03,woman,30,zone_a,0,0,0,0,0 Candidates
syn_741f26efda3029eb4635b6c48a55409b,public_03,non_binary,38,zone_d,1,1,1,1,1 - 5 Candidates
syn_18dbbf0241b140c3e337ef76b4a9486d,public_03,woman,32,zone_d,0,0,0,0,0 Candidates
syn_f0ac5b307a3422f700d73938aa017c30,public_03,woman,37,zone_a,2,2,1,1,1 - 5 Candidates
syn_a721ac357309768d3e1ddd94c6c9fef2,public_03,man,26,zone_d,0,1,0,1,0 Candidates
syn_b6fbb8ff4cd880418e162d8d627e308b,public_03,man,32,zone_a,3,4,1,1,1 - 5 Candidates
syn_f9927c58b476717880a5fd53b52c37f5,public_03,woman,35,zone_a,0,0,0,0,0 Candidates
syn_3842c563781da11e6ad873a0b29d3cfa,public_03,man,40,zone_b,0,18,0,1,0 Candidates
syn_19ffe86a38a726abfc6bee1422d2f5d6,public_03,woman,26,zone_a,1,1,1,1,1 - 5 Candidates
syn_071555ccecf51780019691f655ee73b3,public_03,man,35,zone_a,0,0,0,0,0 Candidates
syn_34aa0a28e12d784b4da439122c77774b,public_03,non_binary,24,zone_b,0,0,0,0,0 Candidates
syn_dcff188e9a1c5d9e66a923c8f8214ef2,public_03,woman,31,zone_a,0,0,0,0,0 Candidates
syn_fc8360d457849bbaafe1dc47fe3cfb15,public_03,man,25,zone_c,0,0,0,0,0 Candidates
syn_026ffe3c500b39c39ec7c2eed36e36e3,public_03,man,41,zone_c,1,2,1,1,1 - 5 Candidates
syn_98c61d9099311b007ad24c187f3df689,public_03,woman,22,zone_a,1,2,1,1,1 - 5 Candidates
syn_fd6cf87ce4b851c5e41c04c149e54ed0,public_03,man,30,zone_b,1,1,1,1,1 - 5 Candidates
syn_e595e56f585f80edbe73bdf276701c2d,public_03,woman,27,zone_b,0,0,0,0,0 Candidates
syn_2b7bf2bfe86bdfff39c4e794ae6b1f7f,public_03,woman,42,zone_b,0,1,0,1,0 Candidates
syn_f0b3737a63de7597108e36583367bbb7,public_03,woman,28,zone_a,5,7,1,1,1 - 5 Candidates
syn_e595988d243a7c36fda54e814a26abd3,public_03,man,27,zone_c,0,0,0,0,0 Candidates
syn_7152ee7f2ce7db4b951d0a90817d6087,public_03,woman,44,zone_a,3,3,1,1,1 - 5 Candidates
syn_f17083b67fc574d2fdfccbf5a7eaceee,public_03,woman,41,zone_a,0,0,0,0,0 Candidates
syn_407f3f4c2592820b9dae3d1a95298f39,public_03,man,38,zone_a,3,4,1,1,1 - 5 Candidates
syn_09aef24c177ecc157fc1d4e3d3740f55,public_03,woman,24,zone_a,2,2,1,1,1 - 5 Candidates
syn_868feef4a0a64e75d024a36897f9303d,public_03,man,28,zone_b,0,0,0,0,0 Candidates
syn_1db309650b9749f47643c3688b0ee491,public_03,woman,23,zone_b,0,0,0,0,0 Candidates
syn_7544cf0fc4755e291401840e2f8816a4,public_03,woman,44,zone_c,1,1,1,1,1 - 5 Candidates
syn_190acf320563482cc763b2553f78ccfc,public_03,man,35,zone_a,0,0,0,0,0 Candidates
syn_543bac12658edc62527c06aae80e258d,public_03,man,32,zone_c,0,0,0,0,0 Candidates
syn_7b785ad8eb8c6e85f30cfd47cd6adaf1,public_03,woman,25,zone_a,3,3,1,1,1 - 5 Candidates
syn_a08822f8af42edfa13e3ba73ddbb4cd9,public_03,woman,21,zone_a,0,0,0,0,0 Candidates
syn_d45edacf50bd83d5bf9f1158ff54ce63,public_03,man,45,zone_b,0,0,0,0,0 Candidates
syn_54744f4781c79d938b0825778b397430,public_03,woman,42,zone_a,0,0,0,0,0 Candidates
syn_b7f3ce4fbc9704d8bcfee59cfe0b92c8,public_03,non_binary,46,zone_a,4,4,1,1,1 - 5 Candidates
syn_3fd966eba61dc3463d3f6fcab27f1842,public_03,non_binary,31,zone_a,3,3,1,1,1 - 5 Candidates
syn_d992be4222223c643cd9cf524443aedd,public_03,man,44,zone_a,0,0,0,0,0 Candidates
syn_641fbdf690932b67defc5969fe333989,public_03,woman,30,zone_d,0,0,0,0,0 Candidates
syn_d681733bf5cfdf734ee5ecd7c44b2349,public_03,non_binary,21,zone_a,0,9,0,1,0 Candidates
syn_084f3b260a7f6f17d57c1506cc509621,public_03,woman,45,zone_a,0,1,0,1,0 Candidates
syn_e76bd7cf5e613585e449a6c13e24eb84,public_03,man,27,zone_b,2,2,1,1,1 - 5 Candidates
syn_142667e30eb084da04350e5d347e3b28,public_03,man,40,zone_a,4,5,1,1,1 - 5 Candidates
syn_e4312f7b04b966deea95a06f258b6aeb,public_03,woman,25,zone_a,0,0,0,0,0 Candidates
syn_1c5ca6fc2f86a09eb391373cbc050a8e,public_03,woman,27,zone_a,0,0,0,0,0 Candidates
syn_42b084e5fa9fc14679c0e6de303893f2,public_03,man,27,zone_a,4,5,1,1,1 - 5 Candidates
syn_90afb7ba1185c4c5be0bbba10fa3971f,public_03,man,42,zone_a,0,0,0,0,0 Candidates
syn_9aa3ac30785d97aef0bab849e217414b,public_03,woman,37,zone_a,0,1,0,1,0 Candidates
syn_2819421edf76f12780c806a1d3271aca,public_03,woman,32,zone_a,0,0,0,0,0 Candidates
syn_c2a141ee1eea481d57e90bda2a2983fe,public_03,woman,43,zone_a,0,0,0,0,0 Candidates
syn_11c873e0534caf6fbf55647e6165aada,public_03,woman,45,zone_a,0,0,0,0,0 Candidates
syn_9fd7cf1bec6c85fbde02233ab011d60c,public_03,man,45,zone_c,0,0,0,0,0 Candidates
syn_3e392ec534630970566f1e7456eb4a99,public_03,woman,34,zone_a,0,0,0,0,0 Candidates
syn_8fe59a27babfdbe2b2fe962dd3876742,public_03,woman,31,zone_b,0,0,0,0,0 Candidates
syn_8526827c89023aa4c67fe1f66d1d5b48,public_03,non_binary,30,zone_a,0,0,0,0,0 Candidates
syn_f5b6b86443fb5d40247f340e60afbac3,public_03,woman,40,zone_d,2,3,1,1,1 - 5 Candidates
syn_5d0c4146a08789411dfaf783755d1048,public_03,non_binary,34,zone_b,0,0,0,0,0 Candidates
syn_9edf2633914c2ab2c8d4fc20ae623425,public_03,woman,23,zone_b,0,0,0,0,0 Candidates
syn_45d0f41578db1b10bc64f2893d5f5dd0,public_03,man,38,zone_c,0,0,0,0,0 Candidates
syn_e267c7f1acdd0fa958490b664e58a42b,public_03,man,45,zone_c,0,0,0,0,0 Candidates
syn_31667db2fdb3a644ceaa3debec01d16a,public_03,man,42,zone_a,1,1,1,1,1 - 5 Candidates
syn_7e4be5c90b401d51c4c7b98beb80d4b7,public_03,woman,23,zone_b,0,0,0,0,0 Candidates
syn_72e1b979e4b2781f8bf61d122cbf6bca,public_03,man,43,zone_a,0,0,0,0,0 Candidates
syn_e88e595ca7d3d829c88b8dfd1f418740,public_03,woman,42,zone_a,2,2,1,1,1 - 5 Candidates
syn_bdbe75f3389eeea2facac1daf3b8f54f,public_03,man,37,zone_a,1,2,1,1,1 - 5 Candidates
syn_d1e9ca7f6e5beff1f3d5148215458a96,public_03,non_binary,40,zone_a,1,1,1,1,1 - 5 Candidates
syn_ffd88a2c44f6d509dbc0203721eab679,public_03,man,27,zone_c,0,0,0,0,0 Candidates
syn_99e8989458acdcc36e405dc78a4f83d9,public_03,woman,46,zone_a,6,6,1,1,6 - 10 Candidates
syn_f8f2a559252b3698a0edb501cd7ae110,public_03,man,39,zone_a,5,6,1,1,1 - 5 Candidates
syn_7a0f99881475201692cd0e22f7d214e5,public_03,man,34,zone_b,0,0,0,0,0 Candidates
syn_482358cb5b5dfc5663d89dab0cf70bb5,public_03,man,26,zone_a,1,1,1,1,1 - 5 Candidates
syn_35f3e6eb1f06e869f3c0c62bf04e3e11,public_03,non_binary,42,zone_b,0,0,0,0,0 Candidates
syn_8e419ed1320baa0febc1bc81b844a974,public_03,woman,38,zone_a,0,0,0,0,0 Candidates
syn_eded8c2e3b856be5f61d4a96e97501e6,public_03,woman,29,zone_b,2,2,1,1,1 - 5 Candidates
syn_10af82b3e69daec6b367fe710b048ff2,public_03,woman,27,zone_b,0,0,0,0,0 Candidates
syn_ab856031478d06b490854365aa25908b,public_03,man,29,zone_a,4,5,1,1,1 - 5 Candidates
syn_92fc7521c5fe4d758e464ed88c555b23,public_03,woman,34,zone_c,0,0,0,0,0 Candidates
syn_81ba72011844c80b8c7ac76579e67771,public_03,woman,32,zone_a,0,0,0,0,0 Candidates
syn_185239edefd298df77c057d55930fe3f,public_03,man,26,zone_a,3,3,1,1,1 - 5 Candidates
syn_0dcddd397cc41379aed85d08113dccc2,public_03,man,41,zone_a,1,1,1,1,1 - 5 Candidates
syn_52539d6570fb166df7570ca26f92f891,public_03,non_binary,28,zone_a,0,0,0,0,0 Candidates
syn_e2b1babad25f90bf3cb88a3812db879c,public_03,man,32,zone_a,0,0,0,0,0 Candidates
syn_20dd447958d6ee09235ad1f62052bfbd,public_03,non_binary,34,zone_d,0,0,0,0,0 Candidates
syn_a95813bf865c1a3f3b025533d8954ddc,public_03,woman,40,zone_a,1,1,1,1,1 - 5 Candidates
syn_070fde40116d6f8f8132c20dcd2a3874,public_03,man,42,zone_c,0,0,0,0,0 Candidates
syn_ce508c8cf69e43f35685c787060b3f7e,public_03,man,29,zone_a,4,4,1,1,1 - 5 Candidates
syn_df9aa000eeef2a5fc0b4c13e41149a30,public_03,man,39,zone_a,0,0,0,0,0 Candidates
syn_749c3131d8fd33f8987a26fb887b30e5,public_03,woman,31,zone_a,0,0,0,0,0 Candidates
syn_bd6e2494cd587b6587db3b6dfcca627b,public_03,man,29,zone_a,1,2,1,1,1 - 5 Candidates
syn_86283b14f5fafd238ae7d3a164ccab16,public_03,man,46,zone_a,2,2,1,1,1 - 5 Candidates
syn_96e46be2a4e4c4dbbff42e5e1db60801,public_03,man,42,zone_a,0,0,0,0,0 Candidates
syn_c660a0f85f5d3d333ed60c3392f7d636,public_03,woman,45,zone_a,1,2,1,1,1 - 5 Candidates
syn_678cab2c785721998d883e430d0e527e,public_03,woman,21,zone_c,0,0,0,0,0 Candidates
syn_03991bbe99548e8a5bda3e8f8f067c7b,public_03,man,40,zone_a,1,2,1,1,1 - 5 Candidates
syn_25a9b3b5e9217f1c41680e5ab121d0a0,public_03,non_binary,43,zone_a,0,0,0,0,0 Candidates
syn_8b2f120772e2f00c7182e027fd4ad4e2,public_03,woman,43,zone_b,0,0,0,0,0 Candidates
syn_c7d355683d393d8f61616b06fdd12d4f,public_03,non_binary,43,zone_c,0,0,0,0,0 Candidates
syn_17402fa46d21bbe18202dc8a36ec7ca7,public_03,man,30,zone_d,0,0,0,0,0 Candidates
syn_ef55858af22ace36786dcdfca862611b,public_03,man,39,zone_c,0,0,0,0,0 Candidates
syn_fc3d5f43ffc90b2579accff4348b5385,public_03,non_binary,31,zone_a,0,0,0,0,0 Candidates
syn_92d136b9e17d7a2e3537cea971e6c4f4,public_03,woman,46,zone_c,0,0,0,0,0 Candidates
syn_3e6e2c2387c6608711b41a3a8299d9d7,public_03,woman,34,zone_b,0,1,0,1,0 Candidates
syn_5f7e384bc2151fd9ed209779447b2df7,public_03,woman,28,zone_b,0,0,0,0,0 Candidates
syn_67893c68ab178bb86b95125c91dbf718,public_03,man,46,zone_a,0,0,0,0,0 Candidates
syn_55412a44789880504f25ddaf9b09ae5d,public_03,man,46,zone_a,1,1,1,1,1 - 5 Candidates
syn_a399c8d49c82da5c5a59bc06eb6854a9,public_03,woman,35,zone_a,0,0,0,0,0 Candidates
syn_5e808b316d8d05c1f7916cd1a27849ea,public_03,man,45,zone_a,1,1,1,1,1 - 5 Candidates
syn_841c46953ed722e850b07bfe47f6bf3a,public_03,man,21,zone_a,0,0,0,0,0 Candidates
syn_56c14f157d1f6d183dfe7a0ed5f62c18,public_03,man,43,zone_a,3,4,1,1,1 - 5 Candidates
syn_8987587f63c5ef80ad1f69075645f293,public_03,woman,21,zone_a,0,0,0,0,0 Candidates
syn_b13b542a2b7e986d5d2cfe1fe286ff15,public_03,woman,38,zone_a,0,13,0,1,0 Candidates
syn_aeda30eef136d5cac223d2b091fca1e8,public_03,man,46,zone_a,0,0,0,0,0 Candidates
syn_044ce2295af1f64ebd8b5afde052b0fb,public_03,woman,41,zone_a,0,0,0,0,0 Candidates
syn_3f469b782bd7f0895490b4ef79828abd,public_03,man,43,zone_a,1,2,1,1,1 - 5 Candidates
syn_be4e93f500c2f7605e79242a359b84cb,public_03,man,26,zone_a,0,0,0,0,0 Candidates
syn_50a5aff380654b298ad52aa8340b21ae,public_03,non_binary,26,zone_a,2,2,1,1,1 - 5 Candidates
syn_a986d9d11feb43c1b474883f9b15f82e,public_03,man,22,zone_b,0,0,0,0,0 Candidates
syn_ca8ec182051432927289a3155c8c0876,public_03,woman,37,zone_a,3,4,1,1,1 - 5 Candidates
syn_9afe6e0965cd0a77b94819b4ff9b6b75,public_03,woman,45,zone_a,0,0,0,0,0 Candidates
syn_4d2c9c6102a74f3c43b2cbe0e559ea8d,public_03,man,34,zone_c,0,0,0,0,0 Candidates
syn_d68edcee228d4aecd5d897c54d9ebf59,public_03,woman,34,zone_d,0,0,0,0,0 Candidates
syn_6a84e2faee7c558c89e49c2aed0ea917,public_03,man,28,zone_a,0,0,0,0,0 Candidates
syn_74c3cf4067a36e0751799c4d031b3b78,public_03,man,24,zone_b,1,1,1,1,1 - 5 Candidates
syn_63746f35c9bc69f82386769fe058f7f6,public_03,woman,29,zone_a,0,0,0,0,0 Candidates
syn_061cb42da01c1eb44e76f9073fa9a62a,public_03,woman,41,zone_c,0,0,0,0,0 Candidates
syn_daaf3d37d8981bbac7062269b5baad10,public_03,man,34,zone_a,2,3,1,1,1 - 5 Candidates
syn_13f4862e1dd2d2a3f9524d794ba3dca9,public_03,woman,44,zone_b,0,0,0,0,0 Candidates
syn_0a066ca9ca3e11b1a119931a23cb4e41,public_03,man,31,zone_a,0,0,0,0,0 Candidates
syn_ac284ac29c4b8b759dbc7700de3a5b64,public_03,man,40,zone_a,0,0,0,0,0 Candidates
syn_0d4b00d040c7f74522e03e20fdf7e95a,public_03,man,21,zone_d,0,0,0,0,0 Candidates
syn_22b9fdbfdbed4adc34812b16506273b8,public_03,man,25,zone_a,0,0,0,0,0 Candidates
syn_7890ec61d2453731c2bed8b2c3789683,public_03,non_binary,30,zone_a,1,1,1,1,1 - 5 Candidates
syn_9e8d1811f36ca13c54a2bb19577a4bda,public_03,man,46,zone_a,0,0,0,0,0 Candidates
syn_d0bf92a097ec2c0a9b0a584902555e47,public_03,man,41,zone_a,0,0,0,0,0 Candidates
syn_2ec740f0242758a0fcf5b340d5566f17,public_03,woman,34,zone_b,0,0,0,0,0 Candidates
syn_fc1a9cb60e2734c7c40f369acb67af84,public_03,woman,41,zone_b,0,1,0,1,0 Candidates
syn_18a7e01b9e23964097c13510afb4aeab,public_03,man,40,zone_a,0,0,0,0,0 Candidates
syn_35920e23c8428118ee7c8b4377328d5e,public_03,woman,34,zone_a,0,0,0,0,0 Candidates
syn_1386702035718f2adc1df53d409beb16,public_03,woman,32,zone_b,2,3,1,1,1 - 5 Candidates
syn_ff37599edbd1e12ea5c1619ac4540fef,public_03,man,38,zone_c,0,0,0,0,0 Candidates
syn_32ce258ab2ad581017c4b7420911a2ff,public_03,man,25,zone_b,0,0,0,0,0 Candidates
syn_adf5fbf2767c18dcdc3b7ce28a66e43b,public_03,woman,41,zone_b,0,0,0,0,0 Candidates
syn_bfd99733771c07a714b8a96dafb6c944,public_03,woman,39,zone_a,0,0,0,0,0 Candidates
syn_3f703bbffd1149c73c92a195b2b55489,public_03,non_binary,40,zone_a,0,0,0,0,0 Candidates
syn_9cee35cb4a989dbe9c5631220a2e710b,public_03,woman,44,zone_a,0,0,0,0,0 Candidates
syn_71795df1493d970b6f072077ea076bb9,public_03,man,27,zone_a,0,0,0,0,0 Candidates
syn_b9f8cb22fad98fd6c5bf81cc85660b83,public_03,woman,36,zone_b,0,0,0,0,0 Candidates
syn_88499320afef8881ba77896881e51bcf,public_03,man,41,zone_d,0,0,0,0,0 Candidates
syn_e5d18942277d59e159571a60417084dd,public_03,woman,37,zone_a,3,5,1,1,1 - 5 Candidates
syn_5a1afff709b07135b4b9cb50cadd9b89,public_03,woman,28,zone_b,0,0,0,0,0 Candidates
syn_3d8576cd1d963097c3fe9bc506a7f764,public_03,non_binary,25,zone_a,5,6,1,1,1 - 5 Candidates
syn_6645544d1ba78ed091382b3378041a01,public_03,woman,39,zone_b,0,1,0,1,0 Candidates
syn_6c6dd8ba55bed36a3133c316f1955dea,public_03,man,24,zone_d,1,1,1,1,1 - 5 Candidates
syn_30c9fd3c7eae4ca999d0b05c1cb50ade,public_03,woman,26,zone_c,0,0,0,0,0 Candidates
syn_b551932b98ed0e53e66abc9f076817d4,public_03,woman,41,zone_a,0,0,0,0,0 Candidates
syn_27acdff62392ec6c2f7235dc7280b1de,public_03,woman,40,zone_a,3,3,1,1,1 - 5 Candidates
syn_15094d95bee0f3794505e615ef38f757,public_03,woman,35,zone_a,4,5,1,1,1 - 5 Candidates
syn_97301bd229d9800eb8563ec33bc292c0,public_03,woman,44,zone_a,3,3,1,1,1 - 5 Candidates
syn_29a3041127648f022e187c36d716742b,public_03,man,26,zone_b,0,0,0,0,0 Candidates
syn_f8b21cec32228843d92b3bbec4059025,public_03,man,38,zone_a,0,0,0,0,0 Candidates
syn_7ae68eeadbdd9e43dc447efdc6209f5f,public_03,man,36,zone_b,0,1,0,1,0 Candidates
syn_10f821e0220f9802ab3ba7d7eb630f61,public_03,woman,23,zone_a,2,2,1,1,1 - 5 Candidates
syn_f9781fb804d42e2b33b3387f69890e3f,public_03,man,33,zone_a,0,18,0,1,0 Candidates
syn_e716080fca8c7e4108e2bfd2673c623f,public_03,man,43,zone_b,1,2,1,1,1 - 5 Candidates
syn_d2414464b2a6a05ebd2a96f0dc02327f,public_03,man,22,zone_b,0,0,0,0,0 Candidates
syn_0b6d1cdb48b3799e9a7c859b41674540,public_03,woman,30,zone_c,0,0,0,0,0 Candidates
syn_adbd1b1b208afbd2844e71c85f29655d,public_03,woman,35,zone_a,0,0,0,0,0 Candidates
syn_d5b5b1863209d6fe1b8f4295e57b1bb8,public_03,man,21,zone_a,0,1,0,1,0 Candidates
syn_5a318bd595454a283ef9eceacb077540,public_03,woman,42,zone_b,0,1,0,1,0 Candidates
syn_e4817a691db5cd5fed599dbc64460e0f,public_03,woman,42,zone_a,2,2,1,1,1 - 5 Candidates
syn_7dab1a94040b7352481016975ac24cc9,public_03,man,34,zone_b,0,1,0,1,0 Candidates
syn_e6d67192c35395af70347c1dc1630fc7,public_03,man,25,zone_b,2,2,1,1,1 - 5 Candidates
syn_ee8de0c36d0ddc450e8a3c8885888650,public_03,man,42,zone_a,0,0,0,0,0 Candidates
syn_155d3c155a237c8a1cbb8f66381a1ef5,public_03,woman,32,zone_b,0,0,0,0,0 Candidates
syn_e9151c2187b3905df9c912f16d8c0624,public_03,man,28,zone_a,8,9,1,1,6 - 10 Candidates
syn_d9988eee940ffba304f11d1053137835,public_03,woman,41,zone_a,0,0,0,0,0 Candidates
syn_7e8db0ab9c3b81d99491dd62617fabfd,public_03,man,36,zone_c,1,1,1,1,1 - 5 Candidates
syn_bdaefabf30579703a7d3c65886d48740,public_03,non_binary,38,zone_b,0,0,0,0,0 Candidates
syn_627291d2d2016660f5252586e2e4de14,public_03,woman,21,zone_a,4,5,1,1,1 - 5 Candidates
syn_27b6815a4aa3866c63e67253b8b1007c,public_03,non_binary,31,zone_a,0,0,0,0,0 Candidates
syn_2f90830eb7a40092ed773997fa2131d0,public_03,woman,38,zone_a,0,1,0,1,0 Candidates
syn_28d517408e40bd0377c2f85b509f3080,public_03,woman,25,zone_a,0,1,0,1,0 Candidates
syn_cb05894fe8461694a85bee0a8d796961,public_03,man,38,zone_b,1,2,1,1,1 - 5 Candidates
syn_01434be3ebf87ed69c1bbf9c0735c9c9,public_04,man,31,zone_c,0,0,0,0,0 Candidates
syn_efbaa82ff2646933be80b9348534c2f4,public_04,man,28,zone_a,0,0,0,0,0 Candidates
syn_e1292b6233168a52fde8c6c87dab2b5d,public_04,man,22,zone_d,0,0,0,0,0 Candidates
syn_ba938edff7b6a4e8b6cb896385139e9e,public_04,non_binary,25,zone_a,0,15,0,1,0 Candidates
syn_230679df9fa8073ee76846fb4522627b,public_04,man,25,zone_c,0,0,0,0,0 Candidates
syn_74c35467d7d42e945b810aed798b15fd,public_04,woman,44,zone_b,4,4,1,1,1 - 5 Candidates
syn_524308ae64342137a0712e7da1ca7533,public_04,man,45,zone_b,2,2,1,1,1 - 5 Candidates
syn_321a39fae8f0dba4e3edbab774b58d93,public_04,man,22,zone_a,1,1,1,1,1 - 5 Candidates
syn_72731aedbe1b7f328bc24a5e9b2b08c4,public_04,man,24,zone_a,0,0,0,0,0 Candidates
syn_ec05382d80bba6e4273caefd8c1c6f6d,public_04,man,34,zone_a,2,3,1,1,1 - 5 Candidates
syn_8ce49fbc27ff7caeaefae17abf3eae89,public_04,woman,22,zone_c,0,0,0,0,0 Candidates
syn_daa0b4e695710c22fb07cee044a6615a,public_04,man,39,zone_d,0,0,0,0,0 Candidates
syn_c1bfea703ed0c958890ef26d1162f271,public_04,woman,46,zone_b,0,0,0,0,0 Candidates
syn_13fc06c272d820a3ddd99f0df6d3d858,public_04,man,28,zone_a,0,0,0,0,0 Candidates
syn_4c4526b26bef8ac788f7aa5358f38e13,public_04,woman,32,zone_a,0,0,0,0,0 Candidates
syn_e453a9753947b8de3c0e1a316bed97e0,public_04,woman,26,zone_a,3,3,1,1,1 - 5 Candidates
syn_7d1a0a5b692c6e203d9d44d074ee1415,public_04,man,36,zone_a,3,4,1,1,1 - 5 Candidates
syn_2e0eeac210595e11d6eb2198ab0d1372,public_04,man,34,zone_c,0,0,0,0,0 Candidates
syn_0ca1e9a70279e860299aaaca3819d3d0,public_04,man,29,zone_b,0,13,0,1,0 Candidates
syn_c03868d63853ea1bff35bc0992f6de98,public_04,woman,34,zone_b,1,1,1,1,1 - 5 Candidates
syn_55077ea8f13df41e285207fc665ea6af,public_04,woman,33,zone_a,2,2,1,1,1 - 5 Candidates
syn_bb17414a53ede5a94185a83a62d11116,public_04,woman,38,zone_c,0,0,0,0,0 Candidates
syn_03eaad8b6bf2574c57e40c280d593f64,public_04,man,24,zone_a,1,1,1,1,1 - 5 Candidates
syn_e471d950c7c0691ea146b0ebba1b5d5e,public_04,woman,36,zone_a,0,0,0,0,0 Candidates
syn_2e927b0854c5050eabf2da442da91850,public_04,man,42,zone_a,0,0,0,0,0 Candidates
syn_98e378c21bb0126e8e5958ad03a62188,public_04,woman,38,zone_b,0,0,0,0,0 Candidates
syn_2ca17e374c5c610d6ebd340ad8aacd7f,public_04,non_binary,43,zone_a,4,4,1,1,1 - 5 Candidates
syn_34546ba03aba4841e943eb26ea4449c1,public_04,woman,27,zone_a,0,0,0,0,0 Candidates
syn_39a14e90ac3eb6a4d9bc6b32909b0387,public_04,non_binary,33,zone_a,0,0,0,0,0 Candidates
syn_38dbdc9717d6e36a819261a8eae3e39a,public_04,non_binary,24,zone_b,2,3,1,1,1 - 5 Candidates
syn_8ace3213e47b6fcb4f479310a246883e,public_04,man,36,zone_a,0,0,0,0,0 Candidates
syn_9072468e31c86339118b54fef372dc6e,public_04,woman,44,zone_c,0,0,0,0,0 Candidates
syn_851a777fc8f72148801a2b78f0dd441f,public_04,man,39,zone_d,0,0,0,0,0 Candidates
syn_fc4aafa8e1d8f4e7236cd571da9c7b5d,public_04,woman,41,zone_a,1,2,1,1,1 - 5 Candidates
syn_63ad3a28d9c1b1909ddaa90af696e0e9,public_04,woman,46,zone_b,0,0,0,0,0 Candidates
syn_fe54992336ae0c81303f5edb21783146,public_04,woman,43,zone_a,0,1,0,1,0 Candidates
syn_bd73b3c0ed911bba8f82e95365300148,public_04,woman,44,zone_b,3,3,1,1,1 - 5 Candidates
syn_c09e64b669b51cbfe8541ebd06bf000c,public_04,woman,41,zone_a,0,1,0,1,0 Candidates
syn_294aec320778f8a8fd927ce0a03afe33,public_04,woman,24,zone_b,0,0,0,0,0 Candidates
syn_1890fa287cb47cb3c40bfc072dea2831,public_04,woman,24,zone_a,3,3,1,1,1 - 5 Candidates
syn_13b63fd76c6d5019ea66161e55f69a9a,public_04,woman,30,zone_d,0,1,0,1,0 Candidates
syn_a46c067a6da0ef871436db1c3ef467fc,public_04,man,39,zone_c,0,0,0,0,0 Candidates
syn_4b1f58000423a7fdae6c991e2372910e,public_04,woman,40,zone_b,0,0,0,0,0 Candidates
syn_dc8b03b2c42f37986d3c4ccea15a85d8,public_04,man,36,zone_b,0,0,0,0,0 Candidates
syn_83577c49b97c67fc62385886ccbc3d84,public_04,woman,35,zone_a,1,1,1,1,1 - 5 Candidates
syn_3adb31b531a937f506fa6d09be3c5589,public_04,man,45,zone_a,0,0,0,0,0 Candidates
syn_124eb5bac27f69eb0afdf987b3fc69bc,public_04,woman,24,zone_b,0,1,0,1,0 Candidates
syn_a4279277750c71af05633514f4cfd51b,public_04,man,38,zone_a,12,13,1,1,11 - 20 Candidates
syn_9fa059cb5e8a6e1ef14992cca7932e8d,public_04,man,46,zone_b,2,2,1,1,1 - 5 Candidates
syn_64f9e1329c4d5cceeb727a5c098868eb,public_04,woman,41,zone_a,0,0,0,0,0 Candidates
syn_80151354a5df22cbc5cab34bbc0690b0,public_04,woman,45,zone_a,0,0,0,0,0 Candidates
syn_638e3707b3fd032bbac98862c7b487d7,public_04,woman,28,zone_b,1,1,1,1,1 - 5 Candidates
syn_6f03f202213269a638663e4a32502567,public_04,woman,22,zone_b,0,2,0,1,0 Candidates
syn_acb3ddf2eb274ec55714f8d4c117fd21,public_04,man,45,zone_d,0,0,0,0,0 Candidates
syn_bea8fe342fe4b08bce87670b65df05e3,public_04,man,44,zone_a,0,0,0,0,0 Candidates
syn_7b791a5586e8ad1114f50f8b54dbf5f6,public_04,man,36,zone_a,0,0,0,0,0 Candidates
syn_1f125e068adfe453e6d646b417a74160,public_04,man,34,zone_a,4,5,1,1,1 - 5 Candidates
syn_730febe55e4f2d8c3c2e7d2eb7f1c334,public_04,woman,27,zone_a,1,1,1,1,1 - 5 Candidates
syn_18e71c29fea4faa2e9521f85243b9f95,public_04,woman,41,zone_b,7,7,1,1,6 - 10 Candidates
syn_436bddec47a45b3f07dd2594ea65882d,public_04,man,42,zone_a,0,0,0,0,0 Candidates
syn_1c19a47bfcf4a79b524673d143821523,public_04,woman,27,zone_c,0,0,0,0,0 Candidates
syn_0dc5dc35d7c5fc44323247c661b1a840,public_04,man,34,zone_a,0,0,0,0,0 Candidates
syn_2c9bc92b3661a67a689cdd9292b72dd8,public_04,woman,30,zone_b,1,1,1,1,1 - 5 Candidates
syn_d744f1c529f904c1246ab63e0e41b857,public_04,man,24,zone_a,1,2,1,1,1 - 5 Candidates
syn_f50aeebb2b4427341d3e6e4d9dc5570c,public_04,man,32,zone_c,0,0,0,0,0 Candidates
syn_68c943425ede40b090fe75ef02fd129e,public_04,man,44,zone_b,0,0,0,0,0 Candidates
syn_7675672e0236122f7d49619540890cb6,public_04,woman,28,zone_a,0,0,0,0,0 Candidates
syn_ccbd9ccb932e09e844f275a14d5f3b61,public_04,man,46,zone_a,0,0,0,0,0 Candidates
syn_43f8b657ddc46b6c17ac0ddbb388d34e,public_04,woman,41,zone_a,0,0,0,0,0 Candidates
syn_04ea825fe0fc546d92d6a3520fb7c469,public_04,woman,39,zone_a,0,0,0,0,0 Candidates
syn_7294960f741f6af10b968b7449deb0cd,public_04,woman,42,zone_a,0,0,0,0,0 Candidates
syn_731849480b4c01c377ca6e6902519aba,public_04,woman,35,zone_a,2,2,1,1,1 - 5 Candidates
syn_8e0ecdb78d2230ab312b6770bf3cca54,public_04,woman,30,zone_a,0,1,0,1,0 Candidates
syn_e7a68b664447aa1b9a47d321c285d374,public_04,man,29,zone_b,3,4,1,1,1 - 5 Candidates
syn_7f89b5b821b4f241a9863e858b87982d,public_04,man,35,zone_a,2,2,1,1,1 - 5 Candidates
syn_d55e7be8bc8def7a7ba01987a41edd23,public_04,man,23,zone_a,1,2,1,1,1 - 5 Candidates
syn_5b203322ab8c35fe26b495b63cd7ff2b,public_04,woman,34,zone_a,0,0,0,0,0 Candidates
syn_114cfdbc3bf09d6b2f5a94c7afec0e45,public_04,man,32,zone_a,1,1,1,1,1 - 5 Candidates
syn_592927ca11c4cd5a2d11547f1b7759fe,public_04,woman,26,zone_a,0,0,0,0,0 Candidates
syn_bff6e65ce330f895a52d97b4e1ce0127,public_04,man,22,zone_b,1,1,1,1,1 - 5 Candidates
syn_93ef35bd033e0f6f8d9a1712f26b9d09,public_04,woman,44,zone_a,2,3,1,1,1 - 5 Candidates
syn_26e7743051a10c35ca448232f7764c4a,public_04,woman,45,zone_a,3,4,1,1,1 - 5 Candidates
syn_36405d05d5d80f38e56f61ed1af023d3,public_04,man,27,zone_a,0,0,0,0,0 Candidates
syn_49987e3d18f793e9feda03f6e6683233,public_04,man,22,zone_c,0,0,0,0,0 Candidates
syn_05a363b2d99613029b3565e350f55c58,public_04,woman,35,zone_a,0,0,0,0,0 Candidates
syn_025f1be416be0e0628c93ba5f6d0a487,public_04,woman,35,zone_a,0,0,0,0,0 Candidates
syn_397e6f808de609ed6233f67bfbbf5073,public_04,woman,35,zone_a,3,3,1,1,1 - 5 Candidates
syn_2e7d2bb8ee0ea3fc44d2ce136b49bbcd,public_04,man,41,zone_a,0,0,0,0,0 Candidates
syn_85956e1e0a21a49bf201f272811a4744,public_04,man,27,zone_a,0,0,0,0,0 Candidates
syn_fbe1b83833b2641f4b119c9986cd4b5b,public_04,man,22,zone_a,4,5,1,1,1 - 5 Candidates
syn_9c7c1d53868d265c22cae8c8450bb835,public_04,woman,37,zone_c,0,0,0,0,0 Candidates
syn_bb1b8ff042e188373e72d8ebe921af5c,public_04,woman,39,zone_a,1,1,1,1,1 - 5 Candidates
syn_1b4dbb033327c77e214d7b41f6c6c3da,public_04,woman,40,zone_c,0,0,0,0,0 Candidates
syn_927238d72ecd0f58a214a583aad88a82,public_04,woman,44,zone_a,0,0,0,0,0 Candidates
syn_bac979f006e5cba367a2a166b3ff369f,public_04,woman,32,zone_a,0,0,0,0,0 Candidates
syn_0be8ef6f2328251c1d6529a416de12aa,public_04,woman,24,zone_b,0,0,0,0,0 Candidates
syn_5525ef1c88f2c7ccabb79c35e3f807fd,public_04,woman,46,zone_a,0,1,0,1,0 Candidates
syn_7925568c93bb15c5b3776cb8119e9b8c,public_04,man,33,zone_b,0,0,0,0,0 Candidates
syn_cccef42c0afbf05d25c95dd4898259a9,public_04,man,34,zone_d,0,0,0,0,0 Candidates
syn_c142068c081f55743f923372bdc45984,public_04,woman,43,zone_a,0,0,0,0,0 Candidates
syn_376b3f7b7f003e85664e80f72ddff8b5,public_04,woman,32,zone_b,0,0,0,0,0 Candidates
syn_7ba96d0f0cba9592b4b83299379b202c,public_04,man,21,zone_a,2,2,1,1,1 - 5 Candidates
syn_3d9c8af991bc51ab54c7c0880f2bec7d,public_04,woman,35,zone_a,3,3,1,1,1 - 5 Candidates
syn_507d19d91c5d6c09cdd0d1fef4b95f62,public_04,man,36,zone_b,1,1,1,1,1 - 5 Candidates
syn_fc5ac0142c9d3d0ee6ec9e0c8dcfa904,public_04,man,39,zone_b,2,2,1,1,1 - 5 Candidates
syn_fb8ad257c99641f70e49d416a8dd1328,public_04,man,24,zone_a,1,2,1,1,1 - 5 Candidates
syn_0de2036f2832ef6e77c6772ec1537bb9,public_04,woman,41,zone_a,1,2,1,1,1 - 5 Candidates
syn_85d7bc87301e8768b3d178dd45bacbbd,public_04,man,38,zone_c,0,0,0,0,0 Candidates
syn_7d448552e3c6ed9ebe17c4fdc0aeb319,public_04,woman,43,zone_a,5,5,1,1,1 - 5 Candidates
syn_c14664bcb26d52c3934583a86ff3f77c,public_04,woman,35,zone_b,0,0,0,0,0 Candidates
syn_31a85fbfcb3154f0b3682ea94fb1e96f,public_04,woman,26,zone_d,0,0,0,0,0 Candidates
syn_870f5fc67477601e0370b1e3daa2397e,public_04,woman,38,zone_b,0,0,0,0,0 Candidates
syn_77c9871223b03e58a5d9304f09da6870,public_04,man,42,zone_a,0,1,0,1,0 Candidates
syn_849e022f628b4bab94ec91859a2eb260,public_04,man,32,zone_c,2,2,1,1,1 - 5 Candidates
syn_1ee962e1422da714b998474567be03d3,public_04,man,30,zone_c,0,0,0,0,0 Candidates
syn_b72bed3a1917283c235f25d632fec8be,public_04,man,37,zone_a,0,0,0,0,0 Candidates
syn_215e3b0145dd93a06ffef8ea4c228704,public_04,man,28,zone_b,1,2,1,1,1 - 5 Candidates
syn_97adec53704abbc3bee9fccf44bb066a,public_04,man,44,zone_a,0,0,0,0,0 Candidates
syn_83c24aa3be88f8d315f33cccc9e9c2be,public_04,man,31,zone_b,0,1,0,1,0 Candidates
syn_a3c439ac1b7fa162936aba04989c8567,public_04,non_binary,23,zone_a,1,1,1,1,1 - 5 Candidates
syn_cbfb9a7fbba191381d66bbaf53c3058e,public_04,woman,32,zone_c,0,0,0,0,0 Candidates
syn_d1b5f8ee73715bd439ffdd81ad2039c1,public_04,man,36,zone_a,4,4,1,1,1 - 5 Candidates
syn_e103d8b9ee7f2d8d01e8fce99f84d092,public_04,man,22,zone_a,0,0,0,0,0 Candidates
syn_c83ea6d69287771a7423f5440eb8cb8c,public_04,non_binary,32,zone_a,1,1,1,1,1 - 5 Candidates
syn_2cc1b7faf23b94d37ea32fc268130f4d,public_04,woman,45,zone_a,1,2,1,1,1 - 5 Candidates
syn_b2913c64ef5e6f9c612eb0ecfe413472,public_04,woman,26,zone_a,0,0,0,0,0 Candidates
syn_0d7df4f4bfbfc139b102f0fa6c28d929,public_04,woman,21,zone_a,1,1,1,1,1 - 5 Candidates
syn_5337b4be37d87f6b90a095be0767c9b1,public_04,woman,33,zone_a,0,0,0,0,0 Candidates
syn_c054076fd0e642a79e5636ea48064a28,public_04,woman,36,zone_b,0,0,0,0,0 Candidates
syn_685afb58756b09bce56c0f7d31be8487,public_04,man,30,zone_c,1,1,1,1,1 - 5 Candidates
syn_bb61c323976a280aaba80f4eaf891669,public_04,man,28,zone_a,0,0,0,0,0 Candidates
syn_89ffea423f1a280a457958942f6b8ab8,public_04,woman,43,zone_a,1,1,1,1,1 - 5 Candidates
syn_0d4aeb780385fa80ff0427c0fdd07221,public_04,woman,27,zone_a,3,3,1,1,1 - 5 Candidates
syn_93ebc6a3ce39841928fd95d495c97af1,public_04,man,46,zone_b,0,0,0,0,0 Candidates
syn_616e50469eede5ea1cc678d6bdf65c7b,public_04,man,28,zone_b,0,0,0,0,0 Candidates
syn_44153594c3e5edaae3ee82aba91ec415,public_04,man,24,zone_d,0,0,0,0,0 Candidates
syn_fab5110f258678e07797683dfcc312e4,public_04,man,23,zone_a,0,0,0,0,0 Candidates
syn_b1901fd7aed6f46dc3204992d04dffec,public_04,woman,27,zone_c,0,0,0,0,0 Candidates
syn_1637c6cfebb154bec0e6727b05d82336,public_04,non_binary,34,zone_c,0,0,0,0,0 Candidates
syn_79cb97c49c874e7731827a071b52c213,public_04,man,42,zone_b,0,0,0,0,0 Candidates
syn_42c940a0e5af7e8361619515ace91984,public_04,man,38,zone_b,0,0,0,0,0 Candidates
syn_4f14c897aa979fb06e0af2950b90a9ac,public_04,man,35,zone_a,4,5,1,1,1 - 5 Candidates
syn_06c9253191558a16df1cb52e69b5b45b,public_04,man,37,zone_a,0,0,0,0,0 Candidates
syn_24e084798f238a279f16794b68afbddf,public_04,woman,39,zone_a,4,4,1,1,1 - 5 Candidates
syn_18a824bab236e9ea5b75dc6bc09061c3,public_04,man,40,zone_b,0,0,0,0,0 Candidates
syn_97451abfdecc902a5de05bc02876603f,public_04,woman,39,zone_a,1,2,1,1,1 - 5 Candidates
syn_9aaf83b5792dd314c37fee524661907d,public_04,man,46,zone_a,0,0,0,0,0 Candidates
syn_6a4ff0756c596d06fde49ec61dabf80f,public_04,woman,25,zone_a,0,0,0,0,0 Candidates
syn_c71ff2cf1ece2905eceb39509f38a8f8,public_04,man,44,zone_a,0,0,0,0,0 Candidates
syn_6c213fc24a6197f288499b5245666c3a,public_04,woman,33,zone_a,3,3,1,1,1 - 5 Candidates
syn_3cd316f7d7f430218c43e59c953a780c,public_04,man,31,zone_d,0,0,0,0,0 Candidates
syn_9f233e37f546f694d6c7a321e3cd3582,public_04,non_binary,39,zone_a,0,0,0,0,0 Candidates
syn_b7e8304a5ec73d58a2bceee63ad36fa9,public_04,woman,26,zone_a,5,6,1,1,1 - 5 Candidates
syn_1452bfc54a526a13bfbb1f53ee2c97e7,public_04,man,23,zone_a,0,0,0,0,0 Candidates
syn_7bb4069edd4b8fc582018b6693b1731a,public_04,man,30,zone_a,0,0,0,0,0 Candidates
syn_63da933ca0f7447c37b0d40f99c4c827,public_04,man,22,zone_a,0,0,0,0,0 Candidates
syn_e0a66eaf9508ae6c9617c5a53822bd0e,public_04,woman,46,zone_c,0,0,0,0,0 Candidates
syn_8e775b78f392e0dd2b977c464d293069,public_04,man,26,zone_a,1,2,1,1,1 - 5 Candidates
syn_c86f5213c2c9b4417f1c0c68a17cca8f,public_04,non_binary,46,zone_a,0,0,0,0,0 Candidates
syn_a7fc11fd0ef3e4f98b7abe8f05ba6707,public_04,non_binary,29,zone_a,3,4,1,1,1 - 5 Candidates
syn_a6353a13cd6282ac6a4b3aef2edfc713,public_04,man,44,zone_a,0,0,0,0,0 Candidates
syn_073555cc4699627ce699abc314b5b131,public_04,man,37,zone_b,1,1,1,1,1 - 5 Candidates
syn_c5eaf70283619d3e612460ed0559915a,public_04,woman,30,zone_c,1,2,1,1,1 - 5 Candidates
syn_c491e1dc83e4e514819b8acaf20ddbe6,public_04,man,28,zone_b,0,1,0,1,0 Candidates
syn_fcd1025703010e976032a3fb822a29c8,public_04,man,37,zone_a,0,0,0,0,0 Candidates
syn_b6ccbfc677b089b19eae1e15f731705e,public_04,woman,41,zone_c,0,0,0,0,0 Candidates
syn_9cc7f75fc94e69a63816c0161fc1afb7,public_04,man,40,zone_a,0,0,0,0,0 Candidates
syn_7e4f6a7dee069443b0e31966297f9ca4,public_04,woman,42,zone_a,0,0,0,0,0 Candidates
syn_50c445ec2c74d753c894c052671a3819,public_04,man,39,zone_c,0,0,0,0,0 Candidates
syn_36db1f5d2e83246f218ddc986f80693c,public_04,man,36,zone_a,1,1,1,1,1 - 5 Candidates
syn_6bca834307add6366756bf704c45a33e,public_04,man,32,zone_d,0,0,0,0,0 Candidates
syn_3e326a6844f3af489e20bb3b65ab26a8,public_04,man,44,zone_a,0,17,0,1,0 Candidates
syn_8934e986f20fa72046c53b387930debc,public_04,man,28,zone_a,3,3,1,1,1 - 5 Candidates
syn_5d6a7b2014dc337c44a13f5425d4e805,public_04,man,41,zone_a,0,0,0,0,0 Candidates
syn_60709e4a9b849a4ed8968f377b9c9451,public_04,man,30,zone_b,0,1,0,1,0 Candidates
syn_1a33748b8d8c9cc4de84b152b019cf40,public_04,man,32,zone_a,0,0,0,0,0 Candidates
syn_85b0ae882f291236f844d7899f66a6b4,public_04,man,25,zone_a,0,0,0,0,0 Candidates
syn_28559b2a38071b7b85d23c8f164497a0,public_04,man,25,zone_a,0,0,0,0,0 Candidates
syn_a36e85bc3ba96be0c2b160b2a74458a2,public_04,man,34,zone_a,0,0,0,0,0 Candidates
syn_6c47a8408731747e16ef1ca0b43544d4,public_04,woman,36,zone_a,0,0,0,0,0 Candidates
syn_9ed0763ad086a0bd35716d3bf3896584,public_04,woman,46,zone_a,2,2,1,1,1 - 5 Candidates
syn_cdb5164e90387ebfe9a348c5ffa454ca,public_04,man,41,zone_a,0,0,0,0,0 Candidates
syn_0618284f7df9439460008c78a5cb199c,public_04,woman,33,zone_a,0,0,0,0,0 Candidates
syn_1b6880c76aa4fac265ac5fd1a789e195,public_04,man,33,zone_a,5,6,1,1,1 - 5 Candidates
syn_b49c4d80007ff81c1cbb9e2e1dc82bf9,public_04,woman,38,zone_a,3,3,1,1,1 - 5 Candidates
syn_938b2288b51fb2c969f0471cd76902b4,public_04,man,23,zone_a,2,2,1,1,1 - 5 Candidates
syn_eb8696fb693b13718b8d552d3dee6513,public_04,woman,34,zone_a,3,3,1,1,1 - 5 Candidates
syn_2c786cd597c145ad2bca8f9f65c7ead1,public_04,man,45,zone_c,0,0,0,0,0 Candidates
syn_5fde49d24837cd3528d28b491b0dfee0,public_04,woman,41,zone_b,3,3,1,1,1 - 5 Candidates
syn_1bcfca3217b37178274c5f4eb4a84d0c,public_04,woman,34,zone_a,2,3,1,1,1 - 5 Candidates
syn_aa29a72fd66bee975c197056e427fb12,public_04,man,35,zone_c,0,0,0,0,0 Candidates
syn_1bde62fa8364d560d99f9a4c17ce075c,public_04,man,43,zone_d,0,0,0,0,0 Candidates
syn_46b5473d297388c6cbe15ef9b573d95d,public_04,non_binary,33,zone_a,0,0,0,0,0 Candidates
syn_e9b70bf85fddee187905e5c1ba25fc52,public_04,non_binary,27,zone_a,0,1,0,1,0 Candidates
syn_1adcbb975557fc57fffb9471a6ee47b1,public_04,woman,42,zone_b,1,1,1,1,1 - 5 Candidates
syn_10d7008e077ff1a1dcb0109f8e94820d,public_04,man,33,zone_b,1,2,1,1,1 - 5 Candidates
syn_4596ec0d6abed93dc1418234c5791984,public_04,woman,40,zone_a,2,3,1,1,1 - 5 Candidates
syn_9bee23137c5214fd841cd4099d824473,public_04,woman,46,zone_c,0,0,0,0,0 Candidates
syn_6ece6990d6dc3284551a3c815b7b790c,public_04,woman,43,zone_b,3,3,1,1,1 - 5 Candidates
syn_a6c23e54760d67aa2378ebbe60449e3c,public_04,woman,24,zone_c,0,0,0,0,0 Candidates
syn_4d82c616c12ba2e70ddce92c2cb31a1d,public_05,woman,33,zone_a,0,0,0,0,0 Candidates
syn_e4fef32cad521b8353e4ea2998891934,public_05,man,21,zone_b,1,1,1,1,1 - 5 Candidates
syn_0cf9e38720b54f715da4f4930ee5b602,public_05,non_binary,29,zone_a,3,4,1,1,1 - 5 Candidates
syn_d972a517765f7d71a85724b9e4c75331,public_05,non_binary,33,zone_a,4,4,1,1,1 - 5 Candidates
syn_b9dbac8a24901a6bdaf8cc2a7b6a2f20,public_05,man,25,zone_c,0,0,0,0,0 Candidates
syn_b6369e410635234f5beb89e67f56ad47,public_05,woman,23,zone_a,4,4,1,1,1 - 5 Candidates
syn_2f057a3c05913d701d608a8b13727219,public_05,man,31,zone_a,3,3,1,1,1 - 5 Candidates
syn_978d84b73395722ff8cbcc276f0c8b33,public_05,non_binary,42,zone_a,0,0,0,0,0 Candidates
syn_9b67b3d6b3dda13686dfab9594a9106a,public_05,woman,21,zone_a,5,5,1,1,1 - 5 Candidates
syn_763cc0d6b5feee5882701909f33a0777,public_05,man,33,zone_b,0,0,0,0,0 Candidates
syn_c30e399527bda9686461c7308d279fc8,public_05,man,30,zone_a,0,0,0,0,0 Candidates
syn_ed73a5ffcde32d3d29c33a9428f04344,public_05,man,40,zone_a,3,3,1,1,1 - 5 Candidates
syn_75273d30606bde7fe1c8835426415983,public_05,non_binary,43,zone_a,1,1,1,1,1 - 5 Candidates
syn_4f070b9e8e1937e0c4f475679f709212,public_05,woman,26,zone_b,2,3,1,1,1 - 5 Candidates
syn_9d4b22a3509e9628bf2eb72642ff8fca,public_05,woman,35,zone_a,0,0,0,0,0 Candidates
syn_ccf2ffc5c3c46880ac055917f6db70d1,public_05,man,25,zone_a,2,2,1,1,1 - 5 Candidates
syn_2455179885e7a5cdd0d701736adad366,public_05,man,23,zone_c,2,2,1,1,1 - 5 Candidates
syn_82fa9ce95c07be36c2ebb50140ceec2c,public_05,woman,27,zone_d,0,0,0,0,0 Candidates
syn_7e7c08f5de524098ea26553b935aa9fd,public_05,man,35,zone_a,0,0,0,0,0 Candidates
syn_32431bcfe5fcb7cce07e8b444d497c9c,public_05,man,23,zone_a,1,1,1,1,1 - 5 Candidates
syn_d737c28d6653eeba0c3592b0f7d771b6,public_05,non_binary,40,zone_a,4,4,1,1,1 - 5 Candidates
syn_955a8bdca2d80121eeda9df1c5b47f0d,public_05,non_binary,25,zone_a,3,4,1,1,1 - 5 Candidates
syn_02cf44216af1e2c79c5a3a73414a9a37,public_05,woman,23,zone_c,0,0,0,0,0 Candidates
syn_dc0858337c792155030cc8fbec54eec3,public_05,man,32,zone_b,1,1,1,1,1 - 5 Candidates
syn_b093803435347802d9c3175e27e2866e,public_05,woman,27,zone_b,0,0,0,0,0 Candidates
syn_4264d383fb0631d5cff145422fa69c80,public_05,non_binary,45,zone_b,0,0,0,0,0 Candidates
syn_4a7b247271af5287477fd12588891a87,public_05,man,31,zone_a,4,4,1,1,1 - 5 Candidates
syn_6c15a3ffcb3a9343f7707b57424043c8,public_05,woman,25,zone_a,0,0,0,0,0 Candidates
syn_cc7c67b7f4a721e77c698b07c7d1c118,public_05,man,42,zone_c,0,0,0,0,0 Candidates
syn_afdaa75baf08ca510d1c9d73a1ee0983,public_05,man,30,zone_b,1,1,1,1,1 - 5 Candidates
syn_3629e30d62cfc4882e782ef72b076973,public_05,woman,39,zone_a,2,2,1,1,1 - 5 Candidates
syn_c6bb9b0b7fc676c3f6005dcf8489ce2f,public_05,woman,21,zone_a,2,2,1,1,1 - 5 Candidates
syn_6b7eb0df5039395a52a881574eeade11,public_05,woman,40,zone_a,2,2,1,1,1 - 5 Candidates
syn_daae70040111edbb049035d2a01a3d36,public_05,woman,32,zone_a,3,3,1,1,1 - 5 Candidates
syn_3788539c7c8062cd932e2b427024d8ea,public_05,non_binary,21,zone_a,2,2,1,1,1 - 5 Candidates
syn_3dffb55ed3520520027fdc4a915ed11f,public_05,woman,28,zone_a,7,8,1,1,6 - 10 Candidates
syn_ddffc7d6a417e25916ed2eab0982b3c8,public_05,man,36,zone_c,1,1,1,1,1 - 5 Candidates
syn_3c2d2201a371a0b9864283944d5cd36f,public_05,woman,43,zone_b,0,0,0,0,0 Candidates
syn_0766aba8ddd61a47df3dbb63375de874,public_05,man,43,zone_a,1,1,1,1,1 - 5 Candidates
syn_054fd48deb87612dd7394511d3ca0e4c,public_05,woman,27,zone_a,0,22,0,1,0 Candidates
syn_ac039c8f01ab45ccabebd9c693b3f163,public_05,woman,21,zone_c,3,4,1,1,1 - 5 Candidates
syn_67b0f6eb14762eb08d8efed7fa00de7a,public_05,woman,37,zone_a,4,4,1,1,1 - 5 Candidates
syn_07083c28679f7103d6264390028364a4,public_05,man,40,zone_a,0,0,0,0,0 Candidates
syn_e00e10705d734ac68710874d558dc113,public_05,man,36,zone_a,4,5,1,1,1 - 5 Candidates
syn_7eee6a7a0275f890ef8c6385bb0ca86e,public_05,man,28,zone_a,14,15,1,1,11 - 20 Candidates
syn_f52d998f7b3adeed3355e5e1ddd5221d,public_05,woman,32,zone_a,17,18,1,1,11 - 20 Candidates
syn_23170a23564440a1d4402bade96fbeaa,public_05,woman,39,zone_c,1,1,1,1,1 - 5 Candidates
syn_1a481969a88df7b56a6cace6a02f1ba8,public_05,woman,24,zone_b,0,0,0,0,0 Candidates
syn_802a9661e4dec844ab469c5ddf306a3b,public_05,man,41,zone_c,0,0,0,0,0 Candidates
syn_59ff3e1be8b80799f03c9a0adcc9a8f7,public_05,woman,32,zone_a,4,5,1,1,1 - 5 Candidates
syn_7573951c8db89de2ea2181a4bc076eac,public_05,woman,30,zone_a,0,0,0,0,0 Candidates
syn_67f1cd2c6b5d5649500a58a76921d072,public_05,woman,32,zone_a,0,0,0,0,0 Candidates
syn_cdc819332566fb20af1b8c0ad44e902d,public_05,man,21,zone_b,0,0,0,0,0 Candidates
syn_4da096510159e7ed67bcea8df1fd9276,public_05,man,37,zone_a,3,3,1,1,1 - 5 Candidates
syn_36b3b69ccaea82d40d69f92264d42798,public_05,woman,44,zone_b,1,1,1,1,1 - 5 Candidates
syn_5863c08fc3f248b07a841a4d6511e6fc,public_05,man,40,zone_a,1,1,1,1,1 - 5 Candidates
syn_3ff803cc4309f41eb7e9181d17112507,public_05,man,25,zone_a,2,3,1,1,1 - 5 Candidates
syn_84327dacf63af38987f23e5366b67a39,public_05,woman,39,zone_a,0,0,0,0,0 Candidates
syn_6c730c5a5781af7f9e2b80ea146f1771,public_05,man,21,zone_a,1,1,1,1,1 - 5 Candidates
syn_04e14bb2ba3ef2f338b787a065feb029,public_05,woman,26,zone_a,8,9,1,1,6 - 10 Candidates
syn_ae494b453b2b66f7bbd82e220000b1f3,public_05,non_binary,43,zone_a,2,2,1,1,1 - 5 Candidates
syn_ddaffd2702a325c0558038db0f273c41,public_05,man,27,zone_b,0,0,0,0,0 Candidates
syn_590a56783612729510c25839298559af,public_05,man,27,zone_b,2,2,1,1,1 - 5 Candidates
syn_5c803391b28b1117467777a0829a576d,public_05,man,25,zone_a,4,4,1,1,1 - 5 Candidates
syn_f240b85afa436bd03fb4de411591df18,public_05,man,21,zone_d,0,0,0,0,0 Candidates
syn_e29b5b1f70a68f0adc7b0335b4933968,public_05,woman,35,zone_c,0,0,0,0,0 Candidates
syn_f8eb160de9f82987145dcf9bd6c14111,public_05,woman,30,zone_a,2,3,1,1,1 - 5 Candidates
syn_2a8e12106c6bfd16aa7d0d3c6da4368c,public_05,non_binary,34,zone_a,0,0,0,0,0 Candidates
syn_6cb3a1a2d28cb724e85391c8b33a2474,public_05,woman,37,zone_c,0,0,0,0,0 Candidates
syn_c9b1dedf88c66fe6a90185cc088852a1,public_05,non_binary,44,zone_b,0,0,0,0,0 Candidates
syn_6efe7a1f547d3314395b95ea2c5640e8,public_05,man,21,zone_a,6,8,1,1,6 - 10 Candidates
syn_06a496ac28346f4f90dc9e0c23ba0496,public_05,woman,27,zone_c,0,0,0,0,0 Candidates
syn_af5cc9d6c3bfbccd83cca5cdea67ce0e,public_05,man,36,zone_b,0,0,0,0,0 Candidates
syn_ab49c05b1330134e564b57c260479f91,public_05,woman,34,zone_a,0,0,0,0,0 Candidates
syn_6dfa6319d5843197875fd20f90b4f507,public_05,man,41,zone_a,4,4,1,1,1 - 5 Candidates
syn_7a82ffc35c0432bd4e3f7f4241e03acd,public_05,man,31,zone_a,0,0,0,0,0 Candidates
syn_157edf54df236ac31689f77dc50f5ff1,public_05,man,26,zone_a,4,4,1,1,1 - 5 Candidates
syn_841449c5ffad42316e8555e53d6ee113,public_05,woman,22,zone_a,1,2,1,1,1 - 5 Candidates
syn_190795bfee98a70d200c23dfda99612e,public_05,woman,44,zone_b,0,0,0,0,0 Candidates
syn_d79de6042e70b95fe2e49ff4a3c97750,public_05,woman,44,zone_a,0,0,0,0,0 Candidates
syn_d28061e75589e2ff0d7526ffe3542260,public_05,woman,24,zone_c,1,2,1,1,1 - 5 Candidates
syn_7744f96c17d970a135531692e7b1a8ce,public_05,man,21,zone_a,1,2,1,1,1 - 5 Candidates
syn_bb7b6073c8216ea13025eadbfeb27f2c,public_05,man,42,zone_b,2,2,1,1,1 - 5 Candidates
syn_a1d95c878877dda46e39bdf3bb99e9de,public_05,woman,43,zone_a,1,1,1,1,1 - 5 Candidates
syn_d1ce45f75d93596c81ae980e72fec48f,public_05,woman,35,zone_a,8,9,1,1,6 - 10 Candidates
syn_ba5a6e52064350f93fdc195ad7412c31,public_05,non_binary,32,zone_a,0,0,0,0,0 Candidates
syn_4a30986e184de09da4d488e6dc42ec50,public_05,woman,35,zone_a,1,2,1,1,1 - 5 Candidates
syn_b30ea3f02d38b8923b5460bfef0e7833,public_05,non_binary,40,zone_a,2,2,1,1,1 - 5 Candidates
syn_43670244b5bb911d05e910c4e030edcf,public_05,man,22,zone_b,3,3,1,1,1 - 5 Candidates
syn_7e2ebd1369674b173056ff24459bc0da,public_05,man,22,zone_a,1,2,1,1,1 - 5 Candidates
syn_787ad7acef13f3b493a020f929c70389,public_05,man,46,zone_a,2,2,1,1,1 - 5 Candidates
syn_b9c2cd0590a5e5bf61c7c24e1a2318df,public_05,woman,28,zone_b,0,0,0,0,0 Candidates
syn_4f2dafbc8751f88ee6612538e2e0ca0d,public_05,man,25,zone_c,0,6,0,1,0 Candidates
syn_6386031efeb54abdfa96637beb180642,public_05,woman,30,zone_a,8,9,1,1,6 - 10 Candidates
syn_52496f7b4b213a4470acc06072937b50,public_05,man,39,zone_d,0,0,0,0,0 Candidates
syn_d14e8e3bc349a408cacb453a7abffef8,public_05,man,37,zone_a,6,6,1,1,6 - 10 Candidates
syn_4a20fe000b050b1f78e4337959fe7ff3,public_05,man,34,zone_b,0,0,0,0,0 Candidates
syn_1ab52096a2599eef55733d91101816d8,public_05,woman,38,zone_d,1,1,1,1,1 - 5 Candidates
syn_1c596186018460f2fdedf8f2afc0f2d6,public_05,man,30,zone_a,5,5,1,1,1 - 5 Candidates
syn_9fb3c613a617b17a29a795544a56781a,public_05,man,28,zone_a,4,5,1,1,1 - 5 Candidates
syn_0e10d543d7c883b4d5fe21bb13c7d538,public_05,woman,46,zone_b,2,2,1,1,1 - 5 Candidates
syn_dcb09e984e5539c712ed95a93ddac588,public_05,man,23,zone_a,0,0,0,0,0 Candidates
syn_d761b7032f9134ed65d6f7e231eea094,public_05,man,40,zone_a,0,0,0,0,0 Candidates
syn_a21dac98e81bdeef51810ffd59e9c10c,public_05,woman,40,zone_a,0,0,0,0,0 Candidates
syn_e51b480ec2fcce67eb098546a918dce4,public_05,woman,41,zone_a,0,0,0,0,0 Candidates
syn_061c22f2a1663ca7819876a7005398da,public_05,woman,46,zone_b,0,0,0,0,0 Candidates
syn_57075763fca69b7e34ab38ec4ef39c2c,public_05,woman,34,zone_a,2,2,1,1,1 - 5 Candidates
syn_244e1b26eaeb6e0a75a82c14c28d7592,public_05,man,22,zone_a,0,0,0,0,0 Candidates
syn_5e078aca27ddafc9705fd96e65a05670,public_05,woman,45,zone_a,2,2,1,1,1 - 5 Candidates
syn_3fc8852271d444f92807c672bcf3cbc6,public_05,man,31,zone_b,0,0,0,0,0 Candidates
syn_bcb4cd3462c6c653b18dbb6457218610,public_05,woman,24,zone_a,1,1,1,1,1 - 5 Candidates
syn_b072fc2d0f0700b3b89b0406d270ffa6,public_05,woman,22,zone_b,0,0,0,0,0 Candidates
syn_5aada45e2fd45e7bcaece432b6e82445,public_05,woman,34,zone_b,0,0,0,0,0 Candidates
syn_8d5790972d43a353eb3b88c9438fda87,public_05,man,22,zone_b,0,0,0,0,0 Candidates
syn_a799c85755c403dbcb0fff1d232470ba,public_05,non_binary,23,zone_c,1,1,1,1,1 - 5 Candidates
syn_0e49cd1aa9db30cb54a0f73e08c7d690,public_05,woman,37,zone_b,0,0,0,0,0 Candidates
syn_20015b9f913e9730ed42ef967dc1d64e,public_05,non_binary,38,zone_c,1,1,1,1,1 - 5 Candidates
syn_12cb9eb179cd7526b1a1c5665fbc3d49,public_05,woman,21,zone_a,2,2,1,1,1 - 5 Candidates
syn_9b1639c7077b8d46da5a9cfd4b905450,public_05,man,40,zone_a,1,1,1,1,1 - 5 Candidates
syn_e4fa32ba2be23d4aa4199b4515992b51,public_05,man,42,zone_b,0,0,0,0,0 Candidates
syn_d29a6278d743d319fb1a21038c35e709,public_05,woman,45,zone_a,0,0,0,0,0 Candidates
syn_ea8329bfa41c9122f997b0665abb1eef,public_05,man,42,zone_b,1,1,1,1,1 - 5 Candidates
syn_33a874246d1c42f461268e0b51ba3a46,public_05,man,41,zone_a,0,0,0,0,0 Candidates
syn_15fab56ae17aaa80819945470ce4ae6b,public_05,man,36,zone_d,0,0,0,0,0 Candidates
syn_491d2caa03074de80577fcadbbb7619c,public_05,man,31,zone_a,1,1,1,1,1 - 5 Candidates
syn_4e4f8a89ffdf53a7a00e056676176947,public_05,woman,25,zone_b,3,3,1,1,1 - 5 Candidates
syn_8c121bc9f96109b6f1c9ea42561f5822,public_05,man,27,zone_b,0,0,0,0,0 Candidates
syn_85f03f87b222e44daa51ab7a6180a914,public_05,man,35,zone_b,0,0,0,0,0 Candidates
syn_7922fb0452da1d8695d6db5d04792f6e,public_05,woman,21,zone_a,0,0,0,0,0 Candidates
syn_a6346867188be48c086974c8aa3d5967,public_05,man,35,zone_a,4,4,1,1,1 - 5 Candidates
syn_7e4f49ce22a2dc79ca61ba0bc89f0f82,public_05,woman,34,zone_c,1,1,1,1,1 - 5 Candidates
syn_8764c010aa61f8a9ccfb46ff1fa0b580,public_05,woman,32,zone_b,2,2,1,1,1 - 5 Candidates
syn_726b7c8ef6aa864e6a4eb70627ee3621,public_05,man,21,zone_a,0,0,0,0,0 Candidates
syn_18f7e35ae85cc3edebfa8a1d77eaddab,public_05,man,27,zone_a,7,8,1,1,6 - 10 Candidates
syn_4687a28a79af9d8525305f458b2ec26d,public_05,woman,46,zone_a,3,3,1,1,1 - 5 Candidates
syn_8496ad3d21cd3ab52ee03283d650c444,public_05,woman,23,zone_b,0,0,0,0,0 Candidates
syn_25d6dede2104945026e869f814c9504b,public_05,woman,36,zone_a,0,0,0,0,0 Candidates
syn_221878d393f071a58d95cb551a7526b0,public_05,woman,27,zone_b,1,1,1,1,1 - 5 Candidates
syn_5d3f0c4b3e05fa6c29ebd7bf84f2c597,public_05,man,43,zone_a,1,1,1,1,1 - 5 Candidates
syn_60a5c16ae8704e14d565a0f7b54dd591,public_05,man,46,zone_a,0,0,0,0,0 Candidates
syn_a624629294f6a7e9435457352ce33a91,public_05,woman,21,zone_a,1,1,1,1,1 - 5 Candidates
syn_cedbd60a990e5fe8216dbc348dbb1a85,public_05,man,38,zone_a,0,0,0,0,0 Candidates
syn_332eee9515e9c92bd04cc01bbf6c5aaf,public_05,woman,26,zone_b,1,1,1,1,1 - 5 Candidates
syn_364616624d22c79ac208fc153996feb4,public_05,man,25,zone_a,0,0,0,0,0 Candidates
syn_5bc5e92f5a1770f1137744c21d198ff0,public_05,man,34,zone_b,0,0,0,0,0 Candidates
syn_e33f3929bc7647b9ba0708a572c597e3,public_05,non_binary,21,zone_a,0,0,0,0,0 Candidates
syn_db312ab6c0a68a9e3f8205fb47155607,public_05,man,30,zone_a,1,1,1,1,1 - 5 Candidates
syn_3ed60798810b79d57f94d1a163f0932f,public_05,man,22,zone_a,0,1,0,1,0 Candidates
syn_128c659d3b1b14361c11eb80703113cb,public_05,man,35,zone_c,0,0,0,0,0 Candidates
syn_f4e3fea350c41d9fc32113e171b8069c,public_05,man,41,zone_b,0,0,0,0,0 Candidates
syn_ebe1327c2c0d34ff395465a7592ce880,public_05,non_binary,37,zone_b,0,0,0,0,0 Candidates
syn_1cb9225c5597b98981901d521d615c43,public_05,man,21,zone_c,0,0,0,0,0 Candidates
syn_eada6f0a34c5cf0b2f06296178a0c151,public_05,woman,43,zone_a,1,1,1,1,1 - 5 Candidates
syn_c5c234be2d2b17c85df8a1f1080fca59,public_05,non_binary,44,zone_a,1,1,1,1,1 - 5 Candidates
syn_4fb214022b5b807fbdbb02ac000383af,public_05,man,41,zone_a,0,0,0,0,0 Candidates
syn_0c8744e4024204f6c04a07e714258d47,public_05,woman,23,zone_a,2,3,1,1,1 - 5 Candidates
syn_955c1dc919b85ebe9dab25c3cb03cc28,public_05,woman,44,zone_a,0,0,0,0,0 Candidates
syn_9e818592dff25be84dfecb7764c6c785,public_05,man,36,zone_b,0,0,0,0,0 Candidates
syn_a242f7d8327c808790c0d4811d284b0f,public_05,man,38,zone_a,1,1,1,1,1 - 5 Candidates
syn_7ae803ded429acbd44d8e5bb1269c4be,public_05,woman,46,zone_c,0,0,0,0,0 Candidates
syn_43142e7893095805ce58fe91b3c1b589,public_05,man,34,zone_a,0,0,0,0,0 Candidates
syn_1eb72e4eb264c7bafa61862923f8ad8f,public_05,non_binary,44,zone_b,0,0,0,0,0 Candidates
syn_d01ad0eb624507f7e0acfcf4b966fd87,public_05,woman,39,zone_a,4,4,1,1,1 - 5 Candidates
syn_5d29bf4965fd1b1a436fb2e1f74e1305,public_05,woman,46,zone_b,0,0,0,0,0 Candidates
syn_da2080dae924856e3489933dbd919f65,public_05,woman,37,zone_a,1,1,1,1,1 - 5 Candidates
syn_96719852458841e93c6f2b1185738e89,public_05,man,23,zone_a,0,0,0,0,0 Candidates
syn_919cfceaa6d9da68ff80e54bea0d3919,public_05,woman,45,zone_b,0,0,0,0,0 Candidates
syn_5bebeccf17480908bbd31f4c4aac6692,public_05,man,45,zone_b,1,1,1,1,1 - 5 Candidates
syn_21b698c1e3f90d1bd65d6ad2d9ef441f,public_05,man,35,zone_d,1,1,1,1,1 - 5 Candidates
syn_9783d190677a0c555c717c760d1c92c7,public_05,man,43,zone_a,3,3,1,1,1 - 5 Candidates
syn_e9f6b26036f922e1dc8f657dd3671afe,public_05,non_binary,40,zone_b,0,0,0,0,0 Candidates
syn_578b39a83f01b0166432cb202fd75c89,public_05,man,41,zone_a,1,1,1,1,1 - 5 Candidates
syn_ecf32b641332b65d333f47c3978a17c0,public_05,woman,29,zone_a,4,4,1,1,1 - 5 Candidates
syn_cc0b59ddd5b4a4303222062798f5833e,public_05,man,31,zone_a,0,0,0,0,0 Candidates
syn_b3830f7ea43bc22b423b3e7f3ac3464d,public_05,woman,41,zone_a,0,0,0,0,0 Candidates
syn_e281f8859b0cd83692f377744a27d89d,public_05,woman,27,zone_c,0,0,0,0,0 Candidates
syn_1fc3e9684402019760bcc3042af2a81f,public_05,man,43,zone_b,0,0,0,0,0 Candidates
syn_ac7daacb1112657649da5703f2491fb8,public_05,woman,43,zone_b,0,0,0,0,0 Candidates
syn_8a5b3f43519670f510f41877fe956125,public_05,woman,34,zone_a,0,0,0,0,0 Candidates
syn_63cfd88b7a8214239fa0cb2b84e40d46,public_05,man,27,zone_c,1,1,1,1,1 - 5 Candidates
syn_ea1d2fca4324fb4bd34845e562dc19ed,public_05,non_binary,42,zone_a,0,0,0,0,0 Candidates
syn_6b88d248294608aa27175c604b65f71a,public_05,woman,33,zone_a,0,0,0,0,0 Candidates
syn_3874834f8c41d2239a31fdac33f50e4a,public_05,man,34,zone_a,4,4,1,1,1 - 5 Candidates
syn_e1727ffa02d837e496beb4e5f61f75e2,public_05,man,44,zone_a,0,0,0,0,0 Candidates
syn_8f15f01517ad9b1f664750c54ede74a8,public_05,man,31,zone_a,3,3,1,1,1 - 5 Candidates
syn_6caf89d774a31ea42360843931b34295,public_05,woman,34,zone_a,0,0,0,0,0 Candidates
syn_e7313d20148b0ae24b283f75f679a9eb,public_05,woman,43,zone_a,4,4,1,1,1 - 5 Candidates
syn_b10bb6e023100c76a6e40692f904e30f,public_05,woman,36,zone_a,0,0,0,0,0 Candidates
syn_18f948424eec53d257c5c8d8112eb9d1,public_05,woman,45,zone_b,1,1,1,1,1 - 5 Candidates
syn_e6b57e07ceafd25bccb206402eb52056,public_05,woman,35,zone_a,4,4,1,1,1 - 5 Candidates
syn_99546a3d5e1bc9cdce7538e9d86856ec,public_05,man,38,zone_c,0,0,0,0,0 Candidates
syn_a219cba0f701c38b753e78119a4da676,public_05,woman,42,zone_a,0,0,0,0,0 Candidates
syn_5a74933cfb6de83899d29a50df196891,public_05,woman,37,zone_a,1,1,1,1,1 - 5 Candidates
syn_0cc07e96f676a5d559cbc5e653e33702,public_05,man,45,zone_a,1,1,1,1,1 - 5 Candidates
syn_7eb690e09fe84b65dc6054bf5e4869ba,public_05,man,33,zone_c,0,0,0,0,0 Candidates
syn_f6dd627d1108f9a47392d79f0b9097f5,public_05,woman,46,zone_a,4,4,1,1,1 - 5 Candidates
syn_ddb510ae9fbcb6b7cc548470aa17e546,public_05,woman,26,zone_b,1,2,1,1,1 - 5 Candidates
syn_237249b8b5232cecb83d9c594987450c,public_05,man,22,zone_c,0,0,0,0,0 Candidates
syn_d3e2d8f77d4d02c0acbb83cb17567a95,public_05,woman,39,zone_a,3,3,1,1,1 - 5 Candidates
syn_277550b5faab54acac003db56a86e039,public_05,man,46,zone_c,0,0,0,0,0 Candidates
syn_665bce744bdc41648bb1cc4246de2400,public_06,woman,25,zone_a,0,0,0,0,0 Candidates
syn_b9b2bf5a3ff7cd820a5da9c85b41cf3e,public_06,woman,35,zone_c,0,0,0,0,0 Candidates
syn_761bf112a2e9075abe48dcdb9ade72c6,public_06,man,34,zone_a,0,0,0,0,0 Candidates
syn_385d7299b7a7c793a42a5185f3adf474,public_06,woman,40,zone_b,0,0,0,0,0 Candidates
syn_d66b96f5bebe822535f9f0241e7c98de,public_06,man,29,zone_b,5,6,1,1,1 - 5 Candidates
syn_356636b0d616d949375741d209ab315e,public_06,man,43,zone_b,0,0,0,0,0 Candidates
syn_dcab7d6aa46f041914ffe5d8348a1772,public_06,woman,36,zone_c,0,0,0,0,0 Candidates
syn_3ef0dda7811db22468862e227f668b56,public_06,man,40,zone_a,0,0,0,0,0 Candidates
syn_453d610f96a640b0ea24e1dbd83ea7bf,public_06,woman,41,zone_a,0,0,0,0,0 Candidates
syn_74acb33f36c10eb5f5d9e151e91ab096,public_06,woman,30,zone_c,0,0,0,0,0 Candidates
syn_87ccec576e24982e7388c6468f3708aa,public_06,man,31,zone_b,1,1,1,1,1 - 5 Candidates
syn_d4571dc0a23e2466dc16c47c35d3042d,public_06,man,24,zone_a,3,3,1,1,1 - 5 Candidates
syn_bb53360e8a92b39d81a2f640f469f37a,public_06,woman,27,zone_b,3,4,1,1,1 - 5 Candidates
syn_7a47e3edf42dfa7a5338b9282c1c3b88,public_06,man,30,zone_b,0,0,0,0,0 Candidates
syn_9b4009eb457c80ee7f7241680f4a806e,public_06,woman,29,zone_a,2,3,1,1,1 - 5 Candidates
syn_ef3ec5a5d140ddb21b21b1ce436657ae,public_06,non_binary,37,zone_a,2,3,1,1,1 - 5 Candidates
syn_acd396aca38889f3b27389b141192961,public_06,woman,23,zone_b,2,3,1,1,1 - 5 Candidates
syn_1e73fcfc7f743aaff3b445761ccc1d6f,public_06,woman,39,zone_b,0,1,0,1,0 Candidates
syn_407d202743fec69da269d196495be4bb,public_06,woman,22,zone_a,4,4,1,1,1 - 5 Candidates
syn_53fc0d7f37d0e0de5efc88e0c3401a39,public_06,man,25,zone_a,0,0,0,0,0 Candidates
syn_05007bff099d051517287267cbb669ef,public_06,woman,35,zone_c,0,1,0,1,0 Candidates
syn_3035f983bd9ef98ca3e85ba944bf66ec,public_06,man,30,zone_b,0,0,0,0,0 Candidates
syn_eb494ae8080945abc33ffd9c81903c9f,public_06,woman,25,zone_a,0,0,0,0,0 Candidates
syn_c62948193d3958c265b2db38a904d7e1,public_06,woman,44,zone_c,0,0,0,0,0 Candidates
syn_f656d23646abc8a69c3aee8a3ca2f2d6,public_06,man,39,zone_a,0,1,0,1,0 Candidates
syn_26fa2403826fd6788c85423050b4fe04,public_06,non_binary,29,zone_b,3,5,1,1,1 - 5 Candidates
syn_74515669f63501ed0fbf9892f70b2a42,public_06,man,34,zone_b,0,0,0,0,0 Candidates
syn_4ac51746b34616c878acec0484320001,public_06,woman,39,zone_c,0,0,0,0,0 Candidates
syn_5d05c2cc6830bb749d79f5964d317350,public_06,woman,43,zone_b,0,0,0,0,0 Candidates
syn_943f86eb8d2e592de03291217305adda,public_06,non_binary,41,zone_a,0,0,0,0,0 Candidates
syn_6f735c3f406d69f65bb4286499aafd97,public_06,woman,46,zone_c,2,2,1,1,1 - 5 Candidates
syn_96cf8dc7a102efb3150a9e083bf747bd,public_06,man,39,zone_a,1,2,1,1,1 - 5 Candidates
syn_ba48ab41f9485f0d9c61254e8c08b8c9,public_06,man,40,zone_a,1,2,1,1,1 - 5 Candidates
syn_ffe70c1eeedd59bc525d8bb59d2523c2,public_06,woman,33,zone_a,0,0,0,0,0 Candidates
syn_92862bd13ae097513d6f460cc7171e15,public_06,man,36,zone_b,1,1,1,1,1 - 5 Candidates
syn_8aeead5be2a94306196aa340241d0ff2,public_06,woman,39,zone_c,3,3,1,1,1 - 5 Candidates
syn_c7215520abaedceb3535dfdaf5327bc7,public_06,woman,29,zone_b,2,3,1,1,1 - 5 Candidates
syn_a403e6b8fa5b97a0d24d0fd9955f783f,public_06,woman,24,zone_a,0,0,0,0,0 Candidates
syn_0f2d06f448ad910379796f3c5f5c1ab1,public_06,woman,36,zone_a,3,4,1,1,1 - 5 Candidates
syn_a03c8db70e7876682961e3c05b37b080,public_06,woman,29,zone_a,7,8,1,1,6 - 10 Candidates
syn_c257f1135cd572b8727fa62f2bb54218,public_06,man,30,zone_a,2,3,1,1,1 - 5 Candidates
syn_5db70f155651b80b8ba559a2a81faf78,public_06,woman,43,zone_c,2,2,1,1,1 - 5 Candidates
syn_5f5f4d1100d1b0b3301fe1d31a317ed0,public_06,woman,38,zone_a,0,0,0,0,0 Candidates
syn_820f54c7de16a17767df83a64323c6c9,public_06,man,40,zone_c,1,1,1,1,1 - 5 Candidates
syn_95cb54e6c1f276ab1e52205978064790,public_06,man,29,zone_d,1,3,1,1,1 - 5 Candidates
syn_44a512ad5e990df2b591b9c1163a05f2,public_06,woman,37,zone_a,0,0,0,0,0 Candidates
syn_2c1826e24fa04763fc6c89c1ab8a0cf1,public_06,non_binary,43,zone_b,0,0,0,0,0 Candidates
syn_5ee979e4f43b07415ae641f2412f27d4,public_06,man,30,zone_c,0,0,0,0,0 Candidates
syn_0b586190bcd26764dc9ee468e9ade464,public_06,man,21,zone_d,0,0,0,0,0 Candidates
syn_fc49e2548689a82c39f848f66826b375,public_06,woman,33,zone_a,3,4,1,1,1 - 5 Candidates
syn_a74e52fe4088d82013a36a493970cbeb,public_06,man,43,zone_a,0,0,0,0,0 Candidates
syn_d1c12ba2574bb1eb7599b7877c0aadba,public_06,man,32,zone_a,0,0,0,0,0 Candidates
syn_40066b9a8d3ae1b1b6d5f5fa7ad6601f,public_06,man,29,zone_a,0,0,0,0,0 Candidates
syn_9d73fd68d0f77941e6ecc9252178ab33,public_06,woman,26,zone_a,7,8,1,1,6 - 10 Candidates
syn_fd4f37e86b53a47f675e965fe4739c50,public_06,woman,21,zone_b,0,0,0,0,0 Candidates
syn_986405efb4b115f9766b17e2a1440e8f,public_06,woman,41,zone_a,0,0,0,0,0 Candidates
syn_ffbb94fc0ea71eb20170a3db3b0da2f5,public_06,woman,46,zone_a,0,0,0,0,0 Candidates
syn_e5f70d2eddbc8007889a8da96eff718a,public_06,man,31,zone_a,1,1,1,1,1 - 5 Candidates
syn_3775a78ebae5a31c01d0f6585035f7f1,public_06,man,23,zone_a,2,3,1,1,1 - 5 Candidates
syn_61cda7e159aa26130025f9e8e37162cf,public_06,man,44,zone_a,0,0,0,0,0 Candidates
syn_80d0286ab216c0b9b9144ecd996404f1,public_06,woman,43,zone_a,1,1,1,1,1 - 5 Candidates
syn_8270b671dbaed1029b33ebfe15aff488,public_06,non_binary,36,zone_a,2,3,1,1,1 - 5 Candidates
syn_36edeb4cc50c76c4826bdf8313514294,public_06,woman,28,zone_a,4,4,1,1,1 - 5 Candidates
syn_d1919f155223219486bf45be069aca7c,public_06,non_binary,29,zone_c,0,0,0,0,0 Candidates
syn_cad1eac320b402c75232e3e1af60d034,public_06,woman,32,zone_a,0,0,0,0,0 Candidates
syn_a5013ae5c2c2b2e41973f0fffb5cefff,public_06,woman,42,zone_b,0,0,0,0,0 Candidates
syn_4285640031f7bb55b34de15f7fb01178,public_06,woman,23,zone_b,0,0,0,0,0 Candidates
syn_53f0e33942ac907ec0c98bd7eeebef9e,public_06,man,45,zone_c,0,0,0,0,0 Candidates
syn_c6fb2e47f7f8c504e206e414bde32c98,public_06,woman,27,zone_a,3,4,1,1,1 - 5 Candidates
syn_406f9092c4dce3cd639ea3d8084fdd5d,public_06,woman,41,zone_c,0,0,0,0,0 Candidates
syn_072b504b76074da4be0703379e2ad417,public_06,man,30,zone_a,2,3,1,1,1 - 5 Candidates
syn_c9ba6a6b5c4652f7770c9462de642598,public_06,man,41,zone_a,0,0,0,0,0 Candidates
syn_d5e28aca96013fe40140a728f333a66e,public_06,woman,31,zone_b,2,4,1,1,1 - 5 Candidates
syn_2bb2200cb1cbdc637910fc2c57b9ad10,public_06,woman,27,zone_d,0,0,0,0,0 Candidates
syn_4dd7f25937f066e5caa141b20352d5b0,public_06,man,23,zone_b,0,0,0,0,0 Candidates
syn_9dec44b53690b4c6e6b2ecf6f1f394bd,public_06,woman,44,zone_d,0,0,0,0,0 Candidates
syn_1c0d0b1fb9178b4d05539de882a2a64d,public_06,woman,42,zone_a,0,0,0,0,0 Candidates
syn_9cdb9573c5fed332f85c714a6df25f01,public_06,woman,32,zone_d,0,0,0,0,0 Candidates
syn_d85b1cfe689749e68d827dabe1af349e,public_06,man,21,zone_a,2,3,1,1,1 - 5 Candidates
syn_874aa1f7444aedde4616b5afa4bdfe8e,public_06,man,26,zone_a,6,7,1,1,6 - 10 Candidates
syn_9d9e4383c1b8cda1a8bf9b68a4962538,public_06,woman,38,zone_a,0,0,0,0,0 Candidates
syn_9056797104d44cc206fb7d6a40065c70,public_06,man,46,zone_a,0,0,0,0,0 Candidates
syn_3f3943401882c9ead9a59a6dd36d64a6,public_06,man,29,zone_c,0,0,0,0,0 Candidates
syn_3c891a0957e43e64579ce9365d7e1834,public_06,non_binary,25,zone_a,0,0,0,0,0 Candidates
syn_71d868c1949ba81fc17f32088858e834,public_06,woman,27,zone_a,0,0,0,0,0 Candidates
syn_f4164bbe42312618163053fb76364146,public_06,woman,30,zone_b,0,0,0,0,0 Candidates
syn_e0fe48d89f161d202dcba127b072f2ac,public_06,woman,45,zone_a,0,0,0,0,0 Candidates
syn_60f3ca3668901973c0f12a5059e41f54,public_06,man,38,zone_a,0,0,0,0,0 Candidates
syn_9ffbcbd4f54cb0bd93aca0eaa039820f,public_06,man,30,zone_a,15,19,1,1,11 - 20 Candidates
syn_bbe8f0d4f0d157a59fcaa9a37038d577,public_06,woman,41,zone_a,0,0,0,0,0 Candidates
syn_cee28e981f0ff4073e1a8c3843f6d236,public_06,woman,40,zone_b,0,0,0,0,0 Candidates
syn_2691651974d7edae65d95bf3c9a64895,public_06,woman,46,zone_c,0,0,0,0,0 Candidates
syn_aa3d80edea1241f57f76f9cf8c7a6d7a,public_06,woman,26,zone_b,4,4,1,1,1 - 5 Candidates
syn_24b1540ae74c6aa20d1b4a7cd8647bd3,public_06,man,22,zone_a,2,2,1,1,1 - 5 Candidates
syn_8362f407ece84c7903155eb4171025ac,public_06,man,36,zone_a,0,1,0,1,0 Candidates
syn_a800c4360c4c83b1f3060ffd5dbcba75,public_06,man,44,zone_a,2,2,1,1,1 - 5 Candidates
syn_87fac55a1a72663692d6c80082108bb8,public_06,man,26,zone_b,3,3,1,1,1 - 5 Candidates
syn_1adde579a5eeb204b7478755fdb6e1c0,public_06,woman,37,zone_a,1,1,1,1,1 - 5 Candidates
syn_c2505ada93c7004bbe413a93b83f5d22,public_06,woman,35,zone_a,0,0,0,0,0 Candidates
syn_d13cdac51dea7ea75c175bebccc25d91,public_06,woman,35,zone_b,0,0,0,0,0 Candidates
syn_349ee7b01e38dcc698383eb00c1dd3bc,public_06,man,35,zone_b,0,13,0,1,0 Candidates
syn_f20e223709cb90042dab9f18fbeaba8c,public_06,man,23,zone_a,9,9,1,1,6 - 10 Candidates
syn_fbbb86a63551cd904716048e53130b3f,public_06,man,45,zone_a,1,1,1,1,1 - 5 Candidates
syn_82d0e64580bd701a64fde9155e95de51,public_06,man,45,zone_a,0,0,0,0,0 Candidates
syn_ee2c03fd8f21082d61fb8a222cf67af1,public_06,man,31,zone_a,0,0,0,0,0 Candidates
syn_53c01775b662b8bc6cb3cf73dd48344a,public_06,woman,34,zone_a,0,0,0,0,0 Candidates
syn_0383713d5892e823a52a731095f3b0af,public_06,woman,44,zone_a,0,0,0,0,0 Candidates
syn_f723fdfacb1e4dcb56d6f0d7896cd986,public_06,man,30,zone_c,0,0,0,0,0 Candidates
syn_4f884b21fd65b880fb4ed247bc8a8e3c,public_06,non_binary,28,zone_b,0,1,0,1,0 Candidates
syn_f51e305074f2b275d78613115473e28b,public_06,woman,45,zone_a,0,0,0,0,0 Candidates
syn_d5c5da583d6394f2409e606577809ebe,public_06,woman,42,zone_a,0,0,0,0,0 Candidates
syn_d96ddd3e231173bc6e77ac89de879139,public_06,man,23,zone_a,0,0,0,0,0 Candidates
syn_ce6e46a4d61e6c4dec59accde0834b51,public_06,man,22,zone_b,0,0,0,0,0 Candidates
syn_3cb34ced71bf5b819b06d1a5c6c2a614,public_06,man,25,zone_a,0,0,0,0,0 Candidates
syn_753f66768c1fc72197f73090e0d6fc62,public_06,woman,43,zone_a,2,2,1,1,1 - 5 Candidates
syn_0854d44af913f675049a173b3addf2a9,public_06,woman,41,zone_a,0,0,0,0,0 Candidates
syn_80e68238319e11f1b8d38bc3e38deaec,public_06,man,30,zone_a,2,2,1,1,1 - 5 Candidates
syn_901a8836b1a83cdffbdfc020bb2dc0bc,public_06,man,31,zone_b,0,0,0,0,0 Candidates
syn_98be35230ffe3d23fdf11aabe37e0084,public_06,man,38,zone_a,0,0,0,0,0 Candidates
syn_97adb9e517d4c8a9a951072cfae1b9a0,public_06,man,32,zone_a,3,4,1,1,1 - 5 Candidates
syn_ec2fca1280d8acad46f7485b4646dfb3,public_06,man,21,zone_b,0,0,0,0,0 Candidates
syn_be2c8bae061748fca7d24c48c59cb43d,public_06,man,25,zone_a,0,0,0,0,0 Candidates
syn_1562fa70e7670858c11662340afae16f,public_06,non_binary,42,zone_a,0,0,0,0,0 Candidates
syn_bdd8278c4e59668858d88e52cad54fd7,public_06,man,25,zone_a,1,2,1,1,1 - 5 Candidates
syn_96650406cffe05fc6607260fab9bdab2,public_06,woman,44,zone_b,0,0,0,0,0 Candidates
syn_f2c1aa90afc19237c7399b0e450b73d5,public_06,non_binary,28,zone_c,0,0,0,0,0 Candidates
syn_0c76ae3c872b370a16ecfc9e4dc86d93,public_06,woman,31,zone_a,2,3,1,1,1 - 5 Candidates
syn_002c2a3ab1de3f0907c88686c288f069,public_06,woman,26,zone_b,0,0,0,0,0 Candidates
syn_66dec93dd0bffffeff1089d5fd5fbc92,public_06,man,22,zone_a,0,0,0,0,0 Candidates
syn_9ab0c17f050608c3c92c283ce83ff9ac,public_06,woman,34,zone_c,0,0,0,0,0 Candidates
syn_f5f64a7cff02dde0d10de1e8e2b33e10,public_06,woman,27,zone_a,8,9,1,1,6 - 10 Candidates
syn_9c6d234cdb0948e6aa2aeae80ab9672d,public_06,non_binary,32,zone_a,0,0,0,0,0 Candidates
syn_8260455eb59a52afc98cccf5d43808c8,public_06,woman,33,zone_a,6,9,1,1,6 - 10 Candidates
syn_908173542838b9c862e7f864030c7d1a,public_06,man,43,zone_a,2,3,1,1,1 - 5 Candidates
syn_fb50edf55697d4bb5de3d06e1217c9c8,public_06,woman,37,zone_a,2,3,1,1,1 - 5 Candidates
syn_4f2dbfa74a0a3735df7052f344c53be6,public_06,man,26,zone_a,5,7,1,1,1 - 5 Candidates
syn_95a1220a21174ade070572075afc93e5,public_06,man,46,zone_b,0,0,0,0,0 Candidates
syn_c5ec162573731c0198019a9438ab18ab,public_06,man,24,zone_b,0,0,0,0,0 Candidates
syn_c3a39370e7952af94fa22f429d9f014e,public_06,man,26,zone_d,0,0,0,0,0 Candidates
syn_845034097d8c47f2757680dbc7cac1f6,public_06,man,26,zone_b,1,2,1,1,1 - 5 Candidates
syn_cad78b9d35226ecb3f3f9807c411e586,public_06,woman,32,zone_a,0,0,0,0,0 Candidates
syn_a5d2278639bc1c355462bcaf347c3ee2,public_06,man,25,zone_a,6,6,1,1,6 - 10 Candidates
syn_b5b5d11c1b3fda0cf09ca2c5c1742686,public_06,man,25,zone_b,0,0,0,0,0 Candidates
syn_331646a20e27737e516e346aff497a99,public_06,woman,46,zone_a,0,0,0,0,0 Candidates
syn_9980e3e0242698a3e3f72459b46ed573,public_06,man,27,zone_b,0,19,0,1,0 Candidates
syn_2eb0a1653a6bb5a8770d53e64bffba21,public_06,man,38,zone_b,0,0,0,0,0 Candidates
syn_261c35150d12dad81532b5a40ac05ebe,public_06,woman,24,zone_a,1,1,1,1,1 - 5 Candidates
syn_4f9c2cd0705a5d3d6170c9bef6cf3e6b,public_06,woman,44,zone_a,4,4,1,1,1 - 5 Candidates
syn_09d199bc7b02d646f4e7d8699f2f4027,public_06,man,30,zone_b,0,0,0,0,0 Candidates
syn_4dc6f8d81157ec8663e938d6dc4d38be,public_06,woman,43,zone_b,0,0,0,0,0 Candidates
syn_77f8c51224c6d879f3277b212c06812d,public_06,man,40,zone_b,0,0,0,0,0 Candidates
syn_3f8425ccd19a1308cd50bfe6286cdf0f,public_06,man,30,zone_a,10,11,1,1,6 - 10 Candidates
syn_44ff7647547eda7e5fade0a5244e6cfc,public_06,woman,43,zone_a,0,0,0,0,0 Candidates
syn_9eda2cb5a6f8f61f783f810579d1ffa8,public_06,woman,40,zone_b,0,0,0,0,0 Candidates
syn_d7b08d99471b061ae64c605167f78437,public_06,man,25,zone_a,0,0,0,0,0 Candidates
syn_9efec4b09b700887e262cff89f455c02,public_06,man,42,zone_b,0,0,0,0,0 Candidates
syn_14dda87faea12a0a26065bc6b514a40f,public_06,woman,38,zone_a,2,3,1,1,1 - 5 Candidates
syn_c3275daaee904fb185cec5521b95ac4b,public_06,woman,34,zone_a,0,0,0,0,0 Candidates
syn_46251d99bccb19676a533b9e0a93813b,public_06,man,28,zone_a,1,1,1,1,1 - 5 Candidates
syn_b65af91b39be647afb72e13df7afae55,public_06,man,27,zone_b,0,0,0,0,0 Candidates
syn_21088a5c922eaed02358c86ef07c7e65,public_06,woman,35,zone_a,5,7,1,1,1 - 5 Candidates
syn_cb1f89f7602c29289dbbfd226672f2e8,public_06,woman,23,zone_b,0,0,0,0,0 Candidates
syn_da27cb7eb32da3bbe0f1b2b21ba7e103,public_06,man,25,zone_b,2,4,1,1,1 - 5 Candidates
syn_bcf6cfaf04e7db4223279d730dd106c8,public_06,woman,43,zone_b,0,0,0,0,0 Candidates
syn_81c315c2b616bfcb16f0f431fefa8647,public_06,woman,46,zone_a,1,1,1,1,1 - 5 Candidates
syn_6f52253d44737bcfc91f98ad842e5eb7,public_06,man,26,zone_a,6,8,1,1,6 - 10 Candidates
syn_f30d1aaec9ff180c167f0ed68dd41166,public_06,man,21,zone_b,0,0,0,0,0 Candidates
syn_3e8ac8e9fbb491d5513434fbd4fc7cd6,public_06,woman,25,zone_a,9,9,1,1,6 - 10 Candidates
syn_fd90ead0c3260a50a9624d2145214d89,public_06,man,21,zone_b,0,0,0,0,0 Candidates
syn_7824f9badb36fc1d541bbaea18d98fda,public_06,woman,38,zone_a,0,0,0,0,0 Candidates
syn_e37c95550d0dcf21333ba8e02e25ed61,public_06,woman,41,zone_a,2,2,1,1,1 - 5 Candidates
syn_884224d000efc32f7b8c0f56b6ab62f1,public_06,woman,30,zone_a,0,0,0,0,0 Candidates
syn_3fe58ecd5ed329ecf8c0d5617afa6cae,public_06,man,42,zone_a,0,0,0,0,0 Candidates
syn_b8e49deefa0d859d43ac6edf56263673,public_06,man,24,zone_c,0,0,0,0,0 Candidates
syn_91fee2996fe98a0b86f8b85b36a34e85,public_06,man,28,zone_b,2,3,1,1,1 - 5 Candidates
syn_3e376bd52171ec63a6c0b2ccd821f0d1,public_06,man,31,zone_a,0,0,0,0,0 Candidates
syn_ded2ab7d044d20d0e958d52fc16172d9,public_06,man,35,zone_a,6,6,1,1,6 - 10 Candidates
syn_63d2418ae761e5cb5bef73b6ec7e4100,public_06,woman,45,zone_a,1,1,1,1,1 - 5 Candidates
syn_b94fae7a1446ff7bb5cdefe8368f9f90,public_06,man,37,zone_a,6,6,1,1,6 - 10 Candidates
syn_31a4be7b76bf61f6960327438b4ca2f9,public_06,man,29,zone_a,0,0,0,0,0 Candidates
syn_a7b42dc6c920034394677ac8d0dfe1b9,public_06,woman,43,zone_b,0,1,0,1,0 Candidates
syn_b7564d8895a2382fab350d729b182468,public_06,woman,35,zone_a,3,4,1,1,1 - 5 Candidates
syn_adae6bca85d991b0ccc09f987510b55e,public_06,man,31,zone_c,1,2,1,1,1 - 5 Candidates
syn_a5b0dfe47f8be127cdf199e63b13dac7,public_06,man,21,zone_b,0,0,0,0,0 Candidates
syn_1d5e1fe33d76777b3a045c00acccf060,public_06,woman,28,zone_b,3,4,1,1,1 - 5 Candidates
syn_3df2035351688adb509b69503d1858c1,public_06,man,27,zone_a,0,0,0,0,0 Candidates
syn_b081f0e6bb3a389ebf7661f58493adf5,public_06,man,37,zone_a,0,0,0,0,0 Candidates
syn_f24bdf141f9f2c6dadc86a882c771470,public_06,man,37,zone_a,0,21,0,1,0 Candidates
syn_e99c783de4288ff04b9bd687eebdf8af,public_06,woman,41,zone_a,1,2,1,1,1 - 5 Candidates
syn_1ea7fa38ac2135194e3e58b3de41d9c9,public_06,woman,46,zone_a,0,0,0,0,0 Candidates
syn_bf01f7e7bb92779ea8360e92cc83031e,public_06,man,21,zone_a,3,4,1,1,1 - 5 Candidates
syn_41d867f054c579931f591a2083b7e8d7,public_06,man,30,zone_a,0,0,0,0,0 Candidates
syn_96c4a88930b032b13bf5d7c604e75e16,public_06,woman,42,zone_a,0,0,0,0,0 Candidates
syn_d2a87064e91ea586f74beb6eceef6a8d,public_06,man,26,zone_b,2,3,1,1,1 - 5 Candidates
syn_231890359389d30040bfa3992fbb4cee,public_06,man,45,zone_b,0,0,0,0,0 Candidates
syn_b77b5fe5052385aa2a2133206ea74433,public_06,man,22,zone_a,0,0,0,0,0 Candidates
syn_e74b17b8688db0babef5dedba69220c6,public_06,woman,29,zone_a,0,21,0,1,0 Candidates
syn_5b553fd9353c0193d21b9cac1218fd4d,public_06,man,28,zone_b,0,0,0,0,0 Candidates
syn_b29bcffd8967e02deb5ea41ebb453a4d,public_06,woman,45,zone_b,0,0,0,0,0 Candidates
syn_6ed794f8076617e3fd1b135deb67c5aa,public_06,woman,33,zone_a,0,0,0,0,0 Candidates
syn_495db021ac8d1a7e14d1734c7eab475c,public_07,man,30,zone_b,0,0,0,0,0 Candidates
syn_12132054e427adf98a100257da7965d8,public_07,man,23,zone_b,0,0,0,0,0 Candidates
syn_1cacf95190182047d6646057b35ee94e,public_07,man,37,zone_a,0,0,0,0,0 Candidates
syn_33d428aa932221ff0207b962000f6cf6,public_07,man,28,zone_a,1,2,1,1,1 - 5 Candidates
syn_69f9950eab46dd7b3436e3a03aa0301b,public_07,woman,44,zone_a,4,7,1,1,1 - 5 Candidates
syn_81cf0c412703e8759c14b0354e824592,public_07,man,23,zone_c,0,0,0,0,0 Candidates
syn_332a5404f56c90fe84a769ae204a9303,public_07,man,29,zone_a,2,4,1,1,1 - 5 Candidates
syn_3c5e771b9cb09c8832ea4f35cebf5c0b,public_07,woman,40,zone_b,0,12,0,1,0 Candidates
syn_3023dea18dda9617724bc8b176cb966c,public_07,woman,26,zone_a,7,7,1,1,6 - 10 Candidates
syn_5edbceda2b5e791435e017e7ed2401aa,public_07,woman,39,zone_a,0,0,0,0,0 Candidates
syn_e27104440eebfb958a657df911027241,public_07,man,23,zone_b,0,0,0,0,0 Candidates
syn_2e42323df2923602dbfd3a9358004b54,public_07,woman,31,zone_c,0,11,0,1,0 Candidates
syn_2875981c2a06d02d89c634d507a5ec96,public_07,woman,30,zone_b,0,0,0,0,0 Candidates
syn_5eb3d5b40d32dfbc17c71dc343e9dac4,public_07,man,26,zone_a,0,0,0,0,0 Candidates
syn_0a6f208259664965821fb5ca42976e06,public_07,man,41,zone_b,1,2,1,1,1 - 5 Candidates
syn_7c77dc3fed3c9092d49762509caa5fc6,public_07,woman,27,zone_a,3,4,1,1,1 - 5 Candidates
syn_a72c9a6d703188c5bf395cb08b22a890,public_07,woman,35,zone_a,3,4,1,1,1 - 5 Candidates
syn_306fc796ca44265fedefc3320ee53b4b,public_07,woman,23,zone_a,3,3,1,1,1 - 5 Candidates
syn_444e574358cce2b91cb96e20a995c25c,public_07,man,40,zone_b,0,0,0,0,0 Candidates
syn_b890454d3ef6bc5190b0e2321497e5da,public_07,woman,41,zone_a,5,6,1,1,1 - 5 Candidates
syn_faabba2f42c662d5b2310f8421129656,public_07,man,32,zone_a,0,0,0,0,0 Candidates
syn_46fdd2c8ce656d8ba2c9ab45c38b2c65,public_07,man,39,zone_a,7,7,1,1,6 - 10 Candidates
syn_adceff5fd708b28f5d24b039075b98ec,public_07,woman,46,zone_a,9,12,1,1,6 - 10 Candidates
syn_445b2af5c8990b5b1d8513bc8c2be415,public_07,man,38,zone_a,0,0,0,0,0 Candidates
syn_442127e991a6761548f62bbb206a9fe4,public_07,woman,32,zone_a,0,0,0,0,0 Candidates
syn_80afc8009ee8eec6852897531fe747d3,public_07,man,40,zone_a,0,0,0,0,0 Candidates
syn_e3807185505796658e994bb23321f9e6,public_07,man,29,zone_a,0,0,0,0,0 Candidates
syn_4e2ce9dab719484b32466de84496bc10,public_07,man,31,zone_c,0,0,0,0,0 Candidates
syn_1dbfa41732e066192c43367f40614771,public_07,man,28,zone_a,0,0,0,0,0 Candidates
syn_d5ba8f6f67e0a59e3446787c14834d8f,public_07,man,40,zone_a,5,7,1,1,1 - 5 Candidates
syn_28d204dbbdf42cee5a3030880cdd1e0c,public_07,man,33,zone_a,5,6,1,1,1 - 5 Candidates
syn_5bf4f4fab389a06d1bb9fab20fa66d23,public_07,woman,26,zone_d,0,0,0,0,0 Candidates
syn_5b431043e947032b7b1f30311fe04cb0,public_07,man,27,zone_a,0,0,0,0,0 Candidates
syn_bfed6ae3b16fdb9ff14bcd55c92c3e23,public_07,woman,30,zone_d,1,1,1,1,1 - 5 Candidates
syn_209dd3d97ee7d4e24f8da0d86e134b23,public_07,man,23,zone_b,0,9,0,1,0 Candidates
syn_41cbfa99d9088aa61bb31dbfaf6cd82b,public_07,man,37,zone_b,0,1,0,1,0 Candidates
syn_ddaeab02ef82dd5a078cf3e851f2a10f,public_07,woman,44,zone_a,2,3,1,1,1 - 5 Candidates
syn_251135bb931c853753e632211b9eabd7,public_07,man,43,zone_a,0,0,0,0,0 Candidates
syn_a0ef1f914dfabc7cbdf8dcf46c0bcae6,public_07,woman,40,zone_c,2,2,1,1,1 - 5 Candidates
syn_0d8307b30c70467d91e58f68688dc85f,public_07,man,28,zone_a,1,1,1,1,1 - 5 Candidates
syn_e7ca2963d97f317fcdf7f6d8f37da169,public_07,man,34,zone_a,0,1,0,1,0 Candidates
syn_bd313c33a2dfe80569df7e081fa7e16c,public_07,woman,27,zone_a,5,5,1,1,1 - 5 Candidates
syn_6a4a9a829bdb50ec11dd1722ff5728b3,public_07,man,42,zone_a,0,0,0,0,0 Candidates
syn_1792125e150b6c1fa7a7ca3516285ba4,public_07,woman,42,zone_a,5,5,1,1,1 - 5 Candidates
syn_5d98b7358bb63412fc571b358b781528,public_07,man,28,zone_b,0,0,0,0,0 Candidates
syn_08136532f2388c846f4928e60170ae5a,public_07,man,26,zone_a,0,0,0,0,0 Candidates
syn_b76db7568e88b218da71968ae37776ca,public_07,man,44,zone_c,2,2,1,1,1 - 5 Candidates
syn_9cb39e7e188face0147d4b07bfa84066,public_07,woman,21,zone_d,0,0,0,0,0 Candidates
syn_2c21d1d4aa3246ecf554167d645764b1,public_07,woman,46,zone_a,3,4,1,1,1 - 5 Candidates
syn_c6e4f83f2da6ac827863b999ed06de72,public_07,man,41,zone_a,11,14,1,1,11 - 20 Candidates
syn_e4623c8b9109e401b9763929d850ad12,public_07,woman,21,zone_a,1,1,1,1,1 - 5 Candidates
syn_96288e8771321f19bfa95372ca74bb3b,public_07,man,25,zone_a,0,0,0,0,0 Candidates
syn_a81865f384ff0d703f37e1236eec2674,public_07,woman,45,zone_a,0,6,0,1,0 Candidates
syn_0c9736620c1aa05dc0fac96968036c3a,public_07,woman,38,zone_c,0,0,0,0,0 Candidates
syn_83ed6da0024d3abf5db05184765a88e2,public_07,woman,39,zone_b,0,0,0,0,0 Candidates
syn_7a9f7afd5cb361a8ca99b432f721d36a,public_07,man,21,zone_a,0,0,0,0,0 Candidates
syn_18e1f87a7cff6d5a4e3ecb78b84037e9,public_07,woman,45,zone_c,0,0,0,0,0 Candidates
syn_f4bb9a7cc9774c227eaef317d3e5b192,public_07,woman,41,zone_a,6,7,1,1,6 - 10 Candidates
syn_fad3c39c0c2784209ab31e3130339a95,public_07,man,23,zone_a,4,5,1,1,1 - 5 Candidates
syn_52daf0d3a1ce5afcf377c81cd4405b6e,public_07,man,35,zone_b,0,0,0,0,0 Candidates
syn_4989018f8dbabff440ac3ca67e074a02,public_07,woman,46,zone_b,1,1,1,1,1 - 5 Candidates
syn_18d986aa37af2511c082299a5761d468,public_07,man,31,zone_a,3,4,1,1,1 - 5 Candidates
syn_bd55f5902021f156dc7ae1b193b73ea1,public_07,man,36,zone_a,0,0,0,0,0 Candidates
syn_c4160f8396ffd5556abfe7c5ef9010a9,public_07,man,31,zone_a,0,0,0,0,0 Candidates
syn_c0feb2559005d690ab15cd62c7f4d6cb,public_07,woman,25,zone_a,0,0,0,0,0 Candidates
syn_5268e7e56d19ad6302529503ae6296a2,public_07,man,32,zone_b,0,0,0,0,0 Candidates
syn_8d1e58752ea52f6d144a33359b795309,public_07,non_binary,23,zone_a,1,1,1,1,1 - 5 Candidates
syn_a2df2f4cb371057e5e2d438bc7abe1b6,public_07,woman,24,zone_a,4,4,1,1,1 - 5 Candidates
syn_cdb52e059db303bc6c3f5269c5213541,public_07,man,28,zone_b,0,0,0,0,0 Candidates
syn_fe2f08af0bb5caff6ebe7f6fdf941708,public_07,woman,22,zone_a,0,0,0,0,0 Candidates
syn_57d4b998452d44917f79f257931c94db,public_07,woman,21,zone_b,0,1,0,1,0 Candidates
syn_bcd4e161db365f3a5c08ff8741b10ef7,public_07,man,28,zone_b,0,0,0,0,0 Candidates
syn_49e48907939f6256b00077eb7256a89f,public_07,woman,29,zone_a,0,0,0,0,0 Candidates
syn_d7b43d42bc4b932e0461d7e4319f692c,public_07,woman,35,zone_b,0,0,0,0,0 Candidates
syn_ef320cd5042ac58cebffa1aa9d7e7c51,public_07,man,24,zone_b,0,0,0,0,0 Candidates
syn_d60f52d2bf717352072d2694f988e74f,public_07,man,46,zone_a,0,0,0,0,0 Candidates
syn_cea12821b29a2cbe1e76db200617d67d,public_07,woman,23,zone_a,1,1,1,1,1 - 5 Candidates
syn_5cb01876bf84571df5c348900ee5ac82,public_07,man,30,zone_a,0,0,0,0,0 Candidates
syn_16e8c4ae75dd31d65b56e5959ba1d220,public_07,woman,26,zone_a,0,0,0,0,0 Candidates
syn_65de186e1d37a749b05767ca6c183e06,public_07,woman,24,zone_d,0,0,0,0,0 Candidates
syn_372f1c7073e08c15f2d50a0e6d680800,public_07,woman,37,zone_a,3,4,1,1,1 - 5 Candidates
syn_2618c89f6953660c0f62e3bfefd0f580,public_07,man,38,zone_a,1,1,1,1,1 - 5 Candidates
syn_e1981e34c7a6948162ff995047ee6476,public_07,man,25,zone_a,1,1,1,1,1 - 5 Candidates
syn_5dfc603ca94447f5172968eec694a649,public_07,woman,34,zone_d,0,0,0,0,0 Candidates
syn_a353980f53407f5dd0b2d8fbf879b2bc,public_07,woman,42,zone_c,0,0,0,0,0 Candidates
syn_5b67f286bb7c5bdb14f6f8bd0eca4e8b,public_07,man,42,zone_a,0,16,0,1,0 Candidates
syn_7489ffad5048682240d74e79792c6515,public_07,woman,32,zone_a,0,0,0,0,0 Candidates
syn_3354aa3b3fa0daf8bbea9e7af31902f5,public_07,man,30,zone_b,0,0,0,0,0 Candidates
syn_f8456fff50a3f73bfbd263da6fb7b1ce,public_07,woman,42,zone_a,0,1,0,1,0 Candidates
syn_6a0fc9bfb37d9fbd3c617c97f6cba1b7,public_07,man,27,zone_b,0,0,0,0,0 Candidates
syn_c0efbf2ed23e485596cb96c268157d16,public_07,woman,38,zone_a,0,0,0,0,0 Candidates
syn_de7d9654caa1fc84459b779cc4ad0f61,public_07,man,26,zone_b,0,0,0,0,0 Candidates
syn_23a2975c77f38830cf5a3facfb9b534b,public_07,man,43,zone_c,0,0,0,0,0 Candidates
syn_5b8d7027d0fe03fd6637867233485951,public_07,woman,23,zone_a,2,2,1,1,1 - 5 Candidates
syn_8da2dcd9f33f276e69881d69d03b1193,public_07,man,43,zone_b,0,0,0,0,0 Candidates
syn_f925763cedac346393929ce0182665a3,public_07,man,22,zone_a,0,0,0,0,0 Candidates
syn_9527ed34d0b89aa32046c40f0f328fa7,public_07,non_binary,30,zone_a,0,0,0,0,0 Candidates
syn_6d8cc1742272b49c3bf6574d4dea47bb,public_07,man,42,zone_a,4,5,1,1,1 - 5 Candidates
syn_3d00cfdea3a9b27bb5b4946c3261a8c9,public_07,woman,30,zone_a,5,5,1,1,1 - 5 Candidates
syn_09caa09b251c2b85d1f080a718b24cd9,public_07,man,23,zone_c,0,0,0,0,0 Candidates
syn_23e4326f5b03be11fbfa4487934676e2,public_07,man,40,zone_c,1,2,1,1,1 - 5 Candidates
syn_001fec06a7f43e7ddf8d795458f1975e,public_07,man,35,zone_a,0,0,0,0,0 Candidates
syn_d6d626f91a4f9109158f32e8bf250592,public_07,woman,42,zone_b,1,1,1,1,1 - 5 Candidates
syn_da0fd8af642574fe334800ee3486bdf4,public_07,non_binary,23,zone_a,0,0,0,0,0 Candidates
syn_9b4bd1d628f180c12716bd357a84f23c,public_07,woman,26,zone_d,1,1,1,1,1 - 5 Candidates
syn_05a1d53f5d8bfa308fee08da90f095a9,public_07,woman,26,zone_a,0,0,0,0,0 Candidates
syn_77a9cfddabe398e502f36be7269bed30,public_07,woman,24,zone_a,0,0,0,0,0 Candidates
syn_95b4390297b33290d26736f7e4eafb39,public_07,woman,40,zone_a,4,4,1,1,1 - 5 Candidates
syn_dd947b8ca242c44863cf601fe65d57ed,public_07,woman,43,zone_a,8,11,1,1,6 - 10 Candidates
syn_043d515672ea93e72dee6a0b1fe36e0b,public_07,man,39,zone_a,0,0,0,0,0 Candidates
syn_0ec7fffa4e94cb8226152f02b68c7802,public_07,man,42,zone_a,5,6,1,1,1 - 5 Candidates
syn_01de4c09309bf917e3b5467c3e0a16d9,public_07,man,40,zone_b,0,0,0,0,0 Candidates
syn_cbc229ed9605d0a357baebe560a71e85,public_07,woman,33,zone_d,0,0,0,0,0 Candidates
syn_f1bf64f099ab560e698e158fcafca3e9,public_07,woman,40,zone_d,0,0,0,0,0 Candidates
syn_d61fb4b62616be94633cbe612a1e7a67,public_07,man,21,zone_a,0,0,0,0,0 Candidates
syn_aaa30b8ed8386dbea129eab821d251a1,public_07,woman,31,zone_b,0,0,0,0,0 Candidates
syn_cb5a779ce64228622150a5537eb8e76d,public_07,woman,37,zone_a,5,6,1,1,1 - 5 Candidates
syn_42ac3052ce85741b352753fef3e3491d,public_07,man,43,zone_c,0,0,0,0,0 Candidates
syn_3fb528e8a8d3fad2e2ae223d90286957,public_07,non_binary,34,zone_a,1,1,1,1,1 - 5 Candidates
syn_d1fa9c9c5f42899c78d34bd35e36c34c,public_07,man,29,zone_a,3,4,1,1,1 - 5 Candidates
syn_11831cec5210880f3f805bbabdec2b14,public_07,woman,30,zone_b,0,0,0,0,0 Candidates
syn_07d00e0f0be2b15987bd4822db536e5b,public_07,man,23,zone_a,2,3,1,1,1 - 5 Candidates
syn_7ba87f2925be72c8ce3f0f4caf1fabce,public_07,woman,33,zone_c,0,0,0,0,0 Candidates
syn_ea9460e2b1c5b1a6cb888c0d65c64b1a,public_07,woman,31,zone_b,0,1,0,1,0 Candidates
syn_75c0303cff621800f7f90f00a2cb0319,public_07,woman,31,zone_a,0,0,0,0,0 Candidates
syn_14542c8bff115e28601d3d1528ef7fa4,public_07,woman,32,zone_b,0,0,0,0,0 Candidates
syn_b716fd2c679990739d1cb28901b60582,public_07,woman,38,zone_a,0,0,0,0,0 Candidates
syn_573a03b8dfad5abf64e89241a2254f1d,public_07,woman,32,zone_a,2,4,1,1,1 - 5 Candidates
syn_b8b95bb87e12f624d7aec4cc98ea76cc,public_07,woman,32,zone_a,0,0,0,0,0 Candidates
syn_b96a53db8c56aab2e0c078140721d4e5,public_07,woman,31,zone_c,0,0,0,0,0 Candidates
syn_6cd41e29231b79ac3d4e536f27d8542c,public_07,woman,21,zone_c,0,0,0,0,0 Candidates
syn_b408c39d2454137d63423d8431a01b97,public_07,man,22,zone_b,0,0,0,0,0 Candidates
syn_f92952a8966a085892fde0dcea9f7050,public_07,man,38,zone_a,9,11,1,1,6 - 10 Candidates
syn_7ab5fa3a9326035c6c155e7a42097903,public_07,non_binary,41,zone_a,1,2,1,1,1 - 5 Candidates
syn_9ee09e49e4f8aded8b0d14e1e58a6462,public_07,woman,43,zone_c,1,1,1,1,1 - 5 Candidates
syn_4025967d223b53ae90e6c42a508c6045,public_07,woman,28,zone_a,0,0,0,0,0 Candidates
syn_7f15ca6589378e2a157edbbae23d3bfa,public_07,woman,40,zone_a,0,0,0,0,0 Candidates
syn_9583224e7d1037276bd9ea879ee314c3,public_07,man,26,zone_a,2,3,1,1,1 - 5 Candidates
syn_c8022319065adacc9f06b5af1435cd48,public_07,woman,46,zone_a,0,0,0,0,0 Candidates
syn_1551ea976e4527d2ba7e4c210cdf6658,public_07,man,28,zone_a,2,4,1,1,1 - 5 Candidates
syn_7c94f23bce5b8935f0d5c4272202e69b,public_07,woman,44,zone_a,0,19,0,1,0 Candidates
syn_c5c2bb619143326f31f63696f69ba473,public_07,woman,33,zone_a,3,4,1,1,1 - 5 Candidates
syn_de9984d46958b174812fdff68ea30828,public_07,woman,46,zone_a,1,2,1,1,1 - 5 Candidates
syn_3ee5977045ade35db0c4794d07c675b3,public_07,woman,40,zone_a,0,1,0,1,0 Candidates
syn_57007838a9f766f6eba367f291ecdef7,public_07,woman,37,zone_a,0,0,0,0,0 Candidates
syn_b8047d1ba862c0dde95804774a9f1228,public_07,man,39,zone_a,3,5,1,1,1 - 5 Candidates
syn_61c783b0ce6eaecc74daf8d68dc9dea3,public_07,woman,31,zone_b,0,0,0,0,0 Candidates
syn_b7496f90a50a3089f452431c5344bcc0,public_07,man,35,zone_a,1,1,1,1,1 - 5 Candidates
syn_686e87f9f58ad0ac7d06497cc3cc299f,public_07,woman,29,zone_a,1,1,1,1,1 - 5 Candidates
syn_f9cafe15371bb97f5d778e91f72560b2,public_07,woman,40,zone_c,0,0,0,0,0 Candidates
syn_e712d22fcebac37a97c72a6a2bb621ae,public_07,woman,41,zone_a,3,3,1,1,1 - 5 Candidates
syn_608630ea3cc6577f1ac277af3dac41ac,public_07,woman,33,zone_b,0,0,0,0,0 Candidates
syn_6f24f668297d07db7e0b248d7d7b23e5,public_07,woman,23,zone_a,0,0,0,0,0 Candidates
syn_6fb76039ce14ae7e7b091cfd4aa2fab9,public_07,woman,46,zone_a,2,3,1,1,1 - 5 Candidates
syn_a98fb3f32285473f75518fc19b88374a,public_07,non_binary,41,zone_a,0,18,0,1,0 Candidates
syn_7410e9876c8af44e8302f95dbbd9ef61,public_07,woman,26,zone_d,0,0,0,0,0 Candidates
syn_aa8dfeae9952b8f07b31b3ada3f3a4a8,public_07,woman,22,zone_a,0,0,0,0,0 Candidates
syn_14be31a6f5751effecdd653ba233d83b,public_07,man,37,zone_a,0,0,0,0,0 Candidates
syn_a7b0db9c3a0ba7079f9418439f354a94,public_07,woman,28,zone_a,0,0,0,0,0 Candidates
syn_111602846da317f9e7c801b1b732a120,public_07,man,44,zone_a,1,2,1,1,1 - 5 Candidates
syn_75c4423d368585c90037ca341d41cdd2,public_07,woman,42,zone_a,0,0,0,0,0 Candidates
syn_6ec7357aad8264c9e184a5594fee04d2,public_07,woman,27,zone_a,0,0,0,0,0 Candidates
syn_90ceba4bcddb713f4bd8371d5e3a576f,public_07,man,23,zone_a,0,0,0,0,0 Candidates
syn_d8297187c07e8cef2c48c6ed6cf3eef0,public_07,man,25,zone_b,0,0,0,0,0 Candidates
syn_fd8122bc2d96f071c6a9fe865fc309e6,public_07,woman,34,zone_a,4,4,1,1,1 - 5 Candidates
syn_6ac02d8581ce3e2ae0e90c94845e8ef1,public_07,man,46,zone_a,4,5,1,1,1 - 5 Candidates
syn_e085086e15d703e5c1d2ac73107e4ca0,public_07,man,30,zone_a,1,1,1,1,1 - 5 Candidates
syn_3de295dd7f95a97ede178c9673e88811,public_07,man,44,zone_a,2,3,1,1,1 - 5 Candidates
syn_91b7e5002d9a5860ae46a3fb28c314ec,public_07,man,21,zone_c,0,0,0,0,0 Candidates
syn_1b8d15f11031c19fadc9f1abd8ee0d1c,public_07,woman,28,zone_c,0,0,0,0,0 Candidates
syn_730e120c211bd2647b3d41ab05bacd66,public_07,non_binary,39,zone_a,7,9,1,1,6 - 10 Candidates
syn_42b386591be280dda52f19fa176c271e,public_07,woman,23,zone_a,2,2,1,1,1 - 5 Candidates
syn_cf609034bcf54c48f8b637e62f74a25c,public_07,woman,22,zone_b,0,0,0,0,0 Candidates
syn_1b393d709f17ea0f9385e36aa92af5ca,public_07,man,44,zone_a,0,1,0,1,0 Candidates
syn_b88ce89501a2379d43b0bdc80333e3cb,public_07,woman,41,zone_c,0,0,0,0,0 Candidates
syn_e252c24579bd0e85706f1ef6dd1a2e88,public_07,man,39,zone_a,1,2,1,1,1 - 5 Candidates
syn_1c863f7c34f7bebb0b0f437023d70528,public_07,woman,21,zone_c,0,0,0,0,0 Candidates
syn_b620ae64ac96d2c24a74bbaf6ed85daa,public_07,man,42,zone_d,0,0,0,0,0 Candidates
syn_0623163c4f259bae488bf453dbe4b18d,public_07,non_binary,28,zone_a,0,0,0,0,0 Candidates
syn_7c2d8b1ab9d514924a77c6a9f5814290,public_07,man,25,zone_d,0,1,0,1,0 Candidates
syn_4c09a50e42f582468235af9ff228c16f,public_07,man,41,zone_d,0,0,0,0,0 Candidates
syn_832e73f63b822a721404d55cb10ab446,public_07,woman,44,zone_b,2,2,1,1,1 - 5 Candidates
syn_eec47052e2896a1d26e1db44a0b667b9,public_07,woman,36,zone_a,0,0,0,0,0 Candidates
syn_7d7e99976ca0f0a02445ed09eb98faf9,public_07,woman,37,zone_b,0,0,0,0,0 Candidates
syn_c9df38aa8479a9ffbe9ee03ab5a917b2,public_07,man,27,zone_b,0,0,0,0,0 Candidates
syn_61e459e68ad8101875f38c5dabfa041f,public_07,man,26,zone_a,0,0,0,0,0 Candidates
syn_813e07996549616e235d37a1f6ed4cbd,public_07,man,24,zone_a,2,2,1,1,1 - 5 Candidates
syn_888ae20b6670bee86782f38f027dcdbe,public_07,woman,29,zone_c,0,0,0,0,0 Candidates
syn_5c7942d620c9bb18862da0ce182ebeb7,public_07,woman,41,zone_c,0,0,0,0,0 Candidates
syn_7a1763ba4afc746abc1b28600d091228,public_07,man,30,zone_a,0,22,0,1,0 Candidates
syn_87fbfc22893c5609e9edb33f210b5274,public_07,man,27,zone_a,3,4,1,1,1 - 5 Candidates
syn_60ccee178fb47eb6a57dfa71f44fab46,public_07,woman,42,zone_a,4,5,1,1,1 - 5 Candidates
syn_c821d0bab19f4345722361c4ec876a0f,public_07,woman,32,zone_c,0,0,0,0,0 Candidates
syn_267d0b6f1ce1ddde37545beb2a1ad6b6,public_07,woman,44,zone_a,0,1,0,1,0 Candidates
syn_f9f644631733e03b2e1121f7e9c62cef,public_07,man,40,zone_a,0,0,0,0,0 Candidates
syn_c1124b9c00beb2a6a0b4a18bf0c9f540,public_07,man,43,zone_b,3,4,1,1,1 - 5 Candidates
syn_b87520850b5cdc86b34287cf94dc8e2b,public_07,non_binary,26,zone_a,2,3,1,1,1 - 5 Candidates
syn_6badfc689488b1238947878d71ece0a3,public_07,man,28,zone_a,0,0,0,0,0 Candidates
syn_c419025e53a87a962324fef7921a220a,public_07,woman,36,zone_b,0,1,0,1,0 Candidates
syn_49d17f5f15e37703c9e25a6a584e292c,public_07,woman,45,zone_b,0,0,0,0,0 Candidates
syn_5acbe650d38a1821d0daec8e3a7b0649,public_08,woman,23,zone_b,0,1,0,1,0 Candidates
syn_ed4e7eb482d418640963dbcdfcf4c470,public_08,woman,21,zone_b,0,1,0,1,0 Candidates
syn_796c9c2477746fd33b82191fdfe78612,public_08,woman,27,zone_a,0,0,0,0,0 Candidates
syn_b7189cec127fd9b575ec557d09c17ff0,public_08,woman,44,zone_a,2,2,1,1,1 - 5 Candidates
syn_ffe1a1dc70e28184043b6405f6aff1fa,public_08,man,41,zone_b,0,0,0,0,0 Candidates
syn_981275ffbb7478bb785412a106287375,public_08,woman,38,zone_c,0,0,0,0,0 Candidates
syn_143c0778852901795c46c1f373c65c3c,public_08,man,33,zone_a,1,3,1,1,1 - 5 Candidates
syn_46409215425ee058834d4beb862e24fb,public_08,non_binary,38,zone_a,0,0,0,0,0 Candidates
syn_db4acd6c6260e792af03a15364bca244,public_08,man,33,zone_c,0,0,0,0,0 Candidates
syn_1e9c40174de309ddf3be76153dfef886,public_08,man,42,zone_a,0,0,0,0,0 Candidates
syn_bc9fbd2b360e431d5f0f50a8af6f49d1,public_08,man,25,zone_a,0,0,0,0,0 Candidates
syn_d311bc5258724467c67d187273bc43ea,public_08,man,37,zone_b,0,0,0,0,0 Candidates
syn_6b260c3f68402193a6138919aeb018d2,public_08,woman,34,zone_a,4,6,1,1,1 - 5 Candidates
syn_bc3e3dd9e610f359b070f731bb9c367a,public_08,woman,22,zone_a,2,2,1,1,1 - 5 Candidates
syn_858f693d4dc04c5e564c4ca6914de36d,public_08,non_binary,31,zone_a,0,0,0,0,0 Candidates
syn_30b5de8befc10b42555a7671fc9e2ece,public_08,woman,24,zone_a,0,0,0,0,0 Candidates
syn_68048de1eba321da254e2b084c370e73,public_08,man,35,zone_a,2,4,1,1,1 - 5 Candidates
syn_a0799ea27a26309ab48700433516ef6a,public_08,woman,23,zone_a,0,0,0,0,0 Candidates
syn_ddfa6c6f9827bdad5532aae15a6e6be8,public_08,woman,41,zone_c,0,0,0,0,0 Candidates
syn_5b77bd2c13b6c9a0b0cea1fc559fb301,public_08,man,25,zone_a,0,0,0,0,0 Candidates
syn_ca77b0f9f23e42d68751a89b1159dd35,public_08,woman,33,zone_a,0,0,0,0,0 Candidates
syn_c0f02141a44746e6db4abcc8f0fc4362,public_08,woman,39,zone_c,0,0,0,0,0 Candidates
syn_cad6e37bd1d9e0bc49cf018a5f0627bb,public_08,man,31,zone_b,2,2,1,1,1 - 5 Candidates
syn_670635a62c76432bca45c623e3e58c9c,public_08,woman,34,zone_c,0,0,0,0,0 Candidates
syn_585e804fe1bce1931439a37ab424921c,public_08,non_binary,36,zone_c,0,0,0,0,0 Candidates
syn_4569b9ec65aeb2796c3a867e4a7d2e20,public_08,man,24,zone_a,0,0,0,0,0 Candidates
syn_8fff8b8f55779b7f42f7fb75a1e1af9f,public_08,woman,31,zone_a,0,1,0,1,0 Candidates
syn_143223feec0ef80e4f2baf284187005e,public_08,woman,22,zone_b,0,0,0,0,0 Candidates
syn_9c526f3d5f791d337ca8e6ac45bb1f25,public_08,man,36,zone_a,1,1,1,1,1 - 5 Candidates
syn_23f23d1ae9a94c654773bd477be4937e,public_08,woman,35,zone_a,5,8,1,1,1 - 5 Candidates
syn_c4700d0fc84da082e5eea1e9a2e26618,public_08,woman,28,zone_b,0,0,0,0,0 Candidates
syn_72a1a9cbd89d3b0ef3b544c818185db2,public_08,man,45,zone_b,0,0,0,0,0 Candidates
syn_b73d6268ee2e2f9a2e26941083c54fce,public_08,woman,40,zone_a,0,31,0,1,0 Candidates
syn_c86c02e5edfd6e7429f95f845b57aa6b,public_08,non_binary,36,zone_c,0,0,0,0,0 Candidates
syn_6e5fd30f8a9329e37442ce77046435af,public_08,man,36,zone_b,0,0,0,0,0 Candidates
syn_c194fd7da94bd493ca0fbb7af9292f87,public_08,woman,40,zone_a,5,8,1,1,1 - 5 Candidates
syn_b8f0cd4732fcc1ff2d159d7072e30812,public_08,man,43,zone_c,0,0,0,0,0 Candidates
syn_cd5f026e7a1e6aa931fc5f43bde3d0ae,public_08,woman,37,zone_a,0,0,0,0,0 Candidates
syn_8cce995176d98b8b6646897cf0f53a9d,public_08,man,37,zone_c,0,0,0,0,0 Candidates
syn_e3d51d88f0ee0846012f3b2a14a103bf,public_08,man,34,zone_a,0,0,0,0,0 Candidates
syn_1b66924385a0aad575019733a44f6d3e,public_08,woman,23,zone_a,0,0,0,0,0 Candidates
syn_a837e0319658e86fe58b2e5d519903e4,public_08,man,34,zone_a,0,0,0,0,0 Candidates
syn_5f6c29836e0388e7c42b3d18e524a667,public_08,woman,21,zone_b,0,0,0,0,0 Candidates
syn_7d44ad51b3b123e8de3dee7e37f7f324,public_08,man,23,zone_b,0,0,0,0,0 Candidates
syn_91edf82d6d948fc6b9255a86bd065059,public_08,woman,35,zone_a,1,5,1,1,1 - 5 Candidates
syn_6cf57c56271909b318b18e5932b3f2c7,public_08,man,25,zone_d,0,0,0,0,0 Candidates
syn_845542023752fea3e0a95d952278eabf,public_08,woman,21,zone_a,4,4,1,1,1 - 5 Candidates
syn_27dd499b3303858a0bfb437016a44d31,public_08,woman,41,zone_a,0,0,0,0,0 Candidates
syn_ca316cba7509bebf3cf26dca97244104,public_08,man,42,zone_c,0,0,0,0,0 Candidates
syn_3c07c75bfaca888c574a485e5ca7fce0,public_08,woman,24,zone_a,3,6,1,1,1 - 5 Candidates
syn_aee99d2c1c02c3ef180feb8da75f2519,public_08,man,41,zone_a,0,0,0,0,0 Candidates
syn_36c1018b3e565107e4781665ebe460c3,public_08,man,31,zone_a,0,0,0,0,0 Candidates
syn_88c3fcf0670ae03b6a7e1df45928a0e0,public_08,man,42,zone_b,0,13,0,1,0 Candidates
syn_ed6982cbc86b0053b5189c674b8c7b83,public_08,man,21,zone_a,0,2,0,1,0 Candidates
syn_b0939bf25de9cb7f28a16f000d721d1c,public_08,man,28,zone_c,0,0,0,0,0 Candidates
syn_9f450b3d28fe8338f79bf097860016eb,public_08,woman,36,zone_b,0,0,0,0,0 Candidates
syn_69eda2f4f8f85d6d4e53872801876cd8,public_08,man,33,zone_a,0,0,0,0,0 Candidates
syn_4ed80ff87af81574909dec319319211f,public_08,man,37,zone_a,0,0,0,0,0 Candidates
syn_7b9bf24e279dde6ac438d28af1182c64,public_08,man,33,zone_b,2,2,1,1,1 - 5 Candidates
syn_df16c6f346f89ac9b5c0e68e9f89ee78,public_08,woman,25,zone_a,0,0,0,0,0 Candidates
syn_40fb0b1ea6de9d0b01896a503063f863,public_08,man,23,zone_a,0,0,0,0,0 Candidates
syn_ba7b624bbb107aa5a676805531bb72de,public_08,woman,24,zone_a,0,0,0,0,0 Candidates
syn_62dab0098cad45f793d91bcd7ac17cfe,public_08,woman,39,zone_c,0,0,0,0,0 Candidates
syn_0c709f8b3259fe59be1b27351ac7d809,public_08,woman,46,zone_a,2,4,1,1,1 - 5 Candidates
syn_2fc03f7a6f1ff7a173ab2c3bae7b1afc,public_08,man,46,zone_a,0,0,0,0,0 Candidates
syn_336f17275b2148e91da95ece04f828f7,public_08,woman,25,zone_b,0,0,0,0,0 Candidates
syn_cee2c4eac024ca3248562daa05e002b5,public_08,woman,33,zone_d,0,0,0,0,0 Candidates
syn_ae94e39d79018cfbaead4178dfba523a,public_08,man,32,zone_d,1,1,1,1,1 - 5 Candidates
syn_10f09201189b30c0799374b18e8a5e9a,public_08,man,27,zone_a,10,14,1,1,6 - 10 Candidates
syn_3116acff46ddb88da5ab15d9b0689845,public_08,woman,46,zone_a,2,4,1,1,1 - 5 Candidates
syn_ee8009f2857fc96f2389a84aa6958b7e,public_08,man,22,zone_a,0,19,0,1,0 Candidates
syn_b595de4e1e7ac367d2a85ae09da282a9,public_08,woman,35,zone_b,1,2,1,1,1 - 5 Candidates
syn_d1466cfc82f39251348c76bf51d2d3fa,public_08,woman,46,zone_a,3,5,1,1,1 - 5 Candidates
syn_c2d71b063c9f03b2099d1b9f4538a24c,public_08,woman,38,zone_a,0,0,0,0,0 Candidates
syn_d6ab4bc89aebbfac893b5ebede88544c,public_08,man,23,zone_b,0,0,0,0,0 Candidates
syn_7ea74c04290c21f62d75f3c1a9c699ef,public_08,woman,24,zone_c,0,0,0,0,0 Candidates
syn_62dccb2516261f704ef3c2c392d8db92,public_08,woman,21,zone_b,0,0,0,0,0 Candidates
syn_f1631b1775570862d6ed7d723105ebb7,public_08,woman,32,zone_b,0,0,0,0,0 Candidates
syn_2ad37ad41c890c3fda8d9c496395dddb,public_08,woman,36,zone_b,0,4,0,1,0 Candidates
syn_cefbb639ff3d2c3772dd590d22f27f85,public_08,woman,21,zone_c,1,1,1,1,1 - 5 Candidates
syn_e3c0da5b3c5546e3da1f4ab3ef45696b,public_08,man,35,zone_a,7,10,1,1,6 - 10 Candidates
syn_be2d49a854b1cb629fdaa43ac171504b,public_08,man,39,zone_a,0,0,0,0,0 Candidates
syn_506f5686c1f2c5c96179dcea961ff5b7,public_08,man,28,zone_c,0,0,0,0,0 Candidates
syn_7a9e23ca73107c8e37822bab3f148664,public_08,woman,34,zone_c,0,0,0,0,0 Candidates
syn_c1b12023c2b3df940b4c01de5a7bf0cf,public_08,woman,44,zone_b,0,1,0,1,0 Candidates
syn_82d77a18032fac7c4dd80b7f11895e11,public_08,man,38,zone_b,0,0,0,0,0 Candidates
syn_1d3083dd7b841a30ba21d61462275178,public_08,woman,21,zone_a,0,0,0,0,0 Candidates
syn_c4b5bdc0bc69886ead60e7acbe3682d2,public_08,woman,38,zone_a,15,18,1,1,11 - 20 Candidates
syn_dab60326cf2bdffb13cbfe06a64b0410,public_08,woman,42,zone_a,0,0,0,0,0 Candidates
syn_d6813e53d1b1f2e94025d83acb5ad73b,public_08,man,32,zone_a,0,0,0,0,0 Candidates
syn_9c493583c81ce47f35a6d6c5579918dc,public_08,woman,35,zone_b,0,0,0,0,0 Candidates
syn_9dc3a5eac3591712b30dae187c9241c9,public_08,woman,41,zone_a,4,6,1,1,1 - 5 Candidates
syn_c8168fd74d73ad54c6f871036d120f00,public_08,man,40,zone_a,0,0,0,0,0 Candidates
syn_d9d799b5872fe2ce0188df87b10cee95,public_08,man,32,zone_a,0,0,0,0,0 Candidates
syn_e70d3c4f1e660624b9845df3b8768dea,public_08,man,46,zone_a,0,0,0,0,0 Candidates
syn_bb9ae005f6eda18d83741f91ce978ea7,public_08,man,24,zone_b,0,15,0,1,0 Candidates
syn_d6c107c4b905f822d30abe1ad4e37527,public_08,woman,40,zone_a,4,5,1,1,1 - 5 Candidates
syn_9cd29f813a0c3f41ec396ea6de024b96,public_08,man,29,zone_c,0,0,0,0,0 Candidates
syn_19b40b0a1d97aeea75e5e8d7a463751c,public_08,woman,23,zone_a,6,10,1,1,6 - 10 Candidates
syn_12c7cb677b331024461e39406742da8e,public_08,man,41,zone_a,3,3,1,1,1 - 5 Candidates
syn_a83b1060fcdafb1c0800dee3ceaaaee4,public_08,man,21,zone_c,0,0,0,0,0 Candidates
syn_b2c53716395a465db12ec8b344311b53,public_08,woman,26,zone_b,0,6,0,1,0 Candidates
syn_cf83d3a6a8ccf268165e15a300754f2c,public_08,man,25,zone_d,0,0,0,0,0 Candidates
syn_cc026958ed7c938cd4ae1d8da903d341,public_08,man,40,zone_a,4,6,1,1,1 - 5 Candidates
syn_7f25b8e1b3b12d00a48d2c9bf170c8c0,public_08,woman,32,zone_a,0,0,0,0,0 Candidates
syn_4683ec17f32cbf01bf061822c27505c6,public_08,man,31,zone_c,0,0,0,0,0 Candidates
syn_c35478d2f5a73ae0e398b26616306d2b,public_08,woman,24,zone_a,0,0,0,0,0 Candidates
syn_c3543a6e4224572bef55ecf655033d60,public_08,woman,38,zone_a,5,8,1,1,1 - 5 Candidates
syn_029cbdec760d3bbf204e186df1fc36c0,public_08,woman,41,zone_a,0,0,0,0,0 Candidates
syn_60baf3acdcffb71d555c54c207f24848,public_08,woman,36,zone_b,3,4,1,1,1 - 5 Candidates
syn_d9e5f482f8671eebc18105f6872c72f6,public_08,woman,24,zone_b,0,1,0,1,0 Candidates
syn_0c67573b1f57ba2825bf71fc8122d2c9,public_08,woman,21,zone_a,4,6,1,1,1 - 5 Candidates
syn_01a6242c3a65de35ebcd35458913b673,public_08,man,29,zone_a,0,0,0,0,0 Candidates
syn_696b66c05ca2e4d0171b0fe607c6fddd,public_08,woman,39,zone_b,0,0,0,0,0 Candidates
syn_b4f0140f7e7ef90dc21c19b672848b1e,public_08,woman,46,zone_b,0,0,0,0,0 Candidates
syn_87db96a232ef49a4ec0f5dd92a3fb02b,public_08,woman,44,zone_a,0,0,0,0,0 Candidates
syn_30ba3a1e3e6b2a2f2131e44acc2a383e,public_08,man,23,zone_a,0,20,0,1,0 Candidates
syn_f817902838aff65475bbfae99761b4d7,public_08,woman,41,zone_a,0,0,0,0,0 Candidates
syn_aeddb91a9f349c1352ed37589cb6b5f3,public_08,woman,26,zone_b,1,2,1,1,1 - 5 Candidates
syn_db7f24c2503c7b92338c00e1fd3b3f01,public_08,woman,28,zone_a,0,0,0,0,0 Candidates
syn_084fb3cd1d3faba776e927c1d1ff5a94,public_08,woman,33,zone_a,0,18,0,1,0 Candidates
syn_09e5c8f65bc3162da867eb43ca213565,public_08,woman,36,zone_a,0,0,0,0,0 Candidates
syn_17895386586fedd09a1b3d05cc9d6595,public_08,man,40,zone_a,0,0,0,0,0 Candidates
syn_183bb774ad44a73092ce2e584080f692,public_08,man,24,zone_c,0,0,0,0,0 Candidates
syn_e93014fcbde73d2035ed675e7b6c0242,public_08,woman,31,zone_d,0,0,0,0,0 Candidates
syn_e514c8d641c46dd1710790c43bedbf58,public_08,man,35,zone_a,0,0,0,0,0 Candidates
syn_d8e6bd14c9e126c049ddb975e2922a8d,public_08,non_binary,24,zone_a,0,0,0,0,0 Candidates
syn_437552fa534edce08b4262dec2f0aa73,public_08,woman,23,zone_a,0,0,0,0,0 Candidates
syn_06ba6f7d72f8688dfbf905553694d72a,public_08,man,28,zone_a,0,2,0,1,0 Candidates
syn_5c265bef9e7a2f52d889fab63552189e,public_08,man,41,zone_a,0,0,0,0,0 Candidates
syn_c37ed3cb30d8a92e348dc5b9d02cf437,public_08,woman,41,zone_a,5,8,1,1,1 - 5 Candidates
syn_3f9c1827cb864c5d12dc69a25f49db9d,public_08,woman,24,zone_a,0,0,0,0,0 Candidates
syn_85b535df57eebcca250380cae7aa5c07,public_08,woman,30,zone_c,0,0,0,0,0 Candidates
syn_efb19670521f74297939b880bb1f3a02,public_08,woman,46,zone_a,0,0,0,0,0 Candidates
syn_a3993b24a51f7f881e7dfd69d3590b94,public_08,woman,40,zone_c,0,0,0,0,0 Candidates
syn_d356f8360333d03ba81e16a8e22b7ca1,public_08,man,46,zone_a,2,4,1,1,1 - 5 Candidates
syn_66ed2d85c5c6dd954258ddc72411f25f,public_08,woman,40,zone_c,0,0,0,0,0 Candidates
syn_43d18aa30bcadd41bf9573fdb20f40b5,public_08,non_binary,34,zone_a,3,6,1,1,1 - 5 Candidates
syn_2bf2fd0019c2352ca972600964c3caec,public_08,non_binary,22,zone_b,0,0,0,0,0 Candidates
syn_b47198feb5761c7d8b4c8515c4bccd8e,public_08,woman,29,zone_d,0,0,0,0,0 Candidates
syn_af0dc6779fdaf3311a049163f1bbf8b3,public_08,man,23,zone_a,3,5,1,1,1 - 5 Candidates
syn_e873c9ddc3b41ec81c488e1c46adf54a,public_08,woman,24,zone_a,1,3,1,1,1 - 5 Candidates
syn_c2544d09bd92a01bc2e4c33b9a70d485,public_08,woman,26,zone_b,0,0,0,0,0 Candidates
syn_a9729439f089932d8652e5ad633a99f9,public_08,woman,42,zone_b,0,0,0,0,0 Candidates
syn_792d57380c89bfae24709f7ed802d099,public_08,non_binary,39,zone_b,1,2,1,1,1 - 5 Candidates
syn_cd3f6ee51fb25a90916bcf47d8ad8de2,public_08,man,46,zone_a,0,0,0,0,0 Candidates
syn_9472d5e1967a21205590fcfcdde82aa3,public_08,man,24,zone_b,2,4,1,1,1 - 5 Candidates
syn_5b242a61c88c1cea8363d28a1dbe7285,public_08,non_binary,34,zone_a,0,0,0,0,0 Candidates
syn_ae24dd7b53ae9c7bdd1abda2b5c82668,public_08,woman,43,zone_a,0,0,0,0,0 Candidates
syn_3e7ffb5ba91f6e62e376c3ffa2b1a15b,public_08,man,28,zone_a,0,0,0,0,0 Candidates
syn_698ae6596a92f86c09128d621970af1f,public_08,woman,45,zone_a,0,0,0,0,0 Candidates
syn_bda9d491f3a1ebc16373e68fe51badb8,public_08,man,45,zone_a,0,0,0,0,0 Candidates
syn_c3bc08570f83f153e75bee12c83a6e77,public_08,man,34,zone_b,0,1,0,1,0 Candidates
syn_12972c7fbbeec3d81a4c4510a6e2aef1,public_08,man,37,zone_a,1,4,1,1,1 - 5 Candidates
syn_da3823379e36eaf825533774f2a7ccf9,public_08,man,34,zone_b,1,2,1,1,1 - 5 Candidates
syn_1b600d8ff74ab72a2750f3abe08263f3,public_08,woman,27,zone_b,0,0,0,0,0 Candidates
syn_f2be4aea8706ad1475bf0a6418de1300,public_08,woman,21,zone_a,2,4,1,1,1 - 5 Candidates
syn_b0130f6985a31b1b90759224fa046b2e,public_08,man,25,zone_c,0,0,0,0,0 Candidates
syn_552d078577a182440484279b7e489a4b,public_08,woman,33,zone_a,0,0,0,0,0 Candidates
syn_945773a5b00778ef79b1d42992df3c41,public_08,non_binary,26,zone_a,0,0,0,0,0 Candidates
syn_a966d2a759aaab55616acf336990caeb,public_08,woman,25,zone_b,0,0,0,0,0 Candidates
syn_72c5f776ad35fbed0106ae5b3e02565d,public_08,man,29,zone_a,3,4,1,1,1 - 5 Candidates
syn_e3ae94c9163f229b06afa29afb5f91e4,public_08,man,43,zone_a,1,1,1,1,1 - 5 Candidates
syn_8a66ed480ae629f3e5a474726b94ace7,public_08,woman,35,zone_a,10,13,1,1,6 - 10 Candidates
syn_3172eb6a138918c0ec1b3a6be40cdc8c,public_08,man,38,zone_b,0,0,0,0,0 Candidates
syn_d1d432a7706d2824dfbd6a790a201ae8,public_08,woman,22,zone_c,2,2,1,1,1 - 5 Candidates
syn_fd09deb8f5da5d48b9d195107582fa8d,public_08,woman,29,zone_c,1,1,1,1,1 - 5 Candidates
syn_dd533ecc841591d3aeb6f406a7584c16,public_08,man,30,zone_a,2,4,1,1,1 - 5 Candidates
syn_908fd7f2b642f6ecd61bdb92419c4dd1,public_08,man,27,zone_b,1,2,1,1,1 - 5 Candidates
syn_51e0577f5526afca2bb10283a7973be8,public_08,man,37,zone_a,0,0,0,0,0 Candidates
syn_fceb07e10e27737824dd733b01c50d8e,public_08,man,33,zone_a,7,7,1,1,6 - 10 Candidates
syn_849853f77e32f35ff142de07f1bdadb1,public_08,woman,40,zone_a,0,0,0,0,0 Candidates
syn_9e07d5863de0ee899da79bf677dda36d,public_08,woman,35,zone_a,0,0,0,0,0 Candidates
syn_858d8469dd15142f352d256de613dca7,public_08,woman,22,zone_b,0,0,0,0,0 Candidates
syn_fd970782ddeb0ce579e8d17af6e4502a,public_08,woman,45,zone_a,0,18,0,1,0 Candidates
syn_405778e77863457c897b01bb1fbb3ef8,public_08,woman,26,zone_a,2,4,1,1,1 - 5 Candidates
syn_828229eec01e85ad92da5adb24b00092,public_08,man,44,zone_c,0,0,0,0,0 Candidates
syn_b9f68294d202797558ba7ce459baff71,public_08,man,25,zone_a,3,5,1,1,1 - 5 Candidates
syn_1c6ea263eb606de3b5c827174bfa4361,public_08,man,25,zone_a,0,0,0,0,0 Candidates
syn_16031023433a6025b2b0247a88e54e3b,public_08,man,45,zone_b,0,0,0,0,0 Candidates
syn_9e2b83520a604298ac7ac3ca4ed3a65c,public_08,man,41,zone_a,2,4,1,1,1 - 5 Candidates
syn_907e211f9ac8b9aa952628781a837c78,public_08,man,28,zone_a,4,6,1,1,1 - 5 Candidates
syn_c701df12da749db46be838bc30598d3c,public_08,woman,32,zone_a,8,10,1,1,6 - 10 Candidates
syn_f444cfa15ea2aa9ddffeb6396e16492f,public_08,man,23,zone_d,0,0,0,0,0 Candidates
syn_dc57825b73c698a351c1edc339da702a,public_08,woman,42,zone_c,0,0,0,0,0 Candidates
syn_f9e707da91075d8d0c6a87d99a1389e6,public_08,woman,24,zone_d,0,0,0,0,0 Candidates
syn_2f8c459a5b01837c6646f0a205ecd462,public_08,man,26,zone_a,4,4,1,1,1 - 5 Candidates
syn_9d086f92bd9196465b05e7fa7b78cab4,public_08,man,29,zone_a,9,13,1,1,6 - 10 Candidates
syn_2b3ef8c7271689cbeb282c81bfc06fda,public_08,man,28,zone_a,0,0,0,0,0 Candidates
syn_2171138583f561d1f0f863382d5fe1e7,public_08,woman,31,zone_d,0,0,0,0,0 Candidates
syn_37c08e445f55d98bf0bf590d25f23cf0,public_08,man,23,zone_c,0,1,0,1,0 Candidates
syn_4b70c34cd7bb18cbd6035cf42b4d53c4,public_08,woman,23,zone_b,0,1,0,1,0 Candidates
syn_1bf4f770353090b3038dbac5c3073f26,public_08,woman,40,zone_a,4,7,1,1,1 - 5 Candidates
syn_6db0d49a5ae5e480e8d064efd489f686,public_08,man,38,zone_b,0,0,0,0,0 Candidates
syn_81b6dc556725bb103d0ca09df52049ea,public_08,woman,33,zone_a,0,33,0,1,0 Candidates
syn_ac908e117263d182ba1667043439b10a,public_08,woman,37,zone_a,8,11,1,1,6 - 10 Candidates
syn_d9cf6a9463b3e7d2c256003a743c9554,public_08,man,41,zone_c,0,0,0,0,0 Candidates
syn_ade85ea94873bbf3448c74a619d69d4f,public_08,woman,46,zone_a,1,2,1,1,1 - 5 Candidates
syn_cb02a4a051bb050189ec710cb46a2e8a,public_08,man,24,zone_d,1,1,1,1,1 - 5 Candidates
syn_f3c121acdc4afa0b749b279fce60ae7b,public_08,woman,34,zone_a,8,10,1,1,6 - 10 Candidates
syn_3d77683b704738740b9c6ab04accd89d,public_09,woman,25,zone_a,4,7,1,1,1 - 5 Candidates
syn_14fd44220d5f56e0d4f017a3598f84ae,public_09,woman,44,zone_b,0,0,0,0,0 Candidates
syn_5ce6b2e9e14c9edec4853b5492ef6cff,public_09,woman,22,zone_b,0,4,0,1,0 Candidates
syn_ea1944eabf76fcfc92500830c916cccc,public_09,man,26,zone_a,3,5,1,1,1 - 5 Candidates
syn_b8600a93ecee035eed6fe95dfbc09ea9,public_09,woman,26,zone_b,0,0,0,0,0 Candidates
syn_cb3ff8321b992e7a53732e6fb99b3061,public_09,woman,22,zone_b,0,0,0,0,0 Candidates
syn_a39f1db58aa063e9cb09f196f213c7e7,public_09,woman,34,zone_c,0,0,0,0,0 Candidates
syn_27c524af60771d3e88451cee90e8fdfc,public_09,man,42,zone_d,0,0,0,0,0 Candidates
syn_237ac6c0a8d95e5c196851b211bc642f,public_09,man,38,zone_a,0,0,0,0,0 Candidates
syn_d82850164982ae00ef31276d17e27e43,public_09,woman,41,zone_c,0,0,0,0,0 Candidates
syn_c48dcbce4947952ae6405ef3d38cfa6a,public_09,woman,24,zone_a,0,0,0,0,0 Candidates
syn_786fd20a1d2dc32af6b455a58d594f6b,public_09,woman,35,zone_b,0,0,0,0,0 Candidates
syn_86645b39a0e577f9c1ab9e0adb3d4ceb,public_09,man,32,zone_b,0,0,0,0,0 Candidates
syn_1060f8789d9efed5c96b62750c60a10c,public_09,woman,35,zone_a,1,2,1,1,1 - 5 Candidates
syn_ba431e6b146bb164bfd5a47e0f4ad5fc,public_09,woman,33,zone_a,0,0,0,0,0 Candidates
syn_eba75cba86b2852f0600f883301abdb6,public_09,woman,35,zone_a,0,18,0,1,0 Candidates
syn_d575caff2f7b071eadd02469edffbfbc,public_09,woman,42,zone_a,2,4,1,1,1 - 5 Candidates
syn_fa7c24955e283049d85df1fbb450d74b,public_09,woman,39,zone_a,1,1,1,1,1 - 5 Candidates
syn_7991c13315834cd4562e98bb3b780697,public_09,man,22,zone_a,0,0,0,0,0 Candidates
syn_4743d11afcdb7f6b8da308f8a865acca,public_09,woman,35,zone_b,0,0,0,0,0 Candidates
syn_fed4e04146d0a9982d64d616bcbe5188,public_09,woman,28,zone_a,0,0,0,0,0 Candidates
syn_aa06f094a7797a8e7e3af1758bb97356,public_09,woman,28,zone_a,0,19,0,1,0 Candidates
syn_28ae87cd79eb66e215ba129d922c7c0b,public_09,non_binary,22,zone_b,0,0,0,0,0 Candidates
syn_9c7c9200bd69eb3de6297f81570e2093,public_09,man,28,zone_b,3,4,1,1,1 - 5 Candidates
syn_71dfefbca34c0ca9cdc80c0e9816a0db,public_09,woman,42,zone_c,0,0,0,0,0 Candidates
syn_e167d47f9a6da56a4d5759c2f482cf45,public_09,woman,42,zone_a,0,2,0,1,0 Candidates
syn_954eea336cf58b771bb42ef5e50176fe,public_09,man,38,zone_d,2,3,1,1,1 - 5 Candidates
syn_611b4f999018ab87c5e4f02fdd3b8e35,public_09,man,36,zone_b,2,4,1,1,1 - 5 Candidates
syn_45f211c179c9f9f2a6427fc608fc1f4f,public_09,woman,31,zone_b,0,0,0,0,0 Candidates
syn_bd0da7490dd4056c725bb09b0c2d96db,public_09,man,39,zone_c,0,0,0,0,0 Candidates
syn_15b34bf9b1a2a09abdbb8098859db4d6,public_09,man,45,zone_b,0,0,0,0,0 Candidates
syn_84678ce338afaea457e03995df9782ec,public_09,man,42,zone_a,3,4,1,1,1 - 5 Candidates
syn_48fe540526532891b1e5f0061d1d7fae,public_09,man,34,zone_b,0,13,0,1,0 Candidates
syn_759580f12b6a670da4cc7c0d58bb9adf,public_09,man,45,zone_c,0,0,0,0,0 Candidates
syn_01816ca4da2480b531cd84161c0e38f6,public_09,woman,24,zone_a,0,0,0,0,0 Candidates
syn_98e94a52f25112977ad37af1219acaa2,public_09,man,39,zone_a,2,3,1,1,1 - 5 Candidates
syn_b2abd96ee53a27f2c5e59d6561761225,public_09,man,40,zone_a,7,9,1,1,6 - 10 Candidates
syn_c9a4ff69e51dbb357d46cac1e6d72ff1,public_09,man,46,zone_d,0,0,0,0,0 Candidates
syn_3bb0358f91b3fbdf4028dfb699bb977b,public_09,woman,35,zone_c,0,0,0,0,0 Candidates
syn_c8034c0767d19d4a7a8516be577f5a49,public_09,man,42,zone_a,0,0,0,0,0 Candidates
syn_bad2fdc90dbe24ee16e966f51e2d4445,public_09,man,43,zone_b,0,0,0,0,0 Candidates
syn_f3292a7d8b8962cc5ec50446dcdd1b7e,public_09,man,46,zone_a,0,0,0,0,0 Candidates
syn_e6d8f0851c850de77efa67a3ebecc6ca,public_09,man,30,zone_a,0,0,0,0,0 Candidates
syn_565ecc085ea0a7603e173b98afdd2efd,public_09,woman,46,zone_a,0,0,0,0,0 Candidates
syn_3ab0834b2f20728569913ff8bdf497c2,public_09,woman,28,zone_a,0,0,0,0,0 Candidates
syn_4bb5eeb51fdfbc379c2b9089a2850da5,public_09,non_binary,24,zone_a,0,0,0,0,0 Candidates
syn_4cdd431972871007799df36f158abb2b,public_09,man,42,zone_a,1,2,1,1,1 - 5 Candidates
syn_2640db16caaaa59c746ccdd73e414769,public_09,man,33,zone_a,3,5,1,1,1 - 5 Candidates
syn_31b5b656f14d66c10a517e4530f34094,public_09,man,40,zone_a,2,2,1,1,1 - 5 Candidates
syn_a9c5ea5a5b35df82c6e4cc4a44fa35ca,public_09,woman,22,zone_b,1,2,1,1,1 - 5 Candidates
syn_267510ccd8255ac3385e255aa4ca55f9,public_09,man,45,zone_d,0,11,0,1,0 Candidates
syn_ad1547288de60c2f84bd1fe85c1dc6f8,public_09,woman,32,zone_b,0,0,0,0,0 Candidates
syn_18329274ef644612aea9c6943287ac5e,public_09,man,44,zone_b,0,0,0,0,0 Candidates
syn_3e31ee54b5c6410836bf96e80cdf4e36,public_09,woman,37,zone_a,5,7,1,1,1 - 5 Candidates
syn_2bc5690d46aeb0b365b1d446f6126f3a,public_09,woman,43,zone_a,0,21,0,1,0 Candidates
syn_49184f8377e25febace8f0eb14ebfb2c,public_09,non_binary,25,zone_a,3,4,1,1,1 - 5 Candidates
syn_7bb6795c2c8c8da6b0b5047cb270b6a2,public_09,non_binary,41,zone_b,0,15,0,1,0 Candidates
syn_e02f6a883c0601314be61b0a920b7ac1,public_09,man,25,zone_b,1,1,1,1,1 - 5 Candidates
syn_92562a5628605fa73b27b051a0a80c6d,public_09,woman,35,zone_c,0,2,0,1,0 Candidates
syn_dbf08804602b20900c33d44284e4b3a7,public_09,man,25,zone_a,0,0,0,0,0 Candidates
syn_5584fd09f63d2ec1a9b85e771606c617,public_09,man,22,zone_a,0,0,0,0,0 Candidates
syn_144a731e5f6fbba895bb43400c8e21ac,public_09,man,21,zone_a,2,3,1,1,1 - 5 Candidates
syn_ca4ebbf1f6b1a6530862a9b58dd79c12,public_09,woman,44,zone_a,3,4,1,1,1 - 5 Candidates
syn_c01785501e1046e518de997168177549,public_09,non_binary,37,zone_a,0,0,0,0,0 Candidates
syn_d79f8912b62eda42f1d1fedb4a0692de,public_09,woman,22,zone_b,1,1,1,1,1 - 5 Candidates
syn_8822c0e572de1d1e4198b13b049635d8,public_09,woman,34,zone_a,0,0,0,0,0 Candidates
syn_e01ac751b18577fb87cd8bd30466431a,public_09,woman,43,zone_b,1,2,1,1,1 - 5 Candidates
syn_3897f1b0cc5984c872766b78ee052e7e,public_09,man,30,zone_b,1,1,1,1,1 - 5 Candidates
syn_5a5595b3e18a3d3c16eaf95913a7ea93,public_09,woman,46,zone_a,0,0,0,0,0 Candidates
syn_0762071899f970108e97e5f879f23b60,public_09,man,42,zone_a,4,8,1,1,1 - 5 Candidates
syn_c40cfb64ca29a0af4f43672ee4c6138d,public_09,man,42,zone_a,5,7,1,1,1 - 5 Candidates
syn_956258f63f2ac3bd71c28f871db7fc37,public_09,woman,43,zone_a,0,0,0,0,0 Candidates
syn_6c599d2f5004fb8846e74bbdcc914a4e,public_09,man,29,zone_a,0,0,0,0,0 Candidates
syn_abd64af0283ffaed7c1a7178c9b82b06,public_09,woman,31,zone_a,0,0,0,0,0 Candidates
syn_24d43b3ab35a910d8bc5d95567437bbf,public_09,man,29,zone_c,0,0,0,0,0 Candidates
syn_78f72d93ac182e959338610c9ef20c33,public_09,man,31,zone_a,2,4,1,1,1 - 5 Candidates
syn_f0fc617fb887bb02742188e27a6cedd1,public_09,man,26,zone_b,0,0,0,0,0 Candidates
syn_5b7f75f90462850621f83c044d1d73fc,public_09,non_binary,45,zone_a,0,0,0,0,0 Candidates
syn_fd41191020e81449486bd66d57f5a965,public_09,man,22,zone_a,1,1,1,1,1 - 5 Candidates
syn_aff3636eea88cc36389ab342322d1b80,public_09,man,25,zone_b,0,0,0,0,0 Candidates
syn_4fa874d7bbb15debb13c26bd8848dbd7,public_09,woman,26,zone_a,2,3,1,1,1 - 5 Candidates
syn_df3b42bf60bed5a6adda3b4807a79fe3,public_09,man,43,zone_d,1,2,1,1,1 - 5 Candidates
syn_a4de8bb0451caa4b23ce4900ae2ea2ae,public_09,woman,42,zone_d,1,2,1,1,1 - 5 Candidates
syn_4405c95a56a5400ca5b3859256c7deef,public_09,man,33,zone_c,0,0,0,0,0 Candidates
syn_6fe83c7ff5e97710dbc341718e46bcd6,public_09,woman,39,zone_a,0,0,0,0,0 Candidates
syn_399815501e1007dfb1a713ea80f0e372,public_09,woman,26,zone_a,2,4,1,1,1 - 5 Candidates
syn_9b9eb23ba1764bf3ee3eb6b3427a9f87,public_09,man,34,zone_b,2,3,1,1,1 - 5 Candidates
syn_417aab129d07252e7523b04ddd848aaa,public_09,man,21,zone_b,0,0,0,0,0 Candidates
syn_23fefada2c5b19650602df9e452b270c,public_09,woman,27,zone_a,1,3,1,1,1 - 5 Candidates
syn_be2c7e294013c733ac073fd0d21f3423,public_09,man,42,zone_c,0,0,0,0,0 Candidates
syn_92bc461db5199d18402828ef1512b58c,public_09,woman,42,zone_a,8,12,1,1,6 - 10 Candidates
syn_9fa7dea552910d4a7e578e38347deaf4,public_09,man,29,zone_a,0,0,0,0,0 Candidates
syn_f2e79f8642e5542b23972d216bee6c9a,public_09,man,40,zone_c,0,1,0,1,0 Candidates
syn_50ea39299a1dd7bb8168828cf1cf5f09,public_09,woman,40,zone_a,0,0,0,0,0 Candidates
syn_ca393031cc9c77939d82390aa8fa8cdc,public_09,woman,22,zone_a,0,0,0,0,0 Candidates
syn_0b80567ead9de969ae02722c928b76e6,public_09,woman,30,zone_a,0,1,0,1,0 Candidates
syn_e6877263afb61e122bf9e421645d7e22,public_09,non_binary,38,zone_a,0,0,0,0,0 Candidates
syn_758804484523f18afae309e81e2f638e,public_09,man,43,zone_b,0,0,0,0,0 Candidates
syn_0921d5d4fa5efe86afea36e97bbd22cb,public_09,woman,39,zone_a,0,0,0,0,0 Candidates
syn_fe848a0f29f2f6689a79b64a9bd16b2a,public_09,woman,34,zone_a,1,1,1,1,1 - 5 Candidates
syn_aed3ea7e30e283ce82b4f69158763acd,public_09,man,35,zone_b,1,3,1,1,1 - 5 Candidates
syn_d8bc26b013d3c09839c15aeb5f6b8cb2,public_09,man,22,zone_c,0,0,0,0,0 Candidates
syn_ee1b22e21a2ba67e42ee44263820977d,public_09,woman,36,zone_a,2,4,1,1,1 - 5 Candidates
syn_0e1fe175a9527ff92f59598e685cc7ee,public_09,woman,42,zone_a,1,1,1,1,1 - 5 Candidates
syn_38f8ebc282c05a5fabb341e9d0c0cb4d,public_09,man,25,zone_a,0,0,0,0,0 Candidates
syn_ec5bdd9c90d5129edad23f7776d655d4,public_09,man,34,zone_a,0,18,0,1,0 Candidates
syn_a18815494442272660d4a49dc9ebbe5b,public_09,man,35,zone_b,0,1,0,1,0 Candidates
syn_7fead21b4bacec69a251e78421c2e96b,public_09,non_binary,41,zone_c,0,0,0,0,0 Candidates
syn_abb3f40510dd35a326d13a8f57aa0299,public_09,non_binary,22,zone_c,0,0,0,0,0 Candidates
syn_59905c9f292ee47d97bf1312a5fcaf13,public_09,woman,21,zone_b,0,0,0,0,0 Candidates
syn_e81c2b2e2a7abaa4d982c68ee0d9e649,public_09,woman,31,zone_b,0,0,0,0,0 Candidates
syn_3a65b9f12645a89741bff7ef7d1e4e8f,public_09,man,32,zone_c,0,0,0,0,0 Candidates
syn_c522ab8effc0d0aea1b702381cbbd5e8,public_09,woman,25,zone_a,0,0,0,0,0 Candidates
syn_3756e1ffedb7967d50244b9a9878b275,public_09,non_binary,39,zone_a,0,0,0,0,0 Candidates
syn_45e42e4c0c71b023b9c360f922081b70,public_09,man,40,zone_b,0,0,0,0,0 Candidates
syn_245d5b3d2f3176dc1ffb4b3fe03e2d89,public_09,man,30,zone_b,0,0,0,0,0 Candidates
syn_443a630b3ca8086f7d67ec70eed08f1f,public_09,non_binary,31,zone_a,1,2,1,1,1 - 5 Candidates
syn_1fab3f903e7e09a11b8affb5bdc69d99,public_09,woman,21,zone_b,0,0,0,0,0 Candidates
syn_74dd88b307dc5ec0cdb2258f78f8e0cc,public_09,woman,42,zone_b,0,1,0,1,0 Candidates
syn_b64bd556cb5e8b8e907989f58a78859a,public_09,woman,37,zone_a,0,0,0,0,0 Candidates
syn_fc97c5ac8a004415b4bdfb8ae82fda7b,public_09,woman,33,zone_a,0,0,0,0,0 Candidates
syn_73b5c4d3964c3332b1c0a37817ed390e,public_09,man,42,zone_c,0,0,0,0,0 Candidates
syn_bc0a0129a81304a8b5e02870858a57ac,public_09,woman,43,zone_a,0,0,0,0,0 Candidates
syn_72fa7f3a49551b8406189406fe067a80,public_09,man,21,zone_a,3,5,1,1,1 - 5 Candidates
syn_875b1c6c5a3cd40c806ef3512722833e,public_09,man,34,zone_a,3,5,1,1,1 - 5 Candidates
syn_c2f85495a9b5f2462882cadfd0e7d797,public_09,woman,34,zone_a,0,0,0,0,0 Candidates
syn_f37b7db2cd4e3caf99dcada45326ece7,public_09,woman,31,zone_b,3,6,1,1,1 - 5 Candidates
syn_a7c8bcd25931438ab1bb7738b4502628,public_09,man,27,zone_c,0,0,0,0,0 Candidates
syn_7ced31fcb0b3bd40a02865a74a6fcb92,public_09,man,36,zone_a,0,0,0,0,0 Candidates
syn_f28444f6832dc70ff65b79d31ac79374,public_09,woman,22,zone_a,0,0,0,0,0 Candidates
syn_8c39122a398b4fbbc69c4483b741a20a,public_09,woman,42,zone_b,2,3,1,1,1 - 5 Candidates
syn_b923a686ac867c0fccf2c9cc2cbde8c7,public_09,woman,32,zone_b,2,3,1,1,1 - 5 Candidates
syn_601ffd25b3471b188497aaeb8c401a99,public_09,woman,37,zone_b,0,0,0,0,0 Candidates
syn_46153b3e21490c0dcdddff4ea33fa5d1,public_09,man,44,zone_a,1,1,1,1,1 - 5 Candidates
syn_154fa2c92626e9e40e5ef8d9410be038,public_09,woman,31,zone_a,0,0,0,0,0 Candidates
syn_a005fdbc59c75076c16892b788a008e3,public_09,woman,41,zone_a,2,3,1,1,1 - 5 Candidates
syn_6059c77c74085abb0912206d06d0d0b7,public_09,man,37,zone_c,0,0,0,0,0 Candidates
syn_ba5b3cf28cc23e4a97fa0612a8050df5,public_09,man,21,zone_c,0,0,0,0,0 Candidates
syn_4f6aec2c794cd3961ebf9d3a11200acd,public_09,man,33,zone_a,0,0,0,0,0 Candidates
syn_dfe8a9f8760648c148c2e43eb19b89de,public_09,woman,29,zone_c,0,0,0,0,0 Candidates
syn_cb1c9f942f4b1ab3b19ee7dd1e296b38,public_09,non_binary,37,zone_c,0,0,0,0,0 Candidates
syn_f5ccf31a85de7020de1b076ea0b50771,public_09,woman,37,zone_a,0,0,0,0,0 Candidates
syn_e836fb28ced1bf9e54b493ea49972457,public_09,woman,33,zone_a,1,2,1,1,1 - 5 Candidates
syn_b00f09229a4149e198530c2561164346,public_09,man,35,zone_a,0,0,0,0,0 Candidates
syn_6a0a70e102a42456541ad3688e00967c,public_09,woman,38,zone_a,2,3,1,1,1 - 5 Candidates
syn_66d753d6a14f2fe4a18597cf6cf37ddb,public_09,man,22,zone_a,0,0,0,0,0 Candidates
syn_01639d571d85dc2ea9a0bad313cbb6fa,public_09,woman,34,zone_a,1,2,1,1,1 - 5 Candidates
syn_7943db275fb55131bbdb6929da1bc57f,public_09,woman,21,zone_a,3,5,1,1,1 - 5 Candidates
syn_572733bbeb649bcd629f40c406bb38a5,public_09,man,42,zone_a,1,1,1,1,1 - 5 Candidates
syn_395b967214926c08e0140e09fe6780da,public_09,woman,38,zone_a,3,4,1,1,1 - 5 Candidates
syn_899dc40289039e438025aa0395b0976f,public_09,man,28,zone_c,0,0,0,0,0 Candidates
syn_af959818947df43f7875faa2039989b1,public_09,man,28,zone_a,0,0,0,0,0 Candidates
syn_7ea24ae1bc6dd1bf483a695694b4de60,public_09,man,45,zone_a,3,4,1,1,1 - 5 Candidates
syn_c37cfe90971bfa9a2ae256492019c60c,public_09,woman,43,zone_b,0,0,0,0,0 Candidates
syn_b4e4ce7c2881670a12de4cc507059e9e,public_09,man,37,zone_b,1,2,1,1,1 - 5 Candidates
syn_90b20ab529b035956cabd80f2914222c,public_09,woman,46,zone_a,0,0,0,0,0 Candidates
syn_52bea84dd5f87d01e4cb9f99f1d15eeb,public_09,woman,22,zone_b,1,1,1,1,1 - 5 Candidates
syn_e42956bd3ad3d0ab962031c145e0e8f5,public_09,non_binary,45,zone_a,3,3,1,1,1 - 5 Candidates
syn_107ad6c4147c5cb645061a2979f74e3a,public_09,man,29,zone_c,0,0,0,0,0 Candidates
syn_abc2784933f4c824d0787f6bc2387218,public_09,man,28,zone_c,0,0,0,0,0 Candidates
syn_9c140ae8d2d6c9a3ee6c2db2dd2c6b9c,public_09,woman,27,zone_a,0,0,0,0,0 Candidates
syn_c917b2bc447673d74236e7a2dd16c6e6,public_09,woman,30,zone_c,0,0,0,0,0 Candidates
syn_80477fea849604e146069caac1cbd7a3,public_09,man,39,zone_a,0,0,0,0,0 Candidates
syn_a0b2947cb481f86d55618ddadbd44f63,public_09,man,40,zone_a,0,0,0,0,0 Candidates
syn_4fe3ee745aa0a0513d715c1f5e333848,public_09,woman,46,zone_a,2,2,1,1,1 - 5 Candidates
syn_03337154da48057c40de9e9d5daf2498,public_09,man,37,zone_a,0,1,0,1,0 Candidates
syn_938533b6ed1b3352a3eeee11e0e010f7,public_09,man,28,zone_b,2,2,1,1,1 - 5 Candidates
syn_83dec6ec1106acd6206f7a0f53acda95,public_09,man,38,zone_a,0,0,0,0,0 Candidates
syn_49aa062858abc6e6de8783ba7f24bef3,public_09,man,43,zone_b,0,1,0,1,0 Candidates
syn_06c6a93d496d809575d704f32cbdca19,public_09,woman,28,zone_a,5,6,1,1,1 - 5 Candidates
syn_366a357dac719d4d13550d2f27a903ec,public_09,man,40,zone_b,0,1,0,1,0 Candidates
syn_1b184e95022de898923462253f4ad12b,public_09,woman,22,zone_a,0,17,0,1,0 Candidates
syn_2498b1dc356de003c3825324d212befd,public_09,man,30,zone_a,3,7,1,1,1 - 5 Candidates
syn_ecbd3bbd6e4c680ef019ea1a697e69b1,public_09,man,27,zone_a,0,0,0,0,0 Candidates
syn_57ac2de59c20dfd75914b386872baec8,public_09,woman,45,zone_a,0,0,0,0,0 Candidates
syn_b1d3de98197343cbb4b948b466737fc1,public_09,man,45,zone_a,0,0,0,0,0 Candidates
syn_664d91e54ac84101c9455adeb1f76e58,public_09,man,30,zone_a,8,13,1,1,6 - 10 Candidates
syn_079e4c66c002f01360d6eac90cbb7f10,public_09,woman,26,zone_c,0,0,0,0,0 Candidates
syn_10f4706b1205e110708474233073766f,public_09,man,42,zone_c,0,0,0,0,0 Candidates
syn_a9522305356dba8541a258a4a5ff316d,public_09,woman,43,zone_a,0,0,0,0,0 Candidates
syn_730902ccb1e8843f663686decde0103d,public_09,woman,42,zone_a,0,0,0,0,0 Candidates
syn_8dca0eb1396466d541b4cb63c7698d9e,public_09,man,46,zone_d,0,0,0,0,0 Candidates
syn_28da624569efb20e864cd88321526064,public_09,man,43,zone_a,0,0,0,0,0 Candidates
syn_e2e181499dcf7908fdef35663b9adb7e,public_09,woman,39,zone_c,0,0,0,0,0 Candidates
syn_6a6823ceee9dd6b79387201ffb471503,public_09,man,23,zone_a,0,0,0,0,0 Candidates
syn_8e937cd663d14a374d74504b2167f196,public_09,man,36,zone_a,0,0,0,0,0 Candidates
syn_42eb68220981f755046bf98b450377e3,public_09,man,21,zone_a,0,0,0,0,0 Candidates
syn_8b671418e39d54beeba99d9a5d38fe6d,public_09,woman,23,zone_c,0,0,0,0,0 Candidates
syn_86a30dc2536f37c5d0a2a5cb696eb072,public_09,man,27,zone_a,0,21,0,1,0 Candidates
syn_823dd9a33a6d0b232085b88f25d4b92b,public_09,man,37,zone_a,0,0,0,0,0 Candidates
syn_a86e57ed18a5f9ff6d38198f151236ec,public_09,man,37,zone_a,0,0,0,0,0 Candidates
syn_bd7ac000c71df28fa0ee9fd90081ab7c,public_09,man,37,zone_a,0,0,0,0,0 Candidates
syn_c0a3d94528ea4032ce611009fcbac175,public_09,man,33,zone_d,0,0,0,0,0 Candidates
syn_5a23a537897a87e452157802beeeb09e,public_09,man,24,zone_a,2,5,1,1,1 - 5 Candidates
syn_a6ac730a7422dc42e543fc3d84f9da31,public_09,man,34,zone_a,1,1,1,1,1 - 5 Candidates
syn_9765e449ae215cfcc69e599f86ffbd9f,public_09,man,32,zone_b,0,0,0,0,0 Candidates
syn_d6b73be38eda52db3025a5b96af5b58e,public_09,non_binary,37,zone_a,1,1,1,1,1 - 5 Candidates
syn_bf058d621c18e8c309413475a63439c0,public_09,woman,22,zone_b,0,0,0,0,0 Candidates
syn_5101ee98621b0a0aa0efcc363c546da1,public_09,woman,30,zone_b,1,1,1,1,1 - 5 Candidates
syn_2cbc418ebac399b8bd636a099732065d,public_09,man,46,zone_b,1,1,1,1,1 - 5 Candidates
syn_33218a5ec81d850bee668de6aac93a05,public_10,woman,35,zone_a,1,1,1,1,1 - 5 Candidates
syn_7cf80d12307757f457a3f2d25c83355b,public_10,man,34,zone_b,0,0,0,0,0 Candidates
syn_26fd7678c869908494d28649d5ca8650,public_10,man,32,zone_a,0,0,0,0,0 Candidates
syn_b5d4365e3fe324d1c0294474d3677d51,public_10,man,41,zone_a,0,0,0,0,0 Candidates
syn_5e3892cea1f5f732208948e2e10b78cc,public_10,woman,39,zone_b,0,0,0,0,0 Candidates
syn_919a76552d8482ca791e53a294fa7be4,public_10,man,34,zone_b,0,0,0,0,0 Candidates
syn_a83803235dd25c672bd97b546bbd67fd,public_10,man,40,zone_b,3,3,1,1,1 - 5 Candidates
syn_5a281d2f263e8e2034f9e481b06d678e,public_10,man,42,zone_a,0,0,0,0,0 Candidates
syn_b1ac75f932c64ba908090ca0ab5fbe82,public_10,woman,44,zone_a,0,0,0,0,0 Candidates
syn_220e7b8f6140c1a235ca6dbb1802647f,public_10,man,43,zone_a,1,1,1,1,1 - 5 Candidates
syn_70199e65f4e0a029086b9b29b86d1910,public_10,woman,25,zone_a,0,16,0,1,0 Candidates
syn_a72369d69b77313b62eb9cf310987623,public_10,man,28,zone_a,4,5,1,1,1 - 5 Candidates
syn_e14ddd58360524cf5be95fd690a53373,public_10,man,39,zone_c,0,0,0,0,0 Candidates
syn_4d4039deb870661a489ded51c2e01c2d,public_10,man,26,zone_b,3,4,1,1,1 - 5 Candidates
syn_aeefcfb549daeff353853ca453cc493f,public_10,man,38,zone_a,0,0,0,0,0 Candidates
syn_217895ab097561583b59dbd045085252,public_10,man,21,zone_a,0,0,0,0,0 Candidates
syn_b92c1b66c29e9bbda64a8a27d704a49e,public_10,woman,37,zone_b,1,1,1,1,1 - 5 Candidates
syn_3026c699639e3e6348676dcc6d650cc9,public_10,man,28,zone_a,3,5,1,1,1 - 5 Candidates
syn_5048648d52310fb5f4ff8ba37ee12b09,public_10,woman,36,zone_a,0,0,0,0,0 Candidates
syn_e47ce1bf335b859bc695eba30b036973,public_10,woman,37,zone_b,2,2,1,1,1 - 5 Candidates
syn_9f24eb9f47480d919ffa979789910f3e,public_10,man,22,zone_b,0,0,0,0,0 Candidates
syn_26a54382c3b5c6a9a6a5b67ca4f6994d,public_10,woman,25,zone_b,1,2,1,1,1 - 5 Candidates
syn_1ae90b5251f4cae9847d631ba7450603,public_10,woman,33,zone_b,0,0,0,0,0 Candidates
syn_7efa12fe4b70a83719b5b4c79fa77d0e,public_10,non_binary,29,zone_a,0,1,0,1,0 Candidates
syn_704d3e2bcba55cfb49456292d8b04e04,public_10,man,27,zone_b,0,0,0,0,0 Candidates
syn_f9f79b3f0cde56e68df3f1c4200670f3,public_10,man,39,zone_b,0,0,0,0,0 Candidates
syn_82e48d89b5e9fb6839d31933fbfee9dc,public_10,woman,35,zone_a,1,1,1,1,1 - 5 Candidates
syn_60757875c23e938767f7c422caa6e51f,public_10,man,40,zone_b,3,3,1,1,1 - 5 Candidates
syn_5e17c5d71314502e7e82be534f0b00ef,public_10,woman,26,zone_a,0,0,0,0,0 Candidates
syn_f53c9fb43874da5040cb430163ee338e,public_10,man,30,zone_b,1,3,1,1,1 - 5 Candidates
syn_aafea598a05555fd8a0331cd77bf3d1b,public_10,woman,30,zone_b,7,9,1,1,6 - 10 Candidates
syn_05f00377de67a76742eaf9a18294b9a7,public_10,man,38,zone_b,0,0,0,0,0 Candidates
syn_0f4034ae56ee969b3bce8239dea9bf28,public_10,man,41,zone_a,2,2,1,1,1 - 5 Candidates
syn_8004e1549c802a6b7a454f9afffc1479,public_10,woman,23,zone_a,2,3,1,1,1 - 5 Candidates
syn_3076294e5d85afabd3ee1cf422b00286,public_10,woman,34,zone_b,0,1,0,1,0 Candidates
syn_5a4cdc8315009ab8a343faa7d65bd421,public_10,woman,29,zone_a,0,1,0,1,0 Candidates
syn_b75139c506f01742aaf6ba930016076d,public_10,man,34,zone_c,0,0,0,0,0 Candidates
syn_aa7882c4e36f1db12d7e3e8adfcc350c,public_10,woman,22,zone_a,0,0,0,0,0 Candidates
syn_42d6624b007f9dadc90a65025826c2af,public_10,man,23,zone_d,2,2,1,1,1 - 5 Candidates
syn_bc3b756a229dce27aa65eaa15483d390,public_10,man,37,zone_a,0,0,0,0,0 Candidates
syn_fb677458ed9ef553765b0355a8ca1d87,public_10,woman,23,zone_a,2,3,1,1,1 - 5 Candidates
syn_5c200d85b82f7a1aceac2e52e8fb0c4a,public_10,woman,24,zone_c,0,0,0,0,0 Candidates
syn_23076ac948615ab25b15d7af197b3cb6,public_10,man,21,zone_a,0,0,0,0,0 Candidates
syn_aa1ac8f925b53c4b45cf32c4812cf7fa,public_10,man,31,zone_b,0,0,0,0,0 Candidates
syn_3195acde70c1745839a5d0fde36d372d,public_10,woman,22,zone_b,0,0,0,0,0 Candidates
syn_7665278eebe7b6a88233a61f735661c4,public_10,woman,41,zone_b,1,1,1,1,1 - 5 Candidates
syn_9ab353464f583bd46641af0a05e39f27,public_10,woman,25,zone_b,2,3,1,1,1 - 5 Candidates
syn_f74fd02a69d26a14e5a77cb07ec0630f,public_10,man,32,zone_a,2,2,1,1,1 - 5 Candidates
syn_2c41f4560363cf4a91985306f3e708c5,public_10,man,40,zone_a,4,4,1,1,1 - 5 Candidates
syn_6a8b7f19205f77e0079c06f343b179f9,public_10,man,35,zone_a,4,4,1,1,1 - 5 Candidates
syn_275423fae18fbc0a9c9222d8e2386a84,public_10,man,44,zone_a,0,0,0,0,0 Candidates
syn_402e1f6ef8e7f2165bf6b480c1dca3a7,public_10,woman,44,zone_a,0,0,0,0,0 Candidates
syn_c1abc42f74dd1751b4ef96458ad671ab,public_10,woman,34,zone_b,0,0,0,0,0 Candidates
syn_bc4afbb6a6767d12f8abbddbeafe6fdd,public_10,man,29,zone_b,3,4,1,1,1 - 5 Candidates
syn_4bc1e38ea63e9722716083ad615d1d35,public_10,woman,34,zone_b,0,0,0,0,0 Candidates
syn_b2e6fbdb92304fcbba68da9f4b11a8d8,public_10,woman,43,zone_c,0,0,0,0,0 Candidates
syn_5e68952b4f2071935ac0dd1871a754ae,public_10,woman,43,zone_a,0,0,0,0,0 Candidates
syn_eb8368f49afc9d7d00ecc48c4d3de4ce,public_10,man,31,zone_a,1,1,1,1,1 - 5 Candidates
syn_b6de99e8f5cef46ac12efb93e9e63600,public_10,woman,22,zone_a,0,0,0,0,0 Candidates
syn_2ae6428fe8d0787376fe540dbd83a9e1,public_10,woman,30,zone_b,3,4,1,1,1 - 5 Candidates
syn_4550325028612805cbf17f2710057234,public_10,woman,25,zone_a,3,4,1,1,1 - 5 Candidates
syn_1d9fcedbba8fbe744c915639c8c02ff7,public_10,woman,40,zone_a,6,6,1,1,6 - 10 Candidates
syn_766360acc07dd414610eb2668c8b96d8,public_10,man,26,zone_c,0,0,0,0,0 Candidates
syn_a17752a2f68f8ad7d1a4988b602f4345,public_10,woman,42,zone_a,5,5,1,1,1 - 5 Candidates
syn_a7af846b065cc7e2fa39c47ce27bf1bb,public_10,woman,21,zone_a,0,0,0,0,0 Candidates
syn_4148c5857b9b1a5f5cc9962e4045b34a,public_10,man,27,zone_b,0,14,0,1,0 Candidates
syn_223fb12c0510f77a0c5c8b3948c2f699,public_10,man,34,zone_a,0,0,0,0,0 Candidates
syn_4aa4934080f1de02fbd69dc8d647aaca,public_10,man,44,zone_d,0,0,0,0,0 Candidates
syn_ebba1ff86420419865f1aabda4832735,public_10,man,43,zone_b,3,3,1,1,1 - 5 Candidates
syn_3f3d811aacd2dfcbac52781c6b7b9056,public_10,man,39,zone_b,0,0,0,0,0 Candidates
syn_ac7adb59d76e0765d34bb88a00ac664b,public_10,man,23,zone_a,1,2,1,1,1 - 5 Candidates
syn_bae0b521949ab7300489364e4053ab94,public_10,non_binary,37,zone_c,0,0,0,0,0 Candidates
syn_12df47841c9a6503a3ac59119e457aef,public_10,man,32,zone_b,2,3,1,1,1 - 5 Candidates
syn_9ef9393cf2e1a047ab7e988fc46c1d79,public_10,man,36,zone_a,0,0,0,0,0 Candidates
syn_89b307713d8898967b949ee364b9c9c2,public_10,woman,23,zone_a,2,3,1,1,1 - 5 Candidates
syn_57d4a991c445dc4c4a464ab62df052d0,public_10,woman,25,zone_b,0,0,0,0,0 Candidates
syn_c9be388494e22cfa381f02dd26a9c539,public_10,man,22,zone_a,0,0,0,0,0 Candidates
syn_868db7083c30b6b67ec0f998ed6afc10,public_10,woman,22,zone_b,0,0,0,0,0 Candidates
syn_d436d8dad2150f8228880557db52e481,public_10,non_binary,31,zone_d,0,0,0,0,0 Candidates
syn_4118efebeb5bffb1d97c676086799fca,public_10,woman,28,zone_a,5,7,1,1,1 - 5 Candidates
syn_5c98fc14f479c119dbc889c1d15e99d1,public_10,woman,28,zone_a,0,0,0,0,0 Candidates
syn_fe63aea00d57f05275dfa1b39efa721e,public_10,woman,34,zone_a,1,1,1,1,1 - 5 Candidates
syn_a3ebe737714c0f078d738fd6426f1247,public_10,man,38,zone_a,3,3,1,1,1 - 5 Candidates
syn_5c0011d34a04ccd00b0c8aee5c425c3d,public_10,woman,44,zone_c,0,0,0,0,0 Candidates
syn_f9226f603076fe6965d21526c1b71669,public_10,man,42,zone_a,3,3,1,1,1 - 5 Candidates
syn_480efc98a6f5a3e0686688b752a13cc1,public_10,non_binary,32,zone_b,0,0,0,0,0 Candidates
syn_2bd0bc113015a61a34579ec7d3cfa18f,public_10,man,24,zone_a,3,4,1,1,1 - 5 Candidates
syn_e75c0907f7e92d36cef546a896000d88,public_10,woman,35,zone_a,5,6,1,1,1 - 5 Candidates
syn_a62f57e4e169dc216eb3af70cc2b6c66,public_10,man,43,zone_a,0,0,0,0,0 Candidates
syn_e26e413c822f5d065a6aaad564ea9c65,public_10,woman,44,zone_c,0,0,0,0,0 Candidates
syn_810c649afa1cc698c4e1e96a440f4c7c,public_10,non_binary,38,zone_a,0,0,0,0,0 Candidates
syn_48d0a5d097759c8be67c96449ac7ecf8,public_10,woman,42,zone_d,0,0,0,0,0 Candidates
syn_36a6a073237ca17cc85d34b97234c35c,public_10,man,34,zone_a,2,2,1,1,1 - 5 Candidates
syn_07a1ba169c947274fbda87ce93066956,public_10,man,41,zone_a,3,3,1,1,1 - 5 Candidates
syn_e87ac8f51dde507ccc502ce9297e92ee,public_10,woman,21,zone_a,0,0,0,0,0 Candidates
syn_7a7e25f64855898d5edb6c68e6c8c787,public_10,man,29,zone_c,0,0,0,0,0 Candidates
syn_f0f19dd9848ef26b610a53e071941f92,public_10,woman,26,zone_a,1,3,1,1,1 - 5 Candidates
syn_30cbdb52ceb8c0af45b8ea5718903480,public_10,woman,26,zone_d,0,0,0,0,0 Candidates
syn_00a292432ca19ea1d82f9d7dee556e20,public_10,woman,27,zone_b,3,4,1,1,1 - 5 Candidates
syn_2fa3bb3f1432bf2ac5d44a90e57ee3a2,public_10,man,36,zone_b,0,0,0,0,0 Candidates
syn_5f14e9567ba0f208b00430bb476fc6fc,public_10,non_binary,36,zone_a,2,2,1,1,1 - 5 Candidates
syn_8453c71753b5d08235500b6abd62b2de,public_10,woman,36,zone_b,0,0,0,0,0 Candidates
syn_ecbf5233371e2318fb6924c4f6c75877,public_10,man,25,zone_a,1,2,1,1,1 - 5 Candidates
syn_1b6034c9232f6b508279bd5cdfb4d686,public_10,woman,32,zone_a,0,0,0,0,0 Candidates
syn_9c04233684bb4911a9fe43de26c22baa,public_10,non_binary,37,zone_a,0,0,0,0,0 Candidates
syn_eb2de16c05e320faa6cd97b9afb6bb17,public_10,woman,29,zone_a,0,0,0,0,0 Candidates
syn_26dd18a4132bd025090300e446cf7bda,public_10,man,46,zone_a,3,3,1,1,1 - 5 Candidates
syn_55ea2f581d064b6526f3ee537e175442,public_10,woman,34,zone_a,0,0,0,0,0 Candidates
syn_e4f991708189c349ded071b06febd18a,public_10,woman,33,zone_c,0,0,0,0,0 Candidates
syn_a2636682040b5f9e5612d711743d5a8e,public_10,woman,25,zone_a,3,4,1,1,1 - 5 Candidates
syn_32e94f3f8da21e1b675cbcbcad8850eb,public_10,man,41,zone_b,0,0,0,0,0 Candidates
syn_3d9aa8f2b2f0e82cb4712e749d6a1225,public_10,non_binary,46,zone_a,1,1,1,1,1 - 5 Candidates
syn_e00eac39f3492d9a1bc3155713bf7da6,public_10,woman,36,zone_a,0,0,0,0,0 Candidates
syn_6ccd6d178a306578b2d80336ed08202f,public_10,man,38,zone_a,2,2,1,1,1 - 5 Candidates
syn_f5911cd20ca09a7867500d58234736b5,public_10,woman,45,zone_a,1,1,1,1,1 - 5 Candidates
syn_39f48c4c50343606770faa51e54c63fa,public_10,man,27,zone_a,1,1,1,1,1 - 5 Candidates
syn_bb443631f548022f3213e2af0c36fdc2,public_10,non_binary,21,zone_a,0,0,0,0,0 Candidates
syn_29292426db6a2cb750008aeaa3393bb3,public_10,woman,21,zone_a,0,0,0,0,0 Candidates
syn_82a26b924dff2a0f8dc817247cb55969,public_10,man,26,zone_a,0,0,0,0,0 Candidates
syn_11c7a35957579b543aebc553ec143dfb,public_10,man,28,zone_b,4,5,1,1,1 - 5 Candidates
syn_8b6e6a2e60068dc1b4a06cab61c1021d,public_10,woman,36,zone_a,0,0,0,0,0 Candidates
syn_c9292a2a26e099230dc042d5f8390e0a,public_10,man,35,zone_c,0,0,0,0,0 Candidates
syn_a327976b3056ca22ce449dbd70481d21,public_10,woman,29,zone_a,0,0,0,0,0 Candidates
syn_1fa0f9be55fad34f21fa1c78bcc75823,public_10,man,27,zone_b,2,3,1,1,1 - 5 Candidates
syn_5d8505b9dd97fa00371e8e794059ee01,public_10,woman,41,zone_a,0,0,0,0,0 Candidates
syn_da41a5cde5eaf8c1c09cb0eb1122d4a1,public_10,man,36,zone_d,0,0,0,0,0 Candidates
syn_67a91d5639d408ed487ea1f496cac894,public_10,man,38,zone_a,1,1,1,1,1 - 5 Candidates
syn_4560e171cc609d47f13c19290cd05c5d,public_10,woman,25,zone_b,0,0,0,0,0 Candidates
syn_65f5d040e59eb3dfdff023cd290ef343,public_10,man,38,zone_a,2,2,1,1,1 - 5 Candidates
syn_676957ba298a618f64668d76d471200a,public_10,man,39,zone_a,3,3,1,1,1 - 5 Candidates
syn_75e820cf99f61563f5018dfc9b311e30,public_10,woman,42,zone_a,0,0,0,0,0 Candidates
syn_33d19e02fc67fbd0b4f97fcb25698bc2,public_10,woman,46,zone_b,0,0,0,0,0 Candidates
syn_133b7d6277fa7a07fe469d2dfe6e7caa,public_10,woman,28,zone_b,0,0,0,0,0 Candidates
syn_d1b1d461abe7007e57383b4938041126,public_10,man,46,zone_c,0,0,0,0,0 Candidates
syn_d1e90f3232a58a7b77f078812324f7ab,public_10,man,26,zone_a,0,0,0,0,0 Candidates
syn_56f4216e4d3cd7bbca31f460bd90ae50,public_10,man,29,zone_a,0,0,0,0,0 Candidates
syn_71f3eb1ca39613e5c06707f0fe673d52,public_10,man,40,zone_b,4,4,1,1,1 - 5 Candidates
syn_4beb33acf336b4e6d6664a39e7b0ce54,public_10,woman,42,zone_a,0,0,0,0,0 Candidates
syn_2798c3da2830cc86a884bfe472ad9217,public_10,woman,46,zone_d,0,0,0,0,0 Candidates
syn_02c714c183cd5ef4e29a0c9e61784a4b,public_10,woman,29,zone_b,0,0,0,0,0 Candidates
syn_1777a5d6481dff0deb99c72e985aafe4,public_10,man,36,zone_b,0,0,0,0,0 Candidates
syn_76bb4293d3486b83ce9301a9e43d0b9d,public_10,woman,41,zone_a,0,0,0,0,0 Candidates
syn_260c5622d51b36a6045a69b534807038,public_10,woman,21,zone_d,2,2,1,1,1 - 5 Candidates
syn_8dd6339d4267512f971ae9c93ba79a33,public_10,woman,29,zone_b,1,2,1,1,1 - 5 Candidates
syn_729222386a96d9cd060ccc35e82aac58,public_10,woman,29,zone_b,0,1,0,1,0 Candidates
syn_f23be750565f33373d6c0b4f4eff816a,public_10,man,22,zone_b,0,0,0,0,0 Candidates
syn_3c198d961c739a549da7c314447558ec,public_10,woman,30,zone_a,2,3,1,1,1 - 5 Candidates
syn_66255522722aa051ac6137da9b20691d,public_10,man,39,zone_b,0,0,0,0,0 Candidates
syn_0142765f71da4f470ea933199686004e,public_10,man,26,zone_a,1,1,1,1,1 - 5 Candidates
syn_154f7a8d8c401d2224ea22e176711884,public_10,non_binary,46,zone_a,0,0,0,0,0 Candidates
syn_4cc68790623098c1654c04ff0f628059,public_10,man,44,zone_b,0,0,0,0,0 Candidates
syn_b33ad4cf4f68674c8b37cbdb212758b8,public_10,man,41,zone_b,0,0,0,0,0 Candidates
syn_015a421d246540a4cd05cc2d357353a3,public_10,non_binary,36,zone_b,0,0,0,0,0 Candidates
syn_5e0fe34fa98c02da4e5076d19176f511,public_10,woman,35,zone_b,0,0,0,0,0 Candidates
syn_022af7d17ed9947190143ccd3b849cd3,public_10,woman,25,zone_a,4,5,1,1,1 - 5 Candidates
syn_1f8e3f9702c676dafe5c845fe15f0840,public_10,woman,42,zone_b,0,0,0,0,0 Candidates
syn_71ab4eb8e49081b34c2d7519496eb3aa,public_10,woman,21,zone_d,2,2,1,1,1 - 5 Candidates
syn_ff96f04ff055b6fab1a8b1c33200455c,public_10,woman,22,zone_a,0,0,0,0,0 Candidates
syn_f73b5f096863c056887b1f80232bee2b,public_10,woman,24,zone_b,0,0,0,0,0 Candidates
syn_3a8e74edb4ef3993c154e71e175a52c4,public_10,woman,24,zone_b,0,0,0,0,0 Candidates
syn_5a1819470cb75c2ea765108a88a0baf7,public_10,man,35,zone_a,0,0,0,0,0 Candidates
syn_714f9712b4b94edc26dfda9b98d3a5da,public_10,non_binary,26,zone_b,2,3,1,1,1 - 5 Candidates
syn_8628fbde31af1d8f64d6d8a8ed6127ab,public_10,woman,27,zone_a,0,0,0,0,0 Candidates
syn_54a86d0c5beadfe33cc3cdbff8de301b,public_10,man,32,zone_a,0,0,0,0,0 Candidates
syn_4ef29de7fdf9bc5256b528372ce3bd9f,public_10,woman,44,zone_a,0,0,0,0,0 Candidates
syn_2cf4a622e93de4862bf406fbe9968660,public_10,non_binary,31,zone_a,3,4,1,1,1 - 5 Candidates
syn_d2b7b75047637b5fc2686e14b9c2ea81,public_10,woman,25,zone_b,0,0,0,0,0 Candidates
syn_c72c8b379c12c784d0dd66693dd26937,public_10,man,46,zone_b,0,0,0,0,0 Candidates
syn_6fae297670a62d433323bf1c97f56f9b,public_10,woman,34,zone_b,2,3,1,1,1 - 5 Candidates
syn_3367f5c8b4b23970a4ca98dd76bcd0ee,public_10,woman,36,zone_a,0,0,0,0,0 Candidates
syn_8e1ee09df978c54386bee0deebbbb0db,public_10,woman,31,zone_a,1,2,1,1,1 - 5 Candidates
syn_d636ac3ee4a9be54847f2e37124ab309,public_10,man,39,zone_b,0,0,0,0,0 Candidates
syn_e879fdb468c601dec946f7430efe3a02,public_10,woman,29,zone_a,0,0,0,0,0 Candidates
syn_9b0a4592ca8bab7437736503d6efb06f,public_10,man,23,zone_c,0,0,0,0,0 Candidates
syn_a2eb656ba08d83bd383536f1df7c20dc,public_10,non_binary,25,zone_a,1,1,1,1,1 - 5 Candidates
syn_67d0313d4b2b08fb9a36787ef26de85d,public_10,woman,46,zone_c,0,0,0,0,0 Candidates
syn_2ddf02f0bd8c13fbb1f8bc9f5688c65e,public_10,man,35,zone_b,0,0,0,0,0 Candidates
syn_b875287926cc310b79c882e91dcb2892,public_10,woman,23,zone_b,3,4,1,1,1 - 5 Candidates
syn_a10a0f33bed613eab3c39579cfb95fd7,public_10,man,43,zone_a,1,1,1,1,1 - 5 Candidates
syn_08c8959211b0ecd44286ad82daec2c78,public_10,man,22,zone_a,6,8,1,1,6 - 10 Candidates
syn_83a1b0ff7e6d7c04c0da52f8446617f9,public_10,woman,37,zone_a,0,0,0,0,0 Candidates
syn_04f963f5220053f9161754484ba31633,public_10,non_binary,30,zone_b,1,2,1,1,1 - 5 Candidates
syn_460261026f7a54e6fcc6beea59a86f59,public_10,woman,28,zone_b,0,13,0,1,0 Candidates
syn_7895853c1ec76b8daa7d2fa8ea4aec1f,public_10,man,45,zone_c,0,0,0,0,0 Candidates
syn_1e1dc0a4712c13c7df9f1ca98f4309ab,public_10,non_binary,45,zone_b,0,0,0,0,0 Candidates
syn_6bd291be9737e080908ba42e0e5d1716,public_10,man,23,zone_b,0,0,0,0,0 Candidates
syn_280ed2ee4e8e69969aba90ad77844c04,public_10,man,43,zone_a,1,1,1,1,1 - 5 Candidates
syn_5ec3e40e7135a70d8fdf1e5c6b8da460,public_10,man,46,zone_b,0,0,0,0,0 Candidates
syn_c1a9a259c2d86375d8577b977983d866,public_10,man,26,zone_a,0,0,0,0,0 Candidates
syn_b50b420bc580e1d9e03e64fd62d0a6f1,public_10,woman,22,zone_a,2,3,1,1,1 - 5 Candidates
syn_c80e36119ec564535ef95e8d53cf2eb8,public_10,man,25,zone_a,0,15,0,1,0 Candidates
syn_76fd573a948b554f3ebee57b8874c057,public_10,man,21,zone_b,3,4,1,1,1 - 5 Candidates
syn_a1f3cc689e221310e04e723f5f28cf61,public_10,non_binary,34,zone_c,0,0,0,0,0 Candidates
syn_2331a07121090d9a2adf6f2d116e1238,public_10,woman,46,zone_d,0,0,0,0,0 Candidates
syn_c89e51515f99a8bfad2a29748b64add2,public_10,non_binary,45,zone_b,0,0,0,0,0 Candidates
syn_62667db0d73ae065db7f35384382566c,public_10,non_binary,43,zone_a,0,0,0,0,0 Candidates
syn_f7571bbbac84ef9f96bd910017068729,public_10,woman,37,zone_a,0,0,0,0,0 Candidates
syn_632b179cf923e45e6cb89a20046e7725,public_10,woman,40,zone_c,0,0,0,0,0 Candidates
syn_578969bdfe5f8a2d1490cf04d9ec2004,public_10,woman,40,zone_a,0,0,0,0,0 Candidates
syn_939e25679d019ca6d12bd5bce800352c,public_10,woman,32,zone_c,0,0,0,0,0 Candidates
