member_id,pool_id,age,gender,zone,available,source,synthetic,arrived_day,field_acceptable_zones,field_age_max,field_age_min,field_conversations,field_emotional_availability,field_has_children,field_lifestyle,field_partner_children,field_partner_smoking,field_relationship_goal,field_relationship_pace,field_relationship_structure,field_relocate,field_schedule,field_smoking,field_space_for_relationship,field_wants_children,field_who_to_meet,status_acceptable_zones,status_age_max,status_age_min,status_conversations,status_emotional_availability,status_has_children,status_lifestyle,status_partner_children,status_partner_smoking,status_relationship_goal,status_relationship_pace,status_relationship_structure,status_relocate,status_schedule,status_smoking,status_space_for_relationship,status_wants_children,status_who_to_meet,observed_day_acceptable_zones,observed_day_age_max,observed_day_age_min,observed_day_conversations,observed_day_emotional_availability,observed_day_has_children,observed_day_lifestyle,observed_day_partner_children,observed_day_partner_smoking,observed_day_relationship_goal,observed_day_relationship_pace,observed_day_relationship_structure,observed_day_relocate,observed_day_schedule,observed_day_smoking,observed_day_space_for_relationship,observed_day_wants_children,observed_day_who_to_meet,fields_json,field_status_json,field_observed_day_json
syn_4d82c616c12ba2e70ddce92c2cb31a1d,public_05,33,woman,zone_a,True,synthetic_questionnaire,True,13,"[""zone_a"", ""zone_b""]",38,23,playful,ready,False,mixed,any,no_smoking,long_term,slow,non_monogamous,yes,"[""weekend_day"", ""weekend_evening""]",no,moderate,yes,"[""non_binary"", ""woman""]",observed,observed,observed,observed,observed,observed,observed,observed,observed,observed,observed,observed,observed,observed,observed,observed,observed,observed,13,13,13,13,13,13,13,13,13,13,13,13,13,13,13,13,13,13,"{""acceptable_zones"": [""zone_a"", ""zone_b""], ""age_max"": 38, ""age_min"": 23, ""conversations"": ""playful"", ""emotional_availability"": ""ready"", ""has_children"": false, ""lifestyle"": ""mixed"", ""partner_children"": ""any"", ""partner_smoking"": ""no_smoking"", ""relationship_goal"": ""long_term"", ""relationship_pace"": ""slow"", ""relationship_structure"": ""non_monogamous"", ""relocate"": ""yes"", ""schedule"": [""weekend_day"", ""weekend_evening""], ""smoking"": ""no"", ""space_for_relationship"": ""moderate"", ""wants_children"": ""yes"", ""who_to_meet"": [""non_binary"", ""woman""]}","{""acceptable_zones"": ""observed"", ""age_max"": ""observed"", ""age_min"": ""observed"", ""conversations"": ""observed"", ""emotional_availability"": ""observed"", ""has_children"": ""observed"", ""lifestyle"": ""observed"", ""partner_children"": ""observed"", ""partner_smoking"": ""observed"", ""relationship_goal"": ""observed"", ""relationship_pace"": ""observed"", ""relationship_structure"": ""observed"", ""relocate"": ""observed"", ""schedule"": ""observed"", ""smoking"": ""observed"", ""space_for_relationship"": ""observed"", ""wants_children"": ""observed"", ""who_to_meet"": ""observed""}","{""acceptable_zones"": 13, ""age_max"": 13, ""age_min"": 13, ""conversations"": 13, ""emotional_availability"": 13, ""has_children"": 13, ""lifestyle"": 13, ""partner_children"": 13, ""partner_smoking"": 13, ""relationship_goal"": 13, ""relationship_pace"": 13, ""relationship_structure"": 13, ""relocate"": 13, ""schedule"": 13, ""smoking"": 13, ""space_for_relationship"": 13, ""wants_children"": 13, ""who_to_meet"": 13}"
syn_e4fef32cad521b8353e4ea2998891934,public_05,21,man,zone_b,True,synthetic_questionnaire,True,0,"[""zone_b"", ""zone_c""]",30,18,,,False,,no_children,any,,,monogamous,,"[""weekday_evening""]",no,,unsure,"[""woman""]",observed,observed,observed,not_asked,not_asked,observed,not_asked,observed,observed,not_asked,not_asked,observed,declined,observed,observed,not_asked,observed,observed,0,0,0,,,0,,0,0,,,0,,0,0,,0,0,"{""acceptable_zones"": [""zone_b"", ""zone_c""], ""age_max"": 30, ""age_min"": 18, ""conversations"": null, ""emotional_availability"": null, ""has_children"": false, ""lifestyle"": null, ""partner_children"": ""no_children"", ""partner_smoking"": ""any"", ""relationship_goal"": null, ""relationship_pace"": null, ""relationship_structure"": ""monogamous"", ""relocate"": null, ""schedule"": [""weekday_evening""], ""smoking"": ""no"", ""space_for_relationship"": null, ""wants_children"": ""unsure"", ""who_to_meet"": [""woman""]}","{""acceptable_zones"": ""observed"", ""age_max"": ""observed"", ""age_min"": ""observed"", ""conversations"": ""not_asked"", ""emotional_availability"": ""not_asked"", ""has_children"": ""observed"", ""lifestyle"": ""not_asked"", ""partner_children"": ""observed"", ""partner_smoking"": ""observed"", ""relationship_goal"": ""not_asked"", ""relationship_pace"": ""not_asked"", ""relationship_structure"": ""observed"", ""relocate"": ""declined"", ""schedule"": ""observed"", ""smoking"": ""observed"", ""space_for_relationship"": ""not_asked"", ""wants_children"": ""observed"", ""who_to_meet"": ""observed""}","{""acceptable_zones"": 0, ""age_max"": 0, ""age_min"": 0, ""conversations"": null, ""emotional_availability"": null, ""has_children"": 0, ""lifestyle"": null, ""partner_children"": 0, ""partner_smoking"": 0, ""relationship_goal"": null, ""relationship_pace"": null, ""relationship_structure"": 0, ""relocate"": null, ""schedule"": 0, ""smoking"": 0, ""space_for_relationship"": null, ""wants_children"": 0, ""who_to_meet"": 0}"
syn_0cf9e38720b54f715da4f4930ee5b602,public_05,29,non_binary,zone_a,False,synthetic_questionnaire,True,10,"[""zone_a""]",36,22,practical,taking_time,True,mixed,any,any,long_term,quick,monogamous,unsure,"[""weekend_evening"", ""weekday_evening"", ""weekend_day""]",yes,ample,unsure,"[""woman""]",observed,observed,observed,observed,observed,observed,observed,observed,observed,observed,observed,observed,observed,observed,observed,observed,observed,observed,10,10,10,10,10,10,10,10,10,10,10,10,10,10,10,10,10,10,"{""acceptable_zones"": [""zone_a""], ""age_max"": 36, ""age_min"": 22, ""conversations"": ""practical"", ""emotional_availability"": ""taking_time"", ""has_children"": true, ""lifestyle"": ""mixed"", ""partner_children"": ""any"", ""partner_smoking"": ""any"", ""relationship_goal"": ""long_term"", ""relationship_pace"": ""quick"", ""relationship_structure"": ""monogamous"", ""relocate"": ""unsure"", ""schedule"": [""weekend_evening"", ""weekday_evening"", ""weekend_day""], ""smoking"": ""yes"", ""space_for_relationship"": ""ample"", ""wants_children"": ""unsure"", ""who_to_meet"": [""woman""]}","{""acceptable_zones"": ""observed"", ""age_max"": ""observed"", ""age_min"": ""observed"", ""conversations"": ""observed"", ""emotional_availability"": ""observed"", ""has_children"": ""observed"", ""lifestyle"": ""observed"", ""partner_children"": ""observed"", ""partner_smoking"": ""observed"", ""relationship_goal"": ""observed"", ""relationship_pace"": ""observed"", ""relationship_structure"": ""observed"", ""relocate"": ""observed"", ""schedule"": ""observed"", ""smoking"": ""observed"", ""space_for_relationship"": ""observed"", ""wants_children"": ""observed"", ""who_to_meet"": ""observed""}","{""acceptable_zones"": 10, ""age_max"": 10, ""age_min"": 10, ""conversations"": 10, ""emotional_availability"": 10, ""has_children"": 10, ""lifestyle"": 10, ""partner_children"": 10, ""partner_smoking"": 10, ""relationship_goal"": 10, ""relationship_pace"": 10, ""relationship_structure"": 10, ""relocate"": 10, ""schedule"": 10, ""smoking"": 10, ""space_for_relationship"": 10, ""wants_children"": 10, ""who_to_meet"": 10}"
syn_d972a517765f7d71a85724b9e4c75331,public_05,33,non_binary,zone_a,True,synthetic_questionnaire,True,0,"[""zone_a""]",43,30,,,False,,any,any,,,monogamous,,"[""weekend_day""]",no,,unsure,"[""man""]",observed,observed,observed,declined,not_asked,observed,not_asked,observed,observed,not_asked,not_asked,observed,not_asked,observed,observed,not_asked,observed,observed,0,0,0,,,0,,0,0,,,0,,0,0,,0,0,"{""acceptable_zones"": [""zone_a""], ""age_max"": 43, ""age_min"": 30, ""conversations"": null, ""emotional_availability"": null, ""has_children"": false, ""lifestyle"": null, ""partner_children"": ""any"", ""partner_smoking"": ""any"", ""relationship_goal"": null, ""relationship_pace"": null, ""relationship_structure"": ""monogamous"", ""relocate"": null, ""schedule"": [""weekend_day""], ""smoking"": ""no"", ""space_for_relationship"": null, ""wants_children"": ""unsure"", ""who_to_meet"": [""man""]}","{""acceptable_zones"": ""observed"", ""age_max"": ""observed"", ""age_min"": ""observed"", ""conversations"": ""declined"", ""emotional_availability"": ""not_asked"", ""has_children"": ""observed"", ""lifestyle"": ""not_asked"", ""partner_children"": ""observed"", ""partner_smoking"": ""observed"", ""relationship_goal"": ""not_asked"", ""relationship_pace"": ""not_asked"", ""relationship_structure"": ""observed"", ""relocate"": ""not_asked"", ""schedule"": ""observed"", ""smoking"": ""observed"", ""space_for_relationship"": ""not_asked"", ""wants_children"": ""observed"", ""who_to_meet"": ""observed""}","{""acceptable_zones"": 0, ""age_max"": 0, ""age_min"": 0, ""conversations"": null, ""emotional_availability"": null, ""has_children"": 0, ""lifestyle"": null, ""partner_children"": 0, ""partner_smoking"": 0, ""relationship_goal"": null, ""relationship_pace"": null, ""relationship_structure"": 0, ""relocate"": null, ""schedule"": 0, ""smoking"": 0, ""space_for_relationship"": null, ""wants_children"": 0, ""who_to_meet"": 0}"
syn_b9dbac8a24901a6bdaf8cc2a7b6a2f20,public_05,25,man,zone_c,True,synthetic_questionnaire,True,3,,,,,taking_time,,,,,,,,,,,,,,not_asked,not_asked,declined,not_asked,observed,not_asked,not_asked,not_asked,not_asked,not_asked,not_asked,not_asked,not_asked,not_asked,declined,not_asked,not_asked,not_asked,,,,,3,,,,,,,,,,,,,,"{""acceptable_zones"": null, ""age_max"": null, ""age_min"": null, ""conversations"": null, ""emotional_availability"": ""taking_time"", ""has_children"": null, ""lifestyle"": null, ""partner_children"": null, ""partner_smoking"": null, ""relationship_goal"": null, ""relationship_pace"": null, ""relationship_structure"": null, ""relocate"": null, ""schedule"": null, ""smoking"": null, ""space_for_relationship"": null, ""wants_children"": null, ""who_to_meet"": null}","{""acceptable_zones"": ""not_asked"", ""age_max"": ""not_asked"", ""age_min"": ""declined"", ""conversations"": ""not_asked"", ""emotional_availability"": ""observed"", ""has_children"": ""not_asked"", ""lifestyle"": ""not_asked"", ""partner_children"": ""not_asked"", ""partner_smoking"": ""not_asked"", ""relationship_goal"": ""not_asked"", ""relationship_pace"": ""not_asked"", ""relationship_structure"": ""not_asked"", ""relocate"": ""not_asked"", ""schedule"": ""not_asked"", ""smoking"": ""declined"", ""space_for_relationship"": ""not_asked"", ""wants_children"": ""not_asked"", ""who_to_meet"": ""not_asked""}","{""acceptable_zones"": null, ""age_max"": null, ""age_min"": null, ""conversations"": null, ""emotional_availability"": 3, ""has_children"": null, ""lifestyle"": null, ""partner_children"": null, ""partner_smoking"": null, ""relationship_goal"": null, ""relationship_pace"": null, ""relationship_structure"": null, ""relocate"": null, ""schedule"": null, ""smoking"": null, ""space_for_relationship"": null, ""wants_children"": null, ""who_to_meet"": null}"
syn_b6369e410635234f5beb89e67f56ad47,public_05,23,woman,zone_a,True,synthetic_questionnaire,True,11,"[""zone_a""]",32,18,,,False,,any,no_smoking,,,non_monogamous,,"[""weekend_day"", ""weekend_evening"", ""weekday_evening""]",no,,unsure,"[""man""]",observed,observed,observed,not_asked,not_asked,observed,not_asked,observed,observed,not_asked,not_asked,observed,not_asked,observed,observed,not_asked,observed,observed,11,11,11,,,11,,11,11,,,11,,11,11,,11,11,"{""acceptable_zones"": [""zone_a""], ""age_max"": 32, ""age_min"": 18, ""conversations"": null, ""emotional_availability"": null, ""has_children"": false, ""lifestyle"": null, ""partner_children"": ""any"", ""partner_smoking"": ""no_smoking"", ""relationship_goal"": null, ""relationship_pace"": null, ""relationship_structure"": ""non_monogamous"", ""relocate"": null, ""schedule"": [""weekend_day"", ""weekend_evening"", ""weekday_evening""], ""smoking"": ""no"", ""space_for_relationship"": null, ""wants_children"": ""unsure"", ""who_to_meet"": [""man""]}","{""acceptable_zones"": ""observed"", ""age_max"": ""observed"", ""age_min"": ""observed"", ""conversations"": ""not_asked"", ""emotional_availability"": ""not_asked"", ""has_children"": ""observed"", ""lifestyle"": ""not_asked"", ""partner_children"": ""observed"", ""partner_smoking"": ""observed"", ""relationship_goal"": ""not_asked"", ""relationship_pace"": ""not_asked"", ""relationship_structure"": ""observed"", ""relocate"": ""not_asked"", ""schedule"": ""observed"", ""smoking"": ""observed"", ""space_for_relationship"": ""not_asked"", ""wants_children"": ""observed"", ""who_to_meet"": ""observed""}","{""acceptable_zones"": 11, ""age_max"": 11, ""age_min"": 11, ""conversations"": null, ""emotional_availability"": null, ""has_children"": 11, ""lifestyle"": null, ""partner_children"": 11, ""partner_smoking"": 11, ""relationship_goal"": null, ""relationship_pace"": null, ""relationship_structure"": 11, ""relocate"": null, ""schedule"": 11, ""smoking"": 11, ""space_for_relationship"": null, ""wants_children"": 11, ""who_to_meet"": 11}"
syn_2f057a3c05913d701d608a8b13727219,public_05,31,man,zone_a,True,synthetic_questionnaire,True,0,"[""zone_a""]",37,22,,,False,quiet,no_children,no_smoking,,,monogamous,,"[""weekend_day""]",no,limited,no,"[""man""]",observed,observed,observed,not_asked,not_asked,observed,observed,observed,observed,not_asked,not_asked,observed,not_asked,observed,observed,observed,observed,observed,0,0,0,,,0,0,0,0,,,0,,0,0,0,0,0,"{""acceptable_zones"": [""zone_a""], ""age_max"": 37, ""age_min"": 22, ""conversations"": null, ""emotional_availability"": null, ""has_children"": false, ""lifestyle"": ""quiet"", ""partner_children"": ""no_children"", ""partner_smoking"": ""no_smoking"", ""relationship_goal"": null, ""relationship_pace"": null, ""relationship_structure"": ""monogamous"", ""relocate"": null, ""schedule"": [""weekend_day""], ""smoking"": ""no"", ""space_for_relationship"": ""limited"", ""wants_children"": ""no"", ""who_to_meet"": [""man""]}","{""acceptable_zones"": ""observed"", ""age_max"": ""observed"", ""age_min"": ""observed"", ""conversations"": ""not_asked"", ""emotional_availability"": ""not_asked"", ""has_children"": ""observed"", ""lifestyle"": ""observed"", ""partner_children"": ""observed"", ""partner_smoking"": ""observed"", ""relationship_goal"": ""not_asked"", ""relationship_pace"": ""not_asked"", ""relationship_structure"": ""observed"", ""relocate"": ""not_asked"", ""schedule"": ""observed"", ""smoking"": ""observed"", ""space_for_relationship"": ""observed"", ""wants_children"": ""observed"", ""who_to_meet"": ""observed""}","{""acceptable_zones"": 0, ""age_max"": 0, ""age_min"": 0, ""conversations"": null, ""emotional_availability"": null, ""has_children"": 0, ""lifestyle"": 0, ""partner_children"": 0, ""partner_smoking"": 0, ""relationship_goal"": null, ""relationship_pace"": null, ""relationship_structure"": 0, ""relocate"": null, ""schedule"": 0, ""smoking"": 0, ""space_for_relationship"": 0, ""wants_children"": 0, ""who_to_meet"": 0}"
syn_978d84b73395722ff8cbcc276f0c8b33,public_05,42,non_binary,zone_a,True,synthetic_questionnaire,True,0,,,34,practical,,,,,,,,,,,,,,,not_asked,not_asked,observed,observed,not_asked,not_asked,not_asked,not_asked,not_asked,not_asked,not_asked,declined,not_asked,declined,not_asked,not_asked,not_asked,not_asked,,,0,0,,,,,,,,,,,,,,,"{""acceptable_zones"": null, ""age_max"": null, ""age_min"": 34, ""conversations"": ""practical"", ""emotional_availability"": null, ""has_children"": null, ""lifestyle"": null, ""partner_children"": null, ""partner_smoking"": null, ""relationship_goal"": null, ""relationship_pace"": null, ""relationship_structure"": null, ""relocate"": null, ""schedule"": null, ""smoking"": null, ""space_for_relationship"": null, ""wants_children"": null, ""who_to_meet"": null}","{""acceptable_zones"": ""not_asked"", ""age_max"": ""not_asked"", ""age_min"": ""observed"", ""conversations"": ""observed"", ""emotional_availability"": ""not_asked"", ""has_children"": ""not_asked"", ""lifestyle"": ""not_asked"", ""partner_children"": ""not_asked"", ""partner_smoking"": ""not_asked"", ""relationship_goal"": ""not_asked"", ""relationship_pace"": ""not_asked"", ""relationship_structure"": ""declined"", ""relocate"": ""not_asked"", ""schedule"": ""declined"", ""smoking"": ""not_asked"", ""space_for_relationship"": ""not_asked"", ""wants_children"": ""not_asked"", ""who_to_meet"": ""not_asked""}","{""acceptable_zones"": null, ""age_max"": null, ""age_min"": 0, ""conversations"": 0, ""emotional_availability"": null, ""has_children"": null, ""lifestyle"": null, ""partner_children"": null, ""partner_smoking"": null, ""relationship_goal"": null, ""relationship_pace"": null, ""relationship_structure"": null, ""relocate"": null, ""schedule"": null, ""smoking"": null, ""space_for_relationship"": null, ""wants_children"": null, ""who_to_meet"": null}"
syn_9b67b3d6b3dda13686dfab9594a9106a,public_05,21,woman,zone_a,False,synthetic_questionnaire,True,0,"[""zone_a""]",28,18,,,False,,any,no_smoking,,,monogamous,,"[""weekday_evening"", ""weekend_evening"", ""weekend_day""]",no,,yes,"[""non_binary"", ""man""]",observed,observed,observed,not_asked,not_asked,observed,not_asked,observed,observed,not_asked,not_asked,observed,not_asked,observed,observed,not_asked,observed,observed,0,0,0,,,0,,0,0,,,0,,0,0,,0,0,"{""acceptable_zones"": [""zone_a""], ""age_max"": 28, ""age_min"": 18, ""conversations"": null, ""emotional_availability"": null, ""has_children"": false, ""lifestyle"": null, ""partner_children"": ""any"", ""partner_smoking"": ""no_smoking"", ""relationship_goal"": null, ""relationship_pace"": null, ""relationship_structure"": ""monogamous"", ""relocate"": null, ""schedule"": [""weekday_evening"", ""weekend_evening"", ""weekend_day""], ""smoking"": ""no"", ""space_for_relationship"": null, ""wants_children"": ""yes"", ""who_to_meet"": [""non_binary"", ""man""]}","{""acceptable_zones"": ""observed"", ""age_max"": ""observed"", ""age_min"": ""observed"", ""conversations"": ""not_asked"", ""emotional_availability"": ""not_asked"", ""has_children"": ""observed"", ""lifestyle"": ""not_asked"", ""partner_children"": ""observed"", ""partner_smoking"": ""observed"", ""relationship_goal"": ""not_asked"", ""relationship_pace"": ""not_asked"", ""relationship_structure"": ""observed"", ""relocate"": ""not_asked"", ""schedule"": ""observed"", ""smoking"": ""observed"", ""space_for_relationship"": ""not_asked"", ""wants_children"": ""observed"", ""who_to_meet"": ""observed""}","{""acceptable_zones"": 0, ""age_max"": 0, ""age_min"": 0, ""conversations"": null, ""emotional_availability"": null, ""has_children"": 0, ""lifestyle"": null, ""partner_children"": 0, ""partner_smoking"": 0, ""relationship_goal"": null, ""relationship_pace"": null, ""relationship_structure"": 0, ""relocate"": null, ""schedule"": 0, ""smoking"": 0, ""space_for_relationship"": null, ""wants_children"": 0, ""who_to_meet"": 0}"
syn_763cc0d6b5feee5882701909f33a0777,public_05,33,man,zone_b,True,synthetic_questionnaire,True,6,"[""zone_b""]",37,27,ideas,taking_time,False,mixed,no_children,any,long_term,steady,non_monogamous,yes,"[""weekday_evening"", ""weekend_day""]",no,ample,no,"[""man""]",observed,observed,observed,observed,observed,observed,observed,observed,observed,observed,observed,observed,observed,observed,observed,observed,observed,observed,6,6,6,6,6,6,6,6,6,6,6,6,6,6,6,6,6,6,"{""acceptable_zones"": [""zone_b""], ""age_max"": 37, ""age_min"": 27, ""conversations"": ""ideas"", ""emotional_availability"": ""taking_time"", ""has_children"": false, ""lifestyle"": ""mixed"", ""partner_children"": ""no_children"", ""partner_smoking"": ""any"", ""relationship_goal"": ""long_term"", ""relationship_pace"": ""steady"", ""relationship_structure"": ""non_monogamous"", ""relocate"": ""yes"", ""schedule"": [""weekday_evening"", ""weekend_day""], ""smoking"": ""no"", ""space_for_relationship"": ""ample"", ""wants_children"": ""no"", ""who_to_meet"": [""man""]}","{""acceptable_zones"": ""observed"", ""age_max"": ""observed"", ""age_min"": ""observed"", ""conversations"": ""observed"", ""emotional_availability"": ""observed"", ""has_children"": ""observed"", ""lifestyle"": ""observed"", ""partner_children"": ""observed"", ""partner_smoking"": ""observed"", ""relationship_goal"": ""observed"", ""relationship_pace"": ""observed"", ""relationship_structure"": ""observed"", ""relocate"": ""observed"", ""schedule"": ""observed"", ""smoking"": ""observed"", ""space_for_relationship"": ""observed"", ""wants_children"": ""observed"", ""who_to_meet"": ""observed""}","{""acceptable_zones"": 6, ""age_max"": 6, ""age_min"": 6, ""conversations"": 6, ""emotional_availability"": 6, ""has_children"": 6, ""lifestyle"": 6, ""partner_children"": 6, ""partner_smoking"": 6, ""relationship_goal"": 6, ""relationship_pace"": 6, ""relationship_structure"": 6, ""relocate"": 6, ""schedule"": 6, ""smoking"": 6, ""space_for_relationship"": 6, ""wants_children"": 6, ""who_to_meet"": 6}"
syn_c30e399527bda9686461c7308d279fc8,public_05,30,man,zone_a,True,synthetic_questionnaire,True,0,,,,,,,,,,,,,,,,,,,not_asked,not_asked,not_asked,not_asked,not_asked,not_asked,not_asked,not_asked,not_asked,not_asked,not_asked,declined,declined,not_asked,not_asked,not_asked,not_asked,not_asked,,,,,,,,,,,,,,,,,,,"{""acceptable_zones"": null, ""age_max"": null, ""age_min"": null, ""conversations"": null, ""emotional_availability"": null, ""has_children"": null, ""lifestyle"": null, ""partner_children"": null, ""partner_smoking"": null, ""relationship_goal"": null, ""relationship_pace"": null, ""relationship_structure"": null, ""relocate"": null, ""schedule"": null, ""smoking"": null, ""space_for_relationship"": null, ""wants_children"": null, ""who_to_meet"": null}","{""acceptable_zones"": ""not_asked"", ""age_max"": ""not_asked"", ""age_min"": ""not_asked"", ""conversations"": ""not_asked"", ""emotional_availability"": ""not_asked"", ""has_children"": ""not_asked"", ""lifestyle"": ""not_asked"", ""partner_children"": ""not_asked"", ""partner_smoking"": ""not_asked"", ""relationship_goal"": ""not_asked"", ""relationship_pace"": ""not_asked"", ""relationship_structure"": ""declined"", ""relocate"": ""declined"", ""schedule"": ""not_asked"", ""smoking"": ""not_asked"", ""space_for_relationship"": ""not_asked"", ""wants_children"": ""not_asked"", ""who_to_meet"": ""not_asked""}","{""acceptable_zones"": null, ""age_max"": null, ""age_min"": null, ""conversations"": null, ""emotional_availability"": null, ""has_children"": null, ""lifestyle"": null, ""partner_children"": null, ""partner_smoking"": null, ""relationship_goal"": null, ""relationship_pace"": null, ""relationship_structure"": null, ""relocate"": null, ""schedule"": null, ""smoking"": null, ""space_for_relationship"": null, ""wants_children"": null, ""who_to_meet"": null}"
syn_ed73a5ffcde32d3d29c33a9428f04344,public_05,40,man,zone_a,False,synthetic_questionnaire,True,12,"[""zone_a""]",44,35,practical,taking_time,False,quiet,any,any,long_term,quick,monogamous,unsure,"[""weekend_evening"", ""weekend_day"", ""weekday_evening""]",no,moderate,no,"[""woman"", ""non_binary""]",observed,observed,observed,observed,observed,observed,observed,observed,observed,observed,observed,observed,observed,observed,observed,observed,observed,observed,12,12,12,12,12,12,12,12,12,12,12,12,12,12,12,12,12,12,"{""acceptable_zones"": [""zone_a""], ""age_max"": 44, ""age_min"": 35, ""conversations"": ""practical"", ""emotional_availability"": ""taking_time"", ""has_children"": false, ""lifestyle"": ""quiet"", ""partner_children"": ""any"", ""partner_smoking"": ""any"", ""relationship_goal"": ""long_term"", ""relationship_pace"": ""quick"", ""relationship_structure"": ""monogamous"", ""relocate"": ""unsure"", ""schedule"": [""weekend_evening"", ""weekend_day"", ""weekday_evening""], ""smoking"": ""no"", ""space_for_relationship"": ""moderate"", ""wants_children"": ""no"", ""who_to_meet"": [""woman"", ""non_binary""]}","{""acceptable_zones"": ""observed"", ""age_max"": ""observed"", ""age_min"": ""observed"", ""conversations"": ""observed"", ""emotional_availability"": ""observed"", ""has_children"": ""observed"", ""lifestyle"": ""observed"", ""partner_children"": ""observed"", ""partner_smoking"": ""observed"", ""relationship_goal"": ""observed"", ""relationship_pace"": ""observed"", ""relationship_structure"": ""observed"", ""relocate"": ""observed"", ""schedule"": ""observed"", ""smoking"": ""observed"", ""space_for_relationship"": ""observed"", ""wants_children"": ""observed"", ""who_to_meet"": ""observed""}","{""acceptable_zones"": 12, ""age_max"": 12, ""age_min"": 12, ""conversations"": 12, ""emotional_availability"": 12, ""has_children"": 12, ""lifestyle"": 12, ""partner_children"": 12, ""partner_smoking"": 12, ""relationship_goal"": 12, ""relationship_pace"": 12, ""relationship_structure"": 12, ""relocate"": 12, ""schedule"": 12, ""smoking"": 12, ""space_for_relationship"": 12, ""wants_children"": 12, ""who_to_meet"": 12}"
syn_75273d30606bde7fe1c8835426415983,public_05,43,non_binary,zone_a,False,synthetic_questionnaire,True,17,"[""zone_a"", ""zone_b""]",51,37,ideas,taking_time,False,quiet,any,no_smoking,long_term,slow,monogamous,yes,"[""weekend_day""]",no,moderate,no,"[""man""]",observed,observed,observed,observed,observed,observed,observed,observed,observed,observed,observed,observed,observed,observed,observed,observed,observed,observed,17,17,17,17,17,17,17,17,17,17,17,17,17,17,17,17,17,17,"{""acceptable_zones"": [""zone_a"", ""zone_b""], ""age_max"": 51, ""age_min"": 37, ""conversations"": ""ideas"", ""emotional_availability"": ""taking_time"", ""has_children"": false, ""lifestyle"": ""quiet"", ""partner_children"": ""any"", ""partner_smoking"": ""no_smoking"", ""relationship_goal"": ""long_term"", ""relationship_pace"": ""slow"", ""relationship_structure"": ""monogamous"", ""relocate"": ""yes"", ""schedule"": [""weekend_day""], ""smoking"": ""no"", ""space_for_relationship"": ""moderate"", ""wants_children"": ""no"", ""who_to_meet"": [""man""]}","{""acceptable_zones"": ""observed"", ""age_max"": ""observed"", ""age_min"": ""observed"", ""conversations"": ""observed"", ""emotional_availability"": ""observed"", ""has_children"": ""observed"", ""lifestyle"": ""observed"", ""partner_children"": ""observed"", ""partner_smoking"": ""observed"", ""relationship_goal"": ""observed"", ""relationship_pace"": ""observed"", ""relationship_structure"": ""observed"", ""relocate"": ""observed"", ""schedule"": ""observed"", ""smoking"": ""observed"", ""space_for_relationship"": ""observed"", ""wants_children"": ""observed"", ""who_to_meet"": ""observed""}","{""acceptable_zones"": 17, ""age_max"": 17, ""age_min"": 17, ""conversations"": 17, ""emotional_availability"": 17, ""has_children"": 17, ""lifestyle"": 17, ""partner_children"": 17, ""partner_smoking"": 17, ""relationship_goal"": 17, ""relationship_pace"": 17, ""relationship_structure"": 17, ""relocate"": 17, ""schedule"": 17, ""smoking"": 17, ""space_for_relationship"": 17, ""wants_children"": 17, ""who_to_meet"": 17}"
syn_4f070b9e8e1937e0c4f475679f709212,public_05,26,woman,zone_b,False,synthetic_questionnaire,True,0,"[""zone_b"", ""zone_c""]",36,23,practical,taking_time,True,quiet,any,any,exploring,quick,monogamous,yes,"[""weekend_evening""]",no,moderate,unsure,"[""woman"", ""man""]",observed,observed,observed,observed,observed,observed,observed,observed,observed,observed,observed,observed,observed,observed,observed,observed,observed,observed,0,0,0,0,0,0,0,0,0,0,0,0,0,0,0,0,0,0,"{""acceptable_zones"": [""zone_b"", ""zone_c""], ""age_max"": 36, ""age_min"": 23, ""conversations"": ""practical"", ""emotional_availability"": ""taking_time"", ""has_children"": true, ""lifestyle"": ""quiet"", ""partner_children"": ""any"", ""partner_smoking"": ""any"", ""relationship_goal"": ""exploring"", ""relationship_pace"": ""quick"", ""relationship_structure"": ""monogamous"", ""relocate"": ""yes"", ""schedule"": [""weekend_evening""], ""smoking"": ""no"", ""space_for_relationship"": ""moderate"", ""wants_children"": ""unsure"", ""who_to_meet"": [""woman"", ""man""]}","{""acceptable_zones"": ""observed"", ""age_max"": ""observed"", ""age_min"": ""observed"", ""conversations"": ""observed"", ""emotional_availability"": ""observed"", ""has_children"": ""observed"", ""lifestyle"": ""observed"", ""partner_children"": ""observed"", ""partner_smoking"": ""observed"", ""relationship_goal"": ""observed"", ""relationship_pace"": ""observed"", ""relationship_structure"": ""observed"", ""relocate"": ""observed"", ""schedule"": ""observed"", ""smoking"": ""observed"", ""space_for_relationship"": ""observed"", ""wants_children"": ""observed"", ""who_to_meet"": ""observed""}","{""acceptable_zones"": 0, ""age_max"": 0, ""age_min"": 0, ""conversations"": 0, ""emotional_availability"": 0, ""has_children"": 0, ""lifestyle"": 0, ""partner_children"": 0, ""partner_smoking"": 0, ""relationship_goal"": 0, ""relationship_pace"": 0, ""relationship_structure"": 0, ""relocate"": 0, ""schedule"": 0, ""smoking"": 0, ""space_for_relationship"": 0, ""wants_children"": 0, ""who_to_meet"": 0}"
syn_9d4b22a3509e9628bf2eb72642ff8fca,public_05,35,woman,zone_a,True,synthetic_questionnaire,True,0,"[""zone_a""]",,,,,,,,,,,,,"[""weekend_evening"", ""weekday_evening""]",,ample,,,observed,declined,not_asked,not_asked,not_asked,not_asked,declined,declined,not_asked,not_asked,not_asked,not_asked,not_asked,observed,not_asked,observed,declined,not_asked,0,,,,,,,,,,,,,0,,0,,,"{""acceptable_zones"": [""zone_a""], ""age_max"": null, ""age_min"": null, ""conversations"": null, ""emotional_availability"": null, ""has_children"": null, ""lifestyle"": null, ""partner_children"": null, ""partner_smoking"": null, ""relationship_goal"": null, ""relationship_pace"": null, ""relationship_structure"": null, ""relocate"": null, ""schedule"": [""weekend_evening"", ""weekday_evening""], ""smoking"": null, ""space_for_relationship"": ""ample"", ""wants_children"": null, ""who_to_meet"": null}","{""acceptable_zones"": ""observed"", ""age_max"": ""declined"", ""age_min"": ""not_asked"", ""conversations"": ""not_asked"", ""emotional_availability"": ""not_asked"", ""has_children"": ""not_asked"", ""lifestyle"": ""declined"", ""partner_children"": ""declined"", ""partner_smoking"": ""not_asked"", ""relationship_goal"": ""not_asked"", ""relationship_pace"": ""not_asked"", ""relationship_structure"": ""not_asked"", ""relocate"": ""not_asked"", ""schedule"": ""observed"", ""smoking"": ""not_asked"", ""space_for_relationship"": ""observed"", ""wants_children"": ""declined"", ""who_to_meet"": ""not_asked""}","{""acceptable_zones"": 0, ""age_max"": null, ""age_min"": null, ""conversations"": null, ""emotional_availability"": null, ""has_children"": null, ""lifestyle"": null, ""partner_children"": null, ""partner_smoking"": null, ""relationship_goal"": null, ""relationship_pace"": null, ""relationship_structure"": null, ""relocate"": null, ""schedule"": 0, ""smoking"": null, ""space_for_relationship"": 0, ""wants_children"": null, ""who_to_meet"": null}"
syn_ccf2ffc5c3c46880ac055917f6db70d1,public_05,25,man,zone_a,False,synthetic_questionnaire,True,0,"[""zone_a""]",35,22,,,False,,no_children,any,,,non_monogamous,,"[""weekend_day""]",no,,no,"[""non_binary"", ""man""]",observed,observed,observed,not_asked,not_asked,observed,not_asked,observed,observed,declined,not_asked,observed,not_asked,observed,observed,not_asked,observed,observed,1,1,1,,,1,,1,1,,,1,,1,1,,1,1,"{""acceptable_zones"": [""zone_a""], ""age_max"": 35, ""age_min"": 22, ""conversations"": null, ""emotional_availability"": null, ""has_children"": false, ""lifestyle"": null, ""partner_children"": ""no_children"", ""partner_smoking"": ""any"", ""relationship_goal"": null, ""relationship_pace"": null, ""relationship_structure"": ""non_monogamous"", ""relocate"": null, ""schedule"": [""weekend_day""], ""smoking"": ""no"", ""space_for_relationship"": null, ""wants_children"": ""no"", ""who_to_meet"": [""non_binary"", ""man""]}","{""acceptable_zones"": ""observed"", ""age_max"": ""observed"", ""age_min"": ""observed"", ""conversations"": ""not_asked"", ""emotional_availability"": ""not_asked"", ""has_children"": ""observed"", ""lifestyle"": ""not_asked"", ""partner_children"": ""observed"", ""partner_smoking"": ""observed"", ""relationship_goal"": ""declined"", ""relationship_pace"": ""not_asked"", ""relationship_structure"": ""observed"", ""relocate"": ""not_asked"", ""schedule"": ""observed"", ""smoking"": ""observed"", ""space_for_relationship"": ""not_asked"", ""wants_children"": ""observed"", ""who_to_meet"": ""observed""}","{""acceptable_zones"": 1, ""age_max"": 1, ""age_min"": 1, ""conversations"": null, ""emotional_availability"": null, ""has_children"": 1, ""lifestyle"": null, ""partner_children"": 1, ""partner_smoking"": 1, ""relationship_goal"": null, ""relationship_pace"": null, ""relationship_structure"": 1, ""relocate"": null, ""schedule"": 1, ""smoking"": 1, ""space_for_relationship"": null, ""wants_children"": 1, ""who_to_meet"": 1}"
syn_2455179885e7a5cdd0d701736adad366,public_05,23,man,zone_c,False,synthetic_questionnaire,True,0,"[""zone_c""]",31,18,ideas,ready,False,mixed,no_children,any,long_term,quick,monogamous,yes,"[""weekday_evening"", ""weekend_evening"", ""weekend_day""]",no,ample,unsure,"[""woman""]",observed,observed,observed,observed,observed,observed,observed,observed,observed,observed,observed,observed,observed,observed,observed,observed,observed,observed,0,0,0,0,0,0,0,0,0,0,0,0,0,0,0,0,0,0,"{""acceptable_zones"": [""zone_c""], ""age_max"": 31, ""age_min"": 18, ""conversations"": ""ideas"", ""emotional_availability"": ""ready"", ""has_children"": false, ""lifestyle"": ""mixed"", ""partner_children"": ""no_children"", ""partner_smoking"": ""any"", ""relationship_goal"": ""long_term"", ""relationship_pace"": ""quick"", ""relationship_structure"": ""monogamous"", ""relocate"": ""yes"", ""schedule"": [""weekday_evening"", ""weekend_evening"", ""weekend_day""], ""smoking"": ""no"", ""space_for_relationship"": ""ample"", ""wants_children"": ""unsure"", ""who_to_meet"": [""woman""]}","{""acceptable_zones"": ""observed"", ""age_max"": ""observed"", ""age_min"": ""observed"", ""conversations"": ""observed"", ""emotional_availability"": ""observed"", ""has_children"": ""observed"", ""lifestyle"": ""observed"", ""partner_children"": ""observed"", ""partner_smoking"": ""observed"", ""relationship_goal"": ""observed"", ""relationship_pace"": ""observed"", ""relationship_structure"": ""observed"", ""relocate"": ""observed"", ""schedule"": ""observed"", ""smoking"": ""observed"", ""space_for_relationship"": ""observed"", ""wants_children"": ""observed"", ""who_to_meet"": ""observed""}","{""acceptable_zones"": 0, ""age_max"": 0, ""age_min"": 0, ""conversations"": 0, ""emotional_availability"": 0, ""has_children"": 0, ""lifestyle"": 0, ""partner_children"": 0, ""partner_smoking"": 0, ""relationship_goal"": 0, ""relationship_pace"": 0, ""relationship_structure"": 0, ""relocate"": 0, ""schedule"": 0, ""smoking"": 0, ""space_for_relationship"": 0, ""wants_children"": 0, ""who_to_meet"": 0}"
syn_82fa9ce95c07be36c2ebb50140ceec2c,public_05,27,woman,zone_d,True,synthetic_questionnaire,True,0,"[""zone_d""]",31,,,,,,any,,,,,,,,,,,observed,observed,not_asked,not_asked,not_asked,not_asked,not_asked,observed,not_asked,not_asked,not_asked,declined,not_asked,not_asked,not_asked,not_asked,not_asked,not_asked,0,0,,,,,,0,,,,,,,,,,,"{""acceptable_zones"": [""zone_d""], ""age_max"": 31, ""age_min"": null, ""conversations"": null, ""emotional_availability"": null, ""has_children"": null, ""lifestyle"": null, ""partner_children"": ""any"", ""partner_smoking"": null, ""relationship_goal"": null, ""relationship_pace"": null, ""relationship_structure"": null, ""relocate"": null, ""schedule"": null, ""smoking"": null, ""space_for_relationship"": null, ""wants_children"": null, ""who_to_meet"": null}","{""acceptable_zones"": ""observed"", ""age_max"": ""observed"", ""age_min"": ""not_asked"", ""conversations"": ""not_asked"", ""emotional_availability"": ""not_asked"", ""has_children"": ""not_asked"", ""lifestyle"": ""not_asked"", ""partner_children"": ""observed"", ""partner_smoking"": ""not_asked"", ""relationship_goal"": ""not_asked"", ""relationship_pace"": ""not_asked"", ""relationship_structure"": ""declined"", ""relocate"": ""not_asked"", ""schedule"": ""not_asked"", ""smoking"": ""not_asked"", ""space_for_relationship"": ""not_asked"", ""wants_children"": ""not_asked"", ""who_to_meet"": ""not_asked""}","{""acceptable_zones"": 0, ""age_max"": 0, ""age_min"": null, ""conversations"": null, ""emotional_availability"": null, ""has_children"": null, ""lifestyle"": null, ""partner_children"": 0, ""partner_smoking"": null, ""relationship_goal"": null, ""relationship_pace"": null, ""relationship_structure"": null, ""relocate"": null, ""schedule"": null, ""smoking"": null, ""space_for_relationship"": null, ""wants_children"": null, ""who_to_meet"": null}"
syn_7e7c08f5de524098ea26553b935aa9fd,public_05,35,man,zone_a,True,synthetic_questionnaire,True,0,,,,,,,,,,,,,,,no,,,,not_asked,not_asked,declined,not_asked,not_asked,not_asked,not_asked,not_asked,not_asked,not_asked,not_asked,not_asked,not_asked,not_asked,observed,not_asked,not_asked,not_asked,,,,,,,,,,,,,,,0,,,,"{""acceptable_zones"": null, ""age_max"": null, ""age_min"": null, ""conversations"": null, ""emotional_availability"": null, ""has_children"": null, ""lifestyle"": null, ""partner_children"": null, ""partner_smoking"": null, ""relationship_goal"": null, ""relationship_pace"": null, ""relationship_structure"": null, ""relocate"": null, ""schedule"": null, ""smoking"": ""no"", ""space_for_relationship"": null, ""wants_children"": null, ""who_to_meet"": null}","{""acceptable_zones"": ""not_asked"", ""age_max"": ""not_asked"", ""age_min"": ""declined"", ""conversations"": ""not_asked"", ""emotional_availability"": ""not_asked"", ""has_children"": ""not_asked"", ""lifestyle"": ""not_asked"", ""partner_children"": ""not_asked"", ""partner_smoking"": ""not_asked"", ""relationship_goal"": ""not_asked"", ""relationship_pace"": ""not_asked"", ""relationship_structure"": ""not_asked"", ""relocate"": ""not_asked"", ""schedule"": ""not_asked"", ""smoking"": ""observed"", ""space_for_relationship"": ""not_asked"", ""wants_children"": ""not_asked"", ""who_to_meet"": ""not_asked""}","{""acceptable_zones"": null, ""age_max"": null, ""age_min"": null, ""conversations"": null, ""emotional_availability"": null, ""has_children"": null, ""lifestyle"": null, ""partner_children"": null, ""partner_smoking"": null, ""relationship_goal"": null, ""relationship_pace"": null, ""relationship_structure"": null, ""relocate"": null, ""schedule"": null, ""smoking"": 0, ""space_for_relationship"": null, ""wants_children"": null, ""who_to_meet"": null}"
syn_32431bcfe5fcb7cce07e8b444d497c9c,public_05,23,man,zone_a,True,synthetic_questionnaire,True,0,"[""zone_a"", ""zone_b""]",31,18,,taking_time,False,,no_children,any,,,monogamous,,"[""weekend_day"", ""weekday_evening""]",no,,yes,"[""non_binary""]",observed,observed,observed,not_asked,observed,observed,not_asked,observed,observed,not_asked,not_asked,observed,not_asked,observed,observed,not_asked,observed,observed,1,1,1,,0,1,,1,1,,,1,,1,1,,1,1,"{""acceptable_zones"": [""zone_a"", ""zone_b""], ""age_max"": 31, ""age_min"": 18, ""conversations"": null, ""emotional_availability"": ""taking_time"", ""has_children"": false, ""lifestyle"": null, ""partner_children"": ""no_children"", ""partner_smoking"": ""any"", ""relationship_goal"": null, ""relationship_pace"": null, ""relationship_structure"": ""monogamous"", ""relocate"": null, ""schedule"": [""weekend_day"", ""weekday_evening""], ""smoking"": ""no"", ""space_for_relationship"": null, ""wants_children"": ""yes"", ""who_to_meet"": [""non_binary""]}","{""acceptable_zones"": ""observed"", ""age_max"": ""observed"", ""age_min"": ""observed"", ""conversations"": ""not_asked"", ""emotional_availability"": ""observed"", ""has_children"": ""observed"", ""lifestyle"": ""not_asked"", ""partner_children"": ""observed"", ""partner_smoking"": ""observed"", ""relationship_goal"": ""not_asked"", ""relationship_pace"": ""not_asked"", ""relationship_structure"": ""observed"", ""relocate"": ""not_asked"", ""schedule"": ""observed"", ""smoking"": ""observed"", ""space_for_relationship"": ""not_asked"", ""wants_children"": ""observed"", ""who_to_meet"": ""observed""}","{""acceptable_zones"": 1, ""age_max"": 1, ""age_min"": 1, ""conversations"": null, ""emotional_availability"": 0, ""has_children"": 1, ""lifestyle"": null, ""partner_children"": 1, ""partner_smoking"": 1, ""relationship_goal"": null, ""relationship_pace"": null, ""relationship_structure"": 1, ""relocate"": null, ""schedule"": 1, ""smoking"": 1, ""space_for_relationship"": null, ""wants_children"": 1, ""who_to_meet"": 1}"
syn_d737c28d6653eeba0c3592b0f7d771b6,public_05,40,non_binary,zone_a,False,synthetic_questionnaire,True,0,"[""zone_a""]",45,32,playful,ready,False,social,any,any,long_term,slow,monogamous,no,"[""weekday_evening"", ""weekend_evening""]",no,ample,no,"[""woman""]",observed,observed,observed,observed,observed,observed,observed,observed,observed,observed,observed,observed,observed,observed,observed,observed,observed,observed,0,0,0,0,0,0,0,0,0,0,0,0,0,0,0,0,0,0,"{""acceptable_zones"": [""zone_a""], ""age_max"": 45, ""age_min"": 32, ""conversations"": ""playful"", ""emotional_availability"": ""ready"", ""has_children"": false, ""lifestyle"": ""social"", ""partner_children"": ""any"", ""partner_smoking"": ""any"", ""relationship_goal"": ""long_term"", ""relationship_pace"": ""slow"", ""relationship_structure"": ""monogamous"", ""relocate"": ""no"", ""schedule"": [""weekday_evening"", ""weekend_evening""], ""smoking"": ""no"", ""space_for_relationship"": ""ample"", ""wants_children"": ""no"", ""who_to_meet"": [""woman""]}","{""acceptable_zones"": ""observed"", ""age_max"": ""observed"", ""age_min"": ""observed"", ""conversations"": ""observed"", ""emotional_availability"": ""observed"", ""has_children"": ""observed"", ""lifestyle"": ""observed"", ""partner_children"": ""observed"", ""partner_smoking"": ""observed"", ""relationship_goal"": ""observed"", ""relationship_pace"": ""observed"", ""relationship_structure"": ""observed"", ""relocate"": ""observed"", ""schedule"": ""observed"", ""smoking"": ""observed"", ""space_for_relationship"": ""observed"", ""wants_children"": ""observed"", ""who_to_meet"": ""observed""}","{""acceptable_zones"": 0, ""age_max"": 0, ""age_min"": 0, ""conversations"": 0, ""emotional_availability"": 0, ""has_children"": 0, ""lifestyle"": 0, ""partner_children"": 0, ""partner_smoking"": 0, ""relationship_goal"": 0, ""relationship_pace"": 0, ""relationship_structure"": 0, ""relocate"": 0, ""schedule"": 0, ""smoking"": 0, ""space_for_relationship"": 0, ""wants_children"": 0, ""who_to_meet"": 0}"
syn_955a8bdca2d80121eeda9df1c5b47f0d,public_05,25,non_binary,zone_a,True,synthetic_questionnaire,True,0,"[""zone_a""]",31,21,,,False,,no_children,no_smoking,exploring,,monogamous,,"[""weekend_day""]",no,,no,"[""man"", ""non_binary"", ""woman""]",observed,observed,observed,not_asked,not_asked,observed,not_asked,observed,observed,observed,not_asked,observed,not_asked,observed,observed,not_asked,observed,observed,1,1,1,,,1,,1,1,0,,1,,1,1,,1,1,"{""acceptable_zones"": [""zone_a""], ""age_max"": 31, ""age_min"": 21, ""conversations"": null, ""emotional_availability"": null, ""has_children"": false, ""lifestyle"": null, ""partner_children"": ""no_children"", ""partner_smoking"": ""no_smoking"", ""relationship_goal"": ""exploring"", ""relationship_pace"": null, ""relationship_structure"": ""monogamous"", ""relocate"": null, ""schedule"": [""weekend_day""], ""smoking"": ""no"", ""space_for_relationship"": null, ""wants_children"": ""no"", ""who_to_meet"": [""man"", ""non_binary"", ""woman""]}","{""acceptable_zones"": ""observed"", ""age_max"": ""observed"", ""age_min"": ""observed"", ""conversations"": ""not_asked"", ""emotional_availability"": ""not_asked"", ""has_children"": ""observed"", ""lifestyle"": ""not_asked"", ""partner_children"": ""observed"", ""partner_smoking"": ""observed"", ""relationship_goal"": ""observed"", ""relationship_pace"": ""not_asked"", ""relationship_structure"": ""observed"", ""relocate"": ""not_asked"", ""schedule"": ""observed"", ""smoking"": ""observed"", ""space_for_relationship"": ""not_asked"", ""wants_children"": ""observed"", ""who_to_meet"": ""observed""}","{""acceptable_zones"": 1, ""age_max"": 1, ""age_min"": 1, ""conversations"": null, ""emotional_availability"": null, ""has_children"": 1, ""lifestyle"": null, ""partner_children"": 1, ""partner_smoking"": 1, ""relationship_goal"": 0, ""relationship_pace"": null, ""relationship_structure"": 1, ""relocate"": null, ""schedule"": 1, ""smoking"": 1, ""space_for_relationship"": null, ""wants_children"": 1, ""who_to_meet"": 1}"
syn_02cf44216af1e2c79c5a3a73414a9a37,public_05,23,woman,zone_c,True,synthetic_questionnaire,True,7,,,,,,,,,,,,,,,,,,,not_asked,declined,not_asked,not_asked,not_asked,not_asked,not_asked,not_asked,not_asked,not_asked,not_asked,not_asked,not_asked,not_asked,not_asked,not_asked,not_asked,not_asked,,,,,,,,,,,,,,,,,,,"{""acceptable_zones"": null, ""age_max"": null, ""age_min"": null, ""conversations"": null, ""emotional_availability"": null, ""has_children"": null, ""lifestyle"": null, ""partner_children"": null, ""partner_smoking"": null, ""relationship_goal"": null, ""relationship_pace"": null, ""relationship_structure"": null, ""relocate"": null, ""schedule"": null, ""smoking"": null, ""space_for_relationship"": null, ""wants_children"": null, ""who_to_meet"": null}","{""acceptable_zones"": ""not_asked"", ""age_max"": ""declined"", ""age_min"": ""not_asked"", ""conversations"": ""not_asked"", ""emotional_availability"": ""not_asked"", ""has_children"": ""not_asked"", ""lifestyle"": ""not_asked"", ""partner_children"": ""not_asked"", ""partner_smoking"": ""not_asked"", ""relationship_goal"": ""not_asked"", ""relationship_pace"": ""not_asked"", ""relationship_structure"": ""not_asked"", ""relocate"": ""not_asked"", ""schedule"": ""not_asked"", ""smoking"": ""not_asked"", ""space_for_relationship"": ""not_asked"", ""wants_children"": ""not_asked"", ""who_to_meet"": ""not_asked""}","{""acceptable_zones"": null, ""age_max"": null, ""age_min"": null, ""conversations"": null, ""emotional_availability"": null, ""has_children"": null, ""lifestyle"": null, ""partner_children"": null, ""partner_smoking"": null, ""relationship_goal"": null, ""relationship_pace"": null, ""relationship_structure"": null, ""relocate"": null, ""schedule"": null, ""smoking"": null, ""space_for_relationship"": null, ""wants_children"": null, ""who_to_meet"": null}"
syn_dc0858337c792155030cc8fbec54eec3,public_05,32,man,zone_b,True,synthetic_questionnaire,True,0,"[""zone_b""]",40,27,,,False,,no_children,any,,quick,monogamous,,"[""weekday_evening"", ""weekend_evening""]",no,limited,yes,"[""man""]",observed,observed,observed,not_asked,not_asked,observed,not_asked,observed,observed,not_asked,observed,observed,not_asked,observed,observed,observed,observed,observed,1,1,1,,,1,,1,1,,0,1,,1,1,0,1,1,"{""acceptable_zones"": [""zone_b""], ""age_max"": 40, ""age_min"": 27, ""conversations"": null, ""emotional_availability"": null, ""has_children"": false, ""lifestyle"": null, ""partner_children"": ""no_children"", ""partner_smoking"": ""any"", ""relationship_goal"": null, ""relationship_pace"": ""quick"", ""relationship_structure"": ""monogamous"", ""relocate"": null, ""schedule"": [""weekday_evening"", ""weekend_evening""], ""smoking"": ""no"", ""space_for_relationship"": ""limited"", ""wants_children"": ""yes"", ""who_to_meet"": [""man""]}","{""acceptable_zones"": ""observed"", ""age_max"": ""observed"", ""age_min"": ""observed"", ""conversations"": ""not_asked"", ""emotional_availability"": ""not_asked"", ""has_children"": ""observed"", ""lifestyle"": ""not_asked"", ""partner_children"": ""observed"", ""partner_smoking"": ""observed"", ""relationship_goal"": ""not_asked"", ""relationship_pace"": ""observed"", ""relationship_structure"": ""observed"", ""relocate"": ""not_asked"", ""schedule"": ""observed"", ""smoking"": ""observed"", ""space_for_relationship"": ""observed"", ""wants_children"": ""observed"", ""who_to_meet"": ""observed""}","{""acceptable_zones"": 1, ""age_max"": 1, ""age_min"": 1, ""conversations"": null, ""emotional_availability"": null, ""has_children"": 1, ""lifestyle"": null, ""partner_children"": 1, ""partner_smoking"": 1, ""relationship_goal"": null, ""relationship_pace"": 0, ""relationship_structure"": 1, ""relocate"": null, ""schedule"": 1, ""smoking"": 1, ""space_for_relationship"": 0, ""wants_children"": 1, ""who_to_meet"": 1}"
syn_b093803435347802d9c3175e27e2866e,public_05,27,woman,zone_b,True,synthetic_questionnaire,True,0,"[""zone_b""]",33,18,stories,ready,False,mixed,no_children,any,long_term,quick,monogamous,yes,"[""weekend_day""]",occasionally,moderate,no,"[""non_binary""]",observed,observed,observed,observed,observed,observed,observed,observed,observed,observed,observed,observed,observed,observed,observed,observed,observed,observed,0,0,0,0,0,0,0,0,0,0,0,0,0,0,0,0,0,0,"{""acceptable_zones"": [""zone_b""], ""age_max"": 33, ""age_min"": 18, ""conversations"": ""stories"", ""emotional_availability"": ""ready"", ""has_children"": false, ""lifestyle"": ""mixed"", ""partner_children"": ""no_children"", ""partner_smoking"": ""any"", ""relationship_goal"": ""long_term"", ""relationship_pace"": ""quick"", ""relationship_structure"": ""monogamous"", ""relocate"": ""yes"", ""schedule"": [""weekend_day""], ""smoking"": ""occasionally"", ""space_for_relationship"": ""moderate"", ""wants_children"": ""no"", ""who_to_meet"": [""non_binary""]}","{""acceptable_zones"": ""observed"", ""age_max"": ""observed"", ""age_min"": ""observed"", ""conversations"": ""observed"", ""emotional_availability"": ""observed"", ""has_children"": ""observed"", ""lifestyle"": ""observed"", ""partner_children"": ""observed"", ""partner_smoking"": ""observed"", ""relationship_goal"": ""observed"", ""relationship_pace"": ""observed"", ""relationship_structure"": ""observed"", ""relocate"": ""observed"", ""schedule"": ""observed"", ""smoking"": ""observed"", ""space_for_relationship"": ""observed"", ""wants_children"": ""observed"", ""who_to_meet"": ""observed""}","{""acceptable_zones"": 0, ""age_max"": 0, ""age_min"": 0, ""conversations"": 0, ""emotional_availability"": 0, ""has_children"": 0, ""lifestyle"": 0, ""partner_children"": 0, ""partner_smoking"": 0, ""relationship_goal"": 0, ""relationship_pace"": 0, ""relationship_structure"": 0, ""relocate"": 0, ""schedule"": 0, ""smoking"": 0, ""space_for_relationship"": 0, ""wants_children"": 0, ""who_to_meet"": 0}"
syn_4264d383fb0631d5cff145422fa69c80,public_05,45,non_binary,zone_b,True,synthetic_questionnaire,True,0,"[""zone_b""]",50,41,,,False,,any,any,,,monogamous,,"[""weekday_evening""]",yes,,unsure,"[""non_binary""]",observed,observed,observed,not_asked,not_asked,observed,not_asked,observed,observed,not_asked,not_asked,observed,not_asked,observed,observed,not_asked,observed,observed,2,2,2,,,2,,2,2,,,2,,2,2,,2,2,"{""acceptable_zones"": [""zone_b""], ""age_max"": 50, ""age_min"": 41, ""conversations"": null, ""emotional_availability"": null, ""has_children"": false, ""lifestyle"": null, ""partner_children"": ""any"", ""partner_smoking"": ""any"", ""relationship_goal"": null, ""relationship_pace"": null, ""relationship_structure"": ""monogamous"", ""relocate"": null, ""schedule"": [""weekday_evening""], ""smoking"": ""yes"", ""space_for_relationship"": null, ""wants_children"": ""unsure"", ""who_to_meet"": [""non_binary""]}","{""acceptable_zones"": ""observed"", ""age_max"": ""observed"", ""age_min"": ""observed"", ""conversations"": ""not_asked"", ""emotional_availability"": ""not_asked"", ""has_children"": ""observed"", ""lifestyle"": ""not_asked"", ""partner_children"": ""observed"", ""partner_smoking"": ""observed"", ""relationship_goal"": ""not_asked"", ""relationship_pace"": ""not_asked"", ""relationship_structure"": ""observed"", ""relocate"": ""not_asked"", ""schedule"": ""observed"", ""smoking"": ""observed"", ""space_for_relationship"": ""not_asked"", ""wants_children"": ""observed"", ""who_to_meet"": ""observed""}","{""acceptable_zones"": 2, ""age_max"": 2, ""age_min"": 2, ""conversations"": null, ""emotional_availability"": null, ""has_children"": 2, ""lifestyle"": null, ""partner_children"": 2, ""partner_smoking"": 2, ""relationship_goal"": null, ""relationship_pace"": null, ""relationship_structure"": 2, ""relocate"": null, ""schedule"": 2, ""smoking"": 2, ""space_for_relationship"": null, ""wants_children"": 2, ""who_to_meet"": 2}"
syn_4a7b247271af5287477fd12588891a87,public_05,31,man,zone_a,False,synthetic_questionnaire,True,14,"[""zone_a"", ""zone_c""]",40,28,,,False,,any,no_smoking,,,monogamous,no,"[""weekday_evening"", ""weekend_evening"", ""weekend_day""]",no,,yes,"[""woman""]",observed,observed,observed,not_asked,not_asked,observed,declined,observed,observed,not_asked,not_asked,observed,observed,observed,observed,not_asked,observed,observed,14,14,14,,,14,,14,14,,,14,14,14,14,,14,14,"{""acceptable_zones"": [""zone_a"", ""zone_c""], ""age_max"": 40, ""age_min"": 28, ""conversations"": null, ""emotional_availability"": null, ""has_children"": false, ""lifestyle"": null, ""partner_children"": ""any"", ""partner_smoking"": ""no_smoking"", ""relationship_goal"": null, ""relationship_pace"": null, ""relationship_structure"": ""monogamous"", ""relocate"": ""no"", ""schedule"": [""weekday_evening"", ""weekend_evening"", ""weekend_day""], ""smoking"": ""no"", ""space_for_relationship"": null, ""wants_children"": ""yes"", ""who_to_meet"": [""woman""]}","{""acceptable_zones"": ""observed"", ""age_max"": ""observed"", ""age_min"": ""observed"", ""conversations"": ""not_asked"", ""emotional_availability"": ""not_asked"", ""has_children"": ""observed"", ""lifestyle"": ""declined"", ""partner_children"": ""observed"", ""partner_smoking"": ""observed"", ""relationship_goal"": ""not_asked"", ""relationship_pace"": ""not_asked"", ""relationship_structure"": ""observed"", ""relocate"": ""observed"", ""schedule"": ""observed"", ""smoking"": ""observed"", ""space_for_relationship"": ""not_asked"", ""wants_children"": ""observed"", ""who_to_meet"": ""observed""}","{""acceptable_zones"": 14, ""age_max"": 14, ""age_min"": 14, ""conversations"": null, ""emotional_availability"": null, ""has_children"": 14, ""lifestyle"": null, ""partner_children"": 14, ""partner_smoking"": 14, ""relationship_goal"": null, ""relationship_pace"": null, ""relationship_structure"": 14, ""relocate"": 14, ""schedule"": 14, ""smoking"": 14, ""space_for_relationship"": null, ""wants_children"": 14, ""who_to_meet"": 14}"
syn_6c15a3ffcb3a9343f7707b57424043c8,public_05,25,woman,zone_a,True,synthetic_questionnaire,True,0,"[""zone_a""]",,,,,,,,no_smoking,,,,,,,,unsure,,observed,not_asked,declined,not_asked,not_asked,not_asked,not_asked,not_asked,observed,not_asked,not_asked,not_asked,not_asked,not_asked,not_asked,not_asked,observed,not_asked,0,,,,,,,,0,,,,,,,,0,,"{""acceptable_zones"": [""zone_a""], ""age_max"": null, ""age_min"": null, ""conversations"": null, ""emotional_availability"": null, ""has_children"": null, ""lifestyle"": null, ""partner_children"": null, ""partner_smoking"": ""no_smoking"", ""relationship_goal"": null, ""relationship_pace"": null, ""relationship_structure"": null, ""relocate"": null, ""schedule"": null, ""smoking"": null, ""space_for_relationship"": null, ""wants_children"": ""unsure"", ""who_to_meet"": null}","{""acceptable_zones"": ""observed"", ""age_max"": ""not_asked"", ""age_min"": ""declined"", ""conversations"": ""not_asked"", ""emotional_availability"": ""not_asked"", ""has_children"": ""not_asked"", ""lifestyle"": ""not_asked"", ""partner_children"": ""not_asked"", ""partner_smoking"": ""observed"", ""relationship_goal"": ""not_asked"", ""relationship_pace"": ""not_asked"", ""relationship_structure"": ""not_asked"", ""relocate"": ""not_asked"", ""schedule"": ""not_asked"", ""smoking"": ""not_asked"", ""space_for_relationship"": ""not_asked"", ""wants_children"": ""observed"", ""who_to_meet"": ""not_asked""}","{""acceptable_zones"": 0, ""age_max"": null, ""age_min"": null, ""conversations"": null, ""emotional_availability"": null, ""has_children"": null, ""lifestyle"": null, ""partner_children"": null, ""partner_smoking"": 0, ""relationship_goal"": null, ""relationship_pace"": null, ""relationship_structure"": null, ""relocate"": null, ""schedule"": null, ""smoking"": null, ""space_for_relationship"": null, ""wants_children"": 0, ""who_to_meet"": null}"
syn_cc7c67b7f4a721e77c698b07c7d1c118,public_05,42,man,zone_c,True,synthetic_questionnaire,True,0,,,,,,,quiet,,,,,,,,,,,,not_asked,not_asked,not_asked,not_asked,not_asked,not_asked,observed,declined,not_asked,not_asked,not_asked,not_asked,not_asked,not_asked,not_asked,not_asked,not_asked,not_asked,,,,,,,0,,,,,,,,,,,,"{""acceptable_zones"": null, ""age_max"": null, ""age_min"": null, ""conversations"": null, ""emotional_availability"": null, ""has_children"": null, ""lifestyle"": ""quiet"", ""partner_children"": null, ""partner_smoking"": null, ""relationship_goal"": null, ""relationship_pace"": null, ""relationship_structure"": null, ""relocate"": null, ""schedule"": null, ""smoking"": null, ""space_for_relationship"": null, ""wants_children"": null, ""who_to_meet"": null}","{""acceptable_zones"": ""not_asked"", ""age_max"": ""not_asked"", ""age_min"": ""not_asked"", ""conversations"": ""not_asked"", ""emotional_availability"": ""not_asked"", ""has_children"": ""not_asked"", ""lifestyle"": ""observed"", ""partner_children"": ""declined"", ""partner_smoking"": ""not_asked"", ""relationship_goal"": ""not_asked"", ""relationship_pace"": ""not_asked"", ""relationship_structure"": ""not_asked"", ""relocate"": ""not_asked"", ""schedule"": ""not_asked"", ""smoking"": ""not_asked"", ""space_for_relationship"": ""not_asked"", ""wants_children"": ""not_asked"", ""who_to_meet"": ""not_asked""}","{""acceptable_zones"": null, ""age_max"": null, ""age_min"": null, ""conversations"": null, ""emotional_availability"": null, ""has_children"": null, ""lifestyle"": 0, ""partner_children"": null, ""partner_smoking"": null, ""relationship_goal"": null, ""relationship_pace"": null, ""relationship_structure"": null, ""relocate"": null, ""schedule"": null, ""smoking"": null, ""space_for_relationship"": null, ""wants_children"": null, ""who_to_meet"": null}"
syn_afdaa75baf08ca510d1c9d73a1ee0983,public_05,30,man,zone_b,False,synthetic_questionnaire,True,0,"[""zone_b"", ""zone_d""]",37,27,,,False,,no_children,any,,,monogamous,,"[""weekday_evening"", ""weekend_evening""]",no,,no,"[""man""]",observed,observed,observed,not_asked,not_asked,observed,not_asked,observed,observed,not_asked,not_asked,observed,not_asked,observed,observed,not_asked,observed,observed,2,2,2,,,2,,2,2,,,2,,2,2,,2,2,"{""acceptable_zones"": [""zone_b"", ""zone_d""], ""age_max"": 37, ""age_min"": 27, ""conversations"": null, ""emotional_availability"": null, ""has_children"": false, ""lifestyle"": null, ""partner_children"": ""no_children"", ""partner_smoking"": ""any"", ""relationship_goal"": null, ""relationship_pace"": null, ""relationship_structure"": ""monogamous"", ""relocate"": null, ""schedule"": [""weekday_evening"", ""weekend_evening""], ""smoking"": ""no"", ""space_for_relationship"": null, ""wants_children"": ""no"", ""who_to_meet"": [""man""]}","{""acceptable_zones"": ""observed"", ""age_max"": ""observed"", ""age_min"": ""observed"", ""conversations"": ""not_asked"", ""emotional_availability"": ""not_asked"", ""has_children"": ""observed"", ""lifestyle"": ""not_asked"", ""partner_children"": ""observed"", ""partner_smoking"": ""observed"", ""relationship_goal"": ""not_asked"", ""relationship_pace"": ""not_asked"", ""relationship_structure"": ""observed"", ""relocate"": ""not_asked"", ""schedule"": ""observed"", ""smoking"": ""observed"", ""space_for_relationship"": ""not_asked"", ""wants_children"": ""observed"", ""who_to_meet"": ""observed""}","{""acceptable_zones"": 2, ""age_max"": 2, ""age_min"": 2, ""conversations"": null, ""emotional_availability"": null, ""has_children"": 2, ""lifestyle"": null, ""partner_children"": 2, ""partner_smoking"": 2, ""relationship_goal"": null, ""relationship_pace"": null, ""relationship_structure"": 2, ""relocate"": null, ""schedule"": 2, ""smoking"": 2, ""space_for_relationship"": null, ""wants_children"": 2, ""who_to_meet"": 2}"
syn_3629e30d62cfc4882e782ef72b076973,public_05,39,woman,zone_a,False,synthetic_questionnaire,True,0,"[""zone_a""]",42,29,stories,taking_time,False,quiet,no_children,any,long_term,steady,monogamous,no,"[""weekend_evening"", ""weekday_evening"", ""weekend_day""]",occasionally,moderate,no,"[""woman""]",observed,observed,observed,observed,observed,observed,observed,observed,observed,observed,observed,observed,observed,observed,observed,observed,observed,observed,0,0,0,0,0,0,0,0,0,0,0,0,0,0,0,0,0,0,"{""acceptable_zones"": [""zone_a""], ""age_max"": 42, ""age_min"": 29, ""conversations"": ""stories"", ""emotional_availability"": ""taking_time"", ""has_children"": false, ""lifestyle"": ""quiet"", ""partner_children"": ""no_children"", ""partner_smoking"": ""any"", ""relationship_goal"": ""long_term"", ""relationship_pace"": ""steady"", ""relationship_structure"": ""monogamous"", ""relocate"": ""no"", ""schedule"": [""weekend_evening"", ""weekday_evening"", ""weekend_day""], ""smoking"": ""occasionally"", ""space_for_relationship"": ""moderate"", ""wants_children"": ""no"", ""who_to_meet"": [""woman""]}","{""acceptable_zones"": ""observed"", ""age_max"": ""observed"", ""age_min"": ""observed"", ""conversations"": ""observed"", ""emotional_availability"": ""observed"", ""has_children"": ""observed"", ""lifestyle"": ""observed"", ""partner_children"": ""observed"", ""partner_smoking"": ""observed"", ""relationship_goal"": ""observed"", ""relationship_pace"": ""observed"", ""relationship_structure"": ""observed"", ""relocate"": ""observed"", ""schedule"": ""observed"", ""smoking"": ""observed"", ""space_for_relationship"": ""observed"", ""wants_children"": ""observed"", ""who_to_meet"": ""observed""}","{""acceptable_zones"": 0, ""age_max"": 0, ""age_min"": 0, ""conversations"": 0, ""emotional_availability"": 0, ""has_children"": 0, ""lifestyle"": 0, ""partner_children"": 0, ""partner_smoking"": 0, ""relationship_goal"": 0, ""relationship_pace"": 0, ""relationship_structure"": 0, ""relocate"": 0, ""schedule"": 0, ""smoking"": 0, ""space_for_relationship"": 0, ""wants_children"": 0, ""who_to_meet"": 0}"
syn_c6bb9b0b7fc676c3f6005dcf8489ce2f,public_05,21,woman,zone_a,True,synthetic_questionnaire,True,0,"[""zone_a"", ""zone_b""]",26,18,,,False,,no_children,no_smoking,,,monogamous,,"[""weekend_evening""]",no,,yes,"[""woman"", ""man""]",observed,observed,observed,not_asked,declined,observed,not_asked,observed,observed,not_asked,not_asked,observed,not_asked,observed,observed,not_asked,observed,observed,2,2,2,,,2,,2,2,,,2,,2,2,,2,2,"{""acceptable_zones"": [""zone_a"", ""zone_b""], ""age_max"": 26, ""age_min"": 18, ""conversations"": null, ""emotional_availability"": null, ""has_children"": false, ""lifestyle"": null, ""partner_children"": ""no_children"", ""partner_smoking"": ""no_smoking"", ""relationship_goal"": null, ""relationship_pace"": null, ""relationship_structure"": ""monogamous"", ""relocate"": null, ""schedule"": [""weekend_evening""], ""smoking"": ""no"", ""space_for_relationship"": null, ""wants_children"": ""yes"", ""who_to_meet"": [""woman"", ""man""]}","{""acceptable_zones"": ""observed"", ""age_max"": ""observed"", ""age_min"": ""observed"", ""conversations"": ""not_asked"", ""emotional_availability"": ""declined"", ""has_children"": ""observed"", ""lifestyle"": ""not_asked"", ""partner_children"": ""observed"", ""partner_smoking"": ""observed"", ""relationship_goal"": ""not_asked"", ""relationship_pace"": ""not_asked"", ""relationship_structure"": ""observed"", ""relocate"": ""not_asked"", ""schedule"": ""observed"", ""smoking"": ""observed"", ""space_for_relationship"": ""not_asked"", ""wants_children"": ""observed"", ""who_to_meet"": ""observed""}","{""acceptable_zones"": 2, ""age_max"": 2, ""age_min"": 2, ""conversations"": null, ""emotional_availability"": null, ""has_children"": 2, ""lifestyle"": null, ""partner_children"": 2, ""partner_smoking"": 2, ""relationship_goal"": null, ""relationship_pace"": null, ""relationship_structure"": 2, ""relocate"": null, ""schedule"": 2, ""smoking"": 2, ""space_for_relationship"": null, ""wants_children"": 2, ""who_to_meet"": 2}"
syn_6b7eb0df5039395a52a881574eeade11,public_05,40,woman,zone_a,False,synthetic_questionnaire,True,20,"[""zone_a""]",47,32,ideas,ready,False,social,any,no_smoking,exploring,slow,non_monogamous,no,"[""weekday_evening"", ""weekend_day""]",no,limited,no,"[""non_binary"", ""man""]",observed,observed,observed,observed,observed,observed,observed,observed,observed,observed,observed,observed,observed,observed,observed,observed,observed,observed,20,20,20,20,20,20,20,20,20,20,20,20,20,20,20,20,20,20,"{""acceptable_zones"": [""zone_a""], ""age_max"": 47, ""age_min"": 32, ""conversations"": ""ideas"", ""emotional_availability"": ""ready"", ""has_children"": false, ""lifestyle"": ""social"", ""partner_children"": ""any"", ""partner_smoking"": ""no_smoking"", ""relationship_goal"": ""exploring"", ""relationship_pace"": ""slow"", ""relationship_structure"": ""non_monogamous"", ""relocate"": ""no"", ""schedule"": [""weekday_evening"", ""weekend_day""], ""smoking"": ""no"", ""space_for_relationship"": ""limited"", ""wants_children"": ""no"", ""who_to_meet"": [""non_binary"", ""man""]}","{""acceptable_zones"": ""observed"", ""age_max"": ""observed"", ""age_min"": ""observed"", ""conversations"": ""observed"", ""emotional_availability"": ""observed"", ""has_children"": ""observed"", ""lifestyle"": ""observed"", ""partner_children"": ""observed"", ""partner_smoking"": ""observed"", ""relationship_goal"": ""observed"", ""relationship_pace"": ""observed"", ""relationship_structure"": ""observed"", ""relocate"": ""observed"", ""schedule"": ""observed"", ""smoking"": ""observed"", ""space_for_relationship"": ""observed"", ""wants_children"": ""observed"", ""who_to_meet"": ""observed""}","{""acceptable_zones"": 20, ""age_max"": 20, ""age_min"": 20, ""conversations"": 20, ""emotional_availability"": 20, ""has_children"": 20, ""lifestyle"": 20, ""partner_children"": 20, ""partner_smoking"": 20, ""relationship_goal"": 20, ""relationship_pace"": 20, ""relationship_structure"": 20, ""relocate"": 20, ""schedule"": 20, ""smoking"": 20, ""space_for_relationship"": 20, ""wants_children"": 20, ""who_to_meet"": 20}"
syn_daae70040111edbb049035d2a01a3d36,public_05,32,woman,zone_a,False,synthetic_questionnaire,True,0,"[""zone_a""]",40,26,practical,taking_time,True,mixed,any,no_smoking,exploring,slow,monogamous,yes,"[""weekend_evening""]",no,ample,no,"[""man""]",observed,observed,observed,observed,observed,observed,observed,observed,observed,observed,observed,observed,observed,observed,observed,observed,observed,observed,0,0,0,0,0,0,0,0,0,0,0,0,0,0,0,0,0,0,"{""acceptable_zones"": [""zone_a""], ""age_max"": 40, ""age_min"": 26, ""conversations"": ""practical"", ""emotional_availability"": ""taking_time"", ""has_children"": true, ""lifestyle"": ""mixed"", ""partner_children"": ""any"", ""partner_smoking"": ""no_smoking"", ""relationship_goal"": ""exploring"", ""relationship_pace"": ""slow"", ""relationship_structure"": ""monogamous"", ""relocate"": ""yes"", ""schedule"": [""weekend_evening""], ""smoking"": ""no"", ""space_for_relationship"": ""ample"", ""wants_children"": ""no"", ""who_to_meet"": [""man""]}","{""acceptable_zones"": ""observed"", ""age_max"": ""observed"", ""age_min"": ""observed"", ""conversations"": ""observed"", ""emotional_availability"": ""observed"", ""has_children"": ""observed"", ""lifestyle"": ""observed"", ""partner_children"": ""observed"", ""partner_smoking"": ""observed"", ""relationship_goal"": ""observed"", ""relationship_pace"": ""observed"", ""relationship_structure"": ""observed"", ""relocate"": ""observed"", ""schedule"": ""observed"", ""smoking"": ""observed"", ""space_for_relationship"": ""observed"", ""wants_children"": ""observed"", ""who_to_meet"": ""observed""}","{""acceptable_zones"": 0, ""age_max"": 0, ""age_min"": 0, ""conversations"": 0, ""emotional_availability"": 0, ""has_children"": 0, ""lifestyle"": 0, ""partner_children"": 0, ""partner_smoking"": 0, ""relationship_goal"": 0, ""relationship_pace"": 0, ""relationship_structure"": 0, ""relocate"": 0, ""schedule"": 0, ""smoking"": 0, ""space_for_relationship"": 0, ""wants_children"": 0, ""who_to_meet"": 0}"
syn_3788539c7c8062cd932e2b427024d8ea,public_05,21,non_binary,zone_a,True,synthetic_questionnaire,True,0,"[""zone_a""]",26,18,,,False,,any,any,,,monogamous,,"[""weekend_day""]",occasionally,,unsure,"[""man"", ""non_binary""]",observed,observed,observed,not_asked,not_asked,observed,not_asked,observed,observed,not_asked,not_asked,observed,not_asked,observed,observed,not_asked,observed,observed,2,2,2,,,2,,2,2,,,2,,2,2,,2,2,"{""acceptable_zones"": [""zone_a""], ""age_max"": 26, ""age_min"": 18, ""conversations"": null, ""emotional_availability"": null, ""has_children"": false, ""lifestyle"": null, ""partner_children"": ""any"", ""partner_smoking"": ""any"", ""relationship_goal"": null, ""relationship_pace"": null, ""relationship_structure"": ""monogamous"", ""relocate"": null, ""schedule"": [""weekend_day""], ""smoking"": ""occasionally"", ""space_for_relationship"": null, ""wants_children"": ""unsure"", ""who_to_meet"": [""man"", ""non_binary""]}","{""acceptable_zones"": ""observed"", ""age_max"": ""observed"", ""age_min"": ""observed"", ""conversations"": ""not_asked"", ""emotional_availability"": ""not_asked"", ""has_children"": ""observed"", ""lifestyle"": ""not_asked"", ""partner_children"": ""observed"", ""partner_smoking"": ""observed"", ""relationship_goal"": ""not_asked"", ""relationship_pace"": ""not_asked"", ""relationship_structure"": ""observed"", ""relocate"": ""not_asked"", ""schedule"": ""observed"", ""smoking"": ""observed"", ""space_for_relationship"": ""not_asked"", ""wants_children"": ""observed"", ""who_to_meet"": ""observed""}","{""acceptable_zones"": 2, ""age_max"": 2, ""age_min"": 2, ""conversations"": null, ""emotional_availability"": null, ""has_children"": 2, ""lifestyle"": null, ""partner_children"": 2, ""partner_smoking"": 2, ""relationship_goal"": null, ""relationship_pace"": null, ""relationship_structure"": 2, ""relocate"": null, ""schedule"": 2, ""smoking"": 2, ""space_for_relationship"": null, ""wants_children"": 2, ""who_to_meet"": 2}"
syn_3dffb55ed3520520027fdc4a915ed11f,public_05,28,woman,zone_a,False,synthetic_questionnaire,True,0,"[""zone_a"", ""zone_b""]",34,18,practical,taking_time,False,quiet,any,any,exploring,quick,monogamous,unsure,"[""weekend_day"", ""weekend_evening"", ""weekday_evening""]",occasionally,limited,yes,"[""woman"", ""man"", ""non_binary""]",observed,observed,observed,observed,observed,observed,observed,observed,observed,observed,observed,observed,observed,observed,observed,observed,observed,observed,0,0,0,0,0,0,0,0,0,0,0,0,0,0,0,0,0,0,"{""acceptable_zones"": [""zone_a"", ""zone_b""], ""age_max"": 34, ""age_min"": 18, ""conversations"": ""practical"", ""emotional_availability"": ""taking_time"", ""has_children"": false, ""lifestyle"": ""quiet"", ""partner_children"": ""any"", ""partner_smoking"": ""any"", ""relationship_goal"": ""exploring"", ""relationship_pace"": ""quick"", ""relationship_structure"": ""monogamous"", ""relocate"": ""unsure"", ""schedule"": [""weekend_day"", ""weekend_evening"", ""weekday_evening""], ""smoking"": ""occasionally"", ""space_for_relationship"": ""limited"", ""wants_children"": ""yes"", ""who_to_meet"": [""woman"", ""man"", ""non_binary""]}","{""acceptable_zones"": ""observed"", ""age_max"": ""observed"", ""age_min"": ""observed"", ""conversations"": ""observed"", ""emotional_availability"": ""observed"", ""has_children"": ""observed"", ""lifestyle"": ""observed"", ""partner_children"": ""observed"", ""partner_smoking"": ""observed"", ""relationship_goal"": ""observed"", ""relationship_pace"": ""observed"", ""relationship_structure"": ""observed"", ""relocate"": ""observed"", ""schedule"": ""observed"", ""smoking"": ""observed"", ""space_for_relationship"": ""observed"", ""wants_children"": ""observed"", ""who_to_meet"": ""observed""}","{""acceptable_zones"": 0, ""age_max"": 0, ""age_min"": 0, ""conversations"": 0, ""emotional_availability"": 0, ""has_children"": 0, ""lifestyle"": 0, ""partner_children"": 0, ""partner_smoking"": 0, ""relationship_goal"": 0, ""relationship_pace"": 0, ""relationship_structure"": 0, ""relocate"": 0, ""schedule"": 0, ""smoking"": 0, ""space_for_relationship"": 0, ""wants_children"": 0, ""who_to_meet"": 0}"
syn_ddffc7d6a417e25916ed2eab0982b3c8,public_05,36,man,zone_c,True,synthetic_questionnaire,True,2,"[""zone_c""]",41,33,,,False,quiet,any,any,,steady,monogamous,,"[""weekday_evening"", ""weekend_evening""]",no,,no,"[""non_binary""]",observed,observed,observed,not_asked,not_asked,observed,observed,observed,observed,not_asked,observed,observed,not_asked,observed,observed,not_asked,observed,observed,3,3,3,,,3,2,3,3,,2,3,,3,3,,3,3,"{""acceptable_zones"": [""zone_c""], ""age_max"": 41, ""age_min"": 33, ""conversations"": null, ""emotional_availability"": null, ""has_children"": false, ""lifestyle"": ""quiet"", ""partner_children"": ""any"", ""partner_smoking"": ""any"", ""relationship_goal"": null, ""relationship_pace"": ""steady"", ""relationship_structure"": ""monogamous"", ""relocate"": null, ""schedule"": [""weekday_evening"", ""weekend_evening""], ""smoking"": ""no"", ""space_for_relationship"": null, ""wants_children"": ""no"", ""who_to_meet"": [""non_binary""]}","{""acceptable_zones"": ""observed"", ""age_max"": ""observed"", ""age_min"": ""observed"", ""conversations"": ""not_asked"", ""emotional_availability"": ""not_asked"", ""has_children"": ""observed"", ""lifestyle"": ""observed"", ""partner_children"": ""observed"", ""partner_smoking"": ""observed"", ""relationship_goal"": ""not_asked"", ""relationship_pace"": ""observed"", ""relationship_structure"": ""observed"", ""relocate"": ""not_asked"", ""schedule"": ""observed"", ""smoking"": ""observed"", ""space_for_relationship"": ""not_asked"", ""wants_children"": ""observed"", ""who_to_meet"": ""observed""}","{""acceptable_zones"": 3, ""age_max"": 3, ""age_min"": 3, ""conversations"": null, ""emotional_availability"": null, ""has_children"": 3, ""lifestyle"": 2, ""partner_children"": 3, ""partner_smoking"": 3, ""relationship_goal"": null, ""relationship_pace"": 2, ""relationship_structure"": 3, ""relocate"": null, ""schedule"": 3, ""smoking"": 3, ""space_for_relationship"": null, ""wants_children"": 3, ""who_to_meet"": 3}"
syn_3c2d2201a371a0b9864283944d5cd36f,public_05,43,woman,zone_b,False,synthetic_questionnaire,True,0,,,,,taking_time,,,no_children,,,,,,,,,,,declined,not_asked,not_asked,not_asked,observed,not_asked,not_asked,observed,not_asked,not_asked,not_asked,not_asked,not_asked,not_asked,not_asked,not_asked,not_asked,declined,,,,,0,,,0,,,,,,,,,,,"{""acceptable_zones"": null, ""age_max"": null, ""age_min"": null, ""conversations"": null, ""emotional_availability"": ""taking_time"", ""has_children"": null, ""lifestyle"": null, ""partner_children"": ""no_children"", ""partner_smoking"": null, ""relationship_goal"": null, ""relationship_pace"": null, ""relationship_structure"": null, ""relocate"": null, ""schedule"": null, ""smoking"": null, ""space_for_relationship"": null, ""wants_children"": null, ""who_to_meet"": null}","{""acceptable_zones"": ""declined"", ""age_max"": ""not_asked"", ""age_min"": ""not_asked"", ""conversations"": ""not_asked"", ""emotional_availability"": ""observed"", ""has_children"": ""not_asked"", ""lifestyle"": ""not_asked"", ""partner_children"": ""observed"", ""partner_smoking"": ""not_asked"", ""relationship_goal"": ""not_asked"", ""relationship_pace"": ""not_asked"", ""relationship_structure"": ""not_asked"", ""relocate"": ""not_asked"", ""schedule"": ""not_asked"", ""smoking"": ""not_asked"", ""space_for_relationship"": ""not_asked"", ""wants_children"": ""not_asked"", ""who_to_meet"": ""declined""}","{""acceptable_zones"": null, ""age_max"": null, ""age_min"": null, ""conversations"": null, ""emotional_availability"": 0, ""has_children"": null, ""lifestyle"": null, ""partner_children"": 0, ""partner_smoking"": null, ""relationship_goal"": null, ""relationship_pace"": null, ""relationship_structure"": null, ""relocate"": null, ""schedule"": null, ""smoking"": null, ""space_for_relationship"": null, ""wants_children"": null, ""who_to_meet"": null}"
syn_0766aba8ddd61a47df3dbb63375de874,public_05,43,man,zone_a,True,synthetic_questionnaire,True,8,"[""zone_a"", ""zone_b""]",50,34,,,False,,any,any,long_term,,monogamous,,"[""weekend_evening""]",no,,no,"[""non_binary""]",observed,observed,observed,not_asked,not_asked,observed,not_asked,observed,observed,observed,not_asked,observed,not_asked,observed,observed,not_asked,observed,observed,8,8,8,,,8,,8,8,8,,8,,8,8,,8,8,"{""acceptable_zones"": [""zone_a"", ""zone_b""], ""age_max"": 50, ""age_min"": 34, ""conversations"": null, ""emotional_availability"": null, ""has_children"": false, ""lifestyle"": null, ""partner_children"": ""any"", ""partner_smoking"": ""any"", ""relationship_goal"": ""long_term"", ""relationship_pace"": null, ""relationship_structure"": ""monogamous"", ""relocate"": null, ""schedule"": [""weekend_evening""], ""smoking"": ""no"", ""space_for_relationship"": null, ""wants_children"": ""no"", ""who_to_meet"": [""non_binary""]}","{""acceptable_zones"": ""observed"", ""age_max"": ""observed"", ""age_min"": ""observed"", ""conversations"": ""not_asked"", ""emotional_availability"": ""not_asked"", ""has_children"": ""observed"", ""lifestyle"": ""not_asked"", ""partner_children"": ""observed"", ""partner_smoking"": ""observed"", ""relationship_goal"": ""observed"", ""relationship_pace"": ""not_asked"", ""relationship_structure"": ""observed"", ""relocate"": ""not_asked"", ""schedule"": ""observed"", ""smoking"": ""observed"", ""space_for_relationship"": ""not_asked"", ""wants_children"": ""observed"", ""who_to_meet"": ""observed""}","{""acceptable_zones"": 8, ""age_max"": 8, ""age_min"": 8, ""conversations"": null, ""emotional_availability"": null, ""has_children"": 8, ""lifestyle"": null, ""partner_children"": 8, ""partner_smoking"": 8, ""relationship_goal"": 8, ""relationship_pace"": null, ""relationship_structure"": 8, ""relocate"": null, ""schedule"": 8, ""smoking"": 8, ""space_for_relationship"": null, ""wants_children"": 8, ""who_to_meet"": 8}"
syn_054fd48deb87612dd7394511d3ca0e4c,public_05,27,woman,zone_a,True,synthetic_questionnaire,True,0,,,,,,,,,,,,monogamous,,,no,,,,not_asked,not_asked,not_asked,not_asked,not_asked,not_asked,not_asked,not_asked,declined,not_asked,not_asked,observed,not_asked,not_asked,observed,not_asked,declined,not_asked,,,,,,,,,,,,0,,,0,,,,"{""acceptable_zones"": null, ""age_max"": null, ""age_min"": null, ""conversations"": null, ""emotional_availability"": null, ""has_children"": null, ""lifestyle"": null, ""partner_children"": null, ""partner_smoking"": null, ""relationship_goal"": null, ""relationship_pace"": null, ""relationship_structure"": ""monogamous"", ""relocate"": null, ""schedule"": null, ""smoking"": ""no"", ""space_for_relationship"": null, ""wants_children"": null, ""who_to_meet"": null}","{""acceptable_zones"": ""not_asked"", ""age_max"": ""not_asked"", ""age_min"": ""not_asked"", ""conversations"": ""not_asked"", ""emotional_availability"": ""not_asked"", ""has_children"": ""not_asked"", ""lifestyle"": ""not_asked"", ""partner_children"": ""not_asked"", ""partner_smoking"": ""declined"", ""relationship_goal"": ""not_asked"", ""relationship_pace"": ""not_asked"", ""relationship_structure"": ""observed"", ""relocate"": ""not_asked"", ""schedule"": ""not_asked"", ""smoking"": ""observed"", ""space_for_relationship"": ""not_asked"", ""wants_children"": ""declined"", ""who_to_meet"": ""not_asked""}","{""acceptable_zones"": null, ""age_max"": null, ""age_min"": null, ""conversations"": null, ""emotional_availability"": null, ""has_children"": null, ""lifestyle"": null, ""partner_children"": null, ""partner_smoking"": null, ""relationship_goal"": null, ""relationship_pace"": null, ""relationship_structure"": 0, ""relocate"": null, ""schedule"": null, ""smoking"": 0, ""space_for_relationship"": null, ""wants_children"": null, ""who_to_meet"": null}"
syn_ac039c8f01ab45ccabebd9c693b3f163,public_05,21,woman,zone_c,False,synthetic_questionnaire,True,18,"[""zone_c""]",27,18,practical,taking_time,False,quiet,any,no_smoking,long_term,slow,monogamous,yes,"[""weekend_evening"", ""weekend_day"", ""weekday_evening""]",no,moderate,unsure,"[""man"", ""non_binary""]",observed,observed,observed,observed,observed,observed,observed,observed,observed,observed,observed,observed,observed,observed,observed,observed,observed,observed,18,18,18,18,18,18,18,18,18,18,18,18,18,18,18,18,18,18,"{""acceptable_zones"": [""zone_c""], ""age_max"": 27, ""age_min"": 18, ""conversations"": ""practical"", ""emotional_availability"": ""taking_time"", ""has_children"": false, ""lifestyle"": ""quiet"", ""partner_children"": ""any"", ""partner_smoking"": ""no_smoking"", ""relationship_goal"": ""long_term"", ""relationship_pace"": ""slow"", ""relationship_structure"": ""monogamous"", ""relocate"": ""yes"", ""schedule"": [""weekend_evening"", ""weekend_day"", ""weekday_evening""], ""smoking"": ""no"", ""space_for_relationship"": ""moderate"", ""wants_children"": ""unsure"", ""who_to_meet"": [""man"", ""non_binary""]}","{""acceptable_zones"": ""observed"", ""age_max"": ""observed"", ""age_min"": ""observed"", ""conversations"": ""observed"", ""emotional_availability"": ""observed"", ""has_children"": ""observed"", ""lifestyle"": ""observed"", ""partner_children"": ""observed"", ""partner_smoking"": ""observed"", ""relationship_goal"": ""observed"", ""relationship_pace"": ""observed"", ""relationship_structure"": ""observed"", ""relocate"": ""observed"", ""schedule"": ""observed"", ""smoking"": ""observed"", ""space_for_relationship"": ""observed"", ""wants_children"": ""observed"", ""who_to_meet"": ""observed""}","{""acceptable_zones"": 18, ""age_max"": 18, ""age_min"": 18, ""conversations"": 18, ""emotional_availability"": 18, ""has_children"": 18, ""lifestyle"": 18, ""partner_children"": 18, ""partner_smoking"": 18, ""relationship_goal"": 18, ""relationship_pace"": 18, ""relationship_structure"": 18, ""relocate"": 18, ""schedule"": 18, ""smoking"": 18, ""space_for_relationship"": 18, ""wants_children"": 18, ""who_to_meet"": 18}"
syn_67b0f6eb14762eb08d8efed7fa00de7a,public_05,37,woman,zone_a,True,synthetic_questionnaire,True,0,"[""zone_a""]",42,33,practical,taking_time,False,social,any,no_smoking,long_term,quick,monogamous,unsure,"[""weekday_evening"", ""weekend_day"", ""weekend_evening""]",no,ample,yes,"[""woman"", ""man""]",observed,observed,observed,observed,observed,observed,observed,observed,observed,observed,observed,observed,observed,observed,observed,observed,observed,observed,0,0,0,0,0,0,0,0,0,0,0,0,0,0,0,0,0,0,"{""acceptable_zones"": [""zone_a""], ""age_max"": 42, ""age_min"": 33, ""conversations"": ""practical"", ""emotional_availability"": ""taking_time"", ""has_children"": false, ""lifestyle"": ""social"", ""partner_children"": ""any"", ""partner_smoking"": ""no_smoking"", ""relationship_goal"": ""long_term"", ""relationship_pace"": ""quick"", ""relationship_structure"": ""monogamous"", ""relocate"": ""unsure"", ""schedule"": [""weekday_evening"", ""weekend_day"", ""weekend_evening""], ""smoking"": ""no"", ""space_for_relationship"": ""ample"", ""wants_children"": ""yes"", ""who_to_meet"": [""woman"", ""man""]}","{""acceptable_zones"": ""observed"", ""age_max"": ""observed"", ""age_min"": ""observed"", ""conversations"": ""observed"", ""emotional_availability"": ""observed"", ""has_children"": ""observed"", ""lifestyle"": ""observed"", ""partner_children"": ""observed"", ""partner_smoking"": ""observed"", ""relationship_goal"": ""observed"", ""relationship_pace"": ""observed"", ""relationship_structure"": ""observed"", ""relocate"": ""observed"", ""schedule"": ""observed"", ""smoking"": ""observed"", ""space_for_relationship"": ""observed"", ""wants_children"": ""observed"", ""who_to_meet"": ""observed""}","{""acceptable_zones"": 0, ""age_max"": 0, ""age_min"": 0, ""conversations"": 0, ""emotional_availability"": 0, ""has_children"": 0, ""lifestyle"": 0, ""partner_children"": 0, ""partner_smoking"": 0, ""relationship_goal"": 0, ""relationship_pace"": 0, ""relationship_structure"": 0, ""relocate"": 0, ""schedule"": 0, ""smoking"": 0, ""space_for_relationship"": 0, ""wants_children"": 0, ""who_to_meet"": 0}"
syn_07083c28679f7103d6264390028364a4,public_05,40,man,zone_a,True,synthetic_questionnaire,True,0,,,,,,,,,any,,,,,,,,no,,not_asked,not_asked,not_asked,not_asked,not_asked,declined,not_asked,not_asked,observed,not_asked,declined,not_asked,not_asked,not_asked,not_asked,not_asked,observed,not_asked,,,,,,,,,0,,,,,,,,0,,"{""acceptable_zones"": null, ""age_max"": null, ""age_min"": null, ""conversations"": null, ""emotional_availability"": null, ""has_children"": null, ""lifestyle"": null, ""partner_children"": null, ""partner_smoking"": ""any"", ""relationship_goal"": null, ""relationship_pace"": null, ""relationship_structure"": null, ""relocate"": null, ""schedule"": null, ""smoking"": null, ""space_for_relationship"": null, ""wants_children"": ""no"", ""who_to_meet"": null}","{""acceptable_zones"": ""not_asked"", ""age_max"": ""not_asked"", ""age_min"": ""not_asked"", ""conversations"": ""not_asked"", ""emotional_availability"": ""not_asked"", ""has_children"": ""declined"", ""lifestyle"": ""not_asked"", ""partner_children"": ""not_asked"", ""partner_smoking"": ""observed"", ""relationship_goal"": ""not_asked"", ""relationship_pace"": ""declined"", ""relationship_structure"": ""not_asked"", ""relocate"": ""not_asked"", ""schedule"": ""not_asked"", ""smoking"": ""not_asked"", ""space_for_relationship"": ""not_asked"", ""wants_children"": ""observed"", ""who_to_meet"": ""not_asked""}","{""acceptable_zones"": null, ""age_max"": null, ""age_min"": null, ""conversations"": null, ""emotional_availability"": null, ""has_children"": null, ""lifestyle"": null, ""partner_children"": null, ""partner_smoking"": 0, ""relationship_goal"": null, ""relationship_pace"": null, ""relationship_structure"": null, ""relocate"": null, ""schedule"": null, ""smoking"": null, ""space_for_relationship"": null, ""wants_children"": 0, ""who_to_meet"": null}"
syn_e00e10705d734ac68710874d558dc113,public_05,36,man,zone_a,False,synthetic_questionnaire,True,0,"[""zone_a""]",42,26,practical,ready,False,mixed,any,any,long_term,slow,monogamous,unsure,"[""weekend_day"", ""weekday_evening"", ""weekend_evening""]",no,ample,no,"[""woman""]",observed,observed,observed,observed,observed,observed,observed,observed,observed,observed,observed,observed,observed,observed,observed,observed,observed,observed,0,0,0,0,0,0,0,0,0,0,0,0,0,0,0,0,0,0,"{""acceptable_zones"": [""zone_a""], ""age_max"": 42, ""age_min"": 26, ""conversations"": ""practical"", ""emotional_availability"": ""ready"", ""has_children"": false, ""lifestyle"": ""mixed"", ""partner_children"": ""any"", ""partner_smoking"": ""any"", ""relationship_goal"": ""long_term"", ""relationship_pace"": ""slow"", ""relationship_structure"": ""monogamous"", ""relocate"": ""unsure"", ""schedule"": [""weekend_day"", ""weekday_evening"", ""weekend_evening""], ""smoking"": ""no"", ""space_for_relationship"": ""ample"", ""wants_children"": ""no"", ""who_to_meet"": [""woman""]}","{""acceptable_zones"": ""observed"", ""age_max"": ""observed"", ""age_min"": ""observed"", ""conversations"": ""observed"", ""emotional_availability"": ""observed"", ""has_children"": ""observed"", ""lifestyle"": ""observed"", ""partner_children"": ""observed"", ""partner_smoking"": ""observed"", ""relationship_goal"": ""observed"", ""relationship_pace"": ""observed"", ""relationship_structure"": ""observed"", ""relocate"": ""observed"", ""schedule"": ""observed"", ""smoking"": ""observed"", ""space_for_relationship"": ""observed"", ""wants_children"": ""observed"", ""who_to_meet"": ""observed""}","{""acceptable_zones"": 0, ""age_max"": 0, ""age_min"": 0, ""conversations"": 0, ""emotional_availability"": 0, ""has_children"": 0, ""lifestyle"": 0, ""partner_children"": 0, ""partner_smoking"": 0, ""relationship_goal"": 0, ""relationship_pace"": 0, ""relationship_structure"": 0, ""relocate"": 0, ""schedule"": 0, ""smoking"": 0, ""space_for_relationship"": 0, ""wants_children"": 0, ""who_to_meet"": 0}"
syn_7eee6a7a0275f890ef8c6385bb0ca86e,public_05,28,man,zone_a,False,synthetic_questionnaire,True,4,"[""zone_a""]",37,21,practical,taking_time,False,mixed,any,any,exploring,quick,monogamous,yes,"[""weekend_day"", ""weekend_evening""]",no,moderate,unsure,"[""non_binary"", ""man"", ""woman""]",observed,observed,observed,observed,observed,observed,observed,observed,observed,observed,observed,observed,observed,observed,observed,observed,observed,observed,4,4,4,4,4,4,4,4,4,4,4,4,4,4,4,4,4,4,"{""acceptable_zones"": [""zone_a""], ""age_max"": 37, ""age_min"": 21, ""conversations"": ""practical"", ""emotional_availability"": ""taking_time"", ""has_children"": false, ""lifestyle"": ""mixed"", ""partner_children"": ""any"", ""partner_smoking"": ""any"", ""relationship_goal"": ""exploring"", ""relationship_pace"": ""quick"", ""relationship_structure"": ""monogamous"", ""relocate"": ""yes"", ""schedule"": [""weekend_day"", ""weekend_evening""], ""smoking"": ""no"", ""space_for_relationship"": ""moderate"", ""wants_children"": ""unsure"", ""who_to_meet"": [""non_binary"", ""man"", ""woman""]}","{""acceptable_zones"": ""observed"", ""age_max"": ""observed"", ""age_min"": ""observed"", ""conversations"": ""observed"", ""emotional_availability"": ""observed"", ""has_children"": ""observed"", ""lifestyle"": ""observed"", ""partner_children"": ""observed"", ""partner_smoking"": ""observed"", ""relationship_goal"": ""observed"", ""relationship_pace"": ""observed"", ""relationship_structure"": ""observed"", ""relocate"": ""observed"", ""schedule"": ""observed"", ""smoking"": ""observed"", ""space_for_relationship"": ""observed"", ""wants_children"": ""observed"", ""who_to_meet"": ""observed""}","{""acceptable_zones"": 4, ""age_max"": 4, ""age_min"": 4, ""conversations"": 4, ""emotional_availability"": 4, ""has_children"": 4, ""lifestyle"": 4, ""partner_children"": 4, ""partner_smoking"": 4, ""relationship_goal"": 4, ""relationship_pace"": 4, ""relationship_structure"": 4, ""relocate"": 4, ""schedule"": 4, ""smoking"": 4, ""space_for_relationship"": 4, ""wants_children"": 4, ""who_to_meet"": 4}"
syn_f52d998f7b3adeed3355e5e1ddd5221d,public_05,32,woman,zone_a,False,synthetic_questionnaire,True,0,"[""zone_a""]",40,25,stories,taking_time,False,social,any,any,exploring,steady,monogamous,yes,"[""weekday_evening"", ""weekend_evening""]",no,ample,unsure,"[""non_binary"", ""man"", ""woman""]",observed,observed,observed,observed,observed,observed,observed,observed,observed,observed,observed,observed,observed,observed,observed,observed,observed,observed,0,0,0,0,0,0,0,0,0,0,0,0,0,0,0,0,0,0,"{""acceptable_zones"": [""zone_a""], ""age_max"": 40, ""age_min"": 25, ""conversations"": ""stories"", ""emotional_availability"": ""taking_time"", ""has_children"": false, ""lifestyle"": ""social"", ""partner_children"": ""any"", ""partner_smoking"": ""any"", ""relationship_goal"": ""exploring"", ""relationship_pace"": ""steady"", ""relationship_structure"": ""monogamous"", ""relocate"": ""yes"", ""schedule"": [""weekday_evening"", ""weekend_evening""], ""smoking"": ""no"", ""space_for_relationship"": ""ample"", ""wants_children"": ""unsure"", ""who_to_meet"": [""non_binary"", ""man"", ""woman""]}","{""acceptable_zones"": ""observed"", ""age_max"": ""observed"", ""age_min"": ""observed"", ""conversations"": ""observed"", ""emotional_availability"": ""observed"", ""has_children"": ""observed"", ""lifestyle"": ""observed"", ""partner_children"": ""observed"", ""partner_smoking"": ""observed"", ""relationship_goal"": ""observed"", ""relationship_pace"": ""observed"", ""relationship_structure"": ""observed"", ""relocate"": ""observed"", ""schedule"": ""observed"", ""smoking"": ""observed"", ""space_for_relationship"": ""observed"", ""wants_children"": ""observed"", ""who_to_meet"": ""observed""}","{""acceptable_zones"": 0, ""age_max"": 0, ""age_min"": 0, ""conversations"": 0, ""emotional_availability"": 0, ""has_children"": 0, ""lifestyle"": 0, ""partner_children"": 0, ""partner_smoking"": 0, ""relationship_goal"": 0, ""relationship_pace"": 0, ""relationship_structure"": 0, ""relocate"": 0, ""schedule"": 0, ""smoking"": 0, ""space_for_relationship"": 0, ""wants_children"": 0, ""who_to_meet"": 0}"
syn_23170a23564440a1d4402bade96fbeaa,public_05,39,woman,zone_c,True,synthetic_questionnaire,True,0,"[""zone_c""]",42,33,stories,ready,True,mixed,no_children,any,exploring,steady,monogamous,unsure,"[""weekend_day"", ""weekday_evening""]",no,limited,unsure,"[""woman"", ""man"", ""non_binary""]",observed,observed,observed,observed,observed,observed,observed,observed,observed,observed,observed,observed,observed,observed,observed,observed,observed,observed,0,0,0,0,0,0,0,0,0,0,0,0,0,0,0,0,0,0,"{""acceptable_zones"": [""zone_c""], ""age_max"": 42, ""age_min"": 33, ""conversations"": ""stories"", ""emotional_availability"": ""ready"", ""has_children"": true, ""lifestyle"": ""mixed"", ""partner_children"": ""no_children"", ""partner_smoking"": ""any"", ""relationship_goal"": ""exploring"", ""relationship_pace"": ""steady"", ""relationship_structure"": ""monogamous"", ""relocate"": ""unsure"", ""schedule"": [""weekend_day"", ""weekday_evening""], ""smoking"": ""no"", ""space_for_relationship"": ""limited"", ""wants_children"": ""unsure"", ""who_to_meet"": [""woman"", ""man"", ""non_binary""]}","{""acceptable_zones"": ""observed"", ""age_max"": ""observed"", ""age_min"": ""observed"", ""conversations"": ""observed"", ""emotional_availability"": ""observed"", ""has_children"": ""observed"", ""lifestyle"": ""observed"", ""partner_children"": ""observed"", ""partner_smoking"": ""observed"", ""relationship_goal"": ""observed"", ""relationship_pace"": ""observed"", ""relationship_structure"": ""observed"", ""relocate"": ""observed"", ""schedule"": ""observed"", ""smoking"": ""observed"", ""space_for_relationship"": ""observed"", ""wants_children"": ""observed"", ""who_to_meet"": ""observed""}","{""acceptable_zones"": 0, ""age_max"": 0, ""age_min"": 0, ""conversations"": 0, ""emotional_availability"": 0, ""has_children"": 0, ""lifestyle"": 0, ""partner_children"": 0, ""partner_smoking"": 0, ""relationship_goal"": 0, ""relationship_pace"": 0, ""relationship_structure"": 0, ""relocate"": 0, ""schedule"": 0, ""smoking"": 0, ""space_for_relationship"": 0, ""wants_children"": 0, ""who_to_meet"": 0}"
syn_1a481969a88df7b56a6cace6a02f1ba8,public_05,24,woman,zone_b,True,synthetic_questionnaire,True,0,"[""zone_b""]",31,18,,,False,,no_children,no_smoking,,,non_monogamous,,"[""weekend_evening""]",occasionally,,yes,"[""non_binary"", ""man""]",observed,observed,observed,not_asked,not_asked,observed,not_asked,observed,observed,declined,not_asked,observed,not_asked,observed,observed,not_asked,observed,observed,3,3,3,,,3,,3,3,,,3,,3,3,,3,3,"{""acceptable_zones"": [""zone_b""], ""age_max"": 31, ""age_min"": 18, ""conversations"": null, ""emotional_availability"": null, ""has_children"": false, ""lifestyle"": null, ""partner_children"": ""no_children"", ""partner_smoking"": ""no_smoking"", ""relationship_goal"": null, ""relationship_pace"": null, ""relationship_structure"": ""non_monogamous"", ""relocate"": null, ""schedule"": [""weekend_evening""], ""smoking"": ""occasionally"", ""space_for_relationship"": null, ""wants_children"": ""yes"", ""who_to_meet"": [""non_binary"", ""man""]}","{""acceptable_zones"": ""observed"", ""age_max"": ""observed"", ""age_min"": ""observed"", ""conversations"": ""not_asked"", ""emotional_availability"": ""not_asked"", ""has_children"": ""observed"", ""lifestyle"": ""not_asked"", ""partner_children"": ""observed"", ""partner_smoking"": ""observed"", ""relationship_goal"": ""declined"", ""relationship_pace"": ""not_asked"", ""relationship_structure"": ""observed"", ""relocate"": ""not_asked"", ""schedule"": ""observed"", ""smoking"": ""observed"", ""space_for_relationship"": ""not_asked"", ""wants_children"": ""observed"", ""who_to_meet"": ""observed""}","{""acceptable_zones"": 3, ""age_max"": 3, ""age_min"": 3, ""conversations"": null, ""emotional_availability"": null, ""has_children"": 3, ""lifestyle"": null, ""partner_children"": 3, ""partner_smoking"": 3, ""relationship_goal"": null, ""relationship_pace"": null, ""relationship_structure"": 3, ""relocate"": null, ""schedule"": 3, ""smoking"": 3, ""space_for_relationship"": null, ""wants_children"": 3, ""who_to_meet"": 3}"
syn_802a9661e4dec844ab469c5ddf306a3b,public_05,41,man,zone_c,True,synthetic_questionnaire,True,0,"[""zone_c""]",47,36,,,True,,any,no_smoking,,,monogamous,,"[""weekend_evening"", ""weekday_evening""]",no,,no,"[""man"", ""woman""]",observed,observed,observed,not_asked,not_asked,observed,not_asked,observed,observed,not_asked,not_asked,observed,not_asked,observed,observed,not_asked,observed,observed,3,3,3,,,3,,3,3,,,3,,3,3,,3,3,"{""acceptable_zones"": [""zone_c""], ""age_max"": 47, ""age_min"": 36, ""conversations"": null, ""emotional_availability"": null, ""has_children"": true, ""lifestyle"": null, ""partner_children"": ""any"", ""partner_smoking"": ""no_smoking"", ""relationship_goal"": null, ""relationship_pace"": null, ""relationship_structure"": ""monogamous"", ""relocate"": null, ""schedule"": [""weekend_evening"", ""weekday_evening""], ""smoking"": ""no"", ""space_for_relationship"": null, ""wants_children"": ""no"", ""who_to_meet"": [""man"", ""woman""]}","{""acceptable_zones"": ""observed"", ""age_max"": ""observed"", ""age_min"": ""observed"", ""conversations"": ""not_asked"", ""emotional_availability"": ""not_asked"", ""has_children"": ""observed"", ""lifestyle"": ""not_asked"", ""partner_children"": ""observed"", ""partner_smoking"": ""observed"", ""relationship_goal"": ""not_asked"", ""relationship_pace"": ""not_asked"", ""relationship_structure"": ""observed"", ""relocate"": ""not_asked"", ""schedule"": ""observed"", ""smoking"": ""observed"", ""space_for_relationship"": ""not_asked"", ""wants_children"": ""observed"", ""who_to_meet"": ""observed""}","{""acceptable_zones"": 3, ""age_max"": 3, ""age_min"": 3, ""conversations"": null, ""emotional_availability"": null, ""has_children"": 3, ""lifestyle"": null, ""partner_children"": 3, ""partner_smoking"": 3, ""relationship_goal"": null, ""relationship_pace"": null, ""relationship_structure"": 3, ""relocate"": null, ""schedule"": 3, ""smoking"": 3, ""space_for_relationship"": null, ""wants_children"": 3, ""who_to_meet"": 3}"
syn_59ff3e1be8b80799f03c9a0adcc9a8f7,public_05,32,woman,zone_a,False,synthetic_questionnaire,True,0,"[""zone_a""]",36,23,,,False,,any,no_smoking,,slow,monogamous,unsure,"[""weekday_evening"", ""weekend_day"", ""weekend_evening""]",no,,yes,"[""woman""]",observed,observed,observed,not_asked,not_asked,observed,not_asked,observed,observed,not_asked,observed,observed,observed,observed,observed,not_asked,observed,observed,3,3,3,,,3,,3,3,,0,3,0,3,3,,3,3,"{""acceptable_zones"": [""zone_a""], ""age_max"": 36, ""age_min"": 23, ""conversations"": null, ""emotional_availability"": null, ""has_children"": false, ""lifestyle"": null, ""partner_children"": ""any"", ""partner_smoking"": ""no_smoking"", ""relationship_goal"": null, ""relationship_pace"": ""slow"", ""relationship_structure"": ""monogamous"", ""relocate"": ""unsure"", ""schedule"": [""weekday_evening"", ""weekend_day"", ""weekend_evening""], ""smoking"": ""no"", ""space_for_relationship"": null, ""wants_children"": ""yes"", ""who_to_meet"": [""woman""]}","{""acceptable_zones"": ""observed"", ""age_max"": ""observed"", ""age_min"": ""observed"", ""conversations"": ""not_asked"", ""emotional_availability"": ""not_asked"", ""has_children"": ""observed"", ""lifestyle"": ""not_asked"", ""partner_children"": ""observed"", ""partner_smoking"": ""observed"", ""relationship_goal"": ""not_asked"", ""relationship_pace"": ""observed"", ""relationship_structure"": ""observed"", ""relocate"": ""observed"", ""schedule"": ""observed"", ""smoking"": ""observed"", ""space_for_relationship"": ""not_asked"", ""wants_children"": ""observed"", ""who_to_meet"": ""observed""}","{""acceptable_zones"": 3, ""age_max"": 3, ""age_min"": 3, ""conversations"": null, ""emotional_availability"": null, ""has_children"": 3, ""lifestyle"": null, ""partner_children"": 3, ""partner_smoking"": 3, ""relationship_goal"": null, ""relationship_pace"": 0, ""relationship_structure"": 3, ""relocate"": 0, ""schedule"": 3, ""smoking"": 3, ""space_for_relationship"": null, ""wants_children"": 3, ""who_to_meet"": 3}"
syn_7573951c8db89de2ea2181a4bc076eac,public_05,30,woman,zone_a,True,synthetic_questionnaire,True,19,,,,,,,,,,,,,,,,,,,not_asked,not_asked,not_asked,not_asked,declined,not_asked,not_asked,not_asked,not_asked,not_asked,not_asked,not_asked,not_asked,declined,declined,declined,not_asked,not_asked,,,,,,,,,,,,,,,,,,,"{""acceptable_zones"": null, ""age_max"": null, ""age_min"": null, ""conversations"": null, ""emotional_availability"": null, ""has_children"": null, ""lifestyle"": null, ""partner_children"": null, ""partner_smoking"": null, ""relationship_goal"": null, ""relationship_pace"": null, ""relationship_structure"": null, ""relocate"": null, ""schedule"": null, ""smoking"": null, ""space_for_relationship"": null, ""wants_children"": null, ""who_to_meet"": null}","{""acceptable_zones"": ""not_asked"", ""age_max"": ""not_asked"", ""age_min"": ""not_asked"", ""conversations"": ""not_asked"", ""emotional_availability"": ""declined"", ""has_children"": ""not_asked"", ""lifestyle"": ""not_asked"", ""partner_children"": ""not_asked"", ""partner_smoking"": ""not_asked"", ""relationship_goal"": ""not_asked"", ""relationship_pace"": ""not_asked"", ""relationship_structure"": ""not_asked"", ""relocate"": ""not_asked"", ""schedule"": ""declined"", ""smoking"": ""declined"", ""space_for_relationship"": ""declined"", ""wants_children"": ""not_asked"", ""who_to_meet"": ""not_asked""}","{""acceptable_zones"": null, ""age_max"": null, ""age_min"": null, ""conversations"": null, ""emotional_availability"": null, ""has_children"": null, ""lifestyle"": null, ""partner_children"": null, ""partner_smoking"": null, ""relationship_goal"": null, ""relationship_pace"": null, ""relationship_structure"": null, ""relocate"": null, ""schedule"": null, ""smoking"": null, ""space_for_relationship"": null, ""wants_children"": null, ""who_to_meet"": null}"
syn_67f1cd2c6b5d5649500a58a76921d072,public_05,32,woman,zone_a,True,synthetic_questionnaire,True,0,,,,playful,,,,,,,,,,,,,,,not_asked,not_asked,declined,observed,not_asked,not_asked,not_asked,declined,not_asked,not_asked,not_asked,not_asked,not_asked,not_asked,not_asked,not_asked,not_asked,not_asked,,,,0,,,,,,,,,,,,,,,"{""acceptable_zones"": null, ""age_max"": null, ""age_min"": null, ""conversations"": ""playful"", ""emotional_availability"": null, ""has_children"": null, ""lifestyle"": null, ""partner_children"": null, ""partner_smoking"": null, ""relationship_goal"": null, ""relationship_pace"": null, ""relationship_structure"": null, ""relocate"": null, ""schedule"": null, ""smoking"": null, ""space_for_relationship"": null, ""wants_children"": null, ""who_to_meet"": null}","{""acceptable_zones"": ""not_asked"", ""age_max"": ""not_asked"", ""age_min"": ""declined"", ""conversations"": ""observed"", ""emotional_availability"": ""not_asked"", ""has_children"": ""not_asked"", ""lifestyle"": ""not_asked"", ""partner_children"": ""declined"", ""partner_smoking"": ""not_asked"", ""relationship_goal"": ""not_asked"", ""relationship_pace"": ""not_asked"", ""relationship_structure"": ""not_asked"", ""relocate"": ""not_asked"", ""schedule"": ""not_asked"", ""smoking"": ""not_asked"", ""space_for_relationship"": ""not_asked"", ""wants_children"": ""not_asked"", ""who_to_meet"": ""not_asked""}","{""acceptable_zones"": null, ""age_max"": null, ""age_min"": null, ""conversations"": 0, ""emotional_availability"": null, ""has_children"": null, ""lifestyle"": null, ""partner_children"": null, ""partner_smoking"": null, ""relationship_goal"": null, ""relationship_pace"": null, ""relationship_structure"": null, ""relocate"": null, ""schedule"": null, ""smoking"": null, ""space_for_relationship"": null, ""wants_children"": null, ""who_to_meet"": null}"
syn_cdc819332566fb20af1b8c0ad44e902d,public_05,21,man,zone_b,True,synthetic_questionnaire,True,0,,,,,,,social,,,,,,,,,,,,not_asked,not_asked,not_asked,not_asked,not_asked,declined,observed,not_asked,declined,not_asked,not_asked,not_asked,not_asked,not_asked,not_asked,not_asked,not_asked,not_asked,,,,,,,0,,,,,,,,,,,,"{""acceptable_zones"": null, ""age_max"": null, ""age_min"": null, ""conversations"": null, ""emotional_availability"": null, ""has_children"": null, ""lifestyle"": ""social"", ""partner_children"": null, ""partner_smoking"": null, ""relationship_goal"": null, ""relationship_pace"": null, ""relationship_structure"": null, ""relocate"": null, ""schedule"": null, ""smoking"": null, ""space_for_relationship"": null, ""wants_children"": null, ""who_to_meet"": null}","{""acceptable_zones"": ""not_asked"", ""age_max"": ""not_asked"", ""age_min"": ""not_asked"", ""conversations"": ""not_asked"", ""emotional_availability"": ""not_asked"", ""has_children"": ""declined"", ""lifestyle"": ""observed"", ""partner_children"": ""not_asked"", ""partner_smoking"": ""declined"", ""relationship_goal"": ""not_asked"", ""relationship_pace"": ""not_asked"", ""relationship_structure"": ""not_asked"", ""relocate"": ""not_asked"", ""schedule"": ""not_asked"", ""smoking"": ""not_asked"", ""space_for_relationship"": ""not_asked"", ""wants_children"": ""not_asked"", ""who_to_meet"": ""not_asked""}","{""acceptable_zones"": null, ""age_max"": null, ""age_min"": null, ""conversations"": null, ""emotional_availability"": null, ""has_children"": null, ""lifestyle"": 0, ""partner_children"": null, ""partner_smoking"": null, ""relationship_goal"": null, ""relationship_pace"": null, ""relationship_structure"": null, ""relocate"": null, ""schedule"": null, ""smoking"": null, ""space_for_relationship"": null, ""wants_children"": null, ""who_to_meet"": null}"
syn_4da096510159e7ed67bcea8df1fd9276,public_05,37,man,zone_a,True,synthetic_questionnaire,True,1,"[""zone_a""]",41,34,stories,taking_time,False,social,any,no_smoking,exploring,steady,monogamous,no,"[""weekend_evening"", ""weekday_evening"", ""weekend_day""]",no,ample,yes,"[""non_binary"", ""man""]",observed,observed,observed,observed,observed,observed,observed,observed,observed,observed,observed,observed,observed,observed,observed,observed,observed,observed,1,1,1,1,1,1,1,1,1,1,1,1,1,1,1,1,1,1,"{""acceptable_zones"": [""zone_a""], ""age_max"": 41, ""age_min"": 34, ""conversations"": ""stories"", ""emotional_availability"": ""taking_time"", ""has_children"": false, ""lifestyle"": ""social"", ""partner_children"": ""any"", ""partner_smoking"": ""no_smoking"", ""relationship_goal"": ""exploring"", ""relationship_pace"": ""steady"", ""relationship_structure"": ""monogamous"", ""relocate"": ""no"", ""schedule"": [""weekend_evening"", ""weekday_evening"", ""weekend_day""], ""smoking"": ""no"", ""space_for_relationship"": ""ample"", ""wants_children"": ""yes"", ""who_to_meet"": [""non_binary"", ""man""]}","{""acceptable_zones"": ""observed"", ""age_max"": ""observed"", ""age_min"": ""observed"", ""conversations"": ""observed"", ""emotional_availability"": ""observed"", ""has_children"": ""observed"", ""lifestyle"": ""observed"", ""partner_children"": ""observed"", ""partner_smoking"": ""observed"", ""relationship_goal"": ""observed"", ""relationship_pace"": ""observed"", ""relationship_structure"": ""observed"", ""relocate"": ""observed"", ""schedule"": ""observed"", ""smoking"": ""observed"", ""space_for_relationship"": ""observed"", ""wants_children"": ""observed"", ""who_to_meet"": ""observed""}","{""acceptable_zones"": 1, ""age_max"": 1, ""age_min"": 1, ""conversations"": 1, ""emotional_availability"": 1, ""has_children"": 1, ""lifestyle"": 1, ""partner_children"": 1, ""partner_smoking"": 1, ""relationship_goal"": 1, ""relationship_pace"": 1, ""relationship_structure"": 1, ""relocate"": 1, ""schedule"": 1, ""smoking"": 1, ""space_for_relationship"": 1, ""wants_children"": 1, ""who_to_meet"": 1}"
syn_36b3b69ccaea82d40d69f92264d42798,public_05,44,woman,zone_b,True,synthetic_questionnaire,True,0,"[""zone_b""]",48,37,,,True,,no_children,no_smoking,,,monogamous,,"[""weekday_evening"", ""weekend_evening""]",no,,unsure,"[""man""]",observed,observed,observed,not_asked,not_asked,observed,not_asked,observed,observed,not_asked,not_asked,observed,not_asked,observed,observed,not_asked,observed,observed,4,4,4,,,4,,4,4,,,4,,4,4,,4,4,"{""acceptable_zones"": [""zone_b""], ""age_max"": 48, ""age_min"": 37, ""conversations"": null, ""emotional_availability"": null, ""has_children"": true, ""lifestyle"": null, ""partner_children"": ""no_children"", ""partner_smoking"": ""no_smoking"", ""relationship_goal"": null, ""relationship_pace"": null, ""relationship_structure"": ""monogamous"", ""relocate"": null, ""schedule"": [""weekday_evening"", ""weekend_evening""], ""smoking"": ""no"", ""space_for_relationship"": null, ""wants_children"": ""unsure"", ""who_to_meet"": [""man""]}","{""acceptable_zones"": ""observed"", ""age_max"": ""observed"", ""age_min"": ""observed"", ""conversations"": ""not_asked"", ""emotional_availability"": ""not_asked"", ""has_children"": ""observed"", ""lifestyle"": ""not_asked"", ""partner_children"": ""observed"", ""partner_smoking"": ""observed"", ""relationship_goal"": ""not_asked"", ""relationship_pace"": ""not_asked"", ""relationship_structure"": ""observed"", ""relocate"": ""not_asked"", ""schedule"": ""observed"", ""smoking"": ""observed"", ""space_for_relationship"": ""not_asked"", ""wants_children"": ""observed"", ""who_to_meet"": ""observed""}","{""acceptable_zones"": 4, ""age_max"": 4, ""age_min"": 4, ""conversations"": null, ""emotional_availability"": null, ""has_children"": 4, ""lifestyle"": null, ""partner_children"": 4, ""partner_smoking"": 4, ""relationship_goal"": null, ""relationship_pace"": null, ""relationship_structure"": 4, ""relocate"": null, ""schedule"": 4, ""smoking"": 4, ""space_for_relationship"": null, ""wants_children"": 4, ""who_to_meet"": 4}"
syn_5863c08fc3f248b07a841a4d6511e6fc,public_05,40,man,zone_a,True,synthetic_questionnaire,True,0,"[""zone_a""]",45,30,,,False,,no_children,no_smoking,,,monogamous,,"[""weekend_evening"", ""weekday_evening"", ""weekend_day""]",no,,yes,"[""non_binary""]",observed,observed,observed,not_asked,not_asked,observed,not_asked,observed,observed,not_asked,not_asked,observed,not_asked,observed,observed,not_asked,observed,observed,4,4,4,,,4,,4,4,,,4,,4,4,,4,4,"{""acceptable_zones"": [""zone_a""], ""age_max"": 45, ""age_min"": 30, ""conversations"": null, ""emotional_availability"": null, ""has_children"": false, ""lifestyle"": null, ""partner_children"": ""no_children"", ""partner_smoking"": ""no_smoking"", ""relationship_goal"": null, ""relationship_pace"": null, ""relationship_structure"": ""monogamous"", ""relocate"": null, ""schedule"": [""weekend_evening"", ""weekday_evening"", ""weekend_day""], ""smoking"": ""no"", ""space_for_relationship"": null, ""wants_children"": ""yes"", ""who_to_meet"": [""non_binary""]}","{""acceptable_zones"": ""observed"", ""age_max"": ""observed"", ""age_min"": ""observed"", ""conversations"": ""not_asked"", ""emotional_availability"": ""not_asked"", ""has_children"": ""observed"", ""lifestyle"": ""not_asked"", ""partner_children"": ""observed"", ""partner_smoking"": ""observed"", ""relationship_goal"": ""not_asked"", ""relationship_pace"": ""not_asked"", ""relationship_structure"": ""observed"", ""relocate"": ""not_asked"", ""schedule"": ""observed"", ""smoking"": ""observed"", ""space_for_relationship"": ""not_asked"", ""wants_children"": ""observed"", ""who_to_meet"": ""observed""}","{""acceptable_zones"": 4, ""age_max"": 4, ""age_min"": 4, ""conversations"": null, ""emotional_availability"": null, ""has_children"": 4, ""lifestyle"": null, ""partner_children"": 4, ""partner_smoking"": 4, ""relationship_goal"": null, ""relationship_pace"": null, ""relationship_structure"": 4, ""relocate"": null, ""schedule"": 4, ""smoking"": 4, ""space_for_relationship"": null, ""wants_children"": 4, ""who_to_meet"": 4}"
syn_3ff803cc4309f41eb7e9181d17112507,public_05,25,man,zone_a,True,synthetic_questionnaire,True,0,"[""zone_a""]",28,18,,,False,,any,no_smoking,,,monogamous,,"[""weekend_day"", ""weekday_evening""]",no,,unsure,"[""woman"", ""non_binary""]",observed,observed,observed,declined,not_asked,observed,not_asked,observed,observed,not_asked,not_asked,observed,not_asked,observed,observed,not_asked,observed,observed,4,4,4,,,4,,4,4,,,4,,4,4,,4,4,"{""acceptable_zones"": [""zone_a""], ""age_max"": 28, ""age_min"": 18, ""conversations"": null, ""emotional_availability"": null, ""has_children"": false, ""lifestyle"": null, ""partner_children"": ""any"", ""partner_smoking"": ""no_smoking"", ""relationship_goal"": null, ""relationship_pace"": null, ""relationship_structure"": ""monogamous"", ""relocate"": null, ""schedule"": [""weekend_day"", ""weekday_evening""], ""smoking"": ""no"", ""space_for_relationship"": null, ""wants_children"": ""unsure"", ""who_to_meet"": [""woman"", ""non_binary""]}","{""acceptable_zones"": ""observed"", ""age_max"": ""observed"", ""age_min"": ""observed"", ""conversations"": ""declined"", ""emotional_availability"": ""not_asked"", ""has_children"": ""observed"", ""lifestyle"": ""not_asked"", ""partner_children"": ""observed"", ""partner_smoking"": ""observed"", ""relationship_goal"": ""not_asked"", ""relationship_pace"": ""not_asked"", ""relationship_structure"": ""observed"", ""relocate"": ""not_asked"", ""schedule"": ""observed"", ""smoking"": ""observed"", ""space_for_relationship"": ""not_asked"", ""wants_children"": ""observed"", ""who_to_meet"": ""observed""}","{""acceptable_zones"": 4, ""age_max"": 4, ""age_min"": 4, ""conversations"": null, ""emotional_availability"": null, ""has_children"": 4, ""lifestyle"": null, ""partner_children"": 4, ""partner_smoking"": 4, ""relationship_goal"": null, ""relationship_pace"": null, ""relationship_structure"": 4, ""relocate"": null, ""schedule"": 4, ""smoking"": 4, ""space_for_relationship"": null, ""wants_children"": 4, ""who_to_meet"": 4}"
syn_84327dacf63af38987f23e5366b67a39,public_05,39,woman,zone_a,True,synthetic_questionnaire,True,0,"[""zone_a""]",47,32,,,False,,no_children,any,,,monogamous,,"[""weekend_evening"", ""weekday_evening""]",yes,,yes,"[""non_binary""]",observed,observed,observed,not_asked,not_asked,observed,not_asked,observed,observed,declined,declined,observed,not_asked,observed,observed,not_asked,observed,observed,4,4,4,,,4,,4,4,,,4,,4,4,,4,4,"{""acceptable_zones"": [""zone_a""], ""age_max"": 47, ""age_min"": 32, ""conversations"": null, ""emotional_availability"": null, ""has_children"": false, ""lifestyle"": null, ""partner_children"": ""no_children"", ""partner_smoking"": ""any"", ""relationship_goal"": null, ""relationship_pace"": null, ""relationship_structure"": ""monogamous"", ""relocate"": null, ""schedule"": [""weekend_evening"", ""weekday_evening""], ""smoking"": ""yes"", ""space_for_relationship"": null, ""wants_children"": ""yes"", ""who_to_meet"": [""non_binary""]}","{""acceptable_zones"": ""observed"", ""age_max"": ""observed"", ""age_min"": ""observed"", ""conversations"": ""not_asked"", ""emotional_availability"": ""not_asked"", ""has_children"": ""observed"", ""lifestyle"": ""not_asked"", ""partner_children"": ""observed"", ""partner_smoking"": ""observed"", ""relationship_goal"": ""declined"", ""relationship_pace"": ""declined"", ""relationship_structure"": ""observed"", ""relocate"": ""not_asked"", ""schedule"": ""observed"", ""smoking"": ""observed"", ""space_for_relationship"": ""not_asked"", ""wants_children"": ""observed"", ""who_to_meet"": ""observed""}","{""acceptable_zones"": 4, ""age_max"": 4, ""age_min"": 4, ""conversations"": null, ""emotional_availability"": null, ""has_children"": 4, ""lifestyle"": null, ""partner_children"": 4, ""partner_smoking"": 4, ""relationship_goal"": null, ""relationship_pace"": null, ""relationship_structure"": 4, ""relocate"": null, ""schedule"": 4, ""smoking"": 4, ""space_for_relationship"": null, ""wants_children"": 4, ""who_to_meet"": 4}"
syn_6c730c5a5781af7f9e2b80ea146f1771,public_05,21,man,zone_a,True,synthetic_questionnaire,True,0,"[""zone_a""]",29,18,ideas,taking_time,False,quiet,any,no_smoking,long_term,slow,non_monogamous,unsure,"[""weekend_evening"", ""weekday_evening""]",no,moderate,yes,"[""woman""]",observed,observed,observed,observed,observed,observed,observed,observed,observed,observed,observed,observed,observed,observed,observed,observed,observed,observed,0,0,0,0,0,0,0,0,0,0,0,0,0,0,0,0,0,0,"{""acceptable_zones"": [""zone_a""], ""age_max"": 29, ""age_min"": 18, ""conversations"": ""ideas"", ""emotional_availability"": ""taking_time"", ""has_children"": false, ""lifestyle"": ""quiet"", ""partner_children"": ""any"", ""partner_smoking"": ""no_smoking"", ""relationship_goal"": ""long_term"", ""relationship_pace"": ""slow"", ""relationship_structure"": ""non_monogamous"", ""relocate"": ""unsure"", ""schedule"": [""weekend_evening"", ""weekday_evening""], ""smoking"": ""no"", ""space_for_relationship"": ""moderate"", ""wants_children"": ""yes"", ""who_to_meet"": [""woman""]}","{""acceptable_zones"": ""observed"", ""age_max"": ""observed"", ""age_min"": ""observed"", ""conversations"": ""observed"", ""emotional_availability"": ""observed"", ""has_children"": ""observed"", ""lifestyle"": ""observed"", ""partner_children"": ""observed"", ""partner_smoking"": ""observed"", ""relationship_goal"": ""observed"", ""relationship_pace"": ""observed"", ""relationship_structure"": ""observed"", ""relocate"": ""observed"", ""schedule"": ""observed"", ""smoking"": ""observed"", ""space_for_relationship"": ""observed"", ""wants_children"": ""observed"", ""who_to_meet"": ""observed""}","{""acceptable_zones"": 0, ""age_max"": 0, ""age_min"": 0, ""conversations"": 0, ""emotional_availability"": 0, ""has_children"": 0, ""lifestyle"": 0, ""partner_children"": 0, ""partner_smoking"": 0, ""relationship_goal"": 0, ""relationship_pace"": 0, ""relationship_structure"": 0, ""relocate"": 0, ""schedule"": 0, ""smoking"": 0, ""space_for_relationship"": 0, ""wants_children"": 0, ""who_to_meet"": 0}"
syn_04e14bb2ba3ef2f338b787a065feb029,public_05,26,woman,zone_a,False,synthetic_questionnaire,True,17,"[""zone_a""]",35,19,,,False,,any,any,,,monogamous,,"[""weekday_evening"", ""weekend_evening""]",no,,unsure,"[""woman""]",observed,observed,observed,not_asked,not_asked,observed,not_asked,observed,observed,not_asked,not_asked,observed,not_asked,observed,observed,not_asked,observed,observed,17,17,17,,,17,,17,17,,,17,,17,17,,17,17,"{""acceptable_zones"": [""zone_a""], ""age_max"": 35, ""age_min"": 19, ""conversations"": null, ""emotional_availability"": null, ""has_children"": false, ""lifestyle"": null, ""partner_children"": ""any"", ""partner_smoking"": ""any"", ""relationship_goal"": null, ""relationship_pace"": null, ""relationship_structure"": ""monogamous"", ""relocate"": null, ""schedule"": [""weekday_evening"", ""weekend_evening""], ""smoking"": ""no"", ""space_for_relationship"": null, ""wants_children"": ""unsure"", ""who_to_meet"": [""woman""]}","{""acceptable_zones"": ""observed"", ""age_max"": ""observed"", ""age_min"": ""observed"", ""conversations"": ""not_asked"", ""emotional_availability"": ""not_asked"", ""has_children"": ""observed"", ""lifestyle"": ""not_asked"", ""partner_children"": ""observed"", ""partner_smoking"": ""observed"", ""relationship_goal"": ""not_asked"", ""relationship_pace"": ""not_asked"", ""relationship_structure"": ""observed"", ""relocate"": ""not_asked"", ""schedule"": ""observed"", ""smoking"": ""observed"", ""space_for_relationship"": ""not_asked"", ""wants_children"": ""observed"", ""who_to_meet"": ""observed""}","{""acceptable_zones"": 17, ""age_max"": 17, ""age_min"": 17, ""conversations"": null, ""emotional_availability"": null, ""has_children"": 17, ""lifestyle"": null, ""partner_children"": 17, ""partner_smoking"": 17, ""relationship_goal"": null, ""relationship_pace"": null, ""relationship_structure"": 17, ""relocate"": null, ""schedule"": 17, ""smoking"": 17, ""space_for_relationship"": null, ""wants_children"": 17, ""who_to_meet"": 17}"
syn_ae494b453b2b66f7bbd82e220000b1f3,public_05,43,non_binary,zone_a,True,synthetic_questionnaire,True,0,"[""zone_a""]",46,36,,,False,,any,any,,,monogamous,,"[""weekend_day"", ""weekend_evening"", ""weekday_evening""]",occasionally,,unsure,"[""non_binary"", ""man""]",observed,observed,observed,not_asked,not_asked,observed,not_asked,observed,observed,not_asked,not_asked,observed,not_asked,observed,observed,not_asked,observed,observed,5,5,5,,,5,,5,5,,,5,,5,5,,5,5,"{""acceptable_zones"": [""zone_a""], ""age_max"": 46, ""age_min"": 36, ""conversations"": null, ""emotional_availability"": null, ""has_children"": false, ""lifestyle"": null, ""partner_children"": ""any"", ""partner_smoking"": ""any"", ""relationship_goal"": null, ""relationship_pace"": null, ""relationship_structure"": ""monogamous"", ""relocate"": null, ""schedule"": [""weekend_day"", ""weekend_evening"", ""weekday_evening""], ""smoking"": ""occasionally"", ""space_for_relationship"": null, ""wants_children"": ""unsure"", ""who_to_meet"": [""non_binary"", ""man""]}","{""acceptable_zones"": ""observed"", ""age_max"": ""observed"", ""age_min"": ""observed"", ""conversations"": ""not_asked"", ""emotional_availability"": ""not_asked"", ""has_children"": ""observed"", ""lifestyle"": ""not_asked"", ""partner_children"": ""observed"", ""partner_smoking"": ""observed"", ""relationship_goal"": ""not_asked"", ""relationship_pace"": ""not_asked"", ""relationship_structure"": ""observed"", ""relocate"": ""not_asked"", ""schedule"": ""observed"", ""smoking"": ""observed"", ""space_for_relationship"": ""not_asked"", ""wants_children"": ""observed"", ""who_to_meet"": ""observed""}","{""acceptable_zones"": 5, ""age_max"": 5, ""age_min"": 5, ""conversations"": null, ""emotional_availability"": null, ""has_children"": 5, ""lifestyle"": null, ""partner_children"": 5, ""partner_smoking"": 5, ""relationship_goal"": null, ""relationship_pace"": null, ""relationship_structure"": 5, ""relocate"": null, ""schedule"": 5, ""smoking"": 5, ""space_for_relationship"": null, ""wants_children"": 5, ""who_to_meet"": 5}"
syn_ddaffd2702a325c0558038db0f273c41,public_05,27,man,zone_b,True,synthetic_questionnaire,True,0,"[""zone_b"", ""zone_c""]",33,18,,,False,,any,any,,,monogamous,,"[""weekend_evening""]",no,,unsure,"[""non_binary""]",observed,observed,observed,not_asked,not_asked,observed,not_asked,observed,observed,not_asked,not_asked,observed,not_asked,observed,observed,not_asked,observed,observed,5,5,5,,,5,,5,5,,,5,,5,5,,5,5,"{""acceptable_zones"": [""zone_b"", ""zone_c""], ""age_max"": 33, ""age_min"": 18, ""conversations"": null, ""emotional_availability"": null, ""has_children"": false, ""lifestyle"": null, ""partner_children"": ""any"", ""partner_smoking"": ""any"", ""relationship_goal"": null, ""relationship_pace"": null, ""relationship_structure"": ""monogamous"", ""relocate"": null, ""schedule"": [""weekend_evening""], ""smoking"": ""no"", ""space_for_relationship"": null, ""wants_children"": ""unsure"", ""who_to_meet"": [""non_binary""]}","{""acceptable_zones"": ""observed"", ""age_max"": ""observed"", ""age_min"": ""observed"", ""conversations"": ""not_asked"", ""emotional_availability"": ""not_asked"", ""has_children"": ""observed"", ""lifestyle"": ""not_asked"", ""partner_children"": ""observed"", ""partner_smoking"": ""observed"", ""relationship_goal"": ""not_asked"", ""relationship_pace"": ""not_asked"", ""relationship_structure"": ""observed"", ""relocate"": ""not_asked"", ""schedule"": ""observed"", ""smoking"": ""observed"", ""space_for_relationship"": ""not_asked"", ""wants_children"": ""observed"", ""who_to_meet"": ""observed""}","{""acceptable_zones"": 5, ""age_max"": 5, ""age_min"": 5, ""conversations"": null, ""emotional_availability"": null, ""has_children"": 5, ""lifestyle"": null, ""partner_children"": 5, ""partner_smoking"": 5, ""relationship_goal"": null, ""relationship_pace"": null, ""relationship_structure"": 5, ""relocate"": null, ""schedule"": 5, ""smoking"": 5, ""space_for_relationship"": null, ""wants_children"": 5, ""who_to_meet"": 5}"
syn_590a56783612729510c25839298559af,public_05,27,man,zone_b,False,synthetic_questionnaire,True,18,"[""zone_b""]",33,24,stories,ready,False,social,any,any,long_term,quick,monogamous,unsure,"[""weekday_evening""]",no,limited,unsure,"[""man""]",observed,observed,observed,observed,observed,observed,observed,observed,observed,observed,observed,observed,observed,observed,observed,observed,observed,observed,18,18,18,18,18,18,18,18,18,18,18,18,18,18,18,18,18,18,"{""acceptable_zones"": [""zone_b""], ""age_max"": 33, ""age_min"": 24, ""conversations"": ""stories"", ""emotional_availability"": ""ready"", ""has_children"": false, ""lifestyle"": ""social"", ""partner_children"": ""any"", ""partner_smoking"": ""any"", ""relationship_goal"": ""long_term"", ""relationship_pace"": ""quick"", ""relationship_structure"": ""monogamous"", ""relocate"": ""unsure"", ""schedule"": [""weekday_evening""], ""smoking"": ""no"", ""space_for_relationship"": ""limited"", ""wants_children"": ""unsure"", ""who_to_meet"": [""man""]}","{""acceptable_zones"": ""observed"", ""age_max"": ""observed"", ""age_min"": ""observed"", ""conversations"": ""observed"", ""emotional_availability"": ""observed"", ""has_children"": ""observed"", ""lifestyle"": ""observed"", ""partner_children"": ""observed"", ""partner_smoking"": ""observed"", ""relationship_goal"": ""observed"", ""relationship_pace"": ""observed"", ""relationship_structure"": ""observed"", ""relocate"": ""observed"", ""schedule"": ""observed"", ""smoking"": ""observed"", ""space_for_relationship"": ""observed"", ""wants_children"": ""observed"", ""who_to_meet"": ""observed""}","{""acceptable_zones"": 18, ""age_max"": 18, ""age_min"": 18, ""conversations"": 18, ""emotional_availability"": 18, ""has_children"": 18, ""lifestyle"": 18, ""partner_children"": 18, ""partner_smoking"": 18, ""relationship_goal"": 18, ""relationship_pace"": 18, ""relationship_structure"": 18, ""relocate"": 18, ""schedule"": 18, ""smoking"": 18, ""space_for_relationship"": 18, ""wants_children"": 18, ""who_to_meet"": 18}"
syn_5c803391b28b1117467777a0829a576d,public_05,25,man,zone_a,False,synthetic_questionnaire,True,0,"[""zone_a""]",30,20,ideas,taking_time,False,social,no_children,any,exploring,steady,non_monogamous,no,"[""weekend_day"", ""weekend_evening""]",no,limited,unsure,"[""woman"", ""man""]",observed,observed,observed,observed,observed,observed,observed,observed,observed,observed,observed,observed,observed,observed,observed,observed,observed,observed,0,0,0,0,0,0,0,0,0,0,0,0,0,0,0,0,0,0,"{""acceptable_zones"": [""zone_a""], ""age_max"": 30, ""age_min"": 20, ""conversations"": ""ideas"", ""emotional_availability"": ""taking_time"", ""has_children"": false, ""lifestyle"": ""social"", ""partner_children"": ""no_children"", ""partner_smoking"": ""any"", ""relationship_goal"": ""exploring"", ""relationship_pace"": ""steady"", ""relationship_structure"": ""non_monogamous"", ""relocate"": ""no"", ""schedule"": [""weekend_day"", ""weekend_evening""], ""smoking"": ""no"", ""space_for_relationship"": ""limited"", ""wants_children"": ""unsure"", ""who_to_meet"": [""woman"", ""man""]}","{""acceptable_zones"": ""observed"", ""age_max"": ""observed"", ""age_min"": ""observed"", ""conversations"": ""observed"", ""emotional_availability"": ""observed"", ""has_children"": ""observed"", ""lifestyle"": ""observed"", ""partner_children"": ""observed"", ""partner_smoking"": ""observed"", ""relationship_goal"": ""observed"", ""relationship_pace"": ""observed"", ""relationship_structure"": ""observed"", ""relocate"": ""observed"", ""schedule"": ""observed"", ""smoking"": ""observed"", ""space_for_relationship"": ""observed"", ""wants_children"": ""observed"", ""who_to_meet"": ""observed""}","{""acceptable_zones"": 0, ""age_max"": 0, ""age_min"": 0, ""conversations"": 0, ""emotional_availability"": 0, ""has_children"": 0, ""lifestyle"": 0, ""partner_children"": 0, ""partner_smoking"": 0, ""relationship_goal"": 0, ""relationship_pace"": 0, ""relationship_structure"": 0, ""relocate"": 0, ""schedule"": 0, ""smoking"": 0, ""space_for_relationship"": 0, ""wants_children"": 0, ""who_to_meet"": 0}"
syn_f240b85afa436bd03fb4de411591df18,public_05,21,man,zone_d,True,synthetic_questionnaire,True,15,"[""zone_d""]",26,18,ideas,taking_time,False,social,any,no_smoking,exploring,slow,monogamous,yes,"[""weekend_evening""]",no,moderate,unsure,"[""man""]",observed,observed,observed,observed,observed,observed,observed,observed,observed,observed,observed,observed,observed,observed,observed,observed,observed,observed,15,15,15,15,15,15,15,15,15,15,15,15,15,15,15,15,15,15,"{""acceptable_zones"": [""zone_d""], ""age_max"": 26, ""age_min"": 18, ""conversations"": ""ideas"", ""emotional_availability"": ""taking_time"", ""has_children"": false, ""lifestyle"": ""social"", ""partner_children"": ""any"", ""partner_smoking"": ""no_smoking"", ""relationship_goal"": ""exploring"", ""relationship_pace"": ""slow"", ""relationship_structure"": ""monogamous"", ""relocate"": ""yes"", ""schedule"": [""weekend_evening""], ""smoking"": ""no"", ""space_for_relationship"": ""moderate"", ""wants_children"": ""unsure"", ""who_to_meet"": [""man""]}","{""acceptable_zones"": ""observed"", ""age_max"": ""observed"", ""age_min"": ""observed"", ""conversations"": ""observed"", ""emotional_availability"": ""observed"", ""has_children"": ""observed"", ""lifestyle"": ""observed"", ""partner_children"": ""observed"", ""partner_smoking"": ""observed"", ""relationship_goal"": ""observed"", ""relationship_pace"": ""observed"", ""relationship_structure"": ""observed"", ""relocate"": ""observed"", ""schedule"": ""observed"", ""smoking"": ""observed"", ""space_for_relationship"": ""observed"", ""wants_children"": ""observed"", ""who_to_meet"": ""observed""}","{""acceptable_zones"": 15, ""age_max"": 15, ""age_min"": 15, ""conversations"": 15, ""emotional_availability"": 15, ""has_children"": 15, ""lifestyle"": 15, ""partner_children"": 15, ""partner_smoking"": 15, ""relationship_goal"": 15, ""relationship_pace"": 15, ""relationship_structure"": 15, ""relocate"": 15, ""schedule"": 15, ""smoking"": 15, ""space_for_relationship"": 15, ""wants_children"": 15, ""who_to_meet"": 15}"
syn_e29b5b1f70a68f0adc7b0335b4933968,public_05,35,woman,zone_c,False,synthetic_questionnaire,True,0,,,,,taking_time,,,,,,,,,,,,,,not_asked,not_asked,not_asked,not_asked,observed,declined,not_asked,not_asked,not_asked,not_asked,not_asked,not_asked,not_asked,not_asked,not_asked,not_asked,not_asked,not_asked,,,,,0,,,,,,,,,,,,,,"{""acceptable_zones"": null, ""age_max"": null, ""age_min"": null, ""conversations"": null, ""emotional_availability"": ""taking_time"", ""has_children"": null, ""lifestyle"": null, ""partner_children"": null, ""partner_smoking"": null, ""relationship_goal"": null, ""relationship_pace"": null, ""relationship_structure"": null, ""relocate"": null, ""schedule"": null, ""smoking"": null, ""space_for_relationship"": null, ""wants_children"": null, ""who_to_meet"": null}","{""acceptable_zones"": ""not_asked"", ""age_max"": ""not_asked"", ""age_min"": ""not_asked"", ""conversations"": ""not_asked"", ""emotional_availability"": ""observed"", ""has_children"": ""declined"", ""lifestyle"": ""not_asked"", ""partner_children"": ""not_asked"", ""partner_smoking"": ""not_asked"", ""relationship_goal"": ""not_asked"", ""relationship_pace"": ""not_asked"", ""relationship_structure"": ""not_asked"", ""relocate"": ""not_asked"", ""schedule"": ""not_asked"", ""smoking"": ""not_asked"", ""space_for_relationship"": ""not_asked"", ""wants_children"": ""not_asked"", ""who_to_meet"": ""not_asked""}","{""acceptable_zones"": null, ""age_max"": null, ""age_min"": null, ""conversations"": null, ""emotional_availability"": 0, ""has_children"": null, ""lifestyle"": null, ""partner_children"": null, ""partner_smoking"": null, ""relationship_goal"": null, ""relationship_pace"": null, ""relationship_structure"": null, ""relocate"": null, ""schedule"": null, ""smoking"": null, ""space_for_relationship"": null, ""wants_children"": null, ""who_to_meet"": null}"
syn_f8eb160de9f82987145dcf9bd6c14111,public_05,30,woman,zone_a,True,synthetic_questionnaire,True,0,"[""zone_a"", ""zone_d""]",38,25,stories,taking_time,True,mixed,no_children,any,exploring,steady,monogamous,no,"[""weekday_evening"", ""weekend_day""]",no,ample,no,"[""woman""]",observed,observed,observed,observed,observed,observed,observed,observed,observed,observed,observed,observed,observed,observed,observed,observed,observed,observed,0,0,0,0,0,0,0,0,0,0,0,0,0,0,0,0,0,0,"{""acceptable_zones"": [""zone_a"", ""zone_d""], ""age_max"": 38, ""age_min"": 25, ""conversations"": ""stories"", ""emotional_availability"": ""taking_time"", ""has_children"": true, ""lifestyle"": ""mixed"", ""partner_children"": ""no_children"", ""partner_smoking"": ""any"", ""relationship_goal"": ""exploring"", ""relationship_pace"": ""steady"", ""relationship_structure"": ""monogamous"", ""relocate"": ""no"", ""schedule"": [""weekday_evening"", ""weekend_day""], ""smoking"": ""no"", ""space_for_relationship"": ""ample"", ""wants_children"": ""no"", ""who_to_meet"": [""woman""]}","{""acceptable_zones"": ""observed"", ""age_max"": ""observed"", ""age_min"": ""observed"", ""conversations"": ""observed"", ""emotional_availability"": ""observed"", ""has_children"": ""observed"", ""lifestyle"": ""observed"", ""partner_children"": ""observed"", ""partner_smoking"": ""observed"", ""relationship_goal"": ""observed"", ""relationship_pace"": ""observed"", ""relationship_structure"": ""observed"", ""relocate"": ""observed"", ""schedule"": ""observed"", ""smoking"": ""observed"", ""space_for_relationship"": ""observed"", ""wants_children"": ""observed"", ""who_to_meet"": ""observed""}","{""acceptable_zones"": 0, ""age_max"": 0, ""age_min"": 0, ""conversations"": 0, ""emotional_availability"": 0, ""has_children"": 0, ""lifestyle"": 0, ""partner_children"": 0, ""partner_smoking"": 0, ""relationship_goal"": 0, ""relationship_pace"": 0, ""relationship_structure"": 0, ""relocate"": 0, ""schedule"": 0, ""smoking"": 0, ""space_for_relationship"": 0, ""wants_children"": 0, ""who_to_meet"": 0}"
syn_2a8e12106c6bfd16aa7d0d3c6da4368c,public_05,34,non_binary,zone_a,True,synthetic_questionnaire,True,14,"[""zone_a""]",41,31,,,False,,no_children,any,,,monogamous,,"[""weekday_evening""]",no,,yes,"[""non_binary""]",observed,observed,observed,not_asked,not_asked,observed,not_asked,observed,observed,declined,not_asked,observed,not_asked,observed,observed,not_asked,observed,observed,14,14,14,,,14,,14,14,,,14,,14,14,,14,14,"{""acceptable_zones"": [""zone_a""], ""age_max"": 41, ""age_min"": 31, ""conversations"": null, ""emotional_availability"": null, ""has_children"": false, ""lifestyle"": null, ""partner_children"": ""no_children"", ""partner_smoking"": ""any"", ""relationship_goal"": null, ""relationship_pace"": null, ""relationship_structure"": ""monogamous"", ""relocate"": null, ""schedule"": [""weekday_evening""], ""smoking"": ""no"", ""space_for_relationship"": null, ""wants_children"": ""yes"", ""who_to_meet"": [""non_binary""]}","{""acceptable_zones"": ""observed"", ""age_max"": ""observed"", ""age_min"": ""observed"", ""conversations"": ""not_asked"", ""emotional_availability"": ""not_asked"", ""has_children"": ""observed"", ""lifestyle"": ""not_asked"", ""partner_children"": ""observed"", ""partner_smoking"": ""observed"", ""relationship_goal"": ""declined"", ""relationship_pace"": ""not_asked"", ""relationship_structure"": ""observed"", ""relocate"": ""not_asked"", ""schedule"": ""observed"", ""smoking"": ""observed"", ""space_for_relationship"": ""not_asked"", ""wants_children"": ""observed"", ""who_to_meet"": ""observed""}","{""acceptable_zones"": 14, ""age_max"": 14, ""age_min"": 14, ""conversations"": null, ""emotional_availability"": null, ""has_children"": 14, ""lifestyle"": null, ""partner_children"": 14, ""partner_smoking"": 14, ""relationship_goal"": null, ""relationship_pace"": null, ""relationship_structure"": 14, ""relocate"": null, ""schedule"": 14, ""smoking"": 14, ""space_for_relationship"": null, ""wants_children"": 14, ""who_to_meet"": 14}"
syn_6cb3a1a2d28cb724e85391c8b33a2474,public_05,37,woman,zone_c,True,synthetic_questionnaire,True,0,"[""zone_c""]",44,32,,,False,,no_children,no_smoking,,,monogamous,,"[""weekday_evening"", ""weekend_day"", ""weekend_evening""]",yes,,yes,"[""woman""]",observed,observed,observed,not_asked,not_asked,observed,not_asked,observed,observed,not_asked,not_asked,observed,not_asked,observed,observed,not_asked,observed,observed,5,5,5,,,5,,5,5,,,5,,5,5,,5,5,"{""acceptable_zones"": [""zone_c""], ""age_max"": 44, ""age_min"": 32, ""conversations"": null, ""emotional_availability"": null, ""has_children"": false, ""lifestyle"": null, ""partner_children"": ""no_children"", ""partner_smoking"": ""no_smoking"", ""relationship_goal"": null, ""relationship_pace"": null, ""relationship_structure"": ""monogamous"", ""relocate"": null, ""schedule"": [""weekday_evening"", ""weekend_day"", ""weekend_evening""], ""smoking"": ""yes"", ""space_for_relationship"": null, ""wants_children"": ""yes"", ""who_to_meet"": [""woman""]}","{""acceptable_zones"": ""observed"", ""age_max"": ""observed"", ""age_min"": ""observed"", ""conversations"": ""not_asked"", ""emotional_availability"": ""not_asked"", ""has_children"": ""observed"", ""lifestyle"": ""not_asked"", ""partner_children"": ""observed"", ""partner_smoking"": ""observed"", ""relationship_goal"": ""not_asked"", ""relationship_pace"": ""not_asked"", ""relationship_structure"": ""observed"", ""relocate"": ""not_asked"", ""schedule"": ""observed"", ""smoking"": ""observed"", ""space_for_relationship"": ""not_asked"", ""wants_children"": ""observed"", ""who_to_meet"": ""observed""}","{""acceptable_zones"": 5, ""age_max"": 5, ""age_min"": 5, ""conversations"": null, ""emotional_availability"": null, ""has_children"": 5, ""lifestyle"": null, ""partner_children"": 5, ""partner_smoking"": 5, ""relationship_goal"": null, ""relationship_pace"": null, ""relationship_structure"": 5, ""relocate"": null, ""schedule"": 5, ""smoking"": 5, ""space_for_relationship"": null, ""wants_children"": 5, ""who_to_meet"": 5}"
syn_c9b1dedf88c66fe6a90185cc088852a1,public_05,44,non_binary,zone_b,True,synthetic_questionnaire,True,0,"[""zone_b""]",48,36,,,True,,any,no_smoking,,,monogamous,,"[""weekday_evening"", ""weekend_evening"", ""weekend_day""]",no,,yes,"[""woman""]",observed,observed,observed,not_asked,not_asked,observed,not_asked,observed,observed,not_asked,not_asked,observed,not_asked,observed,observed,not_asked,observed,observed,5,5,5,,,5,,5,5,,,5,,5,5,,5,5,"{""acceptable_zones"": [""zone_b""], ""age_max"": 48, ""age_min"": 36, ""conversations"": null, ""emotional_availability"": null, ""has_children"": true, ""lifestyle"": null, ""partner_children"": ""any"", ""partner_smoking"": ""no_smoking"", ""relationship_goal"": null, ""relationship_pace"": null, ""relationship_structure"": ""monogamous"", ""relocate"": null, ""schedule"": [""weekday_evening"", ""weekend_evening"", ""weekend_day""], ""smoking"": ""no"", ""space_for_relationship"": null, ""wants_children"": ""yes"", ""who_to_meet"": [""woman""]}","{""acceptable_zones"": ""observed"", ""age_max"": ""observed"", ""age_min"": ""observed"", ""conversations"": ""not_asked"", ""emotional_availability"": ""not_asked"", ""has_children"": ""observed"", ""lifestyle"": ""not_asked"", ""partner_children"": ""observed"", ""partner_smoking"": ""observed"", ""relationship_goal"": ""not_asked"", ""relationship_pace"": ""not_asked"", ""relationship_structure"": ""observed"", ""relocate"": ""not_asked"", ""schedule"": ""observed"", ""smoking"": ""observed"", ""space_for_relationship"": ""not_asked"", ""wants_children"": ""observed"", ""who_to_meet"": ""observed""}","{""acceptable_zones"": 5, ""age_max"": 5, ""age_min"": 5, ""conversations"": null, ""emotional_availability"": null, ""has_children"": 5, ""lifestyle"": null, ""partner_children"": 5, ""partner_smoking"": 5, ""relationship_goal"": null, ""relationship_pace"": null, ""relationship_structure"": 5, ""relocate"": null, ""schedule"": 5, ""smoking"": 5, ""space_for_relationship"": null, ""wants_children"": 5, ""who_to_meet"": 5}"
syn_6efe7a1f547d3314395b95ea2c5640e8,public_05,21,man,zone_a,False,synthetic_questionnaire,True,0,"[""zone_a"", ""zone_c""]",31,18,ideas,taking_time,False,social,any,any,exploring,slow,monogamous,no,"[""weekend_evening"", ""weekday_evening"", ""weekend_day""]",no,ample,yes,"[""man"", ""non_binary"", ""woman""]",observed,observed,observed,observed,observed,observed,observed,observed,observed,observed,observed,observed,observed,observed,observed,observed,observed,observed,0,0,0,0,0,0,0,0,0,0,0,0,0,0,0,0,0,0,"{""acceptable_zones"": [""zone_a"", ""zone_c""], ""age_max"": 31, ""age_min"": 18, ""conversations"": ""ideas"", ""emotional_availability"": ""taking_time"", ""has_children"": false, ""lifestyle"": ""social"", ""partner_children"": ""any"", ""partner_smoking"": ""any"", ""relationship_goal"": ""exploring"", ""relationship_pace"": ""slow"", ""relationship_structure"": ""monogamous"", ""relocate"": ""no"", ""schedule"": [""weekend_evening"", ""weekday_evening"", ""weekend_day""], ""smoking"": ""no"", ""space_for_relationship"": ""ample"", ""wants_children"": ""yes"", ""who_to_meet"": [""man"", ""non_binary"", ""woman""]}","{""acceptable_zones"": ""observed"", ""age_max"": ""observed"", ""age_min"": ""observed"", ""conversations"": ""observed"", ""emotional_availability"": ""observed"", ""has_children"": ""observed"", ""lifestyle"": ""observed"", ""partner_children"": ""observed"", ""partner_smoking"": ""observed"", ""relationship_goal"": ""observed"", ""relationship_pace"": ""observed"", ""relationship_structure"": ""observed"", ""relocate"": ""observed"", ""schedule"": ""observed"", ""smoking"": ""observed"", ""space_for_relationship"": ""observed"", ""wants_children"": ""observed"", ""who_to_meet"": ""observed""}","{""acceptable_zones"": 0, ""age_max"": 0, ""age_min"": 0, ""conversations"": 0, ""emotional_availability"": 0, ""has_children"": 0, ""lifestyle"": 0, ""partner_children"": 0, ""partner_smoking"": 0, ""relationship_goal"": 0, ""relationship_pace"": 0, ""relationship_structure"": 0, ""relocate"": 0, ""schedule"": 0, ""smoking"": 0, ""space_for_relationship"": 0, ""wants_children"": 0, ""who_to_meet"": 0}"
syn_06a496ac28346f4f90dc9e0c23ba0496,public_05,27,woman,zone_c,True,synthetic_questionnaire,True,0,"[""zone_c""]",,,,,,,,,,,,,,,,,,observed,not_asked,not_asked,not_asked,not_asked,not_asked,not_asked,not_asked,declined,not_asked,not_asked,not_asked,not_asked,not_asked,not_asked,not_asked,not_asked,not_asked,0,,,,,,,,,,,,,,,,,,"{""acceptable_zones"": [""zone_c""], ""age_max"": null, ""age_min"": null, ""conversations"": null, ""emotional_availability"": null, ""has_children"": null, ""lifestyle"": null, ""partner_children"": null, ""partner_smoking"": null, ""relationship_goal"": null, ""relationship_pace"": null, ""relationship_structure"": null, ""relocate"": null, ""schedule"": null, ""smoking"": null, ""space_for_relationship"": null, ""wants_children"": null, ""who_to_meet"": null}","{""acceptable_zones"": ""observed"", ""age_max"": ""not_asked"", ""age_min"": ""not_asked"", ""conversations"": ""not_asked"", ""emotional_availability"": ""not_asked"", ""has_children"": ""not_asked"", ""lifestyle"": ""not_asked"", ""partner_children"": ""not_asked"", ""partner_smoking"": ""declined"", ""relationship_goal"": ""not_asked"", ""relationship_pace"": ""not_asked"", ""relationship_structure"": ""not_asked"", ""relocate"": ""not_asked"", ""schedule"": ""not_asked"", ""smoking"": ""not_asked"", ""space_for_relationship"": ""not_asked"", ""wants_children"": ""not_asked"", ""who_to_meet"": ""not_asked""}","{""acceptable_zones"": 0, ""age_max"": null, ""age_min"": null, ""conversations"": null, ""emotional_availability"": null, ""has_children"": null, ""lifestyle"": null, ""partner_children"": null, ""partner_smoking"": null, ""relationship_goal"": null, ""relationship_pace"": null, ""relationship_structure"": null, ""relocate"": null, ""schedule"": null, ""smoking"": null, ""space_for_relationship"": null, ""wants_children"": null, ""who_to_meet"": null}"
syn_af5cc9d6c3bfbccd83cca5cdea67ce0e,public_05,36,man,zone_b,True,synthetic_questionnaire,True,0,,,,,,,,,,long_term,,,,,,,,,not_asked,not_asked,not_asked,not_asked,not_asked,declined,not_asked,declined,not_asked,observed,declined,not_asked,not_asked,not_asked,not_asked,not_asked,not_asked,not_asked,,,,,,,,,,0,,,,,,,,,"{""acceptable_zones"": null, ""age_max"": null, ""age_min"": null, ""conversations"": null, ""emotional_availability"": null, ""has_children"": null, ""lifestyle"": null, ""partner_children"": null, ""partner_smoking"": null, ""relationship_goal"": ""long_term"", ""relationship_pace"": null, ""relationship_structure"": null, ""relocate"": null, ""schedule"": null, ""smoking"": null, ""space_for_relationship"": null, ""wants_children"": null, ""who_to_meet"": null}","{""acceptable_zones"": ""not_asked"", ""age_max"": ""not_asked"", ""age_min"": ""not_asked"", ""conversations"": ""not_asked"", ""emotional_availability"": ""not_asked"", ""has_children"": ""declined"", ""lifestyle"": ""not_asked"", ""partner_children"": ""declined"", ""partner_smoking"": ""not_asked"", ""relationship_goal"": ""observed"", ""relationship_pace"": ""declined"", ""relationship_structure"": ""not_asked"", ""relocate"": ""not_asked"", ""schedule"": ""not_asked"", ""smoking"": ""not_asked"", ""space_for_relationship"": ""not_asked"", ""wants_children"": ""not_asked"", ""who_to_meet"": ""not_asked""}","{""acceptable_zones"": null, ""age_max"": null, ""age_min"": null, ""conversations"": null, ""emotional_availability"": null, ""has_children"": null, ""lifestyle"": null, ""partner_children"": null, ""partner_smoking"": null, ""relationship_goal"": 0, ""relationship_pace"": null, ""relationship_structure"": null, ""relocate"": null, ""schedule"": null, ""smoking"": null, ""space_for_relationship"": null, ""wants_children"": null, ""who_to_meet"": null}"
syn_ab49c05b1330134e564b57c260479f91,public_05,34,woman,zone_a,True,synthetic_questionnaire,True,0,"[""zone_a""]",,,,,,,,,,,,,,,,,,observed,not_asked,not_asked,not_asked,not_asked,not_asked,not_asked,not_asked,declined,not_asked,not_asked,not_asked,not_asked,not_asked,not_asked,not_asked,declined,not_asked,0,,,,,,,,,,,,,,,,,,"{""acceptable_zones"": [""zone_a""], ""age_max"": null, ""age_min"": null, ""conversations"": null, ""emotional_availability"": null, ""has_children"": null, ""lifestyle"": null, ""partner_children"": null, ""partner_smoking"": null, ""relationship_goal"": null, ""relationship_pace"": null, ""relationship_structure"": null, ""relocate"": null, ""schedule"": null, ""smoking"": null, ""space_for_relationship"": null, ""wants_children"": null, ""who_to_meet"": null}","{""acceptable_zones"": ""observed"", ""age_max"": ""not_asked"", ""age_min"": ""not_asked"", ""conversations"": ""not_asked"", ""emotional_availability"": ""not_asked"", ""has_children"": ""not_asked"", ""lifestyle"": ""not_asked"", ""partner_children"": ""not_asked"", ""partner_smoking"": ""declined"", ""relationship_goal"": ""not_asked"", ""relationship_pace"": ""not_asked"", ""relationship_structure"": ""not_asked"", ""relocate"": ""not_asked"", ""schedule"": ""not_asked"", ""smoking"": ""not_asked"", ""space_for_relationship"": ""not_asked"", ""wants_children"": ""declined"", ""who_to_meet"": ""not_asked""}","{""acceptable_zones"": 0, ""age_max"": null, ""age_min"": null, ""conversations"": null, ""emotional_availability"": null, ""has_children"": null, ""lifestyle"": null, ""partner_children"": null, ""partner_smoking"": null, ""relationship_goal"": null, ""relationship_pace"": null, ""relationship_structure"": null, ""relocate"": null, ""schedule"": null, ""smoking"": null, ""space_for_relationship"": null, ""wants_children"": null, ""who_to_meet"": null}"
syn_6dfa6319d5843197875fd20f90b4f507,public_05,41,man,zone_a,True,synthetic_questionnaire,True,0,"[""zone_a""]",49,36,practical,ready,False,,any,any,,,monogamous,,"[""weekend_day"", ""weekend_evening"", ""weekday_evening""]",no,,yes,"[""man"", ""woman""]",observed,observed,observed,observed,observed,observed,not_asked,observed,observed,not_asked,not_asked,observed,not_asked,observed,observed,not_asked,observed,observed,6,6,6,0,0,6,,6,6,,,6,,6,6,,6,6,"{""acceptable_zones"": [""zone_a""], ""age_max"": 49, ""age_min"": 36, ""conversations"": ""practical"", ""emotional_availability"": ""ready"", ""has_children"": false, ""lifestyle"": null, ""partner_children"": ""any"", ""partner_smoking"": ""any"", ""relationship_goal"": null, ""relationship_pace"": null, ""relationship_structure"": ""monogamous"", ""relocate"": null, ""schedule"": [""weekend_day"", ""weekend_evening"", ""weekday_evening""], ""smoking"": ""no"", ""space_for_relationship"": null, ""wants_children"": ""yes"", ""who_to_meet"": [""man"", ""woman""]}","{""acceptable_zones"": ""observed"", ""age_max"": ""observed"", ""age_min"": ""observed"", ""conversations"": ""observed"", ""emotional_availability"": ""observed"", ""has_children"": ""observed"", ""lifestyle"": ""not_asked"", ""partner_children"": ""observed"", ""partner_smoking"": ""observed"", ""relationship_goal"": ""not_asked"", ""relationship_pace"": ""not_asked"", ""relationship_structure"": ""observed"", ""relocate"": ""not_asked"", ""schedule"": ""observed"", ""smoking"": ""observed"", ""space_for_relationship"": ""not_asked"", ""wants_children"": ""observed"", ""who_to_meet"": ""observed""}","{""acceptable_zones"": 6, ""age_max"": 6, ""age_min"": 6, ""conversations"": 0, ""emotional_availability"": 0, ""has_children"": 6, ""lifestyle"": null, ""partner_children"": 6, ""partner_smoking"": 6, ""relationship_goal"": null, ""relationship_pace"": null, ""relationship_structure"": 6, ""relocate"": null, ""schedule"": 6, ""smoking"": 6, ""space_for_relationship"": null, ""wants_children"": 6, ""who_to_meet"": 6}"
syn_7a82ffc35c0432bd4e3f7f4241e03acd,public_05,31,man,zone_a,True,synthetic_questionnaire,True,0,,,,,,False,,,,,,,,,,,,,declined,not_asked,not_asked,not_asked,not_asked,observed,not_asked,not_asked,not_asked,not_asked,declined,not_asked,declined,not_asked,not_asked,not_asked,not_asked,not_asked,,,,,,0,,,,,,,,,,,,,"{""acceptable_zones"": null, ""age_max"": null, ""age_min"": null, ""conversations"": null, ""emotional_availability"": null, ""has_children"": false, ""lifestyle"": null, ""partner_children"": null, ""partner_smoking"": null, ""relationship_goal"": null, ""relationship_pace"": null, ""relationship_structure"": null, ""relocate"": null, ""schedule"": null, ""smoking"": null, ""space_for_relationship"": null, ""wants_children"": null, ""who_to_meet"": null}","{""acceptable_zones"": ""declined"", ""age_max"": ""not_asked"", ""age_min"": ""not_asked"", ""conversations"": ""not_asked"", ""emotional_availability"": ""not_asked"", ""has_children"": ""observed"", ""lifestyle"": ""not_asked"", ""partner_children"": ""not_asked"", ""partner_smoking"": ""not_asked"", ""relationship_goal"": ""not_asked"", ""relationship_pace"": ""declined"", ""relationship_structure"": ""not_asked"", ""relocate"": ""declined"", ""schedule"": ""not_asked"", ""smoking"": ""not_asked"", ""space_for_relationship"": ""not_asked"", ""wants_children"": ""not_asked"", ""who_to_meet"": ""not_asked""}","{""acceptable_zones"": null, ""age_max"": null, ""age_min"": null, ""conversations"": null, ""emotional_availability"": null, ""has_children"": 0, ""lifestyle"": null, ""partner_children"": null, ""partner_smoking"": null, ""relationship_goal"": null, ""relationship_pace"": null, ""relationship_structure"": null, ""relocate"": null, ""schedule"": null, ""smoking"": null, ""space_for_relationship"": null, ""wants_children"": null, ""who_to_meet"": null}"
syn_157edf54df236ac31689f77dc50f5ff1,public_05,26,man,zone_a,False,synthetic_questionnaire,True,7,"[""zone_a""]",36,18,practical,taking_time,False,social,no_children,any,exploring,steady,non_monogamous,no,"[""weekend_day"", ""weekend_evening"", ""weekday_evening""]",no,limited,no,"[""man"", ""woman"", ""non_binary""]",observed,observed,observed,observed,observed,observed,observed,observed,observed,observed,observed,observed,observed,observed,observed,observed,observed,observed,7,7,7,7,7,7,7,7,7,7,7,7,7,7,7,7,7,7,"{""acceptable_zones"": [""zone_a""], ""age_max"": 36, ""age_min"": 18, ""conversations"": ""practical"", ""emotional_availability"": ""taking_time"", ""has_children"": false, ""lifestyle"": ""social"", ""partner_children"": ""no_children"", ""partner_smoking"": ""any"", ""relationship_goal"": ""exploring"", ""relationship_pace"": ""steady"", ""relationship_structure"": ""non_monogamous"", ""relocate"": ""no"", ""schedule"": [""weekend_day"", ""weekend_evening"", ""weekday_evening""], ""smoking"": ""no"", ""space_for_relationship"": ""limited"", ""wants_children"": ""no"", ""who_to_meet"": [""man"", ""woman"", ""non_binary""]}","{""acceptable_zones"": ""observed"", ""age_max"": ""observed"", ""age_min"": ""observed"", ""conversations"": ""observed"", ""emotional_availability"": ""observed"", ""has_children"": ""observed"", ""lifestyle"": ""observed"", ""partner_children"": ""observed"", ""partner_smoking"": ""observed"", ""relationship_goal"": ""observed"", ""relationship_pace"": ""observed"", ""relationship_structure"": ""observed"", ""relocate"": ""observed"", ""schedule"": ""observed"", ""smoking"": ""observed"", ""space_for_relationship"": ""observed"", ""wants_children"": ""observed"", ""who_to_meet"": ""observed""}","{""acceptable_zones"": 7, ""age_max"": 7, ""age_min"": 7, ""conversations"": 7, ""emotional_availability"": 7, ""has_children"": 7, ""lifestyle"": 7, ""partner_children"": 7, ""partner_smoking"": 7, ""relationship_goal"": 7, ""relationship_pace"": 7, ""relationship_structure"": 7, ""relocate"": 7, ""schedule"": 7, ""smoking"": 7, ""space_for_relationship"": 7, ""wants_children"": 7, ""who_to_meet"": 7}"
syn_841449c5ffad42316e8555e53d6ee113,public_05,22,woman,zone_a,True,synthetic_questionnaire,True,0,"[""zone_a"", ""zone_d""]",30,18,practical,taking_time,True,mixed,no_children,no_smoking,exploring,slow,monogamous,no,"[""weekend_day"", ""weekend_evening""]",yes,ample,yes,"[""woman""]",observed,observed,observed,observed,observed,observed,observed,observed,observed,observed,observed,observed,observed,observed,observed,observed,observed,observed,0,0,0,0,0,0,0,0,0,0,0,0,0,0,0,0,0,0,"{""acceptable_zones"": [""zone_a"", ""zone_d""], ""age_max"": 30, ""age_min"": 18, ""conversations"": ""practical"", ""emotional_availability"": ""taking_time"", ""has_children"": true, ""lifestyle"": ""mixed"", ""partner_children"": ""no_children"", ""partner_smoking"": ""no_smoking"", ""relationship_goal"": ""exploring"", ""relationship_pace"": ""slow"", ""relationship_structure"": ""monogamous"", ""relocate"": ""no"", ""schedule"": [""weekend_day"", ""weekend_evening""], ""smoking"": ""yes"", ""space_for_relationship"": ""ample"", ""wants_children"": ""yes"", ""who_to_meet"": [""woman""]}","{""acceptable_zones"": ""observed"", ""age_max"": ""observed"", ""age_min"": ""observed"", ""conversations"": ""observed"", ""emotional_availability"": ""observed"", ""has_children"": ""observed"", ""lifestyle"": ""observed"", ""partner_children"": ""observed"", ""partner_smoking"": ""observed"", ""relationship_goal"": ""observed"", ""relationship_pace"": ""observed"", ""relationship_structure"": ""observed"", ""relocate"": ""observed"", ""schedule"": ""observed"", ""smoking"": ""observed"", ""space_for_relationship"": ""observed"", ""wants_children"": ""observed"", ""who_to_meet"": ""observed""}","{""acceptable_zones"": 0, ""age_max"": 0, ""age_min"": 0, ""conversations"": 0, ""emotional_availability"": 0, ""has_children"": 0, ""lifestyle"": 0, ""partner_children"": 0, ""partner_smoking"": 0, ""relationship_goal"": 0, ""relationship_pace"": 0, ""relationship_structure"": 0, ""relocate"": 0, ""schedule"": 0, ""smoking"": 0, ""space_for_relationship"": 0, ""wants_children"": 0, ""who_to_meet"": 0}"
syn_190795bfee98a70d200c23dfda99612e,public_05,44,woman,zone_b,True,synthetic_questionnaire,True,0,"[""zone_b""]",54,34,,,False,social,no_children,no_smoking,,,monogamous,,"[""weekend_evening"", ""weekend_day""]",no,limited,no,"[""non_binary""]",observed,observed,observed,declined,not_asked,observed,observed,observed,observed,not_asked,not_asked,observed,not_asked,observed,observed,observed,observed,observed,6,6,6,,,6,0,6,6,,,6,,6,6,0,6,6,"{""acceptable_zones"": [""zone_b""], ""age_max"": 54, ""age_min"": 34, ""conversations"": null, ""emotional_availability"": null, ""has_children"": false, ""lifestyle"": ""social"", ""partner_children"": ""no_children"", ""partner_smoking"": ""no_smoking"", ""relationship_goal"": null, ""relationship_pace"": null, ""relationship_structure"": ""monogamous"", ""relocate"": null, ""schedule"": [""weekend_evening"", ""weekend_day""], ""smoking"": ""no"", ""space_for_relationship"": ""limited"", ""wants_children"": ""no"", ""who_to_meet"": [""non_binary""]}","{""acceptable_zones"": ""observed"", ""age_max"": ""observed"", ""age_min"": ""observed"", ""conversations"": ""declined"", ""emotional_availability"": ""not_asked"", ""has_children"": ""observed"", ""lifestyle"": ""observed"", ""partner_children"": ""observed"", ""partner_smoking"": ""observed"", ""relationship_goal"": ""not_asked"", ""relationship_pace"": ""not_asked"", ""relationship_structure"": ""observed"", ""relocate"": ""not_asked"", ""schedule"": ""observed"", ""smoking"": ""observed"", ""space_for_relationship"": ""observed"", ""wants_children"": ""observed"", ""who_to_meet"": ""observed""}","{""acceptable_zones"": 6, ""age_max"": 6, ""age_min"": 6, ""conversations"": null, ""emotional_availability"": null, ""has_children"": 6, ""lifestyle"": 0, ""partner_children"": 6, ""partner_smoking"": 6, ""relationship_goal"": null, ""relationship_pace"": null, ""relationship_structure"": 6, ""relocate"": null, ""schedule"": 6, ""smoking"": 6, ""space_for_relationship"": 0, ""wants_children"": 6, ""who_to_meet"": 6}"
syn_d79de6042e70b95fe2e49ff4a3c97750,public_05,44,woman,zone_a,True,synthetic_questionnaire,True,0,,,,,,,,,,,,,,,,,,,not_asked,not_asked,not_asked,not_asked,not_asked,not_asked,not_asked,not_asked,declined,declined,not_asked,not_asked,not_asked,not_asked,not_asked,not_asked,not_asked,not_asked,,,,,,,,,,,,,,,,,,,"{""acceptable_zones"": null, ""age_max"": null, ""age_min"": null, ""conversations"": null, ""emotional_availability"": null, ""has_children"": null, ""lifestyle"": null, ""partner_children"": null, ""partner_smoking"": null, ""relationship_goal"": null, ""relationship_pace"": null, ""relationship_structure"": null, ""relocate"": null, ""schedule"": null, ""smoking"": null, ""space_for_relationship"": null, ""wants_children"": null, ""who_to_meet"": null}","{""acceptable_zones"": ""not_asked"", ""age_max"": ""not_asked"", ""age_min"": ""not_asked"", ""conversations"": ""not_asked"", ""emotional_availability"": ""not_asked"", ""has_children"": ""not_asked"", ""lifestyle"": ""not_asked"", ""partner_children"": ""not_asked"", ""partner_smoking"": ""declined"", ""relationship_goal"": ""declined"", ""relationship_pace"": ""not_asked"", ""relationship_structure"": ""not_asked"", ""relocate"": ""not_asked"", ""schedule"": ""not_asked"", ""smoking"": ""not_asked"", ""space_for_relationship"": ""not_asked"", ""wants_children"": ""not_asked"", ""who_to_meet"": ""not_asked""}","{""acceptable_zones"": null, ""age_max"": null, ""age_min"": null, ""conversations"": null, ""emotional_availability"": null, ""has_children"": null, ""lifestyle"": null, ""partner_children"": null, ""partner_smoking"": null, ""relationship_goal"": null, ""relationship_pace"": null, ""relationship_structure"": null, ""relocate"": null, ""schedule"": null, ""smoking"": null, ""space_for_relationship"": null, ""wants_children"": null, ""who_to_meet"": null}"
syn_d28061e75589e2ff0d7526ffe3542260,public_05,24,woman,zone_c,True,synthetic_questionnaire,True,0,"[""zone_c""]",30,18,,ready,False,,no_children,no_smoking,,,monogamous,,"[""weekend_evening"", ""weekday_evening""]",no,,no,"[""man"", ""woman""]",observed,observed,observed,declined,observed,observed,not_asked,observed,observed,not_asked,not_asked,observed,not_asked,observed,observed,not_asked,observed,observed,6,6,6,,0,6,,6,6,,,6,,6,6,,6,6,"{""acceptable_zones"": [""zone_c""], ""age_max"": 30, ""age_min"": 18, ""conversations"": null, ""emotional_availability"": ""ready"", ""has_children"": false, ""lifestyle"": null, ""partner_children"": ""no_children"", ""partner_smoking"": ""no_smoking"", ""relationship_goal"": null, ""relationship_pace"": null, ""relationship_structure"": ""monogamous"", ""relocate"": null, ""schedule"": [""weekend_evening"", ""weekday_evening""], ""smoking"": ""no"", ""space_for_relationship"": null, ""wants_children"": ""no"", ""who_to_meet"": [""man"", ""woman""]}","{""acceptable_zones"": ""observed"", ""age_max"": ""observed"", ""age_min"": ""observed"", ""conversations"": ""declined"", ""emotional_availability"": ""observed"", ""has_children"": ""observed"", ""lifestyle"": ""not_asked"", ""partner_children"": ""observed"", ""partner_smoking"": ""observed"", ""relationship_goal"": ""not_asked"", ""relationship_pace"": ""not_asked"", ""relationship_structure"": ""observed"", ""relocate"": ""not_asked"", ""schedule"": ""observed"", ""smoking"": ""observed"", ""space_for_relationship"": ""not_asked"", ""wants_children"": ""observed"", ""who_to_meet"": ""observed""}","{""acceptable_zones"": 6, ""age_max"": 6, ""age_min"": 6, ""conversations"": null, ""emotional_availability"": 0, ""has_children"": 6, ""lifestyle"": null, ""partner_children"": 6, ""partner_smoking"": 6, ""relationship_goal"": null, ""relationship_pace"": null, ""relationship_structure"": 6, ""relocate"": null, ""schedule"": 6, ""smoking"": 6, ""space_for_relationship"": null, ""wants_children"": 6, ""who_to_meet"": 6}"
syn_7744f96c17d970a135531692e7b1a8ce,public_05,21,man,zone_a,True,synthetic_questionnaire,True,0,"[""zone_a""]",28,18,ideas,taking_time,True,quiet,no_children,no_smoking,exploring,quick,monogamous,unsure,"[""weekday_evening""]",no,moderate,unsure,"[""woman""]",observed,observed,observed,observed,observed,observed,observed,observed,observed,observed,observed,observed,observed,observed,observed,observed,observed,observed,0,0,0,0,0,0,0,0,0,0,0,0,0,0,0,0,0,0,"{""acceptable_zones"": [""zone_a""], ""age_max"": 28, ""age_min"": 18, ""conversations"": ""ideas"", ""emotional_availability"": ""taking_time"", ""has_children"": true, ""lifestyle"": ""quiet"", ""partner_children"": ""no_children"", ""partner_smoking"": ""no_smoking"", ""relationship_goal"": ""exploring"", ""relationship_pace"": ""quick"", ""relationship_structure"": ""monogamous"", ""relocate"": ""unsure"", ""schedule"": [""weekday_evening""], ""smoking"": ""no"", ""space_for_relationship"": ""moderate"", ""wants_children"": ""unsure"", ""who_to_meet"": [""woman""]}","{""acceptable_zones"": ""observed"", ""age_max"": ""observed"", ""age_min"": ""observed"", ""conversations"": ""observed"", ""emotional_availability"": ""observed"", ""has_children"": ""observed"", ""lifestyle"": ""observed"", ""partner_children"": ""observed"", ""partner_smoking"": ""observed"", ""relationship_goal"": ""observed"", ""relationship_pace"": ""observed"", ""relationship_structure"": ""observed"", ""relocate"": ""observed"", ""schedule"": ""observed"", ""smoking"": ""observed"", ""space_for_relationship"": ""observed"", ""wants_children"": ""observed"", ""who_to_meet"": ""observed""}","{""acceptable_zones"": 0, ""age_max"": 0, ""age_min"": 0, ""conversations"": 0, ""emotional_availability"": 0, ""has_children"": 0, ""lifestyle"": 0, ""partner_children"": 0, ""partner_smoking"": 0, ""relationship_goal"": 0, ""relationship_pace"": 0, ""relationship_structure"": 0, ""relocate"": 0, ""schedule"": 0, ""smoking"": 0, ""space_for_relationship"": 0, ""wants_children"": 0, ""who_to_meet"": 0}"
syn_bb7b6073c8216ea13025eadbfeb27f2c,public_05,42,man,zone_b,True,synthetic_questionnaire,True,0,"[""zone_b"", ""zone_c""]",48,36,,,False,social,any,any,,,monogamous,,"[""weekend_evening""]",no,,yes,"[""man"", ""woman""]",observed,observed,observed,not_asked,not_asked,observed,observed,observed,observed,not_asked,not_asked,observed,not_asked,observed,observed,not_asked,observed,observed,6,6,6,,,6,0,6,6,,,6,,6,6,,6,6,"{""acceptable_zones"": [""zone_b"", ""zone_c""], ""age_max"": 48, ""age_min"": 36, ""conversations"": null, ""emotional_availability"": null, ""has_children"": false, ""lifestyle"": ""social"", ""partner_children"": ""any"", ""partner_smoking"": ""any"", ""relationship_goal"": null, ""relationship_pace"": null, ""relationship_structure"": ""monogamous"", ""relocate"": null, ""schedule"": [""weekend_evening""], ""smoking"": ""no"", ""space_for_relationship"": null, ""wants_children"": ""yes"", ""who_to_meet"": [""man"", ""woman""]}","{""acceptable_zones"": ""observed"", ""age_max"": ""observed"", ""age_min"": ""observed"", ""conversations"": ""not_asked"", ""emotional_availability"": ""not_asked"", ""has_children"": ""observed"", ""lifestyle"": ""observed"", ""partner_children"": ""observed"", ""partner_smoking"": ""observed"", ""relationship_goal"": ""not_asked"", ""relationship_pace"": ""not_asked"", ""relationship_structure"": ""observed"", ""relocate"": ""not_asked"", ""schedule"": ""observed"", ""smoking"": ""observed"", ""space_for_relationship"": ""not_asked"", ""wants_children"": ""observed"", ""who_to_meet"": ""observed""}","{""acceptable_zones"": 6, ""age_max"": 6, ""age_min"": 6, ""conversations"": null, ""emotional_availability"": null, ""has_children"": 6, ""lifestyle"": 0, ""partner_children"": 6, ""partner_smoking"": 6, ""relationship_goal"": null, ""relationship_pace"": null, ""relationship_structure"": 6, ""relocate"": null, ""schedule"": 6, ""smoking"": 6, ""space_for_relationship"": null, ""wants_children"": 6, ""who_to_meet"": 6}"
syn_a1d95c878877dda46e39bdf3bb99e9de,public_05,43,woman,zone_a,True,synthetic_questionnaire,True,3,"[""zone_a""]",46,37,practical,,False,,any,any,,,monogamous,,"[""weekend_evening"", ""weekend_day""]",occasionally,,no,"[""non_binary""]",observed,observed,observed,observed,declined,observed,not_asked,observed,observed,not_asked,declined,observed,not_asked,observed,observed,not_asked,observed,observed,7,7,7,3,,7,,7,7,,,7,,7,7,,7,7,"{""acceptable_zones"": [""zone_a""], ""age_max"": 46, ""age_min"": 37, ""conversations"": ""practical"", ""emotional_availability"": null, ""has_children"": false, ""lifestyle"": null, ""partner_children"": ""any"", ""partner_smoking"": ""any"", ""relationship_goal"": null, ""relationship_pace"": null, ""relationship_structure"": ""monogamous"", ""relocate"": null, ""schedule"": [""weekend_evening"", ""weekend_day""], ""smoking"": ""occasionally"", ""space_for_relationship"": null, ""wants_children"": ""no"", ""who_to_meet"": [""non_binary""]}","{""acceptable_zones"": ""observed"", ""age_max"": ""observed"", ""age_min"": ""observed"", ""conversations"": ""observed"", ""emotional_availability"": ""declined"", ""has_children"": ""observed"", ""lifestyle"": ""not_asked"", ""partner_children"": ""observed"", ""partner_smoking"": ""observed"", ""relationship_goal"": ""not_asked"", ""relationship_pace"": ""declined"", ""relationship_structure"": ""observed"", ""relocate"": ""not_asked"", ""schedule"": ""observed"", ""smoking"": ""observed"", ""space_for_relationship"": ""not_asked"", ""wants_children"": ""observed"", ""who_to_meet"": ""observed""}","{""acceptable_zones"": 7, ""age_max"": 7, ""age_min"": 7, ""conversations"": 3, ""emotional_availability"": null, ""has_children"": 7, ""lifestyle"": null, ""partner_children"": 7, ""partner_smoking"": 7, ""relationship_goal"": null, ""relationship_pace"": null, ""relationship_structure"": 7, ""relocate"": null, ""schedule"": 7, ""smoking"": 7, ""space_for_relationship"": null, ""wants_children"": 7, ""who_to_meet"": 7}"
syn_d1ce45f75d93596c81ae980e72fec48f,public_05,35,woman,zone_a,False,synthetic_questionnaire,True,11,"[""zone_a""]",39,27,stories,taking_time,False,social,any,any,exploring,quick,monogamous,yes,"[""weekday_evening""]",no,moderate,yes,"[""woman"", ""man"", ""non_binary""]",observed,observed,observed,observed,observed,observed,observed,observed,observed,observed,observed,observed,observed,observed,observed,observed,observed,observed,11,11,11,11,11,11,11,11,11,11,11,11,11,11,11,11,11,11,"{""acceptable_zones"": [""zone_a""], ""age_max"": 39, ""age_min"": 27, ""conversations"": ""stories"", ""emotional_availability"": ""taking_time"", ""has_children"": false, ""lifestyle"": ""social"", ""partner_children"": ""any"", ""partner_smoking"": ""any"", ""relationship_goal"": ""exploring"", ""relationship_pace"": ""quick"", ""relationship_structure"": ""monogamous"", ""relocate"": ""yes"", ""schedule"": [""weekday_evening""], ""smoking"": ""no"", ""space_for_relationship"": ""moderate"", ""wants_children"": ""yes"", ""who_to_meet"": [""woman"", ""man"", ""non_binary""]}","{""acceptable_zones"": ""observed"", ""age_max"": ""observed"", ""age_min"": ""observed"", ""conversations"": ""observed"", ""emotional_availability"": ""observed"", ""has_children"": ""observed"", ""lifestyle"": ""observed"", ""partner_children"": ""observed"", ""partner_smoking"": ""observed"", ""relationship_goal"": ""observed"", ""relationship_pace"": ""observed"", ""relationship_structure"": ""observed"", ""relocate"": ""observed"", ""schedule"": ""observed"", ""smoking"": ""observed"", ""space_for_relationship"": ""observed"", ""wants_children"": ""observed"", ""who_to_meet"": ""observed""}","{""acceptable_zones"": 11, ""age_max"": 11, ""age_min"": 11, ""conversations"": 11, ""emotional_availability"": 11, ""has_children"": 11, ""lifestyle"": 11, ""partner_children"": 11, ""partner_smoking"": 11, ""relationship_goal"": 11, ""relationship_pace"": 11, ""relationship_structure"": 11, ""relocate"": 11, ""schedule"": 11, ""smoking"": 11, ""space_for_relationship"": 11, ""wants_children"": 11, ""who_to_meet"": 11}"
syn_ba5a6e52064350f93fdc195ad7412c31,public_05,32,non_binary,zone_a,True,synthetic_questionnaire,True,0,,35,,practical,ready,,,any,,,,,,,,,,,not_asked,observed,not_asked,observed,observed,not_asked,not_asked,observed,not_asked,not_asked,declined,not_asked,not_asked,not_asked,not_asked,not_asked,not_asked,declined,,0,,0,0,,,0,,,,,,,,,,,"{""acceptable_zones"": null, ""age_max"": 35, ""age_min"": null, ""conversations"": ""practical"", ""emotional_availability"": ""ready"", ""has_children"": null, ""lifestyle"": null, ""partner_children"": ""any"", ""partner_smoking"": null, ""relationship_goal"": null, ""relationship_pace"": null, ""relationship_structure"": null, ""relocate"": null, ""schedule"": null, ""smoking"": null, ""space_for_relationship"": null, ""wants_children"": null, ""who_to_meet"": null}","{""acceptable_zones"": ""not_asked"", ""age_max"": ""observed"", ""age_min"": ""not_asked"", ""conversations"": ""observed"", ""emotional_availability"": ""observed"", ""has_children"": ""not_asked"", ""lifestyle"": ""not_asked"", ""partner_children"": ""observed"", ""partner_smoking"": ""not_asked"", ""relationship_goal"": ""not_asked"", ""relationship_pace"": ""declined"", ""relationship_structure"": ""not_asked"", ""relocate"": ""not_asked"", ""schedule"": ""not_asked"", ""smoking"": ""not_asked"", ""space_for_relationship"": ""not_asked"", ""wants_children"": ""not_asked"", ""who_to_meet"": ""declined""}","{""acceptable_zones"": null, ""age_max"": 0, ""age_min"": null, ""conversations"": 0, ""emotional_availability"": 0, ""has_children"": null, ""lifestyle"": null, ""partner_children"": 0, ""partner_smoking"": null, ""relationship_goal"": null, ""relationship_pace"": null, ""relationship_structure"": null, ""relocate"": null, ""schedule"": null, ""smoking"": null, ""space_for_relationship"": null, ""wants_children"": null, ""who_to_meet"": null}"
syn_4a30986e184de09da4d488e6dc42ec50,public_05,35,woman,zone_a,True,synthetic_questionnaire,True,0,"[""zone_a"", ""zone_c""]",41,27,playful,taking_time,True,social,no_children,any,exploring,quick,monogamous,yes,"[""weekend_day"", ""weekend_evening""]",yes,moderate,no,"[""woman""]",observed,observed,observed,observed,observed,observed,observed,observed,observed,observed,observed,observed,observed,observed,observed,observed,observed,observed,0,0,0,0,0,0,0,0,0,0,0,0,0,0,0,0,0,0,"{""acceptable_zones"": [""zone_a"", ""zone_c""], ""age_max"": 41, ""age_min"": 27, ""conversations"": ""playful"", ""emotional_availability"": ""taking_time"", ""has_children"": true, ""lifestyle"": ""social"", ""partner_children"": ""no_children"", ""partner_smoking"": ""any"", ""relationship_goal"": ""exploring"", ""relationship_pace"": ""quick"", ""relationship_structure"": ""monogamous"", ""relocate"": ""yes"", ""schedule"": [""weekend_day"", ""weekend_evening""], ""smoking"": ""yes"", ""space_for_relationship"": ""moderate"", ""wants_children"": ""no"", ""who_to_meet"": [""woman""]}","{""acceptable_zones"": ""observed"", ""age_max"": ""observed"", ""age_min"": ""observed"", ""conversations"": ""observed"", ""emotional_availability"": ""observed"", ""has_children"": ""observed"", ""lifestyle"": ""observed"", ""partner_children"": ""observed"", ""partner_smoking"": ""observed"", ""relationship_goal"": ""observed"", ""relationship_pace"": ""observed"", ""relationship_structure"": ""observed"", ""relocate"": ""observed"", ""schedule"": ""observed"", ""smoking"": ""observed"", ""space_for_relationship"": ""observed"", ""wants_children"": ""observed"", ""who_to_meet"": ""observed""}","{""acceptable_zones"": 0, ""age_max"": 0, ""age_min"": 0, ""conversations"": 0, ""emotional_availability"": 0, ""has_children"": 0, ""lifestyle"": 0, ""partner_children"": 0, ""partner_smoking"": 0, ""relationship_goal"": 0, ""relationship_pace"": 0, ""relationship_structure"": 0, ""relocate"": 0, ""schedule"": 0, ""smoking"": 0, ""space_for_relationship"": 0, ""wants_children"": 0, ""who_to_meet"": 0}"
syn_b30ea3f02d38b8923b5460bfef0e7833,public_05,40,non_binary,zone_a,True,synthetic_questionnaire,True,0,"[""zone_a""]",47,36,practical,taking_time,False,mixed,no_children,any,exploring,steady,non_monogamous,unsure,"[""weekend_day"", ""weekday_evening"", ""weekend_evening""]",no,limited,no,"[""woman"", ""man"", ""non_binary""]",observed,observed,observed,observed,observed,observed,observed,observed,observed,observed,observed,observed,observed,observed,observed,observed,observed,observed,0,0,0,0,0,0,0,0,0,0,0,0,0,0,0,0,0,0,"{""acceptable_zones"": [""zone_a""], ""age_max"": 47, ""age_min"": 36, ""conversations"": ""practical"", ""emotional_availability"": ""taking_time"", ""has_children"": false, ""lifestyle"": ""mixed"", ""partner_children"": ""no_children"", ""partner_smoking"": ""any"", ""relationship_goal"": ""exploring"", ""relationship_pace"": ""steady"", ""relationship_structure"": ""non_monogamous"", ""relocate"": ""unsure"", ""schedule"": [""weekend_day"", ""weekday_evening"", ""weekend_evening""], ""smoking"": ""no"", ""space_for_relationship"": ""limited"", ""wants_children"": ""no"", ""who_to_meet"": [""woman"", ""man"", ""non_binary""]}","{""acceptable_zones"": ""observed"", ""age_max"": ""observed"", ""age_min"": ""observed"", ""conversations"": ""observed"", ""emotional_availability"": ""observed"", ""has_children"": ""observed"", ""lifestyle"": ""observed"", ""partner_children"": ""observed"", ""partner_smoking"": ""observed"", ""relationship_goal"": ""observed"", ""relationship_pace"": ""observed"", ""relationship_structure"": ""observed"", ""relocate"": ""observed"", ""schedule"": ""observed"", ""smoking"": ""observed"", ""space_for_relationship"": ""observed"", ""wants_children"": ""observed"", ""who_to_meet"": ""observed""}","{""acceptable_zones"": 0, ""age_max"": 0, ""age_min"": 0, ""conversations"": 0, ""emotional_availability"": 0, ""has_children"": 0, ""lifestyle"": 0, ""partner_children"": 0, ""partner_smoking"": 0, ""relationship_goal"": 0, ""relationship_pace"": 0, ""relationship_structure"": 0, ""relocate"": 0, ""schedule"": 0, ""smoking"": 0, ""space_for_relationship"": 0, ""wants_children"": 0, ""who_to_meet"": 0}"
syn_43670244b5bb911d05e910c4e030edcf,public_05,22,man,zone_b,False,synthetic_questionnaire,True,0,"[""zone_b""]",31,19,playful,,False,,no_children,no_smoking,,,monogamous,,"[""weekend_day"", ""weekend_evening"", ""weekday_evening""]",occasionally,,unsure,"[""woman"", ""non_binary"", ""man""]",observed,observed,observed,observed,not_asked,observed,not_asked,observed,observed,not_asked,not_asked,observed,declined,observed,observed,not_asked,observed,observed,7,7,7,0,,7,,7,7,,,7,,7,7,,7,7,"{""acceptable_zones"": [""zone_b""], ""age_max"": 31, ""age_min"": 19, ""conversations"": ""playful"", ""emotional_availability"": null, ""has_children"": false, ""lifestyle"": null, ""partner_children"": ""no_children"", ""partner_smoking"": ""no_smoking"", ""relationship_goal"": null, ""relationship_pace"": null, ""relationship_structure"": ""monogamous"", ""relocate"": null, ""schedule"": [""weekend_day"", ""weekend_evening"", ""weekday_evening""], ""smoking"": ""occasionally"", ""space_for_relationship"": null, ""wants_children"": ""unsure"", ""who_to_meet"": [""woman"", ""non_binary"", ""man""]}","{""acceptable_zones"": ""observed"", ""age_max"": ""observed"", ""age_min"": ""observed"", ""conversations"": ""observed"", ""emotional_availability"": ""not_asked"", ""has_children"": ""observed"", ""lifestyle"": ""not_asked"", ""partner_children"": ""observed"", ""partner_smoking"": ""observed"", ""relationship_goal"": ""not_asked"", ""relationship_pace"": ""not_asked"", ""relationship_structure"": ""observed"", ""relocate"": ""declined"", ""schedule"": ""observed"", ""smoking"": ""observed"", ""space_for_relationship"": ""not_asked"", ""wants_children"": ""observed"", ""who_to_meet"": ""observed""}","{""acceptable_zones"": 7, ""age_max"": 7, ""age_min"": 7, ""conversations"": 0, ""emotional_availability"": null, ""has_children"": 7, ""lifestyle"": null, ""partner_children"": 7, ""partner_smoking"": 7, ""relationship_goal"": null, ""relationship_pace"": null, ""relationship_structure"": 7, ""relocate"": null, ""schedule"": 7, ""smoking"": 7, ""space_for_relationship"": null, ""wants_children"": 7, ""who_to_meet"": 7}"
syn_7e2ebd1369674b173056ff24459bc0da,public_05,22,man,zone_a,True,synthetic_questionnaire,True,11,"[""zone_a""]",32,18,,,True,,any,any,,,monogamous,,"[""weekend_evening"", ""weekend_day""]",occasionally,,unsure,"[""woman""]",observed,observed,observed,not_asked,not_asked,observed,not_asked,observed,observed,not_asked,not_asked,observed,not_asked,observed,observed,not_asked,observed,observed,11,11,11,,,11,,11,11,,,11,,11,11,,11,11,"{""acceptable_zones"": [""zone_a""], ""age_max"": 32, ""age_min"": 18, ""conversations"": null, ""emotional_availability"": null, ""has_children"": true, ""lifestyle"": null, ""partner_children"": ""any"", ""partner_smoking"": ""any"", ""relationship_goal"": null, ""relationship_pace"": null, ""relationship_structure"": ""monogamous"", ""relocate"": null, ""schedule"": [""weekend_evening"", ""weekend_day""], ""smoking"": ""occasionally"", ""space_for_relationship"": null, ""wants_children"": ""unsure"", ""who_to_meet"": [""woman""]}","{""acceptable_zones"": ""observed"", ""age_max"": ""observed"", ""age_min"": ""observed"", ""conversations"": ""not_asked"", ""emotional_availability"": ""not_asked"", ""has_children"": ""observed"", ""lifestyle"": ""not_asked"", ""partner_children"": ""observed"", ""partner_smoking"": ""observed"", ""relationship_goal"": ""not_asked"", ""relationship_pace"": ""not_asked"", ""relationship_structure"": ""observed"", ""relocate"": ""not_asked"", ""schedule"": ""observed"", ""smoking"": ""observed"", ""space_for_relationship"": ""not_asked"", ""wants_children"": ""observed"", ""who_to_meet"": ""observed""}","{""acceptable_zones"": 11, ""age_max"": 11, ""age_min"": 11, ""conversations"": null, ""emotional_availability"": null, ""has_children"": 11, ""lifestyle"": null, ""partner_children"": 11, ""partner_smoking"": 11, ""relationship_goal"": null, ""relationship_pace"": null, ""relationship_structure"": 11, ""relocate"": null, ""schedule"": 11, ""smoking"": 11, ""space_for_relationship"": null, ""wants_children"": 11, ""who_to_meet"": 11}"
syn_787ad7acef13f3b493a020f929c70389,public_05,46,man,zone_a,False,synthetic_questionnaire,True,0,"[""zone_a""]",49,38,stories,ready,False,quiet,no_children,any,long_term,quick,monogamous,unsure,"[""weekday_evening"", ""weekend_evening""]",occasionally,moderate,yes,"[""man""]",observed,observed,observed,observed,observed,observed,observed,observed,observed,observed,observed,observed,observed,observed,observed,observed,observed,observed,0,0,0,0,0,0,0,0,0,0,0,0,0,0,0,0,0,0,"{""acceptable_zones"": [""zone_a""], ""age_max"": 49, ""age_min"": 38, ""conversations"": ""stories"", ""emotional_availability"": ""ready"", ""has_children"": false, ""lifestyle"": ""quiet"", ""partner_children"": ""no_children"", ""partner_smoking"": ""any"", ""relationship_goal"": ""long_term"", ""relationship_pace"": ""quick"", ""relationship_structure"": ""monogamous"", ""relocate"": ""unsure"", ""schedule"": [""weekday_evening"", ""weekend_evening""], ""smoking"": ""occasionally"", ""space_for_relationship"": ""moderate"", ""wants_children"": ""yes"", ""who_to_meet"": [""man""]}","{""acceptable_zones"": ""observed"", ""age_max"": ""observed"", ""age_min"": ""observed"", ""conversations"": ""observed"", ""emotional_availability"": ""observed"", ""has_children"": ""observed"", ""lifestyle"": ""observed"", ""partner_children"": ""observed"", ""partner_smoking"": ""observed"", ""relationship_goal"": ""observed"", ""relationship_pace"": ""observed"", ""relationship_structure"": ""observed"", ""relocate"": ""observed"", ""schedule"": ""observed"", ""smoking"": ""observed"", ""space_for_relationship"": ""observed"", ""wants_children"": ""observed"", ""who_to_meet"": ""observed""}","{""acceptable_zones"": 0, ""age_max"": 0, ""age_min"": 0, ""conversations"": 0, ""emotional_availability"": 0, ""has_children"": 0, ""lifestyle"": 0, ""partner_children"": 0, ""partner_smoking"": 0, ""relationship_goal"": 0, ""relationship_pace"": 0, ""relationship_structure"": 0, ""relocate"": 0, ""schedule"": 0, ""smoking"": 0, ""space_for_relationship"": 0, ""wants_children"": 0, ""who_to_meet"": 0}"
syn_b9c2cd0590a5e5bf61c7c24e1a2318df,public_05,28,woman,zone_b,True,synthetic_questionnaire,True,0,"[""zone_b""]",35,25,stories,taking_time,False,social,no_children,any,exploring,slow,monogamous,yes,"[""weekend_day"", ""weekend_evening"", ""weekday_evening""]",occasionally,ample,yes,"[""man""]",observed,observed,observed,observed,observed,observed,observed,observed,observed,observed,observed,observed,observed,observed,observed,observed,observed,observed,0,0,0,0,0,0,0,0,0,0,0,0,0,0,0,0,0,0,"{""acceptable_zones"": [""zone_b""], ""age_max"": 35, ""age_min"": 25, ""conversations"": ""stories"", ""emotional_availability"": ""taking_time"", ""has_children"": false, ""lifestyle"": ""social"", ""partner_children"": ""no_children"", ""partner_smoking"": ""any"", ""relationship_goal"": ""exploring"", ""relationship_pace"": ""slow"", ""relationship_structure"": ""monogamous"", ""relocate"": ""yes"", ""schedule"": [""weekend_day"", ""weekend_evening"", ""weekday_evening""], ""smoking"": ""occasionally"", ""space_for_relationship"": ""ample"", ""wants_children"": ""yes"", ""who_to_meet"": [""man""]}","{""acceptable_zones"": ""observed"", ""age_max"": ""observed"", ""age_min"": ""observed"", ""conversations"": ""observed"", ""emotional_availability"": ""observed"", ""has_children"": ""observed"", ""lifestyle"": ""observed"", ""partner_children"": ""observed"", ""partner_smoking"": ""observed"", ""relationship_goal"": ""observed"", ""relationship_pace"": ""observed"", ""relationship_structure"": ""observed"", ""relocate"": ""observed"", ""schedule"": ""observed"", ""smoking"": ""observed"", ""space_for_relationship"": ""observed"", ""wants_children"": ""observed"", ""who_to_meet"": ""observed""}","{""acceptable_zones"": 0, ""age_max"": 0, ""age_min"": 0, ""conversations"": 0, ""emotional_availability"": 0, ""has_children"": 0, ""lifestyle"": 0, ""partner_children"": 0, ""partner_smoking"": 0, ""relationship_goal"": 0, ""relationship_pace"": 0, ""relationship_structure"": 0, ""relocate"": 0, ""schedule"": 0, ""smoking"": 0, ""space_for_relationship"": 0, ""wants_children"": 0, ""who_to_meet"": 0}"
syn_4f2dafbc8751f88ee6612538e2e0ca0d,public_05,25,man,zone_c,True,synthetic_questionnaire,True,4,,,,,,,,,any,,steady,monogamous,,,,,,,not_asked,declined,not_asked,not_asked,not_asked,not_asked,not_asked,not_asked,observed,not_asked,observed,observed,not_asked,not_asked,not_asked,not_asked,not_asked,not_asked,,,,,,,,,4,,4,4,,,,,,,"{""acceptable_zones"": null, ""age_max"": null, ""age_min"": null, ""conversations"": null, ""emotional_availability"": null, ""has_children"": null, ""lifestyle"": null, ""partner_children"": null, ""partner_smoking"": ""any"", ""relationship_goal"": null, ""relationship_pace"": ""steady"", ""relationship_structure"": ""monogamous"", ""relocate"": null, ""schedule"": null, ""smoking"": null, ""space_for_relationship"": null, ""wants_children"": null, ""who_to_meet"": null}","{""acceptable_zones"": ""not_asked"", ""age_max"": ""declined"", ""age_min"": ""not_asked"", ""conversations"": ""not_asked"", ""emotional_availability"": ""not_asked"", ""has_children"": ""not_asked"", ""lifestyle"": ""not_asked"", ""partner_children"": ""not_asked"", ""partner_smoking"": ""observed"", ""relationship_goal"": ""not_asked"", ""relationship_pace"": ""observed"", ""relationship_structure"": ""observed"", ""relocate"": ""not_asked"", ""schedule"": ""not_asked"", ""smoking"": ""not_asked"", ""space_for_relationship"": ""not_asked"", ""wants_children"": ""not_asked"", ""who_to_meet"": ""not_asked""}","{""acceptable_zones"": null, ""age_max"": null, ""age_min"": null, ""conversations"": null, ""emotional_availability"": null, ""has_children"": null, ""lifestyle"": null, ""partner_children"": null, ""partner_smoking"": 4, ""relationship_goal"": null, ""relationship_pace"": 4, ""relationship_structure"": 4, ""relocate"": null, ""schedule"": null, ""smoking"": null, ""space_for_relationship"": null, ""wants_children"": null, ""who_to_meet"": null}"
syn_6386031efeb54abdfa96637beb180642,public_05,30,woman,zone_a,False,synthetic_questionnaire,True,3,"[""zone_a""]",36,25,ideas,ready,False,quiet,no_children,no_smoking,long_term,quick,monogamous,no,"[""weekday_evening"", ""weekend_evening""]",no,limited,yes,"[""woman"", ""man"", ""non_binary""]",observed,observed,observed,observed,observed,observed,observed,observed,observed,observed,observed,observed,observed,observed,observed,observed,observed,observed,3,3,3,3,3,3,3,3,3,3,3,3,3,3,3,3,3,3,"{""acceptable_zones"": [""zone_a""], ""age_max"": 36, ""age_min"": 25, ""conversations"": ""ideas"", ""emotional_availability"": ""ready"", ""has_children"": false, ""lifestyle"": ""quiet"", ""partner_children"": ""no_children"", ""partner_smoking"": ""no_smoking"", ""relationship_goal"": ""long_term"", ""relationship_pace"": ""quick"", ""relationship_structure"": ""monogamous"", ""relocate"": ""no"", ""schedule"": [""weekday_evening"", ""weekend_evening""], ""smoking"": ""no"", ""space_for_relationship"": ""limited"", ""wants_children"": ""yes"", ""who_to_meet"": [""woman"", ""man"", ""non_binary""]}","{""acceptable_zones"": ""observed"", ""age_max"": ""observed"", ""age_min"": ""observed"", ""conversations"": ""observed"", ""emotional_availability"": ""observed"", ""has_children"": ""observed"", ""lifestyle"": ""observed"", ""partner_children"": ""observed"", ""partner_smoking"": ""observed"", ""relationship_goal"": ""observed"", ""relationship_pace"": ""observed"", ""relationship_structure"": ""observed"", ""relocate"": ""observed"", ""schedule"": ""observed"", ""smoking"": ""observed"", ""space_for_relationship"": ""observed"", ""wants_children"": ""observed"", ""who_to_meet"": ""observed""}","{""acceptable_zones"": 3, ""age_max"": 3, ""age_min"": 3, ""conversations"": 3, ""emotional_availability"": 3, ""has_children"": 3, ""lifestyle"": 3, ""partner_children"": 3, ""partner_smoking"": 3, ""relationship_goal"": 3, ""relationship_pace"": 3, ""relationship_structure"": 3, ""relocate"": 3, ""schedule"": 3, ""smoking"": 3, ""space_for_relationship"": 3, ""wants_children"": 3, ""who_to_meet"": 3}"
syn_52496f7b4b213a4470acc06072937b50,public_05,39,man,zone_d,True,synthetic_questionnaire,True,0,,,,,,,,,,,,,,,,,,,not_asked,declined,not_asked,not_asked,not_asked,declined,not_asked,not_asked,not_asked,not_asked,not_asked,not_asked,not_asked,not_asked,not_asked,declined,not_asked,not_asked,,,,,,,,,,,,,,,,,,,"{""acceptable_zones"": null, ""age_max"": null, ""age_min"": null, ""conversations"": null, ""emotional_availability"": null, ""has_children"": null, ""lifestyle"": null, ""partner_children"": null, ""partner_smoking"": null, ""relationship_goal"": null, ""relationship_pace"": null, ""relationship_structure"": null, ""relocate"": null, ""schedule"": null, ""smoking"": null, ""space_for_relationship"": null, ""wants_children"": null, ""who_to_meet"": null}","{""acceptable_zones"": ""not_asked"", ""age_max"": ""declined"", ""age_min"": ""not_asked"", ""conversations"": ""not_asked"", ""emotional_availability"": ""not_asked"", ""has_children"": ""declined"", ""lifestyle"": ""not_asked"", ""partner_children"": ""not_asked"", ""partner_smoking"": ""not_asked"", ""relationship_goal"": ""not_asked"", ""relationship_pace"": ""not_asked"", ""relationship_structure"": ""not_asked"", ""relocate"": ""not_asked"", ""schedule"": ""not_asked"", ""smoking"": ""not_asked"", ""space_for_relationship"": ""declined"", ""wants_children"": ""not_asked"", ""who_to_meet"": ""not_asked""}","{""acceptable_zones"": null, ""age_max"": null, ""age_min"": null, ""conversations"": null, ""emotional_availability"": null, ""has_children"": null, ""lifestyle"": null, ""partner_children"": null, ""partner_smoking"": null, ""relationship_goal"": null, ""relationship_pace"": null, ""relationship_structure"": null, ""relocate"": null, ""schedule"": null, ""smoking"": null, ""space_for_relationship"": null, ""wants_children"": null, ""who_to_meet"": null}"
syn_d14e8e3bc349a408cacb453a7abffef8,public_05,37,man,zone_a,False,synthetic_questionnaire,True,6,"[""zone_a""]",41,31,practical,ready,False,quiet,any,no_smoking,long_term,slow,monogamous,no,"[""weekday_evening"", ""weekend_evening"", ""weekend_day""]",no,limited,no,"[""woman"", ""man""]",observed,observed,observed,observed,observed,observed,observed,observed,observed,observed,observed,observed,observed,observed,observed,observed,observed,observed,6,6,6,6,6,6,6,6,6,6,6,6,6,6,6,6,6,6,"{""acceptable_zones"": [""zone_a""], ""age_max"": 41, ""age_min"": 31, ""conversations"": ""practical"", ""emotional_availability"": ""ready"", ""has_children"": false, ""lifestyle"": ""quiet"", ""partner_children"": ""any"", ""partner_smoking"": ""no_smoking"", ""relationship_goal"": ""long_term"", ""relationship_pace"": ""slow"", ""relationship_structure"": ""monogamous"", ""relocate"": ""no"", ""schedule"": [""weekday_evening"", ""weekend_evening"", ""weekend_day""], ""smoking"": ""no"", ""space_for_relationship"": ""limited"", ""wants_children"": ""no"", ""who_to_meet"": [""woman"", ""man""]}","{""acceptable_zones"": ""observed"", ""age_max"": ""observed"", ""age_min"": ""observed"", ""conversations"": ""observed"", ""emotional_availability"": ""observed"", ""has_children"": ""observed"", ""lifestyle"": ""observed"", ""partner_children"": ""observed"", ""partner_smoking"": ""observed"", ""relationship_goal"": ""observed"", ""relationship_pace"": ""observed"", ""relationship_structure"": ""observed"", ""relocate"": ""observed"", ""schedule"": ""observed"", ""smoking"": ""observed"", ""space_for_relationship"": ""observed"", ""wants_children"": ""observed"", ""who_to_meet"": ""observed""}","{""acceptable_zones"": 6, ""age_max"": 6, ""age_min"": 6, ""conversations"": 6, ""emotional_availability"": 6, ""has_children"": 6, ""lifestyle"": 6, ""partner_children"": 6, ""partner_smoking"": 6, ""relationship_goal"": 6, ""relationship_pace"": 6, ""relationship_structure"": 6, ""relocate"": 6, ""schedule"": 6, ""smoking"": 6, ""space_for_relationship"": 6, ""wants_children"": 6, ""who_to_meet"": 6}"
syn_4a20fe000b050b1f78e4337959fe7ff3,public_05,34,man,zone_b,True,synthetic_questionnaire,True,0,"[""zone_b""]",42,31,practical,taking_time,False,mixed,no_children,any,exploring,steady,monogamous,no,"[""weekend_day""]",no,ample,no,"[""man""]",observed,observed,observed,observed,observed,observed,observed,observed,observed,observed,observed,observed,observed,observed,observed,observed,observed,observed,0,0,0,0,0,0,0,0,0,0,0,0,0,0,0,0,0,0,"{""acceptable_zones"": [""zone_b""], ""age_max"": 42, ""age_min"": 31, ""conversations"": ""practical"", ""emotional_availability"": ""taking_time"", ""has_children"": false, ""lifestyle"": ""mixed"", ""partner_children"": ""no_children"", ""partner_smoking"": ""any"", ""relationship_goal"": ""exploring"", ""relationship_pace"": ""steady"", ""relationship_structure"": ""monogamous"", ""relocate"": ""no"", ""schedule"": [""weekend_day""], ""smoking"": ""no"", ""space_for_relationship"": ""ample"", ""wants_children"": ""no"", ""who_to_meet"": [""man""]}","{""acceptable_zones"": ""observed"", ""age_max"": ""observed"", ""age_min"": ""observed"", ""conversations"": ""observed"", ""emotional_availability"": ""observed"", ""has_children"": ""observed"", ""lifestyle"": ""observed"", ""partner_children"": ""observed"", ""partner_smoking"": ""observed"", ""relationship_goal"": ""observed"", ""relationship_pace"": ""observed"", ""relationship_structure"": ""observed"", ""relocate"": ""observed"", ""schedule"": ""observed"", ""smoking"": ""observed"", ""space_for_relationship"": ""observed"", ""wants_children"": ""observed"", ""who_to_meet"": ""observed""}","{""acceptable_zones"": 0, ""age_max"": 0, ""age_min"": 0, ""conversations"": 0, ""emotional_availability"": 0, ""has_children"": 0, ""lifestyle"": 0, ""partner_children"": 0, ""partner_smoking"": 0, ""relationship_goal"": 0, ""relationship_pace"": 0, ""relationship_structure"": 0, ""relocate"": 0, ""schedule"": 0, ""smoking"": 0, ""space_for_relationship"": 0, ""wants_children"": 0, ""who_to_meet"": 0}"
syn_1ab52096a2599eef55733d91101816d8,public_05,38,woman,zone_d,True,synthetic_questionnaire,True,19,"[""zone_d""]",48,32,,ready,False,,no_children,any,,,monogamous,,"[""weekday_evening"", ""weekend_evening""]",no,moderate,yes,"[""man""]",observed,observed,observed,declined,observed,observed,not_asked,observed,observed,not_asked,not_asked,observed,not_asked,observed,observed,observed,observed,observed,19,19,19,,19,19,,19,19,,,19,,19,19,19,19,19,"{""acceptable_zones"": [""zone_d""], ""age_max"": 48, ""age_min"": 32, ""conversations"": null, ""emotional_availability"": ""ready"", ""has_children"": false, ""lifestyle"": null, ""partner_children"": ""no_children"", ""partner_smoking"": ""any"", ""relationship_goal"": null, ""relationship_pace"": null, ""relationship_structure"": ""monogamous"", ""relocate"": null, ""schedule"": [""weekday_evening"", ""weekend_evening""], ""smoking"": ""no"", ""space_for_relationship"": ""moderate"", ""wants_children"": ""yes"", ""who_to_meet"": [""man""]}","{""acceptable_zones"": ""observed"", ""age_max"": ""observed"", ""age_min"": ""observed"", ""conversations"": ""declined"", ""emotional_availability"": ""observed"", ""has_children"": ""observed"", ""lifestyle"": ""not_asked"", ""partner_children"": ""observed"", ""partner_smoking"": ""observed"", ""relationship_goal"": ""not_asked"", ""relationship_pace"": ""not_asked"", ""relationship_structure"": ""observed"", ""relocate"": ""not_asked"", ""schedule"": ""observed"", ""smoking"": ""observed"", ""space_for_relationship"": ""observed"", ""wants_children"": ""observed"", ""who_to_meet"": ""observed""}","{""acceptable_zones"": 19, ""age_max"": 19, ""age_min"": 19, ""conversations"": null, ""emotional_availability"": 19, ""has_children"": 19, ""lifestyle"": null, ""partner_children"": 19, ""partner_smoking"": 19, ""relationship_goal"": null, ""relationship_pace"": null, ""relationship_structure"": 19, ""relocate"": null, ""schedule"": 19, ""smoking"": 19, ""space_for_relationship"": 19, ""wants_children"": 19, ""who_to_meet"": 19}"
syn_1c596186018460f2fdedf8f2afc0f2d6,public_05,30,man,zone_a,False,synthetic_questionnaire,True,0,"[""zone_a""]",37,25,ideas,taking_time,False,mixed,any,no_smoking,exploring,steady,monogamous,yes,"[""weekday_evening"", ""weekend_day""]",no,moderate,yes,"[""man"", ""non_binary""]",observed,observed,observed,observed,observed,observed,observed,observed,observed,observed,observed,observed,observed,observed,observed,observed,observed,observed,0,0,0,0,0,0,0,0,0,0,0,0,0,0,0,0,0,0,"{""acceptable_zones"": [""zone_a""], ""age_max"": 37, ""age_min"": 25, ""conversations"": ""ideas"", ""emotional_availability"": ""taking_time"", ""has_children"": false, ""lifestyle"": ""mixed"", ""partner_children"": ""any"", ""partner_smoking"": ""no_smoking"", ""relationship_goal"": ""exploring"", ""relationship_pace"": ""steady"", ""relationship_structure"": ""monogamous"", ""relocate"": ""yes"", ""schedule"": [""weekday_evening"", ""weekend_day""], ""smoking"": ""no"", ""space_for_relationship"": ""moderate"", ""wants_children"": ""yes"", ""who_to_meet"": [""man"", ""non_binary""]}","{""acceptable_zones"": ""observed"", ""age_max"": ""observed"", ""age_min"": ""observed"", ""conversations"": ""observed"", ""emotional_availability"": ""observed"", ""has_children"": ""observed"", ""lifestyle"": ""observed"", ""partner_children"": ""observed"", ""partner_smoking"": ""observed"", ""relationship_goal"": ""observed"", ""relationship_pace"": ""observed"", ""relationship_structure"": ""observed"", ""relocate"": ""observed"", ""schedule"": ""observed"", ""smoking"": ""observed"", ""space_for_relationship"": ""observed"", ""wants_children"": ""observed"", ""who_to_meet"": ""observed""}","{""acceptable_zones"": 0, ""age_max"": 0, ""age_min"": 0, ""conversations"": 0, ""emotional_availability"": 0, ""has_children"": 0, ""lifestyle"": 0, ""partner_children"": 0, ""partner_smoking"": 0, ""relationship_goal"": 0, ""relationship_pace"": 0, ""relationship_structure"": 0, ""relocate"": 0, ""schedule"": 0, ""smoking"": 0, ""space_for_relationship"": 0, ""wants_children"": 0, ""who_to_meet"": 0}"
syn_9fb3c613a617b17a29a795544a56781a,public_05,28,man,zone_a,True,synthetic_questionnaire,True,0,"[""zone_a""]",35,23,,,False,quiet,any,no_smoking,,,monogamous,,"[""weekend_day"", ""weekday_evening"", ""weekend_evening""]",no,,yes,"[""woman""]",observed,observed,observed,not_asked,not_asked,observed,observed,observed,observed,not_asked,not_asked,observed,not_asked,observed,observed,not_asked,observed,observed,7,7,7,,,7,0,7,7,,,7,,7,7,,7,7,"{""acceptable_zones"": [""zone_a""], ""age_max"": 35, ""age_min"": 23, ""conversations"": null, ""emotional_availability"": null, ""has_children"": false, ""lifestyle"": ""quiet"", ""partner_children"": ""any"", ""partner_smoking"": ""no_smoking"", ""relationship_goal"": null, ""relationship_pace"": null, ""relationship_structure"": ""monogamous"", ""relocate"": null, ""schedule"": [""weekend_day"", ""weekday_evening"", ""weekend_evening""], ""smoking"": ""no"", ""space_for_relationship"": null, ""wants_children"": ""yes"", ""who_to_meet"": [""woman""]}","{""acceptable_zones"": ""observed"", ""age_max"": ""observed"", ""age_min"": ""observed"", ""conversations"": ""not_asked"", ""emotional_availability"": ""not_asked"", ""has_children"": ""observed"", ""lifestyle"": ""observed"", ""partner_children"": ""observed"", ""partner_smoking"": ""observed"", ""relationship_goal"": ""not_asked"", ""relationship_pace"": ""not_asked"", ""relationship_structure"": ""observed"", ""relocate"": ""not_asked"", ""schedule"": ""observed"", ""smoking"": ""observed"", ""space_for_relationship"": ""not_asked"", ""wants_children"": ""observed"", ""who_to_meet"": ""observed""}","{""acceptable_zones"": 7, ""age_max"": 7, ""age_min"": 7, ""conversations"": null, ""emotional_availability"": null, ""has_children"": 7, ""lifestyle"": 0, ""partner_children"": 7, ""partner_smoking"": 7, ""relationship_goal"": null, ""relationship_pace"": null, ""relationship_structure"": 7, ""relocate"": null, ""schedule"": 7, ""smoking"": 7, ""space_for_relationship"": null, ""wants_children"": 7, ""who_to_meet"": 7}"
syn_0e10d543d7c883b4d5fe21bb13c7d538,public_05,46,woman,zone_b,True,synthetic_questionnaire,True,0,"[""zone_b"", ""zone_d""]",55,41,ideas,ready,False,mixed,any,no_smoking,exploring,quick,monogamous,unsure,"[""weekend_day""]",no,limited,no,"[""non_binary"", ""man"", ""woman""]",observed,observed,observed,observed,observed,observed,observed,observed,observed,observed,observed,observed,observed,observed,observed,observed,observed,observed,0,0,0,0,0,0,0,0,0,0,0,0,0,0,0,0,0,0,"{""acceptable_zones"": [""zone_b"", ""zone_d""], ""age_max"": 55, ""age_min"": 41, ""conversations"": ""ideas"", ""emotional_availability"": ""ready"", ""has_children"": false, ""lifestyle"": ""mixed"", ""partner_children"": ""any"", ""partner_smoking"": ""no_smoking"", ""relationship_goal"": ""exploring"", ""relationship_pace"": ""quick"", ""relationship_structure"": ""monogamous"", ""relocate"": ""unsure"", ""schedule"": [""weekend_day""], ""smoking"": ""no"", ""space_for_relationship"": ""limited"", ""wants_children"": ""no"", ""who_to_meet"": [""non_binary"", ""man"", ""woman""]}","{""acceptable_zones"": ""observed"", ""age_max"": ""observed"", ""age_min"": ""observed"", ""conversations"": ""observed"", ""emotional_availability"": ""observed"", ""has_children"": ""observed"", ""lifestyle"": ""observed"", ""partner_children"": ""observed"", ""partner_smoking"": ""observed"", ""relationship_goal"": ""observed"", ""relationship_pace"": ""observed"", ""relationship_structure"": ""observed"", ""relocate"": ""observed"", ""schedule"": ""observed"", ""smoking"": ""observed"", ""space_for_relationship"": ""observed"", ""wants_children"": ""observed"", ""who_to_meet"": ""observed""}","{""acceptable_zones"": 0, ""age_max"": 0, ""age_min"": 0, ""conversations"": 0, ""emotional_availability"": 0, ""has_children"": 0, ""lifestyle"": 0, ""partner_children"": 0, ""partner_smoking"": 0, ""relationship_goal"": 0, ""relationship_pace"": 0, ""relationship_structure"": 0, ""relocate"": 0, ""schedule"": 0, ""smoking"": 0, ""space_for_relationship"": 0, ""wants_children"": 0, ""who_to_meet"": 0}"
syn_dcb09e984e5539c712ed95a93ddac588,public_05,23,man,zone_a,True,synthetic_questionnaire,True,0,,,,,,,,,,,,,,,,,,,not_asked,not_asked,declined,not_asked,not_asked,not_asked,not_asked,declined,not_asked,not_asked,not_asked,declined,not_asked,not_asked,not_asked,not_asked,not_asked,not_asked,,,,,,,,,,,,,,,,,,,"{""acceptable_zones"": null, ""age_max"": null, ""age_min"": null, ""conversations"": null, ""emotional_availability"": null, ""has_children"": null, ""lifestyle"": null, ""partner_children"": null, ""partner_smoking"": null, ""relationship_goal"": null, ""relationship_pace"": null, ""relationship_structure"": null, ""relocate"": null, ""schedule"": null, ""smoking"": null, ""space_for_relationship"": null, ""wants_children"": null, ""who_to_meet"": null}","{""acceptable_zones"": ""not_asked"", ""age_max"": ""not_asked"", ""age_min"": ""declined"", ""conversations"": ""not_asked"", ""emotional_availability"": ""not_asked"", ""has_children"": ""not_asked"", ""lifestyle"": ""not_asked"", ""partner_children"": ""declined"", ""partner_smoking"": ""not_asked"", ""relationship_goal"": ""not_asked"", ""relationship_pace"": ""not_asked"", ""relationship_structure"": ""declined"", ""relocate"": ""not_asked"", ""schedule"": ""not_asked"", ""smoking"": ""not_asked"", ""space_for_relationship"": ""not_asked"", ""wants_children"": ""not_asked"", ""who_to_meet"": ""not_asked""}","{""acceptable_zones"": null, ""age_max"": null, ""age_min"": null, ""conversations"": null, ""emotional_availability"": null, ""has_children"": null, ""lifestyle"": null, ""partner_children"": null, ""partner_smoking"": null, ""relationship_goal"": null, ""relationship_pace"": null, ""relationship_structure"": null, ""relocate"": null, ""schedule"": null, ""smoking"": null, ""space_for_relationship"": null, ""wants_children"": null, ""who_to_meet"": null}"
syn_d761b7032f9134ed65d6f7e231eea094,public_05,40,man,zone_a,True,synthetic_questionnaire,True,0,,,,,taking_time,,,,,,,,,,,,,,not_asked,not_asked,not_asked,not_asked,observed,not_asked,not_asked,not_asked,not_asked,not_asked,not_asked,declined,not_asked,declined,not_asked,not_asked,not_asked,not_asked,,,,,0,,,,,,,,,,,,,,"{""acceptable_zones"": null, ""age_max"": null, ""age_min"": null, ""conversations"": null, ""emotional_availability"": ""taking_time"", ""has_children"": null, ""lifestyle"": null, ""partner_children"": null, ""partner_smoking"": null, ""relationship_goal"": null, ""relationship_pace"": null, ""relationship_structure"": null, ""relocate"": null, ""schedule"": null, ""smoking"": null, ""space_for_relationship"": null, ""wants_children"": null, ""who_to_meet"": null}","{""acceptable_zones"": ""not_asked"", ""age_max"": ""not_asked"", ""age_min"": ""not_asked"", ""conversations"": ""not_asked"", ""emotional_availability"": ""observed"", ""has_children"": ""not_asked"", ""lifestyle"": ""not_asked"", ""partner_children"": ""not_asked"", ""partner_smoking"": ""not_asked"", ""relationship_goal"": ""not_asked"", ""relationship_pace"": ""not_asked"", ""relationship_structure"": ""declined"", ""relocate"": ""not_asked"", ""schedule"": ""declined"", ""smoking"": ""not_asked"", ""space_for_relationship"": ""not_asked"", ""wants_children"": ""not_asked"", ""who_to_meet"": ""not_asked""}","{""acceptable_zones"": null, ""age_max"": null, ""age_min"": null, ""conversations"": null, ""emotional_availability"": 0, ""has_children"": null, ""lifestyle"": null, ""partner_children"": null, ""partner_smoking"": null, ""relationship_goal"": null, ""relationship_pace"": null, ""relationship_structure"": null, ""relocate"": null, ""schedule"": null, ""smoking"": null, ""space_for_relationship"": null, ""wants_children"": null, ""who_to_meet"": null}"
syn_a21dac98e81bdeef51810ffd59e9c10c,public_05,40,woman,zone_a,True,synthetic_questionnaire,True,0,"[""zone_a""]",43,36,practical,ready,False,quiet,no_children,no_smoking,exploring,quick,monogamous,yes,"[""weekend_evening""]",no,moderate,yes,"[""non_binary""]",observed,observed,observed,observed,observed,observed,observed,observed,observed,observed,observed,observed,observed,observed,observed,observed,observed,observed,0,0,0,0,0,0,0,0,0,0,0,0,0,0,0,0,0,0,"{""acceptable_zones"": [""zone_a""], ""age_max"": 43, ""age_min"": 36, ""conversations"": ""practical"", ""emotional_availability"": ""ready"", ""has_children"": false, ""lifestyle"": ""quiet"", ""partner_children"": ""no_children"", ""partner_smoking"": ""no_smoking"", ""relationship_goal"": ""exploring"", ""relationship_pace"": ""quick"", ""relationship_structure"": ""monogamous"", ""relocate"": ""yes"", ""schedule"": [""weekend_evening""], ""smoking"": ""no"", ""space_for_relationship"": ""moderate"", ""wants_children"": ""yes"", ""who_to_meet"": [""non_binary""]}","{""acceptable_zones"": ""observed"", ""age_max"": ""observed"", ""age_min"": ""observed"", ""conversations"": ""observed"", ""emotional_availability"": ""observed"", ""has_children"": ""observed"", ""lifestyle"": ""observed"", ""partner_children"": ""observed"", ""partner_smoking"": ""observed"", ""relationship_goal"": ""observed"", ""relationship_pace"": ""observed"", ""relationship_structure"": ""observed"", ""relocate"": ""observed"", ""schedule"": ""observed"", ""smoking"": ""observed"", ""space_for_relationship"": ""observed"", ""wants_children"": ""observed"", ""who_to_meet"": ""observed""}","{""acceptable_zones"": 0, ""age_max"": 0, ""age_min"": 0, ""conversations"": 0, ""emotional_availability"": 0, ""has_children"": 0, ""lifestyle"": 0, ""partner_children"": 0, ""partner_smoking"": 0, ""relationship_goal"": 0, ""relationship_pace"": 0, ""relationship_structure"": 0, ""relocate"": 0, ""schedule"": 0, ""smoking"": 0, ""space_for_relationship"": 0, ""wants_children"": 0, ""who_to_meet"": 0}"
syn_e51b480ec2fcce67eb098546a918dce4,public_05,41,woman,zone_a,True,synthetic_questionnaire,True,0,,,,,,,,,,,,,,,,,,,not_asked,not_asked,declined,not_asked,not_asked,not_asked,not_asked,not_asked,not_asked,not_asked,not_asked,not_asked,declined,not_asked,not_asked,not_asked,not_asked,not_asked,,,,,,,,,,,,,,,,,,,"{""acceptable_zones"": null, ""age_max"": null, ""age_min"": null, ""conversations"": null, ""emotional_availability"": null, ""has_children"": null, ""lifestyle"": null, ""partner_children"": null, ""partner_smoking"": null, ""relationship_goal"": null, ""relationship_pace"": null, ""relationship_structure"": null, ""relocate"": null, ""schedule"": null, ""smoking"": null, ""space_for_relationship"": null, ""wants_children"": null, ""who_to_meet"": null}","{""acceptable_zones"": ""not_asked"", ""age_max"": ""not_asked"", ""age_min"": ""declined"", ""conversations"": ""not_asked"", ""emotional_availability"": ""not_asked"", ""has_children"": ""not_asked"", ""lifestyle"": ""not_asked"", ""partner_children"": ""not_asked"", ""partner_smoking"": ""not_asked"", ""relationship_goal"": ""not_asked"", ""relationship_pace"": ""not_asked"", ""relationship_structure"": ""not_asked"", ""relocate"": ""declined"", ""schedule"": ""not_asked"", ""smoking"": ""not_asked"", ""space_for_relationship"": ""not_asked"", ""wants_children"": ""not_asked"", ""who_to_meet"": ""not_asked""}","{""acceptable_zones"": null, ""age_max"": null, ""age_min"": null, ""conversations"": null, ""emotional_availability"": null, ""has_children"": null, ""lifestyle"": null, ""partner_children"": null, ""partner_smoking"": null, ""relationship_goal"": null, ""relationship_pace"": null, ""relationship_structure"": null, ""relocate"": null, ""schedule"": null, ""smoking"": null, ""space_for_relationship"": null, ""wants_children"": null, ""who_to_meet"": null}"
syn_061c22f2a1663ca7819876a7005398da,public_05,46,woman,zone_b,True,synthetic_questionnaire,True,0,"[""zone_b""]",52,42,ideas,,False,,no_children,any,long_term,,monogamous,,"[""weekday_evening"", ""weekend_evening"", ""weekend_day""]",no,,yes,"[""woman""]",observed,observed,observed,observed,not_asked,observed,declined,observed,observed,observed,declined,observed,not_asked,observed,observed,not_asked,observed,observed,7,7,7,0,,7,,7,7,0,,7,,7,7,,7,7,"{""acceptable_zones"": [""zone_b""], ""age_max"": 52, ""age_min"": 42, ""conversations"": ""ideas"", ""emotional_availability"": null, ""has_children"": false, ""lifestyle"": null, ""partner_children"": ""no_children"", ""partner_smoking"": ""any"", ""relationship_goal"": ""long_term"", ""relationship_pace"": null, ""relationship_structure"": ""monogamous"", ""relocate"": null, ""schedule"": [""weekday_evening"", ""weekend_evening"", ""weekend_day""], ""smoking"": ""no"", ""space_for_relationship"": null, ""wants_children"": ""yes"", ""who_to_meet"": [""woman""]}","{""acceptable_zones"": ""observed"", ""age_max"": ""observed"", ""age_min"": ""observed"", ""conversations"": ""observed"", ""emotional_availability"": ""not_asked"", ""has_children"": ""observed"", ""lifestyle"": ""declined"", ""partner_children"": ""observed"", ""partner_smoking"": ""observed"", ""relationship_goal"": ""observed"", ""relationship_pace"": ""declined"", ""relationship_structure"": ""observed"", ""relocate"": ""not_asked"", ""schedule"": ""observed"", ""smoking"": ""observed"", ""space_for_relationship"": ""not_asked"", ""wants_children"": ""observed"", ""who_to_meet"": ""observed""}","{""acceptable_zones"": 7, ""age_max"": 7, ""age_min"": 7, ""conversations"": 0, ""emotional_availability"": null, ""has_children"": 7, ""lifestyle"": null, ""partner_children"": 7, ""partner_smoking"": 7, ""relationship_goal"": 0, ""relationship_pace"": null, ""relationship_structure"": 7, ""relocate"": null, ""schedule"": 7, ""smoking"": 7, ""space_for_relationship"": null, ""wants_children"": 7, ""who_to_meet"": 7}"
syn_57075763fca69b7e34ab38ec4ef39c2c,public_05,34,woman,zone_a,False,synthetic_questionnaire,True,15,"[""zone_a""]",41,31,stories,,True,,no_children,any,,,monogamous,,"[""weekend_evening"", ""weekend_day"", ""weekday_evening""]",no,,no,"[""man""]",observed,observed,observed,observed,not_asked,observed,not_asked,observed,observed,not_asked,not_asked,observed,not_asked,observed,observed,not_asked,observed,observed,15,15,15,15,,15,,15,15,,,15,,15,15,,15,15,"{""acceptable_zones"": [""zone_a""], ""age_max"": 41, ""age_min"": 31, ""conversations"": ""stories"", ""emotional_availability"": null, ""has_children"": true, ""lifestyle"": null, ""partner_children"": ""no_children"", ""partner_smoking"": ""any"", ""relationship_goal"": null, ""relationship_pace"": null, ""relationship_structure"": ""monogamous"", ""relocate"": null, ""schedule"": [""weekend_evening"", ""weekend_day"", ""weekday_evening""], ""smoking"": ""no"", ""space_for_relationship"": null, ""wants_children"": ""no"", ""who_to_meet"": [""man""]}","{""acceptable_zones"": ""observed"", ""age_max"": ""observed"", ""age_min"": ""observed"", ""conversations"": ""observed"", ""emotional_availability"": ""not_asked"", ""has_children"": ""observed"", ""lifestyle"": ""not_asked"", ""partner_children"": ""observed"", ""partner_smoking"": ""observed"", ""relationship_goal"": ""not_asked"", ""relationship_pace"": ""not_asked"", ""relationship_structure"": ""observed"", ""relocate"": ""not_asked"", ""schedule"": ""observed"", ""smoking"": ""observed"", ""space_for_relationship"": ""not_asked"", ""wants_children"": ""observed"", ""who_to_meet"": ""observed""}","{""acceptable_zones"": 15, ""age_max"": 15, ""age_min"": 15, ""conversations"": 15, ""emotional_availability"": null, ""has_children"": 15, ""lifestyle"": null, ""partner_children"": 15, ""partner_smoking"": 15, ""relationship_goal"": null, ""relationship_pace"": null, ""relationship_structure"": 15, ""relocate"": null, ""schedule"": 15, ""smoking"": 15, ""space_for_relationship"": null, ""wants_children"": 15, ""who_to_meet"": 15}"
syn_244e1b26eaeb6e0a75a82c14c28d7592,public_05,22,man,zone_a,True,synthetic_questionnaire,True,0,"[""zone_a""]",25,18,,,False,,no_children,no_smoking,,,monogamous,,"[""weekend_day""]",no,,no,"[""woman""]",observed,observed,observed,not_asked,not_asked,observed,not_asked,observed,observed,not_asked,not_asked,observed,not_asked,observed,observed,not_asked,observed,observed,8,8,8,,,8,,8,8,,,8,,8,8,,8,8,"{""acceptable_zones"": [""zone_a""], ""age_max"": 25, ""age_min"": 18, ""conversations"": null, ""emotional_availability"": null, ""has_children"": false, ""lifestyle"": null, ""partner_children"": ""no_children"", ""partner_smoking"": ""no_smoking"", ""relationship_goal"": null, ""relationship_pace"": null, ""relationship_structure"": ""monogamous"", ""relocate"": null, ""schedule"": [""weekend_day""], ""smoking"": ""no"", ""space_for_relationship"": null, ""wants_children"": ""no"", ""who_to_meet"": [""woman""]}","{""acceptable_zones"": ""observed"", ""age_max"": ""observed"", ""age_min"": ""observed"", ""conversations"": ""not_asked"", ""emotional_availability"": ""not_asked"", ""has_children"": ""observed"", ""lifestyle"": ""not_asked"", ""partner_children"": ""observed"", ""partner_smoking"": ""observed"", ""relationship_goal"": ""not_asked"", ""relationship_pace"": ""not_asked"", ""relationship_structure"": ""observed"", ""relocate"": ""not_asked"", ""schedule"": ""observed"", ""smoking"": ""observed"", ""space_for_relationship"": ""not_asked"", ""wants_children"": ""observed"", ""who_to_meet"": ""observed""}","{""acceptable_zones"": 8, ""age_max"": 8, ""age_min"": 8, ""conversations"": null, ""emotional_availability"": null, ""has_children"": 8, ""lifestyle"": null, ""partner_children"": 8, ""partner_smoking"": 8, ""relationship_goal"": null, ""relationship_pace"": null, ""relationship_structure"": 8, ""relocate"": null, ""schedule"": 8, ""smoking"": 8, ""space_for_relationship"": null, ""wants_children"": 8, ""who_to_meet"": 8}"
syn_5e078aca27ddafc9705fd96e65a05670,public_05,45,woman,zone_a,False,synthetic_questionnaire,True,14,"[""zone_a""]",53,37,,,False,,any,any,,,monogamous,,"[""weekend_day"", ""weekday_evening""]",yes,,yes,"[""non_binary"", ""woman""]",observed,observed,observed,declined,not_asked,observed,not_asked,observed,observed,not_asked,not_asked,observed,not_asked,observed,observed,not_asked,observed,observed,14,14,14,,,14,,14,14,,,14,,14,14,,14,14,"{""acceptable_zones"": [""zone_a""], ""age_max"": 53, ""age_min"": 37, ""conversations"": null, ""emotional_availability"": null, ""has_children"": false, ""lifestyle"": null, ""partner_children"": ""any"", ""partner_smoking"": ""any"", ""relationship_goal"": null, ""relationship_pace"": null, ""relationship_structure"": ""monogamous"", ""relocate"": null, ""schedule"": [""weekend_day"", ""weekday_evening""], ""smoking"": ""yes"", ""space_for_relationship"": null, ""wants_children"": ""yes"", ""who_to_meet"": [""non_binary"", ""woman""]}","{""acceptable_zones"": ""observed"", ""age_max"": ""observed"", ""age_min"": ""observed"", ""conversations"": ""declined"", ""emotional_availability"": ""not_asked"", ""has_children"": ""observed"", ""lifestyle"": ""not_asked"", ""partner_children"": ""observed"", ""partner_smoking"": ""observed"", ""relationship_goal"": ""not_asked"", ""relationship_pace"": ""not_asked"", ""relationship_structure"": ""observed"", ""relocate"": ""not_asked"", ""schedule"": ""observed"", ""smoking"": ""observed"", ""space_for_relationship"": ""not_asked"", ""wants_children"": ""observed"", ""who_to_meet"": ""observed""}","{""acceptable_zones"": 14, ""age_max"": 14, ""age_min"": 14, ""conversations"": null, ""emotional_availability"": null, ""has_children"": 14, ""lifestyle"": null, ""partner_children"": 14, ""partner_smoking"": 14, ""relationship_goal"": null, ""relationship_pace"": null, ""relationship_structure"": 14, ""relocate"": null, ""schedule"": 14, ""smoking"": 14, ""space_for_relationship"": null, ""wants_children"": 14, ""who_to_meet"": 14}"
syn_3fc8852271d444f92807c672bcf3cbc6,public_05,31,man,zone_b,True,synthetic_questionnaire,True,3,,,,,,,,,,,,,,,,limited,,,not_asked,not_asked,not_asked,not_asked,not_asked,not_asked,not_asked,not_asked,not_asked,not_asked,not_asked,not_asked,not_asked,not_asked,not_asked,observed,declined,not_asked,,,,,,,,,,,,,,,,3,,,"{""acceptable_zones"": null, ""age_max"": null, ""age_min"": null, ""conversations"": null, ""emotional_availability"": null, ""has_children"": null, ""lifestyle"": null, ""partner_children"": null, ""partner_smoking"": null, ""relationship_goal"": null, ""relationship_pace"": null, ""relationship_structure"": null, ""relocate"": null, ""schedule"": null, ""smoking"": null, ""space_for_relationship"": ""limited"", ""wants_children"": null, ""who_to_meet"": null}","{""acceptable_zones"": ""not_asked"", ""age_max"": ""not_asked"", ""age_min"": ""not_asked"", ""conversations"": ""not_asked"", ""emotional_availability"": ""not_asked"", ""has_children"": ""not_asked"", ""lifestyle"": ""not_asked"", ""partner_children"": ""not_asked"", ""partner_smoking"": ""not_asked"", ""relationship_goal"": ""not_asked"", ""relationship_pace"": ""not_asked"", ""relationship_structure"": ""not_asked"", ""relocate"": ""not_asked"", ""schedule"": ""not_asked"", ""smoking"": ""not_asked"", ""space_for_relationship"": ""observed"", ""wants_children"": ""declined"", ""who_to_meet"": ""not_asked""}","{""acceptable_zones"": null, ""age_max"": null, ""age_min"": null, ""conversations"": null, ""emotional_availability"": null, ""has_children"": null, ""lifestyle"": null, ""partner_children"": null, ""partner_smoking"": null, ""relationship_goal"": null, ""relationship_pace"": null, ""relationship_structure"": null, ""relocate"": null, ""schedule"": null, ""smoking"": null, ""space_for_relationship"": 3, ""wants_children"": null, ""who_to_meet"": null}"
syn_bcb4cd3462c6c653b18dbb6457218610,public_05,24,woman,zone_a,True,synthetic_questionnaire,True,12,"[""zone_a""]",27,18,playful,taking_time,False,social,no_children,any,long_term,quick,monogamous,no,"[""weekend_evening"", ""weekend_day""]",no,moderate,unsure,"[""non_binary""]",observed,observed,observed,observed,observed,observed,observed,observed,observed,observed,observed,observed,observed,observed,observed,observed,observed,observed,12,12,12,12,12,12,12,12,12,12,12,12,12,12,12,12,12,12,"{""acceptable_zones"": [""zone_a""], ""age_max"": 27, ""age_min"": 18, ""conversations"": ""playful"", ""emotional_availability"": ""taking_time"", ""has_children"": false, ""lifestyle"": ""social"", ""partner_children"": ""no_children"", ""partner_smoking"": ""any"", ""relationship_goal"": ""long_term"", ""relationship_pace"": ""quick"", ""relationship_structure"": ""monogamous"", ""relocate"": ""no"", ""schedule"": [""weekend_evening"", ""weekend_day""], ""smoking"": ""no"", ""space_for_relationship"": ""moderate"", ""wants_children"": ""unsure"", ""who_to_meet"": [""non_binary""]}","{""acceptable_zones"": ""observed"", ""age_max"": ""observed"", ""age_min"": ""observed"", ""conversations"": ""observed"", ""emotional_availability"": ""observed"", ""has_children"": ""observed"", ""lifestyle"": ""observed"", ""partner_children"": ""observed"", ""partner_smoking"": ""observed"", ""relationship_goal"": ""observed"", ""relationship_pace"": ""observed"", ""relationship_structure"": ""observed"", ""relocate"": ""observed"", ""schedule"": ""observed"", ""smoking"": ""observed"", ""space_for_relationship"": ""observed"", ""wants_children"": ""observed"", ""who_to_meet"": ""observed""}","{""acceptable_zones"": 12, ""age_max"": 12, ""age_min"": 12, ""conversations"": 12, ""emotional_availability"": 12, ""has_children"": 12, ""lifestyle"": 12, ""partner_children"": 12, ""partner_smoking"": 12, ""relationship_goal"": 12, ""relationship_pace"": 12, ""relationship_structure"": 12, ""relocate"": 12, ""schedule"": 12, ""smoking"": 12, ""space_for_relationship"": 12, ""wants_children"": 12, ""who_to_meet"": 12}"
syn_b072fc2d0f0700b3b89b0406d270ffa6,public_05,22,woman,zone_b,True,synthetic_questionnaire,True,0,,26,,,,,,,,,steady,,,,,,,"[""non_binary"", ""man"", ""woman""]",not_asked,observed,not_asked,not_asked,not_asked,not_asked,not_asked,not_asked,not_asked,not_asked,observed,not_asked,not_asked,declined,not_asked,not_asked,not_asked,observed,,0,,,,,,,,,0,,,,,,,0,"{""acceptable_zones"": null, ""age_max"": 26, ""age_min"": null, ""conversations"": null, ""emotional_availability"": null, ""has_children"": null, ""lifestyle"": null, ""partner_children"": null, ""partner_smoking"": null, ""relationship_goal"": null, ""relationship_pace"": ""steady"", ""relationship_structure"": null, ""relocate"": null, ""schedule"": null, ""smoking"": null, ""space_for_relationship"": null, ""wants_children"": null, ""who_to_meet"": [""non_binary"", ""man"", ""woman""]}","{""acceptable_zones"": ""not_asked"", ""age_max"": ""observed"", ""age_min"": ""not_asked"", ""conversations"": ""not_asked"", ""emotional_availability"": ""not_asked"", ""has_children"": ""not_asked"", ""lifestyle"": ""not_asked"", ""partner_children"": ""not_asked"", ""partner_smoking"": ""not_asked"", ""relationship_goal"": ""not_asked"", ""relationship_pace"": ""observed"", ""relationship_structure"": ""not_asked"", ""relocate"": ""not_asked"", ""schedule"": ""declined"", ""smoking"": ""not_asked"", ""space_for_relationship"": ""not_asked"", ""wants_children"": ""not_asked"", ""who_to_meet"": ""observed""}","{""acceptable_zones"": null, ""age_max"": 0, ""age_min"": null, ""conversations"": null, ""emotional_availability"": null, ""has_children"": null, ""lifestyle"": null, ""partner_children"": null, ""partner_smoking"": null, ""relationship_goal"": null, ""relationship_pace"": 0, ""relationship_structure"": null, ""relocate"": null, ""schedule"": null, ""smoking"": null, ""space_for_relationship"": null, ""wants_children"": null, ""who_to_meet"": 0}"
syn_5aada45e2fd45e7bcaece432b6e82445,public_05,34,woman,zone_b,True,synthetic_questionnaire,True,0,,,,,,,,,,,,,unsure,,,limited,,,not_asked,declined,not_asked,not_asked,not_asked,not_asked,not_asked,not_asked,not_asked,not_asked,not_asked,not_asked,observed,not_asked,not_asked,observed,not_asked,not_asked,,,,,,,,,,,,,0,,,0,,,"{""acceptable_zones"": null, ""age_max"": null, ""age_min"": null, ""conversations"": null, ""emotional_availability"": null, ""has_children"": null, ""lifestyle"": null, ""partner_children"": null, ""partner_smoking"": null, ""relationship_goal"": null, ""relationship_pace"": null, ""relationship_structure"": null, ""relocate"": ""unsure"", ""schedule"": null, ""smoking"": null, ""space_for_relationship"": ""limited"", ""wants_children"": null, ""who_to_meet"": null}","{""acceptable_zones"": ""not_asked"", ""age_max"": ""declined"", ""age_min"": ""not_asked"", ""conversations"": ""not_asked"", ""emotional_availability"": ""not_asked"", ""has_children"": ""not_asked"", ""lifestyle"": ""not_asked"", ""partner_children"": ""not_asked"", ""partner_smoking"": ""not_asked"", ""relationship_goal"": ""not_asked"", ""relationship_pace"": ""not_asked"", ""relationship_structure"": ""not_asked"", ""relocate"": ""observed"", ""schedule"": ""not_asked"", ""smoking"": ""not_asked"", ""space_for_relationship"": ""observed"", ""wants_children"": ""not_asked"", ""who_to_meet"": ""not_asked""}","{""acceptable_zones"": null, ""age_max"": null, ""age_min"": null, ""conversations"": null, ""emotional_availability"": null, ""has_children"": null, ""lifestyle"": null, ""partner_children"": null, ""partner_smoking"": null, ""relationship_goal"": null, ""relationship_pace"": null, ""relationship_structure"": null, ""relocate"": 0, ""schedule"": null, ""smoking"": null, ""space_for_relationship"": 0, ""wants_children"": null, ""who_to_meet"": null}"
syn_8d5790972d43a353eb3b88c9438fda87,public_05,22,man,zone_b,True,synthetic_questionnaire,True,0,,,,,,False,,,,,,,,,,,,,not_asked,not_asked,declined,not_asked,not_asked,observed,not_asked,not_asked,declined,not_asked,not_asked,not_asked,not_asked,not_asked,not_asked,not_asked,not_asked,declined,,,,,,0,,,,,,,,,,,,,"{""acceptable_zones"": null, ""age_max"": null, ""age_min"": null, ""conversations"": null, ""emotional_availability"": null, ""has_children"": false, ""lifestyle"": null, ""partner_children"": null, ""partner_smoking"": null, ""relationship_goal"": null, ""relationship_pace"": null, ""relationship_structure"": null, ""relocate"": null, ""schedule"": null, ""smoking"": null, ""space_for_relationship"": null, ""wants_children"": null, ""who_to_meet"": null}","{""acceptable_zones"": ""not_asked"", ""age_max"": ""not_asked"", ""age_min"": ""declined"", ""conversations"": ""not_asked"", ""emotional_availability"": ""not_asked"", ""has_children"": ""observed"", ""lifestyle"": ""not_asked"", ""partner_children"": ""not_asked"", ""partner_smoking"": ""declined"", ""relationship_goal"": ""not_asked"", ""relationship_pace"": ""not_asked"", ""relationship_structure"": ""not_asked"", ""relocate"": ""not_asked"", ""schedule"": ""not_asked"", ""smoking"": ""not_asked"", ""space_for_relationship"": ""not_asked"", ""wants_children"": ""not_asked"", ""who_to_meet"": ""declined""}","{""acceptable_zones"": null, ""age_max"": null, ""age_min"": null, ""conversations"": null, ""emotional_availability"": null, ""has_children"": 0, ""lifestyle"": null, ""partner_children"": null, ""partner_smoking"": null, ""relationship_goal"": null, ""relationship_pace"": null, ""relationship_structure"": null, ""relocate"": null, ""schedule"": null, ""smoking"": null, ""space_for_relationship"": null, ""wants_children"": null, ""who_to_meet"": null}"
syn_a799c85755c403dbcb0fff1d232470ba,public_05,23,non_binary,zone_c,True,synthetic_questionnaire,True,0,"[""zone_c"", ""zone_b""]",29,18,playful,ready,False,quiet,any,any,long_term,steady,monogamous,yes,"[""weekend_day"", ""weekend_evening"", ""weekday_evening""]",no,moderate,unsure,"[""woman""]",observed,observed,observed,observed,observed,observed,observed,observed,observed,observed,observed,observed,observed,observed,observed,observed,observed,observed,0,0,0,0,0,0,0,0,0,0,0,0,0,0,0,0,0,0,"{""acceptable_zones"": [""zone_c"", ""zone_b""], ""age_max"": 29, ""age_min"": 18, ""conversations"": ""playful"", ""emotional_availability"": ""ready"", ""has_children"": false, ""lifestyle"": ""quiet"", ""partner_children"": ""any"", ""partner_smoking"": ""any"", ""relationship_goal"": ""long_term"", ""relationship_pace"": ""steady"", ""relationship_structure"": ""monogamous"", ""relocate"": ""yes"", ""schedule"": [""weekend_day"", ""weekend_evening"", ""weekday_evening""], ""smoking"": ""no"", ""space_for_relationship"": ""moderate"", ""wants_children"": ""unsure"", ""who_to_meet"": [""woman""]}","{""acceptable_zones"": ""observed"", ""age_max"": ""observed"", ""age_min"": ""observed"", ""conversations"": ""observed"", ""emotional_availability"": ""observed"", ""has_children"": ""observed"", ""lifestyle"": ""observed"", ""partner_children"": ""observed"", ""partner_smoking"": ""observed"", ""relationship_goal"": ""observed"", ""relationship_pace"": ""observed"", ""relationship_structure"": ""observed"", ""relocate"": ""observed"", ""schedule"": ""observed"", ""smoking"": ""observed"", ""space_for_relationship"": ""observed"", ""wants_children"": ""observed"", ""who_to_meet"": ""observed""}","{""acceptable_zones"": 0, ""age_max"": 0, ""age_min"": 0, ""conversations"": 0, ""emotional_availability"": 0, ""has_children"": 0, ""lifestyle"": 0, ""partner_children"": 0, ""partner_smoking"": 0, ""relationship_goal"": 0, ""relationship_pace"": 0, ""relationship_structure"": 0, ""relocate"": 0, ""schedule"": 0, ""smoking"": 0, ""space_for_relationship"": 0, ""wants_children"": 0, ""who_to_meet"": 0}"
syn_0e49cd1aa9db30cb54a0f73e08c7d690,public_05,37,woman,zone_b,True,synthetic_questionnaire,True,4,,,,,,,,,no_smoking,long_term,,,,,,ample,,,declined,not_asked,not_asked,not_asked,not_asked,not_asked,not_asked,not_asked,observed,observed,not_asked,not_asked,not_asked,not_asked,not_asked,observed,not_asked,not_asked,,,,,,,,,4,4,,,,,,4,,,"{""acceptable_zones"": null, ""age_max"": null, ""age_min"": null, ""conversations"": null, ""emotional_availability"": null, ""has_children"": null, ""lifestyle"": null, ""partner_children"": null, ""partner_smoking"": ""no_smoking"", ""relationship_goal"": ""long_term"", ""relationship_pace"": null, ""relationship_structure"": null, ""relocate"": null, ""schedule"": null, ""smoking"": null, ""space_for_relationship"": ""ample"", ""wants_children"": null, ""who_to_meet"": null}","{""acceptable_zones"": ""declined"", ""age_max"": ""not_asked"", ""age_min"": ""not_asked"", ""conversations"": ""not_asked"", ""emotional_availability"": ""not_asked"", ""has_children"": ""not_asked"", ""lifestyle"": ""not_asked"", ""partner_children"": ""not_asked"", ""partner_smoking"": ""observed"", ""relationship_goal"": ""observed"", ""relationship_pace"": ""not_asked"", ""relationship_structure"": ""not_asked"", ""relocate"": ""not_asked"", ""schedule"": ""not_asked"", ""smoking"": ""not_asked"", ""space_for_relationship"": ""observed"", ""wants_children"": ""not_asked"", ""who_to_meet"": ""not_asked""}","{""acceptable_zones"": null, ""age_max"": null, ""age_min"": null, ""conversations"": null, ""emotional_availability"": null, ""has_children"": null, ""lifestyle"": null, ""partner_children"": null, ""partner_smoking"": 4, ""relationship_goal"": 4, ""relationship_pace"": null, ""relationship_structure"": null, ""relocate"": null, ""schedule"": null, ""smoking"": null, ""space_for_relationship"": 4, ""wants_children"": null, ""who_to_meet"": null}"
syn_20015b9f913e9730ed42ef967dc1d64e,public_05,38,non_binary,zone_c,True,synthetic_questionnaire,True,0,"[""zone_c""]",44,35,practical,,False,,no_children,no_smoking,,,monogamous,,"[""weekday_evening"", ""weekend_day"", ""weekend_evening""]",occasionally,,no,"[""non_binary"", ""man"", ""woman""]",observed,observed,observed,observed,not_asked,observed,declined,observed,observed,not_asked,not_asked,observed,declined,observed,observed,not_asked,observed,observed,8,8,8,0,,8,,8,8,,,8,,8,8,,8,8,"{""acceptable_zones"": [""zone_c""], ""age_max"": 44, ""age_min"": 35, ""conversations"": ""practical"", ""emotional_availability"": null, ""has_children"": false, ""lifestyle"": null, ""partner_children"": ""no_children"", ""partner_smoking"": ""no_smoking"", ""relationship_goal"": null, ""relationship_pace"": null, ""relationship_structure"": ""monogamous"", ""relocate"": null, ""schedule"": [""weekday_evening"", ""weekend_day"", ""weekend_evening""], ""smoking"": ""occasionally"", ""space_for_relationship"": null, ""wants_children"": ""no"", ""who_to_meet"": [""non_binary"", ""man"", ""woman""]}","{""acceptable_zones"": ""observed"", ""age_max"": ""observed"", ""age_min"": ""observed"", ""conversations"": ""observed"", ""emotional_availability"": ""not_asked"", ""has_children"": ""observed"", ""lifestyle"": ""declined"", ""partner_children"": ""observed"", ""partner_smoking"": ""observed"", ""relationship_goal"": ""not_asked"", ""relationship_pace"": ""not_asked"", ""relationship_structure"": ""observed"", ""relocate"": ""declined"", ""schedule"": ""observed"", ""smoking"": ""observed"", ""space_for_relationship"": ""not_asked"", ""wants_children"": ""observed"", ""who_to_meet"": ""observed""}","{""acceptable_zones"": 8, ""age_max"": 8, ""age_min"": 8, ""conversations"": 0, ""emotional_availability"": null, ""has_children"": 8, ""lifestyle"": null, ""partner_children"": 8, ""partner_smoking"": 8, ""relationship_goal"": null, ""relationship_pace"": null, ""relationship_structure"": 8, ""relocate"": null, ""schedule"": 8, ""smoking"": 8, ""space_for_relationship"": null, ""wants_children"": 8, ""who_to_meet"": 8}"
syn_12cb9eb179cd7526b1a1c5665fbc3d49,public_05,21,woman,zone_a,False,synthetic_questionnaire,True,0,"[""zone_a""]",27,18,stories,ready,False,social,no_children,no_smoking,exploring,slow,non_monogamous,no,"[""weekend_day""]",no,limited,unsure,"[""non_binary"", ""woman"", ""man""]",observed,observed,observed,observed,observed,observed,observed,observed,observed,observed,observed,observed,observed,observed,observed,observed,observed,observed,0,0,0,0,0,0,0,0,0,0,0,0,0,0,0,0,0,0,"{""acceptable_zones"": [""zone_a""], ""age_max"": 27, ""age_min"": 18, ""conversations"": ""stories"", ""emotional_availability"": ""ready"", ""has_children"": false, ""lifestyle"": ""social"", ""partner_children"": ""no_children"", ""partner_smoking"": ""no_smoking"", ""relationship_goal"": ""exploring"", ""relationship_pace"": ""slow"", ""relationship_structure"": ""non_monogamous"", ""relocate"": ""no"", ""schedule"": [""weekend_day""], ""smoking"": ""no"", ""space_for_relationship"": ""limited"", ""wants_children"": ""unsure"", ""who_to_meet"": [""non_binary"", ""woman"", ""man""]}","{""acceptable_zones"": ""observed"", ""age_max"": ""observed"", ""age_min"": ""observed"", ""conversations"": ""observed"", ""emotional_availability"": ""observed"", ""has_children"": ""observed"", ""lifestyle"": ""observed"", ""partner_children"": ""observed"", ""partner_smoking"": ""observed"", ""relationship_goal"": ""observed"", ""relationship_pace"": ""observed"", ""relationship_structure"": ""observed"", ""relocate"": ""observed"", ""schedule"": ""observed"", ""smoking"": ""observed"", ""space_for_relationship"": ""observed"", ""wants_children"": ""observed"", ""who_to_meet"": ""observed""}","{""acceptable_zones"": 0, ""age_max"": 0, ""age_min"": 0, ""conversations"": 0, ""emotional_availability"": 0, ""has_children"": 0, ""lifestyle"": 0, ""partner_children"": 0, ""partner_smoking"": 0, ""relationship_goal"": 0, ""relationship_pace"": 0, ""relationship_structure"": 0, ""relocate"": 0, ""schedule"": 0, ""smoking"": 0, ""space_for_relationship"": 0, ""wants_children"": 0, ""who_to_meet"": 0}"
syn_9b1639c7077b8d46da5a9cfd4b905450,public_05,40,man,zone_a,True,synthetic_questionnaire,True,17,"[""zone_a""]",48,36,stories,ready,False,quiet,no_children,any,exploring,slow,monogamous,unsure,"[""weekday_evening"", ""weekend_evening"", ""weekend_day""]",no,limited,unsure,"[""woman""]",observed,observed,observed,observed,observed,observed,observed,observed,observed,observed,observed,observed,observed,observed,observed,observed,observed,observed,17,17,17,17,17,17,17,17,17,17,17,17,17,17,17,17,17,17,"{""acceptable_zones"": [""zone_a""], ""age_max"": 48, ""age_min"": 36, ""conversations"": ""stories"", ""emotional_availability"": ""ready"", ""has_children"": false, ""lifestyle"": ""quiet"", ""partner_children"": ""no_children"", ""partner_smoking"": ""any"", ""relationship_goal"": ""exploring"", ""relationship_pace"": ""slow"", ""relationship_structure"": ""monogamous"", ""relocate"": ""unsure"", ""schedule"": [""weekday_evening"", ""weekend_evening"", ""weekend_day""], ""smoking"": ""no"", ""space_for_relationship"": ""limited"", ""wants_children"": ""unsure"", ""who_to_meet"": [""woman""]}","{""acceptable_zones"": ""observed"", ""age_max"": ""observed"", ""age_min"": ""observed"", ""conversations"": ""observed"", ""emotional_availability"": ""observed"", ""has_children"": ""observed"", ""lifestyle"": ""observed"", ""partner_children"": ""observed"", ""partner_smoking"": ""observed"", ""relationship_goal"": ""observed"", ""relationship_pace"": ""observed"", ""relationship_structure"": ""observed"", ""relocate"": ""observed"", ""schedule"": ""observed"", ""smoking"": ""observed"", ""space_for_relationship"": ""observed"", ""wants_children"": ""observed"", ""who_to_meet"": ""observed""}","{""acceptable_zones"": 17, ""age_max"": 17, ""age_min"": 17, ""conversations"": 17, ""emotional_availability"": 17, ""has_children"": 17, ""lifestyle"": 17, ""partner_children"": 17, ""partner_smoking"": 17, ""relationship_goal"": 17, ""relationship_pace"": 17, ""relationship_structure"": 17, ""relocate"": 17, ""schedule"": 17, ""smoking"": 17, ""space_for_relationship"": 17, ""wants_children"": 17, ""who_to_meet"": 17}"
syn_e4fa32ba2be23d4aa4199b4515992b51,public_05,42,man,zone_b,True,synthetic_questionnaire,True,1,,,,,,,,,,,,,,,,,,,not_asked,not_asked,not_asked,not_asked,not_asked,not_asked,not_asked,not_asked,not_asked,not_asked,not_asked,not_asked,not_asked,declined,not_asked,not_asked,not_asked,not_asked,,,,,,,,,,,,,,,,,,,"{""acceptable_zones"": null, ""age_max"": null, ""age_min"": null, ""conversations"": null, ""emotional_availability"": null, ""has_children"": null, ""lifestyle"": null, ""partner_children"": null, ""partner_smoking"": null, ""relationship_goal"": null, ""relationship_pace"": null, ""relationship_structure"": null, ""relocate"": null, ""schedule"": null, ""smoking"": null, ""space_for_relationship"": null, ""wants_children"": null, ""who_to_meet"": null}","{""acceptable_zones"": ""not_asked"", ""age_max"": ""not_asked"", ""age_min"": ""not_asked"", ""conversations"": ""not_asked"", ""emotional_availability"": ""not_asked"", ""has_children"": ""not_asked"", ""lifestyle"": ""not_asked"", ""partner_children"": ""not_asked"", ""partner_smoking"": ""not_asked"", ""relationship_goal"": ""not_asked"", ""relationship_pace"": ""not_asked"", ""relationship_structure"": ""not_asked"", ""relocate"": ""not_asked"", ""schedule"": ""declined"", ""smoking"": ""not_asked"", ""space_for_relationship"": ""not_asked"", ""wants_children"": ""not_asked"", ""who_to_meet"": ""not_asked""}","{""acceptable_zones"": null, ""age_max"": null, ""age_min"": null, ""conversations"": null, ""emotional_availability"": null, ""has_children"": null, ""lifestyle"": null, ""partner_children"": null, ""partner_smoking"": null, ""relationship_goal"": null, ""relationship_pace"": null, ""relationship_structure"": null, ""relocate"": null, ""schedule"": null, ""smoking"": null, ""space_for_relationship"": null, ""wants_children"": null, ""who_to_meet"": null}"
syn_d29a6278d743d319fb1a21038c35e709,public_05,45,woman,zone_a,True,synthetic_questionnaire,True,0,"[""zone_a""]",53,35,playful,ready,True,quiet,any,no_smoking,exploring,slow,monogamous,no,"[""weekday_evening"", ""weekend_evening"", ""weekend_day""]",occasionally,ample,no,"[""man""]",observed,observed,observed,observed,observed,observed,observed,observed,observed,observed,observed,observed,observed,observed,observed,observed,observed,observed,0,0,0,0,0,0,0,0,0,0,0,0,0,0,0,0,0,0,"{""acceptable_zones"": [""zone_a""], ""age_max"": 53, ""age_min"": 35, ""conversations"": ""playful"", ""emotional_availability"": ""ready"", ""has_children"": true, ""lifestyle"": ""quiet"", ""partner_children"": ""any"", ""partner_smoking"": ""no_smoking"", ""relationship_goal"": ""exploring"", ""relationship_pace"": ""slow"", ""relationship_structure"": ""monogamous"", ""relocate"": ""no"", ""schedule"": [""weekday_evening"", ""weekend_evening"", ""weekend_day""], ""smoking"": ""occasionally"", ""space_for_relationship"": ""ample"", ""wants_children"": ""no"", ""who_to_meet"": [""man""]}","{""acceptable_zones"": ""observed"", ""age_max"": ""observed"", ""age_min"": ""observed"", ""conversations"": ""observed"", ""emotional_availability"": ""observed"", ""has_children"": ""observed"", ""lifestyle"": ""observed"", ""partner_children"": ""observed"", ""partner_smoking"": ""observed"", ""relationship_goal"": ""observed"", ""relationship_pace"": ""observed"", ""relationship_structure"": ""observed"", ""relocate"": ""observed"", ""schedule"": ""observed"", ""smoking"": ""observed"", ""space_for_relationship"": ""observed"", ""wants_children"": ""observed"", ""who_to_meet"": ""observed""}","{""acceptable_zones"": 0, ""age_max"": 0, ""age_min"": 0, ""conversations"": 0, ""emotional_availability"": 0, ""has_children"": 0, ""lifestyle"": 0, ""partner_children"": 0, ""partner_smoking"": 0, ""relationship_goal"": 0, ""relationship_pace"": 0, ""relationship_structure"": 0, ""relocate"": 0, ""schedule"": 0, ""smoking"": 0, ""space_for_relationship"": 0, ""wants_children"": 0, ""who_to_meet"": 0}"
syn_ea8329bfa41c9122f997b0665abb1eef,public_05,42,man,zone_b,True,synthetic_questionnaire,True,0,"[""zone_b""]",45,36,practical,ready,False,mixed,no_children,no_smoking,exploring,quick,monogamous,yes,"[""weekend_evening""]",no,limited,unsure,"[""man""]",observed,observed,observed,observed,observed,observed,observed,observed,observed,observed,observed,observed,observed,observed,observed,observed,observed,observed,0,0,0,0,0,0,0,0,0,0,0,0,0,0,0,0,0,0,"{""acceptable_zones"": [""zone_b""], ""age_max"": 45, ""age_min"": 36, ""conversations"": ""practical"", ""emotional_availability"": ""ready"", ""has_children"": false, ""lifestyle"": ""mixed"", ""partner_children"": ""no_children"", ""partner_smoking"": ""no_smoking"", ""relationship_goal"": ""exploring"", ""relationship_pace"": ""quick"", ""relationship_structure"": ""monogamous"", ""relocate"": ""yes"", ""schedule"": [""weekend_evening""], ""smoking"": ""no"", ""space_for_relationship"": ""limited"", ""wants_children"": ""unsure"", ""who_to_meet"": [""man""]}","{""acceptable_zones"": ""observed"", ""age_max"": ""observed"", ""age_min"": ""observed"", ""conversations"": ""observed"", ""emotional_availability"": ""observed"", ""has_children"": ""observed"", ""lifestyle"": ""observed"", ""partner_children"": ""observed"", ""partner_smoking"": ""observed"", ""relationship_goal"": ""observed"", ""relationship_pace"": ""observed"", ""relationship_structure"": ""observed"", ""relocate"": ""observed"", ""schedule"": ""observed"", ""smoking"": ""observed"", ""space_for_relationship"": ""observed"", ""wants_children"": ""observed"", ""who_to_meet"": ""observed""}","{""acceptable_zones"": 0, ""age_max"": 0, ""age_min"": 0, ""conversations"": 0, ""emotional_availability"": 0, ""has_children"": 0, ""lifestyle"": 0, ""partner_children"": 0, ""partner_smoking"": 0, ""relationship_goal"": 0, ""relationship_pace"": 0, ""relationship_structure"": 0, ""relocate"": 0, ""schedule"": 0, ""smoking"": 0, ""space_for_relationship"": 0, ""wants_children"": 0, ""who_to_meet"": 0}"
syn_33a874246d1c42f461268e0b51ba3a46,public_05,41,man,zone_a,True,synthetic_questionnaire,True,0,,,,,,,,,,,,,,,,,,,not_asked,not_asked,not_asked,not_asked,not_asked,not_asked,not_asked,not_asked,not_asked,not_asked,not_asked,not_asked,not_asked,not_asked,not_asked,not_asked,not_asked,declined,,,,,,,,,,,,,,,,,,,"{""acceptable_zones"": null, ""age_max"": null, ""age_min"": null, ""conversations"": null, ""emotional_availability"": null, ""has_children"": null, ""lifestyle"": null, ""partner_children"": null, ""partner_smoking"": null, ""relationship_goal"": null, ""relationship_pace"": null, ""relationship_structure"": null, ""relocate"": null, ""schedule"": null, ""smoking"": null, ""space_for_relationship"": null, ""wants_children"": null, ""who_to_meet"": null}","{""acceptable_zones"": ""not_asked"", ""age_max"": ""not_asked"", ""age_min"": ""not_asked"", ""conversations"": ""not_asked"", ""emotional_availability"": ""not_asked"", ""has_children"": ""not_asked"", ""lifestyle"": ""not_asked"", ""partner_children"": ""not_asked"", ""partner_smoking"": ""not_asked"", ""relationship_goal"": ""not_asked"", ""relationship_pace"": ""not_asked"", ""relationship_structure"": ""not_asked"", ""relocate"": ""not_asked"", ""schedule"": ""not_asked"", ""smoking"": ""not_asked"", ""space_for_relationship"": ""not_asked"", ""wants_children"": ""not_asked"", ""who_to_meet"": ""declined""}","{""acceptable_zones"": null, ""age_max"": null, ""age_min"": null, ""conversations"": null, ""emotional_availability"": null, ""has_children"": null, ""lifestyle"": null, ""partner_children"": null, ""partner_smoking"": null, ""relationship_goal"": null, ""relationship_pace"": null, ""relationship_structure"": null, ""relocate"": null, ""schedule"": null, ""smoking"": null, ""space_for_relationship"": null, ""wants_children"": null, ""who_to_meet"": null}"
syn_15fab56ae17aaa80819945470ce4ae6b,public_05,36,man,zone_d,True,synthetic_questionnaire,True,5,"[""zone_d""]",40,32,stories,ready,True,social,any,no_smoking,long_term,slow,monogamous,yes,"[""weekend_evening"", ""weekend_day""]",no,ample,yes,"[""man""]",observed,observed,observed,observed,observed,observed,observed,observed,observed,observed,observed,observed,observed,observed,observed,observed,observed,observed,5,5,5,5,5,5,5,5,5,5,5,5,5,5,5,5,5,5,"{""acceptable_zones"": [""zone_d""], ""age_max"": 40, ""age_min"": 32, ""conversations"": ""stories"", ""emotional_availability"": ""ready"", ""has_children"": true, ""lifestyle"": ""social"", ""partner_children"": ""any"", ""partner_smoking"": ""no_smoking"", ""relationship_goal"": ""long_term"", ""relationship_pace"": ""slow"", ""relationship_structure"": ""monogamous"", ""relocate"": ""yes"", ""schedule"": [""weekend_evening"", ""weekend_day""], ""smoking"": ""no"", ""space_for_relationship"": ""ample"", ""wants_children"": ""yes"", ""who_to_meet"": [""man""]}","{""acceptable_zones"": ""observed"", ""age_max"": ""observed"", ""age_min"": ""observed"", ""conversations"": ""observed"", ""emotional_availability"": ""observed"", ""has_children"": ""observed"", ""lifestyle"": ""observed"", ""partner_children"": ""observed"", ""partner_smoking"": ""observed"", ""relationship_goal"": ""observed"", ""relationship_pace"": ""observed"", ""relationship_structure"": ""observed"", ""relocate"": ""observed"", ""schedule"": ""observed"", ""smoking"": ""observed"", ""space_for_relationship"": ""observed"", ""wants_children"": ""observed"", ""who_to_meet"": ""observed""}","{""acceptable_zones"": 5, ""age_max"": 5, ""age_min"": 5, ""conversations"": 5, ""emotional_availability"": 5, ""has_children"": 5, ""lifestyle"": 5, ""partner_children"": 5, ""partner_smoking"": 5, ""relationship_goal"": 5, ""relationship_pace"": 5, ""relationship_structure"": 5, ""relocate"": 5, ""schedule"": 5, ""smoking"": 5, ""space_for_relationship"": 5, ""wants_children"": 5, ""who_to_meet"": 5}"
syn_491d2caa03074de80577fcadbbb7619c,public_05,31,man,zone_a,True,synthetic_questionnaire,True,0,"[""zone_a""]",36,26,playful,taking_time,False,quiet,no_children,any,long_term,slow,monogamous,unsure,"[""weekday_evening"", ""weekend_evening"", ""weekend_day""]",no,moderate,unsure,"[""non_binary""]",observed,observed,observed,observed,observed,observed,observed,observed,observed,observed,observed,observed,observed,observed,observed,observed,observed,observed,0,0,0,0,0,0,0,0,0,0,0,0,0,0,0,0,0,0,"{""acceptable_zones"": [""zone_a""], ""age_max"": 36, ""age_min"": 26, ""conversations"": ""playful"", ""emotional_availability"": ""taking_time"", ""has_children"": false, ""lifestyle"": ""quiet"", ""partner_children"": ""no_children"", ""partner_smoking"": ""any"", ""relationship_goal"": ""long_term"", ""relationship_pace"": ""slow"", ""relationship_structure"": ""monogamous"", ""relocate"": ""unsure"", ""schedule"": [""weekday_evening"", ""weekend_evening"", ""weekend_day""], ""smoking"": ""no"", ""space_for_relationship"": ""moderate"", ""wants_children"": ""unsure"", ""who_to_meet"": [""non_binary""]}","{""acceptable_zones"": ""observed"", ""age_max"": ""observed"", ""age_min"": ""observed"", ""conversations"": ""observed"", ""emotional_availability"": ""observed"", ""has_children"": ""observed"", ""lifestyle"": ""observed"", ""partner_children"": ""observed"", ""partner_smoking"": ""observed"", ""relationship_goal"": ""observed"", ""relationship_pace"": ""observed"", ""relationship_structure"": ""observed"", ""relocate"": ""observed"", ""schedule"": ""observed"", ""smoking"": ""observed"", ""space_for_relationship"": ""observed"", ""wants_children"": ""observed"", ""who_to_meet"": ""observed""}","{""acceptable_zones"": 0, ""age_max"": 0, ""age_min"": 0, ""conversations"": 0, ""emotional_availability"": 0, ""has_children"": 0, ""lifestyle"": 0, ""partner_children"": 0, ""partner_smoking"": 0, ""relationship_goal"": 0, ""relationship_pace"": 0, ""relationship_structure"": 0, ""relocate"": 0, ""schedule"": 0, ""smoking"": 0, ""space_for_relationship"": 0, ""wants_children"": 0, ""who_to_meet"": 0}"
syn_4e4f8a89ffdf53a7a00e056676176947,public_05,25,woman,zone_b,True,synthetic_questionnaire,True,0,"[""zone_b""]",34,22,,,False,,any,any,,,monogamous,,"[""weekend_day"", ""weekend_evening""]",no,,yes,"[""woman"", ""man"", ""non_binary""]",observed,observed,observed,not_asked,not_asked,observed,not_asked,observed,observed,not_asked,not_asked,observed,not_asked,observed,observed,not_asked,observed,observed,8,8,8,,,8,,8,8,,,8,,8,8,,8,8,"{""acceptable_zones"": [""zone_b""], ""age_max"": 34, ""age_min"": 22, ""conversations"": null, ""emotional_availability"": null, ""has_children"": false, ""lifestyle"": null, ""partner_children"": ""any"", ""partner_smoking"": ""any"", ""relationship_goal"": null, ""relationship_pace"": null, ""relationship_structure"": ""monogamous"", ""relocate"": null, ""schedule"": [""weekend_day"", ""weekend_evening""], ""smoking"": ""no"", ""space_for_relationship"": null, ""wants_children"": ""yes"", ""who_to_meet"": [""woman"", ""man"", ""non_binary""]}","{""acceptable_zones"": ""observed"", ""age_max"": ""observed"", ""age_min"": ""observed"", ""conversations"": ""not_asked"", ""emotional_availability"": ""not_asked"", ""has_children"": ""observed"", ""lifestyle"": ""not_asked"", ""partner_children"": ""observed"", ""partner_smoking"": ""observed"", ""relationship_goal"": ""not_asked"", ""relationship_pace"": ""not_asked"", ""relationship_structure"": ""observed"", ""relocate"": ""not_asked"", ""schedule"": ""observed"", ""smoking"": ""observed"", ""space_for_relationship"": ""not_asked"", ""wants_children"": ""observed"", ""who_to_meet"": ""observed""}","{""acceptable_zones"": 8, ""age_max"": 8, ""age_min"": 8, ""conversations"": null, ""emotional_availability"": null, ""has_children"": 8, ""lifestyle"": null, ""partner_children"": 8, ""partner_smoking"": 8, ""relationship_goal"": null, ""relationship_pace"": null, ""relationship_structure"": 8, ""relocate"": null, ""schedule"": 8, ""smoking"": 8, ""space_for_relationship"": null, ""wants_children"": 8, ""who_to_meet"": 8}"
syn_8c121bc9f96109b6f1c9ea42561f5822,public_05,27,man,zone_b,True,synthetic_questionnaire,True,0,,,,,,,,any,,,,,,"[""weekend_evening"", ""weekend_day""]",,,,"[""woman""]",not_asked,not_asked,not_asked,not_asked,not_asked,declined,not_asked,observed,not_asked,not_asked,not_asked,not_asked,not_asked,observed,not_asked,not_asked,not_asked,observed,,,,,,,,0,,,,,,0,,,,0,"{""acceptable_zones"": null, ""age_max"": null, ""age_min"": null, ""conversations"": null, ""emotional_availability"": null, ""has_children"": null, ""lifestyle"": null, ""partner_children"": ""any"", ""partner_smoking"": null, ""relationship_goal"": null, ""relationship_pace"": null, ""relationship_structure"": null, ""relocate"": null, ""schedule"": [""weekend_evening"", ""weekend_day""], ""smoking"": null, ""space_for_relationship"": null, ""wants_children"": null, ""who_to_meet"": [""woman""]}","{""acceptable_zones"": ""not_asked"", ""age_max"": ""not_asked"", ""age_min"": ""not_asked"", ""conversations"": ""not_asked"", ""emotional_availability"": ""not_asked"", ""has_children"": ""declined"", ""lifestyle"": ""not_asked"", ""partner_children"": ""observed"", ""partner_smoking"": ""not_asked"", ""relationship_goal"": ""not_asked"", ""relationship_pace"": ""not_asked"", ""relationship_structure"": ""not_asked"", ""relocate"": ""not_asked"", ""schedule"": ""observed"", ""smoking"": ""not_asked"", ""space_for_relationship"": ""not_asked"", ""wants_children"": ""not_asked"", ""who_to_meet"": ""observed""}","{""acceptable_zones"": null, ""age_max"": null, ""age_min"": null, ""conversations"": null, ""emotional_availability"": null, ""has_children"": null, ""lifestyle"": null, ""partner_children"": 0, ""partner_smoking"": null, ""relationship_goal"": null, ""relationship_pace"": null, ""relationship_structure"": null, ""relocate"": null, ""schedule"": 0, ""smoking"": null, ""space_for_relationship"": null, ""wants_children"": null, ""who_to_meet"": 0}"
syn_85f03f87b222e44daa51ab7a6180a914,public_05,35,man,zone_b,True,synthetic_questionnaire,True,18,,38,,stories,,,,,no_smoking,,,,,,,,,,not_asked,observed,not_asked,observed,not_asked,not_asked,not_asked,not_asked,observed,not_asked,not_asked,declined,not_asked,not_asked,not_asked,not_asked,not_asked,not_asked,,18,,18,,,,,18,,,,,,,,,,"{""acceptable_zones"": null, ""age_max"": 38, ""age_min"": null, ""conversations"": ""stories"", ""emotional_availability"": null, ""has_children"": null, ""lifestyle"": null, ""partner_children"": null, ""partner_smoking"": ""no_smoking"", ""relationship_goal"": null, ""relationship_pace"": null, ""relationship_structure"": null, ""relocate"": null, ""schedule"": null, ""smoking"": null, ""space_for_relationship"": null, ""wants_children"": null, ""who_to_meet"": null}","{""acceptable_zones"": ""not_asked"", ""age_max"": ""observed"", ""age_min"": ""not_asked"", ""conversations"": ""observed"", ""emotional_availability"": ""not_asked"", ""has_children"": ""not_asked"", ""lifestyle"": ""not_asked"", ""partner_children"": ""not_asked"", ""partner_smoking"": ""observed"", ""relationship_goal"": ""not_asked"", ""relationship_pace"": ""not_asked"", ""relationship_structure"": ""declined"", ""relocate"": ""not_asked"", ""schedule"": ""not_asked"", ""smoking"": ""not_asked"", ""space_for_relationship"": ""not_asked"", ""wants_children"": ""not_asked"", ""who_to_meet"": ""not_asked""}","{""acceptable_zones"": null, ""age_max"": 18, ""age_min"": null, ""conversations"": 18, ""emotional_availability"": null, ""has_children"": null, ""lifestyle"": null, ""partner_children"": null, ""partner_smoking"": 18, ""relationship_goal"": null, ""relationship_pace"": null, ""relationship_structure"": null, ""relocate"": null, ""schedule"": null, ""smoking"": null, ""space_for_relationship"": null, ""wants_children"": null, ""who_to_meet"": null}"
syn_7922fb0452da1d8695d6db5d04792f6e,public_05,21,woman,zone_a,True,synthetic_questionnaire,True,0,,,,,,,,,,,,,,,,,,,declined,not_asked,not_asked,not_asked,not_asked,not_asked,not_asked,not_asked,declined,not_asked,not_asked,not_asked,not_asked,not_asked,not_asked,declined,not_asked,not_asked,,,,,,,,,,,,,,,,,,,"{""acceptable_zones"": null, ""age_max"": null, ""age_min"": null, ""conversations"": null, ""emotional_availability"": null, ""has_children"": null, ""lifestyle"": null, ""partner_children"": null, ""partner_smoking"": null, ""relationship_goal"": null, ""relationship_pace"": null, ""relationship_structure"": null, ""relocate"": null, ""schedule"": null, ""smoking"": null, ""space_for_relationship"": null, ""wants_children"": null, ""who_to_meet"": null}","{""acceptable_zones"": ""declined"", ""age_max"": ""not_asked"", ""age_min"": ""not_asked"", ""conversations"": ""not_asked"", ""emotional_availability"": ""not_asked"", ""has_children"": ""not_asked"", ""lifestyle"": ""not_asked"", ""partner_children"": ""not_asked"", ""partner_smoking"": ""declined"", ""relationship_goal"": ""not_asked"", ""relationship_pace"": ""not_asked"", ""relationship_structure"": ""not_asked"", ""relocate"": ""not_asked"", ""schedule"": ""not_asked"", ""smoking"": ""not_asked"", ""space_for_relationship"": ""declined"", ""wants_children"": ""not_asked"", ""who_to_meet"": ""not_asked""}","{""acceptable_zones"": null, ""age_max"": null, ""age_min"": null, ""conversations"": null, ""emotional_availability"": null, ""has_children"": null, ""lifestyle"": null, ""partner_children"": null, ""partner_smoking"": null, ""relationship_goal"": null, ""relationship_pace"": null, ""relationship_structure"": null, ""relocate"": null, ""schedule"": null, ""smoking"": null, ""space_for_relationship"": null, ""wants_children"": null, ""who_to_meet"": null}"
syn_a6346867188be48c086974c8aa3d5967,public_05,35,man,zone_a,False,synthetic_questionnaire,True,0,"[""zone_a""]",40,26,,,True,,no_children,any,,,monogamous,,"[""weekday_evening"", ""weekend_day"", ""weekend_evening""]",no,limited,yes,"[""man""]",observed,observed,observed,declined,not_asked,observed,not_asked,observed,observed,not_asked,not_asked,observed,not_asked,observed,observed,observed,observed,observed,9,9,9,,,9,,9,9,,,9,,9,9,0,9,9,"{""acceptable_zones"": [""zone_a""], ""age_max"": 40, ""age_min"": 26, ""conversations"": null, ""emotional_availability"": null, ""has_children"": true, ""lifestyle"": null, ""partner_children"": ""no_children"", ""partner_smoking"": ""any"", ""relationship_goal"": null, ""relationship_pace"": null, ""relationship_structure"": ""monogamous"", ""relocate"": null, ""schedule"": [""weekday_evening"", ""weekend_day"", ""weekend_evening""], ""smoking"": ""no"", ""space_for_relationship"": ""limited"", ""wants_children"": ""yes"", ""who_to_meet"": [""man""]}","{""acceptable_zones"": ""observed"", ""age_max"": ""observed"", ""age_min"": ""observed"", ""conversations"": ""declined"", ""emotional_availability"": ""not_asked"", ""has_children"": ""observed"", ""lifestyle"": ""not_asked"", ""partner_children"": ""observed"", ""partner_smoking"": ""observed"", ""relationship_goal"": ""not_asked"", ""relationship_pace"": ""not_asked"", ""relationship_structure"": ""observed"", ""relocate"": ""not_asked"", ""schedule"": ""observed"", ""smoking"": ""observed"", ""space_for_relationship"": ""observed"", ""wants_children"": ""observed"", ""who_to_meet"": ""observed""}","{""acceptable_zones"": 9, ""age_max"": 9, ""age_min"": 9, ""conversations"": null, ""emotional_availability"": null, ""has_children"": 9, ""lifestyle"": null, ""partner_children"": 9, ""partner_smoking"": 9, ""relationship_goal"": null, ""relationship_pace"": null, ""relationship_structure"": 9, ""relocate"": null, ""schedule"": 9, ""smoking"": 9, ""space_for_relationship"": 0, ""wants_children"": 9, ""who_to_meet"": 9}"
syn_7e4f49ce22a2dc79ca61ba0bc89f0f82,public_05,34,woman,zone_c,True,synthetic_questionnaire,True,0,"[""zone_c""]",41,26,ideas,taking_time,False,quiet,any,no_smoking,exploring,steady,monogamous,unsure,"[""weekday_evening"", ""weekend_day"", ""weekend_evening""]",occasionally,moderate,yes,"[""woman"", ""man""]",observed,observed,observed,observed,observed,observed,observed,observed,observed,observed,observed,observed,observed,observed,observed,observed,observed,observed,0,0,0,0,0,0,0,0,0,0,0,0,0,0,0,0,0,0,"{""acceptable_zones"": [""zone_c""], ""age_max"": 41, ""age_min"": 26, ""conversations"": ""ideas"", ""emotional_availability"": ""taking_time"", ""has_children"": false, ""lifestyle"": ""quiet"", ""partner_children"": ""any"", ""partner_smoking"": ""no_smoking"", ""relationship_goal"": ""exploring"", ""relationship_pace"": ""steady"", ""relationship_structure"": ""monogamous"", ""relocate"": ""unsure"", ""schedule"": [""weekday_evening"", ""weekend_day"", ""weekend_evening""], ""smoking"": ""occasionally"", ""space_for_relationship"": ""moderate"", ""wants_children"": ""yes"", ""who_to_meet"": [""woman"", ""man""]}","{""acceptable_zones"": ""observed"", ""age_max"": ""observed"", ""age_min"": ""observed"", ""conversations"": ""observed"", ""emotional_availability"": ""observed"", ""has_children"": ""observed"", ""lifestyle"": ""observed"", ""partner_children"": ""observed"", ""partner_smoking"": ""observed"", ""relationship_goal"": ""observed"", ""relationship_pace"": ""observed"", ""relationship_structure"": ""observed"", ""relocate"": ""observed"", ""schedule"": ""observed"", ""smoking"": ""observed"", ""space_for_relationship"": ""observed"", ""wants_children"": ""observed"", ""who_to_meet"": ""observed""}","{""acceptable_zones"": 0, ""age_max"": 0, ""age_min"": 0, ""conversations"": 0, ""emotional_availability"": 0, ""has_children"": 0, ""lifestyle"": 0, ""partner_children"": 0, ""partner_smoking"": 0, ""relationship_goal"": 0, ""relationship_pace"": 0, ""relationship_structure"": 0, ""relocate"": 0, ""schedule"": 0, ""smoking"": 0, ""space_for_relationship"": 0, ""wants_children"": 0, ""who_to_meet"": 0}"
syn_8764c010aa61f8a9ccfb46ff1fa0b580,public_05,32,woman,zone_b,False,synthetic_questionnaire,True,0,"[""zone_b""]",38,23,ideas,,False,,any,no_smoking,,,monogamous,,"[""weekend_evening""]",occasionally,,yes,"[""woman""]",observed,observed,observed,observed,not_asked,observed,not_asked,observed,observed,not_asked,declined,observed,declined,observed,observed,not_asked,observed,observed,9,9,9,0,,9,,9,9,,,9,,9,9,,9,9,"{""acceptable_zones"": [""zone_b""], ""age_max"": 38, ""age_min"": 23, ""conversations"": ""ideas"", ""emotional_availability"": null, ""has_children"": false, ""lifestyle"": null, ""partner_children"": ""any"", ""partner_smoking"": ""no_smoking"", ""relationship_goal"": null, ""relationship_pace"": null, ""relationship_structure"": ""monogamous"", ""relocate"": null, ""schedule"": [""weekend_evening""], ""smoking"": ""occasionally"", ""space_for_relationship"": null, ""wants_children"": ""yes"", ""who_to_meet"": [""woman""]}","{""acceptable_zones"": ""observed"", ""age_max"": ""observed"", ""age_min"": ""observed"", ""conversations"": ""observed"", ""emotional_availability"": ""not_asked"", ""has_children"": ""observed"", ""lifestyle"": ""not_asked"", ""partner_children"": ""observed"", ""partner_smoking"": ""observed"", ""relationship_goal"": ""not_asked"", ""relationship_pace"": ""declined"", ""relationship_structure"": ""observed"", ""relocate"": ""declined"", ""schedule"": ""observed"", ""smoking"": ""observed"", ""space_for_relationship"": ""not_asked"", ""wants_children"": ""observed"", ""who_to_meet"": ""observed""}","{""acceptable_zones"": 9, ""age_max"": 9, ""age_min"": 9, ""conversations"": 0, ""emotional_availability"": null, ""has_children"": 9, ""lifestyle"": null, ""partner_children"": 9, ""partner_smoking"": 9, ""relationship_goal"": null, ""relationship_pace"": null, ""relationship_structure"": 9, ""relocate"": null, ""schedule"": 9, ""smoking"": 9, ""space_for_relationship"": null, ""wants_children"": 9, ""who_to_meet"": 9}"
syn_726b7c8ef6aa864e6a4eb70627ee3621,public_05,21,man,zone_a,True,synthetic_questionnaire,True,0,,,,stories,,,,,,,,,,,,,,,not_asked,not_asked,not_asked,observed,not_asked,not_asked,not_asked,not_asked,not_asked,not_asked,not_asked,declined,not_asked,not_asked,not_asked,not_asked,not_asked,not_asked,,,,0,,,,,,,,,,,,,,,"{""acceptable_zones"": null, ""age_max"": null, ""age_min"": null, ""conversations"": ""stories"", ""emotional_availability"": null, ""has_children"": null, ""lifestyle"": null, ""partner_children"": null, ""partner_smoking"": null, ""relationship_goal"": null, ""relationship_pace"": null, ""relationship_structure"": null, ""relocate"": null, ""schedule"": null, ""smoking"": null, ""space_for_relationship"": null, ""wants_children"": null, ""who_to_meet"": null}","{""acceptable_zones"": ""not_asked"", ""age_max"": ""not_asked"", ""age_min"": ""not_asked"", ""conversations"": ""observed"", ""emotional_availability"": ""not_asked"", ""has_children"": ""not_asked"", ""lifestyle"": ""not_asked"", ""partner_children"": ""not_asked"", ""partner_smoking"": ""not_asked"", ""relationship_goal"": ""not_asked"", ""relationship_pace"": ""not_asked"", ""relationship_structure"": ""declined"", ""relocate"": ""not_asked"", ""schedule"": ""not_asked"", ""smoking"": ""not_asked"", ""space_for_relationship"": ""not_asked"", ""wants_children"": ""not_asked"", ""who_to_meet"": ""not_asked""}","{""acceptable_zones"": null, ""age_max"": null, ""age_min"": null, ""conversations"": 0, ""emotional_availability"": null, ""has_children"": null, ""lifestyle"": null, ""partner_children"": null, ""partner_smoking"": null, ""relationship_goal"": null, ""relationship_pace"": null, ""relationship_structure"": null, ""relocate"": null, ""schedule"": null, ""smoking"": null, ""space_for_relationship"": null, ""wants_children"": null, ""who_to_meet"": null}"
syn_18f7e35ae85cc3edebfa8a1d77eaddab,public_05,27,man,zone_a,False,synthetic_questionnaire,True,0,"[""zone_a""]",30,19,ideas,ready,False,social,any,any,exploring,steady,monogamous,yes,"[""weekend_day"", ""weekend_evening""]",no,limited,unsure,"[""man"", ""woman""]",observed,observed,observed,observed,observed,observed,observed,observed,observed,observed,observed,observed,observed,observed,observed,observed,observed,observed,0,0,0,0,0,0,0,0,0,0,0,0,0,0,0,0,0,0,"{""acceptable_zones"": [""zone_a""], ""age_max"": 30, ""age_min"": 19, ""conversations"": ""ideas"", ""emotional_availability"": ""ready"", ""has_children"": false, ""lifestyle"": ""social"", ""partner_children"": ""any"", ""partner_smoking"": ""any"", ""relationship_goal"": ""exploring"", ""relationship_pace"": ""steady"", ""relationship_structure"": ""monogamous"", ""relocate"": ""yes"", ""schedule"": [""weekend_day"", ""weekend_evening""], ""smoking"": ""no"", ""space_for_relationship"": ""limited"", ""wants_children"": ""unsure"", ""who_to_meet"": [""man"", ""woman""]}","{""acceptable_zones"": ""observed"", ""age_max"": ""observed"", ""age_min"": ""observed"", ""conversations"": ""observed"", ""emotional_availability"": ""observed"", ""has_children"": ""observed"", ""lifestyle"": ""observed"", ""partner_children"": ""observed"", ""partner_smoking"": ""observed"", ""relationship_goal"": ""observed"", ""relationship_pace"": ""observed"", ""relationship_structure"": ""observed"", ""relocate"": ""observed"", ""schedule"": ""observed"", ""smoking"": ""observed"", ""space_for_relationship"": ""observed"", ""wants_children"": ""observed"", ""who_to_meet"": ""observed""}","{""acceptable_zones"": 0, ""age_max"": 0, ""age_min"": 0, ""conversations"": 0, ""emotional_availability"": 0, ""has_children"": 0, ""lifestyle"": 0, ""partner_children"": 0, ""partner_smoking"": 0, ""relationship_goal"": 0, ""relationship_pace"": 0, ""relationship_structure"": 0, ""relocate"": 0, ""schedule"": 0, ""smoking"": 0, ""space_for_relationship"": 0, ""wants_children"": 0, ""who_to_meet"": 0}"
syn_4687a28a79af9d8525305f458b2ec26d,public_05,46,woman,zone_a,True,synthetic_questionnaire,True,0,"[""zone_a""]",52,42,ideas,ready,False,mixed,any,no_smoking,exploring,slow,monogamous,unsure,"[""weekend_evening"", ""weekend_day""]",yes,moderate,yes,"[""man"", ""woman"", ""non_binary""]",observed,observed,observed,observed,observed,observed,observed,observed,observed,observed,observed,observed,observed,observed,observed,observed,observed,observed,0,0,0,0,0,0,0,0,0,0,0,0,0,0,0,0,0,0,"{""acceptable_zones"": [""zone_a""], ""age_max"": 52, ""age_min"": 42, ""conversations"": ""ideas"", ""emotional_availability"": ""ready"", ""has_children"": false, ""lifestyle"": ""mixed"", ""partner_children"": ""any"", ""partner_smoking"": ""no_smoking"", ""relationship_goal"": ""exploring"", ""relationship_pace"": ""slow"", ""relationship_structure"": ""monogamous"", ""relocate"": ""unsure"", ""schedule"": [""weekend_evening"", ""weekend_day""], ""smoking"": ""yes"", ""space_for_relationship"": ""moderate"", ""wants_children"": ""yes"", ""who_to_meet"": [""man"", ""woman"", ""non_binary""]}","{""acceptable_zones"": ""observed"", ""age_max"": ""observed"", ""age_min"": ""observed"", ""conversations"": ""observed"", ""emotional_availability"": ""observed"", ""has_children"": ""observed"", ""lifestyle"": ""observed"", ""partner_children"": ""observed"", ""partner_smoking"": ""observed"", ""relationship_goal"": ""observed"", ""relationship_pace"": ""observed"", ""relationship_structure"": ""observed"", ""relocate"": ""observed"", ""schedule"": ""observed"", ""smoking"": ""observed"", ""space_for_relationship"": ""observed"", ""wants_children"": ""observed"", ""who_to_meet"": ""observed""}","{""acceptable_zones"": 0, ""age_max"": 0, ""age_min"": 0, ""conversations"": 0, ""emotional_availability"": 0, ""has_children"": 0, ""lifestyle"": 0, ""partner_children"": 0, ""partner_smoking"": 0, ""relationship_goal"": 0, ""relationship_pace"": 0, ""relationship_structure"": 0, ""relocate"": 0, ""schedule"": 0, ""smoking"": 0, ""space_for_relationship"": 0, ""wants_children"": 0, ""who_to_meet"": 0}"
syn_8496ad3d21cd3ab52ee03283d650c444,public_05,23,woman,zone_b,True,synthetic_questionnaire,True,0,"[""zone_b""]",29,18,,,False,,any,any,long_term,,non_monogamous,,"[""weekend_day"", ""weekend_evening""]",yes,,unsure,"[""man""]",observed,observed,observed,not_asked,not_asked,observed,not_asked,observed,observed,observed,not_asked,observed,not_asked,observed,observed,not_asked,observed,observed,9,9,9,,,9,,9,9,0,,9,,9,9,,9,9,"{""acceptable_zones"": [""zone_b""], ""age_max"": 29, ""age_min"": 18, ""conversations"": null, ""emotional_availability"": null, ""has_children"": false, ""lifestyle"": null, ""partner_children"": ""any"", ""partner_smoking"": ""any"", ""relationship_goal"": ""long_term"", ""relationship_pace"": null, ""relationship_structure"": ""non_monogamous"", ""relocate"": null, ""schedule"": [""weekend_day"", ""weekend_evening""], ""smoking"": ""yes"", ""space_for_relationship"": null, ""wants_children"": ""unsure"", ""who_to_meet"": [""man""]}","{""acceptable_zones"": ""observed"", ""age_max"": ""observed"", ""age_min"": ""observed"", ""conversations"": ""not_asked"", ""emotional_availability"": ""not_asked"", ""has_children"": ""observed"", ""lifestyle"": ""not_asked"", ""partner_children"": ""observed"", ""partner_smoking"": ""observed"", ""relationship_goal"": ""observed"", ""relationship_pace"": ""not_asked"", ""relationship_structure"": ""observed"", ""relocate"": ""not_asked"", ""schedule"": ""observed"", ""smoking"": ""observed"", ""space_for_relationship"": ""not_asked"", ""wants_children"": ""observed"", ""who_to_meet"": ""observed""}","{""acceptable_zones"": 9, ""age_max"": 9, ""age_min"": 9, ""conversations"": null, ""emotional_availability"": null, ""has_children"": 9, ""lifestyle"": null, ""partner_children"": 9, ""partner_smoking"": 9, ""relationship_goal"": 0, ""relationship_pace"": null, ""relationship_structure"": 9, ""relocate"": null, ""schedule"": 9, ""smoking"": 9, ""space_for_relationship"": null, ""wants_children"": 9, ""who_to_meet"": 9}"
syn_25d6dede2104945026e869f814c9504b,public_05,36,woman,zone_a,True,synthetic_questionnaire,True,0,,,,,,,,,,,,,,,,,,,declined,not_asked,not_asked,not_asked,declined,not_asked,not_asked,not_asked,declined,not_asked,not_asked,not_asked,not_asked,not_asked,not_asked,not_asked,not_asked,not_asked,,,,,,,,,,,,,,,,,,,"{""acceptable_zones"": null, ""age_max"": null, ""age_min"": null, ""conversations"": null, ""emotional_availability"": null, ""has_children"": null, ""lifestyle"": null, ""partner_children"": null, ""partner_smoking"": null, ""relationship_goal"": null, ""relationship_pace"": null, ""relationship_structure"": null, ""relocate"": null, ""schedule"": null, ""smoking"": null, ""space_for_relationship"": null, ""wants_children"": null, ""who_to_meet"": null}","{""acceptable_zones"": ""declined"", ""age_max"": ""not_asked"", ""age_min"": ""not_asked"", ""conversations"": ""not_asked"", ""emotional_availability"": ""declined"", ""has_children"": ""not_asked"", ""lifestyle"": ""not_asked"", ""partner_children"": ""not_asked"", ""partner_smoking"": ""declined"", ""relationship_goal"": ""not_asked"", ""relationship_pace"": ""not_asked"", ""relationship_structure"": ""not_asked"", ""relocate"": ""not_asked"", ""schedule"": ""not_asked"", ""smoking"": ""not_asked"", ""space_for_relationship"": ""not_asked"", ""wants_children"": ""not_asked"", ""who_to_meet"": ""not_asked""}","{""acceptable_zones"": null, ""age_max"": null, ""age_min"": null, ""conversations"": null, ""emotional_availability"": null, ""has_children"": null, ""lifestyle"": null, ""partner_children"": null, ""partner_smoking"": null, ""relationship_goal"": null, ""relationship_pace"": null, ""relationship_structure"": null, ""relocate"": null, ""schedule"": null, ""smoking"": null, ""space_for_relationship"": null, ""wants_children"": null, ""who_to_meet"": null}"
syn_221878d393f071a58d95cb551a7526b0,public_05,27,woman,zone_b,True,synthetic_questionnaire,True,0,"[""zone_b""]",31,18,practical,taking_time,False,quiet,no_children,no_smoking,exploring,slow,monogamous,yes,"[""weekend_day"", ""weekend_evening"", ""weekday_evening""]",no,ample,yes,"[""man""]",observed,observed,observed,observed,observed,observed,observed,observed,observed,observed,observed,observed,observed,observed,observed,observed,observed,observed,0,0,0,0,0,0,0,0,0,0,0,0,0,0,0,0,0,0,"{""acceptable_zones"": [""zone_b""], ""age_max"": 31, ""age_min"": 18, ""conversations"": ""practical"", ""emotional_availability"": ""taking_time"", ""has_children"": false, ""lifestyle"": ""quiet"", ""partner_children"": ""no_children"", ""partner_smoking"": ""no_smoking"", ""relationship_goal"": ""exploring"", ""relationship_pace"": ""slow"", ""relationship_structure"": ""monogamous"", ""relocate"": ""yes"", ""schedule"": [""weekend_day"", ""weekend_evening"", ""weekday_evening""], ""smoking"": ""no"", ""space_for_relationship"": ""ample"", ""wants_children"": ""yes"", ""who_to_meet"": [""man""]}","{""acceptable_zones"": ""observed"", ""age_max"": ""observed"", ""age_min"": ""observed"", ""conversations"": ""observed"", ""emotional_availability"": ""observed"", ""has_children"": ""observed"", ""lifestyle"": ""observed"", ""partner_children"": ""observed"", ""partner_smoking"": ""observed"", ""relationship_goal"": ""observed"", ""relationship_pace"": ""observed"", ""relationship_structure"": ""observed"", ""relocate"": ""observed"", ""schedule"": ""observed"", ""smoking"": ""observed"", ""space_for_relationship"": ""observed"", ""wants_children"": ""observed"", ""who_to_meet"": ""observed""}","{""acceptable_zones"": 0, ""age_max"": 0, ""age_min"": 0, ""conversations"": 0, ""emotional_availability"": 0, ""has_children"": 0, ""lifestyle"": 0, ""partner_children"": 0, ""partner_smoking"": 0, ""relationship_goal"": 0, ""relationship_pace"": 0, ""relationship_structure"": 0, ""relocate"": 0, ""schedule"": 0, ""smoking"": 0, ""space_for_relationship"": 0, ""wants_children"": 0, ""who_to_meet"": 0}"
syn_5d3f0c4b3e05fa6c29ebd7bf84f2c597,public_05,43,man,zone_a,True,synthetic_questionnaire,True,0,"[""zone_a""]",50,40,playful,ready,True,social,no_children,any,long_term,slow,monogamous,yes,"[""weekend_day"", ""weekday_evening"", ""weekend_evening""]",no,ample,yes,"[""woman""]",observed,observed,observed,observed,observed,observed,observed,observed,observed,observed,observed,observed,observed,observed,observed,observed,observed,observed,0,0,0,0,0,0,0,0,0,0,0,0,0,0,0,0,0,0,"{""acceptable_zones"": [""zone_a""], ""age_max"": 50, ""age_min"": 40, ""conversations"": ""playful"", ""emotional_availability"": ""ready"", ""has_children"": true, ""lifestyle"": ""social"", ""partner_children"": ""no_children"", ""partner_smoking"": ""any"", ""relationship_goal"": ""long_term"", ""relationship_pace"": ""slow"", ""relationship_structure"": ""monogamous"", ""relocate"": ""yes"", ""schedule"": [""weekend_day"", ""weekday_evening"", ""weekend_evening""], ""smoking"": ""no"", ""space_for_relationship"": ""ample"", ""wants_children"": ""yes"", ""who_to_meet"": [""woman""]}","{""acceptable_zones"": ""observed"", ""age_max"": ""observed"", ""age_min"": ""observed"", ""conversations"": ""observed"", ""emotional_availability"": ""observed"", ""has_children"": ""observed"", ""lifestyle"": ""observed"", ""partner_children"": ""observed"", ""partner_smoking"": ""observed"", ""relationship_goal"": ""observed"", ""relationship_pace"": ""observed"", ""relationship_structure"": ""observed"", ""relocate"": ""observed"", ""schedule"": ""observed"", ""smoking"": ""observed"", ""space_for_relationship"": ""observed"", ""wants_children"": ""observed"", ""who_to_meet"": ""observed""}","{""acceptable_zones"": 0, ""age_max"": 0, ""age_min"": 0, ""conversations"": 0, ""emotional_availability"": 0, ""has_children"": 0, ""lifestyle"": 0, ""partner_children"": 0, ""partner_smoking"": 0, ""relationship_goal"": 0, ""relationship_pace"": 0, ""relationship_structure"": 0, ""relocate"": 0, ""schedule"": 0, ""smoking"": 0, ""space_for_relationship"": 0, ""wants_children"": 0, ""who_to_meet"": 0}"
syn_60a5c16ae8704e14d565a0f7b54dd591,public_05,46,man,zone_a,True,synthetic_questionnaire,True,0,,,,,,,,,,,,,,,,,,,not_asked,not_asked,not_asked,not_asked,not_asked,not_asked,not_asked,declined,not_asked,not_asked,not_asked,not_asked,not_asked,not_asked,not_asked,not_asked,not_asked,not_asked,,,,,,,,,,,,,,,,,,,"{""acceptable_zones"": null, ""age_max"": null, ""age_min"": null, ""conversations"": null, ""emotional_availability"": null, ""has_children"": null, ""lifestyle"": null, ""partner_children"": null, ""partner_smoking"": null, ""relationship_goal"": null, ""relationship_pace"": null, ""relationship_structure"": null, ""relocate"": null, ""schedule"": null, ""smoking"": null, ""space_for_relationship"": null, ""wants_children"": null, ""who_to_meet"": null}","{""acceptable_zones"": ""not_asked"", ""age_max"": ""not_asked"", ""age_min"": ""not_asked"", ""conversations"": ""not_asked"", ""emotional_availability"": ""not_asked"", ""has_children"": ""not_asked"", ""lifestyle"": ""not_asked"", ""partner_children"": ""declined"", ""partner_smoking"": ""not_asked"", ""relationship_goal"": ""not_asked"", ""relationship_pace"": ""not_asked"", ""relationship_structure"": ""not_asked"", ""relocate"": ""not_asked"", ""schedule"": ""not_asked"", ""smoking"": ""not_asked"", ""space_for_relationship"": ""not_asked"", ""wants_children"": ""not_asked"", ""who_to_meet"": ""not_asked""}","{""acceptable_zones"": null, ""age_max"": null, ""age_min"": null, ""conversations"": null, ""emotional_availability"": null, ""has_children"": null, ""lifestyle"": null, ""partner_children"": null, ""partner_smoking"": null, ""relationship_goal"": null, ""relationship_pace"": null, ""relationship_structure"": null, ""relocate"": null, ""schedule"": null, ""smoking"": null, ""space_for_relationship"": null, ""wants_children"": null, ""who_to_meet"": null}"
syn_a624629294f6a7e9435457352ce33a91,public_05,21,woman,zone_a,True,synthetic_questionnaire,True,10,"[""zone_a""]",25,18,ideas,,False,,any,no_smoking,,,monogamous,,"[""weekday_evening"", ""weekend_day""]",no,,yes,"[""woman"", ""non_binary""]",observed,observed,observed,observed,declined,observed,not_asked,observed,observed,not_asked,not_asked,observed,not_asked,observed,observed,not_asked,observed,observed,10,10,10,10,,10,,10,10,,,10,,10,10,,10,10,"{""acceptable_zones"": [""zone_a""], ""age_max"": 25, ""age_min"": 18, ""conversations"": ""ideas"", ""emotional_availability"": null, ""has_children"": false, ""lifestyle"": null, ""partner_children"": ""any"", ""partner_smoking"": ""no_smoking"", ""relationship_goal"": null, ""relationship_pace"": null, ""relationship_structure"": ""monogamous"", ""relocate"": null, ""schedule"": [""weekday_evening"", ""weekend_day""], ""smoking"": ""no"", ""space_for_relationship"": null, ""wants_children"": ""yes"", ""who_to_meet"": [""woman"", ""non_binary""]}","{""acceptable_zones"": ""observed"", ""age_max"": ""observed"", ""age_min"": ""observed"", ""conversations"": ""observed"", ""emotional_availability"": ""declined"", ""has_children"": ""observed"", ""lifestyle"": ""not_asked"", ""partner_children"": ""observed"", ""partner_smoking"": ""observed"", ""relationship_goal"": ""not_asked"", ""relationship_pace"": ""not_asked"", ""relationship_structure"": ""observed"", ""relocate"": ""not_asked"", ""schedule"": ""observed"", ""smoking"": ""observed"", ""space_for_relationship"": ""not_asked"", ""wants_children"": ""observed"", ""who_to_meet"": ""observed""}","{""acceptable_zones"": 10, ""age_max"": 10, ""age_min"": 10, ""conversations"": 10, ""emotional_availability"": null, ""has_children"": 10, ""lifestyle"": null, ""partner_children"": 10, ""partner_smoking"": 10, ""relationship_goal"": null, ""relationship_pace"": null, ""relationship_structure"": 10, ""relocate"": null, ""schedule"": 10, ""smoking"": 10, ""space_for_relationship"": null, ""wants_children"": 10, ""who_to_meet"": 10}"
syn_cedbd60a990e5fe8216dbc348dbb1a85,public_05,38,man,zone_a,True,synthetic_questionnaire,True,0,,,,,,,,,,,,,,,,,,,not_asked,declined,not_asked,not_asked,not_asked,not_asked,not_asked,not_asked,not_asked,not_asked,not_asked,declined,not_asked,not_asked,not_asked,not_asked,not_asked,not_asked,,,,,,,,,,,,,,,,,,,"{""acceptable_zones"": null, ""age_max"": null, ""age_min"": null, ""conversations"": null, ""emotional_availability"": null, ""has_children"": null, ""lifestyle"": null, ""partner_children"": null, ""partner_smoking"": null, ""relationship_goal"": null, ""relationship_pace"": null, ""relationship_structure"": null, ""relocate"": null, ""schedule"": null, ""smoking"": null, ""space_for_relationship"": null, ""wants_children"": null, ""who_to_meet"": null}","{""acceptable_zones"": ""not_asked"", ""age_max"": ""declined"", ""age_min"": ""not_asked"", ""conversations"": ""not_asked"", ""emotional_availability"": ""not_asked"", ""has_children"": ""not_asked"", ""lifestyle"": ""not_asked"", ""partner_children"": ""not_asked"", ""partner_smoking"": ""not_asked"", ""relationship_goal"": ""not_asked"", ""relationship_pace"": ""not_asked"", ""relationship_structure"": ""declined"", ""relocate"": ""not_asked"", ""schedule"": ""not_asked"", ""smoking"": ""not_asked"", ""space_for_relationship"": ""not_asked"", ""wants_children"": ""not_asked"", ""who_to_meet"": ""not_asked""}","{""acceptable_zones"": null, ""age_max"": null, ""age_min"": null, ""conversations"": null, ""emotional_availability"": null, ""has_children"": null, ""lifestyle"": null, ""partner_children"": null, ""partner_smoking"": null, ""relationship_goal"": null, ""relationship_pace"": null, ""relationship_structure"": null, ""relocate"": null, ""schedule"": null, ""smoking"": null, ""space_for_relationship"": null, ""wants_children"": null, ""who_to_meet"": null}"
syn_332eee9515e9c92bd04cc01bbf6c5aaf,public_05,26,woman,zone_b,True,synthetic_questionnaire,True,0,"[""zone_b"", ""zone_a""]",30,20,playful,ready,False,mixed,no_children,any,exploring,steady,monogamous,yes,"[""weekend_day""]",no,moderate,yes,"[""man""]",observed,observed,observed,observed,observed,observed,observed,observed,observed,observed,observed,observed,observed,observed,observed,observed,observed,observed,0,0,0,0,0,0,0,0,0,0,0,0,0,0,0,0,0,0,"{""acceptable_zones"": [""zone_b"", ""zone_a""], ""age_max"": 30, ""age_min"": 20, ""conversations"": ""playful"", ""emotional_availability"": ""ready"", ""has_children"": false, ""lifestyle"": ""mixed"", ""partner_children"": ""no_children"", ""partner_smoking"": ""any"", ""relationship_goal"": ""exploring"", ""relationship_pace"": ""steady"", ""relationship_structure"": ""monogamous"", ""relocate"": ""yes"", ""schedule"": [""weekend_day""], ""smoking"": ""no"", ""space_for_relationship"": ""moderate"", ""wants_children"": ""yes"", ""who_to_meet"": [""man""]}","{""acceptable_zones"": ""observed"", ""age_max"": ""observed"", ""age_min"": ""observed"", ""conversations"": ""observed"", ""emotional_availability"": ""observed"", ""has_children"": ""observed"", ""lifestyle"": ""observed"", ""partner_children"": ""observed"", ""partner_smoking"": ""observed"", ""relationship_goal"": ""observed"", ""relationship_pace"": ""observed"", ""relationship_structure"": ""observed"", ""relocate"": ""observed"", ""schedule"": ""observed"", ""smoking"": ""observed"", ""space_for_relationship"": ""observed"", ""wants_children"": ""observed"", ""who_to_meet"": ""observed""}","{""acceptable_zones"": 0, ""age_max"": 0, ""age_min"": 0, ""conversations"": 0, ""emotional_availability"": 0, ""has_children"": 0, ""lifestyle"": 0, ""partner_children"": 0, ""partner_smoking"": 0, ""relationship_goal"": 0, ""relationship_pace"": 0, ""relationship_structure"": 0, ""relocate"": 0, ""schedule"": 0, ""smoking"": 0, ""space_for_relationship"": 0, ""wants_children"": 0, ""who_to_meet"": 0}"
syn_364616624d22c79ac208fc153996feb4,public_05,25,man,zone_a,True,synthetic_questionnaire,True,0,,,,,,,,,,,,,,,,,,,not_asked,declined,not_asked,not_asked,not_asked,not_asked,not_asked,declined,not_asked,not_asked,not_asked,not_asked,not_asked,not_asked,not_asked,not_asked,not_asked,not_asked,,,,,,,,,,,,,,,,,,,"{""acceptable_zones"": null, ""age_max"": null, ""age_min"": null, ""conversations"": null, ""emotional_availability"": null, ""has_children"": null, ""lifestyle"": null, ""partner_children"": null, ""partner_smoking"": null, ""relationship_goal"": null, ""relationship_pace"": null, ""relationship_structure"": null, ""relocate"": null, ""schedule"": null, ""smoking"": null, ""space_for_relationship"": null, ""wants_children"": null, ""who_to_meet"": null}","{""acceptable_zones"": ""not_asked"", ""age_max"": ""declined"", ""age_min"": ""not_asked"", ""conversations"": ""not_asked"", ""emotional_availability"": ""not_asked"", ""has_children"": ""not_asked"", ""lifestyle"": ""not_asked"", ""partner_children"": ""declined"", ""partner_smoking"": ""not_asked"", ""relationship_goal"": ""not_asked"", ""relationship_pace"": ""not_asked"", ""relationship_structure"": ""not_asked"", ""relocate"": ""not_asked"", ""schedule"": ""not_asked"", ""smoking"": ""not_asked"", ""space_for_relationship"": ""not_asked"", ""wants_children"": ""not_asked"", ""who_to_meet"": ""not_asked""}","{""acceptable_zones"": null, ""age_max"": null, ""age_min"": null, ""conversations"": null, ""emotional_availability"": null, ""has_children"": null, ""lifestyle"": null, ""partner_children"": null, ""partner_smoking"": null, ""relationship_goal"": null, ""relationship_pace"": null, ""relationship_structure"": null, ""relocate"": null, ""schedule"": null, ""smoking"": null, ""space_for_relationship"": null, ""wants_children"": null, ""who_to_meet"": null}"
syn_5bc5e92f5a1770f1137744c21d198ff0,public_05,34,man,zone_b,True,synthetic_questionnaire,True,0,,,,playful,,,quiet,,,,,,,,,,,,not_asked,declined,not_asked,observed,not_asked,not_asked,observed,not_asked,not_asked,not_asked,not_asked,not_asked,not_asked,not_asked,not_asked,not_asked,not_asked,not_asked,,,,0,,,0,,,,,,,,,,,,"{""acceptable_zones"": null, ""age_max"": null, ""age_min"": null, ""conversations"": ""playful"", ""emotional_availability"": null, ""has_children"": null, ""lifestyle"": ""quiet"", ""partner_children"": null, ""partner_smoking"": null, ""relationship_goal"": null, ""relationship_pace"": null, ""relationship_structure"": null, ""relocate"": null, ""schedule"": null, ""smoking"": null, ""space_for_relationship"": null, ""wants_children"": null, ""who_to_meet"": null}","{""acceptable_zones"": ""not_asked"", ""age_max"": ""declined"", ""age_min"": ""not_asked"", ""conversations"": ""observed"", ""emotional_availability"": ""not_asked"", ""has_children"": ""not_asked"", ""lifestyle"": ""observed"", ""partner_children"": ""not_asked"", ""partner_smoking"": ""not_asked"", ""relationship_goal"": ""not_asked"", ""relationship_pace"": ""not_asked"", ""relationship_structure"": ""not_asked"", ""relocate"": ""not_asked"", ""schedule"": ""not_asked"", ""smoking"": ""not_asked"", ""space_for_relationship"": ""not_asked"", ""wants_children"": ""not_asked"", ""who_to_meet"": ""not_asked""}","{""acceptable_zones"": null, ""age_max"": null, ""age_min"": null, ""conversations"": 0, ""emotional_availability"": null, ""has_children"": null, ""lifestyle"": 0, ""partner_children"": null, ""partner_smoking"": null, ""relationship_goal"": null, ""relationship_pace"": null, ""relationship_structure"": null, ""relocate"": null, ""schedule"": null, ""smoking"": null, ""space_for_relationship"": null, ""wants_children"": null, ""who_to_meet"": null}"
syn_e33f3929bc7647b9ba0708a572c597e3,public_05,21,non_binary,zone_a,True,synthetic_questionnaire,True,6,,,,,,,,,,,,,,,no,,,,declined,not_asked,not_asked,not_asked,not_asked,not_asked,not_asked,not_asked,not_asked,not_asked,not_asked,not_asked,not_asked,not_asked,observed,not_asked,declined,not_asked,,,,,,,,,,,,,,,6,,,,"{""acceptable_zones"": null, ""age_max"": null, ""age_min"": null, ""conversations"": null, ""emotional_availability"": null, ""has_children"": null, ""lifestyle"": null, ""partner_children"": null, ""partner_smoking"": null, ""relationship_goal"": null, ""relationship_pace"": null, ""relationship_structure"": null, ""relocate"": null, ""schedule"": null, ""smoking"": ""no"", ""space_for_relationship"": null, ""wants_children"": null, ""who_to_meet"": null}","{""acceptable_zones"": ""declined"", ""age_max"": ""not_asked"", ""age_min"": ""not_asked"", ""conversations"": ""not_asked"", ""emotional_availability"": ""not_asked"", ""has_children"": ""not_asked"", ""lifestyle"": ""not_asked"", ""partner_children"": ""not_asked"", ""partner_smoking"": ""not_asked"", ""relationship_goal"": ""not_asked"", ""relationship_pace"": ""not_asked"", ""relationship_structure"": ""not_asked"", ""relocate"": ""not_asked"", ""schedule"": ""not_asked"", ""smoking"": ""observed"", ""space_for_relationship"": ""not_asked"", ""wants_children"": ""declined"", ""who_to_meet"": ""not_asked""}","{""acceptable_zones"": null, ""age_max"": null, ""age_min"": null, ""conversations"": null, ""emotional_availability"": null, ""has_children"": null, ""lifestyle"": null, ""partner_children"": null, ""partner_smoking"": null, ""relationship_goal"": null, ""relationship_pace"": null, ""relationship_structure"": null, ""relocate"": null, ""schedule"": null, ""smoking"": 6, ""space_for_relationship"": null, ""wants_children"": null, ""who_to_meet"": null}"
syn_db312ab6c0a68a9e3f8205fb47155607,public_05,30,man,zone_a,True,synthetic_questionnaire,True,0,"[""zone_a"", ""zone_c""]",37,23,practical,taking_time,False,quiet,no_children,any,long_term,quick,non_monogamous,yes,"[""weekday_evening""]",no,moderate,no,"[""woman""]",observed,observed,observed,observed,observed,observed,observed,observed,observed,observed,observed,observed,observed,observed,observed,observed,observed,observed,0,0,0,0,0,0,0,0,0,0,0,0,0,0,0,0,0,0,"{""acceptable_zones"": [""zone_a"", ""zone_c""], ""age_max"": 37, ""age_min"": 23, ""conversations"": ""practical"", ""emotional_availability"": ""taking_time"", ""has_children"": false, ""lifestyle"": ""quiet"", ""partner_children"": ""no_children"", ""partner_smoking"": ""any"", ""relationship_goal"": ""long_term"", ""relationship_pace"": ""quick"", ""relationship_structure"": ""non_monogamous"", ""relocate"": ""yes"", ""schedule"": [""weekday_evening""], ""smoking"": ""no"", ""space_for_relationship"": ""moderate"", ""wants_children"": ""no"", ""who_to_meet"": [""woman""]}","{""acceptable_zones"": ""observed"", ""age_max"": ""observed"", ""age_min"": ""observed"", ""conversations"": ""observed"", ""emotional_availability"": ""observed"", ""has_children"": ""observed"", ""lifestyle"": ""observed"", ""partner_children"": ""observed"", ""partner_smoking"": ""observed"", ""relationship_goal"": ""observed"", ""relationship_pace"": ""observed"", ""relationship_structure"": ""observed"", ""relocate"": ""observed"", ""schedule"": ""observed"", ""smoking"": ""observed"", ""space_for_relationship"": ""observed"", ""wants_children"": ""observed"", ""who_to_meet"": ""observed""}","{""acceptable_zones"": 0, ""age_max"": 0, ""age_min"": 0, ""conversations"": 0, ""emotional_availability"": 0, ""has_children"": 0, ""lifestyle"": 0, ""partner_children"": 0, ""partner_smoking"": 0, ""relationship_goal"": 0, ""relationship_pace"": 0, ""relationship_structure"": 0, ""relocate"": 0, ""schedule"": 0, ""smoking"": 0, ""space_for_relationship"": 0, ""wants_children"": 0, ""who_to_meet"": 0}"
syn_3ed60798810b79d57f94d1a163f0932f,public_05,22,man,zone_a,True,synthetic_questionnaire,True,0,"[""zone_a""]",30,18,,,False,,any,no_smoking,,quick,monogamous,yes,"[""weekend_day"", ""weekday_evening"", ""weekend_evening""]",occasionally,,no,"[""woman""]",observed,observed,observed,not_asked,not_asked,observed,not_asked,observed,observed,not_asked,observed,observed,observed,observed,observed,not_asked,observed,observed,9,9,9,,,9,,9,9,,0,9,0,9,9,,9,9,"{""acceptable_zones"": [""zone_a""], ""age_max"": 30, ""age_min"": 18, ""conversations"": null, ""emotional_availability"": null, ""has_children"": false, ""lifestyle"": null, ""partner_children"": ""any"", ""partner_smoking"": ""no_smoking"", ""relationship_goal"": null, ""relationship_pace"": ""quick"", ""relationship_structure"": ""monogamous"", ""relocate"": ""yes"", ""schedule"": [""weekend_day"", ""weekday_evening"", ""weekend_evening""], ""smoking"": ""occasionally"", ""space_for_relationship"": null, ""wants_children"": ""no"", ""who_to_meet"": [""woman""]}","{""acceptable_zones"": ""observed"", ""age_max"": ""observed"", ""age_min"": ""observed"", ""conversations"": ""not_asked"", ""emotional_availability"": ""not_asked"", ""has_children"": ""observed"", ""lifestyle"": ""not_asked"", ""partner_children"": ""observed"", ""partner_smoking"": ""observed"", ""relationship_goal"": ""not_asked"", ""relationship_pace"": ""observed"", ""relationship_structure"": ""observed"", ""relocate"": ""observed"", ""schedule"": ""observed"", ""smoking"": ""observed"", ""space_for_relationship"": ""not_asked"", ""wants_children"": ""observed"", ""who_to_meet"": ""observed""}","{""acceptable_zones"": 9, ""age_max"": 9, ""age_min"": 9, ""conversations"": null, ""emotional_availability"": null, ""has_children"": 9, ""lifestyle"": null, ""partner_children"": 9, ""partner_smoking"": 9, ""relationship_goal"": null, ""relationship_pace"": 0, ""relationship_structure"": 9, ""relocate"": 0, ""schedule"": 9, ""smoking"": 9, ""space_for_relationship"": null, ""wants_children"": 9, ""who_to_meet"": 9}"
syn_128c659d3b1b14361c11eb80703113cb,public_05,35,man,zone_c,True,synthetic_questionnaire,True,0,,,,,,,,,,long_term,quick,,,"[""weekday_evening"", ""weekend_day"", ""weekend_evening""]",,,,,not_asked,not_asked,declined,not_asked,not_asked,not_asked,not_asked,not_asked,not_asked,observed,observed,not_asked,not_asked,observed,not_asked,not_asked,not_asked,not_asked,,,,,,,,,,0,0,,,0,,,,,"{""acceptable_zones"": null, ""age_max"": null, ""age_min"": null, ""conversations"": null, ""emotional_availability"": null, ""has_children"": null, ""lifestyle"": null, ""partner_children"": null, ""partner_smoking"": null, ""relationship_goal"": ""long_term"", ""relationship_pace"": ""quick"", ""relationship_structure"": null, ""relocate"": null, ""schedule"": [""weekday_evening"", ""weekend_day"", ""weekend_evening""], ""smoking"": null, ""space_for_relationship"": null, ""wants_children"": null, ""who_to_meet"": null}","{""acceptable_zones"": ""not_asked"", ""age_max"": ""not_asked"", ""age_min"": ""declined"", ""conversations"": ""not_asked"", ""emotional_availability"": ""not_asked"", ""has_children"": ""not_asked"", ""lifestyle"": ""not_asked"", ""partner_children"": ""not_asked"", ""partner_smoking"": ""not_asked"", ""relationship_goal"": ""observed"", ""relationship_pace"": ""observed"", ""relationship_structure"": ""not_asked"", ""relocate"": ""not_asked"", ""schedule"": ""observed"", ""smoking"": ""not_asked"", ""space_for_relationship"": ""not_asked"", ""wants_children"": ""not_asked"", ""who_to_meet"": ""not_asked""}","{""acceptable_zones"": null, ""age_max"": null, ""age_min"": null, ""conversations"": null, ""emotional_availability"": null, ""has_children"": null, ""lifestyle"": null, ""partner_children"": null, ""partner_smoking"": null, ""relationship_goal"": 0, ""relationship_pace"": 0, ""relationship_structure"": null, ""relocate"": null, ""schedule"": 0, ""smoking"": null, ""space_for_relationship"": null, ""wants_children"": null, ""who_to_meet"": null}"
syn_f4e3fea350c41d9fc32113e171b8069c,public_05,41,man,zone_b,True,synthetic_questionnaire,True,18,,,,,,,,,,,,,,,,,,,not_asked,not_asked,not_asked,not_asked,not_asked,not_asked,not_asked,not_asked,not_asked,not_asked,not_asked,not_asked,not_asked,not_asked,not_asked,not_asked,not_asked,declined,,,,,,,,,,,,,,,,,,,"{""acceptable_zones"": null, ""age_max"": null, ""age_min"": null, ""conversations"": null, ""emotional_availability"": null, ""has_children"": null, ""lifestyle"": null, ""partner_children"": null, ""partner_smoking"": null, ""relationship_goal"": null, ""relationship_pace"": null, ""relationship_structure"": null, ""relocate"": null, ""schedule"": null, ""smoking"": null, ""space_for_relationship"": null, ""wants_children"": null, ""who_to_meet"": null}","{""acceptable_zones"": ""not_asked"", ""age_max"": ""not_asked"", ""age_min"": ""not_asked"", ""conversations"": ""not_asked"", ""emotional_availability"": ""not_asked"", ""has_children"": ""not_asked"", ""lifestyle"": ""not_asked"", ""partner_children"": ""not_asked"", ""partner_smoking"": ""not_asked"", ""relationship_goal"": ""not_asked"", ""relationship_pace"": ""not_asked"", ""relationship_structure"": ""not_asked"", ""relocate"": ""not_asked"", ""schedule"": ""not_asked"", ""smoking"": ""not_asked"", ""space_for_relationship"": ""not_asked"", ""wants_children"": ""not_asked"", ""who_to_meet"": ""declined""}","{""acceptable_zones"": null, ""age_max"": null, ""age_min"": null, ""conversations"": null, ""emotional_availability"": null, ""has_children"": null, ""lifestyle"": null, ""partner_children"": null, ""partner_smoking"": null, ""relationship_goal"": null, ""relationship_pace"": null, ""relationship_structure"": null, ""relocate"": null, ""schedule"": null, ""smoking"": null, ""space_for_relationship"": null, ""wants_children"": null, ""who_to_meet"": null}"
syn_ebe1327c2c0d34ff395465a7592ce880,public_05,37,non_binary,zone_b,True,synthetic_questionnaire,True,0,,,,,,,,no_children,,long_term,,,,,,,,,not_asked,declined,not_asked,not_asked,not_asked,not_asked,not_asked,observed,not_asked,observed,not_asked,not_asked,not_asked,not_asked,not_asked,declined,not_asked,not_asked,,,,,,,,0,,0,,,,,,,,,"{""acceptable_zones"": null, ""age_max"": null, ""age_min"": null, ""conversations"": null, ""emotional_availability"": null, ""has_children"": null, ""lifestyle"": null, ""partner_children"": ""no_children"", ""partner_smoking"": null, ""relationship_goal"": ""long_term"", ""relationship_pace"": null, ""relationship_structure"": null, ""relocate"": null, ""schedule"": null, ""smoking"": null, ""space_for_relationship"": null, ""wants_children"": null, ""who_to_meet"": null}","{""acceptable_zones"": ""not_asked"", ""age_max"": ""declined"", ""age_min"": ""not_asked"", ""conversations"": ""not_asked"", ""emotional_availability"": ""not_asked"", ""has_children"": ""not_asked"", ""lifestyle"": ""not_asked"", ""partner_children"": ""observed"", ""partner_smoking"": ""not_asked"", ""relationship_goal"": ""observed"", ""relationship_pace"": ""not_asked"", ""relationship_structure"": ""not_asked"", ""relocate"": ""not_asked"", ""schedule"": ""not_asked"", ""smoking"": ""not_asked"", ""space_for_relationship"": ""declined"", ""wants_children"": ""not_asked"", ""who_to_meet"": ""not_asked""}","{""acceptable_zones"": null, ""age_max"": null, ""age_min"": null, ""conversations"": null, ""emotional_availability"": null, ""has_children"": null, ""lifestyle"": null, ""partner_children"": 0, ""partner_smoking"": null, ""relationship_goal"": 0, ""relationship_pace"": null, ""relationship_structure"": null, ""relocate"": null, ""schedule"": null, ""smoking"": null, ""space_for_relationship"": null, ""wants_children"": null, ""who_to_meet"": null}"
syn_1cb9225c5597b98981901d521d615c43,public_05,21,man,zone_c,True,synthetic_questionnaire,True,0,,,,,,,,,,,,,,,,,,,not_asked,not_asked,not_asked,not_asked,not_asked,not_asked,not_asked,not_asked,not_asked,not_asked,not_asked,not_asked,not_asked,not_asked,not_asked,not_asked,declined,not_asked,,,,,,,,,,,,,,,,,,,"{""acceptable_zones"": null, ""age_max"": null, ""age_min"": null, ""conversations"": null, ""emotional_availability"": null, ""has_children"": null, ""lifestyle"": null, ""partner_children"": null, ""partner_smoking"": null, ""relationship_goal"": null, ""relationship_pace"": null, ""relationship_structure"": null, ""relocate"": null, ""schedule"": null, ""smoking"": null, ""space_for_relationship"": null, ""wants_children"": null, ""who_to_meet"": null}","{""acceptable_zones"": ""not_asked"", ""age_max"": ""not_asked"", ""age_min"": ""not_asked"", ""conversations"": ""not_asked"", ""emotional_availability"": ""not_asked"", ""has_children"": ""not_asked"", ""lifestyle"": ""not_asked"", ""partner_children"": ""not_asked"", ""partner_smoking"": ""not_asked"", ""relationship_goal"": ""not_asked"", ""relationship_pace"": ""not_asked"", ""relationship_structure"": ""not_asked"", ""relocate"": ""not_asked"", ""schedule"": ""not_asked"", ""smoking"": ""not_asked"", ""space_for_relationship"": ""not_asked"", ""wants_children"": ""declined"", ""who_to_meet"": ""not_asked""}","{""acceptable_zones"": null, ""age_max"": null, ""age_min"": null, ""conversations"": null, ""emotional_availability"": null, ""has_children"": null, ""lifestyle"": null, ""partner_children"": null, ""partner_smoking"": null, ""relationship_goal"": null, ""relationship_pace"": null, ""relationship_structure"": null, ""relocate"": null, ""schedule"": null, ""smoking"": null, ""space_for_relationship"": null, ""wants_children"": null, ""who_to_meet"": null}"
syn_eada6f0a34c5cf0b2f06296178a0c151,public_05,43,woman,zone_a,True,synthetic_questionnaire,True,0,"[""zone_a""]",50,35,practical,taking_time,False,quiet,no_children,no_smoking,exploring,steady,monogamous,yes,"[""weekend_day"", ""weekend_evening""]",occasionally,limited,yes,"[""woman""]",observed,observed,observed,observed,observed,observed,observed,observed,observed,observed,observed,observed,observed,observed,observed,observed,observed,observed,0,0,0,0,0,0,0,0,0,0,0,0,0,0,0,0,0,0,"{""acceptable_zones"": [""zone_a""], ""age_max"": 50, ""age_min"": 35, ""conversations"": ""practical"", ""emotional_availability"": ""taking_time"", ""has_children"": false, ""lifestyle"": ""quiet"", ""partner_children"": ""no_children"", ""partner_smoking"": ""no_smoking"", ""relationship_goal"": ""exploring"", ""relationship_pace"": ""steady"", ""relationship_structure"": ""monogamous"", ""relocate"": ""yes"", ""schedule"": [""weekend_day"", ""weekend_evening""], ""smoking"": ""occasionally"", ""space_for_relationship"": ""limited"", ""wants_children"": ""yes"", ""who_to_meet"": [""woman""]}","{""acceptable_zones"": ""observed"", ""age_max"": ""observed"", ""age_min"": ""observed"", ""conversations"": ""observed"", ""emotional_availability"": ""observed"", ""has_children"": ""observed"", ""lifestyle"": ""observed"", ""partner_children"": ""observed"", ""partner_smoking"": ""observed"", ""relationship_goal"": ""observed"", ""relationship_pace"": ""observed"", ""relationship_structure"": ""observed"", ""relocate"": ""observed"", ""schedule"": ""observed"", ""smoking"": ""observed"", ""space_for_relationship"": ""observed"", ""wants_children"": ""observed"", ""who_to_meet"": ""observed""}","{""acceptable_zones"": 0, ""age_max"": 0, ""age_min"": 0, ""conversations"": 0, ""emotional_availability"": 0, ""has_children"": 0, ""lifestyle"": 0, ""partner_children"": 0, ""partner_smoking"": 0, ""relationship_goal"": 0, ""relationship_pace"": 0, ""relationship_structure"": 0, ""relocate"": 0, ""schedule"": 0, ""smoking"": 0, ""space_for_relationship"": 0, ""wants_children"": 0, ""who_to_meet"": 0}"
syn_c5c234be2d2b17c85df8a1f1080fca59,public_05,44,non_binary,zone_a,False,synthetic_questionnaire,True,0,"[""zone_a""]",47,35,playful,ready,False,mixed,any,no_smoking,long_term,steady,non_monogamous,yes,"[""weekend_day"", ""weekend_evening""]",no,limited,unsure,"[""woman""]",observed,observed,observed,observed,observed,observed,observed,observed,observed,observed,observed,observed,observed,observed,observed,observed,observed,observed,0,0,0,0,0,0,0,0,0,0,0,0,0,0,0,0,0,0,"{""acceptable_zones"": [""zone_a""], ""age_max"": 47, ""age_min"": 35, ""conversations"": ""playful"", ""emotional_availability"": ""ready"", ""has_children"": false, ""lifestyle"": ""mixed"", ""partner_children"": ""any"", ""partner_smoking"": ""no_smoking"", ""relationship_goal"": ""long_term"", ""relationship_pace"": ""steady"", ""relationship_structure"": ""non_monogamous"", ""relocate"": ""yes"", ""schedule"": [""weekend_day"", ""weekend_evening""], ""smoking"": ""no"", ""space_for_relationship"": ""limited"", ""wants_children"": ""unsure"", ""who_to_meet"": [""woman""]}","{""acceptable_zones"": ""observed"", ""age_max"": ""observed"", ""age_min"": ""observed"", ""conversations"": ""observed"", ""emotional_availability"": ""observed"", ""has_children"": ""observed"", ""lifestyle"": ""observed"", ""partner_children"": ""observed"", ""partner_smoking"": ""observed"", ""relationship_goal"": ""observed"", ""relationship_pace"": ""observed"", ""relationship_structure"": ""observed"", ""relocate"": ""observed"", ""schedule"": ""observed"", ""smoking"": ""observed"", ""space_for_relationship"": ""observed"", ""wants_children"": ""observed"", ""who_to_meet"": ""observed""}","{""acceptable_zones"": 0, ""age_max"": 0, ""age_min"": 0, ""conversations"": 0, ""emotional_availability"": 0, ""has_children"": 0, ""lifestyle"": 0, ""partner_children"": 0, ""partner_smoking"": 0, ""relationship_goal"": 0, ""relationship_pace"": 0, ""relationship_structure"": 0, ""relocate"": 0, ""schedule"": 0, ""smoking"": 0, ""space_for_relationship"": 0, ""wants_children"": 0, ""who_to_meet"": 0}"
syn_4fb214022b5b807fbdbb02ac000383af,public_05,41,man,zone_a,True,synthetic_questionnaire,True,2,,,,,,,,no_children,,,,,no,,,moderate,,,not_asked,not_asked,not_asked,not_asked,declined,not_asked,not_asked,observed,declined,not_asked,not_asked,not_asked,observed,not_asked,not_asked,observed,not_asked,not_asked,,,,,,,,2,,,,,2,,,2,,,"{""acceptable_zones"": null, ""age_max"": null, ""age_min"": null, ""conversations"": null, ""emotional_availability"": null, ""has_children"": null, ""lifestyle"": null, ""partner_children"": ""no_children"", ""partner_smoking"": null, ""relationship_goal"": null, ""relationship_pace"": null, ""relationship_structure"": null, ""relocate"": ""no"", ""schedule"": null, ""smoking"": null, ""space_for_relationship"": ""moderate"", ""wants_children"": null, ""who_to_meet"": null}","{""acceptable_zones"": ""not_asked"", ""age_max"": ""not_asked"", ""age_min"": ""not_asked"", ""conversations"": ""not_asked"", ""emotional_availability"": ""declined"", ""has_children"": ""not_asked"", ""lifestyle"": ""not_asked"", ""partner_children"": ""observed"", ""partner_smoking"": ""declined"", ""relationship_goal"": ""not_asked"", ""relationship_pace"": ""not_asked"", ""relationship_structure"": ""not_asked"", ""relocate"": ""observed"", ""schedule"": ""not_asked"", ""smoking"": ""not_asked"", ""space_for_relationship"": ""observed"", ""wants_children"": ""not_asked"", ""who_to_meet"": ""not_asked""}","{""acceptable_zones"": null, ""age_max"": null, ""age_min"": null, ""conversations"": null, ""emotional_availability"": null, ""has_children"": null, ""lifestyle"": null, ""partner_children"": 2, ""partner_smoking"": null, ""relationship_goal"": null, ""relationship_pace"": null, ""relationship_structure"": null, ""relocate"": 2, ""schedule"": null, ""smoking"": null, ""space_for_relationship"": 2, ""wants_children"": null, ""who_to_meet"": null}"
syn_0c8744e4024204f6c04a07e714258d47,public_05,23,woman,zone_a,False,synthetic_questionnaire,True,8,"[""zone_a"", ""zone_c""]",27,18,playful,taking_time,True,mixed,any,no_smoking,long_term,quick,monogamous,unsure,"[""weekday_evening""]",no,ample,unsure,"[""woman""]",observed,observed,observed,observed,observed,observed,observed,observed,observed,observed,observed,observed,observed,observed,observed,observed,observed,observed,8,8,8,8,8,8,8,8,8,8,8,8,8,8,8,8,8,8,"{""acceptable_zones"": [""zone_a"", ""zone_c""], ""age_max"": 27, ""age_min"": 18, ""conversations"": ""playful"", ""emotional_availability"": ""taking_time"", ""has_children"": true, ""lifestyle"": ""mixed"", ""partner_children"": ""any"", ""partner_smoking"": ""no_smoking"", ""relationship_goal"": ""long_term"", ""relationship_pace"": ""quick"", ""relationship_structure"": ""monogamous"", ""relocate"": ""unsure"", ""schedule"": [""weekday_evening""], ""smoking"": ""no"", ""space_for_relationship"": ""ample"", ""wants_children"": ""unsure"", ""who_to_meet"": [""woman""]}","{""acceptable_zones"": ""observed"", ""age_max"": ""observed"", ""age_min"": ""observed"", ""conversations"": ""observed"", ""emotional_availability"": ""observed"", ""has_children"": ""observed"", ""lifestyle"": ""observed"", ""partner_children"": ""observed"", ""partner_smoking"": ""observed"", ""relationship_goal"": ""observed"", ""relationship_pace"": ""observed"", ""relationship_structure"": ""observed"", ""relocate"": ""observed"", ""schedule"": ""observed"", ""smoking"": ""observed"", ""space_for_relationship"": ""observed"", ""wants_children"": ""observed"", ""who_to_meet"": ""observed""}","{""acceptable_zones"": 8, ""age_max"": 8, ""age_min"": 8, ""conversations"": 8, ""emotional_availability"": 8, ""has_children"": 8, ""lifestyle"": 8, ""partner_children"": 8, ""partner_smoking"": 8, ""relationship_goal"": 8, ""relationship_pace"": 8, ""relationship_structure"": 8, ""relocate"": 8, ""schedule"": 8, ""smoking"": 8, ""space_for_relationship"": 8, ""wants_children"": 8, ""who_to_meet"": 8}"
syn_955c1dc919b85ebe9dab25c3cb03cc28,public_05,44,woman,zone_a,True,synthetic_questionnaire,True,0,"[""zone_a""]",,,,,,,,,exploring,,,,,,,,,observed,declined,not_asked,not_asked,not_asked,not_asked,not_asked,not_asked,not_asked,observed,not_asked,not_asked,not_asked,not_asked,not_asked,not_asked,not_asked,not_asked,0,,,,,,,,,0,,,,,,,,,"{""acceptable_zones"": [""zone_a""], ""age_max"": null, ""age_min"": null, ""conversations"": null, ""emotional_availability"": null, ""has_children"": null, ""lifestyle"": null, ""partner_children"": null, ""partner_smoking"": null, ""relationship_goal"": ""exploring"", ""relationship_pace"": null, ""relationship_structure"": null, ""relocate"": null, ""schedule"": null, ""smoking"": null, ""space_for_relationship"": null, ""wants_children"": null, ""who_to_meet"": null}","{""acceptable_zones"": ""observed"", ""age_max"": ""declined"", ""age_min"": ""not_asked"", ""conversations"": ""not_asked"", ""emotional_availability"": ""not_asked"", ""has_children"": ""not_asked"", ""lifestyle"": ""not_asked"", ""partner_children"": ""not_asked"", ""partner_smoking"": ""not_asked"", ""relationship_goal"": ""observed"", ""relationship_pace"": ""not_asked"", ""relationship_structure"": ""not_asked"", ""relocate"": ""not_asked"", ""schedule"": ""not_asked"", ""smoking"": ""not_asked"", ""space_for_relationship"": ""not_asked"", ""wants_children"": ""not_asked"", ""who_to_meet"": ""not_asked""}","{""acceptable_zones"": 0, ""age_max"": null, ""age_min"": null, ""conversations"": null, ""emotional_availability"": null, ""has_children"": null, ""lifestyle"": null, ""partner_children"": null, ""partner_smoking"": null, ""relationship_goal"": 0, ""relationship_pace"": null, ""relationship_structure"": null, ""relocate"": null, ""schedule"": null, ""smoking"": null, ""space_for_relationship"": null, ""wants_children"": null, ""who_to_meet"": null}"
syn_9e818592dff25be84dfecb7764c6c785,public_05,36,man,zone_b,True,synthetic_questionnaire,True,0,,39,,,,,,no_children,,,,,,,,,,,not_asked,observed,not_asked,not_asked,not_asked,not_asked,not_asked,observed,not_asked,not_asked,not_asked,not_asked,not_asked,declined,declined,not_asked,not_asked,not_asked,,0,,,,,,0,,,,,,,,,,,"{""acceptable_zones"": null, ""age_max"": 39, ""age_min"": null, ""conversations"": null, ""emotional_availability"": null, ""has_children"": null, ""lifestyle"": null, ""partner_children"": ""no_children"", ""partner_smoking"": null, ""relationship_goal"": null, ""relationship_pace"": null, ""relationship_structure"": null, ""relocate"": null, ""schedule"": null, ""smoking"": null, ""space_for_relationship"": null, ""wants_children"": null, ""who_to_meet"": null}","{""acceptable_zones"": ""not_asked"", ""age_max"": ""observed"", ""age_min"": ""not_asked"", ""conversations"": ""not_asked"", ""emotional_availability"": ""not_asked"", ""has_children"": ""not_asked"", ""lifestyle"": ""not_asked"", ""partner_children"": ""observed"", ""partner_smoking"": ""not_asked"", ""relationship_goal"": ""not_asked"", ""relationship_pace"": ""not_asked"", ""relationship_structure"": ""not_asked"", ""relocate"": ""not_asked"", ""schedule"": ""declined"", ""smoking"": ""declined"", ""space_for_relationship"": ""not_asked"", ""wants_children"": ""not_asked"", ""who_to_meet"": ""not_asked""}","{""acceptable_zones"": null, ""age_max"": 0, ""age_min"": null, ""conversations"": null, ""emotional_availability"": null, ""has_children"": null, ""lifestyle"": null, ""partner_children"": 0, ""partner_smoking"": null, ""relationship_goal"": null, ""relationship_pace"": null, ""relationship_structure"": null, ""relocate"": null, ""schedule"": null, ""smoking"": null, ""space_for_relationship"": null, ""wants_children"": null, ""who_to_meet"": null}"
syn_a242f7d8327c808790c0d4811d284b0f,public_05,38,man,zone_a,True,synthetic_questionnaire,True,0,"[""zone_a""]",47,34,practical,taking_time,False,quiet,no_children,any,exploring,steady,monogamous,yes,"[""weekend_evening"", ""weekend_day""]",no,limited,no,"[""woman""]",observed,observed,observed,observed,observed,observed,observed,observed,observed,observed,observed,observed,observed,observed,observed,observed,observed,observed,0,0,0,0,0,0,0,0,0,0,0,0,0,0,0,0,0,0,"{""acceptable_zones"": [""zone_a""], ""age_max"": 47, ""age_min"": 34, ""conversations"": ""practical"", ""emotional_availability"": ""taking_time"", ""has_children"": false, ""lifestyle"": ""quiet"", ""partner_children"": ""no_children"", ""partner_smoking"": ""any"", ""relationship_goal"": ""exploring"", ""relationship_pace"": ""steady"", ""relationship_structure"": ""monogamous"", ""relocate"": ""yes"", ""schedule"": [""weekend_evening"", ""weekend_day""], ""smoking"": ""no"", ""space_for_relationship"": ""limited"", ""wants_children"": ""no"", ""who_to_meet"": [""woman""]}","{""acceptable_zones"": ""observed"", ""age_max"": ""observed"", ""age_min"": ""observed"", ""conversations"": ""observed"", ""emotional_availability"": ""observed"", ""has_children"": ""observed"", ""lifestyle"": ""observed"", ""partner_children"": ""observed"", ""partner_smoking"": ""observed"", ""relationship_goal"": ""observed"", ""relationship_pace"": ""observed"", ""relationship_structure"": ""observed"", ""relocate"": ""observed"", ""schedule"": ""observed"", ""smoking"": ""observed"", ""space_for_relationship"": ""observed"", ""wants_children"": ""observed"", ""who_to_meet"": ""observed""}","{""acceptable_zones"": 0, ""age_max"": 0, ""age_min"": 0, ""conversations"": 0, ""emotional_availability"": 0, ""has_children"": 0, ""lifestyle"": 0, ""partner_children"": 0, ""partner_smoking"": 0, ""relationship_goal"": 0, ""relationship_pace"": 0, ""relationship_structure"": 0, ""relocate"": 0, ""schedule"": 0, ""smoking"": 0, ""space_for_relationship"": 0, ""wants_children"": 0, ""who_to_meet"": 0}"
syn_7ae803ded429acbd44d8e5bb1269c4be,public_05,46,woman,zone_c,True,synthetic_questionnaire,True,0,"[""zone_c""]",49,43,practical,,False,,any,no_smoking,,,monogamous,,"[""weekend_evening"", ""weekday_evening"", ""weekend_day""]",no,,no,"[""woman"", ""man""]",observed,observed,observed,observed,not_asked,observed,declined,observed,observed,not_asked,not_asked,observed,not_asked,observed,observed,not_asked,observed,observed,10,10,10,0,,10,,10,10,,,10,,10,10,,10,10,"{""acceptable_zones"": [""zone_c""], ""age_max"": 49, ""age_min"": 43, ""conversations"": ""practical"", ""emotional_availability"": null, ""has_children"": false, ""lifestyle"": null, ""partner_children"": ""any"", ""partner_smoking"": ""no_smoking"", ""relationship_goal"": null, ""relationship_pace"": null, ""relationship_structure"": ""monogamous"", ""relocate"": null, ""schedule"": [""weekend_evening"", ""weekday_evening"", ""weekend_day""], ""smoking"": ""no"", ""space_for_relationship"": null, ""wants_children"": ""no"", ""who_to_meet"": [""woman"", ""man""]}","{""acceptable_zones"": ""observed"", ""age_max"": ""observed"", ""age_min"": ""observed"", ""conversations"": ""observed"", ""emotional_availability"": ""not_asked"", ""has_children"": ""observed"", ""lifestyle"": ""declined"", ""partner_children"": ""observed"", ""partner_smoking"": ""observed"", ""relationship_goal"": ""not_asked"", ""relationship_pace"": ""not_asked"", ""relationship_structure"": ""observed"", ""relocate"": ""not_asked"", ""schedule"": ""observed"", ""smoking"": ""observed"", ""space_for_relationship"": ""not_asked"", ""wants_children"": ""observed"", ""who_to_meet"": ""observed""}","{""acceptable_zones"": 10, ""age_max"": 10, ""age_min"": 10, ""conversations"": 0, ""emotional_availability"": null, ""has_children"": 10, ""lifestyle"": null, ""partner_children"": 10, ""partner_smoking"": 10, ""relationship_goal"": null, ""relationship_pace"": null, ""relationship_structure"": 10, ""relocate"": null, ""schedule"": 10, ""smoking"": 10, ""space_for_relationship"": null, ""wants_children"": 10, ""who_to_meet"": 10}"
syn_43142e7893095805ce58fe91b3c1b589,public_05,34,man,zone_a,True,synthetic_questionnaire,True,5,,,,,,,quiet,,,,,,,,,,no,,declined,not_asked,not_asked,declined,not_asked,not_asked,observed,not_asked,not_asked,not_asked,not_asked,not_asked,declined,not_asked,not_asked,not_asked,observed,not_asked,,,,,,,5,,,,,,,,,,5,,"{""acceptable_zones"": null, ""age_max"": null, ""age_min"": null, ""conversations"": null, ""emotional_availability"": null, ""has_children"": null, ""lifestyle"": ""quiet"", ""partner_children"": null, ""partner_smoking"": null, ""relationship_goal"": null, ""relationship_pace"": null, ""relationship_structure"": null, ""relocate"": null, ""schedule"": null, ""smoking"": null, ""space_for_relationship"": null, ""wants_children"": ""no"", ""who_to_meet"": null}","{""acceptable_zones"": ""declined"", ""age_max"": ""not_asked"", ""age_min"": ""not_asked"", ""conversations"": ""declined"", ""emotional_availability"": ""not_asked"", ""has_children"": ""not_asked"", ""lifestyle"": ""observed"", ""partner_children"": ""not_asked"", ""partner_smoking"": ""not_asked"", ""relationship_goal"": ""not_asked"", ""relationship_pace"": ""not_asked"", ""relationship_structure"": ""not_asked"", ""relocate"": ""declined"", ""schedule"": ""not_asked"", ""smoking"": ""not_asked"", ""space_for_relationship"": ""not_asked"", ""wants_children"": ""observed"", ""who_to_meet"": ""not_asked""}","{""acceptable_zones"": null, ""age_max"": null, ""age_min"": null, ""conversations"": null, ""emotional_availability"": null, ""has_children"": null, ""lifestyle"": 5, ""partner_children"": null, ""partner_smoking"": null, ""relationship_goal"": null, ""relationship_pace"": null, ""relationship_structure"": null, ""relocate"": null, ""schedule"": null, ""smoking"": null, ""space_for_relationship"": null, ""wants_children"": 5, ""who_to_meet"": null}"
syn_1eb72e4eb264c7bafa61862923f8ad8f,public_05,44,non_binary,zone_b,True,synthetic_questionnaire,True,0,"[""zone_b"", ""zone_d""]",48,41,playful,ready,False,quiet,no_children,any,exploring,steady,monogamous,yes,"[""weekend_evening"", ""weekend_day""]",no,limited,yes,"[""non_binary""]",observed,observed,observed,observed,observed,observed,observed,observed,observed,observed,observed,observed,observed,observed,observed,observed,observed,observed,0,0,0,0,0,0,0,0,0,0,0,0,0,0,0,0,0,0,"{""acceptable_zones"": [""zone_b"", ""zone_d""], ""age_max"": 48, ""age_min"": 41, ""conversations"": ""playful"", ""emotional_availability"": ""ready"", ""has_children"": false, ""lifestyle"": ""quiet"", ""partner_children"": ""no_children"", ""partner_smoking"": ""any"", ""relationship_goal"": ""exploring"", ""relationship_pace"": ""steady"", ""relationship_structure"": ""monogamous"", ""relocate"": ""yes"", ""schedule"": [""weekend_evening"", ""weekend_day""], ""smoking"": ""no"", ""space_for_relationship"": ""limited"", ""wants_children"": ""yes"", ""who_to_meet"": [""non_binary""]}","{""acceptable_zones"": ""observed"", ""age_max"": ""observed"", ""age_min"": ""observed"", ""conversations"": ""observed"", ""emotional_availability"": ""observed"", ""has_children"": ""observed"", ""lifestyle"": ""observed"", ""partner_children"": ""observed"", ""partner_smoking"": ""observed"", ""relationship_goal"": ""observed"", ""relationship_pace"": ""observed"", ""relationship_structure"": ""observed"", ""relocate"": ""observed"", ""schedule"": ""observed"", ""smoking"": ""observed"", ""space_for_relationship"": ""observed"", ""wants_children"": ""observed"", ""who_to_meet"": ""observed""}","{""acceptable_zones"": 0, ""age_max"": 0, ""age_min"": 0, ""conversations"": 0, ""emotional_availability"": 0, ""has_children"": 0, ""lifestyle"": 0, ""partner_children"": 0, ""partner_smoking"": 0, ""relationship_goal"": 0, ""relationship_pace"": 0, ""relationship_structure"": 0, ""relocate"": 0, ""schedule"": 0, ""smoking"": 0, ""space_for_relationship"": 0, ""wants_children"": 0, ""who_to_meet"": 0}"
syn_d01ad0eb624507f7e0acfcf4b966fd87,public_05,39,woman,zone_a,True,synthetic_questionnaire,True,14,"[""zone_a""]",44,30,playful,,False,,no_children,no_smoking,,,monogamous,,"[""weekend_evening"", ""weekend_day"", ""weekday_evening""]",no,,unsure,"[""woman""]",observed,observed,observed,observed,not_asked,observed,not_asked,observed,observed,not_asked,not_asked,observed,declined,observed,observed,not_asked,observed,observed,14,14,14,14,,14,,14,14,,,14,,14,14,,14,14,"{""acceptable_zones"": [""zone_a""], ""age_max"": 44, ""age_min"": 30, ""conversations"": ""playful"", ""emotional_availability"": null, ""has_children"": false, ""lifestyle"": null, ""partner_children"": ""no_children"", ""partner_smoking"": ""no_smoking"", ""relationship_goal"": null, ""relationship_pace"": null, ""relationship_structure"": ""monogamous"", ""relocate"": null, ""schedule"": [""weekend_evening"", ""weekend_day"", ""weekday_evening""], ""smoking"": ""no"", ""space_for_relationship"": null, ""wants_children"": ""unsure"", ""who_to_meet"": [""woman""]}","{""acceptable_zones"": ""observed"", ""age_max"": ""observed"", ""age_min"": ""observed"", ""conversations"": ""observed"", ""emotional_availability"": ""not_asked"", ""has_children"": ""observed"", ""lifestyle"": ""not_asked"", ""partner_children"": ""observed"", ""partner_smoking"": ""observed"", ""relationship_goal"": ""not_asked"", ""relationship_pace"": ""not_asked"", ""relationship_structure"": ""observed"", ""relocate"": ""declined"", ""schedule"": ""observed"", ""smoking"": ""observed"", ""space_for_relationship"": ""not_asked"", ""wants_children"": ""observed"", ""who_to_meet"": ""observed""}","{""acceptable_zones"": 14, ""age_max"": 14, ""age_min"": 14, ""conversations"": 14, ""emotional_availability"": null, ""has_children"": 14, ""lifestyle"": null, ""partner_children"": 14, ""partner_smoking"": 14, ""relationship_goal"": null, ""relationship_pace"": null, ""relationship_structure"": 14, ""relocate"": null, ""schedule"": 14, ""smoking"": 14, ""space_for_relationship"": null, ""wants_children"": 14, ""who_to_meet"": 14}"
syn_5d29bf4965fd1b1a436fb2e1f74e1305,public_05,46,woman,zone_b,True,synthetic_questionnaire,True,13,,,,,,,,,,,,,,,,,,,not_asked,declined,not_asked,not_asked,not_asked,not_asked,declined,not_asked,not_asked,not_asked,not_asked,not_asked,not_asked,not_asked,not_asked,not_asked,not_asked,not_asked,,,,,,,,,,,,,,,,,,,"{""acceptable_zones"": null, ""age_max"": null, ""age_min"": null, ""conversations"": null, ""emotional_availability"": null, ""has_children"": null, ""lifestyle"": null, ""partner_children"": null, ""partner_smoking"": null, ""relationship_goal"": null, ""relationship_pace"": null, ""relationship_structure"": null, ""relocate"": null, ""schedule"": null, ""smoking"": null, ""space_for_relationship"": null, ""wants_children"": null, ""who_to_meet"": null}","{""acceptable_zones"": ""not_asked"", ""age_max"": ""declined"", ""age_min"": ""not_asked"", ""conversations"": ""not_asked"", ""emotional_availability"": ""not_asked"", ""has_children"": ""not_asked"", ""lifestyle"": ""declined"", ""partner_children"": ""not_asked"", ""partner_smoking"": ""not_asked"", ""relationship_goal"": ""not_asked"", ""relationship_pace"": ""not_asked"", ""relationship_structure"": ""not_asked"", ""relocate"": ""not_asked"", ""schedule"": ""not_asked"", ""smoking"": ""not_asked"", ""space_for_relationship"": ""not_asked"", ""wants_children"": ""not_asked"", ""who_to_meet"": ""not_asked""}","{""acceptable_zones"": null, ""age_max"": null, ""age_min"": null, ""conversations"": null, ""emotional_availability"": null, ""has_children"": null, ""lifestyle"": null, ""partner_children"": null, ""partner_smoking"": null, ""relationship_goal"": null, ""relationship_pace"": null, ""relationship_structure"": null, ""relocate"": null, ""schedule"": null, ""smoking"": null, ""space_for_relationship"": null, ""wants_children"": null, ""who_to_meet"": null}"
syn_da2080dae924856e3489933dbd919f65,public_05,37,woman,zone_a,False,synthetic_questionnaire,True,0,"[""zone_a""]",43,27,stories,taking_time,False,social,any,any,long_term,steady,monogamous,unsure,"[""weekend_day"", ""weekday_evening"", ""weekend_evening""]",no,ample,unsure,"[""non_binary""]",observed,observed,observed,observed,observed,observed,observed,observed,observed,observed,observed,observed,observed,observed,observed,observed,observed,observed,0,0,0,0,0,0,0,0,0,0,0,0,0,0,0,0,0,0,"{""acceptable_zones"": [""zone_a""], ""age_max"": 43, ""age_min"": 27, ""conversations"": ""stories"", ""emotional_availability"": ""taking_time"", ""has_children"": false, ""lifestyle"": ""social"", ""partner_children"": ""any"", ""partner_smoking"": ""any"", ""relationship_goal"": ""long_term"", ""relationship_pace"": ""steady"", ""relationship_structure"": ""monogamous"", ""relocate"": ""unsure"", ""schedule"": [""weekend_day"", ""weekday_evening"", ""weekend_evening""], ""smoking"": ""no"", ""space_for_relationship"": ""ample"", ""wants_children"": ""unsure"", ""who_to_meet"": [""non_binary""]}","{""acceptable_zones"": ""observed"", ""age_max"": ""observed"", ""age_min"": ""observed"", ""conversations"": ""observed"", ""emotional_availability"": ""observed"", ""has_children"": ""observed"", ""lifestyle"": ""observed"", ""partner_children"": ""observed"", ""partner_smoking"": ""observed"", ""relationship_goal"": ""observed"", ""relationship_pace"": ""observed"", ""relationship_structure"": ""observed"", ""relocate"": ""observed"", ""schedule"": ""observed"", ""smoking"": ""observed"", ""space_for_relationship"": ""observed"", ""wants_children"": ""observed"", ""who_to_meet"": ""observed""}","{""acceptable_zones"": 0, ""age_max"": 0, ""age_min"": 0, ""conversations"": 0, ""emotional_availability"": 0, ""has_children"": 0, ""lifestyle"": 0, ""partner_children"": 0, ""partner_smoking"": 0, ""relationship_goal"": 0, ""relationship_pace"": 0, ""relationship_structure"": 0, ""relocate"": 0, ""schedule"": 0, ""smoking"": 0, ""space_for_relationship"": 0, ""wants_children"": 0, ""who_to_meet"": 0}"
syn_96719852458841e93c6f2b1185738e89,public_05,23,man,zone_a,True,synthetic_questionnaire,True,0,,,,,ready,,mixed,,no_smoking,,,,,,,,,,not_asked,not_asked,not_asked,not_asked,observed,not_asked,observed,not_asked,observed,declined,not_asked,not_asked,declined,not_asked,not_asked,not_asked,not_asked,declined,,,,,0,,0,,0,,,,,,,,,,"{""acceptable_zones"": null, ""age_max"": null, ""age_min"": null, ""conversations"": null, ""emotional_availability"": ""ready"", ""has_children"": null, ""lifestyle"": ""mixed"", ""partner_children"": null, ""partner_smoking"": ""no_smoking"", ""relationship_goal"": null, ""relationship_pace"": null, ""relationship_structure"": null, ""relocate"": null, ""schedule"": null, ""smoking"": null, ""space_for_relationship"": null, ""wants_children"": null, ""who_to_meet"": null}","{""acceptable_zones"": ""not_asked"", ""age_max"": ""not_asked"", ""age_min"": ""not_asked"", ""conversations"": ""not_asked"", ""emotional_availability"": ""observed"", ""has_children"": ""not_asked"", ""lifestyle"": ""observed"", ""partner_children"": ""not_asked"", ""partner_smoking"": ""observed"", ""relationship_goal"": ""declined"", ""relationship_pace"": ""not_asked"", ""relationship_structure"": ""not_asked"", ""relocate"": ""declined"", ""schedule"": ""not_asked"", ""smoking"": ""not_asked"", ""space_for_relationship"": ""not_asked"", ""wants_children"": ""not_asked"", ""who_to_meet"": ""declined""}","{""acceptable_zones"": null, ""age_max"": null, ""age_min"": null, ""conversations"": null, ""emotional_availability"": 0, ""has_children"": null, ""lifestyle"": 0, ""partner_children"": null, ""partner_smoking"": 0, ""relationship_goal"": null, ""relationship_pace"": null, ""relationship_structure"": null, ""relocate"": null, ""schedule"": null, ""smoking"": null, ""space_for_relationship"": null, ""wants_children"": null, ""who_to_meet"": null}"
syn_919cfceaa6d9da68ff80e54bea0d3919,public_05,45,woman,zone_b,True,synthetic_questionnaire,True,0,"[""zone_b""]",53,35,,,False,,any,no_smoking,,,non_monogamous,,"[""weekend_evening""]",no,,unsure,"[""woman""]",observed,observed,observed,not_asked,not_asked,observed,not_asked,observed,observed,not_asked,not_asked,observed,not_asked,observed,observed,not_asked,observed,observed,10,10,10,,,10,,10,10,,,10,,10,10,,10,10,"{""acceptable_zones"": [""zone_b""], ""age_max"": 53, ""age_min"": 35, ""conversations"": null, ""emotional_availability"": null, ""has_children"": false, ""lifestyle"": null, ""partner_children"": ""any"", ""partner_smoking"": ""no_smoking"", ""relationship_goal"": null, ""relationship_pace"": null, ""relationship_structure"": ""non_monogamous"", ""relocate"": null, ""schedule"": [""weekend_evening""], ""smoking"": ""no"", ""space_for_relationship"": null, ""wants_children"": ""unsure"", ""who_to_meet"": [""woman""]}","{""acceptable_zones"": ""observed"", ""age_max"": ""observed"", ""age_min"": ""observed"", ""conversations"": ""not_asked"", ""emotional_availability"": ""not_asked"", ""has_children"": ""observed"", ""lifestyle"": ""not_asked"", ""partner_children"": ""observed"", ""partner_smoking"": ""observed"", ""relationship_goal"": ""not_asked"", ""relationship_pace"": ""not_asked"", ""relationship_structure"": ""observed"", ""relocate"": ""not_asked"", ""schedule"": ""observed"", ""smoking"": ""observed"", ""space_for_relationship"": ""not_asked"", ""wants_children"": ""observed"", ""who_to_meet"": ""observed""}","{""acceptable_zones"": 10, ""age_max"": 10, ""age_min"": 10, ""conversations"": null, ""emotional_availability"": null, ""has_children"": 10, ""lifestyle"": null, ""partner_children"": 10, ""partner_smoking"": 10, ""relationship_goal"": null, ""relationship_pace"": null, ""relationship_structure"": 10, ""relocate"": null, ""schedule"": 10, ""smoking"": 10, ""space_for_relationship"": null, ""wants_children"": 10, ""who_to_meet"": 10}"
syn_5bebeccf17480908bbd31f4c4aac6692,public_05,45,man,zone_b,True,synthetic_questionnaire,True,0,"[""zone_b""]",48,40,,,False,,no_children,any,,,monogamous,,"[""weekday_evening"", ""weekend_day""]",no,,unsure,"[""woman""]",observed,observed,observed,not_asked,not_asked,observed,not_asked,observed,observed,not_asked,not_asked,observed,not_asked,observed,observed,not_asked,observed,observed,10,10,10,,,10,,10,10,,,10,,10,10,,10,10,"{""acceptable_zones"": [""zone_b""], ""age_max"": 48, ""age_min"": 40, ""conversations"": null, ""emotional_availability"": null, ""has_children"": false, ""lifestyle"": null, ""partner_children"": ""no_children"", ""partner_smoking"": ""any"", ""relationship_goal"": null, ""relationship_pace"": null, ""relationship_structure"": ""monogamous"", ""relocate"": null, ""schedule"": [""weekday_evening"", ""weekend_day""], ""smoking"": ""no"", ""space_for_relationship"": null, ""wants_children"": ""unsure"", ""who_to_meet"": [""woman""]}","{""acceptable_zones"": ""observed"", ""age_max"": ""observed"", ""age_min"": ""observed"", ""conversations"": ""not_asked"", ""emotional_availability"": ""not_asked"", ""has_children"": ""observed"", ""lifestyle"": ""not_asked"", ""partner_children"": ""observed"", ""partner_smoking"": ""observed"", ""relationship_goal"": ""not_asked"", ""relationship_pace"": ""not_asked"", ""relationship_structure"": ""observed"", ""relocate"": ""not_asked"", ""schedule"": ""observed"", ""smoking"": ""observed"", ""space_for_relationship"": ""not_asked"", ""wants_children"": ""observed"", ""who_to_meet"": ""observed""}","{""acceptable_zones"": 10, ""age_max"": 10, ""age_min"": 10, ""conversations"": null, ""emotional_availability"": null, ""has_children"": 10, ""lifestyle"": null, ""partner_children"": 10, ""partner_smoking"": 10, ""relationship_goal"": null, ""relationship_pace"": null, ""relationship_structure"": 10, ""relocate"": null, ""schedule"": 10, ""smoking"": 10, ""space_for_relationship"": null, ""wants_children"": 10, ""who_to_meet"": 10}"
syn_21b698c1e3f90d1bd65d6ad2d9ef441f,public_05,35,man,zone_d,True,synthetic_questionnaire,True,1,"[""zone_d""]",45,25,,,False,mixed,no_children,no_smoking,,,monogamous,,"[""weekend_evening"", ""weekend_day""]",no,,unsure,"[""woman""]",observed,observed,observed,not_asked,not_asked,observed,observed,observed,observed,not_asked,not_asked,observed,not_asked,observed,observed,not_asked,observed,observed,11,11,11,,,11,1,11,11,,,11,,11,11,,11,11,"{""acceptable_zones"": [""zone_d""], ""age_max"": 45, ""age_min"": 25, ""conversations"": null, ""emotional_availability"": null, ""has_children"": false, ""lifestyle"": ""mixed"", ""partner_children"": ""no_children"", ""partner_smoking"": ""no_smoking"", ""relationship_goal"": null, ""relationship_pace"": null, ""relationship_structure"": ""monogamous"", ""relocate"": null, ""schedule"": [""weekend_evening"", ""weekend_day""], ""smoking"": ""no"", ""space_for_relationship"": null, ""wants_children"": ""unsure"", ""who_to_meet"": [""woman""]}","{""acceptable_zones"": ""observed"", ""age_max"": ""observed"", ""age_min"": ""observed"", ""conversations"": ""not_asked"", ""emotional_availability"": ""not_asked"", ""has_children"": ""observed"", ""lifestyle"": ""observed"", ""partner_children"": ""observed"", ""partner_smoking"": ""observed"", ""relationship_goal"": ""not_asked"", ""relationship_pace"": ""not_asked"", ""relationship_structure"": ""observed"", ""relocate"": ""not_asked"", ""schedule"": ""observed"", ""smoking"": ""observed"", ""space_for_relationship"": ""not_asked"", ""wants_children"": ""observed"", ""who_to_meet"": ""observed""}","{""acceptable_zones"": 11, ""age_max"": 11, ""age_min"": 11, ""conversations"": null, ""emotional_availability"": null, ""has_children"": 11, ""lifestyle"": 1, ""partner_children"": 11, ""partner_smoking"": 11, ""relationship_goal"": null, ""relationship_pace"": null, ""relationship_structure"": 11, ""relocate"": null, ""schedule"": 11, ""smoking"": 11, ""space_for_relationship"": null, ""wants_children"": 11, ""who_to_meet"": 11}"
syn_9783d190677a0c555c717c760d1c92c7,public_05,43,man,zone_a,False,synthetic_questionnaire,True,0,"[""zone_a"", ""zone_c""]",47,33,stories,ready,False,mixed,any,any,long_term,slow,monogamous,no,"[""weekend_day"", ""weekend_evening"", ""weekday_evening""]",no,ample,yes,"[""woman"", ""man""]",observed,observed,observed,observed,observed,observed,observed,observed,observed,observed,observed,observed,observed,observed,observed,observed,observed,observed,0,0,0,0,0,0,0,0,0,0,0,0,0,0,0,0,0,0,"{""acceptable_zones"": [""zone_a"", ""zone_c""], ""age_max"": 47, ""age_min"": 33, ""conversations"": ""stories"", ""emotional_availability"": ""ready"", ""has_children"": false, ""lifestyle"": ""mixed"", ""partner_children"": ""any"", ""partner_smoking"": ""any"", ""relationship_goal"": ""long_term"", ""relationship_pace"": ""slow"", ""relationship_structure"": ""monogamous"", ""relocate"": ""no"", ""schedule"": [""weekend_day"", ""weekend_evening"", ""weekday_evening""], ""smoking"": ""no"", ""space_for_relationship"": ""ample"", ""wants_children"": ""yes"", ""who_to_meet"": [""woman"", ""man""]}","{""acceptable_zones"": ""observed"", ""age_max"": ""observed"", ""age_min"": ""observed"", ""conversations"": ""observed"", ""emotional_availability"": ""observed"", ""has_children"": ""observed"", ""lifestyle"": ""observed"", ""partner_children"": ""observed"", ""partner_smoking"": ""observed"", ""relationship_goal"": ""observed"", ""relationship_pace"": ""observed"", ""relationship_structure"": ""observed"", ""relocate"": ""observed"", ""schedule"": ""observed"", ""smoking"": ""observed"", ""space_for_relationship"": ""observed"", ""wants_children"": ""observed"", ""who_to_meet"": ""observed""}","{""acceptable_zones"": 0, ""age_max"": 0, ""age_min"": 0, ""conversations"": 0, ""emotional_availability"": 0, ""has_children"": 0, ""lifestyle"": 0, ""partner_children"": 0, ""partner_smoking"": 0, ""relationship_goal"": 0, ""relationship_pace"": 0, ""relationship_structure"": 0, ""relocate"": 0, ""schedule"": 0, ""smoking"": 0, ""space_for_relationship"": 0, ""wants_children"": 0, ""who_to_meet"": 0}"
syn_e9f6b26036f922e1dc8f657dd3671afe,public_05,40,non_binary,zone_b,True,synthetic_questionnaire,True,0,,,,,taking_time,,,,,long_term,,,,,,,,,not_asked,not_asked,not_asked,not_asked,observed,not_asked,not_asked,not_asked,not_asked,observed,not_asked,not_asked,not_asked,declined,not_asked,not_asked,not_asked,not_asked,,,,,0,,,,,0,,,,,,,,,"{""acceptable_zones"": null, ""age_max"": null, ""age_min"": null, ""conversations"": null, ""emotional_availability"": ""taking_time"", ""has_children"": null, ""lifestyle"": null, ""partner_children"": null, ""partner_smoking"": null, ""relationship_goal"": ""long_term"", ""relationship_pace"": null, ""relationship_structure"": null, ""relocate"": null, ""schedule"": null, ""smoking"": null, ""space_for_relationship"": null, ""wants_children"": null, ""who_to_meet"": null}","{""acceptable_zones"": ""not_asked"", ""age_max"": ""not_asked"", ""age_min"": ""not_asked"", ""conversations"": ""not_asked"", ""emotional_availability"": ""observed"", ""has_children"": ""not_asked"", ""lifestyle"": ""not_asked"", ""partner_children"": ""not_asked"", ""partner_smoking"": ""not_asked"", ""relationship_goal"": ""observed"", ""relationship_pace"": ""not_asked"", ""relationship_structure"": ""not_asked"", ""relocate"": ""not_asked"", ""schedule"": ""declined"", ""smoking"": ""not_asked"", ""space_for_relationship"": ""not_asked"", ""wants_children"": ""not_asked"", ""who_to_meet"": ""not_asked""}","{""acceptable_zones"": null, ""age_max"": null, ""age_min"": null, ""conversations"": null, ""emotional_availability"": 0, ""has_children"": null, ""lifestyle"": null, ""partner_children"": null, ""partner_smoking"": null, ""relationship_goal"": 0, ""relationship_pace"": null, ""relationship_structure"": null, ""relocate"": null, ""schedule"": null, ""smoking"": null, ""space_for_relationship"": null, ""wants_children"": null, ""who_to_meet"": null}"
syn_578b39a83f01b0166432cb202fd75c89,public_05,41,man,zone_a,True,synthetic_questionnaire,True,0,"[""zone_a""]",49,33,ideas,taking_time,False,mixed,no_children,no_smoking,exploring,quick,monogamous,yes,"[""weekday_evening"", ""weekend_day""]",no,limited,yes,"[""non_binary""]",observed,observed,observed,observed,observed,observed,observed,observed,observed,observed,observed,observed,observed,observed,observed,observed,observed,observed,0,0,0,0,0,0,0,0,0,0,0,0,0,0,0,0,0,0,"{""acceptable_zones"": [""zone_a""], ""age_max"": 49, ""age_min"": 33, ""conversations"": ""ideas"", ""emotional_availability"": ""taking_time"", ""has_children"": false, ""lifestyle"": ""mixed"", ""partner_children"": ""no_children"", ""partner_smoking"": ""no_smoking"", ""relationship_goal"": ""exploring"", ""relationship_pace"": ""quick"", ""relationship_structure"": ""monogamous"", ""relocate"": ""yes"", ""schedule"": [""weekday_evening"", ""weekend_day""], ""smoking"": ""no"", ""space_for_relationship"": ""limited"", ""wants_children"": ""yes"", ""who_to_meet"": [""non_binary""]}","{""acceptable_zones"": ""observed"", ""age_max"": ""observed"", ""age_min"": ""observed"", ""conversations"": ""observed"", ""emotional_availability"": ""observed"", ""has_children"": ""observed"", ""lifestyle"": ""observed"", ""partner_children"": ""observed"", ""partner_smoking"": ""observed"", ""relationship_goal"": ""observed"", ""relationship_pace"": ""observed"", ""relationship_structure"": ""observed"", ""relocate"": ""observed"", ""schedule"": ""observed"", ""smoking"": ""observed"", ""space_for_relationship"": ""observed"", ""wants_children"": ""observed"", ""who_to_meet"": ""observed""}","{""acceptable_zones"": 0, ""age_max"": 0, ""age_min"": 0, ""conversations"": 0, ""emotional_availability"": 0, ""has_children"": 0, ""lifestyle"": 0, ""partner_children"": 0, ""partner_smoking"": 0, ""relationship_goal"": 0, ""relationship_pace"": 0, ""relationship_structure"": 0, ""relocate"": 0, ""schedule"": 0, ""smoking"": 0, ""space_for_relationship"": 0, ""wants_children"": 0, ""who_to_meet"": 0}"
syn_ecf32b641332b65d333f47c3978a17c0,public_05,29,woman,zone_a,False,synthetic_questionnaire,True,0,"[""zone_a""]",39,24,,,False,,any,any,,,monogamous,,"[""weekend_day""]",no,,yes,"[""man""]",observed,observed,observed,not_asked,not_asked,observed,not_asked,observed,observed,not_asked,not_asked,observed,not_asked,observed,observed,not_asked,observed,observed,11,11,11,,,11,,11,11,,,11,,11,11,,11,11,"{""acceptable_zones"": [""zone_a""], ""age_max"": 39, ""age_min"": 24, ""conversations"": null, ""emotional_availability"": null, ""has_children"": false, ""lifestyle"": null, ""partner_children"": ""any"", ""partner_smoking"": ""any"", ""relationship_goal"": null, ""relationship_pace"": null, ""relationship_structure"": ""monogamous"", ""relocate"": null, ""schedule"": [""weekend_day""], ""smoking"": ""no"", ""space_for_relationship"": null, ""wants_children"": ""yes"", ""who_to_meet"": [""man""]}","{""acceptable_zones"": ""observed"", ""age_max"": ""observed"", ""age_min"": ""observed"", ""conversations"": ""not_asked"", ""emotional_availability"": ""not_asked"", ""has_children"": ""observed"", ""lifestyle"": ""not_asked"", ""partner_children"": ""observed"", ""partner_smoking"": ""observed"", ""relationship_goal"": ""not_asked"", ""relationship_pace"": ""not_asked"", ""relationship_structure"": ""observed"", ""relocate"": ""not_asked"", ""schedule"": ""observed"", ""smoking"": ""observed"", ""space_for_relationship"": ""not_asked"", ""wants_children"": ""observed"", ""who_to_meet"": ""observed""}","{""acceptable_zones"": 11, ""age_max"": 11, ""age_min"": 11, ""conversations"": null, ""emotional_availability"": null, ""has_children"": 11, ""lifestyle"": null, ""partner_children"": 11, ""partner_smoking"": 11, ""relationship_goal"": null, ""relationship_pace"": null, ""relationship_structure"": 11, ""relocate"": null, ""schedule"": 11, ""smoking"": 11, ""space_for_relationship"": null, ""wants_children"": 11, ""who_to_meet"": 11}"
syn_cc0b59ddd5b4a4303222062798f5833e,public_05,31,man,zone_a,True,synthetic_questionnaire,True,0,,,,ideas,,,,,,,,,,,,,,"[""woman"", ""non_binary"", ""man""]",not_asked,declined,not_asked,observed,not_asked,not_asked,not_asked,not_asked,not_asked,not_asked,not_asked,declined,not_asked,not_asked,not_asked,not_asked,not_asked,observed,,,,0,,,,,,,,,,,,,,0,"{""acceptable_zones"": null, ""age_max"": null, ""age_min"": null, ""conversations"": ""ideas"", ""emotional_availability"": null, ""has_children"": null, ""lifestyle"": null, ""partner_children"": null, ""partner_smoking"": null, ""relationship_goal"": null, ""relationship_pace"": null, ""relationship_structure"": null, ""relocate"": null, ""schedule"": null, ""smoking"": null, ""space_for_relationship"": null, ""wants_children"": null, ""who_to_meet"": [""woman"", ""non_binary"", ""man""]}","{""acceptable_zones"": ""not_asked"", ""age_max"": ""declined"", ""age_min"": ""not_asked"", ""conversations"": ""observed"", ""emotional_availability"": ""not_asked"", ""has_children"": ""not_asked"", ""lifestyle"": ""not_asked"", ""partner_children"": ""not_asked"", ""partner_smoking"": ""not_asked"", ""relationship_goal"": ""not_asked"", ""relationship_pace"": ""not_asked"", ""relationship_structure"": ""declined"", ""relocate"": ""not_asked"", ""schedule"": ""not_asked"", ""smoking"": ""not_asked"", ""space_for_relationship"": ""not_asked"", ""wants_children"": ""not_asked"", ""who_to_meet"": ""observed""}","{""acceptable_zones"": null, ""age_max"": null, ""age_min"": null, ""conversations"": 0, ""emotional_availability"": null, ""has_children"": null, ""lifestyle"": null, ""partner_children"": null, ""partner_smoking"": null, ""relationship_goal"": null, ""relationship_pace"": null, ""relationship_structure"": null, ""relocate"": null, ""schedule"": null, ""smoking"": null, ""space_for_relationship"": null, ""wants_children"": null, ""who_to_meet"": 0}"
syn_b3830f7ea43bc22b423b3e7f3ac3464d,public_05,41,woman,zone_a,True,synthetic_questionnaire,True,0,,,,,,,,,,,,,,,,,,,not_asked,not_asked,not_asked,not_asked,not_asked,not_asked,not_asked,not_asked,not_asked,not_asked,not_asked,not_asked,not_asked,declined,not_asked,not_asked,not_asked,not_asked,,,,,,,,,,,,,,,,,,,"{""acceptable_zones"": null, ""age_max"": null, ""age_min"": null, ""conversations"": null, ""emotional_availability"": null, ""has_children"": null, ""lifestyle"": null, ""partner_children"": null, ""partner_smoking"": null, ""relationship_goal"": null, ""relationship_pace"": null, ""relationship_structure"": null, ""relocate"": null, ""schedule"": null, ""smoking"": null, ""space_for_relationship"": null, ""wants_children"": null, ""who_to_meet"": null}","{""acceptable_zones"": ""not_asked"", ""age_max"": ""not_asked"", ""age_min"": ""not_asked"", ""conversations"": ""not_asked"", ""emotional_availability"": ""not_asked"", ""has_children"": ""not_asked"", ""lifestyle"": ""not_asked"", ""partner_children"": ""not_asked"", ""partner_smoking"": ""not_asked"", ""relationship_goal"": ""not_asked"", ""relationship_pace"": ""not_asked"", ""relationship_structure"": ""not_asked"", ""relocate"": ""not_asked"", ""schedule"": ""declined"", ""smoking"": ""not_asked"", ""space_for_relationship"": ""not_asked"", ""wants_children"": ""not_asked"", ""who_to_meet"": ""not_asked""}","{""acceptable_zones"": null, ""age_max"": null, ""age_min"": null, ""conversations"": null, ""emotional_availability"": null, ""has_children"": null, ""lifestyle"": null, ""partner_children"": null, ""partner_smoking"": null, ""relationship_goal"": null, ""relationship_pace"": null, ""relationship_structure"": null, ""relocate"": null, ""schedule"": null, ""smoking"": null, ""space_for_relationship"": null, ""wants_children"": null, ""who_to_meet"": null}"
syn_e281f8859b0cd83692f377744a27d89d,public_05,27,woman,zone_c,True,synthetic_questionnaire,True,0,,34,,,,,,,,exploring,,,,,,,,"[""man"", ""non_binary""]",not_asked,observed,not_asked,not_asked,not_asked,not_asked,declined,not_asked,not_asked,observed,not_asked,not_asked,not_asked,not_asked,declined,not_asked,not_asked,observed,,0,,,,,,,,0,,,,,,,,0,"{""acceptable_zones"": null, ""age_max"": 34, ""age_min"": null, ""conversations"": null, ""emotional_availability"": null, ""has_children"": null, ""lifestyle"": null, ""partner_children"": null, ""partner_smoking"": null, ""relationship_goal"": ""exploring"", ""relationship_pace"": null, ""relationship_structure"": null, ""relocate"": null, ""schedule"": null, ""smoking"": null, ""space_for_relationship"": null, ""wants_children"": null, ""who_to_meet"": [""man"", ""non_binary""]}","{""acceptable_zones"": ""not_asked"", ""age_max"": ""observed"", ""age_min"": ""not_asked"", ""conversations"": ""not_asked"", ""emotional_availability"": ""not_asked"", ""has_children"": ""not_asked"", ""lifestyle"": ""declined"", ""partner_children"": ""not_asked"", ""partner_smoking"": ""not_asked"", ""relationship_goal"": ""observed"", ""relationship_pace"": ""not_asked"", ""relationship_structure"": ""not_asked"", ""relocate"": ""not_asked"", ""schedule"": ""not_asked"", ""smoking"": ""declined"", ""space_for_relationship"": ""not_asked"", ""wants_children"": ""not_asked"", ""who_to_meet"": ""observed""}","{""acceptable_zones"": null, ""age_max"": 0, ""age_min"": null, ""conversations"": null, ""emotional_availability"": null, ""has_children"": null, ""lifestyle"": null, ""partner_children"": null, ""partner_smoking"": null, ""relationship_goal"": 0, ""relationship_pace"": null, ""relationship_structure"": null, ""relocate"": null, ""schedule"": null, ""smoking"": null, ""space_for_relationship"": null, ""wants_children"": null, ""who_to_meet"": 0}"
syn_1fc3e9684402019760bcc3042af2a81f,public_05,43,man,zone_b,True,synthetic_questionnaire,True,0,,,,,,,,,,,,,yes,,,,,,not_asked,declined,not_asked,not_asked,not_asked,not_asked,not_asked,not_asked,not_asked,not_asked,not_asked,not_asked,observed,not_asked,declined,not_asked,declined,not_asked,,,,,,,,,,,,,0,,,,,,"{""acceptable_zones"": null, ""age_max"": null, ""age_min"": null, ""conversations"": null, ""emotional_availability"": null, ""has_children"": null, ""lifestyle"": null, ""partner_children"": null, ""partner_smoking"": null, ""relationship_goal"": null, ""relationship_pace"": null, ""relationship_structure"": null, ""relocate"": ""yes"", ""schedule"": null, ""smoking"": null, ""space_for_relationship"": null, ""wants_children"": null, ""who_to_meet"": null}","{""acceptable_zones"": ""not_asked"", ""age_max"": ""declined"", ""age_min"": ""not_asked"", ""conversations"": ""not_asked"", ""emotional_availability"": ""not_asked"", ""has_children"": ""not_asked"", ""lifestyle"": ""not_asked"", ""partner_children"": ""not_asked"", ""partner_smoking"": ""not_asked"", ""relationship_goal"": ""not_asked"", ""relationship_pace"": ""not_asked"", ""relationship_structure"": ""not_asked"", ""relocate"": ""observed"", ""schedule"": ""not_asked"", ""smoking"": ""declined"", ""space_for_relationship"": ""not_asked"", ""wants_children"": ""declined"", ""who_to_meet"": ""not_asked""}","{""acceptable_zones"": null, ""age_max"": null, ""age_min"": null, ""conversations"": null, ""emotional_availability"": null, ""has_children"": null, ""lifestyle"": null, ""partner_children"": null, ""partner_smoking"": null, ""relationship_goal"": null, ""relationship_pace"": null, ""relationship_structure"": null, ""relocate"": 0, ""schedule"": null, ""smoking"": null, ""space_for_relationship"": null, ""wants_children"": null, ""who_to_meet"": null}"
syn_ac7daacb1112657649da5703f2491fb8,public_05,43,woman,zone_b,True,synthetic_questionnaire,True,0,"[""zone_b"", ""zone_d""]",48,38,,,True,,no_children,no_smoking,,,monogamous,,"[""weekend_day""]",no,,yes,"[""woman""]",observed,observed,observed,not_asked,not_asked,observed,not_asked,observed,observed,not_asked,not_asked,observed,not_asked,observed,observed,not_asked,observed,observed,12,12,12,,,12,,12,12,,,12,,12,12,,12,12,"{""acceptable_zones"": [""zone_b"", ""zone_d""], ""age_max"": 48, ""age_min"": 38, ""conversations"": null, ""emotional_availability"": null, ""has_children"": true, ""lifestyle"": null, ""partner_children"": ""no_children"", ""partner_smoking"": ""no_smoking"", ""relationship_goal"": null, ""relationship_pace"": null, ""relationship_structure"": ""monogamous"", ""relocate"": null, ""schedule"": [""weekend_day""], ""smoking"": ""no"", ""space_for_relationship"": null, ""wants_children"": ""yes"", ""who_to_meet"": [""woman""]}","{""acceptable_zones"": ""observed"", ""age_max"": ""observed"", ""age_min"": ""observed"", ""conversations"": ""not_asked"", ""emotional_availability"": ""not_asked"", ""has_children"": ""observed"", ""lifestyle"": ""not_asked"", ""partner_children"": ""observed"", ""partner_smoking"": ""observed"", ""relationship_goal"": ""not_asked"", ""relationship_pace"": ""not_asked"", ""relationship_structure"": ""observed"", ""relocate"": ""not_asked"", ""schedule"": ""observed"", ""smoking"": ""observed"", ""space_for_relationship"": ""not_asked"", ""wants_children"": ""observed"", ""who_to_meet"": ""observed""}","{""acceptable_zones"": 12, ""age_max"": 12, ""age_min"": 12, ""conversations"": null, ""emotional_availability"": null, ""has_children"": 12, ""lifestyle"": null, ""partner_children"": 12, ""partner_smoking"": 12, ""relationship_goal"": null, ""relationship_pace"": null, ""relationship_structure"": 12, ""relocate"": null, ""schedule"": 12, ""smoking"": 12, ""space_for_relationship"": null, ""wants_children"": 12, ""who_to_meet"": 12}"
syn_8a5b3f43519670f510f41877fe956125,public_05,34,woman,zone_a,True,synthetic_questionnaire,True,14,,,,,,,,,,,,,,,,,no,,not_asked,not_asked,not_asked,not_asked,not_asked,not_asked,not_asked,not_asked,not_asked,not_asked,not_asked,not_asked,not_asked,not_asked,not_asked,not_asked,observed,declined,,,,,,,,,,,,,,,,,14,,"{""acceptable_zones"": null, ""age_max"": null, ""age_min"": null, ""conversations"": null, ""emotional_availability"": null, ""has_children"": null, ""lifestyle"": null, ""partner_children"": null, ""partner_smoking"": null, ""relationship_goal"": null, ""relationship_pace"": null, ""relationship_structure"": null, ""relocate"": null, ""schedule"": null, ""smoking"": null, ""space_for_relationship"": null, ""wants_children"": ""no"", ""who_to_meet"": null}","{""acceptable_zones"": ""not_asked"", ""age_max"": ""not_asked"", ""age_min"": ""not_asked"", ""conversations"": ""not_asked"", ""emotional_availability"": ""not_asked"", ""has_children"": ""not_asked"", ""lifestyle"": ""not_asked"", ""partner_children"": ""not_asked"", ""partner_smoking"": ""not_asked"", ""relationship_goal"": ""not_asked"", ""relationship_pace"": ""not_asked"", ""relationship_structure"": ""not_asked"", ""relocate"": ""not_asked"", ""schedule"": ""not_asked"", ""smoking"": ""not_asked"", ""space_for_relationship"": ""not_asked"", ""wants_children"": ""observed"", ""who_to_meet"": ""declined""}","{""acceptable_zones"": null, ""age_max"": null, ""age_min"": null, ""conversations"": null, ""emotional_availability"": null, ""has_children"": null, ""lifestyle"": null, ""partner_children"": null, ""partner_smoking"": null, ""relationship_goal"": null, ""relationship_pace"": null, ""relationship_structure"": null, ""relocate"": null, ""schedule"": null, ""smoking"": null, ""space_for_relationship"": null, ""wants_children"": 14, ""who_to_meet"": null}"
syn_63cfd88b7a8214239fa0cb2b84e40d46,public_05,27,man,zone_c,True,synthetic_questionnaire,True,2,"[""zone_c""]",33,19,,,False,,no_children,any,long_term,,monogamous,,"[""weekend_day""]",no,,no,"[""woman""]",observed,observed,observed,not_asked,not_asked,observed,not_asked,observed,observed,observed,not_asked,observed,not_asked,observed,observed,not_asked,observed,observed,12,12,12,,,12,,12,12,2,,12,,12,12,,12,12,"{""acceptable_zones"": [""zone_c""], ""age_max"": 33, ""age_min"": 19, ""conversations"": null, ""emotional_availability"": null, ""has_children"": false, ""lifestyle"": null, ""partner_children"": ""no_children"", ""partner_smoking"": ""any"", ""relationship_goal"": ""long_term"", ""relationship_pace"": null, ""relationship_structure"": ""monogamous"", ""relocate"": null, ""schedule"": [""weekend_day""], ""smoking"": ""no"", ""space_for_relationship"": null, ""wants_children"": ""no"", ""who_to_meet"": [""woman""]}","{""acceptable_zones"": ""observed"", ""age_max"": ""observed"", ""age_min"": ""observed"", ""conversations"": ""not_asked"", ""emotional_availability"": ""not_asked"", ""has_children"": ""observed"", ""lifestyle"": ""not_asked"", ""partner_children"": ""observed"", ""partner_smoking"": ""observed"", ""relationship_goal"": ""observed"", ""relationship_pace"": ""not_asked"", ""relationship_structure"": ""observed"", ""relocate"": ""not_asked"", ""schedule"": ""observed"", ""smoking"": ""observed"", ""space_for_relationship"": ""not_asked"", ""wants_children"": ""observed"", ""who_to_meet"": ""observed""}","{""acceptable_zones"": 12, ""age_max"": 12, ""age_min"": 12, ""conversations"": null, ""emotional_availability"": null, ""has_children"": 12, ""lifestyle"": null, ""partner_children"": 12, ""partner_smoking"": 12, ""relationship_goal"": 2, ""relationship_pace"": null, ""relationship_structure"": 12, ""relocate"": null, ""schedule"": 12, ""smoking"": 12, ""space_for_relationship"": null, ""wants_children"": 12, ""who_to_meet"": 12}"
syn_ea1d2fca4324fb4bd34845e562dc19ed,public_05,42,non_binary,zone_a,True,synthetic_questionnaire,True,15,,,,,,False,,,,exploring,,,,,no,,,,not_asked,not_asked,not_asked,not_asked,not_asked,observed,not_asked,declined,not_asked,observed,not_asked,not_asked,declined,not_asked,observed,not_asked,not_asked,not_asked,,,,,,15,,,,15,,,,,15,,,,"{""acceptable_zones"": null, ""age_max"": null, ""age_min"": null, ""conversations"": null, ""emotional_availability"": null, ""has_children"": false, ""lifestyle"": null, ""partner_children"": null, ""partner_smoking"": null, ""relationship_goal"": ""exploring"", ""relationship_pace"": null, ""relationship_structure"": null, ""relocate"": null, ""schedule"": null, ""smoking"": ""no"", ""space_for_relationship"": null, ""wants_children"": null, ""who_to_meet"": null}","{""acceptable_zones"": ""not_asked"", ""age_max"": ""not_asked"", ""age_min"": ""not_asked"", ""conversations"": ""not_asked"", ""emotional_availability"": ""not_asked"", ""has_children"": ""observed"", ""lifestyle"": ""not_asked"", ""partner_children"": ""declined"", ""partner_smoking"": ""not_asked"", ""relationship_goal"": ""observed"", ""relationship_pace"": ""not_asked"", ""relationship_structure"": ""not_asked"", ""relocate"": ""declined"", ""schedule"": ""not_asked"", ""smoking"": ""observed"", ""space_for_relationship"": ""not_asked"", ""wants_children"": ""not_asked"", ""who_to_meet"": ""not_asked""}","{""acceptable_zones"": null, ""age_max"": null, ""age_min"": null, ""conversations"": null, ""emotional_availability"": null, ""has_children"": 15, ""lifestyle"": null, ""partner_children"": null, ""partner_smoking"": null, ""relationship_goal"": 15, ""relationship_pace"": null, ""relationship_structure"": null, ""relocate"": null, ""schedule"": null, ""smoking"": 15, ""space_for_relationship"": null, ""wants_children"": null, ""who_to_meet"": null}"
syn_6b88d248294608aa27175c604b65f71a,public_05,33,woman,zone_a,False,synthetic_questionnaire,True,4,,38,,,,,social,,,long_term,,,,,,,,,not_asked,observed,not_asked,not_asked,not_asked,not_asked,observed,not_asked,not_asked,observed,not_asked,not_asked,not_asked,declined,not_asked,not_asked,not_asked,not_asked,,4,,,,,4,,,4,,,,,,,,,"{""acceptable_zones"": null, ""age_max"": 38, ""age_min"": null, ""conversations"": null, ""emotional_availability"": null, ""has_children"": null, ""lifestyle"": ""social"", ""partner_children"": null, ""partner_smoking"": null, ""relationship_goal"": ""long_term"", ""relationship_pace"": null, ""relationship_structure"": null, ""relocate"": null, ""schedule"": null, ""smoking"": null, ""space_for_relationship"": null, ""wants_children"": null, ""who_to_meet"": null}","{""acceptable_zones"": ""not_asked"", ""age_max"": ""observed"", ""age_min"": ""not_asked"", ""conversations"": ""not_asked"", ""emotional_availability"": ""not_asked"", ""has_children"": ""not_asked"", ""lifestyle"": ""observed"", ""partner_children"": ""not_asked"", ""partner_smoking"": ""not_asked"", ""relationship_goal"": ""observed"", ""relationship_pace"": ""not_asked"", ""relationship_structure"": ""not_asked"", ""relocate"": ""not_asked"", ""schedule"": ""declined"", ""smoking"": ""not_asked"", ""space_for_relationship"": ""not_asked"", ""wants_children"": ""not_asked"", ""who_to_meet"": ""not_asked""}","{""acceptable_zones"": null, ""age_max"": 4, ""age_min"": null, ""conversations"": null, ""emotional_availability"": null, ""has_children"": null, ""lifestyle"": 4, ""partner_children"": null, ""partner_smoking"": null, ""relationship_goal"": 4, ""relationship_pace"": null, ""relationship_structure"": null, ""relocate"": null, ""schedule"": null, ""smoking"": null, ""space_for_relationship"": null, ""wants_children"": null, ""who_to_meet"": null}"
syn_3874834f8c41d2239a31fdac33f50e4a,public_05,34,man,zone_a,True,synthetic_questionnaire,True,14,"[""zone_a"", ""zone_b""]",40,26,,,False,,any,any,,,monogamous,,"[""weekday_evening"", ""weekend_day""]",no,,yes,"[""man""]",observed,observed,observed,not_asked,not_asked,observed,not_asked,observed,observed,not_asked,not_asked,observed,not_asked,observed,observed,not_asked,observed,observed,15,15,15,,,15,,15,15,,,15,,15,15,,15,15,"{""acceptable_zones"": [""zone_a"", ""zone_b""], ""age_max"": 40, ""age_min"": 26, ""conversations"": null, ""emotional_availability"": null, ""has_children"": false, ""lifestyle"": null, ""partner_children"": ""any"", ""partner_smoking"": ""any"", ""relationship_goal"": null, ""relationship_pace"": null, ""relationship_structure"": ""monogamous"", ""relocate"": null, ""schedule"": [""weekday_evening"", ""weekend_day""], ""smoking"": ""no"", ""space_for_relationship"": null, ""wants_children"": ""yes"", ""who_to_meet"": [""man""]}","{""acceptable_zones"": ""observed"", ""age_max"": ""observed"", ""age_min"": ""observed"", ""conversations"": ""not_asked"", ""emotional_availability"": ""not_asked"", ""has_children"": ""observed"", ""lifestyle"": ""not_asked"", ""partner_children"": ""observed"", ""partner_smoking"": ""observed"", ""relationship_goal"": ""not_asked"", ""relationship_pace"": ""not_asked"", ""relationship_structure"": ""observed"", ""relocate"": ""not_asked"", ""schedule"": ""observed"", ""smoking"": ""observed"", ""space_for_relationship"": ""not_asked"", ""wants_children"": ""observed"", ""who_to_meet"": ""observed""}","{""acceptable_zones"": 15, ""age_max"": 15, ""age_min"": 15, ""conversations"": null, ""emotional_availability"": null, ""has_children"": 15, ""lifestyle"": null, ""partner_children"": 15, ""partner_smoking"": 15, ""relationship_goal"": null, ""relationship_pace"": null, ""relationship_structure"": 15, ""relocate"": null, ""schedule"": 15, ""smoking"": 15, ""space_for_relationship"": null, ""wants_children"": 15, ""who_to_meet"": 15}"
syn_e1727ffa02d837e496beb4e5f61f75e2,public_05,44,man,zone_a,True,synthetic_questionnaire,True,0,,,,,,,,,,,,,,,,,,,not_asked,not_asked,not_asked,not_asked,not_asked,not_asked,not_asked,not_asked,not_asked,not_asked,not_asked,not_asked,not_asked,declined,not_asked,not_asked,not_asked,not_asked,,,,,,,,,,,,,,,,,,,"{""acceptable_zones"": null, ""age_max"": null, ""age_min"": null, ""conversations"": null, ""emotional_availability"": null, ""has_children"": null, ""lifestyle"": null, ""partner_children"": null, ""partner_smoking"": null, ""relationship_goal"": null, ""relationship_pace"": null, ""relationship_structure"": null, ""relocate"": null, ""schedule"": null, ""smoking"": null, ""space_for_relationship"": null, ""wants_children"": null, ""who_to_meet"": null}","{""acceptable_zones"": ""not_asked"", ""age_max"": ""not_asked"", ""age_min"": ""not_asked"", ""conversations"": ""not_asked"", ""emotional_availability"": ""not_asked"", ""has_children"": ""not_asked"", ""lifestyle"": ""not_asked"", ""partner_children"": ""not_asked"", ""partner_smoking"": ""not_asked"", ""relationship_goal"": ""not_asked"", ""relationship_pace"": ""not_asked"", ""relationship_structure"": ""not_asked"", ""relocate"": ""not_asked"", ""schedule"": ""declined"", ""smoking"": ""not_asked"", ""space_for_relationship"": ""not_asked"", ""wants_children"": ""not_asked"", ""who_to_meet"": ""not_asked""}","{""acceptable_zones"": null, ""age_max"": null, ""age_min"": null, ""conversations"": null, ""emotional_availability"": null, ""has_children"": null, ""lifestyle"": null, ""partner_children"": null, ""partner_smoking"": null, ""relationship_goal"": null, ""relationship_pace"": null, ""relationship_structure"": null, ""relocate"": null, ""schedule"": null, ""smoking"": null, ""space_for_relationship"": null, ""wants_children"": null, ""who_to_meet"": null}"
syn_8f15f01517ad9b1f664750c54ede74a8,public_05,31,man,zone_a,True,synthetic_questionnaire,True,0,"[""zone_a""]",39,22,,,False,,no_children,any,,,monogamous,,"[""weekend_evening"", ""weekend_day""]",no,,no,"[""man""]",observed,observed,observed,not_asked,not_asked,observed,not_asked,observed,observed,declined,not_asked,observed,not_asked,observed,observed,not_asked,observed,observed,12,12,12,,,12,,12,12,,,12,,12,12,,12,12,"{""acceptable_zones"": [""zone_a""], ""age_max"": 39, ""age_min"": 22, ""conversations"": null, ""emotional_availability"": null, ""has_children"": false, ""lifestyle"": null, ""partner_children"": ""no_children"", ""partner_smoking"": ""any"", ""relationship_goal"": null, ""relationship_pace"": null, ""relationship_structure"": ""monogamous"", ""relocate"": null, ""schedule"": [""weekend_evening"", ""weekend_day""], ""smoking"": ""no"", ""space_for_relationship"": null, ""wants_children"": ""no"", ""who_to_meet"": [""man""]}","{""acceptable_zones"": ""observed"", ""age_max"": ""observed"", ""age_min"": ""observed"", ""conversations"": ""not_asked"", ""emotional_availability"": ""not_asked"", ""has_children"": ""observed"", ""lifestyle"": ""not_asked"", ""partner_children"": ""observed"", ""partner_smoking"": ""observed"", ""relationship_goal"": ""declined"", ""relationship_pace"": ""not_asked"", ""relationship_structure"": ""observed"", ""relocate"": ""not_asked"", ""schedule"": ""observed"", ""smoking"": ""observed"", ""space_for_relationship"": ""not_asked"", ""wants_children"": ""observed"", ""who_to_meet"": ""observed""}","{""acceptable_zones"": 12, ""age_max"": 12, ""age_min"": 12, ""conversations"": null, ""emotional_availability"": null, ""has_children"": 12, ""lifestyle"": null, ""partner_children"": 12, ""partner_smoking"": 12, ""relationship_goal"": null, ""relationship_pace"": null, ""relationship_structure"": 12, ""relocate"": null, ""schedule"": 12, ""smoking"": 12, ""space_for_relationship"": null, ""wants_children"": 12, ""who_to_meet"": 12}"
syn_6caf89d774a31ea42360843931b34295,public_05,34,woman,zone_a,True,synthetic_questionnaire,True,0,"[""zone_a""]",39,26,,,False,,no_children,no_smoking,,,monogamous,,"[""weekday_evening"", ""weekend_evening""]",occasionally,,yes,"[""non_binary""]",observed,observed,observed,not_asked,declined,observed,not_asked,observed,observed,not_asked,not_asked,observed,not_asked,observed,observed,not_asked,observed,observed,12,12,12,,,12,,12,12,,,12,,12,12,,12,12,"{""acceptable_zones"": [""zone_a""], ""age_max"": 39, ""age_min"": 26, ""conversations"": null, ""emotional_availability"": null, ""has_children"": false, ""lifestyle"": null, ""partner_children"": ""no_children"", ""partner_smoking"": ""no_smoking"", ""relationship_goal"": null, ""relationship_pace"": null, ""relationship_structure"": ""monogamous"", ""relocate"": null, ""schedule"": [""weekday_evening"", ""weekend_evening""], ""smoking"": ""occasionally"", ""space_for_relationship"": null, ""wants_children"": ""yes"", ""who_to_meet"": [""non_binary""]}","{""acceptable_zones"": ""observed"", ""age_max"": ""observed"", ""age_min"": ""observed"", ""conversations"": ""not_asked"", ""emotional_availability"": ""declined"", ""has_children"": ""observed"", ""lifestyle"": ""not_asked"", ""partner_children"": ""observed"", ""partner_smoking"": ""observed"", ""relationship_goal"": ""not_asked"", ""relationship_pace"": ""not_asked"", ""relationship_structure"": ""observed"", ""relocate"": ""not_asked"", ""schedule"": ""observed"", ""smoking"": ""observed"", ""space_for_relationship"": ""not_asked"", ""wants_children"": ""observed"", ""who_to_meet"": ""observed""}","{""acceptable_zones"": 12, ""age_max"": 12, ""age_min"": 12, ""conversations"": null, ""emotional_availability"": null, ""has_children"": 12, ""lifestyle"": null, ""partner_children"": 12, ""partner_smoking"": 12, ""relationship_goal"": null, ""relationship_pace"": null, ""relationship_structure"": 12, ""relocate"": null, ""schedule"": 12, ""smoking"": 12, ""space_for_relationship"": null, ""wants_children"": 12, ""who_to_meet"": 12}"
syn_e7313d20148b0ae24b283f75f679a9eb,public_05,43,woman,zone_a,True,synthetic_questionnaire,True,0,"[""zone_a""]",47,38,ideas,ready,False,social,any,any,long_term,steady,monogamous,no,"[""weekend_evening""]",no,ample,no,"[""woman"", ""non_binary""]",observed,observed,observed,observed,observed,observed,observed,observed,observed,observed,observed,observed,observed,observed,observed,observed,observed,observed,0,0,0,0,0,0,0,0,0,0,0,0,0,0,0,0,0,0,"{""acceptable_zones"": [""zone_a""], ""age_max"": 47, ""age_min"": 38, ""conversations"": ""ideas"", ""emotional_availability"": ""ready"", ""has_children"": false, ""lifestyle"": ""social"", ""partner_children"": ""any"", ""partner_smoking"": ""any"", ""relationship_goal"": ""long_term"", ""relationship_pace"": ""steady"", ""relationship_structure"": ""monogamous"", ""relocate"": ""no"", ""schedule"": [""weekend_evening""], ""smoking"": ""no"", ""space_for_relationship"": ""ample"", ""wants_children"": ""no"", ""who_to_meet"": [""woman"", ""non_binary""]}","{""acceptable_zones"": ""observed"", ""age_max"": ""observed"", ""age_min"": ""observed"", ""conversations"": ""observed"", ""emotional_availability"": ""observed"", ""has_children"": ""observed"", ""lifestyle"": ""observed"", ""partner_children"": ""observed"", ""partner_smoking"": ""observed"", ""relationship_goal"": ""observed"", ""relationship_pace"": ""observed"", ""relationship_structure"": ""observed"", ""relocate"": ""observed"", ""schedule"": ""observed"", ""smoking"": ""observed"", ""space_for_relationship"": ""observed"", ""wants_children"": ""observed"", ""who_to_meet"": ""observed""}","{""acceptable_zones"": 0, ""age_max"": 0, ""age_min"": 0, ""conversations"": 0, ""emotional_availability"": 0, ""has_children"": 0, ""lifestyle"": 0, ""partner_children"": 0, ""partner_smoking"": 0, ""relationship_goal"": 0, ""relationship_pace"": 0, ""relationship_structure"": 0, ""relocate"": 0, ""schedule"": 0, ""smoking"": 0, ""space_for_relationship"": 0, ""wants_children"": 0, ""who_to_meet"": 0}"
syn_b10bb6e023100c76a6e40692f904e30f,public_05,36,woman,zone_a,True,synthetic_questionnaire,True,0,"[""zone_a""]",,,stories,,,,,,,,,,,no,,,,observed,not_asked,not_asked,observed,not_asked,not_asked,not_asked,not_asked,not_asked,not_asked,not_asked,not_asked,not_asked,not_asked,observed,not_asked,not_asked,declined,0,,,0,,,,,,,,,,,0,,,,"{""acceptable_zones"": [""zone_a""], ""age_max"": null, ""age_min"": null, ""conversations"": ""stories"", ""emotional_availability"": null, ""has_children"": null, ""lifestyle"": null, ""partner_children"": null, ""partner_smoking"": null, ""relationship_goal"": null, ""relationship_pace"": null, ""relationship_structure"": null, ""relocate"": null, ""schedule"": null, ""smoking"": ""no"", ""space_for_relationship"": null, ""wants_children"": null, ""who_to_meet"": null}","{""acceptable_zones"": ""observed"", ""age_max"": ""not_asked"", ""age_min"": ""not_asked"", ""conversations"": ""observed"", ""emotional_availability"": ""not_asked"", ""has_children"": ""not_asked"", ""lifestyle"": ""not_asked"", ""partner_children"": ""not_asked"", ""partner_smoking"": ""not_asked"", ""relationship_goal"": ""not_asked"", ""relationship_pace"": ""not_asked"", ""relationship_structure"": ""not_asked"", ""relocate"": ""not_asked"", ""schedule"": ""not_asked"", ""smoking"": ""observed"", ""space_for_relationship"": ""not_asked"", ""wants_children"": ""not_asked"", ""who_to_meet"": ""declined""}","{""acceptable_zones"": 0, ""age_max"": null, ""age_min"": null, ""conversations"": 0, ""emotional_availability"": null, ""has_children"": null, ""lifestyle"": null, ""partner_children"": null, ""partner_smoking"": null, ""relationship_goal"": null, ""relationship_pace"": null, ""relationship_structure"": null, ""relocate"": null, ""schedule"": null, ""smoking"": 0, ""space_for_relationship"": null, ""wants_children"": null, ""who_to_meet"": null}"
syn_18f948424eec53d257c5c8d8112eb9d1,public_05,45,woman,zone_b,True,synthetic_questionnaire,True,0,"[""zone_b""]",52,42,,,False,,any,any,,,monogamous,,"[""weekend_day"", ""weekday_evening""]",no,,no,"[""non_binary"", ""woman""]",observed,observed,observed,not_asked,not_asked,observed,not_asked,observed,observed,not_asked,not_asked,observed,not_asked,observed,observed,not_asked,observed,observed,13,13,13,,,13,,13,13,,,13,,13,13,,13,13,"{""acceptable_zones"": [""zone_b""], ""age_max"": 52, ""age_min"": 42, ""conversations"": null, ""emotional_availability"": null, ""has_children"": false, ""lifestyle"": null, ""partner_children"": ""any"", ""partner_smoking"": ""any"", ""relationship_goal"": null, ""relationship_pace"": null, ""relationship_structure"": ""monogamous"", ""relocate"": null, ""schedule"": [""weekend_day"", ""weekday_evening""], ""smoking"": ""no"", ""space_for_relationship"": null, ""wants_children"": ""no"", ""who_to_meet"": [""non_binary"", ""woman""]}","{""acceptable_zones"": ""observed"", ""age_max"": ""observed"", ""age_min"": ""observed"", ""conversations"": ""not_asked"", ""emotional_availability"": ""not_asked"", ""has_children"": ""observed"", ""lifestyle"": ""not_asked"", ""partner_children"": ""observed"", ""partner_smoking"": ""observed"", ""relationship_goal"": ""not_asked"", ""relationship_pace"": ""not_asked"", ""relationship_structure"": ""observed"", ""relocate"": ""not_asked"", ""schedule"": ""observed"", ""smoking"": ""observed"", ""space_for_relationship"": ""not_asked"", ""wants_children"": ""observed"", ""who_to_meet"": ""observed""}","{""acceptable_zones"": 13, ""age_max"": 13, ""age_min"": 13, ""conversations"": null, ""emotional_availability"": null, ""has_children"": 13, ""lifestyle"": null, ""partner_children"": 13, ""partner_smoking"": 13, ""relationship_goal"": null, ""relationship_pace"": null, ""relationship_structure"": 13, ""relocate"": null, ""schedule"": 13, ""smoking"": 13, ""space_for_relationship"": null, ""wants_children"": 13, ""who_to_meet"": 13}"
syn_e6b57e07ceafd25bccb206402eb52056,public_05,35,woman,zone_a,True,synthetic_questionnaire,True,0,"[""zone_a""]",42,32,ideas,taking_time,False,,no_children,any,,,monogamous,,"[""weekday_evening"", ""weekend_day"", ""weekend_evening""]",no,,no,"[""man""]",observed,observed,observed,observed,observed,observed,not_asked,observed,observed,not_asked,not_asked,observed,not_asked,observed,observed,not_asked,observed,observed,13,13,13,0,0,13,,13,13,,,13,,13,13,,13,13,"{""acceptable_zones"": [""zone_a""], ""age_max"": 42, ""age_min"": 32, ""conversations"": ""ideas"", ""emotional_availability"": ""taking_time"", ""has_children"": false, ""lifestyle"": null, ""partner_children"": ""no_children"", ""partner_smoking"": ""any"", ""relationship_goal"": null, ""relationship_pace"": null, ""relationship_structure"": ""monogamous"", ""relocate"": null, ""schedule"": [""weekday_evening"", ""weekend_day"", ""weekend_evening""], ""smoking"": ""no"", ""space_for_relationship"": null, ""wants_children"": ""no"", ""who_to_meet"": [""man""]}","{""acceptable_zones"": ""observed"", ""age_max"": ""observed"", ""age_min"": ""observed"", ""conversations"": ""observed"", ""emotional_availability"": ""observed"", ""has_children"": ""observed"", ""lifestyle"": ""not_asked"", ""partner_children"": ""observed"", ""partner_smoking"": ""observed"", ""relationship_goal"": ""not_asked"", ""relationship_pace"": ""not_asked"", ""relationship_structure"": ""observed"", ""relocate"": ""not_asked"", ""schedule"": ""observed"", ""smoking"": ""observed"", ""space_for_relationship"": ""not_asked"", ""wants_children"": ""observed"", ""who_to_meet"": ""observed""}","{""acceptable_zones"": 13, ""age_max"": 13, ""age_min"": 13, ""conversations"": 0, ""emotional_availability"": 0, ""has_children"": 13, ""lifestyle"": null, ""partner_children"": 13, ""partner_smoking"": 13, ""relationship_goal"": null, ""relationship_pace"": null, ""relationship_structure"": 13, ""relocate"": null, ""schedule"": 13, ""smoking"": 13, ""space_for_relationship"": null, ""wants_children"": 13, ""who_to_meet"": 13}"
syn_99546a3d5e1bc9cdce7538e9d86856ec,public_05,38,man,zone_c,False,synthetic_questionnaire,True,7,"[""zone_c""]",45,33,,,False,mixed,any,no_smoking,,,non_monogamous,,"[""weekend_day""]",occasionally,ample,unsure,"[""non_binary"", ""man""]",observed,observed,observed,not_asked,not_asked,observed,observed,observed,observed,not_asked,not_asked,observed,not_asked,observed,observed,observed,observed,observed,13,13,13,,,13,7,13,13,,,13,,13,13,7,13,13,"{""acceptable_zones"": [""zone_c""], ""age_max"": 45, ""age_min"": 33, ""conversations"": null, ""emotional_availability"": null, ""has_children"": false, ""lifestyle"": ""mixed"", ""partner_children"": ""any"", ""partner_smoking"": ""no_smoking"", ""relationship_goal"": null, ""relationship_pace"": null, ""relationship_structure"": ""non_monogamous"", ""relocate"": null, ""schedule"": [""weekend_day""], ""smoking"": ""occasionally"", ""space_for_relationship"": ""ample"", ""wants_children"": ""unsure"", ""who_to_meet"": [""non_binary"", ""man""]}","{""acceptable_zones"": ""observed"", ""age_max"": ""observed"", ""age_min"": ""observed"", ""conversations"": ""not_asked"", ""emotional_availability"": ""not_asked"", ""has_children"": ""observed"", ""lifestyle"": ""observed"", ""partner_children"": ""observed"", ""partner_smoking"": ""observed"", ""relationship_goal"": ""not_asked"", ""relationship_pace"": ""not_asked"", ""relationship_structure"": ""observed"", ""relocate"": ""not_asked"", ""schedule"": ""observed"", ""smoking"": ""observed"", ""space_for_relationship"": ""observed"", ""wants_children"": ""observed"", ""who_to_meet"": ""observed""}","{""acceptable_zones"": 13, ""age_max"": 13, ""age_min"": 13, ""conversations"": null, ""emotional_availability"": null, ""has_children"": 13, ""lifestyle"": 7, ""partner_children"": 13, ""partner_smoking"": 13, ""relationship_goal"": null, ""relationship_pace"": null, ""relationship_structure"": 13, ""relocate"": null, ""schedule"": 13, ""smoking"": 13, ""space_for_relationship"": 7, ""wants_children"": 13, ""who_to_meet"": 13}"
syn_a219cba0f701c38b753e78119a4da676,public_05,42,woman,zone_a,True,synthetic_questionnaire,True,0,,,,,,,,,,,,,,,,,,,declined,not_asked,declined,declined,not_asked,not_asked,not_asked,not_asked,not_asked,not_asked,not_asked,not_asked,not_asked,not_asked,not_asked,declined,not_asked,not_asked,,,,,,,,,,,,,,,,,,,"{""acceptable_zones"": null, ""age_max"": null, ""age_min"": null, ""conversations"": null, ""emotional_availability"": null, ""has_children"": null, ""lifestyle"": null, ""partner_children"": null, ""partner_smoking"": null, ""relationship_goal"": null, ""relationship_pace"": null, ""relationship_structure"": null, ""relocate"": null, ""schedule"": null, ""smoking"": null, ""space_for_relationship"": null, ""wants_children"": null, ""who_to_meet"": null}","{""acceptable_zones"": ""declined"", ""age_max"": ""not_asked"", ""age_min"": ""declined"", ""conversations"": ""declined"", ""emotional_availability"": ""not_asked"", ""has_children"": ""not_asked"", ""lifestyle"": ""not_asked"", ""partner_children"": ""not_asked"", ""partner_smoking"": ""not_asked"", ""relationship_goal"": ""not_asked"", ""relationship_pace"": ""not_asked"", ""relationship_structure"": ""not_asked"", ""relocate"": ""not_asked"", ""schedule"": ""not_asked"", ""smoking"": ""not_asked"", ""space_for_relationship"": ""declined"", ""wants_children"": ""not_asked"", ""who_to_meet"": ""not_asked""}","{""acceptable_zones"": null, ""age_max"": null, ""age_min"": null, ""conversations"": null, ""emotional_availability"": null, ""has_children"": null, ""lifestyle"": null, ""partner_children"": null, ""partner_smoking"": null, ""relationship_goal"": null, ""relationship_pace"": null, ""relationship_structure"": null, ""relocate"": null, ""schedule"": null, ""smoking"": null, ""space_for_relationship"": null, ""wants_children"": null, ""who_to_meet"": null}"
syn_5a74933cfb6de83899d29a50df196891,public_05,37,woman,zone_a,False,synthetic_questionnaire,True,0,"[""zone_a""]",46,28,,,True,,any,any,,,monogamous,,"[""weekend_day""]",occasionally,,yes,"[""woman""]",observed,observed,observed,not_asked,not_asked,observed,not_asked,observed,observed,not_asked,not_asked,observed,not_asked,observed,observed,not_asked,observed,observed,13,13,13,,,13,,13,13,,,13,,13,13,,13,13,"{""acceptable_zones"": [""zone_a""], ""age_max"": 46, ""age_min"": 28, ""conversations"": null, ""emotional_availability"": null, ""has_children"": true, ""lifestyle"": null, ""partner_children"": ""any"", ""partner_smoking"": ""any"", ""relationship_goal"": null, ""relationship_pace"": null, ""relationship_structure"": ""monogamous"", ""relocate"": null, ""schedule"": [""weekend_day""], ""smoking"": ""occasionally"", ""space_for_relationship"": null, ""wants_children"": ""yes"", ""who_to_meet"": [""woman""]}","{""acceptable_zones"": ""observed"", ""age_max"": ""observed"", ""age_min"": ""observed"", ""conversations"": ""not_asked"", ""emotional_availability"": ""not_asked"", ""has_children"": ""observed"", ""lifestyle"": ""not_asked"", ""partner_children"": ""observed"", ""partner_smoking"": ""observed"", ""relationship_goal"": ""not_asked"", ""relationship_pace"": ""not_asked"", ""relationship_structure"": ""observed"", ""relocate"": ""not_asked"", ""schedule"": ""observed"", ""smoking"": ""observed"", ""space_for_relationship"": ""not_asked"", ""wants_children"": ""observed"", ""who_to_meet"": ""observed""}","{""acceptable_zones"": 13, ""age_max"": 13, ""age_min"": 13, ""conversations"": null, ""emotional_availability"": null, ""has_children"": 13, ""lifestyle"": null, ""partner_children"": 13, ""partner_smoking"": 13, ""relationship_goal"": null, ""relationship_pace"": null, ""relationship_structure"": 13, ""relocate"": null, ""schedule"": 13, ""smoking"": 13, ""space_for_relationship"": null, ""wants_children"": 13, ""who_to_meet"": 13}"
syn_0cc07e96f676a5d559cbc5e653e33702,public_05,45,man,zone_a,True,synthetic_questionnaire,True,0,"[""zone_a""]",49,40,practical,ready,False,quiet,any,any,exploring,quick,non_monogamous,unsure,"[""weekday_evening"", ""weekend_day"", ""weekend_evening""]",no,moderate,no,"[""non_binary""]",observed,observed,observed,observed,observed,observed,observed,observed,observed,observed,observed,observed,observed,observed,observed,observed,observed,observed,0,0,0,0,0,0,0,0,0,0,0,0,0,0,0,0,0,0,"{""acceptable_zones"": [""zone_a""], ""age_max"": 49, ""age_min"": 40, ""conversations"": ""practical"", ""emotional_availability"": ""ready"", ""has_children"": false, ""lifestyle"": ""quiet"", ""partner_children"": ""any"", ""partner_smoking"": ""any"", ""relationship_goal"": ""exploring"", ""relationship_pace"": ""quick"", ""relationship_structure"": ""non_monogamous"", ""relocate"": ""unsure"", ""schedule"": [""weekday_evening"", ""weekend_day"", ""weekend_evening""], ""smoking"": ""no"", ""space_for_relationship"": ""moderate"", ""wants_children"": ""no"", ""who_to_meet"": [""non_binary""]}","{""acceptable_zones"": ""observed"", ""age_max"": ""observed"", ""age_min"": ""observed"", ""conversations"": ""observed"", ""emotional_availability"": ""observed"", ""has_children"": ""observed"", ""lifestyle"": ""observed"", ""partner_children"": ""observed"", ""partner_smoking"": ""observed"", ""relationship_goal"": ""observed"", ""relationship_pace"": ""observed"", ""relationship_structure"": ""observed"", ""relocate"": ""observed"", ""schedule"": ""observed"", ""smoking"": ""observed"", ""space_for_relationship"": ""observed"", ""wants_children"": ""observed"", ""who_to_meet"": ""observed""}","{""acceptable_zones"": 0, ""age_max"": 0, ""age_min"": 0, ""conversations"": 0, ""emotional_availability"": 0, ""has_children"": 0, ""lifestyle"": 0, ""partner_children"": 0, ""partner_smoking"": 0, ""relationship_goal"": 0, ""relationship_pace"": 0, ""relationship_structure"": 0, ""relocate"": 0, ""schedule"": 0, ""smoking"": 0, ""space_for_relationship"": 0, ""wants_children"": 0, ""who_to_meet"": 0}"
syn_7eb690e09fe84b65dc6054bf5e4869ba,public_05,33,man,zone_c,True,synthetic_questionnaire,True,0,"[""zone_c"", ""zone_a""]",,,ideas,,,,,,,,,,,,,yes,,observed,declined,not_asked,observed,not_asked,not_asked,not_asked,not_asked,not_asked,not_asked,not_asked,not_asked,not_asked,not_asked,not_asked,not_asked,observed,not_asked,0,,,0,,,,,,,,,,,,,0,,"{""acceptable_zones"": [""zone_c"", ""zone_a""], ""age_max"": null, ""age_min"": null, ""conversations"": ""ideas"", ""emotional_availability"": null, ""has_children"": null, ""lifestyle"": null, ""partner_children"": null, ""partner_smoking"": null, ""relationship_goal"": null, ""relationship_pace"": null, ""relationship_structure"": null, ""relocate"": null, ""schedule"": null, ""smoking"": null, ""space_for_relationship"": null, ""wants_children"": ""yes"", ""who_to_meet"": null}","{""acceptable_zones"": ""observed"", ""age_max"": ""declined"", ""age_min"": ""not_asked"", ""conversations"": ""observed"", ""emotional_availability"": ""not_asked"", ""has_children"": ""not_asked"", ""lifestyle"": ""not_asked"", ""partner_children"": ""not_asked"", ""partner_smoking"": ""not_asked"", ""relationship_goal"": ""not_asked"", ""relationship_pace"": ""not_asked"", ""relationship_structure"": ""not_asked"", ""relocate"": ""not_asked"", ""schedule"": ""not_asked"", ""smoking"": ""not_asked"", ""space_for_relationship"": ""not_asked"", ""wants_children"": ""observed"", ""who_to_meet"": ""not_asked""}","{""acceptable_zones"": 0, ""age_max"": null, ""age_min"": null, ""conversations"": 0, ""emotional_availability"": null, ""has_children"": null, ""lifestyle"": null, ""partner_children"": null, ""partner_smoking"": null, ""relationship_goal"": null, ""relationship_pace"": null, ""relationship_structure"": null, ""relocate"": null, ""schedule"": null, ""smoking"": null, ""space_for_relationship"": null, ""wants_children"": 0, ""who_to_meet"": null}"
syn_f6dd627d1108f9a47392d79f0b9097f5,public_05,46,woman,zone_a,True,synthetic_questionnaire,True,18,"[""zone_a""]",56,43,playful,ready,False,quiet,any,any,long_term,quick,monogamous,unsure,"[""weekend_evening"", ""weekend_day""]",no,moderate,unsure,"[""woman""]",observed,observed,observed,observed,observed,observed,observed,observed,observed,observed,observed,observed,observed,observed,observed,observed,observed,observed,18,18,18,18,18,18,18,18,18,18,18,18,18,18,18,18,18,18,"{""acceptable_zones"": [""zone_a""], ""age_max"": 56, ""age_min"": 43, ""conversations"": ""playful"", ""emotional_availability"": ""ready"", ""has_children"": false, ""lifestyle"": ""quiet"", ""partner_children"": ""any"", ""partner_smoking"": ""any"", ""relationship_goal"": ""long_term"", ""relationship_pace"": ""quick"", ""relationship_structure"": ""monogamous"", ""relocate"": ""unsure"", ""schedule"": [""weekend_evening"", ""weekend_day""], ""smoking"": ""no"", ""space_for_relationship"": ""moderate"", ""wants_children"": ""unsure"", ""who_to_meet"": [""woman""]}","{""acceptable_zones"": ""observed"", ""age_max"": ""observed"", ""age_min"": ""observed"", ""conversations"": ""observed"", ""emotional_availability"": ""observed"", ""has_children"": ""observed"", ""lifestyle"": ""observed"", ""partner_children"": ""observed"", ""partner_smoking"": ""observed"", ""relationship_goal"": ""observed"", ""relationship_pace"": ""observed"", ""relationship_structure"": ""observed"", ""relocate"": ""observed"", ""schedule"": ""observed"", ""smoking"": ""observed"", ""space_for_relationship"": ""observed"", ""wants_children"": ""observed"", ""who_to_meet"": ""observed""}","{""acceptable_zones"": 18, ""age_max"": 18, ""age_min"": 18, ""conversations"": 18, ""emotional_availability"": 18, ""has_children"": 18, ""lifestyle"": 18, ""partner_children"": 18, ""partner_smoking"": 18, ""relationship_goal"": 18, ""relationship_pace"": 18, ""relationship_structure"": 18, ""relocate"": 18, ""schedule"": 18, ""smoking"": 18, ""space_for_relationship"": 18, ""wants_children"": 18, ""who_to_meet"": 18}"
syn_ddb510ae9fbcb6b7cc548470aa17e546,public_05,26,woman,zone_b,False,synthetic_questionnaire,True,5,"[""zone_b"", ""zone_c""]",32,21,,,False,,any,any,,,monogamous,,"[""weekend_day"", ""weekend_evening""]",no,,unsure,"[""man""]",observed,observed,observed,not_asked,not_asked,observed,not_asked,observed,observed,not_asked,not_asked,observed,not_asked,observed,observed,not_asked,observed,observed,15,15,15,,,15,,15,15,,,15,,15,15,,15,15,"{""acceptable_zones"": [""zone_b"", ""zone_c""], ""age_max"": 32, ""age_min"": 21, ""conversations"": null, ""emotional_availability"": null, ""has_children"": false, ""lifestyle"": null, ""partner_children"": ""any"", ""partner_smoking"": ""any"", ""relationship_goal"": null, ""relationship_pace"": null, ""relationship_structure"": ""monogamous"", ""relocate"": null, ""schedule"": [""weekend_day"", ""weekend_evening""], ""smoking"": ""no"", ""space_for_relationship"": null, ""wants_children"": ""unsure"", ""who_to_meet"": [""man""]}","{""acceptable_zones"": ""observed"", ""age_max"": ""observed"", ""age_min"": ""observed"", ""conversations"": ""not_asked"", ""emotional_availability"": ""not_asked"", ""has_children"": ""observed"", ""lifestyle"": ""not_asked"", ""partner_children"": ""observed"", ""partner_smoking"": ""observed"", ""relationship_goal"": ""not_asked"", ""relationship_pace"": ""not_asked"", ""relationship_structure"": ""observed"", ""relocate"": ""not_asked"", ""schedule"": ""observed"", ""smoking"": ""observed"", ""space_for_relationship"": ""not_asked"", ""wants_children"": ""observed"", ""who_to_meet"": ""observed""}","{""acceptable_zones"": 15, ""age_max"": 15, ""age_min"": 15, ""conversations"": null, ""emotional_availability"": null, ""has_children"": 15, ""lifestyle"": null, ""partner_children"": 15, ""partner_smoking"": 15, ""relationship_goal"": null, ""relationship_pace"": null, ""relationship_structure"": 15, ""relocate"": null, ""schedule"": 15, ""smoking"": 15, ""space_for_relationship"": null, ""wants_children"": 15, ""who_to_meet"": 15}"
syn_237249b8b5232cecb83d9c594987450c,public_05,22,man,zone_c,True,synthetic_questionnaire,True,0,"[""zone_c"", ""zone_b""]",29,18,playful,taking_time,False,mixed,any,any,long_term,slow,monogamous,unsure,"[""weekend_day""]",occasionally,limited,yes,"[""non_binary""]",observed,observed,observed,observed,observed,observed,observed,observed,observed,observed,observed,observed,observed,observed,observed,observed,observed,observed,0,0,0,0,0,0,0,0,0,0,0,0,0,0,0,0,0,0,"{""acceptable_zones"": [""zone_c"", ""zone_b""], ""age_max"": 29, ""age_min"": 18, ""conversations"": ""playful"", ""emotional_availability"": ""taking_time"", ""has_children"": false, ""lifestyle"": ""mixed"", ""partner_children"": ""any"", ""partner_smoking"": ""any"", ""relationship_goal"": ""long_term"", ""relationship_pace"": ""slow"", ""relationship_structure"": ""monogamous"", ""relocate"": ""unsure"", ""schedule"": [""weekend_day""], ""smoking"": ""occasionally"", ""space_for_relationship"": ""limited"", ""wants_children"": ""yes"", ""who_to_meet"": [""non_binary""]}","{""acceptable_zones"": ""observed"", ""age_max"": ""observed"", ""age_min"": ""observed"", ""conversations"": ""observed"", ""emotional_availability"": ""observed"", ""has_children"": ""observed"", ""lifestyle"": ""observed"", ""partner_children"": ""observed"", ""partner_smoking"": ""observed"", ""relationship_goal"": ""observed"", ""relationship_pace"": ""observed"", ""relationship_structure"": ""observed"", ""relocate"": ""observed"", ""schedule"": ""observed"", ""smoking"": ""observed"", ""space_for_relationship"": ""observed"", ""wants_children"": ""observed"", ""who_to_meet"": ""observed""}","{""acceptable_zones"": 0, ""age_max"": 0, ""age_min"": 0, ""conversations"": 0, ""emotional_availability"": 0, ""has_children"": 0, ""lifestyle"": 0, ""partner_children"": 0, ""partner_smoking"": 0, ""relationship_goal"": 0, ""relationship_pace"": 0, ""relationship_structure"": 0, ""relocate"": 0, ""schedule"": 0, ""smoking"": 0, ""space_for_relationship"": 0, ""wants_children"": 0, ""who_to_meet"": 0}"
syn_d3e2d8f77d4d02c0acbb83cb17567a95,public_05,39,woman,zone_a,True,synthetic_questionnaire,True,0,"[""zone_a""]",43,32,,,False,,no_children,any,,,monogamous,,"[""weekend_evening"", ""weekend_day""]",occasionally,,unsure,"[""woman""]",observed,observed,observed,not_asked,not_asked,observed,not_asked,observed,observed,not_asked,not_asked,observed,not_asked,observed,observed,not_asked,observed,observed,15,15,15,,,15,,15,15,,,15,,15,15,,15,15,"{""acceptable_zones"": [""zone_a""], ""age_max"": 43, ""age_min"": 32, ""conversations"": null, ""emotional_availability"": null, ""has_children"": false, ""lifestyle"": null, ""partner_children"": ""no_children"", ""partner_smoking"": ""any"", ""relationship_goal"": null, ""relationship_pace"": null, ""relationship_structure"": ""monogamous"", ""relocate"": null, ""schedule"": [""weekend_evening"", ""weekend_day""], ""smoking"": ""occasionally"", ""space_for_relationship"": null, ""wants_children"": ""unsure"", ""who_to_meet"": [""woman""]}","{""acceptable_zones"": ""observed"", ""age_max"": ""observed"", ""age_min"": ""observed"", ""conversations"": ""not_asked"", ""emotional_availability"": ""not_asked"", ""has_children"": ""observed"", ""lifestyle"": ""not_asked"", ""partner_children"": ""observed"", ""partner_smoking"": ""observed"", ""relationship_goal"": ""not_asked"", ""relationship_pace"": ""not_asked"", ""relationship_structure"": ""observed"", ""relocate"": ""not_asked"", ""schedule"": ""observed"", ""smoking"": ""observed"", ""space_for_relationship"": ""not_asked"", ""wants_children"": ""observed"", ""who_to_meet"": ""observed""}","{""acceptable_zones"": 15, ""age_max"": 15, ""age_min"": 15, ""conversations"": null, ""emotional_availability"": null, ""has_children"": 15, ""lifestyle"": null, ""partner_children"": 15, ""partner_smoking"": 15, ""relationship_goal"": null, ""relationship_pace"": null, ""relationship_structure"": 15, ""relocate"": null, ""schedule"": 15, ""smoking"": 15, ""space_for_relationship"": null, ""wants_children"": 15, ""who_to_meet"": 15}"
syn_277550b5faab54acac003db56a86e039,public_05,46,man,zone_c,True,synthetic_questionnaire,True,0,,,40,,,,,,,,,,,,,,,,not_asked,declined,observed,not_asked,not_asked,not_asked,not_asked,not_asked,not_asked,not_asked,not_asked,not_asked,declined,not_asked,not_asked,not_asked,not_asked,not_asked,,,0,,,,,,,,,,,,,,,,"{""acceptable_zones"": null, ""age_max"": null, ""age_min"": 40, ""conversations"": null, ""emotional_availability"": null, ""has_children"": null, ""lifestyle"": null, ""partner_children"": null, ""partner_smoking"": null, ""relationship_goal"": null, ""relationship_pace"": null, ""relationship_structure"": null, ""relocate"": null, ""schedule"": null, ""smoking"": null, ""space_for_relationship"": null, ""wants_children"": null, ""who_to_meet"": null}","{""acceptable_zones"": ""not_asked"", ""age_max"": ""declined"", ""age_min"": ""observed"", ""conversations"": ""not_asked"", ""emotional_availability"": ""not_asked"", ""has_children"": ""not_asked"", ""lifestyle"": ""not_asked"", ""partner_children"": ""not_asked"", ""partner_smoking"": ""not_asked"", ""relationship_goal"": ""not_asked"", ""relationship_pace"": ""not_asked"", ""relationship_structure"": ""not_asked"", ""relocate"": ""declined"", ""schedule"": ""not_asked"", ""smoking"": ""not_asked"", ""space_for_relationship"": ""not_asked"", ""wants_children"": ""not_asked"", ""who_to_meet"": ""not_asked""}","{""acceptable_zones"": null, ""age_max"": null, ""age_min"": 0, ""conversations"": null, ""emotional_availability"": null, ""has_children"": null, ""lifestyle"": null, ""partner_children"": null, ""partner_smoking"": null, ""relationship_goal"": null, ""relationship_pace"": null, ""relationship_structure"": null, ""relocate"": null, ""schedule"": null, ""smoking"": null, ""space_for_relationship"": null, ""wants_children"": null, ""who_to_meet"": null}"
