member_id,pool_id,age,gender,zone,available,source,synthetic,arrived_day,field_acceptable_zones,field_age_max,field_age_min,field_conversations,field_emotional_availability,field_has_children,field_lifestyle,field_partner_children,field_partner_smoking,field_relationship_goal,field_relationship_pace,field_relationship_structure,field_relocate,field_schedule,field_smoking,field_space_for_relationship,field_wants_children,field_who_to_meet,status_acceptable_zones,status_age_max,status_age_min,status_conversations,status_emotional_availability,status_has_children,status_lifestyle,status_partner_children,status_partner_smoking,status_relationship_goal,status_relationship_pace,status_relationship_structure,status_relocate,status_schedule,status_smoking,status_space_for_relationship,status_wants_children,status_who_to_meet,observed_day_acceptable_zones,observed_day_age_max,observed_day_age_min,observed_day_conversations,observed_day_emotional_availability,observed_day_has_children,observed_day_lifestyle,observed_day_partner_children,observed_day_partner_smoking,observed_day_relationship_goal,observed_day_relationship_pace,observed_day_relationship_structure,observed_day_relocate,observed_day_schedule,observed_day_smoking,observed_day_space_for_relationship,observed_day_wants_children,observed_day_who_to_meet,fields_json,field_status_json,field_observed_day_json
syn_01434be3ebf87ed69c1bbf9c0735c9c9,public_04,31,man,zone_c,True,synthetic_questionnaire,True,0,,,22,,,,,any,,,,,,,,,,,not_asked,not_asked,observed,not_asked,not_asked,not_asked,not_asked,observed,not_asked,not_asked,not_asked,not_asked,not_asked,declined,not_asked,not_asked,not_asked,not_asked,,,0,,,,,0,,,,,,,,,,,"{""acceptable_zones"": null, ""age_max"": null, ""age_min"": 22, ""conversations"": null, ""emotional_availability"": null, ""has_children"": null, ""lifestyle"": null, ""partner_children"": ""any"", ""partner_smoking"": null, ""relationship_goal"": null, ""relationship_pace"": null, ""relationship_structure"": null, ""relocate"": null, ""schedule"": null, ""smoking"": null, ""space_for_relationship"": null, ""wants_children"": null, ""who_to_meet"": null}","{""acceptable_zones"": ""not_asked"", ""age_max"": ""not_asked"", ""age_min"": ""observed"", ""conversations"": ""not_asked"", ""emotional_availability"": ""not_asked"", ""has_children"": ""not_asked"", ""lifestyle"": ""not_asked"", ""partner_children"": ""observed"", ""partner_smoking"": ""not_asked"", ""relationship_goal"": ""not_asked"", ""relationship_pace"": ""not_asked"", ""relationship_structure"": ""not_asked"", ""relocate"": ""not_asked"", ""schedule"": ""declined"", ""smoking"": ""not_asked"", ""space_for_relationship"": ""not_asked"", ""wants_children"": ""not_asked"", ""who_to_meet"": ""not_asked""}","{""acceptable_zones"": null, ""age_max"": null, ""age_min"": 0, ""conversations"": null, ""emotional_availability"": null, ""has_children"": null, ""lifestyle"": null, ""partner_children"": 0, ""partner_smoking"": null, ""relationship_goal"": null, ""relationship_pace"": null, ""relationship_structure"": null, ""relocate"": null, ""schedule"": null, ""smoking"": null, ""space_for_relationship"": null, ""wants_children"": null, ""who_to_meet"": null}"
syn_efbaa82ff2646933be80b9348534c2f4,public_04,28,man,zone_a,True,synthetic_questionnaire,True,0,"[""zone_a""]",31,23,ideas,taking_time,False,mixed,no_children,no_smoking,exploring,slow,non_monogamous,unsure,"[""weekend_evening""]",no,ample,yes,"[""woman""]",observed,observed,observed,observed,observed,observed,observed,observed,observed,observed,observed,observed,observed,observed,observed,observed,observed,observed,0,0,0,0,0,0,0,0,0,0,0,0,0,0,0,0,0,0,"{""acceptable_zones"": [""zone_a""], ""age_max"": 31, ""age_min"": 23, ""conversations"": ""ideas"", ""emotional_availability"": ""taking_time"", ""has_children"": false, ""lifestyle"": ""mixed"", ""partner_children"": ""no_children"", ""partner_smoking"": ""no_smoking"", ""relationship_goal"": ""exploring"", ""relationship_pace"": ""slow"", ""relationship_structure"": ""non_monogamous"", ""relocate"": ""unsure"", ""schedule"": [""weekend_evening""], ""smoking"": ""no"", ""space_for_relationship"": ""ample"", ""wants_children"": ""yes"", ""who_to_meet"": [""woman""]}","{""acceptable_zones"": ""observed"", ""age_max"": ""observed"", ""age_min"": ""observed"", ""conversations"": ""observed"", ""emotional_availability"": ""observed"", ""has_children"": ""observed"", ""lifestyle"": ""observed"", ""partner_children"": ""observed"", ""partner_smoking"": ""observed"", ""relationship_goal"": ""observed"", ""relationship_pace"": ""observed"", ""relationship_structure"": ""observed"", ""relocate"": ""observed"", ""schedule"": ""observed"", ""smoking"": ""observed"", ""space_for_relationship"": ""observed"", ""wants_children"": ""observed"", ""who_to_meet"": ""observed""}","{""acceptable_zones"": 0, ""age_max"": 0, ""age_min"": 0, ""conversations"": 0, ""emotional_availability"": 0, ""has_children"": 0, ""lifestyle"": 0, ""partner_children"": 0, ""partner_smoking"": 0, ""relationship_goal"": 0, ""relationship_pace"": 0, ""relationship_structure"": 0, ""relocate"": 0, ""schedule"": 0, ""smoking"": 0, ""space_for_relationship"": 0, ""wants_children"": 0, ""who_to_meet"": 0}"
syn_e1292b6233168a52fde8c6c87dab2b5d,public_04,22,man,zone_d,True,synthetic_questionnaire,True,15,"[""zone_d""]",28,18,stories,ready,False,mixed,any,any,exploring,slow,monogamous,no,"[""weekday_evening""]",occasionally,ample,no,"[""non_binary""]",observed,observed,observed,observed,observed,observed,observed,observed,observed,observed,observed,observed,observed,observed,observed,observed,observed,observed,15,15,15,15,15,15,15,15,15,15,15,15,15,15,15,15,15,15,"{""acceptable_zones"": [""zone_d""], ""age_max"": 28, ""age_min"": 18, ""conversations"": ""stories"", ""emotional_availability"": ""ready"", ""has_children"": false, ""lifestyle"": ""mixed"", ""partner_children"": ""any"", ""partner_smoking"": ""any"", ""relationship_goal"": ""exploring"", ""relationship_pace"": ""slow"", ""relationship_structure"": ""monogamous"", ""relocate"": ""no"", ""schedule"": [""weekday_evening""], ""smoking"": ""occasionally"", ""space_for_relationship"": ""ample"", ""wants_children"": ""no"", ""who_to_meet"": [""non_binary""]}","{""acceptable_zones"": ""observed"", ""age_max"": ""observed"", ""age_min"": ""observed"", ""conversations"": ""observed"", ""emotional_availability"": ""observed"", ""has_children"": ""observed"", ""lifestyle"": ""observed"", ""partner_children"": ""observed"", ""partner_smoking"": ""observed"", ""relationship_goal"": ""observed"", ""relationship_pace"": ""observed"", ""relationship_structure"": ""observed"", ""relocate"": ""observed"", ""schedule"": ""observed"", ""smoking"": ""observed"", ""space_for_relationship"": ""observed"", ""wants_children"": ""observed"", ""who_to_meet"": ""observed""}","{""acceptable_zones"": 15, ""age_max"": 15, ""age_min"": 15, ""conversations"": 15, ""emotional_availability"": 15, ""has_children"": 15, ""lifestyle"": 15, ""partner_children"": 15, ""partner_smoking"": 15, ""relationship_goal"": 15, ""relationship_pace"": 15, ""relationship_structure"": 15, ""relocate"": 15, ""schedule"": 15, ""smoking"": 15, ""space_for_relationship"": 15, ""wants_children"": 15, ""who_to_meet"": 15}"
syn_ba938edff7b6a4e8b6cb896385139e9e,public_04,25,non_binary,zone_a,True,synthetic_questionnaire,True,11,,,,,,,,,,,,monogamous,,,,,,,not_asked,not_asked,not_asked,not_asked,not_asked,not_asked,not_asked,declined,not_asked,not_asked,not_asked,observed,not_asked,not_asked,not_asked,not_asked,not_asked,not_asked,,,,,,,,,,,,11,,,,,,,"{""acceptable_zones"": null, ""age_max"": null, ""age_min"": null, ""conversations"": null, ""emotional_availability"": null, ""has_children"": null, ""lifestyle"": null, ""partner_children"": null, ""partner_smoking"": null, ""relationship_goal"": null, ""relationship_pace"": null, ""relationship_structure"": ""monogamous"", ""relocate"": null, ""schedule"": null, ""smoking"": null, ""space_for_relationship"": null, ""wants_children"": null, ""who_to_meet"": null}","{""acceptable_zones"": ""not_asked"", ""age_max"": ""not_asked"", ""age_min"": ""not_asked"", ""conversations"": ""not_asked"", ""emotional_availability"": ""not_asked"", ""has_children"": ""not_asked"", ""lifestyle"": ""not_asked"", ""partner_children"": ""declined"", ""partner_smoking"": ""not_asked"", ""relationship_goal"": ""not_asked"", ""relationship_pace"": ""not_asked"", ""relationship_structure"": ""observed"", ""relocate"": ""not_asked"", ""schedule"": ""not_asked"", ""smoking"": ""not_asked"", ""space_for_relationship"": ""not_asked"", ""wants_children"": ""not_asked"", ""who_to_meet"": ""not_asked""}","{""acceptable_zones"": null, ""age_max"": null, ""age_min"": null, ""conversations"": null, ""emotional_availability"": null, ""has_children"": null, ""lifestyle"": null, ""partner_children"": null, ""partner_smoking"": null, ""relationship_goal"": null, ""relationship_pace"": null, ""relationship_structure"": 11, ""relocate"": null, ""schedule"": null, ""smoking"": null, ""space_for_relationship"": null, ""wants_children"": null, ""who_to_meet"": null}"
syn_230679df9fa8073ee76846fb4522627b,public_04,25,man,zone_c,True,synthetic_questionnaire,True,19,,,,,,,,,,,,,,,,,,,not_asked,not_asked,not_asked,not_asked,not_asked,not_asked,not_asked,not_asked,not_asked,declined,not_asked,not_asked,not_asked,declined,not_asked,not_asked,not_asked,not_asked,,,,,,,,,,,,,,,,,,,"{""acceptable_zones"": null, ""age_max"": null, ""age_min"": null, ""conversations"": null, ""emotional_availability"": null, ""has_children"": null, ""lifestyle"": null, ""partner_children"": null, ""partner_smoking"": null, ""relationship_goal"": null, ""relationship_pace"": null, ""relationship_structure"": null, ""relocate"": null, ""schedule"": null, ""smoking"": null, ""space_for_relationship"": null, ""wants_children"": null, ""who_to_meet"": null}","{""acceptable_zones"": ""not_asked"", ""age_max"": ""not_asked"", ""age_min"": ""not_asked"", ""conversations"": ""not_asked"", ""emotional_availability"": ""not_asked"", ""has_children"": ""not_asked"", ""lifestyle"": ""not_asked"", ""partner_children"": ""not_asked"", ""partner_smoking"": ""not_asked"", ""relationship_goal"": ""declined"", ""relationship_pace"": ""not_asked"", ""relationship_structure"": ""not_asked"", ""relocate"": ""not_asked"", ""schedule"": ""declined"", ""smoking"": ""not_asked"", ""space_for_relationship"": ""not_asked"", ""wants_children"": ""not_asked"", ""who_to_meet"": ""not_asked""}","{""acceptable_zones"": null, ""age_max"": null, ""age_min"": null, ""conversations"": null, ""emotional_availability"": null, ""has_children"": null, ""lifestyle"": null, ""partner_children"": null, ""partner_smoking"": null, ""relationship_goal"": null, ""relationship_pace"": null, ""relationship_structure"": null, ""relocate"": null, ""schedule"": null, ""smoking"": null, ""space_for_relationship"": null, ""wants_children"": null, ""who_to_meet"": null}"
syn_74c35467d7d42e945b810aed798b15fd,public_04,44,woman,zone_b,False,synthetic_questionnaire,True,0,"[""zone_b""]",52,38,,,False,,any,any,,,monogamous,,"[""weekend_evening"", ""weekend_day"", ""weekday_evening""]",no,,unsure,"[""woman""]",observed,observed,observed,not_asked,not_asked,observed,not_asked,observed,observed,not_asked,not_asked,observed,not_asked,observed,observed,not_asked,observed,observed,0,0,0,,,0,,0,0,,,0,,0,0,,0,0,"{""acceptable_zones"": [""zone_b""], ""age_max"": 52, ""age_min"": 38, ""conversations"": null, ""emotional_availability"": null, ""has_children"": false, ""lifestyle"": null, ""partner_children"": ""any"", ""partner_smoking"": ""any"", ""relationship_goal"": null, ""relationship_pace"": null, ""relationship_structure"": ""monogamous"", ""relocate"": null, ""schedule"": [""weekend_evening"", ""weekend_day"", ""weekday_evening""], ""smoking"": ""no"", ""space_for_relationship"": null, ""wants_children"": ""unsure"", ""who_to_meet"": [""woman""]}","{""acceptable_zones"": ""observed"", ""age_max"": ""observed"", ""age_min"": ""observed"", ""conversations"": ""not_asked"", ""emotional_availability"": ""not_asked"", ""has_children"": ""observed"", ""lifestyle"": ""not_asked"", ""partner_children"": ""observed"", ""partner_smoking"": ""observed"", ""relationship_goal"": ""not_asked"", ""relationship_pace"": ""not_asked"", ""relationship_structure"": ""observed"", ""relocate"": ""not_asked"", ""schedule"": ""observed"", ""smoking"": ""observed"", ""space_for_relationship"": ""not_asked"", ""wants_children"": ""observed"", ""who_to_meet"": ""observed""}","{""acceptable_zones"": 0, ""age_max"": 0, ""age_min"": 0, ""conversations"": null, ""emotional_availability"": null, ""has_children"": 0, ""lifestyle"": null, ""partner_children"": 0, ""partner_smoking"": 0, ""relationship_goal"": null, ""relationship_pace"": null, ""relationship_structure"": 0, ""relocate"": null, ""schedule"": 0, ""smoking"": 0, ""space_for_relationship"": null, ""wants_children"": 0, ""who_to_meet"": 0}"
syn_524308ae64342137a0712e7da1ca7533,public_04,45,man,zone_b,False,synthetic_questionnaire,True,18,"[""zone_b""]",52,36,practical,ready,False,,no_children,any,,,monogamous,,"[""weekday_evening"", ""weekend_evening"", ""weekend_day""]",no,,no,"[""woman""]",observed,observed,observed,observed,observed,observed,not_asked,observed,observed,not_asked,not_asked,observed,not_asked,observed,observed,not_asked,observed,observed,18,18,18,18,18,18,,18,18,,,18,,18,18,,18,18,"{""acceptable_zones"": [""zone_b""], ""age_max"": 52, ""age_min"": 36, ""conversations"": ""practical"", ""emotional_availability"": ""ready"", ""has_children"": false, ""lifestyle"": null, ""partner_children"": ""no_children"", ""partner_smoking"": ""any"", ""relationship_goal"": null, ""relationship_pace"": null, ""relationship_structure"": ""monogamous"", ""relocate"": null, ""schedule"": [""weekday_evening"", ""weekend_evening"", ""weekend_day""], ""smoking"": ""no"", ""space_for_relationship"": null, ""wants_children"": ""no"", ""who_to_meet"": [""woman""]}","{""acceptable_zones"": ""observed"", ""age_max"": ""observed"", ""age_min"": ""observed"", ""conversations"": ""observed"", ""emotional_availability"": ""observed"", ""has_children"": ""observed"", ""lifestyle"": ""not_asked"", ""partner_children"": ""observed"", ""partner_smoking"": ""observed"", ""relationship_goal"": ""not_asked"", ""relationship_pace"": ""not_asked"", ""relationship_structure"": ""observed"", ""relocate"": ""not_asked"", ""schedule"": ""observed"", ""smoking"": ""observed"", ""space_for_relationship"": ""not_asked"", ""wants_children"": ""observed"", ""who_to_meet"": ""observed""}","{""acceptable_zones"": 18, ""age_max"": 18, ""age_min"": 18, ""conversations"": 18, ""emotional_availability"": 18, ""has_children"": 18, ""lifestyle"": null, ""partner_children"": 18, ""partner_smoking"": 18, ""relationship_goal"": null, ""relationship_pace"": null, ""relationship_structure"": 18, ""relocate"": null, ""schedule"": 18, ""smoking"": 18, ""space_for_relationship"": null, ""wants_children"": 18, ""who_to_meet"": 18}"
syn_321a39fae8f0dba4e3edbab774b58d93,public_04,22,man,zone_a,True,synthetic_questionnaire,True,0,"[""zone_a""]",25,18,playful,ready,False,mixed,no_children,any,exploring,quick,monogamous,no,"[""weekday_evening""]",no,ample,unsure,"[""man""]",observed,observed,observed,observed,observed,observed,observed,observed,observed,observed,observed,observed,observed,observed,observed,observed,observed,observed,0,0,0,0,0,0,0,0,0,0,0,0,0,0,0,0,0,0,"{""acceptable_zones"": [""zone_a""], ""age_max"": 25, ""age_min"": 18, ""conversations"": ""playful"", ""emotional_availability"": ""ready"", ""has_children"": false, ""lifestyle"": ""mixed"", ""partner_children"": ""no_children"", ""partner_smoking"": ""any"", ""relationship_goal"": ""exploring"", ""relationship_pace"": ""quick"", ""relationship_structure"": ""monogamous"", ""relocate"": ""no"", ""schedule"": [""weekday_evening""], ""smoking"": ""no"", ""space_for_relationship"": ""ample"", ""wants_children"": ""unsure"", ""who_to_meet"": [""man""]}","{""acceptable_zones"": ""observed"", ""age_max"": ""observed"", ""age_min"": ""observed"", ""conversations"": ""observed"", ""emotional_availability"": ""observed"", ""has_children"": ""observed"", ""lifestyle"": ""observed"", ""partner_children"": ""observed"", ""partner_smoking"": ""observed"", ""relationship_goal"": ""observed"", ""relationship_pace"": ""observed"", ""relationship_structure"": ""observed"", ""relocate"": ""observed"", ""schedule"": ""observed"", ""smoking"": ""observed"", ""space_for_relationship"": ""observed"", ""wants_children"": ""observed"", ""who_to_meet"": ""observed""}","{""acceptable_zones"": 0, ""age_max"": 0, ""age_min"": 0, ""conversations"": 0, ""emotional_availability"": 0, ""has_children"": 0, ""lifestyle"": 0, ""partner_children"": 0, ""partner_smoking"": 0, ""relationship_goal"": 0, ""relationship_pace"": 0, ""relationship_structure"": 0, ""relocate"": 0, ""schedule"": 0, ""smoking"": 0, ""space_for_relationship"": 0, ""wants_children"": 0, ""who_to_meet"": 0}"
syn_72731aedbe1b7f328bc24a5e9b2b08c4,public_04,24,man,zone_a,False,synthetic_questionnaire,True,6,,,,,,,,,,,,,,,,,,,not_asked,not_asked,not_asked,not_asked,not_asked,not_asked,declined,not_asked,not_asked,not_asked,not_asked,not_asked,not_asked,not_asked,not_asked,not_asked,not_asked,declined,,,,,,,,,,,,,,,,,,,"{""acceptable_zones"": null, ""age_max"": null, ""age_min"": null, ""conversations"": null, ""emotional_availability"": null, ""has_children"": null, ""lifestyle"": null, ""partner_children"": null, ""partner_smoking"": null, ""relationship_goal"": null, ""relationship_pace"": null, ""relationship_structure"": null, ""relocate"": null, ""schedule"": null, ""smoking"": null, ""space_for_relationship"": null, ""wants_children"": null, ""who_to_meet"": null}","{""acceptable_zones"": ""not_asked"", ""age_max"": ""not_asked"", ""age_min"": ""not_asked"", ""conversations"": ""not_asked"", ""emotional_availability"": ""not_asked"", ""has_children"": ""not_asked"", ""lifestyle"": ""declined"", ""partner_children"": ""not_asked"", ""partner_smoking"": ""not_asked"", ""relationship_goal"": ""not_asked"", ""relationship_pace"": ""not_asked"", ""relationship_structure"": ""not_asked"", ""relocate"": ""not_asked"", ""schedule"": ""not_asked"", ""smoking"": ""not_asked"", ""space_for_relationship"": ""not_asked"", ""wants_children"": ""not_asked"", ""who_to_meet"": ""declined""}","{""acceptable_zones"": null, ""age_max"": null, ""age_min"": null, ""conversations"": null, ""emotional_availability"": null, ""has_children"": null, ""lifestyle"": null, ""partner_children"": null, ""partner_smoking"": null, ""relationship_goal"": null, ""relationship_pace"": null, ""relationship_structure"": null, ""relocate"": null, ""schedule"": null, ""smoking"": null, ""space_for_relationship"": null, ""wants_children"": null, ""who_to_meet"": null}"
syn_ec05382d80bba6e4273caefd8c1c6f6d,public_04,34,man,zone_a,False,synthetic_questionnaire,True,0,"[""zone_a"", ""zone_b""]",38,28,practical,taking_time,False,social,no_children,no_smoking,exploring,slow,monogamous,unsure,"[""weekday_evening"", ""weekend_day""]",occasionally,moderate,unsure,"[""man"", ""woman""]",observed,observed,observed,observed,observed,observed,observed,observed,observed,observed,observed,observed,observed,observed,observed,observed,observed,observed,0,0,0,0,0,0,0,0,0,0,0,0,0,0,0,0,0,0,"{""acceptable_zones"": [""zone_a"", ""zone_b""], ""age_max"": 38, ""age_min"": 28, ""conversations"": ""practical"", ""emotional_availability"": ""taking_time"", ""has_children"": false, ""lifestyle"": ""social"", ""partner_children"": ""no_children"", ""partner_smoking"": ""no_smoking"", ""relationship_goal"": ""exploring"", ""relationship_pace"": ""slow"", ""relationship_structure"": ""monogamous"", ""relocate"": ""unsure"", ""schedule"": [""weekday_evening"", ""weekend_day""], ""smoking"": ""occasionally"", ""space_for_relationship"": ""moderate"", ""wants_children"": ""unsure"", ""who_to_meet"": [""man"", ""woman""]}","{""acceptable_zones"": ""observed"", ""age_max"": ""observed"", ""age_min"": ""observed"", ""conversations"": ""observed"", ""emotional_availability"": ""observed"", ""has_children"": ""observed"", ""lifestyle"": ""observed"", ""partner_children"": ""observed"", ""partner_smoking"": ""observed"", ""relationship_goal"": ""observed"", ""relationship_pace"": ""observed"", ""relationship_structure"": ""observed"", ""relocate"": ""observed"", ""schedule"": ""observed"", ""smoking"": ""observed"", ""space_for_relationship"": ""observed"", ""wants_children"": ""observed"", ""who_to_meet"": ""observed""}","{""acceptable_zones"": 0, ""age_max"": 0, ""age_min"": 0, ""conversations"": 0, ""emotional_availability"": 0, ""has_children"": 0, ""lifestyle"": 0, ""partner_children"": 0, ""partner_smoking"": 0, ""relationship_goal"": 0, ""relationship_pace"": 0, ""relationship_structure"": 0, ""relocate"": 0, ""schedule"": 0, ""smoking"": 0, ""space_for_relationship"": 0, ""wants_children"": 0, ""who_to_meet"": 0}"
syn_8ce49fbc27ff7caeaefae17abf3eae89,public_04,22,woman,zone_c,True,synthetic_questionnaire,True,0,,,,,,,,,,,,,,,no,,,,not_asked,declined,not_asked,not_asked,declined,not_asked,not_asked,not_asked,not_asked,not_asked,not_asked,not_asked,not_asked,not_asked,observed,not_asked,not_asked,not_asked,,,,,,,,,,,,,,,0,,,,"{""acceptable_zones"": null, ""age_max"": null, ""age_min"": null, ""conversations"": null, ""emotional_availability"": null, ""has_children"": null, ""lifestyle"": null, ""partner_children"": null, ""partner_smoking"": null, ""relationship_goal"": null, ""relationship_pace"": null, ""relationship_structure"": null, ""relocate"": null, ""schedule"": null, ""smoking"": ""no"", ""space_for_relationship"": null, ""wants_children"": null, ""who_to_meet"": null}","{""acceptable_zones"": ""not_asked"", ""age_max"": ""declined"", ""age_min"": ""not_asked"", ""conversations"": ""not_asked"", ""emotional_availability"": ""declined"", ""has_children"": ""not_asked"", ""lifestyle"": ""not_asked"", ""partner_children"": ""not_asked"", ""partner_smoking"": ""not_asked"", ""relationship_goal"": ""not_asked"", ""relationship_pace"": ""not_asked"", ""relationship_structure"": ""not_asked"", ""relocate"": ""not_asked"", ""schedule"": ""not_asked"", ""smoking"": ""observed"", ""space_for_relationship"": ""not_asked"", ""wants_children"": ""not_asked"", ""who_to_meet"": ""not_asked""}","{""acceptable_zones"": null, ""age_max"": null, ""age_min"": null, ""conversations"": null, ""emotional_availability"": null, ""has_children"": null, ""lifestyle"": null, ""partner_children"": null, ""partner_smoking"": null, ""relationship_goal"": null, ""relationship_pace"": null, ""relationship_structure"": null, ""relocate"": null, ""schedule"": null, ""smoking"": 0, ""space_for_relationship"": null, ""wants_children"": null, ""who_to_meet"": null}"
syn_daa0b4e695710c22fb07cee044a6615a,public_04,39,man,zone_d,True,synthetic_questionnaire,True,0,"[""zone_d"", ""zone_c""]",48,30,practical,taking_time,False,quiet,no_children,no_smoking,long_term,quick,monogamous,yes,"[""weekend_day"", ""weekend_evening"", ""weekday_evening""]",no,limited,no,"[""non_binary"", ""woman"", ""man""]",observed,observed,observed,observed,observed,observed,observed,observed,observed,observed,observed,observed,observed,observed,observed,observed,observed,observed,0,0,0,0,0,0,0,0,0,0,0,0,0,0,0,0,0,0,"{""acceptable_zones"": [""zone_d"", ""zone_c""], ""age_max"": 48, ""age_min"": 30, ""conversations"": ""practical"", ""emotional_availability"": ""taking_time"", ""has_children"": false, ""lifestyle"": ""quiet"", ""partner_children"": ""no_children"", ""partner_smoking"": ""no_smoking"", ""relationship_goal"": ""long_term"", ""relationship_pace"": ""quick"", ""relationship_structure"": ""monogamous"", ""relocate"": ""yes"", ""schedule"": [""weekend_day"", ""weekend_evening"", ""weekday_evening""], ""smoking"": ""no"", ""space_for_relationship"": ""limited"", ""wants_children"": ""no"", ""who_to_meet"": [""non_binary"", ""woman"", ""man""]}","{""acceptable_zones"": ""observed"", ""age_max"": ""observed"", ""age_min"": ""observed"", ""conversations"": ""observed"", ""emotional_availability"": ""observed"", ""has_children"": ""observed"", ""lifestyle"": ""observed"", ""partner_children"": ""observed"", ""partner_smoking"": ""observed"", ""relationship_goal"": ""observed"", ""relationship_pace"": ""observed"", ""relationship_structure"": ""observed"", ""relocate"": ""observed"", ""schedule"": ""observed"", ""smoking"": ""observed"", ""space_for_relationship"": ""observed"", ""wants_children"": ""observed"", ""who_to_meet"": ""observed""}","{""acceptable_zones"": 0, ""age_max"": 0, ""age_min"": 0, ""conversations"": 0, ""emotional_availability"": 0, ""has_children"": 0, ""lifestyle"": 0, ""partner_children"": 0, ""partner_smoking"": 0, ""relationship_goal"": 0, ""relationship_pace"": 0, ""relationship_structure"": 0, ""relocate"": 0, ""schedule"": 0, ""smoking"": 0, ""space_for_relationship"": 0, ""wants_children"": 0, ""who_to_meet"": 0}"
syn_c1bfea703ed0c958890ef26d1162f271,public_04,46,woman,zone_b,True,synthetic_questionnaire,True,0,"[""zone_b""]",54,37,ideas,ready,True,social,any,no_smoking,long_term,quick,non_monogamous,yes,"[""weekday_evening"", ""weekend_evening"", ""weekend_day""]",yes,limited,no,"[""man""]",observed,observed,observed,observed,observed,observed,observed,observed,observed,observed,observed,observed,observed,observed,observed,observed,observed,observed,0,0,0,0,0,0,0,0,0,0,0,0,0,0,0,0,0,0,"{""acceptable_zones"": [""zone_b""], ""age_max"": 54, ""age_min"": 37, ""conversations"": ""ideas"", ""emotional_availability"": ""ready"", ""has_children"": true, ""lifestyle"": ""social"", ""partner_children"": ""any"", ""partner_smoking"": ""no_smoking"", ""relationship_goal"": ""long_term"", ""relationship_pace"": ""quick"", ""relationship_structure"": ""non_monogamous"", ""relocate"": ""yes"", ""schedule"": [""weekday_evening"", ""weekend_evening"", ""weekend_day""], ""smoking"": ""yes"", ""space_for_relationship"": ""limited"", ""wants_children"": ""no"", ""who_to_meet"": [""man""]}","{""acceptable_zones"": ""observed"", ""age_max"": ""observed"", ""age_min"": ""observed"", ""conversations"": ""observed"", ""emotional_availability"": ""observed"", ""has_children"": ""observed"", ""lifestyle"": ""observed"", ""partner_children"": ""observed"", ""partner_smoking"": ""observed"", ""relationship_goal"": ""observed"", ""relationship_pace"": ""observed"", ""relationship_structure"": ""observed"", ""relocate"": ""observed"", ""schedule"": ""observed"", ""smoking"": ""observed"", ""space_for_relationship"": ""observed"", ""wants_children"": ""observed"", ""who_to_meet"": ""observed""}","{""acceptable_zones"": 0, ""age_max"": 0, ""age_min"": 0, ""conversations"": 0, ""emotional_availability"": 0, ""has_children"": 0, ""lifestyle"": 0, ""partner_children"": 0, ""partner_smoking"": 0, ""relationship_goal"": 0, ""relationship_pace"": 0, ""relationship_structure"": 0, ""relocate"": 0, ""schedule"": 0, ""smoking"": 0, ""space_for_relationship"": 0, ""wants_children"": 0, ""who_to_meet"": 0}"
syn_13fc06c272d820a3ddd99f0df6d3d858,public_04,28,man,zone_a,True,synthetic_questionnaire,True,0,"[""zone_a"", ""zone_d""]",35,22,,ready,False,,any,no_smoking,,,monogamous,,"[""weekday_evening""]",no,,no,"[""woman""]",observed,observed,observed,not_asked,observed,observed,not_asked,observed,observed,not_asked,not_asked,observed,not_asked,observed,observed,not_asked,observed,observed,0,0,0,,0,0,,0,0,,,0,,0,0,,0,0,"{""acceptable_zones"": [""zone_a"", ""zone_d""], ""age_max"": 35, ""age_min"": 22, ""conversations"": null, ""emotional_availability"": ""ready"", ""has_children"": false, ""lifestyle"": null, ""partner_children"": ""any"", ""partner_smoking"": ""no_smoking"", ""relationship_goal"": null, ""relationship_pace"": null, ""relationship_structure"": ""monogamous"", ""relocate"": null, ""schedule"": [""weekday_evening""], ""smoking"": ""no"", ""space_for_relationship"": null, ""wants_children"": ""no"", ""who_to_meet"": [""woman""]}","{""acceptable_zones"": ""observed"", ""age_max"": ""observed"", ""age_min"": ""observed"", ""conversations"": ""not_asked"", ""emotional_availability"": ""observed"", ""has_children"": ""observed"", ""lifestyle"": ""not_asked"", ""partner_children"": ""observed"", ""partner_smoking"": ""observed"", ""relationship_goal"": ""not_asked"", ""relationship_pace"": ""not_asked"", ""relationship_structure"": ""observed"", ""relocate"": ""not_asked"", ""schedule"": ""observed"", ""smoking"": ""observed"", ""space_for_relationship"": ""not_asked"", ""wants_children"": ""observed"", ""who_to_meet"": ""observed""}","{""acceptable_zones"": 0, ""age_max"": 0, ""age_min"": 0, ""conversations"": null, ""emotional_availability"": 0, ""has_children"": 0, ""lifestyle"": null, ""partner_children"": 0, ""partner_smoking"": 0, ""relationship_goal"": null, ""relationship_pace"": null, ""relationship_structure"": 0, ""relocate"": null, ""schedule"": 0, ""smoking"": 0, ""space_for_relationship"": null, ""wants_children"": 0, ""who_to_meet"": 0}"
syn_4c4526b26bef8ac788f7aa5358f38e13,public_04,32,woman,zone_a,True,synthetic_questionnaire,True,0,,,,,ready,,,,,,,,,,,,,,not_asked,not_asked,not_asked,not_asked,observed,not_asked,not_asked,not_asked,not_asked,not_asked,not_asked,not_asked,not_asked,not_asked,not_asked,declined,declined,not_asked,,,,,0,,,,,,,,,,,,,,"{""acceptable_zones"": null, ""age_max"": null, ""age_min"": null, ""conversations"": null, ""emotional_availability"": ""ready"", ""has_children"": null, ""lifestyle"": null, ""partner_children"": null, ""partner_smoking"": null, ""relationship_goal"": null, ""relationship_pace"": null, ""relationship_structure"": null, ""relocate"": null, ""schedule"": null, ""smoking"": null, ""space_for_relationship"": null, ""wants_children"": null, ""who_to_meet"": null}","{""acceptable_zones"": ""not_asked"", ""age_max"": ""not_asked"", ""age_min"": ""not_asked"", ""conversations"": ""not_asked"", ""emotional_availability"": ""observed"", ""has_children"": ""not_asked"", ""lifestyle"": ""not_asked"", ""partner_children"": ""not_asked"", ""partner_smoking"": ""not_asked"", ""relationship_goal"": ""not_asked"", ""relationship_pace"": ""not_asked"", ""relationship_structure"": ""not_asked"", ""relocate"": ""not_asked"", ""schedule"": ""not_asked"", ""smoking"": ""not_asked"", ""space_for_relationship"": ""declined"", ""wants_children"": ""declined"", ""who_to_meet"": ""not_asked""}","{""acceptable_zones"": null, ""age_max"": null, ""age_min"": null, ""conversations"": null, ""emotional_availability"": 0, ""has_children"": null, ""lifestyle"": null, ""partner_children"": null, ""partner_smoking"": null, ""relationship_goal"": null, ""relationship_pace"": null, ""relationship_structure"": null, ""relocate"": null, ""schedule"": null, ""smoking"": null, ""space_for_relationship"": null, ""wants_children"": null, ""who_to_meet"": null}"
syn_e453a9753947b8de3c0e1a316bed97e0,public_04,26,woman,zone_a,False,synthetic_questionnaire,True,0,"[""zone_a"", ""zone_b""]",35,20,,,False,,no_children,any,,,monogamous,,"[""weekday_evening"", ""weekend_evening""]",no,,no,"[""woman""]",observed,observed,observed,not_asked,not_asked,observed,not_asked,observed,observed,not_asked,not_asked,observed,not_asked,observed,observed,not_asked,observed,observed,0,0,0,,,0,,0,0,,,0,,0,0,,0,0,"{""acceptable_zones"": [""zone_a"", ""zone_b""], ""age_max"": 35, ""age_min"": 20, ""conversations"": null, ""emotional_availability"": null, ""has_children"": false, ""lifestyle"": null, ""partner_children"": ""no_children"", ""partner_smoking"": ""any"", ""relationship_goal"": null, ""relationship_pace"": null, ""relationship_structure"": ""monogamous"", ""relocate"": null, ""schedule"": [""weekday_evening"", ""weekend_evening""], ""smoking"": ""no"", ""space_for_relationship"": null, ""wants_children"": ""no"", ""who_to_meet"": [""woman""]}","{""acceptable_zones"": ""observed"", ""age_max"": ""observed"", ""age_min"": ""observed"", ""conversations"": ""not_asked"", ""emotional_availability"": ""not_asked"", ""has_children"": ""observed"", ""lifestyle"": ""not_asked"", ""partner_children"": ""observed"", ""partner_smoking"": ""observed"", ""relationship_goal"": ""not_asked"", ""relationship_pace"": ""not_asked"", ""relationship_structure"": ""observed"", ""relocate"": ""not_asked"", ""schedule"": ""observed"", ""smoking"": ""observed"", ""space_for_relationship"": ""not_asked"", ""wants_children"": ""observed"", ""who_to_meet"": ""observed""}","{""acceptable_zones"": 0, ""age_max"": 0, ""age_min"": 0, ""conversations"": null, ""emotional_availability"": null, ""has_children"": 0, ""lifestyle"": null, ""partner_children"": 0, ""partner_smoking"": 0, ""relationship_goal"": null, ""relationship_pace"": null, ""relationship_structure"": 0, ""relocate"": null, ""schedule"": 0, ""smoking"": 0, ""space_for_relationship"": null, ""wants_children"": 0, ""who_to_meet"": 0}"
syn_7d1a0a5b692c6e203d9d44d074ee1415,public_04,36,man,zone_a,True,synthetic_questionnaire,True,19,"[""zone_a""]",45,26,playful,ready,False,mixed,no_children,no_smoking,exploring,steady,monogamous,no,"[""weekend_day"", ""weekend_evening"", ""weekday_evening""]",no,moderate,yes,"[""non_binary"", ""man""]",observed,observed,observed,observed,observed,observed,observed,observed,observed,observed,observed,observed,observed,observed,observed,observed,observed,observed,19,19,19,19,19,19,19,19,19,19,19,19,19,19,19,19,19,19,"{""acceptable_zones"": [""zone_a""], ""age_max"": 45, ""age_min"": 26, ""conversations"": ""playful"", ""emotional_availability"": ""ready"", ""has_children"": false, ""lifestyle"": ""mixed"", ""partner_children"": ""no_children"", ""partner_smoking"": ""no_smoking"", ""relationship_goal"": ""exploring"", ""relationship_pace"": ""steady"", ""relationship_structure"": ""monogamous"", ""relocate"": ""no"", ""schedule"": [""weekend_day"", ""weekend_evening"", ""weekday_evening""], ""smoking"": ""no"", ""space_for_relationship"": ""moderate"", ""wants_children"": ""yes"", ""who_to_meet"": [""non_binary"", ""man""]}","{""acceptable_zones"": ""observed"", ""age_max"": ""observed"", ""age_min"": ""observed"", ""conversations"": ""observed"", ""emotional_availability"": ""observed"", ""has_children"": ""observed"", ""lifestyle"": ""observed"", ""partner_children"": ""observed"", ""partner_smoking"": ""observed"", ""relationship_goal"": ""observed"", ""relationship_pace"": ""observed"", ""relationship_structure"": ""observed"", ""relocate"": ""observed"", ""schedule"": ""observed"", ""smoking"": ""observed"", ""space_for_relationship"": ""observed"", ""wants_children"": ""observed"", ""who_to_meet"": ""observed""}","{""acceptable_zones"": 19, ""age_max"": 19, ""age_min"": 19, ""conversations"": 19, ""emotional_availability"": 19, ""has_children"": 19, ""lifestyle"": 19, ""partner_children"": 19, ""partner_smoking"": 19, ""relationship_goal"": 19, ""relationship_pace"": 19, ""relationship_structure"": 19, ""relocate"": 19, ""schedule"": 19, ""smoking"": 19, ""space_for_relationship"": 19, ""wants_children"": 19, ""who_to_meet"": 19}"
syn_2e0eeac210595e11d6eb2198ab0d1372,public_04,34,man,zone_c,False,synthetic_questionnaire,True,20,"[""zone_c""]",41,31,ideas,taking_time,False,quiet,no_children,any,long_term,slow,monogamous,no,"[""weekday_evening""]",no,ample,yes,"[""woman"", ""man""]",observed,observed,observed,observed,observed,observed,observed,observed,observed,observed,observed,observed,observed,observed,observed,observed,observed,observed,20,20,20,20,20,20,20,20,20,20,20,20,20,20,20,20,20,20,"{""acceptable_zones"": [""zone_c""], ""age_max"": 41, ""age_min"": 31, ""conversations"": ""ideas"", ""emotional_availability"": ""taking_time"", ""has_children"": false, ""lifestyle"": ""quiet"", ""partner_children"": ""no_children"", ""partner_smoking"": ""any"", ""relationship_goal"": ""long_term"", ""relationship_pace"": ""slow"", ""relationship_structure"": ""monogamous"", ""relocate"": ""no"", ""schedule"": [""weekday_evening""], ""smoking"": ""no"", ""space_for_relationship"": ""ample"", ""wants_children"": ""yes"", ""who_to_meet"": [""woman"", ""man""]}","{""acceptable_zones"": ""observed"", ""age_max"": ""observed"", ""age_min"": ""observed"", ""conversations"": ""observed"", ""emotional_availability"": ""observed"", ""has_children"": ""observed"", ""lifestyle"": ""observed"", ""partner_children"": ""observed"", ""partner_smoking"": ""observed"", ""relationship_goal"": ""observed"", ""relationship_pace"": ""observed"", ""relationship_structure"": ""observed"", ""relocate"": ""observed"", ""schedule"": ""observed"", ""smoking"": ""observed"", ""space_for_relationship"": ""observed"", ""wants_children"": ""observed"", ""who_to_meet"": ""observed""}","{""acceptable_zones"": 20, ""age_max"": 20, ""age_min"": 20, ""conversations"": 20, ""emotional_availability"": 20, ""has_children"": 20, ""lifestyle"": 20, ""partner_children"": 20, ""partner_smoking"": 20, ""relationship_goal"": 20, ""relationship_pace"": 20, ""relationship_structure"": 20, ""relocate"": 20, ""schedule"": 20, ""smoking"": 20, ""space_for_relationship"": 20, ""wants_children"": 20, ""who_to_meet"": 20}"
syn_0ca1e9a70279e860299aaaca3819d3d0,public_04,29,man,zone_b,True,synthetic_questionnaire,True,1,,,,,,,,,,,,monogamous,,,,,,,not_asked,declined,not_asked,not_asked,not_asked,declined,not_asked,not_asked,declined,not_asked,not_asked,observed,not_asked,not_asked,not_asked,not_asked,not_asked,not_asked,,,,,,,,,,,,1,,,,,,,"{""acceptable_zones"": null, ""age_max"": null, ""age_min"": null, ""conversations"": null, ""emotional_availability"": null, ""has_children"": null, ""lifestyle"": null, ""partner_children"": null, ""partner_smoking"": null, ""relationship_goal"": null, ""relationship_pace"": null, ""relationship_structure"": ""monogamous"", ""relocate"": null, ""schedule"": null, ""smoking"": null, ""space_for_relationship"": null, ""wants_children"": null, ""who_to_meet"": null}","{""acceptable_zones"": ""not_asked"", ""age_max"": ""declined"", ""age_min"": ""not_asked"", ""conversations"": ""not_asked"", ""emotional_availability"": ""not_asked"", ""has_children"": ""declined"", ""lifestyle"": ""not_asked"", ""partner_children"": ""not_asked"", ""partner_smoking"": ""declined"", ""relationship_goal"": ""not_asked"", ""relationship_pace"": ""not_asked"", ""relationship_structure"": ""observed"", ""relocate"": ""not_asked"", ""schedule"": ""not_asked"", ""smoking"": ""not_asked"", ""space_for_relationship"": ""not_asked"", ""wants_children"": ""not_asked"", ""who_to_meet"": ""not_asked""}","{""acceptable_zones"": null, ""age_max"": null, ""age_min"": null, ""conversations"": null, ""emotional_availability"": null, ""has_children"": null, ""lifestyle"": null, ""partner_children"": null, ""partner_smoking"": null, ""relationship_goal"": null, ""relationship_pace"": null, ""relationship_structure"": 1, ""relocate"": null, ""schedule"": null, ""smoking"": null, ""space_for_relationship"": null, ""wants_children"": null, ""who_to_meet"": null}"
syn_c03868d63853ea1bff35bc0992f6de98,public_04,34,woman,zone_b,False,synthetic_questionnaire,True,0,"[""zone_b""]",41,29,,,False,quiet,any,any,,,monogamous,,"[""weekend_evening""]",no,,yes,"[""woman""]",observed,observed,observed,not_asked,not_asked,observed,observed,observed,observed,not_asked,not_asked,observed,not_asked,observed,observed,not_asked,observed,observed,0,0,0,,,0,0,0,0,,,0,,0,0,,0,0,"{""acceptable_zones"": [""zone_b""], ""age_max"": 41, ""age_min"": 29, ""conversations"": null, ""emotional_availability"": null, ""has_children"": false, ""lifestyle"": ""quiet"", ""partner_children"": ""any"", ""partner_smoking"": ""any"", ""relationship_goal"": null, ""relationship_pace"": null, ""relationship_structure"": ""monogamous"", ""relocate"": null, ""schedule"": [""weekend_evening""], ""smoking"": ""no"", ""space_for_relationship"": null, ""wants_children"": ""yes"", ""who_to_meet"": [""woman""]}","{""acceptable_zones"": ""observed"", ""age_max"": ""observed"", ""age_min"": ""observed"", ""conversations"": ""not_asked"", ""emotional_availability"": ""not_asked"", ""has_children"": ""observed"", ""lifestyle"": ""observed"", ""partner_children"": ""observed"", ""partner_smoking"": ""observed"", ""relationship_goal"": ""not_asked"", ""relationship_pace"": ""not_asked"", ""relationship_structure"": ""observed"", ""relocate"": ""not_asked"", ""schedule"": ""observed"", ""smoking"": ""observed"", ""space_for_relationship"": ""not_asked"", ""wants_children"": ""observed"", ""who_to_meet"": ""observed""}","{""acceptable_zones"": 0, ""age_max"": 0, ""age_min"": 0, ""conversations"": null, ""emotional_availability"": null, ""has_children"": 0, ""lifestyle"": 0, ""partner_children"": 0, ""partner_smoking"": 0, ""relationship_goal"": null, ""relationship_pace"": null, ""relationship_structure"": 0, ""relocate"": null, ""schedule"": 0, ""smoking"": 0, ""space_for_relationship"": null, ""wants_children"": 0, ""who_to_meet"": 0}"
syn_55077ea8f13df41e285207fc665ea6af,public_04,33,woman,zone_a,True,synthetic_questionnaire,True,0,"[""zone_a""]",40,27,,,False,,any,no_smoking,exploring,,monogamous,,"[""weekend_evening"", ""weekday_evening"", ""weekend_day""]",occasionally,,unsure,"[""non_binary"", ""man""]",observed,observed,observed,not_asked,not_asked,observed,not_asked,observed,observed,observed,not_asked,observed,not_asked,observed,observed,not_asked,observed,observed,1,1,1,,,1,,1,1,0,,1,,1,1,,1,1,"{""acceptable_zones"": [""zone_a""], ""age_max"": 40, ""age_min"": 27, ""conversations"": null, ""emotional_availability"": null, ""has_children"": false, ""lifestyle"": null, ""partner_children"": ""any"", ""partner_smoking"": ""no_smoking"", ""relationship_goal"": ""exploring"", ""relationship_pace"": null, ""relationship_structure"": ""monogamous"", ""relocate"": null, ""schedule"": [""weekend_evening"", ""weekday_evening"", ""weekend_day""], ""smoking"": ""occasionally"", ""space_for_relationship"": null, ""wants_children"": ""unsure"", ""who_to_meet"": [""non_binary"", ""man""]}","{""acceptable_zones"": ""observed"", ""age_max"": ""observed"", ""age_min"": ""observed"", ""conversations"": ""not_asked"", ""emotional_availability"": ""not_asked"", ""has_children"": ""observed"", ""lifestyle"": ""not_asked"", ""partner_children"": ""observed"", ""partner_smoking"": ""observed"", ""relationship_goal"": ""observed"", ""relationship_pace"": ""not_asked"", ""relationship_structure"": ""observed"", ""relocate"": ""not_asked"", ""schedule"": ""observed"", ""smoking"": ""observed"", ""space_for_relationship"": ""not_asked"", ""wants_children"": ""observed"", ""who_to_meet"": ""observed""}","{""acceptable_zones"": 1, ""age_max"": 1, ""age_min"": 1, ""conversations"": null, ""emotional_availability"": null, ""has_children"": 1, ""lifestyle"": null, ""partner_children"": 1, ""partner_smoking"": 1, ""relationship_goal"": 0, ""relationship_pace"": null, ""relationship_structure"": 1, ""relocate"": null, ""schedule"": 1, ""smoking"": 1, ""space_for_relationship"": null, ""wants_children"": 1, ""who_to_meet"": 1}"
syn_bb17414a53ede5a94185a83a62d11116,public_04,38,woman,zone_c,True,synthetic_questionnaire,True,0,,,,,,,,,no_smoking,,,,,,,,,,not_asked,not_asked,not_asked,not_asked,not_asked,not_asked,not_asked,not_asked,observed,not_asked,not_asked,not_asked,not_asked,not_asked,not_asked,not_asked,declined,not_asked,,,,,,,,,0,,,,,,,,,,"{""acceptable_zones"": null, ""age_max"": null, ""age_min"": null, ""conversations"": null, ""emotional_availability"": null, ""has_children"": null, ""lifestyle"": null, ""partner_children"": null, ""partner_smoking"": ""no_smoking"", ""relationship_goal"": null, ""relationship_pace"": null, ""relationship_structure"": null, ""relocate"": null, ""schedule"": null, ""smoking"": null, ""space_for_relationship"": null, ""wants_children"": null, ""who_to_meet"": null}","{""acceptable_zones"": ""not_asked"", ""age_max"": ""not_asked"", ""age_min"": ""not_asked"", ""conversations"": ""not_asked"", ""emotional_availability"": ""not_asked"", ""has_children"": ""not_asked"", ""lifestyle"": ""not_asked"", ""partner_children"": ""not_asked"", ""partner_smoking"": ""observed"", ""relationship_goal"": ""not_asked"", ""relationship_pace"": ""not_asked"", ""relationship_structure"": ""not_asked"", ""relocate"": ""not_asked"", ""schedule"": ""not_asked"", ""smoking"": ""not_asked"", ""space_for_relationship"": ""not_asked"", ""wants_children"": ""declined"", ""who_to_meet"": ""not_asked""}","{""acceptable_zones"": null, ""age_max"": null, ""age_min"": null, ""conversations"": null, ""emotional_availability"": null, ""has_children"": null, ""lifestyle"": null, ""partner_children"": null, ""partner_smoking"": 0, ""relationship_goal"": null, ""relationship_pace"": null, ""relationship_structure"": null, ""relocate"": null, ""schedule"": null, ""smoking"": null, ""space_for_relationship"": null, ""wants_children"": null, ""who_to_meet"": null}"
syn_03eaad8b6bf2574c57e40c280d593f64,public_04,24,man,zone_a,True,synthetic_questionnaire,True,9,"[""zone_a"", ""zone_c""]",32,20,practical,ready,True,mixed,no_children,any,exploring,quick,monogamous,no,"[""weekday_evening"", ""weekend_evening"", ""weekend_day""]",no,ample,no,"[""woman""]",observed,observed,observed,observed,observed,observed,observed,observed,observed,observed,observed,observed,observed,observed,observed,observed,observed,observed,9,9,9,9,9,9,9,9,9,9,9,9,9,9,9,9,9,9,"{""acceptable_zones"": [""zone_a"", ""zone_c""], ""age_max"": 32, ""age_min"": 20, ""conversations"": ""practical"", ""emotional_availability"": ""ready"", ""has_children"": true, ""lifestyle"": ""mixed"", ""partner_children"": ""no_children"", ""partner_smoking"": ""any"", ""relationship_goal"": ""exploring"", ""relationship_pace"": ""quick"", ""relationship_structure"": ""monogamous"", ""relocate"": ""no"", ""schedule"": [""weekday_evening"", ""weekend_evening"", ""weekend_day""], ""smoking"": ""no"", ""space_for_relationship"": ""ample"", ""wants_children"": ""no"", ""who_to_meet"": [""woman""]}","{""acceptable_zones"": ""observed"", ""age_max"": ""observed"", ""age_min"": ""observed"", ""conversations"": ""observed"", ""emotional_availability"": ""observed"", ""has_children"": ""observed"", ""lifestyle"": ""observed"", ""partner_children"": ""observed"", ""partner_smoking"": ""observed"", ""relationship_goal"": ""observed"", ""relationship_pace"": ""observed"", ""relationship_structure"": ""observed"", ""relocate"": ""observed"", ""schedule"": ""observed"", ""smoking"": ""observed"", ""space_for_relationship"": ""observed"", ""wants_children"": ""observed"", ""who_to_meet"": ""observed""}","{""acceptable_zones"": 9, ""age_max"": 9, ""age_min"": 9, ""conversations"": 9, ""emotional_availability"": 9, ""has_children"": 9, ""lifestyle"": 9, ""partner_children"": 9, ""partner_smoking"": 9, ""relationship_goal"": 9, ""relationship_pace"": 9, ""relationship_structure"": 9, ""relocate"": 9, ""schedule"": 9, ""smoking"": 9, ""space_for_relationship"": 9, ""wants_children"": 9, ""who_to_meet"": 9}"
syn_e471d950c7c0691ea146b0ebba1b5d5e,public_04,36,woman,zone_a,True,synthetic_questionnaire,True,0,,,,,,,,,,,,,,,,,,,not_asked,not_asked,not_asked,not_asked,not_asked,not_asked,not_asked,not_asked,not_asked,not_asked,not_asked,not_asked,not_asked,not_asked,declined,not_asked,not_asked,not_asked,,,,,,,,,,,,,,,,,,,"{""acceptable_zones"": null, ""age_max"": null, ""age_min"": null, ""conversations"": null, ""emotional_availability"": null, ""has_children"": null, ""lifestyle"": null, ""partner_children"": null, ""partner_smoking"": null, ""relationship_goal"": null, ""relationship_pace"": null, ""relationship_structure"": null, ""relocate"": null, ""schedule"": null, ""smoking"": null, ""space_for_relationship"": null, ""wants_children"": null, ""who_to_meet"": null}","{""acceptable_zones"": ""not_asked"", ""age_max"": ""not_asked"", ""age_min"": ""not_asked"", ""conversations"": ""not_asked"", ""emotional_availability"": ""not_asked"", ""has_children"": ""not_asked"", ""lifestyle"": ""not_asked"", ""partner_children"": ""not_asked"", ""partner_smoking"": ""not_asked"", ""relationship_goal"": ""not_asked"", ""relationship_pace"": ""not_asked"", ""relationship_structure"": ""not_asked"", ""relocate"": ""not_asked"", ""schedule"": ""not_asked"", ""smoking"": ""declined"", ""space_for_relationship"": ""not_asked"", ""wants_children"": ""not_asked"", ""who_to_meet"": ""not_asked""}","{""acceptable_zones"": null, ""age_max"": null, ""age_min"": null, ""conversations"": null, ""emotional_availability"": null, ""has_children"": null, ""lifestyle"": null, ""partner_children"": null, ""partner_smoking"": null, ""relationship_goal"": null, ""relationship_pace"": null, ""relationship_structure"": null, ""relocate"": null, ""schedule"": null, ""smoking"": null, ""space_for_relationship"": null, ""wants_children"": null, ""who_to_meet"": null}"
syn_2e927b0854c5050eabf2da442da91850,public_04,42,man,zone_a,True,synthetic_questionnaire,True,0,"[""zone_a""]",51,33,stories,taking_time,False,quiet,any,no_smoking,long_term,steady,monogamous,yes,"[""weekday_evening"", ""weekend_evening""]",yes,moderate,unsure,"[""non_binary""]",observed,observed,observed,observed,observed,observed,observed,observed,observed,observed,observed,observed,observed,observed,observed,observed,observed,observed,0,0,0,0,0,0,0,0,0,0,0,0,0,0,0,0,0,0,"{""acceptable_zones"": [""zone_a""], ""age_max"": 51, ""age_min"": 33, ""conversations"": ""stories"", ""emotional_availability"": ""taking_time"", ""has_children"": false, ""lifestyle"": ""quiet"", ""partner_children"": ""any"", ""partner_smoking"": ""no_smoking"", ""relationship_goal"": ""long_term"", ""relationship_pace"": ""steady"", ""relationship_structure"": ""monogamous"", ""relocate"": ""yes"", ""schedule"": [""weekday_evening"", ""weekend_evening""], ""smoking"": ""yes"", ""space_for_relationship"": ""moderate"", ""wants_children"": ""unsure"", ""who_to_meet"": [""non_binary""]}","{""acceptable_zones"": ""observed"", ""age_max"": ""observed"", ""age_min"": ""observed"", ""conversations"": ""observed"", ""emotional_availability"": ""observed"", ""has_children"": ""observed"", ""lifestyle"": ""observed"", ""partner_children"": ""observed"", ""partner_smoking"": ""observed"", ""relationship_goal"": ""observed"", ""relationship_pace"": ""observed"", ""relationship_structure"": ""observed"", ""relocate"": ""observed"", ""schedule"": ""observed"", ""smoking"": ""observed"", ""space_for_relationship"": ""observed"", ""wants_children"": ""observed"", ""who_to_meet"": ""observed""}","{""acceptable_zones"": 0, ""age_max"": 0, ""age_min"": 0, ""conversations"": 0, ""emotional_availability"": 0, ""has_children"": 0, ""lifestyle"": 0, ""partner_children"": 0, ""partner_smoking"": 0, ""relationship_goal"": 0, ""relationship_pace"": 0, ""relationship_structure"": 0, ""relocate"": 0, ""schedule"": 0, ""smoking"": 0, ""space_for_relationship"": 0, ""wants_children"": 0, ""who_to_meet"": 0}"
syn_98e378c21bb0126e8e5958ad03a62188,public_04,38,woman,zone_b,True,synthetic_questionnaire,True,9,"[""zone_b""]",47,28,,,False,,no_children,any,,,monogamous,,"[""weekday_evening"", ""weekend_day"", ""weekend_evening""]",yes,,unsure,"[""non_binary""]",observed,observed,observed,not_asked,not_asked,observed,not_asked,observed,observed,not_asked,not_asked,observed,not_asked,observed,observed,not_asked,observed,observed,9,9,9,,,9,,9,9,,,9,,9,9,,9,9,"{""acceptable_zones"": [""zone_b""], ""age_max"": 47, ""age_min"": 28, ""conversations"": null, ""emotional_availability"": null, ""has_children"": false, ""lifestyle"": null, ""partner_children"": ""no_children"", ""partner_smoking"": ""any"", ""relationship_goal"": null, ""relationship_pace"": null, ""relationship_structure"": ""monogamous"", ""relocate"": null, ""schedule"": [""weekday_evening"", ""weekend_day"", ""weekend_evening""], ""smoking"": ""yes"", ""space_for_relationship"": null, ""wants_children"": ""unsure"", ""who_to_meet"": [""non_binary""]}","{""acceptable_zones"": ""observed"", ""age_max"": ""observed"", ""age_min"": ""observed"", ""conversations"": ""not_asked"", ""emotional_availability"": ""not_asked"", ""has_children"": ""observed"", ""lifestyle"": ""not_asked"", ""partner_children"": ""observed"", ""partner_smoking"": ""observed"", ""relationship_goal"": ""not_asked"", ""relationship_pace"": ""not_asked"", ""relationship_structure"": ""observed"", ""relocate"": ""not_asked"", ""schedule"": ""observed"", ""smoking"": ""observed"", ""space_for_relationship"": ""not_asked"", ""wants_children"": ""observed"", ""who_to_meet"": ""observed""}","{""acceptable_zones"": 9, ""age_max"": 9, ""age_min"": 9, ""conversations"": null, ""emotional_availability"": null, ""has_children"": 9, ""lifestyle"": null, ""partner_children"": 9, ""partner_smoking"": 9, ""relationship_goal"": null, ""relationship_pace"": null, ""relationship_structure"": 9, ""relocate"": null, ""schedule"": 9, ""smoking"": 9, ""space_for_relationship"": null, ""wants_children"": 9, ""who_to_meet"": 9}"
syn_2ca17e374c5c610d6ebd340ad8aacd7f,public_04,43,non_binary,zone_a,False,synthetic_questionnaire,True,0,"[""zone_a"", ""zone_c""]",53,38,,,False,,any,no_smoking,,,monogamous,unsure,"[""weekend_evening"", ""weekend_day""]",no,,no,"[""non_binary"", ""woman""]",observed,observed,observed,not_asked,not_asked,observed,not_asked,observed,observed,not_asked,not_asked,observed,observed,observed,observed,not_asked,observed,observed,1,1,1,,,1,,1,1,,,1,0,1,1,,1,1,"{""acceptable_zones"": [""zone_a"", ""zone_c""], ""age_max"": 53, ""age_min"": 38, ""conversations"": null, ""emotional_availability"": null, ""has_children"": false, ""lifestyle"": null, ""partner_children"": ""any"", ""partner_smoking"": ""no_smoking"", ""relationship_goal"": null, ""relationship_pace"": null, ""relationship_structure"": ""monogamous"", ""relocate"": ""unsure"", ""schedule"": [""weekend_evening"", ""weekend_day""], ""smoking"": ""no"", ""space_for_relationship"": null, ""wants_children"": ""no"", ""who_to_meet"": [""non_binary"", ""woman""]}","{""acceptable_zones"": ""observed"", ""age_max"": ""observed"", ""age_min"": ""observed"", ""conversations"": ""not_asked"", ""emotional_availability"": ""not_asked"", ""has_children"": ""observed"", ""lifestyle"": ""not_asked"", ""partner_children"": ""observed"", ""partner_smoking"": ""observed"", ""relationship_goal"": ""not_asked"", ""relationship_pace"": ""not_asked"", ""relationship_structure"": ""observed"", ""relocate"": ""observed"", ""schedule"": ""observed"", ""smoking"": ""observed"", ""space_for_relationship"": ""not_asked"", ""wants_children"": ""observed"", ""who_to_meet"": ""observed""}","{""acceptable_zones"": 1, ""age_max"": 1, ""age_min"": 1, ""conversations"": null, ""emotional_availability"": null, ""has_children"": 1, ""lifestyle"": null, ""partner_children"": 1, ""partner_smoking"": 1, ""relationship_goal"": null, ""relationship_pace"": null, ""relationship_structure"": 1, ""relocate"": 0, ""schedule"": 1, ""smoking"": 1, ""space_for_relationship"": null, ""wants_children"": 1, ""who_to_meet"": 1}"
syn_34546ba03aba4841e943eb26ea4449c1,public_04,27,woman,zone_a,True,synthetic_questionnaire,True,0,,,,,,,,,any,,steady,,,,,,,,not_asked,not_asked,declined,not_asked,not_asked,not_asked,not_asked,not_asked,observed,not_asked,observed,not_asked,not_asked,not_asked,not_asked,not_asked,declined,not_asked,,,,,,,,,0,,0,,,,,,,,"{""acceptable_zones"": null, ""age_max"": null, ""age_min"": null, ""conversations"": null, ""emotional_availability"": null, ""has_children"": null, ""lifestyle"": null, ""partner_children"": null, ""partner_smoking"": ""any"", ""relationship_goal"": null, ""relationship_pace"": ""steady"", ""relationship_structure"": null, ""relocate"": null, ""schedule"": null, ""smoking"": null, ""space_for_relationship"": null, ""wants_children"": null, ""who_to_meet"": null}","{""acceptable_zones"": ""not_asked"", ""age_max"": ""not_asked"", ""age_min"": ""declined"", ""conversations"": ""not_asked"", ""emotional_availability"": ""not_asked"", ""has_children"": ""not_asked"", ""lifestyle"": ""not_asked"", ""partner_children"": ""not_asked"", ""partner_smoking"": ""observed"", ""relationship_goal"": ""not_asked"", ""relationship_pace"": ""observed"", ""relationship_structure"": ""not_asked"", ""relocate"": ""not_asked"", ""schedule"": ""not_asked"", ""smoking"": ""not_asked"", ""space_for_relationship"": ""not_asked"", ""wants_children"": ""declined"", ""who_to_meet"": ""not_asked""}","{""acceptable_zones"": null, ""age_max"": null, ""age_min"": null, ""conversations"": null, ""emotional_availability"": null, ""has_children"": null, ""lifestyle"": null, ""partner_children"": null, ""partner_smoking"": 0, ""relationship_goal"": null, ""relationship_pace"": 0, ""relationship_structure"": null, ""relocate"": null, ""schedule"": null, ""smoking"": null, ""space_for_relationship"": null, ""wants_children"": null, ""who_to_meet"": null}"
syn_39a14e90ac3eb6a4d9bc6b32909b0387,public_04,33,non_binary,zone_a,True,synthetic_questionnaire,True,19,"[""zone_a""]",36,29,practical,ready,False,quiet,no_children,no_smoking,long_term,quick,monogamous,yes,"[""weekday_evening"", ""weekend_day"", ""weekend_evening""]",no,limited,no,"[""woman""]",observed,observed,observed,observed,observed,observed,observed,observed,observed,observed,observed,observed,observed,observed,observed,observed,observed,observed,19,19,19,19,19,19,19,19,19,19,19,19,19,19,19,19,19,19,"{""acceptable_zones"": [""zone_a""], ""age_max"": 36, ""age_min"": 29, ""conversations"": ""practical"", ""emotional_availability"": ""ready"", ""has_children"": false, ""lifestyle"": ""quiet"", ""partner_children"": ""no_children"", ""partner_smoking"": ""no_smoking"", ""relationship_goal"": ""long_term"", ""relationship_pace"": ""quick"", ""relationship_structure"": ""monogamous"", ""relocate"": ""yes"", ""schedule"": [""weekday_evening"", ""weekend_day"", ""weekend_evening""], ""smoking"": ""no"", ""space_for_relationship"": ""limited"", ""wants_children"": ""no"", ""who_to_meet"": [""woman""]}","{""acceptable_zones"": ""observed"", ""age_max"": ""observed"", ""age_min"": ""observed"", ""conversations"": ""observed"", ""emotional_availability"": ""observed"", ""has_children"": ""observed"", ""lifestyle"": ""observed"", ""partner_children"": ""observed"", ""partner_smoking"": ""observed"", ""relationship_goal"": ""observed"", ""relationship_pace"": ""observed"", ""relationship_structure"": ""observed"", ""relocate"": ""observed"", ""schedule"": ""observed"", ""smoking"": ""observed"", ""space_for_relationship"": ""observed"", ""wants_children"": ""observed"", ""who_to_meet"": ""observed""}","{""acceptable_zones"": 19, ""age_max"": 19, ""age_min"": 19, ""conversations"": 19, ""emotional_availability"": 19, ""has_children"": 19, ""lifestyle"": 19, ""partner_children"": 19, ""partner_smoking"": 19, ""relationship_goal"": 19, ""relationship_pace"": 19, ""relationship_structure"": 19, ""relocate"": 19, ""schedule"": 19, ""smoking"": 19, ""space_for_relationship"": 19, ""wants_children"": 19, ""who_to_meet"": 19}"
syn_38dbdc9717d6e36a819261a8eae3e39a,public_04,24,non_binary,zone_b,True,synthetic_questionnaire,True,0,"[""zone_b"", ""zone_c""]",30,18,,,False,,no_children,any,exploring,,monogamous,,"[""weekend_evening""]",no,ample,unsure,"[""man""]",observed,observed,observed,not_asked,not_asked,observed,not_asked,observed,observed,observed,not_asked,observed,not_asked,observed,observed,observed,observed,observed,1,1,1,,,1,,1,1,0,,1,,1,1,0,1,1,"{""acceptable_zones"": [""zone_b"", ""zone_c""], ""age_max"": 30, ""age_min"": 18, ""conversations"": null, ""emotional_availability"": null, ""has_children"": false, ""lifestyle"": null, ""partner_children"": ""no_children"", ""partner_smoking"": ""any"", ""relationship_goal"": ""exploring"", ""relationship_pace"": null, ""relationship_structure"": ""monogamous"", ""relocate"": null, ""schedule"": [""weekend_evening""], ""smoking"": ""no"", ""space_for_relationship"": ""ample"", ""wants_children"": ""unsure"", ""who_to_meet"": [""man""]}","{""acceptable_zones"": ""observed"", ""age_max"": ""observed"", ""age_min"": ""observed"", ""conversations"": ""not_asked"", ""emotional_availability"": ""not_asked"", ""has_children"": ""observed"", ""lifestyle"": ""not_asked"", ""partner_children"": ""observed"", ""partner_smoking"": ""observed"", ""relationship_goal"": ""observed"", ""relationship_pace"": ""not_asked"", ""relationship_structure"": ""observed"", ""relocate"": ""not_asked"", ""schedule"": ""observed"", ""smoking"": ""observed"", ""space_for_relationship"": ""observed"", ""wants_children"": ""observed"", ""who_to_meet"": ""observed""}","{""acceptable_zones"": 1, ""age_max"": 1, ""age_min"": 1, ""conversations"": null, ""emotional_availability"": null, ""has_children"": 1, ""lifestyle"": null, ""partner_children"": 1, ""partner_smoking"": 1, ""relationship_goal"": 0, ""relationship_pace"": null, ""relationship_structure"": 1, ""relocate"": null, ""schedule"": 1, ""smoking"": 1, ""space_for_relationship"": 0, ""wants_children"": 1, ""who_to_meet"": 1}"
syn_8ace3213e47b6fcb4f479310a246883e,public_04,36,man,zone_a,True,synthetic_questionnaire,True,0,"[""zone_a""]",39,31,,,False,,any,no_smoking,,,monogamous,,"[""weekday_evening"", ""weekend_day""]",no,,yes,"[""non_binary""]",observed,observed,observed,declined,not_asked,observed,not_asked,observed,observed,not_asked,not_asked,observed,not_asked,observed,observed,not_asked,observed,observed,1,1,1,,,1,,1,1,,,1,,1,1,,1,1,"{""acceptable_zones"": [""zone_a""], ""age_max"": 39, ""age_min"": 31, ""conversations"": null, ""emotional_availability"": null, ""has_children"": false, ""lifestyle"": null, ""partner_children"": ""any"", ""partner_smoking"": ""no_smoking"", ""relationship_goal"": null, ""relationship_pace"": null, ""relationship_structure"": ""monogamous"", ""relocate"": null, ""schedule"": [""weekday_evening"", ""weekend_day""], ""smoking"": ""no"", ""space_for_relationship"": null, ""wants_children"": ""yes"", ""who_to_meet"": [""non_binary""]}","{""acceptable_zones"": ""observed"", ""age_max"": ""observed"", ""age_min"": ""observed"", ""conversations"": ""declined"", ""emotional_availability"": ""not_asked"", ""has_children"": ""observed"", ""lifestyle"": ""not_asked"", ""partner_children"": ""observed"", ""partner_smoking"": ""observed"", ""relationship_goal"": ""not_asked"", ""relationship_pace"": ""not_asked"", ""relationship_structure"": ""observed"", ""relocate"": ""not_asked"", ""schedule"": ""observed"", ""smoking"": ""observed"", ""space_for_relationship"": ""not_asked"", ""wants_children"": ""observed"", ""who_to_meet"": ""observed""}","{""acceptable_zones"": 1, ""age_max"": 1, ""age_min"": 1, ""conversations"": null, ""emotional_availability"": null, ""has_children"": 1, ""lifestyle"": null, ""partner_children"": 1, ""partner_smoking"": 1, ""relationship_goal"": null, ""relationship_pace"": null, ""relationship_structure"": 1, ""relocate"": null, ""schedule"": 1, ""smoking"": 1, ""space_for_relationship"": null, ""wants_children"": 1, ""who_to_meet"": 1}"
syn_9072468e31c86339118b54fef372dc6e,public_04,44,woman,zone_c,True,synthetic_questionnaire,True,0,"[""zone_c""]",54,39,,ready,False,,no_children,any,,,monogamous,,"[""weekend_day"", ""weekend_evening""]",no,,no,"[""man"", ""woman""]",observed,observed,observed,not_asked,observed,observed,not_asked,observed,observed,not_asked,not_asked,observed,not_asked,observed,observed,not_asked,observed,observed,2,2,2,,0,2,,2,2,,,2,,2,2,,2,2,"{""acceptable_zones"": [""zone_c""], ""age_max"": 54, ""age_min"": 39, ""conversations"": null, ""emotional_availability"": ""ready"", ""has_children"": false, ""lifestyle"": null, ""partner_children"": ""no_children"", ""partner_smoking"": ""any"", ""relationship_goal"": null, ""relationship_pace"": null, ""relationship_structure"": ""monogamous"", ""relocate"": null, ""schedule"": [""weekend_day"", ""weekend_evening""], ""smoking"": ""no"", ""space_for_relationship"": null, ""wants_children"": ""no"", ""who_to_meet"": [""man"", ""woman""]}","{""acceptable_zones"": ""observed"", ""age_max"": ""observed"", ""age_min"": ""observed"", ""conversations"": ""not_asked"", ""emotional_availability"": ""observed"", ""has_children"": ""observed"", ""lifestyle"": ""not_asked"", ""partner_children"": ""observed"", ""partner_smoking"": ""observed"", ""relationship_goal"": ""not_asked"", ""relationship_pace"": ""not_asked"", ""relationship_structure"": ""observed"", ""relocate"": ""not_asked"", ""schedule"": ""observed"", ""smoking"": ""observed"", ""space_for_relationship"": ""not_asked"", ""wants_children"": ""observed"", ""who_to_meet"": ""observed""}","{""acceptable_zones"": 2, ""age_max"": 2, ""age_min"": 2, ""conversations"": null, ""emotional_availability"": 0, ""has_children"": 2, ""lifestyle"": null, ""partner_children"": 2, ""partner_smoking"": 2, ""relationship_goal"": null, ""relationship_pace"": null, ""relationship_structure"": 2, ""relocate"": null, ""schedule"": 2, ""smoking"": 2, ""space_for_relationship"": null, ""wants_children"": 2, ""who_to_meet"": 2}"
syn_851a777fc8f72148801a2b78f0dd441f,public_04,39,man,zone_d,True,synthetic_questionnaire,True,19,"[""zone_d""]",49,30,playful,ready,False,mixed,any,no_smoking,exploring,slow,monogamous,no,"[""weekday_evening""]",occasionally,moderate,no,"[""non_binary"", ""woman""]",observed,observed,observed,observed,observed,observed,observed,observed,observed,observed,observed,observed,observed,observed,observed,observed,observed,observed,19,19,19,19,19,19,19,19,19,19,19,19,19,19,19,19,19,19,"{""acceptable_zones"": [""zone_d""], ""age_max"": 49, ""age_min"": 30, ""conversations"": ""playful"", ""emotional_availability"": ""ready"", ""has_children"": false, ""lifestyle"": ""mixed"", ""partner_children"": ""any"", ""partner_smoking"": ""no_smoking"", ""relationship_goal"": ""exploring"", ""relationship_pace"": ""slow"", ""relationship_structure"": ""monogamous"", ""relocate"": ""no"", ""schedule"": [""weekday_evening""], ""smoking"": ""occasionally"", ""space_for_relationship"": ""moderate"", ""wants_children"": ""no"", ""who_to_meet"": [""non_binary"", ""woman""]}","{""acceptable_zones"": ""observed"", ""age_max"": ""observed"", ""age_min"": ""observed"", ""conversations"": ""observed"", ""emotional_availability"": ""observed"", ""has_children"": ""observed"", ""lifestyle"": ""observed"", ""partner_children"": ""observed"", ""partner_smoking"": ""observed"", ""relationship_goal"": ""observed"", ""relationship_pace"": ""observed"", ""relationship_structure"": ""observed"", ""relocate"": ""observed"", ""schedule"": ""observed"", ""smoking"": ""observed"", ""space_for_relationship"": ""observed"", ""wants_children"": ""observed"", ""who_to_meet"": ""observed""}","{""acceptable_zones"": 19, ""age_max"": 19, ""age_min"": 19, ""conversations"": 19, ""emotional_availability"": 19, ""has_children"": 19, ""lifestyle"": 19, ""partner_children"": 19, ""partner_smoking"": 19, ""relationship_goal"": 19, ""relationship_pace"": 19, ""relationship_structure"": 19, ""relocate"": 19, ""schedule"": 19, ""smoking"": 19, ""space_for_relationship"": 19, ""wants_children"": 19, ""who_to_meet"": 19}"
syn_fc4aafa8e1d8f4e7236cd571da9c7b5d,public_04,41,woman,zone_a,True,synthetic_questionnaire,True,0,"[""zone_a""]",50,33,stories,ready,False,social,any,any,exploring,quick,monogamous,no,"[""weekend_day"", ""weekday_evening""]",no,ample,yes,"[""man""]",observed,observed,observed,observed,observed,observed,observed,observed,observed,observed,observed,observed,observed,observed,observed,observed,observed,observed,0,0,0,0,0,0,0,0,0,0,0,0,0,0,0,0,0,0,"{""acceptable_zones"": [""zone_a""], ""age_max"": 50, ""age_min"": 33, ""conversations"": ""stories"", ""emotional_availability"": ""ready"", ""has_children"": false, ""lifestyle"": ""social"", ""partner_children"": ""any"", ""partner_smoking"": ""any"", ""relationship_goal"": ""exploring"", ""relationship_pace"": ""quick"", ""relationship_structure"": ""monogamous"", ""relocate"": ""no"", ""schedule"": [""weekend_day"", ""weekday_evening""], ""smoking"": ""no"", ""space_for_relationship"": ""ample"", ""wants_children"": ""yes"", ""who_to_meet"": [""man""]}","{""acceptable_zones"": ""observed"", ""age_max"": ""observed"", ""age_min"": ""observed"", ""conversations"": ""observed"", ""emotional_availability"": ""observed"", ""has_children"": ""observed"", ""lifestyle"": ""observed"", ""partner_children"": ""observed"", ""partner_smoking"": ""observed"", ""relationship_goal"": ""observed"", ""relationship_pace"": ""observed"", ""relationship_structure"": ""observed"", ""relocate"": ""observed"", ""schedule"": ""observed"", ""smoking"": ""observed"", ""space_for_relationship"": ""observed"", ""wants_children"": ""observed"", ""who_to_meet"": ""observed""}","{""acceptable_zones"": 0, ""age_max"": 0, ""age_min"": 0, ""conversations"": 0, ""emotional_availability"": 0, ""has_children"": 0, ""lifestyle"": 0, ""partner_children"": 0, ""partner_smoking"": 0, ""relationship_goal"": 0, ""relationship_pace"": 0, ""relationship_structure"": 0, ""relocate"": 0, ""schedule"": 0, ""smoking"": 0, ""space_for_relationship"": 0, ""wants_children"": 0, ""who_to_meet"": 0}"
syn_63ad3a28d9c1b1909ddaa90af696e0e9,public_04,46,woman,zone_b,True,synthetic_questionnaire,True,0,"[""zone_b""]",56,42,playful,ready,True,quiet,no_children,no_smoking,long_term,quick,non_monogamous,no,"[""weekend_evening""]",no,ample,no,"[""woman""]",observed,observed,observed,observed,observed,observed,observed,observed,observed,observed,observed,observed,observed,observed,observed,observed,observed,observed,0,0,0,0,0,0,0,0,0,0,0,0,0,0,0,0,0,0,"{""acceptable_zones"": [""zone_b""], ""age_max"": 56, ""age_min"": 42, ""conversations"": ""playful"", ""emotional_availability"": ""ready"", ""has_children"": true, ""lifestyle"": ""quiet"", ""partner_children"": ""no_children"", ""partner_smoking"": ""no_smoking"", ""relationship_goal"": ""long_term"", ""relationship_pace"": ""quick"", ""relationship_structure"": ""non_monogamous"", ""relocate"": ""no"", ""schedule"": [""weekend_evening""], ""smoking"": ""no"", ""space_for_relationship"": ""ample"", ""wants_children"": ""no"", ""who_to_meet"": [""woman""]}","{""acceptable_zones"": ""observed"", ""age_max"": ""observed"", ""age_min"": ""observed"", ""conversations"": ""observed"", ""emotional_availability"": ""observed"", ""has_children"": ""observed"", ""lifestyle"": ""observed"", ""partner_children"": ""observed"", ""partner_smoking"": ""observed"", ""relationship_goal"": ""observed"", ""relationship_pace"": ""observed"", ""relationship_structure"": ""observed"", ""relocate"": ""observed"", ""schedule"": ""observed"", ""smoking"": ""observed"", ""space_for_relationship"": ""observed"", ""wants_children"": ""observed"", ""who_to_meet"": ""observed""}","{""acceptable_zones"": 0, ""age_max"": 0, ""age_min"": 0, ""conversations"": 0, ""emotional_availability"": 0, ""has_children"": 0, ""lifestyle"": 0, ""partner_children"": 0, ""partner_smoking"": 0, ""relationship_goal"": 0, ""relationship_pace"": 0, ""relationship_structure"": 0, ""relocate"": 0, ""schedule"": 0, ""smoking"": 0, ""space_for_relationship"": 0, ""wants_children"": 0, ""who_to_meet"": 0}"
syn_fe54992336ae0c81303f5edb21783146,public_04,43,woman,zone_a,True,synthetic_questionnaire,True,0,"[""zone_a"", ""zone_c""]",52,37,,,False,,any,any,,,monogamous,,"[""weekday_evening"", ""weekend_evening"", ""weekend_day""]",no,,no,"[""man""]",observed,observed,observed,not_asked,not_asked,observed,not_asked,observed,observed,not_asked,not_asked,observed,not_asked,observed,observed,not_asked,observed,observed,2,2,2,,,2,,2,2,,,2,,2,2,,2,2,"{""acceptable_zones"": [""zone_a"", ""zone_c""], ""age_max"": 52, ""age_min"": 37, ""conversations"": null, ""emotional_availability"": null, ""has_children"": false, ""lifestyle"": null, ""partner_children"": ""any"", ""partner_smoking"": ""any"", ""relationship_goal"": null, ""relationship_pace"": null, ""relationship_structure"": ""monogamous"", ""relocate"": null, ""schedule"": [""weekday_evening"", ""weekend_evening"", ""weekend_day""], ""smoking"": ""no"", ""space_for_relationship"": null, ""wants_children"": ""no"", ""who_to_meet"": [""man""]}","{""acceptable_zones"": ""observed"", ""age_max"": ""observed"", ""age_min"": ""observed"", ""conversations"": ""not_asked"", ""emotional_availability"": ""not_asked"", ""has_children"": ""observed"", ""lifestyle"": ""not_asked"", ""partner_children"": ""observed"", ""partner_smoking"": ""observed"", ""relationship_goal"": ""not_asked"", ""relationship_pace"": ""not_asked"", ""relationship_structure"": ""observed"", ""relocate"": ""not_asked"", ""schedule"": ""observed"", ""smoking"": ""observed"", ""space_for_relationship"": ""not_asked"", ""wants_children"": ""observed"", ""who_to_meet"": ""observed""}","{""acceptable_zones"": 2, ""age_max"": 2, ""age_min"": 2, ""conversations"": null, ""emotional_availability"": null, ""has_children"": 2, ""lifestyle"": null, ""partner_children"": 2, ""partner_smoking"": 2, ""relationship_goal"": null, ""relationship_pace"": null, ""relationship_structure"": 2, ""relocate"": null, ""schedule"": 2, ""smoking"": 2, ""space_for_relationship"": null, ""wants_children"": 2, ""who_to_meet"": 2}"
syn_bd73b3c0ed911bba8f82e95365300148,public_04,44,woman,zone_b,True,synthetic_questionnaire,True,0,"[""zone_b"", ""zone_d""]",50,36,ideas,taking_time,False,social,no_children,no_smoking,exploring,quick,monogamous,unsure,"[""weekend_evening"", ""weekday_evening""]",no,moderate,unsure,"[""woman"", ""non_binary""]",observed,observed,observed,observed,observed,observed,observed,observed,observed,observed,observed,observed,observed,observed,observed,observed,observed,observed,0,0,0,0,0,0,0,0,0,0,0,0,0,0,0,0,0,0,"{""acceptable_zones"": [""zone_b"", ""zone_d""], ""age_max"": 50, ""age_min"": 36, ""conversations"": ""ideas"", ""emotional_availability"": ""taking_time"", ""has_children"": false, ""lifestyle"": ""social"", ""partner_children"": ""no_children"", ""partner_smoking"": ""no_smoking"", ""relationship_goal"": ""exploring"", ""relationship_pace"": ""quick"", ""relationship_structure"": ""monogamous"", ""relocate"": ""unsure"", ""schedule"": [""weekend_evening"", ""weekday_evening""], ""smoking"": ""no"", ""space_for_relationship"": ""moderate"", ""wants_children"": ""unsure"", ""who_to_meet"": [""woman"", ""non_binary""]}","{""acceptable_zones"": ""observed"", ""age_max"": ""observed"", ""age_min"": ""observed"", ""conversations"": ""observed"", ""emotional_availability"": ""observed"", ""has_children"": ""observed"", ""lifestyle"": ""observed"", ""partner_children"": ""observed"", ""partner_smoking"": ""observed"", ""relationship_goal"": ""observed"", ""relationship_pace"": ""observed"", ""relationship_structure"": ""observed"", ""relocate"": ""observed"", ""schedule"": ""observed"", ""smoking"": ""observed"", ""space_for_relationship"": ""observed"", ""wants_children"": ""observed"", ""who_to_meet"": ""observed""}","{""acceptable_zones"": 0, ""age_max"": 0, ""age_min"": 0, ""conversations"": 0, ""emotional_availability"": 0, ""has_children"": 0, ""lifestyle"": 0, ""partner_children"": 0, ""partner_smoking"": 0, ""relationship_goal"": 0, ""relationship_pace"": 0, ""relationship_structure"": 0, ""relocate"": 0, ""schedule"": 0, ""smoking"": 0, ""space_for_relationship"": 0, ""wants_children"": 0, ""who_to_meet"": 0}"
syn_c09e64b669b51cbfe8541ebd06bf000c,public_04,41,woman,zone_a,True,synthetic_questionnaire,True,18,"[""zone_a""]",45,34,,,False,,no_children,no_smoking,,,monogamous,,"[""weekend_evening"", ""weekend_day""]",occasionally,,no,"[""non_binary"", ""man""]",observed,observed,observed,not_asked,not_asked,observed,not_asked,observed,observed,not_asked,not_asked,observed,not_asked,observed,observed,not_asked,observed,observed,18,18,18,,,18,,18,18,,,18,,18,18,,18,18,"{""acceptable_zones"": [""zone_a""], ""age_max"": 45, ""age_min"": 34, ""conversations"": null, ""emotional_availability"": null, ""has_children"": false, ""lifestyle"": null, ""partner_children"": ""no_children"", ""partner_smoking"": ""no_smoking"", ""relationship_goal"": null, ""relationship_pace"": null, ""relationship_structure"": ""monogamous"", ""relocate"": null, ""schedule"": [""weekend_evening"", ""weekend_day""], ""smoking"": ""occasionally"", ""space_for_relationship"": null, ""wants_children"": ""no"", ""who_to_meet"": [""non_binary"", ""man""]}","{""acceptable_zones"": ""observed"", ""age_max"": ""observed"", ""age_min"": ""observed"", ""conversations"": ""not_asked"", ""emotional_availability"": ""not_asked"", ""has_children"": ""observed"", ""lifestyle"": ""not_asked"", ""partner_children"": ""observed"", ""partner_smoking"": ""observed"", ""relationship_goal"": ""not_asked"", ""relationship_pace"": ""not_asked"", ""relationship_structure"": ""observed"", ""relocate"": ""not_asked"", ""schedule"": ""observed"", ""smoking"": ""observed"", ""space_for_relationship"": ""not_asked"", ""wants_children"": ""observed"", ""who_to_meet"": ""observed""}","{""acceptable_zones"": 18, ""age_max"": 18, ""age_min"": 18, ""conversations"": null, ""emotional_availability"": null, ""has_children"": 18, ""lifestyle"": null, ""partner_children"": 18, ""partner_smoking"": 18, ""relationship_goal"": null, ""relationship_pace"": null, ""relationship_structure"": 18, ""relocate"": null, ""schedule"": 18, ""smoking"": 18, ""space_for_relationship"": null, ""wants_children"": 18, ""who_to_meet"": 18}"
syn_294aec320778f8a8fd927ce0a03afe33,public_04,24,woman,zone_b,True,synthetic_questionnaire,True,0,,,,,taking_time,,,,,,,,,,,,,,not_asked,not_asked,not_asked,not_asked,observed,declined,not_asked,not_asked,not_asked,not_asked,not_asked,not_asked,not_asked,not_asked,not_asked,not_asked,declined,not_asked,,,,,0,,,,,,,,,,,,,,"{""acceptable_zones"": null, ""age_max"": null, ""age_min"": null, ""conversations"": null, ""emotional_availability"": ""taking_time"", ""has_children"": null, ""lifestyle"": null, ""partner_children"": null, ""partner_smoking"": null, ""relationship_goal"": null, ""relationship_pace"": null, ""relationship_structure"": null, ""relocate"": null, ""schedule"": null, ""smoking"": null, ""space_for_relationship"": null, ""wants_children"": null, ""who_to_meet"": null}","{""acceptable_zones"": ""not_asked"", ""age_max"": ""not_asked"", ""age_min"": ""not_asked"", ""conversations"": ""not_asked"", ""emotional_availability"": ""observed"", ""has_children"": ""declined"", ""lifestyle"": ""not_asked"", ""partner_children"": ""not_asked"", ""partner_smoking"": ""not_asked"", ""relationship_goal"": ""not_asked"", ""relationship_pace"": ""not_asked"", ""relationship_structure"": ""not_asked"", ""relocate"": ""not_asked"", ""schedule"": ""not_asked"", ""smoking"": ""not_asked"", ""space_for_relationship"": ""not_asked"", ""wants_children"": ""declined"", ""who_to_meet"": ""not_asked""}","{""acceptable_zones"": null, ""age_max"": null, ""age_min"": null, ""conversations"": null, ""emotional_availability"": 0, ""has_children"": null, ""lifestyle"": null, ""partner_children"": null, ""partner_smoking"": null, ""relationship_goal"": null, ""relationship_pace"": null, ""relationship_structure"": null, ""relocate"": null, ""schedule"": null, ""smoking"": null, ""space_for_relationship"": null, ""wants_children"": null, ""who_to_meet"": null}"
syn_1890fa287cb47cb3c40bfc072dea2831,public_04,24,woman,zone_a,True,synthetic_questionnaire,True,0,"[""zone_a""]",32,18,practical,ready,False,social,no_children,no_smoking,long_term,slow,monogamous,unsure,"[""weekend_day"", ""weekend_evening""]",no,limited,unsure,"[""woman""]",observed,observed,observed,observed,observed,observed,observed,observed,observed,observed,observed,observed,observed,observed,observed,observed,observed,observed,0,0,0,0,0,0,0,0,0,0,0,0,0,0,0,0,0,0,"{""acceptable_zones"": [""zone_a""], ""age_max"": 32, ""age_min"": 18, ""conversations"": ""practical"", ""emotional_availability"": ""ready"", ""has_children"": false, ""lifestyle"": ""social"", ""partner_children"": ""no_children"", ""partner_smoking"": ""no_smoking"", ""relationship_goal"": ""long_term"", ""relationship_pace"": ""slow"", ""relationship_structure"": ""monogamous"", ""relocate"": ""unsure"", ""schedule"": [""weekend_day"", ""weekend_evening""], ""smoking"": ""no"", ""space_for_relationship"": ""limited"", ""wants_children"": ""unsure"", ""who_to_meet"": [""woman""]}","{""acceptable_zones"": ""observed"", ""age_max"": ""observed"", ""age_min"": ""observed"", ""conversations"": ""observed"", ""emotional_availability"": ""observed"", ""has_children"": ""observed"", ""lifestyle"": ""observed"", ""partner_children"": ""observed"", ""partner_smoking"": ""observed"", ""relationship_goal"": ""observed"", ""relationship_pace"": ""observed"", ""relationship_structure"": ""observed"", ""relocate"": ""observed"", ""schedule"": ""observed"", ""smoking"": ""observed"", ""space_for_relationship"": ""observed"", ""wants_children"": ""observed"", ""who_to_meet"": ""observed""}","{""acceptable_zones"": 0, ""age_max"": 0, ""age_min"": 0, ""conversations"": 0, ""emotional_availability"": 0, ""has_children"": 0, ""lifestyle"": 0, ""partner_children"": 0, ""partner_smoking"": 0, ""relationship_goal"": 0, ""relationship_pace"": 0, ""relationship_structure"": 0, ""relocate"": 0, ""schedule"": 0, ""smoking"": 0, ""space_for_relationship"": 0, ""wants_children"": 0, ""who_to_meet"": 0}"
syn_13b63fd76c6d5019ea66161e55f69a9a,public_04,30,woman,zone_d,True,synthetic_questionnaire,True,0,"[""zone_d"", ""zone_b""]",40,21,,,False,,any,no_smoking,,,monogamous,yes,"[""weekend_day""]",occasionally,,no,"[""man"", ""non_binary""]",observed,observed,observed,not_asked,not_asked,observed,not_asked,observed,observed,not_asked,not_asked,observed,observed,observed,observed,not_asked,observed,observed,2,2,2,,,2,,2,2,,,2,0,2,2,,2,2,"{""acceptable_zones"": [""zone_d"", ""zone_b""], ""age_max"": 40, ""age_min"": 21, ""conversations"": null, ""emotional_availability"": null, ""has_children"": false, ""lifestyle"": null, ""partner_children"": ""any"", ""partner_smoking"": ""no_smoking"", ""relationship_goal"": null, ""relationship_pace"": null, ""relationship_structure"": ""monogamous"", ""relocate"": ""yes"", ""schedule"": [""weekend_day""], ""smoking"": ""occasionally"", ""space_for_relationship"": null, ""wants_children"": ""no"", ""who_to_meet"": [""man"", ""non_binary""]}","{""acceptable_zones"": ""observed"", ""age_max"": ""observed"", ""age_min"": ""observed"", ""conversations"": ""not_asked"", ""emotional_availability"": ""not_asked"", ""has_children"": ""observed"", ""lifestyle"": ""not_asked"", ""partner_children"": ""observed"", ""partner_smoking"": ""observed"", ""relationship_goal"": ""not_asked"", ""relationship_pace"": ""not_asked"", ""relationship_structure"": ""observed"", ""relocate"": ""observed"", ""schedule"": ""observed"", ""smoking"": ""observed"", ""space_for_relationship"": ""not_asked"", ""wants_children"": ""observed"", ""who_to_meet"": ""observed""}","{""acceptable_zones"": 2, ""age_max"": 2, ""age_min"": 2, ""conversations"": null, ""emotional_availability"": null, ""has_children"": 2, ""lifestyle"": null, ""partner_children"": 2, ""partner_smoking"": 2, ""relationship_goal"": null, ""relationship_pace"": null, ""relationship_structure"": 2, ""relocate"": 0, ""schedule"": 2, ""smoking"": 2, ""space_for_relationship"": null, ""wants_children"": 2, ""who_to_meet"": 2}"
syn_a46c067a6da0ef871436db1c3ef467fc,public_04,39,man,zone_c,True,synthetic_questionnaire,True,0,,,,stories,,,,,,,,,,,no,,,,not_asked,not_asked,not_asked,observed,not_asked,not_asked,not_asked,not_asked,not_asked,not_asked,not_asked,not_asked,not_asked,declined,observed,not_asked,not_asked,not_asked,,,,0,,,,,,,,,,,0,,,,"{""acceptable_zones"": null, ""age_max"": null, ""age_min"": null, ""conversations"": ""stories"", ""emotional_availability"": null, ""has_children"": null, ""lifestyle"": null, ""partner_children"": null, ""partner_smoking"": null, ""relationship_goal"": null, ""relationship_pace"": null, ""relationship_structure"": null, ""relocate"": null, ""schedule"": null, ""smoking"": ""no"", ""space_for_relationship"": null, ""wants_children"": null, ""who_to_meet"": null}","{""acceptable_zones"": ""not_asked"", ""age_max"": ""not_asked"", ""age_min"": ""not_asked"", ""conversations"": ""observed"", ""emotional_availability"": ""not_asked"", ""has_children"": ""not_asked"", ""lifestyle"": ""not_asked"", ""partner_children"": ""not_asked"", ""partner_smoking"": ""not_asked"", ""relationship_goal"": ""not_asked"", ""relationship_pace"": ""not_asked"", ""relationship_structure"": ""not_asked"", ""relocate"": ""not_asked"", ""schedule"": ""declined"", ""smoking"": ""observed"", ""space_for_relationship"": ""not_asked"", ""wants_children"": ""not_asked"", ""who_to_meet"": ""not_asked""}","{""acceptable_zones"": null, ""age_max"": null, ""age_min"": null, ""conversations"": 0, ""emotional_availability"": null, ""has_children"": null, ""lifestyle"": null, ""partner_children"": null, ""partner_smoking"": null, ""relationship_goal"": null, ""relationship_pace"": null, ""relationship_structure"": null, ""relocate"": null, ""schedule"": null, ""smoking"": 0, ""space_for_relationship"": null, ""wants_children"": null, ""who_to_meet"": null}"
syn_4b1f58000423a7fdae6c991e2372910e,public_04,40,woman,zone_b,True,synthetic_questionnaire,True,0,,,,,,,,,,,steady,,,,,,unsure,,not_asked,not_asked,not_asked,not_asked,not_asked,not_asked,not_asked,not_asked,not_asked,not_asked,observed,not_asked,not_asked,declined,not_asked,not_asked,observed,not_asked,,,,,,,,,,,0,,,,,,0,,"{""acceptable_zones"": null, ""age_max"": null, ""age_min"": null, ""conversations"": null, ""emotional_availability"": null, ""has_children"": null, ""lifestyle"": null, ""partner_children"": null, ""partner_smoking"": null, ""relationship_goal"": null, ""relationship_pace"": ""steady"", ""relationship_structure"": null, ""relocate"": null, ""schedule"": null, ""smoking"": null, ""space_for_relationship"": null, ""wants_children"": ""unsure"", ""who_to_meet"": null}","{""acceptable_zones"": ""not_asked"", ""age_max"": ""not_asked"", ""age_min"": ""not_asked"", ""conversations"": ""not_asked"", ""emotional_availability"": ""not_asked"", ""has_children"": ""not_asked"", ""lifestyle"": ""not_asked"", ""partner_children"": ""not_asked"", ""partner_smoking"": ""not_asked"", ""relationship_goal"": ""not_asked"", ""relationship_pace"": ""observed"", ""relationship_structure"": ""not_asked"", ""relocate"": ""not_asked"", ""schedule"": ""declined"", ""smoking"": ""not_asked"", ""space_for_relationship"": ""not_asked"", ""wants_children"": ""observed"", ""who_to_meet"": ""not_asked""}","{""acceptable_zones"": null, ""age_max"": null, ""age_min"": null, ""conversations"": null, ""emotional_availability"": null, ""has_children"": null, ""lifestyle"": null, ""partner_children"": null, ""partner_smoking"": null, ""relationship_goal"": null, ""relationship_pace"": 0, ""relationship_structure"": null, ""relocate"": null, ""schedule"": null, ""smoking"": null, ""space_for_relationship"": null, ""wants_children"": 0, ""who_to_meet"": null}"
syn_dc8b03b2c42f37986d3c4ccea15a85d8,public_04,36,man,zone_b,True,synthetic_questionnaire,True,0,,,33,,,,,,,,,,,,,,,,declined,not_asked,observed,not_asked,not_asked,not_asked,not_asked,not_asked,not_asked,not_asked,not_asked,not_asked,not_asked,declined,not_asked,not_asked,not_asked,declined,,,0,,,,,,,,,,,,,,,,"{""acceptable_zones"": null, ""age_max"": null, ""age_min"": 33, ""conversations"": null, ""emotional_availability"": null, ""has_children"": null, ""lifestyle"": null, ""partner_children"": null, ""partner_smoking"": null, ""relationship_goal"": null, ""relationship_pace"": null, ""relationship_structure"": null, ""relocate"": null, ""schedule"": null, ""smoking"": null, ""space_for_relationship"": null, ""wants_children"": null, ""who_to_meet"": null}","{""acceptable_zones"": ""declined"", ""age_max"": ""not_asked"", ""age_min"": ""observed"", ""conversations"": ""not_asked"", ""emotional_availability"": ""not_asked"", ""has_children"": ""not_asked"", ""lifestyle"": ""not_asked"", ""partner_children"": ""not_asked"", ""partner_smoking"": ""not_asked"", ""relationship_goal"": ""not_asked"", ""relationship_pace"": ""not_asked"", ""relationship_structure"": ""not_asked"", ""relocate"": ""not_asked"", ""schedule"": ""declined"", ""smoking"": ""not_asked"", ""space_for_relationship"": ""not_asked"", ""wants_children"": ""not_asked"", ""who_to_meet"": ""declined""}","{""acceptable_zones"": null, ""age_max"": null, ""age_min"": 0, ""conversations"": null, ""emotional_availability"": null, ""has_children"": null, ""lifestyle"": null, ""partner_children"": null, ""partner_smoking"": null, ""relationship_goal"": null, ""relationship_pace"": null, ""relationship_structure"": null, ""relocate"": null, ""schedule"": null, ""smoking"": null, ""space_for_relationship"": null, ""wants_children"": null, ""who_to_meet"": null}"
syn_83577c49b97c67fc62385886ccbc3d84,public_04,35,woman,zone_a,True,synthetic_questionnaire,True,0,"[""zone_a""]",38,28,,,False,,no_children,no_smoking,,,monogamous,unsure,"[""weekend_evening"", ""weekend_day""]",occasionally,ample,yes,"[""woman""]",observed,observed,observed,declined,not_asked,observed,not_asked,observed,observed,not_asked,not_asked,observed,observed,observed,observed,observed,observed,observed,2,2,2,,,2,,2,2,,,2,0,2,2,0,2,2,"{""acceptable_zones"": [""zone_a""], ""age_max"": 38, ""age_min"": 28, ""conversations"": null, ""emotional_availability"": null, ""has_children"": false, ""lifestyle"": null, ""partner_children"": ""no_children"", ""partner_smoking"": ""no_smoking"", ""relationship_goal"": null, ""relationship_pace"": null, ""relationship_structure"": ""monogamous"", ""relocate"": ""unsure"", ""schedule"": [""weekend_evening"", ""weekend_day""], ""smoking"": ""occasionally"", ""space_for_relationship"": ""ample"", ""wants_children"": ""yes"", ""who_to_meet"": [""woman""]}","{""acceptable_zones"": ""observed"", ""age_max"": ""observed"", ""age_min"": ""observed"", ""conversations"": ""declined"", ""emotional_availability"": ""not_asked"", ""has_children"": ""observed"", ""lifestyle"": ""not_asked"", ""partner_children"": ""observed"", ""partner_smoking"": ""observed"", ""relationship_goal"": ""not_asked"", ""relationship_pace"": ""not_asked"", ""relationship_structure"": ""observed"", ""relocate"": ""observed"", ""schedule"": ""observed"", ""smoking"": ""observed"", ""space_for_relationship"": ""observed"", ""wants_children"": ""observed"", ""who_to_meet"": ""observed""}","{""acceptable_zones"": 2, ""age_max"": 2, ""age_min"": 2, ""conversations"": null, ""emotional_availability"": null, ""has_children"": 2, ""lifestyle"": null, ""partner_children"": 2, ""partner_smoking"": 2, ""relationship_goal"": null, ""relationship_pace"": null, ""relationship_structure"": 2, ""relocate"": 0, ""schedule"": 2, ""smoking"": 2, ""space_for_relationship"": 0, ""wants_children"": 2, ""who_to_meet"": 2}"
syn_3adb31b531a937f506fa6d09be3c5589,public_04,45,man,zone_a,False,synthetic_questionnaire,True,0,,,,,,False,,,,,,,,,,limited,,,not_asked,not_asked,not_asked,not_asked,not_asked,observed,not_asked,not_asked,not_asked,not_asked,not_asked,not_asked,not_asked,not_asked,not_asked,observed,not_asked,declined,,,,,,0,,,,,,,,,,0,,,"{""acceptable_zones"": null, ""age_max"": null, ""age_min"": null, ""conversations"": null, ""emotional_availability"": null, ""has_children"": false, ""lifestyle"": null, ""partner_children"": null, ""partner_smoking"": null, ""relationship_goal"": null, ""relationship_pace"": null, ""relationship_structure"": null, ""relocate"": null, ""schedule"": null, ""smoking"": null, ""space_for_relationship"": ""limited"", ""wants_children"": null, ""who_to_meet"": null}","{""acceptable_zones"": ""not_asked"", ""age_max"": ""not_asked"", ""age_min"": ""not_asked"", ""conversations"": ""not_asked"", ""emotional_availability"": ""not_asked"", ""has_children"": ""observed"", ""lifestyle"": ""not_asked"", ""partner_children"": ""not_asked"", ""partner_smoking"": ""not_asked"", ""relationship_goal"": ""not_asked"", ""relationship_pace"": ""not_asked"", ""relationship_structure"": ""not_asked"", ""relocate"": ""not_asked"", ""schedule"": ""not_asked"", ""smoking"": ""not_asked"", ""space_for_relationship"": ""observed"", ""wants_children"": ""not_asked"", ""who_to_meet"": ""declined""}","{""acceptable_zones"": null, ""age_max"": null, ""age_min"": null, ""conversations"": null, ""emotional_availability"": null, ""has_children"": 0, ""lifestyle"": null, ""partner_children"": null, ""partner_smoking"": null, ""relationship_goal"": null, ""relationship_pace"": null, ""relationship_structure"": null, ""relocate"": null, ""schedule"": null, ""smoking"": null, ""space_for_relationship"": 0, ""wants_children"": null, ""who_to_meet"": null}"
syn_124eb5bac27f69eb0afdf987b3fc69bc,public_04,24,woman,zone_b,True,synthetic_questionnaire,True,0,"[""zone_b"", ""zone_a""]",31,21,,,True,,any,no_smoking,,,monogamous,,"[""weekend_evening"", ""weekday_evening"", ""weekend_day""]",no,,unsure,"[""non_binary""]",observed,observed,observed,not_asked,not_asked,observed,declined,observed,observed,not_asked,not_asked,observed,not_asked,observed,observed,not_asked,observed,observed,3,3,3,,,3,,3,3,,,3,,3,3,,3,3,"{""acceptable_zones"": [""zone_b"", ""zone_a""], ""age_max"": 31, ""age_min"": 21, ""conversations"": null, ""emotional_availability"": null, ""has_children"": true, ""lifestyle"": null, ""partner_children"": ""any"", ""partner_smoking"": ""no_smoking"", ""relationship_goal"": null, ""relationship_pace"": null, ""relationship_structure"": ""monogamous"", ""relocate"": null, ""schedule"": [""weekend_evening"", ""weekday_evening"", ""weekend_day""], ""smoking"": ""no"", ""space_for_relationship"": null, ""wants_children"": ""unsure"", ""who_to_meet"": [""non_binary""]}","{""acceptable_zones"": ""observed"", ""age_max"": ""observed"", ""age_min"": ""observed"", ""conversations"": ""not_asked"", ""emotional_availability"": ""not_asked"", ""has_children"": ""observed"", ""lifestyle"": ""declined"", ""partner_children"": ""observed"", ""partner_smoking"": ""observed"", ""relationship_goal"": ""not_asked"", ""relationship_pace"": ""not_asked"", ""relationship_structure"": ""observed"", ""relocate"": ""not_asked"", ""schedule"": ""observed"", ""smoking"": ""observed"", ""space_for_relationship"": ""not_asked"", ""wants_children"": ""observed"", ""who_to_meet"": ""observed""}","{""acceptable_zones"": 3, ""age_max"": 3, ""age_min"": 3, ""conversations"": null, ""emotional_availability"": null, ""has_children"": 3, ""lifestyle"": null, ""partner_children"": 3, ""partner_smoking"": 3, ""relationship_goal"": null, ""relationship_pace"": null, ""relationship_structure"": 3, ""relocate"": null, ""schedule"": 3, ""smoking"": 3, ""space_for_relationship"": null, ""wants_children"": 3, ""who_to_meet"": 3}"
syn_a4279277750c71af05633514f4cfd51b,public_04,38,man,zone_a,False,synthetic_questionnaire,True,0,"[""zone_a""]",48,30,,,False,,any,no_smoking,,,monogamous,no,"[""weekday_evening"", ""weekend_evening"", ""weekend_day""]",no,,yes,"[""woman"", ""man"", ""non_binary""]",observed,observed,observed,not_asked,not_asked,observed,not_asked,observed,observed,not_asked,not_asked,observed,observed,observed,observed,not_asked,observed,observed,3,3,3,,,3,,3,3,,,3,0,3,3,,3,3,"{""acceptable_zones"": [""zone_a""], ""age_max"": 48, ""age_min"": 30, ""conversations"": null, ""emotional_availability"": null, ""has_children"": false, ""lifestyle"": null, ""partner_children"": ""any"", ""partner_smoking"": ""no_smoking"", ""relationship_goal"": null, ""relationship_pace"": null, ""relationship_structure"": ""monogamous"", ""relocate"": ""no"", ""schedule"": [""weekday_evening"", ""weekend_evening"", ""weekend_day""], ""smoking"": ""no"", ""space_for_relationship"": null, ""wants_children"": ""yes"", ""who_to_meet"": [""woman"", ""man"", ""non_binary""]}","{""acceptable_zones"": ""observed"", ""age_max"": ""observed"", ""age_min"": ""observed"", ""conversations"": ""not_asked"", ""emotional_availability"": ""not_asked"", ""has_children"": ""observed"", ""lifestyle"": ""not_asked"", ""partner_children"": ""observed"", ""partner_smoking"": ""observed"", ""relationship_goal"": ""not_asked"", ""relationship_pace"": ""not_asked"", ""relationship_structure"": ""observed"", ""relocate"": ""observed"", ""schedule"": ""observed"", ""smoking"": ""observed"", ""space_for_relationship"": ""not_asked"", ""wants_children"": ""observed"", ""who_to_meet"": ""observed""}","{""acceptable_zones"": 3, ""age_max"": 3, ""age_min"": 3, ""conversations"": null, ""emotional_availability"": null, ""has_children"": 3, ""lifestyle"": null, ""partner_children"": 3, ""partner_smoking"": 3, ""relationship_goal"": null, ""relationship_pace"": null, ""relationship_structure"": 3, ""relocate"": 0, ""schedule"": 3, ""smoking"": 3, ""space_for_relationship"": null, ""wants_children"": 3, ""who_to_meet"": 3}"
syn_9fa059cb5e8a6e1ef14992cca7932e8d,public_04,46,man,zone_b,True,synthetic_questionnaire,True,0,"[""zone_b""]",51,40,,,False,,no_children,no_smoking,long_term,,monogamous,,"[""weekend_day"", ""weekday_evening"", ""weekend_evening""]",occasionally,,no,"[""woman""]",observed,observed,observed,declined,not_asked,observed,not_asked,observed,observed,observed,not_asked,observed,not_asked,observed,observed,not_asked,observed,observed,3,3,3,,,3,,3,3,0,,3,,3,3,,3,3,"{""acceptable_zones"": [""zone_b""], ""age_max"": 51, ""age_min"": 40, ""conversations"": null, ""emotional_availability"": null, ""has_children"": false, ""lifestyle"": null, ""partner_children"": ""no_children"", ""partner_smoking"": ""no_smoking"", ""relationship_goal"": ""long_term"", ""relationship_pace"": null, ""relationship_structure"": ""monogamous"", ""relocate"": null, ""schedule"": [""weekend_day"", ""weekday_evening"", ""weekend_evening""], ""smoking"": ""occasionally"", ""space_for_relationship"": null, ""wants_children"": ""no"", ""who_to_meet"": [""woman""]}","{""acceptable_zones"": ""observed"", ""age_max"": ""observed"", ""age_min"": ""observed"", ""conversations"": ""declined"", ""emotional_availability"": ""not_asked"", ""has_children"": ""observed"", ""lifestyle"": ""not_asked"", ""partner_children"": ""observed"", ""partner_smoking"": ""observed"", ""relationship_goal"": ""observed"", ""relationship_pace"": ""not_asked"", ""relationship_structure"": ""observed"", ""relocate"": ""not_asked"", ""schedule"": ""observed"", ""smoking"": ""observed"", ""space_for_relationship"": ""not_asked"", ""wants_children"": ""observed"", ""who_to_meet"": ""observed""}","{""acceptable_zones"": 3, ""age_max"": 3, ""age_min"": 3, ""conversations"": null, ""emotional_availability"": null, ""has_children"": 3, ""lifestyle"": null, ""partner_children"": 3, ""partner_smoking"": 3, ""relationship_goal"": 0, ""relationship_pace"": null, ""relationship_structure"": 3, ""relocate"": null, ""schedule"": 3, ""smoking"": 3, ""space_for_relationship"": null, ""wants_children"": 3, ""who_to_meet"": 3}"
syn_64f9e1329c4d5cceeb727a5c098868eb,public_04,41,woman,zone_a,True,synthetic_questionnaire,True,0,,,,,,False,,,,,,,,,,,,,not_asked,not_asked,not_asked,not_asked,not_asked,observed,not_asked,declined,not_asked,not_asked,not_asked,not_asked,not_asked,declined,not_asked,not_asked,not_asked,not_asked,,,,,,0,,,,,,,,,,,,,"{""acceptable_zones"": null, ""age_max"": null, ""age_min"": null, ""conversations"": null, ""emotional_availability"": null, ""has_children"": false, ""lifestyle"": null, ""partner_children"": null, ""partner_smoking"": null, ""relationship_goal"": null, ""relationship_pace"": null, ""relationship_structure"": null, ""relocate"": null, ""schedule"": null, ""smoking"": null, ""space_for_relationship"": null, ""wants_children"": null, ""who_to_meet"": null}","{""acceptable_zones"": ""not_asked"", ""age_max"": ""not_asked"", ""age_min"": ""not_asked"", ""conversations"": ""not_asked"", ""emotional_availability"": ""not_asked"", ""has_children"": ""observed"", ""lifestyle"": ""not_asked"", ""partner_children"": ""declined"", ""partner_smoking"": ""not_asked"", ""relationship_goal"": ""not_asked"", ""relationship_pace"": ""not_asked"", ""relationship_structure"": ""not_asked"", ""relocate"": ""not_asked"", ""schedule"": ""declined"", ""smoking"": ""not_asked"", ""space_for_relationship"": ""not_asked"", ""wants_children"": ""not_asked"", ""who_to_meet"": ""not_asked""}","{""acceptable_zones"": null, ""age_max"": null, ""age_min"": null, ""conversations"": null, ""emotional_availability"": null, ""has_children"": 0, ""lifestyle"": null, ""partner_children"": null, ""partner_smoking"": null, ""relationship_goal"": null, ""relationship_pace"": null, ""relationship_structure"": null, ""relocate"": null, ""schedule"": null, ""smoking"": null, ""space_for_relationship"": null, ""wants_children"": null, ""who_to_meet"": null}"
syn_80151354a5df22cbc5cab34bbc0690b0,public_04,45,woman,zone_a,True,synthetic_questionnaire,True,8,,,,,,,,,any,,,,,,,,,,not_asked,not_asked,not_asked,not_asked,not_asked,not_asked,not_asked,not_asked,observed,not_asked,not_asked,declined,declined,not_asked,not_asked,not_asked,not_asked,not_asked,,,,,,,,,8,,,,,,,,,,"{""acceptable_zones"": null, ""age_max"": null, ""age_min"": null, ""conversations"": null, ""emotional_availability"": null, ""has_children"": null, ""lifestyle"": null, ""partner_children"": null, ""partner_smoking"": ""any"", ""relationship_goal"": null, ""relationship_pace"": null, ""relationship_structure"": null, ""relocate"": null, ""schedule"": null, ""smoking"": null, ""space_for_relationship"": null, ""wants_children"": null, ""who_to_meet"": null}","{""acceptable_zones"": ""not_asked"", ""age_max"": ""not_asked"", ""age_min"": ""not_asked"", ""conversations"": ""not_asked"", ""emotional_availability"": ""not_asked"", ""has_children"": ""not_asked"", ""lifestyle"": ""not_asked"", ""partner_children"": ""not_asked"", ""partner_smoking"": ""observed"", ""relationship_goal"": ""not_asked"", ""relationship_pace"": ""not_asked"", ""relationship_structure"": ""declined"", ""relocate"": ""declined"", ""schedule"": ""not_asked"", ""smoking"": ""not_asked"", ""space_for_relationship"": ""not_asked"", ""wants_children"": ""not_asked"", ""who_to_meet"": ""not_asked""}","{""acceptable_zones"": null, ""age_max"": null, ""age_min"": null, ""conversations"": null, ""emotional_availability"": null, ""has_children"": null, ""lifestyle"": null, ""partner_children"": null, ""partner_smoking"": 8, ""relationship_goal"": null, ""relationship_pace"": null, ""relationship_structure"": null, ""relocate"": null, ""schedule"": null, ""smoking"": null, ""space_for_relationship"": null, ""wants_children"": null, ""who_to_meet"": null}"
syn_638e3707b3fd032bbac98862c7b487d7,public_04,28,woman,zone_b,True,synthetic_questionnaire,True,0,"[""zone_b""]",33,20,practical,,False,,any,no_smoking,,,monogamous,,"[""weekday_evening"", ""weekend_day""]",no,,unsure,"[""woman""]",observed,observed,observed,observed,not_asked,observed,not_asked,observed,observed,not_asked,not_asked,observed,not_asked,observed,observed,not_asked,observed,observed,3,3,3,0,,3,,3,3,,,3,,3,3,,3,3,"{""acceptable_zones"": [""zone_b""], ""age_max"": 33, ""age_min"": 20, ""conversations"": ""practical"", ""emotional_availability"": null, ""has_children"": false, ""lifestyle"": null, ""partner_children"": ""any"", ""partner_smoking"": ""no_smoking"", ""relationship_goal"": null, ""relationship_pace"": null, ""relationship_structure"": ""monogamous"", ""relocate"": null, ""schedule"": [""weekday_evening"", ""weekend_day""], ""smoking"": ""no"", ""space_for_relationship"": null, ""wants_children"": ""unsure"", ""who_to_meet"": [""woman""]}","{""acceptable_zones"": ""observed"", ""age_max"": ""observed"", ""age_min"": ""observed"", ""conversations"": ""observed"", ""emotional_availability"": ""not_asked"", ""has_children"": ""observed"", ""lifestyle"": ""not_asked"", ""partner_children"": ""observed"", ""partner_smoking"": ""observed"", ""relationship_goal"": ""not_asked"", ""relationship_pace"": ""not_asked"", ""relationship_structure"": ""observed"", ""relocate"": ""not_asked"", ""schedule"": ""observed"", ""smoking"": ""observed"", ""space_for_relationship"": ""not_asked"", ""wants_children"": ""observed"", ""who_to_meet"": ""observed""}","{""acceptable_zones"": 3, ""age_max"": 3, ""age_min"": 3, ""conversations"": 0, ""emotional_availability"": null, ""has_children"": 3, ""lifestyle"": null, ""partner_children"": 3, ""partner_smoking"": 3, ""relationship_goal"": null, ""relationship_pace"": null, ""relationship_structure"": 3, ""relocate"": null, ""schedule"": 3, ""smoking"": 3, ""space_for_relationship"": null, ""wants_children"": 3, ""who_to_meet"": 3}"
syn_6f03f202213269a638663e4a32502567,public_04,22,woman,zone_b,True,synthetic_questionnaire,True,0,"[""zone_b"", ""zone_a""]",30,18,playful,ready,False,quiet,any,any,exploring,quick,monogamous,yes,"[""weekday_evening"", ""weekend_evening""]",no,ample,yes,"[""non_binary"", ""man""]",observed,observed,observed,observed,observed,observed,observed,observed,observed,observed,observed,observed,observed,observed,observed,observed,observed,observed,0,0,0,0,0,0,0,0,0,0,0,0,0,0,0,0,0,0,"{""acceptable_zones"": [""zone_b"", ""zone_a""], ""age_max"": 30, ""age_min"": 18, ""conversations"": ""playful"", ""emotional_availability"": ""ready"", ""has_children"": false, ""lifestyle"": ""quiet"", ""partner_children"": ""any"", ""partner_smoking"": ""any"", ""relationship_goal"": ""exploring"", ""relationship_pace"": ""quick"", ""relationship_structure"": ""monogamous"", ""relocate"": ""yes"", ""schedule"": [""weekday_evening"", ""weekend_evening""], ""smoking"": ""no"", ""space_for_relationship"": ""ample"", ""wants_children"": ""yes"", ""who_to_meet"": [""non_binary"", ""man""]}","{""acceptable_zones"": ""observed"", ""age_max"": ""observed"", ""age_min"": ""observed"", ""conversations"": ""observed"", ""emotional_availability"": ""observed"", ""has_children"": ""observed"", ""lifestyle"": ""observed"", ""partner_children"": ""observed"", ""partner_smoking"": ""observed"", ""relationship_goal"": ""observed"", ""relationship_pace"": ""observed"", ""relationship_structure"": ""observed"", ""relocate"": ""observed"", ""schedule"": ""observed"", ""smoking"": ""observed"", ""space_for_relationship"": ""observed"", ""wants_children"": ""observed"", ""who_to_meet"": ""observed""}","{""acceptable_zones"": 0, ""age_max"": 0, ""age_min"": 0, ""conversations"": 0, ""emotional_availability"": 0, ""has_children"": 0, ""lifestyle"": 0, ""partner_children"": 0, ""partner_smoking"": 0, ""relationship_goal"": 0, ""relationship_pace"": 0, ""relationship_structure"": 0, ""relocate"": 0, ""schedule"": 0, ""smoking"": 0, ""space_for_relationship"": 0, ""wants_children"": 0, ""who_to_meet"": 0}"
syn_acb3ddf2eb274ec55714f8d4c117fd21,public_04,45,man,zone_d,True,synthetic_questionnaire,True,3,"[""zone_d""]",53,40,,,False,,any,any,,quick,monogamous,unsure,"[""weekend_day"", ""weekday_evening"", ""weekend_evening""]",no,,unsure,"[""non_binary""]",observed,observed,observed,not_asked,not_asked,observed,not_asked,observed,observed,not_asked,observed,observed,observed,observed,observed,not_asked,observed,observed,4,4,4,,,4,,4,4,,3,4,3,4,4,,4,4,"{""acceptable_zones"": [""zone_d""], ""age_max"": 53, ""age_min"": 40, ""conversations"": null, ""emotional_availability"": null, ""has_children"": false, ""lifestyle"": null, ""partner_children"": ""any"", ""partner_smoking"": ""any"", ""relationship_goal"": null, ""relationship_pace"": ""quick"", ""relationship_structure"": ""monogamous"", ""relocate"": ""unsure"", ""schedule"": [""weekend_day"", ""weekday_evening"", ""weekend_evening""], ""smoking"": ""no"", ""space_for_relationship"": null, ""wants_children"": ""unsure"", ""who_to_meet"": [""non_binary""]}","{""acceptable_zones"": ""observed"", ""age_max"": ""observed"", ""age_min"": ""observed"", ""conversations"": ""not_asked"", ""emotional_availability"": ""not_asked"", ""has_children"": ""observed"", ""lifestyle"": ""not_asked"", ""partner_children"": ""observed"", ""partner_smoking"": ""observed"", ""relationship_goal"": ""not_asked"", ""relationship_pace"": ""observed"", ""relationship_structure"": ""observed"", ""relocate"": ""observed"", ""schedule"": ""observed"", ""smoking"": ""observed"", ""space_for_relationship"": ""not_asked"", ""wants_children"": ""observed"", ""who_to_meet"": ""observed""}","{""acceptable_zones"": 4, ""age_max"": 4, ""age_min"": 4, ""conversations"": null, ""emotional_availability"": null, ""has_children"": 4, ""lifestyle"": null, ""partner_children"": 4, ""partner_smoking"": 4, ""relationship_goal"": null, ""relationship_pace"": 3, ""relationship_structure"": 4, ""relocate"": 3, ""schedule"": 4, ""smoking"": 4, ""space_for_relationship"": null, ""wants_children"": 4, ""who_to_meet"": 4}"
syn_bea8fe342fe4b08bce87670b65df05e3,public_04,44,man,zone_a,True,synthetic_questionnaire,True,20,"[""zone_a""]",50,39,,,False,,any,any,,,monogamous,,"[""weekday_evening""]",yes,ample,no,"[""non_binary""]",observed,observed,observed,not_asked,not_asked,observed,not_asked,observed,observed,not_asked,declined,observed,not_asked,observed,observed,observed,observed,observed,20,20,20,,,20,,20,20,,,20,,20,20,20,20,20,"{""acceptable_zones"": [""zone_a""], ""age_max"": 50, ""age_min"": 39, ""conversations"": null, ""emotional_availability"": null, ""has_children"": false, ""lifestyle"": null, ""partner_children"": ""any"", ""partner_smoking"": ""any"", ""relationship_goal"": null, ""relationship_pace"": null, ""relationship_structure"": ""monogamous"", ""relocate"": null, ""schedule"": [""weekday_evening""], ""smoking"": ""yes"", ""space_for_relationship"": ""ample"", ""wants_children"": ""no"", ""who_to_meet"": [""non_binary""]}","{""acceptable_zones"": ""observed"", ""age_max"": ""observed"", ""age_min"": ""observed"", ""conversations"": ""not_asked"", ""emotional_availability"": ""not_asked"", ""has_children"": ""observed"", ""lifestyle"": ""not_asked"", ""partner_children"": ""observed"", ""partner_smoking"": ""observed"", ""relationship_goal"": ""not_asked"", ""relationship_pace"": ""declined"", ""relationship_structure"": ""observed"", ""relocate"": ""not_asked"", ""schedule"": ""observed"", ""smoking"": ""observed"", ""space_for_relationship"": ""observed"", ""wants_children"": ""observed"", ""who_to_meet"": ""observed""}","{""acceptable_zones"": 20, ""age_max"": 20, ""age_min"": 20, ""conversations"": null, ""emotional_availability"": null, ""has_children"": 20, ""lifestyle"": null, ""partner_children"": 20, ""partner_smoking"": 20, ""relationship_goal"": null, ""relationship_pace"": null, ""relationship_structure"": 20, ""relocate"": null, ""schedule"": 20, ""smoking"": 20, ""space_for_relationship"": 20, ""wants_children"": 20, ""who_to_meet"": 20}"
syn_7b791a5586e8ad1114f50f8b54dbf5f6,public_04,36,man,zone_a,True,synthetic_questionnaire,True,19,,,32,stories,,False,,,,,,,,,,,,,not_asked,not_asked,observed,observed,not_asked,observed,not_asked,not_asked,not_asked,not_asked,not_asked,declined,not_asked,not_asked,not_asked,not_asked,not_asked,not_asked,,,19,19,,19,,,,,,,,,,,,,"{""acceptable_zones"": null, ""age_max"": null, ""age_min"": 32, ""conversations"": ""stories"", ""emotional_availability"": null, ""has_children"": false, ""lifestyle"": null, ""partner_children"": null, ""partner_smoking"": null, ""relationship_goal"": null, ""relationship_pace"": null, ""relationship_structure"": null, ""relocate"": null, ""schedule"": null, ""smoking"": null, ""space_for_relationship"": null, ""wants_children"": null, ""who_to_meet"": null}","{""acceptable_zones"": ""not_asked"", ""age_max"": ""not_asked"", ""age_min"": ""observed"", ""conversations"": ""observed"", ""emotional_availability"": ""not_asked"", ""has_children"": ""observed"", ""lifestyle"": ""not_asked"", ""partner_children"": ""not_asked"", ""partner_smoking"": ""not_asked"", ""relationship_goal"": ""not_asked"", ""relationship_pace"": ""not_asked"", ""relationship_structure"": ""declined"", ""relocate"": ""not_asked"", ""schedule"": ""not_asked"", ""smoking"": ""not_asked"", ""space_for_relationship"": ""not_asked"", ""wants_children"": ""not_asked"", ""who_to_meet"": ""not_asked""}","{""acceptable_zones"": null, ""age_max"": null, ""age_min"": 19, ""conversations"": 19, ""emotional_availability"": null, ""has_children"": 19, ""lifestyle"": null, ""partner_children"": null, ""partner_smoking"": null, ""relationship_goal"": null, ""relationship_pace"": null, ""relationship_structure"": null, ""relocate"": null, ""schedule"": null, ""smoking"": null, ""space_for_relationship"": null, ""wants_children"": null, ""who_to_meet"": null}"
syn_1f125e068adfe453e6d646b417a74160,public_04,34,man,zone_a,True,synthetic_questionnaire,True,0,"[""zone_a"", ""zone_b""]",37,29,stories,taking_time,True,mixed,any,any,exploring,slow,monogamous,yes,"[""weekend_evening""]",no,moderate,unsure,"[""woman"", ""man"", ""non_binary""]",observed,observed,observed,observed,observed,observed,observed,observed,observed,observed,observed,observed,observed,observed,observed,observed,observed,observed,0,0,0,0,0,0,0,0,0,0,0,0,0,0,0,0,0,0,"{""acceptable_zones"": [""zone_a"", ""zone_b""], ""age_max"": 37, ""age_min"": 29, ""conversations"": ""stories"", ""emotional_availability"": ""taking_time"", ""has_children"": true, ""lifestyle"": ""mixed"", ""partner_children"": ""any"", ""partner_smoking"": ""any"", ""relationship_goal"": ""exploring"", ""relationship_pace"": ""slow"", ""relationship_structure"": ""monogamous"", ""relocate"": ""yes"", ""schedule"": [""weekend_evening""], ""smoking"": ""no"", ""space_for_relationship"": ""moderate"", ""wants_children"": ""unsure"", ""who_to_meet"": [""woman"", ""man"", ""non_binary""]}","{""acceptable_zones"": ""observed"", ""age_max"": ""observed"", ""age_min"": ""observed"", ""conversations"": ""observed"", ""emotional_availability"": ""observed"", ""has_children"": ""observed"", ""lifestyle"": ""observed"", ""partner_children"": ""observed"", ""partner_smoking"": ""observed"", ""relationship_goal"": ""observed"", ""relationship_pace"": ""observed"", ""relationship_structure"": ""observed"", ""relocate"": ""observed"", ""schedule"": ""observed"", ""smoking"": ""observed"", ""space_for_relationship"": ""observed"", ""wants_children"": ""observed"", ""who_to_meet"": ""observed""}","{""acceptable_zones"": 0, ""age_max"": 0, ""age_min"": 0, ""conversations"": 0, ""emotional_availability"": 0, ""has_children"": 0, ""lifestyle"": 0, ""partner_children"": 0, ""partner_smoking"": 0, ""relationship_goal"": 0, ""relationship_pace"": 0, ""relationship_structure"": 0, ""relocate"": 0, ""schedule"": 0, ""smoking"": 0, ""space_for_relationship"": 0, ""wants_children"": 0, ""who_to_meet"": 0}"
syn_730febe55e4f2d8c3c2e7d2eb7f1c334,public_04,27,woman,zone_a,True,synthetic_questionnaire,True,0,"[""zone_a""]",32,22,practical,taking_time,True,social,no_children,any,long_term,steady,monogamous,yes,"[""weekend_day"", ""weekend_evening""]",no,ample,yes,"[""woman""]",observed,observed,observed,observed,observed,observed,observed,observed,observed,observed,observed,observed,observed,observed,observed,observed,observed,observed,0,0,0,0,0,0,0,0,0,0,0,0,0,0,0,0,0,0,"{""acceptable_zones"": [""zone_a""], ""age_max"": 32, ""age_min"": 22, ""conversations"": ""practical"", ""emotional_availability"": ""taking_time"", ""has_children"": true, ""lifestyle"": ""social"", ""partner_children"": ""no_children"", ""partner_smoking"": ""any"", ""relationship_goal"": ""long_term"", ""relationship_pace"": ""steady"", ""relationship_structure"": ""monogamous"", ""relocate"": ""yes"", ""schedule"": [""weekend_day"", ""weekend_evening""], ""smoking"": ""no"", ""space_for_relationship"": ""ample"", ""wants_children"": ""yes"", ""who_to_meet"": [""woman""]}","{""acceptable_zones"": ""observed"", ""age_max"": ""observed"", ""age_min"": ""observed"", ""conversations"": ""observed"", ""emotional_availability"": ""observed"", ""has_children"": ""observed"", ""lifestyle"": ""observed"", ""partner_children"": ""observed"", ""partner_smoking"": ""observed"", ""relationship_goal"": ""observed"", ""relationship_pace"": ""observed"", ""relationship_structure"": ""observed"", ""relocate"": ""observed"", ""schedule"": ""observed"", ""smoking"": ""observed"", ""space_for_relationship"": ""observed"", ""wants_children"": ""observed"", ""who_to_meet"": ""observed""}","{""acceptable_zones"": 0, ""age_max"": 0, ""age_min"": 0, ""conversations"": 0, ""emotional_availability"": 0, ""has_children"": 0, ""lifestyle"": 0, ""partner_children"": 0, ""partner_smoking"": 0, ""relationship_goal"": 0, ""relationship_pace"": 0, ""relationship_structure"": 0, ""relocate"": 0, ""schedule"": 0, ""smoking"": 0, ""space_for_relationship"": 0, ""wants_children"": 0, ""who_to_meet"": 0}"
syn_18e71c29fea4faa2e9521f85243b9f95,public_04,41,woman,zone_b,False,synthetic_questionnaire,True,0,"[""zone_b""]",49,36,,,False,,any,any,,,monogamous,,"[""weekday_evening""]",no,,no,"[""non_binary"", ""man"", ""woman""]",observed,observed,observed,not_asked,not_asked,observed,not_asked,observed,observed,not_asked,not_asked,observed,not_asked,observed,observed,not_asked,observed,observed,4,4,4,,,4,,4,4,,,4,,4,4,,4,4,"{""acceptable_zones"": [""zone_b""], ""age_max"": 49, ""age_min"": 36, ""conversations"": null, ""emotional_availability"": null, ""has_children"": false, ""lifestyle"": null, ""partner_children"": ""any"", ""partner_smoking"": ""any"", ""relationship_goal"": null, ""relationship_pace"": null, ""relationship_structure"": ""monogamous"", ""relocate"": null, ""schedule"": [""weekday_evening""], ""smoking"": ""no"", ""space_for_relationship"": null, ""wants_children"": ""no"", ""who_to_meet"": [""non_binary"", ""man"", ""woman""]}","{""acceptable_zones"": ""observed"", ""age_max"": ""observed"", ""age_min"": ""observed"", ""conversations"": ""not_asked"", ""emotional_availability"": ""not_asked"", ""has_children"": ""observed"", ""lifestyle"": ""not_asked"", ""partner_children"": ""observed"", ""partner_smoking"": ""observed"", ""relationship_goal"": ""not_asked"", ""relationship_pace"": ""not_asked"", ""relationship_structure"": ""observed"", ""relocate"": ""not_asked"", ""schedule"": ""observed"", ""smoking"": ""observed"", ""space_for_relationship"": ""not_asked"", ""wants_children"": ""observed"", ""who_to_meet"": ""observed""}","{""acceptable_zones"": 4, ""age_max"": 4, ""age_min"": 4, ""conversations"": null, ""emotional_availability"": null, ""has_children"": 4, ""lifestyle"": null, ""partner_children"": 4, ""partner_smoking"": 4, ""relationship_goal"": null, ""relationship_pace"": null, ""relationship_structure"": 4, ""relocate"": null, ""schedule"": 4, ""smoking"": 4, ""space_for_relationship"": null, ""wants_children"": 4, ""who_to_meet"": 4}"
syn_436bddec47a45b3f07dd2594ea65882d,public_04,42,man,zone_a,True,synthetic_questionnaire,True,2,"[""zone_a""]",46,32,,,False,quiet,any,any,,,non_monogamous,,"[""weekend_day"", ""weekend_evening"", ""weekday_evening""]",no,,unsure,"[""non_binary""]",observed,observed,observed,not_asked,not_asked,observed,observed,observed,observed,not_asked,not_asked,observed,not_asked,observed,observed,not_asked,observed,observed,4,4,4,,,4,2,4,4,,,4,,4,4,,4,4,"{""acceptable_zones"": [""zone_a""], ""age_max"": 46, ""age_min"": 32, ""conversations"": null, ""emotional_availability"": null, ""has_children"": false, ""lifestyle"": ""quiet"", ""partner_children"": ""any"", ""partner_smoking"": ""any"", ""relationship_goal"": null, ""relationship_pace"": null, ""relationship_structure"": ""non_monogamous"", ""relocate"": null, ""schedule"": [""weekend_day"", ""weekend_evening"", ""weekday_evening""], ""smoking"": ""no"", ""space_for_relationship"": null, ""wants_children"": ""unsure"", ""who_to_meet"": [""non_binary""]}","{""acceptable_zones"": ""observed"", ""age_max"": ""observed"", ""age_min"": ""observed"", ""conversations"": ""not_asked"", ""emotional_availability"": ""not_asked"", ""has_children"": ""observed"", ""lifestyle"": ""observed"", ""partner_children"": ""observed"", ""partner_smoking"": ""observed"", ""relationship_goal"": ""not_asked"", ""relationship_pace"": ""not_asked"", ""relationship_structure"": ""observed"", ""relocate"": ""not_asked"", ""schedule"": ""observed"", ""smoking"": ""observed"", ""space_for_relationship"": ""not_asked"", ""wants_children"": ""observed"", ""who_to_meet"": ""observed""}","{""acceptable_zones"": 4, ""age_max"": 4, ""age_min"": 4, ""conversations"": null, ""emotional_availability"": null, ""has_children"": 4, ""lifestyle"": 2, ""partner_children"": 4, ""partner_smoking"": 4, ""relationship_goal"": null, ""relationship_pace"": null, ""relationship_structure"": 4, ""relocate"": null, ""schedule"": 4, ""smoking"": 4, ""space_for_relationship"": null, ""wants_children"": 4, ""who_to_meet"": 4}"
syn_1c19a47bfcf4a79b524673d143821523,public_04,27,woman,zone_c,True,synthetic_questionnaire,True,0,,33,,,,,,no_children,,,,,,,,,,,not_asked,observed,not_asked,not_asked,not_asked,not_asked,not_asked,observed,not_asked,not_asked,not_asked,not_asked,declined,not_asked,not_asked,not_asked,not_asked,declined,,0,,,,,,0,,,,,,,,,,,"{""acceptable_zones"": null, ""age_max"": 33, ""age_min"": null, ""conversations"": null, ""emotional_availability"": null, ""has_children"": null, ""lifestyle"": null, ""partner_children"": ""no_children"", ""partner_smoking"": null, ""relationship_goal"": null, ""relationship_pace"": null, ""relationship_structure"": null, ""relocate"": null, ""schedule"": null, ""smoking"": null, ""space_for_relationship"": null, ""wants_children"": null, ""who_to_meet"": null}","{""acceptable_zones"": ""not_asked"", ""age_max"": ""observed"", ""age_min"": ""not_asked"", ""conversations"": ""not_asked"", ""emotional_availability"": ""not_asked"", ""has_children"": ""not_asked"", ""lifestyle"": ""not_asked"", ""partner_children"": ""observed"", ""partner_smoking"": ""not_asked"", ""relationship_goal"": ""not_asked"", ""relationship_pace"": ""not_asked"", ""relationship_structure"": ""not_asked"", ""relocate"": ""declined"", ""schedule"": ""not_asked"", ""smoking"": ""not_asked"", ""space_for_relationship"": ""not_asked"", ""wants_children"": ""not_asked"", ""who_to_meet"": ""declined""}","{""acceptable_zones"": null, ""age_max"": 0, ""age_min"": null, ""conversations"": null, ""emotional_availability"": null, ""has_children"": null, ""lifestyle"": null, ""partner_children"": 0, ""partner_smoking"": null, ""relationship_goal"": null, ""relationship_pace"": null, ""relationship_structure"": null, ""relocate"": null, ""schedule"": null, ""smoking"": null, ""space_for_relationship"": null, ""wants_children"": null, ""who_to_meet"": null}"
syn_0dc5dc35d7c5fc44323247c661b1a840,public_04,34,man,zone_a,True,synthetic_questionnaire,True,0,,,,,,,,,,,,,,,,,,,not_asked,not_asked,not_asked,not_asked,not_asked,not_asked,not_asked,not_asked,not_asked,not_asked,not_asked,not_asked,not_asked,declined,not_asked,not_asked,not_asked,declined,,,,,,,,,,,,,,,,,,,"{""acceptable_zones"": null, ""age_max"": null, ""age_min"": null, ""conversations"": null, ""emotional_availability"": null, ""has_children"": null, ""lifestyle"": null, ""partner_children"": null, ""partner_smoking"": null, ""relationship_goal"": null, ""relationship_pace"": null, ""relationship_structure"": null, ""relocate"": null, ""schedule"": null, ""smoking"": null, ""space_for_relationship"": null, ""wants_children"": null, ""who_to_meet"": null}","{""acceptable_zones"": ""not_asked"", ""age_max"": ""not_asked"", ""age_min"": ""not_asked"", ""conversations"": ""not_asked"", ""emotional_availability"": ""not_asked"", ""has_children"": ""not_asked"", ""lifestyle"": ""not_asked"", ""partner_children"": ""not_asked"", ""partner_smoking"": ""not_asked"", ""relationship_goal"": ""not_asked"", ""relationship_pace"": ""not_asked"", ""relationship_structure"": ""not_asked"", ""relocate"": ""not_asked"", ""schedule"": ""declined"", ""smoking"": ""not_asked"", ""space_for_relationship"": ""not_asked"", ""wants_children"": ""not_asked"", ""who_to_meet"": ""declined""}","{""acceptable_zones"": null, ""age_max"": null, ""age_min"": null, ""conversations"": null, ""emotional_availability"": null, ""has_children"": null, ""lifestyle"": null, ""partner_children"": null, ""partner_smoking"": null, ""relationship_goal"": null, ""relationship_pace"": null, ""relationship_structure"": null, ""relocate"": null, ""schedule"": null, ""smoking"": null, ""space_for_relationship"": null, ""wants_children"": null, ""who_to_meet"": null}"
syn_2c9bc92b3661a67a689cdd9292b72dd8,public_04,30,woman,zone_b,True,synthetic_questionnaire,True,16,"[""zone_b""]",33,25,ideas,ready,False,social,any,no_smoking,long_term,quick,monogamous,no,"[""weekend_evening"", ""weekend_day""]",no,limited,no,"[""woman""]",observed,observed,observed,observed,observed,observed,observed,observed,observed,observed,observed,observed,observed,observed,observed,observed,observed,observed,16,16,16,16,16,16,16,16,16,16,16,16,16,16,16,16,16,16,"{""acceptable_zones"": [""zone_b""], ""age_max"": 33, ""age_min"": 25, ""conversations"": ""ideas"", ""emotional_availability"": ""ready"", ""has_children"": false, ""lifestyle"": ""social"", ""partner_children"": ""any"", ""partner_smoking"": ""no_smoking"", ""relationship_goal"": ""long_term"", ""relationship_pace"": ""quick"", ""relationship_structure"": ""monogamous"", ""relocate"": ""no"", ""schedule"": [""weekend_evening"", ""weekend_day""], ""smoking"": ""no"", ""space_for_relationship"": ""limited"", ""wants_children"": ""no"", ""who_to_meet"": [""woman""]}","{""acceptable_zones"": ""observed"", ""age_max"": ""observed"", ""age_min"": ""observed"", ""conversations"": ""observed"", ""emotional_availability"": ""observed"", ""has_children"": ""observed"", ""lifestyle"": ""observed"", ""partner_children"": ""observed"", ""partner_smoking"": ""observed"", ""relationship_goal"": ""observed"", ""relationship_pace"": ""observed"", ""relationship_structure"": ""observed"", ""relocate"": ""observed"", ""schedule"": ""observed"", ""smoking"": ""observed"", ""space_for_relationship"": ""observed"", ""wants_children"": ""observed"", ""who_to_meet"": ""observed""}","{""acceptable_zones"": 16, ""age_max"": 16, ""age_min"": 16, ""conversations"": 16, ""emotional_availability"": 16, ""has_children"": 16, ""lifestyle"": 16, ""partner_children"": 16, ""partner_smoking"": 16, ""relationship_goal"": 16, ""relationship_pace"": 16, ""relationship_structure"": 16, ""relocate"": 16, ""schedule"": 16, ""smoking"": 16, ""space_for_relationship"": 16, ""wants_children"": 16, ""who_to_meet"": 16}"
syn_d744f1c529f904c1246ab63e0e41b857,public_04,24,man,zone_a,True,synthetic_questionnaire,True,0,"[""zone_a""]",32,20,,ready,True,social,no_children,no_smoking,,,monogamous,,"[""weekend_day"", ""weekday_evening""]",no,,yes,"[""man"", ""non_binary"", ""woman""]",observed,observed,observed,not_asked,observed,observed,observed,observed,observed,not_asked,not_asked,observed,not_asked,observed,observed,not_asked,observed,observed,4,4,4,,0,4,0,4,4,,,4,,4,4,,4,4,"{""acceptable_zones"": [""zone_a""], ""age_max"": 32, ""age_min"": 20, ""conversations"": null, ""emotional_availability"": ""ready"", ""has_children"": true, ""lifestyle"": ""social"", ""partner_children"": ""no_children"", ""partner_smoking"": ""no_smoking"", ""relationship_goal"": null, ""relationship_pace"": null, ""relationship_structure"": ""monogamous"", ""relocate"": null, ""schedule"": [""weekend_day"", ""weekday_evening""], ""smoking"": ""no"", ""space_for_relationship"": null, ""wants_children"": ""yes"", ""who_to_meet"": [""man"", ""non_binary"", ""woman""]}","{""acceptable_zones"": ""observed"", ""age_max"": ""observed"", ""age_min"": ""observed"", ""conversations"": ""not_asked"", ""emotional_availability"": ""observed"", ""has_children"": ""observed"", ""lifestyle"": ""observed"", ""partner_children"": ""observed"", ""partner_smoking"": ""observed"", ""relationship_goal"": ""not_asked"", ""relationship_pace"": ""not_asked"", ""relationship_structure"": ""observed"", ""relocate"": ""not_asked"", ""schedule"": ""observed"", ""smoking"": ""observed"", ""space_for_relationship"": ""not_asked"", ""wants_children"": ""observed"", ""who_to_meet"": ""observed""}","{""acceptable_zones"": 4, ""age_max"": 4, ""age_min"": 4, ""conversations"": null, ""emotional_availability"": 0, ""has_children"": 4, ""lifestyle"": 0, ""partner_children"": 4, ""partner_smoking"": 4, ""relationship_goal"": null, ""relationship_pace"": null, ""relationship_structure"": 4, ""relocate"": null, ""schedule"": 4, ""smoking"": 4, ""space_for_relationship"": null, ""wants_children"": 4, ""who_to_meet"": 4}"
syn_f50aeebb2b4427341d3e6e4d9dc5570c,public_04,32,man,zone_c,True,synthetic_questionnaire,True,0,,35,,,,,,,,,,non_monogamous,,,,,,,declined,observed,not_asked,not_asked,not_asked,not_asked,not_asked,not_asked,declined,not_asked,not_asked,observed,not_asked,declined,not_asked,not_asked,not_asked,not_asked,,0,,,,,,,,,,0,,,,,,,"{""acceptable_zones"": null, ""age_max"": 35, ""age_min"": null, ""conversations"": null, ""emotional_availability"": null, ""has_children"": null, ""lifestyle"": null, ""partner_children"": null, ""partner_smoking"": null, ""relationship_goal"": null, ""relationship_pace"": null, ""relationship_structure"": ""non_monogamous"", ""relocate"": null, ""schedule"": null, ""smoking"": null, ""space_for_relationship"": null, ""wants_children"": null, ""who_to_meet"": null}","{""acceptable_zones"": ""declined"", ""age_max"": ""observed"", ""age_min"": ""not_asked"", ""conversations"": ""not_asked"", ""emotional_availability"": ""not_asked"", ""has_children"": ""not_asked"", ""lifestyle"": ""not_asked"", ""partner_children"": ""not_asked"", ""partner_smoking"": ""declined"", ""relationship_goal"": ""not_asked"", ""relationship_pace"": ""not_asked"", ""relationship_structure"": ""observed"", ""relocate"": ""not_asked"", ""schedule"": ""declined"", ""smoking"": ""not_asked"", ""space_for_relationship"": ""not_asked"", ""wants_children"": ""not_asked"", ""who_to_meet"": ""not_asked""}","{""acceptable_zones"": null, ""age_max"": 0, ""age_min"": null, ""conversations"": null, ""emotional_availability"": null, ""has_children"": null, ""lifestyle"": null, ""partner_children"": null, ""partner_smoking"": null, ""relationship_goal"": null, ""relationship_pace"": null, ""relationship_structure"": 0, ""relocate"": null, ""schedule"": null, ""smoking"": null, ""space_for_relationship"": null, ""wants_children"": null, ""who_to_meet"": null}"
syn_68c943425ede40b090fe75ef02fd129e,public_04,44,man,zone_b,True,synthetic_questionnaire,True,0,,,,,,,,,,,,,,,,,no,,not_asked,not_asked,not_asked,not_asked,not_asked,not_asked,not_asked,declined,not_asked,not_asked,not_asked,not_asked,not_asked,not_asked,not_asked,declined,observed,not_asked,,,,,,,,,,,,,,,,,0,,"{""acceptable_zones"": null, ""age_max"": null, ""age_min"": null, ""conversations"": null, ""emotional_availability"": null, ""has_children"": null, ""lifestyle"": null, ""partner_children"": null, ""partner_smoking"": null, ""relationship_goal"": null, ""relationship_pace"": null, ""relationship_structure"": null, ""relocate"": null, ""schedule"": null, ""smoking"": null, ""space_for_relationship"": null, ""wants_children"": ""no"", ""who_to_meet"": null}","{""acceptable_zones"": ""not_asked"", ""age_max"": ""not_asked"", ""age_min"": ""not_asked"", ""conversations"": ""not_asked"", ""emotional_availability"": ""not_asked"", ""has_children"": ""not_asked"", ""lifestyle"": ""not_asked"", ""partner_children"": ""declined"", ""partner_smoking"": ""not_asked"", ""relationship_goal"": ""not_asked"", ""relationship_pace"": ""not_asked"", ""relationship_structure"": ""not_asked"", ""relocate"": ""not_asked"", ""schedule"": ""not_asked"", ""smoking"": ""not_asked"", ""space_for_relationship"": ""declined"", ""wants_children"": ""observed"", ""who_to_meet"": ""not_asked""}","{""acceptable_zones"": null, ""age_max"": null, ""age_min"": null, ""conversations"": null, ""emotional_availability"": null, ""has_children"": null, ""lifestyle"": null, ""partner_children"": null, ""partner_smoking"": null, ""relationship_goal"": null, ""relationship_pace"": null, ""relationship_structure"": null, ""relocate"": null, ""schedule"": null, ""smoking"": null, ""space_for_relationship"": null, ""wants_children"": 0, ""who_to_meet"": null}"
syn_7675672e0236122f7d49619540890cb6,public_04,28,woman,zone_a,True,synthetic_questionnaire,True,12,"[""zone_a""]",36,24,ideas,ready,False,quiet,any,no_smoking,long_term,quick,non_monogamous,unsure,"[""weekend_evening"", ""weekday_evening"", ""weekend_day""]",no,moderate,no,"[""woman""]",observed,observed,observed,observed,observed,observed,observed,observed,observed,observed,observed,observed,observed,observed,observed,observed,observed,observed,12,12,12,12,12,12,12,12,12,12,12,12,12,12,12,12,12,12,"{""acceptable_zones"": [""zone_a""], ""age_max"": 36, ""age_min"": 24, ""conversations"": ""ideas"", ""emotional_availability"": ""ready"", ""has_children"": false, ""lifestyle"": ""quiet"", ""partner_children"": ""any"", ""partner_smoking"": ""no_smoking"", ""relationship_goal"": ""long_term"", ""relationship_pace"": ""quick"", ""relationship_structure"": ""non_monogamous"", ""relocate"": ""unsure"", ""schedule"": [""weekend_evening"", ""weekday_evening"", ""weekend_day""], ""smoking"": ""no"", ""space_for_relationship"": ""moderate"", ""wants_children"": ""no"", ""who_to_meet"": [""woman""]}","{""acceptable_zones"": ""observed"", ""age_max"": ""observed"", ""age_min"": ""observed"", ""conversations"": ""observed"", ""emotional_availability"": ""observed"", ""has_children"": ""observed"", ""lifestyle"": ""observed"", ""partner_children"": ""observed"", ""partner_smoking"": ""observed"", ""relationship_goal"": ""observed"", ""relationship_pace"": ""observed"", ""relationship_structure"": ""observed"", ""relocate"": ""observed"", ""schedule"": ""observed"", ""smoking"": ""observed"", ""space_for_relationship"": ""observed"", ""wants_children"": ""observed"", ""who_to_meet"": ""observed""}","{""acceptable_zones"": 12, ""age_max"": 12, ""age_min"": 12, ""conversations"": 12, ""emotional_availability"": 12, ""has_children"": 12, ""lifestyle"": 12, ""partner_children"": 12, ""partner_smoking"": 12, ""relationship_goal"": 12, ""relationship_pace"": 12, ""relationship_structure"": 12, ""relocate"": 12, ""schedule"": 12, ""smoking"": 12, ""space_for_relationship"": 12, ""wants_children"": 12, ""who_to_meet"": 12}"
syn_ccbd9ccb932e09e844f275a14d5f3b61,public_04,46,man,zone_a,True,synthetic_questionnaire,True,0,"[""zone_a"", ""zone_d""]",54,40,,,False,,any,any,,steady,monogamous,no,"[""weekend_evening"", ""weekday_evening""]",no,,unsure,"[""non_binary""]",observed,observed,observed,not_asked,not_asked,observed,not_asked,observed,observed,not_asked,observed,observed,observed,observed,observed,not_asked,observed,observed,5,5,5,,,5,,5,5,,0,5,0,5,5,,5,5,"{""acceptable_zones"": [""zone_a"", ""zone_d""], ""age_max"": 54, ""age_min"": 40, ""conversations"": null, ""emotional_availability"": null, ""has_children"": false, ""lifestyle"": null, ""partner_children"": ""any"", ""partner_smoking"": ""any"", ""relationship_goal"": null, ""relationship_pace"": ""steady"", ""relationship_structure"": ""monogamous"", ""relocate"": ""no"", ""schedule"": [""weekend_evening"", ""weekday_evening""], ""smoking"": ""no"", ""space_for_relationship"": null, ""wants_children"": ""unsure"", ""who_to_meet"": [""non_binary""]}","{""acceptable_zones"": ""observed"", ""age_max"": ""observed"", ""age_min"": ""observed"", ""conversations"": ""not_asked"", ""emotional_availability"": ""not_asked"", ""has_children"": ""observed"", ""lifestyle"": ""not_asked"", ""partner_children"": ""observed"", ""partner_smoking"": ""observed"", ""relationship_goal"": ""not_asked"", ""relationship_pace"": ""observed"", ""relationship_structure"": ""observed"", ""relocate"": ""observed"", ""schedule"": ""observed"", ""smoking"": ""observed"", ""space_for_relationship"": ""not_asked"", ""wants_children"": ""observed"", ""who_to_meet"": ""observed""}","{""acceptable_zones"": 5, ""age_max"": 5, ""age_min"": 5, ""conversations"": null, ""emotional_availability"": null, ""has_children"": 5, ""lifestyle"": null, ""partner_children"": 5, ""partner_smoking"": 5, ""relationship_goal"": null, ""relationship_pace"": 0, ""relationship_structure"": 5, ""relocate"": 0, ""schedule"": 5, ""smoking"": 5, ""space_for_relationship"": null, ""wants_children"": 5, ""who_to_meet"": 5}"
syn_43f8b657ddc46b6c17ac0ddbb388d34e,public_04,41,woman,zone_a,True,synthetic_questionnaire,True,0,"[""zone_a""]",47,31,practical,taking_time,False,social,no_children,any,long_term,slow,monogamous,unsure,"[""weekend_evening"", ""weekday_evening"", ""weekend_day""]",occasionally,ample,no,"[""non_binary""]",observed,observed,observed,observed,observed,observed,observed,observed,observed,observed,observed,observed,observed,observed,observed,observed,observed,observed,0,0,0,0,0,0,0,0,0,0,0,0,0,0,0,0,0,0,"{""acceptable_zones"": [""zone_a""], ""age_max"": 47, ""age_min"": 31, ""conversations"": ""practical"", ""emotional_availability"": ""taking_time"", ""has_children"": false, ""lifestyle"": ""social"", ""partner_children"": ""no_children"", ""partner_smoking"": ""any"", ""relationship_goal"": ""long_term"", ""relationship_pace"": ""slow"", ""relationship_structure"": ""monogamous"", ""relocate"": ""unsure"", ""schedule"": [""weekend_evening"", ""weekday_evening"", ""weekend_day""], ""smoking"": ""occasionally"", ""space_for_relationship"": ""ample"", ""wants_children"": ""no"", ""who_to_meet"": [""non_binary""]}","{""acceptable_zones"": ""observed"", ""age_max"": ""observed"", ""age_min"": ""observed"", ""conversations"": ""observed"", ""emotional_availability"": ""observed"", ""has_children"": ""observed"", ""lifestyle"": ""observed"", ""partner_children"": ""observed"", ""partner_smoking"": ""observed"", ""relationship_goal"": ""observed"", ""relationship_pace"": ""observed"", ""relationship_structure"": ""observed"", ""relocate"": ""observed"", ""schedule"": ""observed"", ""smoking"": ""observed"", ""space_for_relationship"": ""observed"", ""wants_children"": ""observed"", ""who_to_meet"": ""observed""}","{""acceptable_zones"": 0, ""age_max"": 0, ""age_min"": 0, ""conversations"": 0, ""emotional_availability"": 0, ""has_children"": 0, ""lifestyle"": 0, ""partner_children"": 0, ""partner_smoking"": 0, ""relationship_goal"": 0, ""relationship_pace"": 0, ""relationship_structure"": 0, ""relocate"": 0, ""schedule"": 0, ""smoking"": 0, ""space_for_relationship"": 0, ""wants_children"": 0, ""who_to_meet"": 0}"
syn_04ea825fe0fc546d92d6a3520fb7c469,public_04,39,woman,zone_a,True,synthetic_questionnaire,True,0,"[""zone_a""]",43,36,stories,ready,False,quiet,no_children,no_smoking,exploring,quick,non_monogamous,no,"[""weekend_day""]",no,moderate,unsure,"[""man""]",observed,observed,observed,observed,observed,observed,observed,observed,observed,observed,observed,observed,observed,observed,observed,observed,observed,observed,0,0,0,0,0,0,0,0,0,0,0,0,0,0,0,0,0,0,"{""acceptable_zones"": [""zone_a""], ""age_max"": 43, ""age_min"": 36, ""conversations"": ""stories"", ""emotional_availability"": ""ready"", ""has_children"": false, ""lifestyle"": ""quiet"", ""partner_children"": ""no_children"", ""partner_smoking"": ""no_smoking"", ""relationship_goal"": ""exploring"", ""relationship_pace"": ""quick"", ""relationship_structure"": ""non_monogamous"", ""relocate"": ""no"", ""schedule"": [""weekend_day""], ""smoking"": ""no"", ""space_for_relationship"": ""moderate"", ""wants_children"": ""unsure"", ""who_to_meet"": [""man""]}","{""acceptable_zones"": ""observed"", ""age_max"": ""observed"", ""age_min"": ""observed"", ""conversations"": ""observed"", ""emotional_availability"": ""observed"", ""has_children"": ""observed"", ""lifestyle"": ""observed"", ""partner_children"": ""observed"", ""partner_smoking"": ""observed"", ""relationship_goal"": ""observed"", ""relationship_pace"": ""observed"", ""relationship_structure"": ""observed"", ""relocate"": ""observed"", ""schedule"": ""observed"", ""smoking"": ""observed"", ""space_for_relationship"": ""observed"", ""wants_children"": ""observed"", ""who_to_meet"": ""observed""}","{""acceptable_zones"": 0, ""age_max"": 0, ""age_min"": 0, ""conversations"": 0, ""emotional_availability"": 0, ""has_children"": 0, ""lifestyle"": 0, ""partner_children"": 0, ""partner_smoking"": 0, ""relationship_goal"": 0, ""relationship_pace"": 0, ""relationship_structure"": 0, ""relocate"": 0, ""schedule"": 0, ""smoking"": 0, ""space_for_relationship"": 0, ""wants_children"": 0, ""who_to_meet"": 0}"
syn_7294960f741f6af10b968b7449deb0cd,public_04,42,woman,zone_a,True,synthetic_questionnaire,True,0,,,,,,,,any,,,,,,,,,,,not_asked,declined,not_asked,not_asked,not_asked,declined,not_asked,observed,not_asked,not_asked,declined,not_asked,not_asked,not_asked,not_asked,not_asked,not_asked,not_asked,,,,,,,,0,,,,,,,,,,,"{""acceptable_zones"": null, ""age_max"": null, ""age_min"": null, ""conversations"": null, ""emotional_availability"": null, ""has_children"": null, ""lifestyle"": null, ""partner_children"": ""any"", ""partner_smoking"": null, ""relationship_goal"": null, ""relationship_pace"": null, ""relationship_structure"": null, ""relocate"": null, ""schedule"": null, ""smoking"": null, ""space_for_relationship"": null, ""wants_children"": null, ""who_to_meet"": null}","{""acceptable_zones"": ""not_asked"", ""age_max"": ""declined"", ""age_min"": ""not_asked"", ""conversations"": ""not_asked"", ""emotional_availability"": ""not_asked"", ""has_children"": ""declined"", ""lifestyle"": ""not_asked"", ""partner_children"": ""observed"", ""partner_smoking"": ""not_asked"", ""relationship_goal"": ""not_asked"", ""relationship_pace"": ""declined"", ""relationship_structure"": ""not_asked"", ""relocate"": ""not_asked"", ""schedule"": ""not_asked"", ""smoking"": ""not_asked"", ""space_for_relationship"": ""not_asked"", ""wants_children"": ""not_asked"", ""who_to_meet"": ""not_asked""}","{""acceptable_zones"": null, ""age_max"": null, ""age_min"": null, ""conversations"": null, ""emotional_availability"": null, ""has_children"": null, ""lifestyle"": null, ""partner_children"": 0, ""partner_smoking"": null, ""relationship_goal"": null, ""relationship_pace"": null, ""relationship_structure"": null, ""relocate"": null, ""schedule"": null, ""smoking"": null, ""space_for_relationship"": null, ""wants_children"": null, ""who_to_meet"": null}"
syn_731849480b4c01c377ca6e6902519aba,public_04,35,woman,zone_a,False,synthetic_questionnaire,True,11,"[""zone_a""]",39,32,ideas,ready,True,mixed,no_children,any,exploring,quick,monogamous,no,"[""weekday_evening"", ""weekend_day"", ""weekend_evening""]",no,moderate,unsure,"[""man"", ""woman"", ""non_binary""]",observed,observed,observed,observed,observed,observed,observed,observed,observed,observed,observed,observed,observed,observed,observed,observed,observed,observed,11,11,11,11,11,11,11,11,11,11,11,11,11,11,11,11,11,11,"{""acceptable_zones"": [""zone_a""], ""age_max"": 39, ""age_min"": 32, ""conversations"": ""ideas"", ""emotional_availability"": ""ready"", ""has_children"": true, ""lifestyle"": ""mixed"", ""partner_children"": ""no_children"", ""partner_smoking"": ""any"", ""relationship_goal"": ""exploring"", ""relationship_pace"": ""quick"", ""relationship_structure"": ""monogamous"", ""relocate"": ""no"", ""schedule"": [""weekday_evening"", ""weekend_day"", ""weekend_evening""], ""smoking"": ""no"", ""space_for_relationship"": ""moderate"", ""wants_children"": ""unsure"", ""who_to_meet"": [""man"", ""woman"", ""non_binary""]}","{""acceptable_zones"": ""observed"", ""age_max"": ""observed"", ""age_min"": ""observed"", ""conversations"": ""observed"", ""emotional_availability"": ""observed"", ""has_children"": ""observed"", ""lifestyle"": ""observed"", ""partner_children"": ""observed"", ""partner_smoking"": ""observed"", ""relationship_goal"": ""observed"", ""relationship_pace"": ""observed"", ""relationship_structure"": ""observed"", ""relocate"": ""observed"", ""schedule"": ""observed"", ""smoking"": ""observed"", ""space_for_relationship"": ""observed"", ""wants_children"": ""observed"", ""who_to_meet"": ""observed""}","{""acceptable_zones"": 11, ""age_max"": 11, ""age_min"": 11, ""conversations"": 11, ""emotional_availability"": 11, ""has_children"": 11, ""lifestyle"": 11, ""partner_children"": 11, ""partner_smoking"": 11, ""relationship_goal"": 11, ""relationship_pace"": 11, ""relationship_structure"": 11, ""relocate"": 11, ""schedule"": 11, ""smoking"": 11, ""space_for_relationship"": 11, ""wants_children"": 11, ""who_to_meet"": 11}"
syn_8e0ecdb78d2230ab312b6770bf3cca54,public_04,30,woman,zone_a,True,synthetic_questionnaire,True,0,"[""zone_a""]",33,20,,,False,,any,any,,,monogamous,,"[""weekend_day"", ""weekend_evening""]",occasionally,,no,"[""non_binary""]",observed,observed,observed,not_asked,not_asked,observed,not_asked,observed,observed,not_asked,not_asked,observed,not_asked,observed,observed,not_asked,observed,observed,5,5,5,,,5,,5,5,,,5,,5,5,,5,5,"{""acceptable_zones"": [""zone_a""], ""age_max"": 33, ""age_min"": 20, ""conversations"": null, ""emotional_availability"": null, ""has_children"": false, ""lifestyle"": null, ""partner_children"": ""any"", ""partner_smoking"": ""any"", ""relationship_goal"": null, ""relationship_pace"": null, ""relationship_structure"": ""monogamous"", ""relocate"": null, ""schedule"": [""weekend_day"", ""weekend_evening""], ""smoking"": ""occasionally"", ""space_for_relationship"": null, ""wants_children"": ""no"", ""who_to_meet"": [""non_binary""]}","{""acceptable_zones"": ""observed"", ""age_max"": ""observed"", ""age_min"": ""observed"", ""conversations"": ""not_asked"", ""emotional_availability"": ""not_asked"", ""has_children"": ""observed"", ""lifestyle"": ""not_asked"", ""partner_children"": ""observed"", ""partner_smoking"": ""observed"", ""relationship_goal"": ""not_asked"", ""relationship_pace"": ""not_asked"", ""relationship_structure"": ""observed"", ""relocate"": ""not_asked"", ""schedule"": ""observed"", ""smoking"": ""observed"", ""space_for_relationship"": ""not_asked"", ""wants_children"": ""observed"", ""who_to_meet"": ""observed""}","{""acceptable_zones"": 5, ""age_max"": 5, ""age_min"": 5, ""conversations"": null, ""emotional_availability"": null, ""has_children"": 5, ""lifestyle"": null, ""partner_children"": 5, ""partner_smoking"": 5, ""relationship_goal"": null, ""relationship_pace"": null, ""relationship_structure"": 5, ""relocate"": null, ""schedule"": 5, ""smoking"": 5, ""space_for_relationship"": null, ""wants_children"": 5, ""who_to_meet"": 5}"
syn_e7a68b664447aa1b9a47d321c285d374,public_04,29,man,zone_b,True,synthetic_questionnaire,True,0,"[""zone_b""]",34,20,,,False,,no_children,any,,,monogamous,,"[""weekend_evening"", ""weekday_evening""]",no,,no,"[""woman"", ""man"", ""non_binary""]",observed,observed,observed,not_asked,not_asked,observed,not_asked,observed,observed,not_asked,not_asked,observed,not_asked,observed,observed,not_asked,observed,observed,5,5,5,,,5,,5,5,,,5,,5,5,,5,5,"{""acceptable_zones"": [""zone_b""], ""age_max"": 34, ""age_min"": 20, ""conversations"": null, ""emotional_availability"": null, ""has_children"": false, ""lifestyle"": null, ""partner_children"": ""no_children"", ""partner_smoking"": ""any"", ""relationship_goal"": null, ""relationship_pace"": null, ""relationship_structure"": ""monogamous"", ""relocate"": null, ""schedule"": [""weekend_evening"", ""weekday_evening""], ""smoking"": ""no"", ""space_for_relationship"": null, ""wants_children"": ""no"", ""who_to_meet"": [""woman"", ""man"", ""non_binary""]}","{""acceptable_zones"": ""observed"", ""age_max"": ""observed"", ""age_min"": ""observed"", ""conversations"": ""not_asked"", ""emotional_availability"": ""not_asked"", ""has_children"": ""observed"", ""lifestyle"": ""not_asked"", ""partner_children"": ""observed"", ""partner_smoking"": ""observed"", ""relationship_goal"": ""not_asked"", ""relationship_pace"": ""not_asked"", ""relationship_structure"": ""observed"", ""relocate"": ""not_asked"", ""schedule"": ""observed"", ""smoking"": ""observed"", ""space_for_relationship"": ""not_asked"", ""wants_children"": ""observed"", ""who_to_meet"": ""observed""}","{""acceptable_zones"": 5, ""age_max"": 5, ""age_min"": 5, ""conversations"": null, ""emotional_availability"": null, ""has_children"": 5, ""lifestyle"": null, ""partner_children"": 5, ""partner_smoking"": 5, ""relationship_goal"": null, ""relationship_pace"": null, ""relationship_structure"": 5, ""relocate"": null, ""schedule"": 5, ""smoking"": 5, ""space_for_relationship"": null, ""wants_children"": 5, ""who_to_meet"": 5}"
syn_7f89b5b821b4f241a9863e858b87982d,public_04,35,man,zone_a,True,synthetic_questionnaire,True,0,"[""zone_a""]",45,30,stories,taking_time,True,mixed,any,any,long_term,slow,monogamous,unsure,"[""weekend_evening""]",no,ample,no,"[""woman""]",observed,observed,observed,observed,observed,observed,observed,observed,observed,observed,observed,observed,observed,observed,observed,observed,observed,observed,0,0,0,0,0,0,0,0,0,0,0,0,0,0,0,0,0,0,"{""acceptable_zones"": [""zone_a""], ""age_max"": 45, ""age_min"": 30, ""conversations"": ""stories"", ""emotional_availability"": ""taking_time"", ""has_children"": true, ""lifestyle"": ""mixed"", ""partner_children"": ""any"", ""partner_smoking"": ""any"", ""relationship_goal"": ""long_term"", ""relationship_pace"": ""slow"", ""relationship_structure"": ""monogamous"", ""relocate"": ""unsure"", ""schedule"": [""weekend_evening""], ""smoking"": ""no"", ""space_for_relationship"": ""ample"", ""wants_children"": ""no"", ""who_to_meet"": [""woman""]}","{""acceptable_zones"": ""observed"", ""age_max"": ""observed"", ""age_min"": ""observed"", ""conversations"": ""observed"", ""emotional_availability"": ""observed"", ""has_children"": ""observed"", ""lifestyle"": ""observed"", ""partner_children"": ""observed"", ""partner_smoking"": ""observed"", ""relationship_goal"": ""observed"", ""relationship_pace"": ""observed"", ""relationship_structure"": ""observed"", ""relocate"": ""observed"", ""schedule"": ""observed"", ""smoking"": ""observed"", ""space_for_relationship"": ""observed"", ""wants_children"": ""observed"", ""who_to_meet"": ""observed""}","{""acceptable_zones"": 0, ""age_max"": 0, ""age_min"": 0, ""conversations"": 0, ""emotional_availability"": 0, ""has_children"": 0, ""lifestyle"": 0, ""partner_children"": 0, ""partner_smoking"": 0, ""relationship_goal"": 0, ""relationship_pace"": 0, ""relationship_structure"": 0, ""relocate"": 0, ""schedule"": 0, ""smoking"": 0, ""space_for_relationship"": 0, ""wants_children"": 0, ""who_to_meet"": 0}"
syn_d55e7be8bc8def7a7ba01987a41edd23,public_04,23,man,zone_a,True,synthetic_questionnaire,True,0,"[""zone_a""]",32,18,,,True,,any,no_smoking,,,monogamous,,"[""weekday_evening""]",no,,yes,"[""man"", ""non_binary""]",observed,observed,observed,not_asked,not_asked,observed,not_asked,observed,observed,not_asked,not_asked,observed,not_asked,observed,observed,not_asked,observed,observed,5,5,5,,,5,,5,5,,,5,,5,5,,5,5,"{""acceptable_zones"": [""zone_a""], ""age_max"": 32, ""age_min"": 18, ""conversations"": null, ""emotional_availability"": null, ""has_children"": true, ""lifestyle"": null, ""partner_children"": ""any"", ""partner_smoking"": ""no_smoking"", ""relationship_goal"": null, ""relationship_pace"": null, ""relationship_structure"": ""monogamous"", ""relocate"": null, ""schedule"": [""weekday_evening""], ""smoking"": ""no"", ""space_for_relationship"": null, ""wants_children"": ""yes"", ""who_to_meet"": [""man"", ""non_binary""]}","{""acceptable_zones"": ""observed"", ""age_max"": ""observed"", ""age_min"": ""observed"", ""conversations"": ""not_asked"", ""emotional_availability"": ""not_asked"", ""has_children"": ""observed"", ""lifestyle"": ""not_asked"", ""partner_children"": ""observed"", ""partner_smoking"": ""observed"", ""relationship_goal"": ""not_asked"", ""relationship_pace"": ""not_asked"", ""relationship_structure"": ""observed"", ""relocate"": ""not_asked"", ""schedule"": ""observed"", ""smoking"": ""observed"", ""space_for_relationship"": ""not_asked"", ""wants_children"": ""observed"", ""who_to_meet"": ""observed""}","{""acceptable_zones"": 5, ""age_max"": 5, ""age_min"": 5, ""conversations"": null, ""emotional_availability"": null, ""has_children"": 5, ""lifestyle"": null, ""partner_children"": 5, ""partner_smoking"": 5, ""relationship_goal"": null, ""relationship_pace"": null, ""relationship_structure"": 5, ""relocate"": null, ""schedule"": 5, ""smoking"": 5, ""space_for_relationship"": null, ""wants_children"": 5, ""who_to_meet"": 5}"
syn_5b203322ab8c35fe26b495b63cd7ff2b,public_04,34,woman,zone_a,True,synthetic_questionnaire,True,0,"[""zone_a""]",40,27,ideas,ready,False,,any,any,,,non_monogamous,,"[""weekday_evening"", ""weekend_day""]",occasionally,,unsure,"[""non_binary""]",observed,observed,observed,observed,observed,observed,not_asked,observed,observed,not_asked,not_asked,observed,not_asked,observed,observed,not_asked,observed,observed,6,6,6,0,0,6,,6,6,,,6,,6,6,,6,6,"{""acceptable_zones"": [""zone_a""], ""age_max"": 40, ""age_min"": 27, ""conversations"": ""ideas"", ""emotional_availability"": ""ready"", ""has_children"": false, ""lifestyle"": null, ""partner_children"": ""any"", ""partner_smoking"": ""any"", ""relationship_goal"": null, ""relationship_pace"": null, ""relationship_structure"": ""non_monogamous"", ""relocate"": null, ""schedule"": [""weekday_evening"", ""weekend_day""], ""smoking"": ""occasionally"", ""space_for_relationship"": null, ""wants_children"": ""unsure"", ""who_to_meet"": [""non_binary""]}","{""acceptable_zones"": ""observed"", ""age_max"": ""observed"", ""age_min"": ""observed"", ""conversations"": ""observed"", ""emotional_availability"": ""observed"", ""has_children"": ""observed"", ""lifestyle"": ""not_asked"", ""partner_children"": ""observed"", ""partner_smoking"": ""observed"", ""relationship_goal"": ""not_asked"", ""relationship_pace"": ""not_asked"", ""relationship_structure"": ""observed"", ""relocate"": ""not_asked"", ""schedule"": ""observed"", ""smoking"": ""observed"", ""space_for_relationship"": ""not_asked"", ""wants_children"": ""observed"", ""who_to_meet"": ""observed""}","{""acceptable_zones"": 6, ""age_max"": 6, ""age_min"": 6, ""conversations"": 0, ""emotional_availability"": 0, ""has_children"": 6, ""lifestyle"": null, ""partner_children"": 6, ""partner_smoking"": 6, ""relationship_goal"": null, ""relationship_pace"": null, ""relationship_structure"": 6, ""relocate"": null, ""schedule"": 6, ""smoking"": 6, ""space_for_relationship"": null, ""wants_children"": 6, ""who_to_meet"": 6}"
syn_114cfdbc3bf09d6b2f5a94c7afec0e45,public_04,32,man,zone_a,True,synthetic_questionnaire,True,0,"[""zone_a""]",36,28,,,False,,any,any,,,monogamous,,"[""weekday_evening"", ""weekend_evening""]",no,,yes,"[""non_binary""]",observed,observed,observed,not_asked,not_asked,observed,not_asked,observed,observed,not_asked,not_asked,observed,not_asked,observed,observed,not_asked,observed,observed,6,6,6,,,6,,6,6,,,6,,6,6,,6,6,"{""acceptable_zones"": [""zone_a""], ""age_max"": 36, ""age_min"": 28, ""conversations"": null, ""emotional_availability"": null, ""has_children"": false, ""lifestyle"": null, ""partner_children"": ""any"", ""partner_smoking"": ""any"", ""relationship_goal"": null, ""relationship_pace"": null, ""relationship_structure"": ""monogamous"", ""relocate"": null, ""schedule"": [""weekday_evening"", ""weekend_evening""], ""smoking"": ""no"", ""space_for_relationship"": null, ""wants_children"": ""yes"", ""who_to_meet"": [""non_binary""]}","{""acceptable_zones"": ""observed"", ""age_max"": ""observed"", ""age_min"": ""observed"", ""conversations"": ""not_asked"", ""emotional_availability"": ""not_asked"", ""has_children"": ""observed"", ""lifestyle"": ""not_asked"", ""partner_children"": ""observed"", ""partner_smoking"": ""observed"", ""relationship_goal"": ""not_asked"", ""relationship_pace"": ""not_asked"", ""relationship_structure"": ""observed"", ""relocate"": ""not_asked"", ""schedule"": ""observed"", ""smoking"": ""observed"", ""space_for_relationship"": ""not_asked"", ""wants_children"": ""observed"", ""who_to_meet"": ""observed""}","{""acceptable_zones"": 6, ""age_max"": 6, ""age_min"": 6, ""conversations"": null, ""emotional_availability"": null, ""has_children"": 6, ""lifestyle"": null, ""partner_children"": 6, ""partner_smoking"": 6, ""relationship_goal"": null, ""relationship_pace"": null, ""relationship_structure"": 6, ""relocate"": null, ""schedule"": 6, ""smoking"": 6, ""space_for_relationship"": null, ""wants_children"": 6, ""who_to_meet"": 6}"
syn_592927ca11c4cd5a2d11547f1b7759fe,public_04,26,woman,zone_a,True,synthetic_questionnaire,True,0,,,,stories,,True,quiet,,,,,,,"[""weekend_evening"", ""weekend_day""]",,,,,not_asked,declined,not_asked,observed,not_asked,observed,observed,not_asked,not_asked,not_asked,not_asked,not_asked,not_asked,observed,not_asked,not_asked,not_asked,declined,,,,0,,0,0,,,,,,,0,,,,,"{""acceptable_zones"": null, ""age_max"": null, ""age_min"": null, ""conversations"": ""stories"", ""emotional_availability"": null, ""has_children"": true, ""lifestyle"": ""quiet"", ""partner_children"": null, ""partner_smoking"": null, ""relationship_goal"": null, ""relationship_pace"": null, ""relationship_structure"": null, ""relocate"": null, ""schedule"": [""weekend_evening"", ""weekend_day""], ""smoking"": null, ""space_for_relationship"": null, ""wants_children"": null, ""who_to_meet"": null}","{""acceptable_zones"": ""not_asked"", ""age_max"": ""declined"", ""age_min"": ""not_asked"", ""conversations"": ""observed"", ""emotional_availability"": ""not_asked"", ""has_children"": ""observed"", ""lifestyle"": ""observed"", ""partner_children"": ""not_asked"", ""partner_smoking"": ""not_asked"", ""relationship_goal"": ""not_asked"", ""relationship_pace"": ""not_asked"", ""relationship_structure"": ""not_asked"", ""relocate"": ""not_asked"", ""schedule"": ""observed"", ""smoking"": ""not_asked"", ""space_for_relationship"": ""not_asked"", ""wants_children"": ""not_asked"", ""who_to_meet"": ""declined""}","{""acceptable_zones"": null, ""age_max"": null, ""age_min"": null, ""conversations"": 0, ""emotional_availability"": null, ""has_children"": 0, ""lifestyle"": 0, ""partner_children"": null, ""partner_smoking"": null, ""relationship_goal"": null, ""relationship_pace"": null, ""relationship_structure"": null, ""relocate"": null, ""schedule"": 0, ""smoking"": null, ""space_for_relationship"": null, ""wants_children"": null, ""who_to_meet"": null}"
syn_bff6e65ce330f895a52d97b4e1ce0127,public_04,22,man,zone_b,True,synthetic_questionnaire,True,17,"[""zone_b"", ""zone_c""]",32,18,practical,ready,False,mixed,no_children,no_smoking,exploring,steady,monogamous,unsure,"[""weekend_evening""]",no,ample,yes,"[""non_binary""]",observed,observed,observed,observed,observed,observed,observed,observed,observed,observed,observed,observed,observed,observed,observed,observed,observed,observed,17,17,17,17,17,17,17,17,17,17,17,17,17,17,17,17,17,17,"{""acceptable_zones"": [""zone_b"", ""zone_c""], ""age_max"": 32, ""age_min"": 18, ""conversations"": ""practical"", ""emotional_availability"": ""ready"", ""has_children"": false, ""lifestyle"": ""mixed"", ""partner_children"": ""no_children"", ""partner_smoking"": ""no_smoking"", ""relationship_goal"": ""exploring"", ""relationship_pace"": ""steady"", ""relationship_structure"": ""monogamous"", ""relocate"": ""unsure"", ""schedule"": [""weekend_evening""], ""smoking"": ""no"", ""space_for_relationship"": ""ample"", ""wants_children"": ""yes"", ""who_to_meet"": [""non_binary""]}","{""acceptable_zones"": ""observed"", ""age_max"": ""observed"", ""age_min"": ""observed"", ""conversations"": ""observed"", ""emotional_availability"": ""observed"", ""has_children"": ""observed"", ""lifestyle"": ""observed"", ""partner_children"": ""observed"", ""partner_smoking"": ""observed"", ""relationship_goal"": ""observed"", ""relationship_pace"": ""observed"", ""relationship_structure"": ""observed"", ""relocate"": ""observed"", ""schedule"": ""observed"", ""smoking"": ""observed"", ""space_for_relationship"": ""observed"", ""wants_children"": ""observed"", ""who_to_meet"": ""observed""}","{""acceptable_zones"": 17, ""age_max"": 17, ""age_min"": 17, ""conversations"": 17, ""emotional_availability"": 17, ""has_children"": 17, ""lifestyle"": 17, ""partner_children"": 17, ""partner_smoking"": 17, ""relationship_goal"": 17, ""relationship_pace"": 17, ""relationship_structure"": 17, ""relocate"": 17, ""schedule"": 17, ""smoking"": 17, ""space_for_relationship"": 17, ""wants_children"": 17, ""who_to_meet"": 17}"
syn_93ef35bd033e0f6f8d9a1712f26b9d09,public_04,44,woman,zone_a,True,synthetic_questionnaire,True,0,"[""zone_a""]",51,36,,,False,,any,any,,,monogamous,,"[""weekend_evening""]",no,,yes,"[""woman"", ""man""]",observed,observed,observed,not_asked,not_asked,observed,not_asked,observed,observed,not_asked,not_asked,observed,not_asked,observed,observed,not_asked,observed,observed,6,6,6,,,6,,6,6,,,6,,6,6,,6,6,"{""acceptable_zones"": [""zone_a""], ""age_max"": 51, ""age_min"": 36, ""conversations"": null, ""emotional_availability"": null, ""has_children"": false, ""lifestyle"": null, ""partner_children"": ""any"", ""partner_smoking"": ""any"", ""relationship_goal"": null, ""relationship_pace"": null, ""relationship_structure"": ""monogamous"", ""relocate"": null, ""schedule"": [""weekend_evening""], ""smoking"": ""no"", ""space_for_relationship"": null, ""wants_children"": ""yes"", ""who_to_meet"": [""woman"", ""man""]}","{""acceptable_zones"": ""observed"", ""age_max"": ""observed"", ""age_min"": ""observed"", ""conversations"": ""not_asked"", ""emotional_availability"": ""not_asked"", ""has_children"": ""observed"", ""lifestyle"": ""not_asked"", ""partner_children"": ""observed"", ""partner_smoking"": ""observed"", ""relationship_goal"": ""not_asked"", ""relationship_pace"": ""not_asked"", ""relationship_structure"": ""observed"", ""relocate"": ""not_asked"", ""schedule"": ""observed"", ""smoking"": ""observed"", ""space_for_relationship"": ""not_asked"", ""wants_children"": ""observed"", ""who_to_meet"": ""observed""}","{""acceptable_zones"": 6, ""age_max"": 6, ""age_min"": 6, ""conversations"": null, ""emotional_availability"": null, ""has_children"": 6, ""lifestyle"": null, ""partner_children"": 6, ""partner_smoking"": 6, ""relationship_goal"": null, ""relationship_pace"": null, ""relationship_structure"": 6, ""relocate"": null, ""schedule"": 6, ""smoking"": 6, ""space_for_relationship"": null, ""wants_children"": 6, ""who_to_meet"": 6}"
syn_26e7743051a10c35ca448232f7764c4a,public_04,45,woman,zone_a,True,synthetic_questionnaire,True,0,"[""zone_a""]",53,37,playful,taking_time,False,social,any,any,long_term,steady,monogamous,no,"[""weekday_evening"", ""weekend_day""]",no,moderate,yes,"[""non_binary"", ""woman"", ""man""]",observed,observed,observed,observed,observed,observed,observed,observed,observed,observed,observed,observed,observed,observed,observed,observed,observed,observed,0,0,0,0,0,0,0,0,0,0,0,0,0,0,0,0,0,0,"{""acceptable_zones"": [""zone_a""], ""age_max"": 53, ""age_min"": 37, ""conversations"": ""playful"", ""emotional_availability"": ""taking_time"", ""has_children"": false, ""lifestyle"": ""social"", ""partner_children"": ""any"", ""partner_smoking"": ""any"", ""relationship_goal"": ""long_term"", ""relationship_pace"": ""steady"", ""relationship_structure"": ""monogamous"", ""relocate"": ""no"", ""schedule"": [""weekday_evening"", ""weekend_day""], ""smoking"": ""no"", ""space_for_relationship"": ""moderate"", ""wants_children"": ""yes"", ""who_to_meet"": [""non_binary"", ""woman"", ""man""]}","{""acceptable_zones"": ""observed"", ""age_max"": ""observed"", ""age_min"": ""observed"", ""conversations"": ""observed"", ""emotional_availability"": ""observed"", ""has_children"": ""observed"", ""lifestyle"": ""observed"", ""partner_children"": ""observed"", ""partner_smoking"": ""observed"", ""relationship_goal"": ""observed"", ""relationship_pace"": ""observed"", ""relationship_structure"": ""observed"", ""relocate"": ""observed"", ""schedule"": ""observed"", ""smoking"": ""observed"", ""space_for_relationship"": ""observed"", ""wants_children"": ""observed"", ""who_to_meet"": ""observed""}","{""acceptable_zones"": 0, ""age_max"": 0, ""age_min"": 0, ""conversations"": 0, ""emotional_availability"": 0, ""has_children"": 0, ""lifestyle"": 0, ""partner_children"": 0, ""partner_smoking"": 0, ""relationship_goal"": 0, ""relationship_pace"": 0, ""relationship_structure"": 0, ""relocate"": 0, ""schedule"": 0, ""smoking"": 0, ""space_for_relationship"": 0, ""wants_children"": 0, ""who_to_meet"": 0}"
syn_36405d05d5d80f38e56f61ed1af023d3,public_04,27,man,zone_a,True,synthetic_questionnaire,True,0,"[""zone_a""]",,,,,,,,,,,,unsure,"[""weekday_evening""]",,ample,,,observed,not_asked,not_asked,not_asked,not_asked,declined,not_asked,not_asked,not_asked,not_asked,not_asked,not_asked,observed,observed,not_asked,observed,not_asked,not_asked,0,,,,,,,,,,,,0,0,,0,,,"{""acceptable_zones"": [""zone_a""], ""age_max"": null, ""age_min"": null, ""conversations"": null, ""emotional_availability"": null, ""has_children"": null, ""lifestyle"": null, ""partner_children"": null, ""partner_smoking"": null, ""relationship_goal"": null, ""relationship_pace"": null, ""relationship_structure"": null, ""relocate"": ""unsure"", ""schedule"": [""weekday_evening""], ""smoking"": null, ""space_for_relationship"": ""ample"", ""wants_children"": null, ""who_to_meet"": null}","{""acceptable_zones"": ""observed"", ""age_max"": ""not_asked"", ""age_min"": ""not_asked"", ""conversations"": ""not_asked"", ""emotional_availability"": ""not_asked"", ""has_children"": ""declined"", ""lifestyle"": ""not_asked"", ""partner_children"": ""not_asked"", ""partner_smoking"": ""not_asked"", ""relationship_goal"": ""not_asked"", ""relationship_pace"": ""not_asked"", ""relationship_structure"": ""not_asked"", ""relocate"": ""observed"", ""schedule"": ""observed"", ""smoking"": ""not_asked"", ""space_for_relationship"": ""observed"", ""wants_children"": ""not_asked"", ""who_to_meet"": ""not_asked""}","{""acceptable_zones"": 0, ""age_max"": null, ""age_min"": null, ""conversations"": null, ""emotional_availability"": null, ""has_children"": null, ""lifestyle"": null, ""partner_children"": null, ""partner_smoking"": null, ""relationship_goal"": null, ""relationship_pace"": null, ""relationship_structure"": null, ""relocate"": 0, ""schedule"": 0, ""smoking"": null, ""space_for_relationship"": 0, ""wants_children"": null, ""who_to_meet"": null}"
syn_49987e3d18f793e9feda03f6e6683233,public_04,22,man,zone_c,True,synthetic_questionnaire,True,0,"[""zone_c""]",28,18,,,False,,any,no_smoking,,quick,monogamous,,"[""weekday_evening"", ""weekend_day"", ""weekend_evening""]",no,,unsure,"[""non_binary"", ""woman"", ""man""]",observed,observed,observed,not_asked,not_asked,observed,not_asked,observed,observed,not_asked,observed,observed,not_asked,observed,observed,not_asked,observed,observed,6,6,6,,,6,,6,6,,0,6,,6,6,,6,6,"{""acceptable_zones"": [""zone_c""], ""age_max"": 28, ""age_min"": 18, ""conversations"": null, ""emotional_availability"": null, ""has_children"": false, ""lifestyle"": null, ""partner_children"": ""any"", ""partner_smoking"": ""no_smoking"", ""relationship_goal"": null, ""relationship_pace"": ""quick"", ""relationship_structure"": ""monogamous"", ""relocate"": null, ""schedule"": [""weekday_evening"", ""weekend_day"", ""weekend_evening""], ""smoking"": ""no"", ""space_for_relationship"": null, ""wants_children"": ""unsure"", ""who_to_meet"": [""non_binary"", ""woman"", ""man""]}","{""acceptable_zones"": ""observed"", ""age_max"": ""observed"", ""age_min"": ""observed"", ""conversations"": ""not_asked"", ""emotional_availability"": ""not_asked"", ""has_children"": ""observed"", ""lifestyle"": ""not_asked"", ""partner_children"": ""observed"", ""partner_smoking"": ""observed"", ""relationship_goal"": ""not_asked"", ""relationship_pace"": ""observed"", ""relationship_structure"": ""observed"", ""relocate"": ""not_asked"", ""schedule"": ""observed"", ""smoking"": ""observed"", ""space_for_relationship"": ""not_asked"", ""wants_children"": ""observed"", ""who_to_meet"": ""observed""}","{""acceptable_zones"": 6, ""age_max"": 6, ""age_min"": 6, ""conversations"": null, ""emotional_availability"": null, ""has_children"": 6, ""lifestyle"": null, ""partner_children"": 6, ""partner_smoking"": 6, ""relationship_goal"": null, ""relationship_pace"": 0, ""relationship_structure"": 6, ""relocate"": null, ""schedule"": 6, ""smoking"": 6, ""space_for_relationship"": null, ""wants_children"": 6, ""who_to_meet"": 6}"
syn_05a363b2d99613029b3565e350f55c58,public_04,35,woman,zone_a,True,synthetic_questionnaire,True,0,"[""zone_a""]",41,28,practical,ready,False,social,any,no_smoking,long_term,steady,non_monogamous,no,"[""weekday_evening"", ""weekend_day"", ""weekend_evening""]",no,limited,yes,"[""non_binary""]",observed,observed,observed,observed,observed,observed,observed,observed,observed,observed,observed,observed,observed,observed,observed,observed,observed,observed,0,0,0,0,0,0,0,0,0,0,0,0,0,0,0,0,0,0,"{""acceptable_zones"": [""zone_a""], ""age_max"": 41, ""age_min"": 28, ""conversations"": ""practical"", ""emotional_availability"": ""ready"", ""has_children"": false, ""lifestyle"": ""social"", ""partner_children"": ""any"", ""partner_smoking"": ""no_smoking"", ""relationship_goal"": ""long_term"", ""relationship_pace"": ""steady"", ""relationship_structure"": ""non_monogamous"", ""relocate"": ""no"", ""schedule"": [""weekday_evening"", ""weekend_day"", ""weekend_evening""], ""smoking"": ""no"", ""space_for_relationship"": ""limited"", ""wants_children"": ""yes"", ""who_to_meet"": [""non_binary""]}","{""acceptable_zones"": ""observed"", ""age_max"": ""observed"", ""age_min"": ""observed"", ""conversations"": ""observed"", ""emotional_availability"": ""observed"", ""has_children"": ""observed"", ""lifestyle"": ""observed"", ""partner_children"": ""observed"", ""partner_smoking"": ""observed"", ""relationship_goal"": ""observed"", ""relationship_pace"": ""observed"", ""relationship_structure"": ""observed"", ""relocate"": ""observed"", ""schedule"": ""observed"", ""smoking"": ""observed"", ""space_for_relationship"": ""observed"", ""wants_children"": ""observed"", ""who_to_meet"": ""observed""}","{""acceptable_zones"": 0, ""age_max"": 0, ""age_min"": 0, ""conversations"": 0, ""emotional_availability"": 0, ""has_children"": 0, ""lifestyle"": 0, ""partner_children"": 0, ""partner_smoking"": 0, ""relationship_goal"": 0, ""relationship_pace"": 0, ""relationship_structure"": 0, ""relocate"": 0, ""schedule"": 0, ""smoking"": 0, ""space_for_relationship"": 0, ""wants_children"": 0, ""who_to_meet"": 0}"
syn_025f1be416be0e0628c93ba5f6d0a487,public_04,35,woman,zone_a,True,synthetic_questionnaire,True,19,"[""zone_a"", ""zone_d""]",,,,,,,,,,,,,,,,,,observed,not_asked,not_asked,not_asked,not_asked,declined,not_asked,not_asked,declined,not_asked,declined,not_asked,not_asked,declined,declined,not_asked,not_asked,not_asked,19,,,,,,,,,,,,,,,,,,"{""acceptable_zones"": [""zone_a"", ""zone_d""], ""age_max"": null, ""age_min"": null, ""conversations"": null, ""emotional_availability"": null, ""has_children"": null, ""lifestyle"": null, ""partner_children"": null, ""partner_smoking"": null, ""relationship_goal"": null, ""relationship_pace"": null, ""relationship_structure"": null, ""relocate"": null, ""schedule"": null, ""smoking"": null, ""space_for_relationship"": null, ""wants_children"": null, ""who_to_meet"": null}","{""acceptable_zones"": ""observed"", ""age_max"": ""not_asked"", ""age_min"": ""not_asked"", ""conversations"": ""not_asked"", ""emotional_availability"": ""not_asked"", ""has_children"": ""declined"", ""lifestyle"": ""not_asked"", ""partner_children"": ""not_asked"", ""partner_smoking"": ""declined"", ""relationship_goal"": ""not_asked"", ""relationship_pace"": ""declined"", ""relationship_structure"": ""not_asked"", ""relocate"": ""not_asked"", ""schedule"": ""declined"", ""smoking"": ""declined"", ""space_for_relationship"": ""not_asked"", ""wants_children"": ""not_asked"", ""who_to_meet"": ""not_asked""}","{""acceptable_zones"": 19, ""age_max"": null, ""age_min"": null, ""conversations"": null, ""emotional_availability"": null, ""has_children"": null, ""lifestyle"": null, ""partner_children"": null, ""partner_smoking"": null, ""relationship_goal"": null, ""relationship_pace"": null, ""relationship_structure"": null, ""relocate"": null, ""schedule"": null, ""smoking"": null, ""space_for_relationship"": null, ""wants_children"": null, ""who_to_meet"": null}"
syn_397e6f808de609ed6233f67bfbbf5073,public_04,35,woman,zone_a,True,synthetic_questionnaire,True,0,"[""zone_a"", ""zone_c""]",44,31,ideas,ready,False,quiet,no_children,any,exploring,steady,monogamous,unsure,"[""weekend_evening"", ""weekday_evening"", ""weekend_day""]",no,limited,yes,"[""woman""]",observed,observed,observed,observed,observed,observed,observed,observed,observed,observed,observed,observed,observed,observed,observed,observed,observed,observed,0,0,0,0,0,0,0,0,0,0,0,0,0,0,0,0,0,0,"{""acceptable_zones"": [""zone_a"", ""zone_c""], ""age_max"": 44, ""age_min"": 31, ""conversations"": ""ideas"", ""emotional_availability"": ""ready"", ""has_children"": false, ""lifestyle"": ""quiet"", ""partner_children"": ""no_children"", ""partner_smoking"": ""any"", ""relationship_goal"": ""exploring"", ""relationship_pace"": ""steady"", ""relationship_structure"": ""monogamous"", ""relocate"": ""unsure"", ""schedule"": [""weekend_evening"", ""weekday_evening"", ""weekend_day""], ""smoking"": ""no"", ""space_for_relationship"": ""limited"", ""wants_children"": ""yes"", ""who_to_meet"": [""woman""]}","{""acceptable_zones"": ""observed"", ""age_max"": ""observed"", ""age_min"": ""observed"", ""conversations"": ""observed"", ""emotional_availability"": ""observed"", ""has_children"": ""observed"", ""lifestyle"": ""observed"", ""partner_children"": ""observed"", ""partner_smoking"": ""observed"", ""relationship_goal"": ""observed"", ""relationship_pace"": ""observed"", ""relationship_structure"": ""observed"", ""relocate"": ""observed"", ""schedule"": ""observed"", ""smoking"": ""observed"", ""space_for_relationship"": ""observed"", ""wants_children"": ""observed"", ""who_to_meet"": ""observed""}","{""acceptable_zones"": 0, ""age_max"": 0, ""age_min"": 0, ""conversations"": 0, ""emotional_availability"": 0, ""has_children"": 0, ""lifestyle"": 0, ""partner_children"": 0, ""partner_smoking"": 0, ""relationship_goal"": 0, ""relationship_pace"": 0, ""relationship_structure"": 0, ""relocate"": 0, ""schedule"": 0, ""smoking"": 0, ""space_for_relationship"": 0, ""wants_children"": 0, ""who_to_meet"": 0}"
syn_2e7d2bb8ee0ea3fc44d2ce136b49bbcd,public_04,41,man,zone_a,True,synthetic_questionnaire,True,14,"[""zone_a""]",50,34,ideas,ready,False,quiet,any,no_smoking,exploring,slow,monogamous,no,"[""weekend_day"", ""weekend_evening""]",no,moderate,unsure,"[""non_binary""]",observed,observed,observed,observed,observed,observed,observed,observed,observed,observed,observed,observed,observed,observed,observed,observed,observed,observed,14,14,14,14,14,14,14,14,14,14,14,14,14,14,14,14,14,14,"{""acceptable_zones"": [""zone_a""], ""age_max"": 50, ""age_min"": 34, ""conversations"": ""ideas"", ""emotional_availability"": ""ready"", ""has_children"": false, ""lifestyle"": ""quiet"", ""partner_children"": ""any"", ""partner_smoking"": ""no_smoking"", ""relationship_goal"": ""exploring"", ""relationship_pace"": ""slow"", ""relationship_structure"": ""monogamous"", ""relocate"": ""no"", ""schedule"": [""weekend_day"", ""weekend_evening""], ""smoking"": ""no"", ""space_for_relationship"": ""moderate"", ""wants_children"": ""unsure"", ""who_to_meet"": [""non_binary""]}","{""acceptable_zones"": ""observed"", ""age_max"": ""observed"", ""age_min"": ""observed"", ""conversations"": ""observed"", ""emotional_availability"": ""observed"", ""has_children"": ""observed"", ""lifestyle"": ""observed"", ""partner_children"": ""observed"", ""partner_smoking"": ""observed"", ""relationship_goal"": ""observed"", ""relationship_pace"": ""observed"", ""relationship_structure"": ""observed"", ""relocate"": ""observed"", ""schedule"": ""observed"", ""smoking"": ""observed"", ""space_for_relationship"": ""observed"", ""wants_children"": ""observed"", ""who_to_meet"": ""observed""}","{""acceptable_zones"": 14, ""age_max"": 14, ""age_min"": 14, ""conversations"": 14, ""emotional_availability"": 14, ""has_children"": 14, ""lifestyle"": 14, ""partner_children"": 14, ""partner_smoking"": 14, ""relationship_goal"": 14, ""relationship_pace"": 14, ""relationship_structure"": 14, ""relocate"": 14, ""schedule"": 14, ""smoking"": 14, ""space_for_relationship"": 14, ""wants_children"": 14, ""who_to_meet"": 14}"
syn_85956e1e0a21a49bf201f272811a4744,public_04,27,man,zone_a,True,synthetic_questionnaire,True,17,,,,,ready,,,,,,,,,,,,,,not_asked,declined,not_asked,not_asked,observed,not_asked,not_asked,not_asked,not_asked,not_asked,not_asked,not_asked,not_asked,not_asked,not_asked,not_asked,not_asked,not_asked,,,,,17,,,,,,,,,,,,,,"{""acceptable_zones"": null, ""age_max"": null, ""age_min"": null, ""conversations"": null, ""emotional_availability"": ""ready"", ""has_children"": null, ""lifestyle"": null, ""partner_children"": null, ""partner_smoking"": null, ""relationship_goal"": null, ""relationship_pace"": null, ""relationship_structure"": null, ""relocate"": null, ""schedule"": null, ""smoking"": null, ""space_for_relationship"": null, ""wants_children"": null, ""who_to_meet"": null}","{""acceptable_zones"": ""not_asked"", ""age_max"": ""declined"", ""age_min"": ""not_asked"", ""conversations"": ""not_asked"", ""emotional_availability"": ""observed"", ""has_children"": ""not_asked"", ""lifestyle"": ""not_asked"", ""partner_children"": ""not_asked"", ""partner_smoking"": ""not_asked"", ""relationship_goal"": ""not_asked"", ""relationship_pace"": ""not_asked"", ""relationship_structure"": ""not_asked"", ""relocate"": ""not_asked"", ""schedule"": ""not_asked"", ""smoking"": ""not_asked"", ""space_for_relationship"": ""not_asked"", ""wants_children"": ""not_asked"", ""who_to_meet"": ""not_asked""}","{""acceptable_zones"": null, ""age_max"": null, ""age_min"": null, ""conversations"": null, ""emotional_availability"": 17, ""has_children"": null, ""lifestyle"": null, ""partner_children"": null, ""partner_smoking"": null, ""relationship_goal"": null, ""relationship_pace"": null, ""relationship_structure"": null, ""relocate"": null, ""schedule"": null, ""smoking"": null, ""space_for_relationship"": null, ""wants_children"": null, ""who_to_meet"": null}"
syn_fbe1b83833b2641f4b119c9986cd4b5b,public_04,22,man,zone_a,False,synthetic_questionnaire,True,0,"[""zone_a""]",29,19,,,False,,any,any,,,monogamous,,"[""weekend_day""]",no,,yes,"[""non_binary"", ""man"", ""woman""]",observed,observed,observed,not_asked,not_asked,observed,not_asked,observed,observed,not_asked,not_asked,observed,not_asked,observed,observed,not_asked,observed,observed,7,7,7,,,7,,7,7,,,7,,7,7,,7,7,"{""acceptable_zones"": [""zone_a""], ""age_max"": 29, ""age_min"": 19, ""conversations"": null, ""emotional_availability"": null, ""has_children"": false, ""lifestyle"": null, ""partner_children"": ""any"", ""partner_smoking"": ""any"", ""relationship_goal"": null, ""relationship_pace"": null, ""relationship_structure"": ""monogamous"", ""relocate"": null, ""schedule"": [""weekend_day""], ""smoking"": ""no"", ""space_for_relationship"": null, ""wants_children"": ""yes"", ""who_to_meet"": [""non_binary"", ""man"", ""woman""]}","{""acceptable_zones"": ""observed"", ""age_max"": ""observed"", ""age_min"": ""observed"", ""conversations"": ""not_asked"", ""emotional_availability"": ""not_asked"", ""has_children"": ""observed"", ""lifestyle"": ""not_asked"", ""partner_children"": ""observed"", ""partner_smoking"": ""observed"", ""relationship_goal"": ""not_asked"", ""relationship_pace"": ""not_asked"", ""relationship_structure"": ""observed"", ""relocate"": ""not_asked"", ""schedule"": ""observed"", ""smoking"": ""observed"", ""space_for_relationship"": ""not_asked"", ""wants_children"": ""observed"", ""who_to_meet"": ""observed""}","{""acceptable_zones"": 7, ""age_max"": 7, ""age_min"": 7, ""conversations"": null, ""emotional_availability"": null, ""has_children"": 7, ""lifestyle"": null, ""partner_children"": 7, ""partner_smoking"": 7, ""relationship_goal"": null, ""relationship_pace"": null, ""relationship_structure"": 7, ""relocate"": null, ""schedule"": 7, ""smoking"": 7, ""space_for_relationship"": null, ""wants_children"": 7, ""who_to_meet"": 7}"
syn_9c7c1d53868d265c22cae8c8450bb835,public_04,37,woman,zone_c,True,synthetic_questionnaire,True,0,"[""zone_c""]",43,33,,,False,,no_children,no_smoking,,,monogamous,,"[""weekday_evening"", ""weekend_day""]",no,,yes,"[""non_binary""]",observed,observed,observed,not_asked,not_asked,observed,not_asked,observed,observed,not_asked,not_asked,observed,not_asked,observed,observed,not_asked,observed,observed,7,7,7,,,7,,7,7,,,7,,7,7,,7,7,"{""acceptable_zones"": [""zone_c""], ""age_max"": 43, ""age_min"": 33, ""conversations"": null, ""emotional_availability"": null, ""has_children"": false, ""lifestyle"": null, ""partner_children"": ""no_children"", ""partner_smoking"": ""no_smoking"", ""relationship_goal"": null, ""relationship_pace"": null, ""relationship_structure"": ""monogamous"", ""relocate"": null, ""schedule"": [""weekday_evening"", ""weekend_day""], ""smoking"": ""no"", ""space_for_relationship"": null, ""wants_children"": ""yes"", ""who_to_meet"": [""non_binary""]}","{""acceptable_zones"": ""observed"", ""age_max"": ""observed"", ""age_min"": ""observed"", ""conversations"": ""not_asked"", ""emotional_availability"": ""not_asked"", ""has_children"": ""observed"", ""lifestyle"": ""not_asked"", ""partner_children"": ""observed"", ""partner_smoking"": ""observed"", ""relationship_goal"": ""not_asked"", ""relationship_pace"": ""not_asked"", ""relationship_structure"": ""observed"", ""relocate"": ""not_asked"", ""schedule"": ""observed"", ""smoking"": ""observed"", ""space_for_relationship"": ""not_asked"", ""wants_children"": ""observed"", ""who_to_meet"": ""observed""}","{""acceptable_zones"": 7, ""age_max"": 7, ""age_min"": 7, ""conversations"": null, ""emotional_availability"": null, ""has_children"": 7, ""lifestyle"": null, ""partner_children"": 7, ""partner_smoking"": 7, ""relationship_goal"": null, ""relationship_pace"": null, ""relationship_structure"": 7, ""relocate"": null, ""schedule"": 7, ""smoking"": 7, ""space_for_relationship"": null, ""wants_children"": 7, ""who_to_meet"": 7}"
syn_bb1b8ff042e188373e72d8ebe921af5c,public_04,39,woman,zone_a,False,synthetic_questionnaire,True,13,"[""zone_a""]",45,33,ideas,ready,False,quiet,any,any,long_term,quick,monogamous,unsure,"[""weekday_evening"", ""weekend_day"", ""weekend_evening""]",no,limited,unsure,"[""non_binary""]",observed,observed,observed,observed,observed,observed,observed,observed,observed,observed,observed,observed,observed,observed,observed,observed,observed,observed,13,13,13,13,13,13,13,13,13,13,13,13,13,13,13,13,13,13,"{""acceptable_zones"": [""zone_a""], ""age_max"": 45, ""age_min"": 33, ""conversations"": ""ideas"", ""emotional_availability"": ""ready"", ""has_children"": false, ""lifestyle"": ""quiet"", ""partner_children"": ""any"", ""partner_smoking"": ""any"", ""relationship_goal"": ""long_term"", ""relationship_pace"": ""quick"", ""relationship_structure"": ""monogamous"", ""relocate"": ""unsure"", ""schedule"": [""weekday_evening"", ""weekend_day"", ""weekend_evening""], ""smoking"": ""no"", ""space_for_relationship"": ""limited"", ""wants_children"": ""unsure"", ""who_to_meet"": [""non_binary""]}","{""acceptable_zones"": ""observed"", ""age_max"": ""observed"", ""age_min"": ""observed"", ""conversations"": ""observed"", ""emotional_availability"": ""observed"", ""has_children"": ""observed"", ""lifestyle"": ""observed"", ""partner_children"": ""observed"", ""partner_smoking"": ""observed"", ""relationship_goal"": ""observed"", ""relationship_pace"": ""observed"", ""relationship_structure"": ""observed"", ""relocate"": ""observed"", ""schedule"": ""observed"", ""smoking"": ""observed"", ""space_for_relationship"": ""observed"", ""wants_children"": ""observed"", ""who_to_meet"": ""observed""}","{""acceptable_zones"": 13, ""age_max"": 13, ""age_min"": 13, ""conversations"": 13, ""emotional_availability"": 13, ""has_children"": 13, ""lifestyle"": 13, ""partner_children"": 13, ""partner_smoking"": 13, ""relationship_goal"": 13, ""relationship_pace"": 13, ""relationship_structure"": 13, ""relocate"": 13, ""schedule"": 13, ""smoking"": 13, ""space_for_relationship"": 13, ""wants_children"": 13, ""who_to_meet"": 13}"
syn_1b4dbb033327c77e214d7b41f6c6c3da,public_04,40,woman,zone_c,True,synthetic_questionnaire,True,0,,,,,,,,,,,,,,,no,,,,declined,not_asked,not_asked,not_asked,not_asked,not_asked,not_asked,not_asked,not_asked,not_asked,not_asked,not_asked,not_asked,not_asked,observed,not_asked,not_asked,not_asked,,,,,,,,,,,,,,,0,,,,"{""acceptable_zones"": null, ""age_max"": null, ""age_min"": null, ""conversations"": null, ""emotional_availability"": null, ""has_children"": null, ""lifestyle"": null, ""partner_children"": null, ""partner_smoking"": null, ""relationship_goal"": null, ""relationship_pace"": null, ""relationship_structure"": null, ""relocate"": null, ""schedule"": null, ""smoking"": ""no"", ""space_for_relationship"": null, ""wants_children"": null, ""who_to_meet"": null}","{""acceptable_zones"": ""declined"", ""age_max"": ""not_asked"", ""age_min"": ""not_asked"", ""conversations"": ""not_asked"", ""emotional_availability"": ""not_asked"", ""has_children"": ""not_asked"", ""lifestyle"": ""not_asked"", ""partner_children"": ""not_asked"", ""partner_smoking"": ""not_asked"", ""relationship_goal"": ""not_asked"", ""relationship_pace"": ""not_asked"", ""relationship_structure"": ""not_asked"", ""relocate"": ""not_asked"", ""schedule"": ""not_asked"", ""smoking"": ""observed"", ""space_for_relationship"": ""not_asked"", ""wants_children"": ""not_asked"", ""who_to_meet"": ""not_asked""}","{""acceptable_zones"": null, ""age_max"": null, ""age_min"": null, ""conversations"": null, ""emotional_availability"": null, ""has_children"": null, ""lifestyle"": null, ""partner_children"": null, ""partner_smoking"": null, ""relationship_goal"": null, ""relationship_pace"": null, ""relationship_structure"": null, ""relocate"": null, ""schedule"": null, ""smoking"": 0, ""space_for_relationship"": null, ""wants_children"": null, ""who_to_meet"": null}"
syn_927238d72ecd0f58a214a583aad88a82,public_04,44,woman,zone_a,True,synthetic_questionnaire,True,0,,,,,,,mixed,,,,,,,,,,,"[""non_binary""]",not_asked,not_asked,not_asked,not_asked,declined,not_asked,observed,not_asked,not_asked,not_asked,not_asked,not_asked,not_asked,declined,not_asked,not_asked,not_asked,observed,,,,,,,0,,,,,,,,,,,0,"{""acceptable_zones"": null, ""age_max"": null, ""age_min"": null, ""conversations"": null, ""emotional_availability"": null, ""has_children"": null, ""lifestyle"": ""mixed"", ""partner_children"": null, ""partner_smoking"": null, ""relationship_goal"": null, ""relationship_pace"": null, ""relationship_structure"": null, ""relocate"": null, ""schedule"": null, ""smoking"": null, ""space_for_relationship"": null, ""wants_children"": null, ""who_to_meet"": [""non_binary""]}","{""acceptable_zones"": ""not_asked"", ""age_max"": ""not_asked"", ""age_min"": ""not_asked"", ""conversations"": ""not_asked"", ""emotional_availability"": ""declined"", ""has_children"": ""not_asked"", ""lifestyle"": ""observed"", ""partner_children"": ""not_asked"", ""partner_smoking"": ""not_asked"", ""relationship_goal"": ""not_asked"", ""relationship_pace"": ""not_asked"", ""relationship_structure"": ""not_asked"", ""relocate"": ""not_asked"", ""schedule"": ""declined"", ""smoking"": ""not_asked"", ""space_for_relationship"": ""not_asked"", ""wants_children"": ""not_asked"", ""who_to_meet"": ""observed""}","{""acceptable_zones"": null, ""age_max"": null, ""age_min"": null, ""conversations"": null, ""emotional_availability"": null, ""has_children"": null, ""lifestyle"": 0, ""partner_children"": null, ""partner_smoking"": null, ""relationship_goal"": null, ""relationship_pace"": null, ""relationship_structure"": null, ""relocate"": null, ""schedule"": null, ""smoking"": null, ""space_for_relationship"": null, ""wants_children"": null, ""who_to_meet"": 0}"
syn_bac979f006e5cba367a2a166b3ff369f,public_04,32,woman,zone_a,True,synthetic_questionnaire,True,3,"[""zone_a""]",37,26,playful,ready,False,,no_children,any,,,monogamous,,"[""weekend_day""]",occasionally,ample,no,"[""woman"", ""non_binary""]",observed,observed,observed,observed,observed,observed,not_asked,observed,observed,not_asked,not_asked,observed,not_asked,observed,observed,observed,observed,observed,7,7,7,3,3,7,,7,7,,,7,,7,7,3,7,7,"{""acceptable_zones"": [""zone_a""], ""age_max"": 37, ""age_min"": 26, ""conversations"": ""playful"", ""emotional_availability"": ""ready"", ""has_children"": false, ""lifestyle"": null, ""partner_children"": ""no_children"", ""partner_smoking"": ""any"", ""relationship_goal"": null, ""relationship_pace"": null, ""relationship_structure"": ""monogamous"", ""relocate"": null, ""schedule"": [""weekend_day""], ""smoking"": ""occasionally"", ""space_for_relationship"": ""ample"", ""wants_children"": ""no"", ""who_to_meet"": [""woman"", ""non_binary""]}","{""acceptable_zones"": ""observed"", ""age_max"": ""observed"", ""age_min"": ""observed"", ""conversations"": ""observed"", ""emotional_availability"": ""observed"", ""has_children"": ""observed"", ""lifestyle"": ""not_asked"", ""partner_children"": ""observed"", ""partner_smoking"": ""observed"", ""relationship_goal"": ""not_asked"", ""relationship_pace"": ""not_asked"", ""relationship_structure"": ""observed"", ""relocate"": ""not_asked"", ""schedule"": ""observed"", ""smoking"": ""observed"", ""space_for_relationship"": ""observed"", ""wants_children"": ""observed"", ""who_to_meet"": ""observed""}","{""acceptable_zones"": 7, ""age_max"": 7, ""age_min"": 7, ""conversations"": 3, ""emotional_availability"": 3, ""has_children"": 7, ""lifestyle"": null, ""partner_children"": 7, ""partner_smoking"": 7, ""relationship_goal"": null, ""relationship_pace"": null, ""relationship_structure"": 7, ""relocate"": null, ""schedule"": 7, ""smoking"": 7, ""space_for_relationship"": 3, ""wants_children"": 7, ""who_to_meet"": 7}"
syn_0be8ef6f2328251c1d6529a416de12aa,public_04,24,woman,zone_b,True,synthetic_questionnaire,True,16,,,19,,,,,,,,,,,,,,,,not_asked,declined,observed,not_asked,not_asked,not_asked,not_asked,not_asked,not_asked,not_asked,not_asked,not_asked,not_asked,not_asked,not_asked,not_asked,not_asked,not_asked,,,16,,,,,,,,,,,,,,,,"{""acceptable_zones"": null, ""age_max"": null, ""age_min"": 19, ""conversations"": null, ""emotional_availability"": null, ""has_children"": null, ""lifestyle"": null, ""partner_children"": null, ""partner_smoking"": null, ""relationship_goal"": null, ""relationship_pace"": null, ""relationship_structure"": null, ""relocate"": null, ""schedule"": null, ""smoking"": null, ""space_for_relationship"": null, ""wants_children"": null, ""who_to_meet"": null}","{""acceptable_zones"": ""not_asked"", ""age_max"": ""declined"", ""age_min"": ""observed"", ""conversations"": ""not_asked"", ""emotional_availability"": ""not_asked"", ""has_children"": ""not_asked"", ""lifestyle"": ""not_asked"", ""partner_children"": ""not_asked"", ""partner_smoking"": ""not_asked"", ""relationship_goal"": ""not_asked"", ""relationship_pace"": ""not_asked"", ""relationship_structure"": ""not_asked"", ""relocate"": ""not_asked"", ""schedule"": ""not_asked"", ""smoking"": ""not_asked"", ""space_for_relationship"": ""not_asked"", ""wants_children"": ""not_asked"", ""who_to_meet"": ""not_asked""}","{""acceptable_zones"": null, ""age_max"": null, ""age_min"": 16, ""conversations"": null, ""emotional_availability"": null, ""has_children"": null, ""lifestyle"": null, ""partner_children"": null, ""partner_smoking"": null, ""relationship_goal"": null, ""relationship_pace"": null, ""relationship_structure"": null, ""relocate"": null, ""schedule"": null, ""smoking"": null, ""space_for_relationship"": null, ""wants_children"": null, ""who_to_meet"": null}"
syn_5525ef1c88f2c7ccabb79c35e3f807fd,public_04,46,woman,zone_a,True,synthetic_questionnaire,True,0,"[""zone_a"", ""zone_c""]",54,43,playful,ready,False,quiet,no_children,no_smoking,exploring,steady,monogamous,no,"[""weekend_evening""]",occasionally,ample,unsure,"[""man""]",observed,observed,observed,observed,observed,observed,observed,observed,observed,observed,observed,observed,observed,observed,observed,observed,observed,observed,0,0,0,0,0,0,0,0,0,0,0,0,0,0,0,0,0,0,"{""acceptable_zones"": [""zone_a"", ""zone_c""], ""age_max"": 54, ""age_min"": 43, ""conversations"": ""playful"", ""emotional_availability"": ""ready"", ""has_children"": false, ""lifestyle"": ""quiet"", ""partner_children"": ""no_children"", ""partner_smoking"": ""no_smoking"", ""relationship_goal"": ""exploring"", ""relationship_pace"": ""steady"", ""relationship_structure"": ""monogamous"", ""relocate"": ""no"", ""schedule"": [""weekend_evening""], ""smoking"": ""occasionally"", ""space_for_relationship"": ""ample"", ""wants_children"": ""unsure"", ""who_to_meet"": [""man""]}","{""acceptable_zones"": ""observed"", ""age_max"": ""observed"", ""age_min"": ""observed"", ""conversations"": ""observed"", ""emotional_availability"": ""observed"", ""has_children"": ""observed"", ""lifestyle"": ""observed"", ""partner_children"": ""observed"", ""partner_smoking"": ""observed"", ""relationship_goal"": ""observed"", ""relationship_pace"": ""observed"", ""relationship_structure"": ""observed"", ""relocate"": ""observed"", ""schedule"": ""observed"", ""smoking"": ""observed"", ""space_for_relationship"": ""observed"", ""wants_children"": ""observed"", ""who_to_meet"": ""observed""}","{""acceptable_zones"": 0, ""age_max"": 0, ""age_min"": 0, ""conversations"": 0, ""emotional_availability"": 0, ""has_children"": 0, ""lifestyle"": 0, ""partner_children"": 0, ""partner_smoking"": 0, ""relationship_goal"": 0, ""relationship_pace"": 0, ""relationship_structure"": 0, ""relocate"": 0, ""schedule"": 0, ""smoking"": 0, ""space_for_relationship"": 0, ""wants_children"": 0, ""who_to_meet"": 0}"
syn_7925568c93bb15c5b3776cb8119e9b8c,public_04,33,man,zone_b,True,synthetic_questionnaire,True,12,,40,,playful,,,,no_children,,,,,,,,,,,not_asked,observed,not_asked,observed,not_asked,not_asked,not_asked,observed,not_asked,not_asked,not_asked,declined,not_asked,not_asked,not_asked,not_asked,not_asked,not_asked,,12,,12,,,,12,,,,,,,,,,,"{""acceptable_zones"": null, ""age_max"": 40, ""age_min"": null, ""conversations"": ""playful"", ""emotional_availability"": null, ""has_children"": null, ""lifestyle"": null, ""partner_children"": ""no_children"", ""partner_smoking"": null, ""relationship_goal"": null, ""relationship_pace"": null, ""relationship_structure"": null, ""relocate"": null, ""schedule"": null, ""smoking"": null, ""space_for_relationship"": null, ""wants_children"": null, ""who_to_meet"": null}","{""acceptable_zones"": ""not_asked"", ""age_max"": ""observed"", ""age_min"": ""not_asked"", ""conversations"": ""observed"", ""emotional_availability"": ""not_asked"", ""has_children"": ""not_asked"", ""lifestyle"": ""not_asked"", ""partner_children"": ""observed"", ""partner_smoking"": ""not_asked"", ""relationship_goal"": ""not_asked"", ""relationship_pace"": ""not_asked"", ""relationship_structure"": ""declined"", ""relocate"": ""not_asked"", ""schedule"": ""not_asked"", ""smoking"": ""not_asked"", ""space_for_relationship"": ""not_asked"", ""wants_children"": ""not_asked"", ""who_to_meet"": ""not_asked""}","{""acceptable_zones"": null, ""age_max"": 12, ""age_min"": null, ""conversations"": 12, ""emotional_availability"": null, ""has_children"": null, ""lifestyle"": null, ""partner_children"": 12, ""partner_smoking"": null, ""relationship_goal"": null, ""relationship_pace"": null, ""relationship_structure"": null, ""relocate"": null, ""schedule"": null, ""smoking"": null, ""space_for_relationship"": null, ""wants_children"": null, ""who_to_meet"": null}"
syn_cccef42c0afbf05d25c95dd4898259a9,public_04,34,man,zone_d,True,synthetic_questionnaire,True,0,,,,,,,,,,,,,,,,limited,,,declined,not_asked,not_asked,not_asked,not_asked,not_asked,not_asked,not_asked,not_asked,not_asked,not_asked,not_asked,not_asked,not_asked,not_asked,observed,not_asked,not_asked,,,,,,,,,,,,,,,,0,,,"{""acceptable_zones"": null, ""age_max"": null, ""age_min"": null, ""conversations"": null, ""emotional_availability"": null, ""has_children"": null, ""lifestyle"": null, ""partner_children"": null, ""partner_smoking"": null, ""relationship_goal"": null, ""relationship_pace"": null, ""relationship_structure"": null, ""relocate"": null, ""schedule"": null, ""smoking"": null, ""space_for_relationship"": ""limited"", ""wants_children"": null, ""who_to_meet"": null}","{""acceptable_zones"": ""declined"", ""age_max"": ""not_asked"", ""age_min"": ""not_asked"", ""conversations"": ""not_asked"", ""emotional_availability"": ""not_asked"", ""has_children"": ""not_asked"", ""lifestyle"": ""not_asked"", ""partner_children"": ""not_asked"", ""partner_smoking"": ""not_asked"", ""relationship_goal"": ""not_asked"", ""relationship_pace"": ""not_asked"", ""relationship_structure"": ""not_asked"", ""relocate"": ""not_asked"", ""schedule"": ""not_asked"", ""smoking"": ""not_asked"", ""space_for_relationship"": ""observed"", ""wants_children"": ""not_asked"", ""who_to_meet"": ""not_asked""}","{""acceptable_zones"": null, ""age_max"": null, ""age_min"": null, ""conversations"": null, ""emotional_availability"": null, ""has_children"": null, ""lifestyle"": null, ""partner_children"": null, ""partner_smoking"": null, ""relationship_goal"": null, ""relationship_pace"": null, ""relationship_structure"": null, ""relocate"": null, ""schedule"": null, ""smoking"": null, ""space_for_relationship"": 0, ""wants_children"": null, ""who_to_meet"": null}"
syn_c142068c081f55743f923372bdc45984,public_04,43,woman,zone_a,True,synthetic_questionnaire,True,0,,,,,,,,,,,,,,,,,,,not_asked,not_asked,not_asked,not_asked,not_asked,not_asked,not_asked,not_asked,declined,not_asked,not_asked,not_asked,not_asked,not_asked,not_asked,not_asked,not_asked,not_asked,,,,,,,,,,,,,,,,,,,"{""acceptable_zones"": null, ""age_max"": null, ""age_min"": null, ""conversations"": null, ""emotional_availability"": null, ""has_children"": null, ""lifestyle"": null, ""partner_children"": null, ""partner_smoking"": null, ""relationship_goal"": null, ""relationship_pace"": null, ""relationship_structure"": null, ""relocate"": null, ""schedule"": null, ""smoking"": null, ""space_for_relationship"": null, ""wants_children"": null, ""who_to_meet"": null}","{""acceptable_zones"": ""not_asked"", ""age_max"": ""not_asked"", ""age_min"": ""not_asked"", ""conversations"": ""not_asked"", ""emotional_availability"": ""not_asked"", ""has_children"": ""not_asked"", ""lifestyle"": ""not_asked"", ""partner_children"": ""not_asked"", ""partner_smoking"": ""declined"", ""relationship_goal"": ""not_asked"", ""relationship_pace"": ""not_asked"", ""relationship_structure"": ""not_asked"", ""relocate"": ""not_asked"", ""schedule"": ""not_asked"", ""smoking"": ""not_asked"", ""space_for_relationship"": ""not_asked"", ""wants_children"": ""not_asked"", ""who_to_meet"": ""not_asked""}","{""acceptable_zones"": null, ""age_max"": null, ""age_min"": null, ""conversations"": null, ""emotional_availability"": null, ""has_children"": null, ""lifestyle"": null, ""partner_children"": null, ""partner_smoking"": null, ""relationship_goal"": null, ""relationship_pace"": null, ""relationship_structure"": null, ""relocate"": null, ""schedule"": null, ""smoking"": null, ""space_for_relationship"": null, ""wants_children"": null, ""who_to_meet"": null}"
syn_376b3f7b7f003e85664e80f72ddff8b5,public_04,32,woman,zone_b,True,synthetic_questionnaire,True,0,,,,,,,,,,,quick,,,,,moderate,,,not_asked,not_asked,not_asked,not_asked,not_asked,not_asked,not_asked,not_asked,not_asked,not_asked,observed,not_asked,not_asked,declined,not_asked,observed,not_asked,not_asked,,,,,,,,,,,0,,,,,0,,,"{""acceptable_zones"": null, ""age_max"": null, ""age_min"": null, ""conversations"": null, ""emotional_availability"": null, ""has_children"": null, ""lifestyle"": null, ""partner_children"": null, ""partner_smoking"": null, ""relationship_goal"": null, ""relationship_pace"": ""quick"", ""relationship_structure"": null, ""relocate"": null, ""schedule"": null, ""smoking"": null, ""space_for_relationship"": ""moderate"", ""wants_children"": null, ""who_to_meet"": null}","{""acceptable_zones"": ""not_asked"", ""age_max"": ""not_asked"", ""age_min"": ""not_asked"", ""conversations"": ""not_asked"", ""emotional_availability"": ""not_asked"", ""has_children"": ""not_asked"", ""lifestyle"": ""not_asked"", ""partner_children"": ""not_asked"", ""partner_smoking"": ""not_asked"", ""relationship_goal"": ""not_asked"", ""relationship_pace"": ""observed"", ""relationship_structure"": ""not_asked"", ""relocate"": ""not_asked"", ""schedule"": ""declined"", ""smoking"": ""not_asked"", ""space_for_relationship"": ""observed"", ""wants_children"": ""not_asked"", ""who_to_meet"": ""not_asked""}","{""acceptable_zones"": null, ""age_max"": null, ""age_min"": null, ""conversations"": null, ""emotional_availability"": null, ""has_children"": null, ""lifestyle"": null, ""partner_children"": null, ""partner_smoking"": null, ""relationship_goal"": null, ""relationship_pace"": 0, ""relationship_structure"": null, ""relocate"": null, ""schedule"": null, ""smoking"": null, ""space_for_relationship"": 0, ""wants_children"": null, ""who_to_meet"": null}"
syn_7ba96d0f0cba9592b4b83299379b202c,public_04,21,man,zone_a,False,synthetic_questionnaire,True,18,"[""zone_a"", ""zone_b""]",26,18,,,False,,no_children,any,,,monogamous,,"[""weekday_evening"", ""weekend_day""]",no,,yes,"[""man""]",observed,observed,observed,not_asked,not_asked,observed,not_asked,observed,observed,not_asked,not_asked,observed,not_asked,observed,observed,not_asked,observed,observed,18,18,18,,,18,,18,18,,,18,,18,18,,18,18,"{""acceptable_zones"": [""zone_a"", ""zone_b""], ""age_max"": 26, ""age_min"": 18, ""conversations"": null, ""emotional_availability"": null, ""has_children"": false, ""lifestyle"": null, ""partner_children"": ""no_children"", ""partner_smoking"": ""any"", ""relationship_goal"": null, ""relationship_pace"": null, ""relationship_structure"": ""monogamous"", ""relocate"": null, ""schedule"": [""weekday_evening"", ""weekend_day""], ""smoking"": ""no"", ""space_for_relationship"": null, ""wants_children"": ""yes"", ""who_to_meet"": [""man""]}","{""acceptable_zones"": ""observed"", ""age_max"": ""observed"", ""age_min"": ""observed"", ""conversations"": ""not_asked"", ""emotional_availability"": ""not_asked"", ""has_children"": ""observed"", ""lifestyle"": ""not_asked"", ""partner_children"": ""observed"", ""partner_smoking"": ""observed"", ""relationship_goal"": ""not_asked"", ""relationship_pace"": ""not_asked"", ""relationship_structure"": ""observed"", ""relocate"": ""not_asked"", ""schedule"": ""observed"", ""smoking"": ""observed"", ""space_for_relationship"": ""not_asked"", ""wants_children"": ""observed"", ""who_to_meet"": ""observed""}","{""acceptable_zones"": 18, ""age_max"": 18, ""age_min"": 18, ""conversations"": null, ""emotional_availability"": null, ""has_children"": 18, ""lifestyle"": null, ""partner_children"": 18, ""partner_smoking"": 18, ""relationship_goal"": null, ""relationship_pace"": null, ""relationship_structure"": 18, ""relocate"": null, ""schedule"": 18, ""smoking"": 18, ""space_for_relationship"": null, ""wants_children"": 18, ""who_to_meet"": 18}"
syn_3d9c8af991bc51ab54c7c0880f2bec7d,public_04,35,woman,zone_a,False,synthetic_questionnaire,True,0,"[""zone_a""]",42,25,,,False,,no_children,any,,,monogamous,,"[""weekend_day""]",no,,yes,"[""man""]",observed,observed,observed,not_asked,not_asked,observed,not_asked,observed,observed,not_asked,not_asked,observed,not_asked,observed,observed,not_asked,observed,observed,7,7,7,,,7,,7,7,,,7,,7,7,,7,7,"{""acceptable_zones"": [""zone_a""], ""age_max"": 42, ""age_min"": 25, ""conversations"": null, ""emotional_availability"": null, ""has_children"": false, ""lifestyle"": null, ""partner_children"": ""no_children"", ""partner_smoking"": ""any"", ""relationship_goal"": null, ""relationship_pace"": null, ""relationship_structure"": ""monogamous"", ""relocate"": null, ""schedule"": [""weekend_day""], ""smoking"": ""no"", ""space_for_relationship"": null, ""wants_children"": ""yes"", ""who_to_meet"": [""man""]}","{""acceptable_zones"": ""observed"", ""age_max"": ""observed"", ""age_min"": ""observed"", ""conversations"": ""not_asked"", ""emotional_availability"": ""not_asked"", ""has_children"": ""observed"", ""lifestyle"": ""not_asked"", ""partner_children"": ""observed"", ""partner_smoking"": ""observed"", ""relationship_goal"": ""not_asked"", ""relationship_pace"": ""not_asked"", ""relationship_structure"": ""observed"", ""relocate"": ""not_asked"", ""schedule"": ""observed"", ""smoking"": ""observed"", ""space_for_relationship"": ""not_asked"", ""wants_children"": ""observed"", ""who_to_meet"": ""observed""}","{""acceptable_zones"": 7, ""age_max"": 7, ""age_min"": 7, ""conversations"": null, ""emotional_availability"": null, ""has_children"": 7, ""lifestyle"": null, ""partner_children"": 7, ""partner_smoking"": 7, ""relationship_goal"": null, ""relationship_pace"": null, ""relationship_structure"": 7, ""relocate"": null, ""schedule"": 7, ""smoking"": 7, ""space_for_relationship"": null, ""wants_children"": 7, ""who_to_meet"": 7}"
syn_507d19d91c5d6c09cdd0d1fef4b95f62,public_04,36,man,zone_b,True,synthetic_questionnaire,True,1,"[""zone_b"", ""zone_a""]",41,28,,,False,,any,no_smoking,,,monogamous,,"[""weekday_evening"", ""weekend_day"", ""weekend_evening""]",occasionally,,unsure,"[""woman""]",observed,observed,observed,not_asked,not_asked,observed,not_asked,observed,observed,not_asked,not_asked,observed,not_asked,observed,observed,not_asked,observed,observed,8,8,8,,,8,,8,8,,,8,,8,8,,8,8,"{""acceptable_zones"": [""zone_b"", ""zone_a""], ""age_max"": 41, ""age_min"": 28, ""conversations"": null, ""emotional_availability"": null, ""has_children"": false, ""lifestyle"": null, ""partner_children"": ""any"", ""partner_smoking"": ""no_smoking"", ""relationship_goal"": null, ""relationship_pace"": null, ""relationship_structure"": ""monogamous"", ""relocate"": null, ""schedule"": [""weekday_evening"", ""weekend_day"", ""weekend_evening""], ""smoking"": ""occasionally"", ""space_for_relationship"": null, ""wants_children"": ""unsure"", ""who_to_meet"": [""woman""]}","{""acceptable_zones"": ""observed"", ""age_max"": ""observed"", ""age_min"": ""observed"", ""conversations"": ""not_asked"", ""emotional_availability"": ""not_asked"", ""has_children"": ""observed"", ""lifestyle"": ""not_asked"", ""partner_children"": ""observed"", ""partner_smoking"": ""observed"", ""relationship_goal"": ""not_asked"", ""relationship_pace"": ""not_asked"", ""relationship_structure"": ""observed"", ""relocate"": ""not_asked"", ""schedule"": ""observed"", ""smoking"": ""observed"", ""space_for_relationship"": ""not_asked"", ""wants_children"": ""observed"", ""who_to_meet"": ""observed""}","{""acceptable_zones"": 8, ""age_max"": 8, ""age_min"": 8, ""conversations"": null, ""emotional_availability"": null, ""has_children"": 8, ""lifestyle"": null, ""partner_children"": 8, ""partner_smoking"": 8, ""relationship_goal"": null, ""relationship_pace"": null, ""relationship_structure"": 8, ""relocate"": null, ""schedule"": 8, ""smoking"": 8, ""space_for_relationship"": null, ""wants_children"": 8, ""who_to_meet"": 8}"
syn_fc5ac0142c9d3d0ee6ec9e0c8dcfa904,public_04,39,man,zone_b,True,synthetic_questionnaire,True,0,"[""zone_b""]",46,30,,,False,,no_children,no_smoking,,slow,monogamous,,"[""weekend_evening"", ""weekend_day"", ""weekday_evening""]",yes,,unsure,"[""woman"", ""man""]",observed,observed,observed,not_asked,not_asked,observed,not_asked,observed,observed,not_asked,observed,observed,not_asked,observed,observed,not_asked,observed,observed,8,8,8,,,8,,8,8,,0,8,,8,8,,8,8,"{""acceptable_zones"": [""zone_b""], ""age_max"": 46, ""age_min"": 30, ""conversations"": null, ""emotional_availability"": null, ""has_children"": false, ""lifestyle"": null, ""partner_children"": ""no_children"", ""partner_smoking"": ""no_smoking"", ""relationship_goal"": null, ""relationship_pace"": ""slow"", ""relationship_structure"": ""monogamous"", ""relocate"": null, ""schedule"": [""weekend_evening"", ""weekend_day"", ""weekday_evening""], ""smoking"": ""yes"", ""space_for_relationship"": null, ""wants_children"": ""unsure"", ""who_to_meet"": [""woman"", ""man""]}","{""acceptable_zones"": ""observed"", ""age_max"": ""observed"", ""age_min"": ""observed"", ""conversations"": ""not_asked"", ""emotional_availability"": ""not_asked"", ""has_children"": ""observed"", ""lifestyle"": ""not_asked"", ""partner_children"": ""observed"", ""partner_smoking"": ""observed"", ""relationship_goal"": ""not_asked"", ""relationship_pace"": ""observed"", ""relationship_structure"": ""observed"", ""relocate"": ""not_asked"", ""schedule"": ""observed"", ""smoking"": ""observed"", ""space_for_relationship"": ""not_asked"", ""wants_children"": ""observed"", ""who_to_meet"": ""observed""}","{""acceptable_zones"": 8, ""age_max"": 8, ""age_min"": 8, ""conversations"": null, ""emotional_availability"": null, ""has_children"": 8, ""lifestyle"": null, ""partner_children"": 8, ""partner_smoking"": 8, ""relationship_goal"": null, ""relationship_pace"": 0, ""relationship_structure"": 8, ""relocate"": null, ""schedule"": 8, ""smoking"": 8, ""space_for_relationship"": null, ""wants_children"": 8, ""who_to_meet"": 8}"
syn_fb8ad257c99641f70e49d416a8dd1328,public_04,24,man,zone_a,True,synthetic_questionnaire,True,0,"[""zone_a""]",29,19,practical,,False,,any,no_smoking,,,monogamous,,"[""weekday_evening""]",no,,yes,"[""non_binary""]",observed,observed,observed,observed,not_asked,observed,not_asked,observed,observed,not_asked,declined,observed,not_asked,observed,observed,not_asked,observed,observed,8,8,8,0,,8,,8,8,,,8,,8,8,,8,8,"{""acceptable_zones"": [""zone_a""], ""age_max"": 29, ""age_min"": 19, ""conversations"": ""practical"", ""emotional_availability"": null, ""has_children"": false, ""lifestyle"": null, ""partner_children"": ""any"", ""partner_smoking"": ""no_smoking"", ""relationship_goal"": null, ""relationship_pace"": null, ""relationship_structure"": ""monogamous"", ""relocate"": null, ""schedule"": [""weekday_evening""], ""smoking"": ""no"", ""space_for_relationship"": null, ""wants_children"": ""yes"", ""who_to_meet"": [""non_binary""]}","{""acceptable_zones"": ""observed"", ""age_max"": ""observed"", ""age_min"": ""observed"", ""conversations"": ""observed"", ""emotional_availability"": ""not_asked"", ""has_children"": ""observed"", ""lifestyle"": ""not_asked"", ""partner_children"": ""observed"", ""partner_smoking"": ""observed"", ""relationship_goal"": ""not_asked"", ""relationship_pace"": ""declined"", ""relationship_structure"": ""observed"", ""relocate"": ""not_asked"", ""schedule"": ""observed"", ""smoking"": ""observed"", ""space_for_relationship"": ""not_asked"", ""wants_children"": ""observed"", ""who_to_meet"": ""observed""}","{""acceptable_zones"": 8, ""age_max"": 8, ""age_min"": 8, ""conversations"": 0, ""emotional_availability"": null, ""has_children"": 8, ""lifestyle"": null, ""partner_children"": 8, ""partner_smoking"": 8, ""relationship_goal"": null, ""relationship_pace"": null, ""relationship_structure"": 8, ""relocate"": null, ""schedule"": 8, ""smoking"": 8, ""space_for_relationship"": null, ""wants_children"": 8, ""who_to_meet"": 8}"
syn_0de2036f2832ef6e77c6772ec1537bb9,public_04,41,woman,zone_a,True,synthetic_questionnaire,True,0,"[""zone_a"", ""zone_c""]",47,34,,,False,,no_children,no_smoking,long_term,steady,monogamous,,"[""weekday_evening""]",no,,unsure,"[""non_binary"", ""man""]",observed,observed,observed,not_asked,not_asked,observed,declined,observed,observed,observed,observed,observed,not_asked,observed,observed,not_asked,observed,observed,8,8,8,,,8,,8,8,0,0,8,,8,8,,8,8,"{""acceptable_zones"": [""zone_a"", ""zone_c""], ""age_max"": 47, ""age_min"": 34, ""conversations"": null, ""emotional_availability"": null, ""has_children"": false, ""lifestyle"": null, ""partner_children"": ""no_children"", ""partner_smoking"": ""no_smoking"", ""relationship_goal"": ""long_term"", ""relationship_pace"": ""steady"", ""relationship_structure"": ""monogamous"", ""relocate"": null, ""schedule"": [""weekday_evening""], ""smoking"": ""no"", ""space_for_relationship"": null, ""wants_children"": ""unsure"", ""who_to_meet"": [""non_binary"", ""man""]}","{""acceptable_zones"": ""observed"", ""age_max"": ""observed"", ""age_min"": ""observed"", ""conversations"": ""not_asked"", ""emotional_availability"": ""not_asked"", ""has_children"": ""observed"", ""lifestyle"": ""declined"", ""partner_children"": ""observed"", ""partner_smoking"": ""observed"", ""relationship_goal"": ""observed"", ""relationship_pace"": ""observed"", ""relationship_structure"": ""observed"", ""relocate"": ""not_asked"", ""schedule"": ""observed"", ""smoking"": ""observed"", ""space_for_relationship"": ""not_asked"", ""wants_children"": ""observed"", ""who_to_meet"": ""observed""}","{""acceptable_zones"": 8, ""age_max"": 8, ""age_min"": 8, ""conversations"": null, ""emotional_availability"": null, ""has_children"": 8, ""lifestyle"": null, ""partner_children"": 8, ""partner_smoking"": 8, ""relationship_goal"": 0, ""relationship_pace"": 0, ""relationship_structure"": 8, ""relocate"": null, ""schedule"": 8, ""smoking"": 8, ""space_for_relationship"": null, ""wants_children"": 8, ""who_to_meet"": 8}"
syn_85d7bc87301e8768b3d178dd45bacbbd,public_04,38,man,zone_c,True,synthetic_questionnaire,True,0,,,,,,,,,,,,,,,no,,,"[""man""]",not_asked,not_asked,not_asked,not_asked,not_asked,declined,not_asked,not_asked,not_asked,not_asked,not_asked,not_asked,not_asked,not_asked,observed,not_asked,not_asked,observed,,,,,,,,,,,,,,,0,,,0,"{""acceptable_zones"": null, ""age_max"": null, ""age_min"": null, ""conversations"": null, ""emotional_availability"": null, ""has_children"": null, ""lifestyle"": null, ""partner_children"": null, ""partner_smoking"": null, ""relationship_goal"": null, ""relationship_pace"": null, ""relationship_structure"": null, ""relocate"": null, ""schedule"": null, ""smoking"": ""no"", ""space_for_relationship"": null, ""wants_children"": null, ""who_to_meet"": [""man""]}","{""acceptable_zones"": ""not_asked"", ""age_max"": ""not_asked"", ""age_min"": ""not_asked"", ""conversations"": ""not_asked"", ""emotional_availability"": ""not_asked"", ""has_children"": ""declined"", ""lifestyle"": ""not_asked"", ""partner_children"": ""not_asked"", ""partner_smoking"": ""not_asked"", ""relationship_goal"": ""not_asked"", ""relationship_pace"": ""not_asked"", ""relationship_structure"": ""not_asked"", ""relocate"": ""not_asked"", ""schedule"": ""not_asked"", ""smoking"": ""observed"", ""space_for_relationship"": ""not_asked"", ""wants_children"": ""not_asked"", ""who_to_meet"": ""observed""}","{""acceptable_zones"": null, ""age_max"": null, ""age_min"": null, ""conversations"": null, ""emotional_availability"": null, ""has_children"": null, ""lifestyle"": null, ""partner_children"": null, ""partner_smoking"": null, ""relationship_goal"": null, ""relationship_pace"": null, ""relationship_structure"": null, ""relocate"": null, ""schedule"": null, ""smoking"": 0, ""space_for_relationship"": null, ""wants_children"": null, ""who_to_meet"": 0}"
syn_7d448552e3c6ed9ebe17c4fdc0aeb319,public_04,43,woman,zone_a,True,synthetic_questionnaire,True,0,"[""zone_a"", ""zone_c""]",47,36,ideas,ready,False,social,no_children,no_smoking,long_term,quick,monogamous,yes,"[""weekend_day"", ""weekday_evening"", ""weekend_evening""]",no,limited,unsure,"[""woman""]",observed,observed,observed,observed,observed,observed,observed,observed,observed,observed,observed,observed,observed,observed,observed,observed,observed,observed,0,0,0,0,0,0,0,0,0,0,0,0,0,0,0,0,0,0,"{""acceptable_zones"": [""zone_a"", ""zone_c""], ""age_max"": 47, ""age_min"": 36, ""conversations"": ""ideas"", ""emotional_availability"": ""ready"", ""has_children"": false, ""lifestyle"": ""social"", ""partner_children"": ""no_children"", ""partner_smoking"": ""no_smoking"", ""relationship_goal"": ""long_term"", ""relationship_pace"": ""quick"", ""relationship_structure"": ""monogamous"", ""relocate"": ""yes"", ""schedule"": [""weekend_day"", ""weekday_evening"", ""weekend_evening""], ""smoking"": ""no"", ""space_for_relationship"": ""limited"", ""wants_children"": ""unsure"", ""who_to_meet"": [""woman""]}","{""acceptable_zones"": ""observed"", ""age_max"": ""observed"", ""age_min"": ""observed"", ""conversations"": ""observed"", ""emotional_availability"": ""observed"", ""has_children"": ""observed"", ""lifestyle"": ""observed"", ""partner_children"": ""observed"", ""partner_smoking"": ""observed"", ""relationship_goal"": ""observed"", ""relationship_pace"": ""observed"", ""relationship_structure"": ""observed"", ""relocate"": ""observed"", ""schedule"": ""observed"", ""smoking"": ""observed"", ""space_for_relationship"": ""observed"", ""wants_children"": ""observed"", ""who_to_meet"": ""observed""}","{""acceptable_zones"": 0, ""age_max"": 0, ""age_min"": 0, ""conversations"": 0, ""emotional_availability"": 0, ""has_children"": 0, ""lifestyle"": 0, ""partner_children"": 0, ""partner_smoking"": 0, ""relationship_goal"": 0, ""relationship_pace"": 0, ""relationship_structure"": 0, ""relocate"": 0, ""schedule"": 0, ""smoking"": 0, ""space_for_relationship"": 0, ""wants_children"": 0, ""who_to_meet"": 0}"
syn_c14664bcb26d52c3934583a86ff3f77c,public_04,35,woman,zone_b,True,synthetic_questionnaire,True,0,"[""zone_b""]",43,26,practical,taking_time,False,social,no_children,no_smoking,exploring,slow,monogamous,yes,"[""weekend_day""]",no,moderate,unsure,"[""non_binary""]",observed,observed,observed,observed,observed,observed,observed,observed,observed,observed,observed,observed,observed,observed,observed,observed,observed,observed,0,0,0,0,0,0,0,0,0,0,0,0,0,0,0,0,0,0,"{""acceptable_zones"": [""zone_b""], ""age_max"": 43, ""age_min"": 26, ""conversations"": ""practical"", ""emotional_availability"": ""taking_time"", ""has_children"": false, ""lifestyle"": ""social"", ""partner_children"": ""no_children"", ""partner_smoking"": ""no_smoking"", ""relationship_goal"": ""exploring"", ""relationship_pace"": ""slow"", ""relationship_structure"": ""monogamous"", ""relocate"": ""yes"", ""schedule"": [""weekend_day""], ""smoking"": ""no"", ""space_for_relationship"": ""moderate"", ""wants_children"": ""unsure"", ""who_to_meet"": [""non_binary""]}","{""acceptable_zones"": ""observed"", ""age_max"": ""observed"", ""age_min"": ""observed"", ""conversations"": ""observed"", ""emotional_availability"": ""observed"", ""has_children"": ""observed"", ""lifestyle"": ""observed"", ""partner_children"": ""observed"", ""partner_smoking"": ""observed"", ""relationship_goal"": ""observed"", ""relationship_pace"": ""observed"", ""relationship_structure"": ""observed"", ""relocate"": ""observed"", ""schedule"": ""observed"", ""smoking"": ""observed"", ""space_for_relationship"": ""observed"", ""wants_children"": ""observed"", ""who_to_meet"": ""observed""}","{""acceptable_zones"": 0, ""age_max"": 0, ""age_min"": 0, ""conversations"": 0, ""emotional_availability"": 0, ""has_children"": 0, ""lifestyle"": 0, ""partner_children"": 0, ""partner_smoking"": 0, ""relationship_goal"": 0, ""relationship_pace"": 0, ""relationship_structure"": 0, ""relocate"": 0, ""schedule"": 0, ""smoking"": 0, ""space_for_relationship"": 0, ""wants_children"": 0, ""who_to_meet"": 0}"
syn_31a85fbfcb3154f0b3682ea94fb1e96f,public_04,26,woman,zone_d,True,synthetic_questionnaire,True,0,"[""zone_d""]",31,18,,,False,,any,no_smoking,,,monogamous,,"[""weekend_evening""]",occasionally,,unsure,"[""woman""]",observed,observed,observed,not_asked,not_asked,observed,not_asked,observed,observed,not_asked,not_asked,observed,not_asked,observed,observed,not_asked,observed,observed,9,9,9,,,9,,9,9,,,9,,9,9,,9,9,"{""acceptable_zones"": [""zone_d""], ""age_max"": 31, ""age_min"": 18, ""conversations"": null, ""emotional_availability"": null, ""has_children"": false, ""lifestyle"": null, ""partner_children"": ""any"", ""partner_smoking"": ""no_smoking"", ""relationship_goal"": null, ""relationship_pace"": null, ""relationship_structure"": ""monogamous"", ""relocate"": null, ""schedule"": [""weekend_evening""], ""smoking"": ""occasionally"", ""space_for_relationship"": null, ""wants_children"": ""unsure"", ""who_to_meet"": [""woman""]}","{""acceptable_zones"": ""observed"", ""age_max"": ""observed"", ""age_min"": ""observed"", ""conversations"": ""not_asked"", ""emotional_availability"": ""not_asked"", ""has_children"": ""observed"", ""lifestyle"": ""not_asked"", ""partner_children"": ""observed"", ""partner_smoking"": ""observed"", ""relationship_goal"": ""not_asked"", ""relationship_pace"": ""not_asked"", ""relationship_structure"": ""observed"", ""relocate"": ""not_asked"", ""schedule"": ""observed"", ""smoking"": ""observed"", ""space_for_relationship"": ""not_asked"", ""wants_children"": ""observed"", ""who_to_meet"": ""observed""}","{""acceptable_zones"": 9, ""age_max"": 9, ""age_min"": 9, ""conversations"": null, ""emotional_availability"": null, ""has_children"": 9, ""lifestyle"": null, ""partner_children"": 9, ""partner_smoking"": 9, ""relationship_goal"": null, ""relationship_pace"": null, ""relationship_structure"": 9, ""relocate"": null, ""schedule"": 9, ""smoking"": 9, ""space_for_relationship"": null, ""wants_children"": 9, ""who_to_meet"": 9}"
syn_870f5fc67477601e0370b1e3daa2397e,public_04,38,woman,zone_b,True,synthetic_questionnaire,True,0,"[""zone_b""]",43,35,,taking_time,False,social,no_children,no_smoking,,,monogamous,,"[""weekend_evening""]",no,,no,"[""man""]",observed,observed,observed,not_asked,observed,observed,observed,observed,observed,not_asked,not_asked,observed,not_asked,observed,observed,not_asked,observed,observed,9,9,9,,0,9,0,9,9,,,9,,9,9,,9,9,"{""acceptable_zones"": [""zone_b""], ""age_max"": 43, ""age_min"": 35, ""conversations"": null, ""emotional_availability"": ""taking_time"", ""has_children"": false, ""lifestyle"": ""social"", ""partner_children"": ""no_children"", ""partner_smoking"": ""no_smoking"", ""relationship_goal"": null, ""relationship_pace"": null, ""relationship_structure"": ""monogamous"", ""relocate"": null, ""schedule"": [""weekend_evening""], ""smoking"": ""no"", ""space_for_relationship"": null, ""wants_children"": ""no"", ""who_to_meet"": [""man""]}","{""acceptable_zones"": ""observed"", ""age_max"": ""observed"", ""age_min"": ""observed"", ""conversations"": ""not_asked"", ""emotional_availability"": ""observed"", ""has_children"": ""observed"", ""lifestyle"": ""observed"", ""partner_children"": ""observed"", ""partner_smoking"": ""observed"", ""relationship_goal"": ""not_asked"", ""relationship_pace"": ""not_asked"", ""relationship_structure"": ""observed"", ""relocate"": ""not_asked"", ""schedule"": ""observed"", ""smoking"": ""observed"", ""space_for_relationship"": ""not_asked"", ""wants_children"": ""observed"", ""who_to_meet"": ""observed""}","{""acceptable_zones"": 9, ""age_max"": 9, ""age_min"": 9, ""conversations"": null, ""emotional_availability"": 0, ""has_children"": 9, ""lifestyle"": 0, ""partner_children"": 9, ""partner_smoking"": 9, ""relationship_goal"": null, ""relationship_pace"": null, ""relationship_structure"": 9, ""relocate"": null, ""schedule"": 9, ""smoking"": 9, ""space_for_relationship"": null, ""wants_children"": 9, ""who_to_meet"": 9}"
syn_77c9871223b03e58a5d9304f09da6870,public_04,42,man,zone_a,True,synthetic_questionnaire,True,0,"[""zone_a"", ""zone_d""]",51,32,,,True,,no_children,no_smoking,exploring,,monogamous,,"[""weekend_day""]",no,,no,"[""man""]",observed,observed,observed,not_asked,not_asked,observed,not_asked,observed,observed,observed,not_asked,observed,not_asked,observed,observed,not_asked,observed,observed,9,9,9,,,9,,9,9,0,,9,,9,9,,9,9,"{""acceptable_zones"": [""zone_a"", ""zone_d""], ""age_max"": 51, ""age_min"": 32, ""conversations"": null, ""emotional_availability"": null, ""has_children"": true, ""lifestyle"": null, ""partner_children"": ""no_children"", ""partner_smoking"": ""no_smoking"", ""relationship_goal"": ""exploring"", ""relationship_pace"": null, ""relationship_structure"": ""monogamous"", ""relocate"": null, ""schedule"": [""weekend_day""], ""smoking"": ""no"", ""space_for_relationship"": null, ""wants_children"": ""no"", ""who_to_meet"": [""man""]}","{""acceptable_zones"": ""observed"", ""age_max"": ""observed"", ""age_min"": ""observed"", ""conversations"": ""not_asked"", ""emotional_availability"": ""not_asked"", ""has_children"": ""observed"", ""lifestyle"": ""not_asked"", ""partner_children"": ""observed"", ""partner_smoking"": ""observed"", ""relationship_goal"": ""observed"", ""relationship_pace"": ""not_asked"", ""relationship_structure"": ""observed"", ""relocate"": ""not_asked"", ""schedule"": ""observed"", ""smoking"": ""observed"", ""space_for_relationship"": ""not_asked"", ""wants_children"": ""observed"", ""who_to_meet"": ""observed""}","{""acceptable_zones"": 9, ""age_max"": 9, ""age_min"": 9, ""conversations"": null, ""emotional_availability"": null, ""has_children"": 9, ""lifestyle"": null, ""partner_children"": 9, ""partner_smoking"": 9, ""relationship_goal"": 0, ""relationship_pace"": null, ""relationship_structure"": 9, ""relocate"": null, ""schedule"": 9, ""smoking"": 9, ""space_for_relationship"": null, ""wants_children"": 9, ""who_to_meet"": 9}"
syn_849e022f628b4bab94ec91859a2eb260,public_04,32,man,zone_c,True,synthetic_questionnaire,True,0,"[""zone_c""]",41,27,stories,ready,False,quiet,any,no_smoking,exploring,steady,monogamous,unsure,"[""weekday_evening""]",no,limited,no,"[""man"", ""non_binary"", ""woman""]",observed,observed,observed,observed,observed,observed,observed,observed,observed,observed,observed,observed,observed,observed,observed,observed,observed,observed,0,0,0,0,0,0,0,0,0,0,0,0,0,0,0,0,0,0,"{""acceptable_zones"": [""zone_c""], ""age_max"": 41, ""age_min"": 27, ""conversations"": ""stories"", ""emotional_availability"": ""ready"", ""has_children"": false, ""lifestyle"": ""quiet"", ""partner_children"": ""any"", ""partner_smoking"": ""no_smoking"", ""relationship_goal"": ""exploring"", ""relationship_pace"": ""steady"", ""relationship_structure"": ""monogamous"", ""relocate"": ""unsure"", ""schedule"": [""weekday_evening""], ""smoking"": ""no"", ""space_for_relationship"": ""limited"", ""wants_children"": ""no"", ""who_to_meet"": [""man"", ""non_binary"", ""woman""]}","{""acceptable_zones"": ""observed"", ""age_max"": ""observed"", ""age_min"": ""observed"", ""conversations"": ""observed"", ""emotional_availability"": ""observed"", ""has_children"": ""observed"", ""lifestyle"": ""observed"", ""partner_children"": ""observed"", ""partner_smoking"": ""observed"", ""relationship_goal"": ""observed"", ""relationship_pace"": ""observed"", ""relationship_structure"": ""observed"", ""relocate"": ""observed"", ""schedule"": ""observed"", ""smoking"": ""observed"", ""space_for_relationship"": ""observed"", ""wants_children"": ""observed"", ""who_to_meet"": ""observed""}","{""acceptable_zones"": 0, ""age_max"": 0, ""age_min"": 0, ""conversations"": 0, ""emotional_availability"": 0, ""has_children"": 0, ""lifestyle"": 0, ""partner_children"": 0, ""partner_smoking"": 0, ""relationship_goal"": 0, ""relationship_pace"": 0, ""relationship_structure"": 0, ""relocate"": 0, ""schedule"": 0, ""smoking"": 0, ""space_for_relationship"": 0, ""wants_children"": 0, ""who_to_meet"": 0}"
syn_1ee962e1422da714b998474567be03d3,public_04,30,man,zone_c,True,synthetic_questionnaire,True,13,,,,,,,,,any,,,,,,,,,"[""non_binary""]",not_asked,not_asked,not_asked,not_asked,not_asked,not_asked,not_asked,not_asked,observed,not_asked,not_asked,not_asked,declined,not_asked,not_asked,not_asked,declined,observed,,,,,,,,,13,,,,,,,,,13,"{""acceptable_zones"": null, ""age_max"": null, ""age_min"": null, ""conversations"": null, ""emotional_availability"": null, ""has_children"": null, ""lifestyle"": null, ""partner_children"": null, ""partner_smoking"": ""any"", ""relationship_goal"": null, ""relationship_pace"": null, ""relationship_structure"": null, ""relocate"": null, ""schedule"": null, ""smoking"": null, ""space_for_relationship"": null, ""wants_children"": null, ""who_to_meet"": [""non_binary""]}","{""acceptable_zones"": ""not_asked"", ""age_max"": ""not_asked"", ""age_min"": ""not_asked"", ""conversations"": ""not_asked"", ""emotional_availability"": ""not_asked"", ""has_children"": ""not_asked"", ""lifestyle"": ""not_asked"", ""partner_children"": ""not_asked"", ""partner_smoking"": ""observed"", ""relationship_goal"": ""not_asked"", ""relationship_pace"": ""not_asked"", ""relationship_structure"": ""not_asked"", ""relocate"": ""declined"", ""schedule"": ""not_asked"", ""smoking"": ""not_asked"", ""space_for_relationship"": ""not_asked"", ""wants_children"": ""declined"", ""who_to_meet"": ""observed""}","{""acceptable_zones"": null, ""age_max"": null, ""age_min"": null, ""conversations"": null, ""emotional_availability"": null, ""has_children"": null, ""lifestyle"": null, ""partner_children"": null, ""partner_smoking"": 13, ""relationship_goal"": null, ""relationship_pace"": null, ""relationship_structure"": null, ""relocate"": null, ""schedule"": null, ""smoking"": null, ""space_for_relationship"": null, ""wants_children"": null, ""who_to_meet"": 13}"
syn_b72bed3a1917283c235f25d632fec8be,public_04,37,man,zone_a,True,synthetic_questionnaire,True,4,"[""zone_a"", ""zone_b""]",43,29,stories,ready,False,quiet,any,any,long_term,quick,non_monogamous,no,"[""weekend_day"", ""weekend_evening"", ""weekday_evening""]",occasionally,limited,no,"[""woman"", ""man""]",observed,observed,observed,observed,observed,observed,observed,observed,observed,observed,observed,observed,observed,observed,observed,observed,observed,observed,4,4,4,4,4,4,4,4,4,4,4,4,4,4,4,4,4,4,"{""acceptable_zones"": [""zone_a"", ""zone_b""], ""age_max"": 43, ""age_min"": 29, ""conversations"": ""stories"", ""emotional_availability"": ""ready"", ""has_children"": false, ""lifestyle"": ""quiet"", ""partner_children"": ""any"", ""partner_smoking"": ""any"", ""relationship_goal"": ""long_term"", ""relationship_pace"": ""quick"", ""relationship_structure"": ""non_monogamous"", ""relocate"": ""no"", ""schedule"": [""weekend_day"", ""weekend_evening"", ""weekday_evening""], ""smoking"": ""occasionally"", ""space_for_relationship"": ""limited"", ""wants_children"": ""no"", ""who_to_meet"": [""woman"", ""man""]}","{""acceptable_zones"": ""observed"", ""age_max"": ""observed"", ""age_min"": ""observed"", ""conversations"": ""observed"", ""emotional_availability"": ""observed"", ""has_children"": ""observed"", ""lifestyle"": ""observed"", ""partner_children"": ""observed"", ""partner_smoking"": ""observed"", ""relationship_goal"": ""observed"", ""relationship_pace"": ""observed"", ""relationship_structure"": ""observed"", ""relocate"": ""observed"", ""schedule"": ""observed"", ""smoking"": ""observed"", ""space_for_relationship"": ""observed"", ""wants_children"": ""observed"", ""who_to_meet"": ""observed""}","{""acceptable_zones"": 4, ""age_max"": 4, ""age_min"": 4, ""conversations"": 4, ""emotional_availability"": 4, ""has_children"": 4, ""lifestyle"": 4, ""partner_children"": 4, ""partner_smoking"": 4, ""relationship_goal"": 4, ""relationship_pace"": 4, ""relationship_structure"": 4, ""relocate"": 4, ""schedule"": 4, ""smoking"": 4, ""space_for_relationship"": 4, ""wants_children"": 4, ""who_to_meet"": 4}"
syn_215e3b0145dd93a06ffef8ea4c228704,public_04,28,man,zone_b,True,synthetic_questionnaire,True,0,"[""zone_b""]",34,18,playful,taking_time,False,social,any,no_smoking,long_term,steady,monogamous,no,"[""weekday_evening"", ""weekend_evening""]",no,ample,unsure,"[""man""]",observed,observed,observed,observed,observed,observed,observed,observed,observed,observed,observed,observed,observed,observed,observed,observed,observed,observed,0,0,0,0,0,0,0,0,0,0,0,0,0,0,0,0,0,0,"{""acceptable_zones"": [""zone_b""], ""age_max"": 34, ""age_min"": 18, ""conversations"": ""playful"", ""emotional_availability"": ""taking_time"", ""has_children"": false, ""lifestyle"": ""social"", ""partner_children"": ""any"", ""partner_smoking"": ""no_smoking"", ""relationship_goal"": ""long_term"", ""relationship_pace"": ""steady"", ""relationship_structure"": ""monogamous"", ""relocate"": ""no"", ""schedule"": [""weekday_evening"", ""weekend_evening""], ""smoking"": ""no"", ""space_for_relationship"": ""ample"", ""wants_children"": ""unsure"", ""who_to_meet"": [""man""]}","{""acceptable_zones"": ""observed"", ""age_max"": ""observed"", ""age_min"": ""observed"", ""conversations"": ""observed"", ""emotional_availability"": ""observed"", ""has_children"": ""observed"", ""lifestyle"": ""observed"", ""partner_children"": ""observed"", ""partner_smoking"": ""observed"", ""relationship_goal"": ""observed"", ""relationship_pace"": ""observed"", ""relationship_structure"": ""observed"", ""relocate"": ""observed"", ""schedule"": ""observed"", ""smoking"": ""observed"", ""space_for_relationship"": ""observed"", ""wants_children"": ""observed"", ""who_to_meet"": ""observed""}","{""acceptable_zones"": 0, ""age_max"": 0, ""age_min"": 0, ""conversations"": 0, ""emotional_availability"": 0, ""has_children"": 0, ""lifestyle"": 0, ""partner_children"": 0, ""partner_smoking"": 0, ""relationship_goal"": 0, ""relationship_pace"": 0, ""relationship_structure"": 0, ""relocate"": 0, ""schedule"": 0, ""smoking"": 0, ""space_for_relationship"": 0, ""wants_children"": 0, ""who_to_meet"": 0}"
syn_97adec53704abbc3bee9fccf44bb066a,public_04,44,man,zone_a,True,synthetic_questionnaire,True,0,"[""zone_a"", ""zone_b""]",52,36,,,False,,no_children,any,,,monogamous,,"[""weekday_evening"", ""weekend_day"", ""weekend_evening""]",no,limited,unsure,"[""non_binary""]",observed,observed,observed,not_asked,not_asked,observed,not_asked,observed,observed,not_asked,not_asked,observed,not_asked,observed,observed,observed,observed,observed,10,10,10,,,10,,10,10,,,10,,10,10,0,10,10,"{""acceptable_zones"": [""zone_a"", ""zone_b""], ""age_max"": 52, ""age_min"": 36, ""conversations"": null, ""emotional_availability"": null, ""has_children"": false, ""lifestyle"": null, ""partner_children"": ""no_children"", ""partner_smoking"": ""any"", ""relationship_goal"": null, ""relationship_pace"": null, ""relationship_structure"": ""monogamous"", ""relocate"": null, ""schedule"": [""weekday_evening"", ""weekend_day"", ""weekend_evening""], ""smoking"": ""no"", ""space_for_relationship"": ""limited"", ""wants_children"": ""unsure"", ""who_to_meet"": [""non_binary""]}","{""acceptable_zones"": ""observed"", ""age_max"": ""observed"", ""age_min"": ""observed"", ""conversations"": ""not_asked"", ""emotional_availability"": ""not_asked"", ""has_children"": ""observed"", ""lifestyle"": ""not_asked"", ""partner_children"": ""observed"", ""partner_smoking"": ""observed"", ""relationship_goal"": ""not_asked"", ""relationship_pace"": ""not_asked"", ""relationship_structure"": ""observed"", ""relocate"": ""not_asked"", ""schedule"": ""observed"", ""smoking"": ""observed"", ""space_for_relationship"": ""observed"", ""wants_children"": ""observed"", ""who_to_meet"": ""observed""}","{""acceptable_zones"": 10, ""age_max"": 10, ""age_min"": 10, ""conversations"": null, ""emotional_availability"": null, ""has_children"": 10, ""lifestyle"": null, ""partner_children"": 10, ""partner_smoking"": 10, ""relationship_goal"": null, ""relationship_pace"": null, ""relationship_structure"": 10, ""relocate"": null, ""schedule"": 10, ""smoking"": 10, ""space_for_relationship"": 0, ""wants_children"": 10, ""who_to_meet"": 10}"
syn_83c24aa3be88f8d315f33cccc9e9c2be,public_04,31,man,zone_b,True,synthetic_questionnaire,True,0,"[""zone_b""]",36,22,playful,ready,False,mixed,any,no_smoking,exploring,quick,monogamous,unsure,"[""weekend_evening"", ""weekday_evening""]",occasionally,moderate,yes,"[""man"", ""woman""]",observed,observed,observed,observed,observed,observed,observed,observed,observed,observed,observed,observed,observed,observed,observed,observed,observed,observed,0,0,0,0,0,0,0,0,0,0,0,0,0,0,0,0,0,0,"{""acceptable_zones"": [""zone_b""], ""age_max"": 36, ""age_min"": 22, ""conversations"": ""playful"", ""emotional_availability"": ""ready"", ""has_children"": false, ""lifestyle"": ""mixed"", ""partner_children"": ""any"", ""partner_smoking"": ""no_smoking"", ""relationship_goal"": ""exploring"", ""relationship_pace"": ""quick"", ""relationship_structure"": ""monogamous"", ""relocate"": ""unsure"", ""schedule"": [""weekend_evening"", ""weekday_evening""], ""smoking"": ""occasionally"", ""space_for_relationship"": ""moderate"", ""wants_children"": ""yes"", ""who_to_meet"": [""man"", ""woman""]}","{""acceptable_zones"": ""observed"", ""age_max"": ""observed"", ""age_min"": ""observed"", ""conversations"": ""observed"", ""emotional_availability"": ""observed"", ""has_children"": ""observed"", ""lifestyle"": ""observed"", ""partner_children"": ""observed"", ""partner_smoking"": ""observed"", ""relationship_goal"": ""observed"", ""relationship_pace"": ""observed"", ""relationship_structure"": ""observed"", ""relocate"": ""observed"", ""schedule"": ""observed"", ""smoking"": ""observed"", ""space_for_relationship"": ""observed"", ""wants_children"": ""observed"", ""who_to_meet"": ""observed""}","{""acceptable_zones"": 0, ""age_max"": 0, ""age_min"": 0, ""conversations"": 0, ""emotional_availability"": 0, ""has_children"": 0, ""lifestyle"": 0, ""partner_children"": 0, ""partner_smoking"": 0, ""relationship_goal"": 0, ""relationship_pace"": 0, ""relationship_structure"": 0, ""relocate"": 0, ""schedule"": 0, ""smoking"": 0, ""space_for_relationship"": 0, ""wants_children"": 0, ""who_to_meet"": 0}"
syn_a3c439ac1b7fa162936aba04989c8567,public_04,23,non_binary,zone_a,False,synthetic_questionnaire,True,0,"[""zone_a""]",31,20,,,True,,no_children,no_smoking,,,monogamous,,"[""weekend_evening"", ""weekend_day"", ""weekday_evening""]",no,,yes,"[""woman""]",observed,observed,observed,not_asked,not_asked,observed,declined,observed,observed,not_asked,not_asked,observed,not_asked,observed,observed,not_asked,observed,observed,10,10,10,,,10,,10,10,,,10,,10,10,,10,10,"{""acceptable_zones"": [""zone_a""], ""age_max"": 31, ""age_min"": 20, ""conversations"": null, ""emotional_availability"": null, ""has_children"": true, ""lifestyle"": null, ""partner_children"": ""no_children"", ""partner_smoking"": ""no_smoking"", ""relationship_goal"": null, ""relationship_pace"": null, ""relationship_structure"": ""monogamous"", ""relocate"": null, ""schedule"": [""weekend_evening"", ""weekend_day"", ""weekday_evening""], ""smoking"": ""no"", ""space_for_relationship"": null, ""wants_children"": ""yes"", ""who_to_meet"": [""woman""]}","{""acceptable_zones"": ""observed"", ""age_max"": ""observed"", ""age_min"": ""observed"", ""conversations"": ""not_asked"", ""emotional_availability"": ""not_asked"", ""has_children"": ""observed"", ""lifestyle"": ""declined"", ""partner_children"": ""observed"", ""partner_smoking"": ""observed"", ""relationship_goal"": ""not_asked"", ""relationship_pace"": ""not_asked"", ""relationship_structure"": ""observed"", ""relocate"": ""not_asked"", ""schedule"": ""observed"", ""smoking"": ""observed"", ""space_for_relationship"": ""not_asked"", ""wants_children"": ""observed"", ""who_to_meet"": ""observed""}","{""acceptable_zones"": 10, ""age_max"": 10, ""age_min"": 10, ""conversations"": null, ""emotional_availability"": null, ""has_children"": 10, ""lifestyle"": null, ""partner_children"": 10, ""partner_smoking"": 10, ""relationship_goal"": null, ""relationship_pace"": null, ""relationship_structure"": 10, ""relocate"": null, ""schedule"": 10, ""smoking"": 10, ""space_for_relationship"": null, ""wants_children"": 10, ""who_to_meet"": 10}"
syn_cbfb9a7fbba191381d66bbaf53c3058e,public_04,32,woman,zone_c,False,synthetic_questionnaire,True,0,"[""zone_c"", ""zone_d""]",40,26,,,False,,no_children,any,,,monogamous,,"[""weekend_day"", ""weekday_evening"", ""weekend_evening""]",occasionally,,no,"[""non_binary""]",observed,observed,observed,not_asked,not_asked,observed,declined,observed,observed,not_asked,not_asked,observed,not_asked,observed,observed,declined,observed,observed,10,10,10,,,10,,10,10,,,10,,10,10,,10,10,"{""acceptable_zones"": [""zone_c"", ""zone_d""], ""age_max"": 40, ""age_min"": 26, ""conversations"": null, ""emotional_availability"": null, ""has_children"": false, ""lifestyle"": null, ""partner_children"": ""no_children"", ""partner_smoking"": ""any"", ""relationship_goal"": null, ""relationship_pace"": null, ""relationship_structure"": ""monogamous"", ""relocate"": null, ""schedule"": [""weekend_day"", ""weekday_evening"", ""weekend_evening""], ""smoking"": ""occasionally"", ""space_for_relationship"": null, ""wants_children"": ""no"", ""who_to_meet"": [""non_binary""]}","{""acceptable_zones"": ""observed"", ""age_max"": ""observed"", ""age_min"": ""observed"", ""conversations"": ""not_asked"", ""emotional_availability"": ""not_asked"", ""has_children"": ""observed"", ""lifestyle"": ""declined"", ""partner_children"": ""observed"", ""partner_smoking"": ""observed"", ""relationship_goal"": ""not_asked"", ""relationship_pace"": ""not_asked"", ""relationship_structure"": ""observed"", ""relocate"": ""not_asked"", ""schedule"": ""observed"", ""smoking"": ""observed"", ""space_for_relationship"": ""declined"", ""wants_children"": ""observed"", ""who_to_meet"": ""observed""}","{""acceptable_zones"": 10, ""age_max"": 10, ""age_min"": 10, ""conversations"": null, ""emotional_availability"": null, ""has_children"": 10, ""lifestyle"": null, ""partner_children"": 10, ""partner_smoking"": 10, ""relationship_goal"": null, ""relationship_pace"": null, ""relationship_structure"": 10, ""relocate"": null, ""schedule"": 10, ""smoking"": 10, ""space_for_relationship"": null, ""wants_children"": 10, ""who_to_meet"": 10}"
syn_d1b5f8ee73715bd439ffdd81ad2039c1,public_04,36,man,zone_a,False,synthetic_questionnaire,True,0,"[""zone_a""]",40,31,stories,ready,False,mixed,no_children,no_smoking,long_term,slow,monogamous,no,"[""weekend_day"", ""weekend_evening"", ""weekday_evening""]",no,moderate,yes,"[""woman"", ""non_binary""]",observed,observed,observed,observed,observed,observed,observed,observed,observed,observed,observed,observed,observed,observed,observed,observed,observed,observed,0,0,0,0,0,0,0,0,0,0,0,0,0,0,0,0,0,0,"{""acceptable_zones"": [""zone_a""], ""age_max"": 40, ""age_min"": 31, ""conversations"": ""stories"", ""emotional_availability"": ""ready"", ""has_children"": false, ""lifestyle"": ""mixed"", ""partner_children"": ""no_children"", ""partner_smoking"": ""no_smoking"", ""relationship_goal"": ""long_term"", ""relationship_pace"": ""slow"", ""relationship_structure"": ""monogamous"", ""relocate"": ""no"", ""schedule"": [""weekend_day"", ""weekend_evening"", ""weekday_evening""], ""smoking"": ""no"", ""space_for_relationship"": ""moderate"", ""wants_children"": ""yes"", ""who_to_meet"": [""woman"", ""non_binary""]}","{""acceptable_zones"": ""observed"", ""age_max"": ""observed"", ""age_min"": ""observed"", ""conversations"": ""observed"", ""emotional_availability"": ""observed"", ""has_children"": ""observed"", ""lifestyle"": ""observed"", ""partner_children"": ""observed"", ""partner_smoking"": ""observed"", ""relationship_goal"": ""observed"", ""relationship_pace"": ""observed"", ""relationship_structure"": ""observed"", ""relocate"": ""observed"", ""schedule"": ""observed"", ""smoking"": ""observed"", ""space_for_relationship"": ""observed"", ""wants_children"": ""observed"", ""who_to_meet"": ""observed""}","{""acceptable_zones"": 0, ""age_max"": 0, ""age_min"": 0, ""conversations"": 0, ""emotional_availability"": 0, ""has_children"": 0, ""lifestyle"": 0, ""partner_children"": 0, ""partner_smoking"": 0, ""relationship_goal"": 0, ""relationship_pace"": 0, ""relationship_structure"": 0, ""relocate"": 0, ""schedule"": 0, ""smoking"": 0, ""space_for_relationship"": 0, ""wants_children"": 0, ""who_to_meet"": 0}"
syn_e103d8b9ee7f2d8d01e8fce99f84d092,public_04,22,man,zone_a,True,synthetic_questionnaire,True,0,"[""zone_a""]",32,18,,,False,,any,any,,,monogamous,,"[""weekend_evening"", ""weekend_day"", ""weekday_evening""]",no,,yes,"[""woman""]",observed,observed,observed,not_asked,not_asked,observed,not_asked,observed,observed,not_asked,not_asked,observed,not_asked,observed,observed,declined,observed,observed,10,10,10,,,10,,10,10,,,10,,10,10,,10,10,"{""acceptable_zones"": [""zone_a""], ""age_max"": 32, ""age_min"": 18, ""conversations"": null, ""emotional_availability"": null, ""has_children"": false, ""lifestyle"": null, ""partner_children"": ""any"", ""partner_smoking"": ""any"", ""relationship_goal"": null, ""relationship_pace"": null, ""relationship_structure"": ""monogamous"", ""relocate"": null, ""schedule"": [""weekend_evening"", ""weekend_day"", ""weekday_evening""], ""smoking"": ""no"", ""space_for_relationship"": null, ""wants_children"": ""yes"", ""who_to_meet"": [""woman""]}","{""acceptable_zones"": ""observed"", ""age_max"": ""observed"", ""age_min"": ""observed"", ""conversations"": ""not_asked"", ""emotional_availability"": ""not_asked"", ""has_children"": ""observed"", ""lifestyle"": ""not_asked"", ""partner_children"": ""observed"", ""partner_smoking"": ""observed"", ""relationship_goal"": ""not_asked"", ""relationship_pace"": ""not_asked"", ""relationship_structure"": ""observed"", ""relocate"": ""not_asked"", ""schedule"": ""observed"", ""smoking"": ""observed"", ""space_for_relationship"": ""declined"", ""wants_children"": ""observed"", ""who_to_meet"": ""observed""}","{""acceptable_zones"": 10, ""age_max"": 10, ""age_min"": 10, ""conversations"": null, ""emotional_availability"": null, ""has_children"": 10, ""lifestyle"": null, ""partner_children"": 10, ""partner_smoking"": 10, ""relationship_goal"": null, ""relationship_pace"": null, ""relationship_structure"": 10, ""relocate"": null, ""schedule"": 10, ""smoking"": 10, ""space_for_relationship"": null, ""wants_children"": 10, ""who_to_meet"": 10}"
syn_c83ea6d69287771a7423f5440eb8cb8c,public_04,32,non_binary,zone_a,True,synthetic_questionnaire,True,0,"[""zone_a""]",39,28,playful,ready,False,quiet,no_children,no_smoking,long_term,steady,monogamous,unsure,"[""weekday_evening"", ""weekend_day"", ""weekend_evening""]",no,ample,no,"[""non_binary"", ""woman"", ""man""]",observed,observed,observed,observed,observed,observed,observed,observed,observed,observed,observed,observed,observed,observed,observed,observed,observed,observed,0,0,0,0,0,0,0,0,0,0,0,0,0,0,0,0,0,0,"{""acceptable_zones"": [""zone_a""], ""age_max"": 39, ""age_min"": 28, ""conversations"": ""playful"", ""emotional_availability"": ""ready"", ""has_children"": false, ""lifestyle"": ""quiet"", ""partner_children"": ""no_children"", ""partner_smoking"": ""no_smoking"", ""relationship_goal"": ""long_term"", ""relationship_pace"": ""steady"", ""relationship_structure"": ""monogamous"", ""relocate"": ""unsure"", ""schedule"": [""weekday_evening"", ""weekend_day"", ""weekend_evening""], ""smoking"": ""no"", ""space_for_relationship"": ""ample"", ""wants_children"": ""no"", ""who_to_meet"": [""non_binary"", ""woman"", ""man""]}","{""acceptable_zones"": ""observed"", ""age_max"": ""observed"", ""age_min"": ""observed"", ""conversations"": ""observed"", ""emotional_availability"": ""observed"", ""has_children"": ""observed"", ""lifestyle"": ""observed"", ""partner_children"": ""observed"", ""partner_smoking"": ""observed"", ""relationship_goal"": ""observed"", ""relationship_pace"": ""observed"", ""relationship_structure"": ""observed"", ""relocate"": ""observed"", ""schedule"": ""observed"", ""smoking"": ""observed"", ""space_for_relationship"": ""observed"", ""wants_children"": ""observed"", ""who_to_meet"": ""observed""}","{""acceptable_zones"": 0, ""age_max"": 0, ""age_min"": 0, ""conversations"": 0, ""emotional_availability"": 0, ""has_children"": 0, ""lifestyle"": 0, ""partner_children"": 0, ""partner_smoking"": 0, ""relationship_goal"": 0, ""relationship_pace"": 0, ""relationship_structure"": 0, ""relocate"": 0, ""schedule"": 0, ""smoking"": 0, ""space_for_relationship"": 0, ""wants_children"": 0, ""who_to_meet"": 0}"
syn_2cc1b7faf23b94d37ea32fc268130f4d,public_04,45,woman,zone_a,True,synthetic_questionnaire,True,0,"[""zone_a""]",54,42,stories,ready,False,social,any,any,exploring,slow,monogamous,unsure,"[""weekend_day""]",occasionally,ample,yes,"[""man"", ""woman"", ""non_binary""]",observed,observed,observed,observed,observed,observed,observed,observed,observed,observed,observed,observed,observed,observed,observed,observed,observed,observed,0,0,0,0,0,0,0,0,0,0,0,0,0,0,0,0,0,0,"{""acceptable_zones"": [""zone_a""], ""age_max"": 54, ""age_min"": 42, ""conversations"": ""stories"", ""emotional_availability"": ""ready"", ""has_children"": false, ""lifestyle"": ""social"", ""partner_children"": ""any"", ""partner_smoking"": ""any"", ""relationship_goal"": ""exploring"", ""relationship_pace"": ""slow"", ""relationship_structure"": ""monogamous"", ""relocate"": ""unsure"", ""schedule"": [""weekend_day""], ""smoking"": ""occasionally"", ""space_for_relationship"": ""ample"", ""wants_children"": ""yes"", ""who_to_meet"": [""man"", ""woman"", ""non_binary""]}","{""acceptable_zones"": ""observed"", ""age_max"": ""observed"", ""age_min"": ""observed"", ""conversations"": ""observed"", ""emotional_availability"": ""observed"", ""has_children"": ""observed"", ""lifestyle"": ""observed"", ""partner_children"": ""observed"", ""partner_smoking"": ""observed"", ""relationship_goal"": ""observed"", ""relationship_pace"": ""observed"", ""relationship_structure"": ""observed"", ""relocate"": ""observed"", ""schedule"": ""observed"", ""smoking"": ""observed"", ""space_for_relationship"": ""observed"", ""wants_children"": ""observed"", ""who_to_meet"": ""observed""}","{""acceptable_zones"": 0, ""age_max"": 0, ""age_min"": 0, ""conversations"": 0, ""emotional_availability"": 0, ""has_children"": 0, ""lifestyle"": 0, ""partner_children"": 0, ""partner_smoking"": 0, ""relationship_goal"": 0, ""relationship_pace"": 0, ""relationship_structure"": 0, ""relocate"": 0, ""schedule"": 0, ""smoking"": 0, ""space_for_relationship"": 0, ""wants_children"": 0, ""who_to_meet"": 0}"
syn_b2913c64ef5e6f9c612eb0ecfe413472,public_04,26,woman,zone_a,True,synthetic_questionnaire,True,0,,,,,,,,,,,,,,,,,,"[""woman"", ""man""]",not_asked,declined,not_asked,not_asked,not_asked,not_asked,not_asked,not_asked,not_asked,not_asked,not_asked,not_asked,not_asked,not_asked,not_asked,not_asked,not_asked,observed,,,,,,,,,,,,,,,,,,0,"{""acceptable_zones"": null, ""age_max"": null, ""age_min"": null, ""conversations"": null, ""emotional_availability"": null, ""has_children"": null, ""lifestyle"": null, ""partner_children"": null, ""partner_smoking"": null, ""relationship_goal"": null, ""relationship_pace"": null, ""relationship_structure"": null, ""relocate"": null, ""schedule"": null, ""smoking"": null, ""space_for_relationship"": null, ""wants_children"": null, ""who_to_meet"": [""woman"", ""man""]}","{""acceptable_zones"": ""not_asked"", ""age_max"": ""declined"", ""age_min"": ""not_asked"", ""conversations"": ""not_asked"", ""emotional_availability"": ""not_asked"", ""has_children"": ""not_asked"", ""lifestyle"": ""not_asked"", ""partner_children"": ""not_asked"", ""partner_smoking"": ""not_asked"", ""relationship_goal"": ""not_asked"", ""relationship_pace"": ""not_asked"", ""relationship_structure"": ""not_asked"", ""relocate"": ""not_asked"", ""schedule"": ""not_asked"", ""smoking"": ""not_asked"", ""space_for_relationship"": ""not_asked"", ""wants_children"": ""not_asked"", ""who_to_meet"": ""observed""}","{""acceptable_zones"": null, ""age_max"": null, ""age_min"": null, ""conversations"": null, ""emotional_availability"": null, ""has_children"": null, ""lifestyle"": null, ""partner_children"": null, ""partner_smoking"": null, ""relationship_goal"": null, ""relationship_pace"": null, ""relationship_structure"": null, ""relocate"": null, ""schedule"": null, ""smoking"": null, ""space_for_relationship"": null, ""wants_children"": null, ""who_to_meet"": 0}"
syn_0d7df4f4bfbfc139b102f0fa6c28d929,public_04,21,woman,zone_a,True,synthetic_questionnaire,True,13,"[""zone_a""]",29,18,ideas,,False,,no_children,any,,,monogamous,,"[""weekend_day""]",no,,no,"[""woman""]",observed,observed,observed,observed,not_asked,observed,not_asked,observed,observed,not_asked,not_asked,observed,not_asked,observed,observed,not_asked,observed,observed,13,13,13,13,,13,,13,13,,,13,,13,13,,13,13,"{""acceptable_zones"": [""zone_a""], ""age_max"": 29, ""age_min"": 18, ""conversations"": ""ideas"", ""emotional_availability"": null, ""has_children"": false, ""lifestyle"": null, ""partner_children"": ""no_children"", ""partner_smoking"": ""any"", ""relationship_goal"": null, ""relationship_pace"": null, ""relationship_structure"": ""monogamous"", ""relocate"": null, ""schedule"": [""weekend_day""], ""smoking"": ""no"", ""space_for_relationship"": null, ""wants_children"": ""no"", ""who_to_meet"": [""woman""]}","{""acceptable_zones"": ""observed"", ""age_max"": ""observed"", ""age_min"": ""observed"", ""conversations"": ""observed"", ""emotional_availability"": ""not_asked"", ""has_children"": ""observed"", ""lifestyle"": ""not_asked"", ""partner_children"": ""observed"", ""partner_smoking"": ""observed"", ""relationship_goal"": ""not_asked"", ""relationship_pace"": ""not_asked"", ""relationship_structure"": ""observed"", ""relocate"": ""not_asked"", ""schedule"": ""observed"", ""smoking"": ""observed"", ""space_for_relationship"": ""not_asked"", ""wants_children"": ""observed"", ""who_to_meet"": ""observed""}","{""acceptable_zones"": 13, ""age_max"": 13, ""age_min"": 13, ""conversations"": 13, ""emotional_availability"": null, ""has_children"": 13, ""lifestyle"": null, ""partner_children"": 13, ""partner_smoking"": 13, ""relationship_goal"": null, ""relationship_pace"": null, ""relationship_structure"": 13, ""relocate"": null, ""schedule"": 13, ""smoking"": 13, ""space_for_relationship"": null, ""wants_children"": 13, ""who_to_meet"": 13}"
syn_5337b4be37d87f6b90a095be0767c9b1,public_04,33,woman,zone_a,True,synthetic_questionnaire,True,0,,,,,,,,,,,,,,,,,,,not_asked,not_asked,not_asked,not_asked,not_asked,not_asked,not_asked,not_asked,declined,not_asked,not_asked,not_asked,not_asked,not_asked,not_asked,not_asked,not_asked,not_asked,,,,,,,,,,,,,,,,,,,"{""acceptable_zones"": null, ""age_max"": null, ""age_min"": null, ""conversations"": null, ""emotional_availability"": null, ""has_children"": null, ""lifestyle"": null, ""partner_children"": null, ""partner_smoking"": null, ""relationship_goal"": null, ""relationship_pace"": null, ""relationship_structure"": null, ""relocate"": null, ""schedule"": null, ""smoking"": null, ""space_for_relationship"": null, ""wants_children"": null, ""who_to_meet"": null}","{""acceptable_zones"": ""not_asked"", ""age_max"": ""not_asked"", ""age_min"": ""not_asked"", ""conversations"": ""not_asked"", ""emotional_availability"": ""not_asked"", ""has_children"": ""not_asked"", ""lifestyle"": ""not_asked"", ""partner_children"": ""not_asked"", ""partner_smoking"": ""declined"", ""relationship_goal"": ""not_asked"", ""relationship_pace"": ""not_asked"", ""relationship_structure"": ""not_asked"", ""relocate"": ""not_asked"", ""schedule"": ""not_asked"", ""smoking"": ""not_asked"", ""space_for_relationship"": ""not_asked"", ""wants_children"": ""not_asked"", ""who_to_meet"": ""not_asked""}","{""acceptable_zones"": null, ""age_max"": null, ""age_min"": null, ""conversations"": null, ""emotional_availability"": null, ""has_children"": null, ""lifestyle"": null, ""partner_children"": null, ""partner_smoking"": null, ""relationship_goal"": null, ""relationship_pace"": null, ""relationship_structure"": null, ""relocate"": null, ""schedule"": null, ""smoking"": null, ""space_for_relationship"": null, ""wants_children"": null, ""who_to_meet"": null}"
syn_c054076fd0e642a79e5636ea48064a28,public_04,36,woman,zone_b,True,synthetic_questionnaire,True,9,,,,practical,,,,,,,,,,,,ample,unsure,,declined,not_asked,not_asked,observed,not_asked,not_asked,not_asked,not_asked,not_asked,not_asked,declined,not_asked,not_asked,not_asked,not_asked,observed,observed,not_asked,,,,9,,,,,,,,,,,,9,9,,"{""acceptable_zones"": null, ""age_max"": null, ""age_min"": null, ""conversations"": ""practical"", ""emotional_availability"": null, ""has_children"": null, ""lifestyle"": null, ""partner_children"": null, ""partner_smoking"": null, ""relationship_goal"": null, ""relationship_pace"": null, ""relationship_structure"": null, ""relocate"": null, ""schedule"": null, ""smoking"": null, ""space_for_relationship"": ""ample"", ""wants_children"": ""unsure"", ""who_to_meet"": null}","{""acceptable_zones"": ""declined"", ""age_max"": ""not_asked"", ""age_min"": ""not_asked"", ""conversations"": ""observed"", ""emotional_availability"": ""not_asked"", ""has_children"": ""not_asked"", ""lifestyle"": ""not_asked"", ""partner_children"": ""not_asked"", ""partner_smoking"": ""not_asked"", ""relationship_goal"": ""not_asked"", ""relationship_pace"": ""declined"", ""relationship_structure"": ""not_asked"", ""relocate"": ""not_asked"", ""schedule"": ""not_asked"", ""smoking"": ""not_asked"", ""space_for_relationship"": ""observed"", ""wants_children"": ""observed"", ""who_to_meet"": ""not_asked""}","{""acceptable_zones"": null, ""age_max"": null, ""age_min"": null, ""conversations"": 9, ""emotional_availability"": null, ""has_children"": null, ""lifestyle"": null, ""partner_children"": null, ""partner_smoking"": null, ""relationship_goal"": null, ""relationship_pace"": null, ""relationship_structure"": null, ""relocate"": null, ""schedule"": null, ""smoking"": null, ""space_for_relationship"": 9, ""wants_children"": 9, ""who_to_meet"": null}"
syn_685afb58756b09bce56c0f7d31be8487,public_04,30,man,zone_c,True,synthetic_questionnaire,True,0,"[""zone_c""]",39,20,practical,ready,True,quiet,any,any,long_term,quick,monogamous,yes,"[""weekday_evening"", ""weekend_evening"", ""weekend_day""]",no,limited,no,"[""non_binary"", ""man""]",observed,observed,observed,observed,observed,observed,observed,observed,observed,observed,observed,observed,observed,observed,observed,observed,observed,observed,0,0,0,0,0,0,0,0,0,0,0,0,0,0,0,0,0,0,"{""acceptable_zones"": [""zone_c""], ""age_max"": 39, ""age_min"": 20, ""conversations"": ""practical"", ""emotional_availability"": ""ready"", ""has_children"": true, ""lifestyle"": ""quiet"", ""partner_children"": ""any"", ""partner_smoking"": ""any"", ""relationship_goal"": ""long_term"", ""relationship_pace"": ""quick"", ""relationship_structure"": ""monogamous"", ""relocate"": ""yes"", ""schedule"": [""weekday_evening"", ""weekend_evening"", ""weekend_day""], ""smoking"": ""no"", ""space_for_relationship"": ""limited"", ""wants_children"": ""no"", ""who_to_meet"": [""non_binary"", ""man""]}","{""acceptable_zones"": ""observed"", ""age_max"": ""observed"", ""age_min"": ""observed"", ""conversations"": ""observed"", ""emotional_availability"": ""observed"", ""has_children"": ""observed"", ""lifestyle"": ""observed"", ""partner_children"": ""observed"", ""partner_smoking"": ""observed"", ""relationship_goal"": ""observed"", ""relationship_pace"": ""observed"", ""relationship_structure"": ""observed"", ""relocate"": ""observed"", ""schedule"": ""observed"", ""smoking"": ""observed"", ""space_for_relationship"": ""observed"", ""wants_children"": ""observed"", ""who_to_meet"": ""observed""}","{""acceptable_zones"": 0, ""age_max"": 0, ""age_min"": 0, ""conversations"": 0, ""emotional_availability"": 0, ""has_children"": 0, ""lifestyle"": 0, ""partner_children"": 0, ""partner_smoking"": 0, ""relationship_goal"": 0, ""relationship_pace"": 0, ""relationship_structure"": 0, ""relocate"": 0, ""schedule"": 0, ""smoking"": 0, ""space_for_relationship"": 0, ""wants_children"": 0, ""who_to_meet"": 0}"
syn_bb61c323976a280aaba80f4eaf891669,public_04,28,man,zone_a,True,synthetic_questionnaire,True,0,"[""zone_a""]",38,18,,,False,,any,any,,,non_monogamous,,"[""weekend_day""]",yes,,yes,"[""non_binary"", ""woman"", ""man""]",observed,observed,observed,not_asked,not_asked,observed,declined,observed,observed,not_asked,not_asked,observed,declined,observed,observed,not_asked,observed,observed,11,11,11,,,11,,11,11,,,11,,11,11,,11,11,"{""acceptable_zones"": [""zone_a""], ""age_max"": 38, ""age_min"": 18, ""conversations"": null, ""emotional_availability"": null, ""has_children"": false, ""lifestyle"": null, ""partner_children"": ""any"", ""partner_smoking"": ""any"", ""relationship_goal"": null, ""relationship_pace"": null, ""relationship_structure"": ""non_monogamous"", ""relocate"": null, ""schedule"": [""weekend_day""], ""smoking"": ""yes"", ""space_for_relationship"": null, ""wants_children"": ""yes"", ""who_to_meet"": [""non_binary"", ""woman"", ""man""]}","{""acceptable_zones"": ""observed"", ""age_max"": ""observed"", ""age_min"": ""observed"", ""conversations"": ""not_asked"", ""emotional_availability"": ""not_asked"", ""has_children"": ""observed"", ""lifestyle"": ""declined"", ""partner_children"": ""observed"", ""partner_smoking"": ""observed"", ""relationship_goal"": ""not_asked"", ""relationship_pace"": ""not_asked"", ""relationship_structure"": ""observed"", ""relocate"": ""declined"", ""schedule"": ""observed"", ""smoking"": ""observed"", ""space_for_relationship"": ""not_asked"", ""wants_children"": ""observed"", ""who_to_meet"": ""observed""}","{""acceptable_zones"": 11, ""age_max"": 11, ""age_min"": 11, ""conversations"": null, ""emotional_availability"": null, ""has_children"": 11, ""lifestyle"": null, ""partner_children"": 11, ""partner_smoking"": 11, ""relationship_goal"": null, ""relationship_pace"": null, ""relationship_structure"": 11, ""relocate"": null, ""schedule"": 11, ""smoking"": 11, ""space_for_relationship"": null, ""wants_children"": 11, ""who_to_meet"": 11}"
syn_89ffea423f1a280a457958942f6b8ab8,public_04,43,woman,zone_a,True,synthetic_questionnaire,True,0,"[""zone_a""]",52,34,stories,ready,False,mixed,any,any,exploring,steady,monogamous,yes,"[""weekend_evening"", ""weekday_evening""]",no,moderate,no,"[""non_binary""]",observed,observed,observed,observed,observed,observed,observed,observed,observed,observed,observed,observed,observed,observed,observed,observed,observed,observed,0,0,0,0,0,0,0,0,0,0,0,0,0,0,0,0,0,0,"{""acceptable_zones"": [""zone_a""], ""age_max"": 52, ""age_min"": 34, ""conversations"": ""stories"", ""emotional_availability"": ""ready"", ""has_children"": false, ""lifestyle"": ""mixed"", ""partner_children"": ""any"", ""partner_smoking"": ""any"", ""relationship_goal"": ""exploring"", ""relationship_pace"": ""steady"", ""relationship_structure"": ""monogamous"", ""relocate"": ""yes"", ""schedule"": [""weekend_evening"", ""weekday_evening""], ""smoking"": ""no"", ""space_for_relationship"": ""moderate"", ""wants_children"": ""no"", ""who_to_meet"": [""non_binary""]}","{""acceptable_zones"": ""observed"", ""age_max"": ""observed"", ""age_min"": ""observed"", ""conversations"": ""observed"", ""emotional_availability"": ""observed"", ""has_children"": ""observed"", ""lifestyle"": ""observed"", ""partner_children"": ""observed"", ""partner_smoking"": ""observed"", ""relationship_goal"": ""observed"", ""relationship_pace"": ""observed"", ""relationship_structure"": ""observed"", ""relocate"": ""observed"", ""schedule"": ""observed"", ""smoking"": ""observed"", ""space_for_relationship"": ""observed"", ""wants_children"": ""observed"", ""who_to_meet"": ""observed""}","{""acceptable_zones"": 0, ""age_max"": 0, ""age_min"": 0, ""conversations"": 0, ""emotional_availability"": 0, ""has_children"": 0, ""lifestyle"": 0, ""partner_children"": 0, ""partner_smoking"": 0, ""relationship_goal"": 0, ""relationship_pace"": 0, ""relationship_structure"": 0, ""relocate"": 0, ""schedule"": 0, ""smoking"": 0, ""space_for_relationship"": 0, ""wants_children"": 0, ""who_to_meet"": 0}"
syn_0d4aeb780385fa80ff0427c0fdd07221,public_04,27,woman,zone_a,False,synthetic_questionnaire,True,19,"[""zone_a""]",33,22,playful,taking_time,False,mixed,any,no_smoking,long_term,steady,monogamous,no,"[""weekday_evening"", ""weekend_evening"", ""weekend_day""]",yes,limited,no,"[""man"", ""woman""]",observed,observed,observed,observed,observed,observed,observed,observed,observed,observed,observed,observed,observed,observed,observed,observed,observed,observed,19,19,19,19,19,19,19,19,19,19,19,19,19,19,19,19,19,19,"{""acceptable_zones"": [""zone_a""], ""age_max"": 33, ""age_min"": 22, ""conversations"": ""playful"", ""emotional_availability"": ""taking_time"", ""has_children"": false, ""lifestyle"": ""mixed"", ""partner_children"": ""any"", ""partner_smoking"": ""no_smoking"", ""relationship_goal"": ""long_term"", ""relationship_pace"": ""steady"", ""relationship_structure"": ""monogamous"", ""relocate"": ""no"", ""schedule"": [""weekday_evening"", ""weekend_evening"", ""weekend_day""], ""smoking"": ""yes"", ""space_for_relationship"": ""limited"", ""wants_children"": ""no"", ""who_to_meet"": [""man"", ""woman""]}","{""acceptable_zones"": ""observed"", ""age_max"": ""observed"", ""age_min"": ""observed"", ""conversations"": ""observed"", ""emotional_availability"": ""observed"", ""has_children"": ""observed"", ""lifestyle"": ""observed"", ""partner_children"": ""observed"", ""partner_smoking"": ""observed"", ""relationship_goal"": ""observed"", ""relationship_pace"": ""observed"", ""relationship_structure"": ""observed"", ""relocate"": ""observed"", ""schedule"": ""observed"", ""smoking"": ""observed"", ""space_for_relationship"": ""observed"", ""wants_children"": ""observed"", ""who_to_meet"": ""observed""}","{""acceptable_zones"": 19, ""age_max"": 19, ""age_min"": 19, ""conversations"": 19, ""emotional_availability"": 19, ""has_children"": 19, ""lifestyle"": 19, ""partner_children"": 19, ""partner_smoking"": 19, ""relationship_goal"": 19, ""relationship_pace"": 19, ""relationship_structure"": 19, ""relocate"": 19, ""schedule"": 19, ""smoking"": 19, ""space_for_relationship"": 19, ""wants_children"": 19, ""who_to_meet"": 19}"
syn_93ebc6a3ce39841928fd95d495c97af1,public_04,46,man,zone_b,True,synthetic_questionnaire,True,12,,,,practical,,,,,,,,,,,,,unsure,,not_asked,not_asked,not_asked,observed,not_asked,not_asked,declined,not_asked,not_asked,not_asked,not_asked,not_asked,not_asked,declined,not_asked,not_asked,observed,not_asked,,,,12,,,,,,,,,,,,,12,,"{""acceptable_zones"": null, ""age_max"": null, ""age_min"": null, ""conversations"": ""practical"", ""emotional_availability"": null, ""has_children"": null, ""lifestyle"": null, ""partner_children"": null, ""partner_smoking"": null, ""relationship_goal"": null, ""relationship_pace"": null, ""relationship_structure"": null, ""relocate"": null, ""schedule"": null, ""smoking"": null, ""space_for_relationship"": null, ""wants_children"": ""unsure"", ""who_to_meet"": null}","{""acceptable_zones"": ""not_asked"", ""age_max"": ""not_asked"", ""age_min"": ""not_asked"", ""conversations"": ""observed"", ""emotional_availability"": ""not_asked"", ""has_children"": ""not_asked"", ""lifestyle"": ""declined"", ""partner_children"": ""not_asked"", ""partner_smoking"": ""not_asked"", ""relationship_goal"": ""not_asked"", ""relationship_pace"": ""not_asked"", ""relationship_structure"": ""not_asked"", ""relocate"": ""not_asked"", ""schedule"": ""declined"", ""smoking"": ""not_asked"", ""space_for_relationship"": ""not_asked"", ""wants_children"": ""observed"", ""who_to_meet"": ""not_asked""}","{""acceptable_zones"": null, ""age_max"": null, ""age_min"": null, ""conversations"": 12, ""emotional_availability"": null, ""has_children"": null, ""lifestyle"": null, ""partner_children"": null, ""partner_smoking"": null, ""relationship_goal"": null, ""relationship_pace"": null, ""relationship_structure"": null, ""relocate"": null, ""schedule"": null, ""smoking"": null, ""space_for_relationship"": null, ""wants_children"": 12, ""who_to_meet"": null}"
syn_616e50469eede5ea1cc678d6bdf65c7b,public_04,28,man,zone_b,True,synthetic_questionnaire,True,0,"[""zone_b""]",37,24,playful,taking_time,False,quiet,no_children,any,exploring,quick,monogamous,yes,"[""weekend_day""]",no,ample,unsure,"[""non_binary""]",observed,observed,observed,observed,observed,observed,observed,observed,observed,observed,observed,observed,observed,observed,observed,observed,observed,observed,0,0,0,0,0,0,0,0,0,0,0,0,0,0,0,0,0,0,"{""acceptable_zones"": [""zone_b""], ""age_max"": 37, ""age_min"": 24, ""conversations"": ""playful"", ""emotional_availability"": ""taking_time"", ""has_children"": false, ""lifestyle"": ""quiet"", ""partner_children"": ""no_children"", ""partner_smoking"": ""any"", ""relationship_goal"": ""exploring"", ""relationship_pace"": ""quick"", ""relationship_structure"": ""monogamous"", ""relocate"": ""yes"", ""schedule"": [""weekend_day""], ""smoking"": ""no"", ""space_for_relationship"": ""ample"", ""wants_children"": ""unsure"", ""who_to_meet"": [""non_binary""]}","{""acceptable_zones"": ""observed"", ""age_max"": ""observed"", ""age_min"": ""observed"", ""conversations"": ""observed"", ""emotional_availability"": ""observed"", ""has_children"": ""observed"", ""lifestyle"": ""observed"", ""partner_children"": ""observed"", ""partner_smoking"": ""observed"", ""relationship_goal"": ""observed"", ""relationship_pace"": ""observed"", ""relationship_structure"": ""observed"", ""relocate"": ""observed"", ""schedule"": ""observed"", ""smoking"": ""observed"", ""space_for_relationship"": ""observed"", ""wants_children"": ""observed"", ""who_to_meet"": ""observed""}","{""acceptable_zones"": 0, ""age_max"": 0, ""age_min"": 0, ""conversations"": 0, ""emotional_availability"": 0, ""has_children"": 0, ""lifestyle"": 0, ""partner_children"": 0, ""partner_smoking"": 0, ""relationship_goal"": 0, ""relationship_pace"": 0, ""relationship_structure"": 0, ""relocate"": 0, ""schedule"": 0, ""smoking"": 0, ""space_for_relationship"": 0, ""wants_children"": 0, ""who_to_meet"": 0}"
syn_44153594c3e5edaae3ee82aba91ec415,public_04,24,man,zone_d,True,synthetic_questionnaire,True,13,"[""zone_d""]",31,20,playful,,True,,any,no_smoking,,,monogamous,,"[""weekday_evening""]",occasionally,,yes,"[""woman""]",observed,observed,observed,observed,not_asked,observed,not_asked,observed,observed,not_asked,not_asked,observed,not_asked,observed,observed,not_asked,observed,observed,13,13,13,13,,13,,13,13,,,13,,13,13,,13,13,"{""acceptable_zones"": [""zone_d""], ""age_max"": 31, ""age_min"": 20, ""conversations"": ""playful"", ""emotional_availability"": null, ""has_children"": true, ""lifestyle"": null, ""partner_children"": ""any"", ""partner_smoking"": ""no_smoking"", ""relationship_goal"": null, ""relationship_pace"": null, ""relationship_structure"": ""monogamous"", ""relocate"": null, ""schedule"": [""weekday_evening""], ""smoking"": ""occasionally"", ""space_for_relationship"": null, ""wants_children"": ""yes"", ""who_to_meet"": [""woman""]}","{""acceptable_zones"": ""observed"", ""age_max"": ""observed"", ""age_min"": ""observed"", ""conversations"": ""observed"", ""emotional_availability"": ""not_asked"", ""has_children"": ""observed"", ""lifestyle"": ""not_asked"", ""partner_children"": ""observed"", ""partner_smoking"": ""observed"", ""relationship_goal"": ""not_asked"", ""relationship_pace"": ""not_asked"", ""relationship_structure"": ""observed"", ""relocate"": ""not_asked"", ""schedule"": ""observed"", ""smoking"": ""observed"", ""space_for_relationship"": ""not_asked"", ""wants_children"": ""observed"", ""who_to_meet"": ""observed""}","{""acceptable_zones"": 13, ""age_max"": 13, ""age_min"": 13, ""conversations"": 13, ""emotional_availability"": null, ""has_children"": 13, ""lifestyle"": null, ""partner_children"": 13, ""partner_smoking"": 13, ""relationship_goal"": null, ""relationship_pace"": null, ""relationship_structure"": 13, ""relocate"": null, ""schedule"": 13, ""smoking"": 13, ""space_for_relationship"": null, ""wants_children"": 13, ""who_to_meet"": 13}"
syn_fab5110f258678e07797683dfcc312e4,public_04,23,man,zone_a,True,synthetic_questionnaire,True,0,"[""zone_a""]",,,,,,,,any,,,,,,no,,,,observed,not_asked,declined,declined,declined,not_asked,not_asked,declined,observed,not_asked,declined,declined,not_asked,not_asked,observed,not_asked,not_asked,not_asked,0,,,,,,,,0,,,,,,0,,,,"{""acceptable_zones"": [""zone_a""], ""age_max"": null, ""age_min"": null, ""conversations"": null, ""emotional_availability"": null, ""has_children"": null, ""lifestyle"": null, ""partner_children"": null, ""partner_smoking"": ""any"", ""relationship_goal"": null, ""relationship_pace"": null, ""relationship_structure"": null, ""relocate"": null, ""schedule"": null, ""smoking"": ""no"", ""space_for_relationship"": null, ""wants_children"": null, ""who_to_meet"": null}","{""acceptable_zones"": ""observed"", ""age_max"": ""not_asked"", ""age_min"": ""declined"", ""conversations"": ""declined"", ""emotional_availability"": ""declined"", ""has_children"": ""not_asked"", ""lifestyle"": ""not_asked"", ""partner_children"": ""declined"", ""partner_smoking"": ""observed"", ""relationship_goal"": ""not_asked"", ""relationship_pace"": ""declined"", ""relationship_structure"": ""declined"", ""relocate"": ""not_asked"", ""schedule"": ""not_asked"", ""smoking"": ""observed"", ""space_for_relationship"": ""not_asked"", ""wants_children"": ""not_asked"", ""who_to_meet"": ""not_asked""}","{""acceptable_zones"": 0, ""age_max"": null, ""age_min"": null, ""conversations"": null, ""emotional_availability"": null, ""has_children"": null, ""lifestyle"": null, ""partner_children"": null, ""partner_smoking"": 0, ""relationship_goal"": null, ""relationship_pace"": null, ""relationship_structure"": null, ""relocate"": null, ""schedule"": null, ""smoking"": 0, ""space_for_relationship"": null, ""wants_children"": null, ""who_to_meet"": null}"
syn_b1901fd7aed6f46dc3204992d04dffec,public_04,27,woman,zone_c,True,synthetic_questionnaire,True,14,,,,,ready,,quiet,,,,,,,,,,,,not_asked,not_asked,not_asked,not_asked,observed,not_asked,observed,not_asked,declined,declined,not_asked,not_asked,not_asked,not_asked,not_asked,not_asked,not_asked,not_asked,,,,,14,,14,,,,,,,,,,,,"{""acceptable_zones"": null, ""age_max"": null, ""age_min"": null, ""conversations"": null, ""emotional_availability"": ""ready"", ""has_children"": null, ""lifestyle"": ""quiet"", ""partner_children"": null, ""partner_smoking"": null, ""relationship_goal"": null, ""relationship_pace"": null, ""relationship_structure"": null, ""relocate"": null, ""schedule"": null, ""smoking"": null, ""space_for_relationship"": null, ""wants_children"": null, ""who_to_meet"": null}","{""acceptable_zones"": ""not_asked"", ""age_max"": ""not_asked"", ""age_min"": ""not_asked"", ""conversations"": ""not_asked"", ""emotional_availability"": ""observed"", ""has_children"": ""not_asked"", ""lifestyle"": ""observed"", ""partner_children"": ""not_asked"", ""partner_smoking"": ""declined"", ""relationship_goal"": ""declined"", ""relationship_pace"": ""not_asked"", ""relationship_structure"": ""not_asked"", ""relocate"": ""not_asked"", ""schedule"": ""not_asked"", ""smoking"": ""not_asked"", ""space_for_relationship"": ""not_asked"", ""wants_children"": ""not_asked"", ""who_to_meet"": ""not_asked""}","{""acceptable_zones"": null, ""age_max"": null, ""age_min"": null, ""conversations"": null, ""emotional_availability"": 14, ""has_children"": null, ""lifestyle"": 14, ""partner_children"": null, ""partner_smoking"": null, ""relationship_goal"": null, ""relationship_pace"": null, ""relationship_structure"": null, ""relocate"": null, ""schedule"": null, ""smoking"": null, ""space_for_relationship"": null, ""wants_children"": null, ""who_to_meet"": null}"
syn_1637c6cfebb154bec0e6727b05d82336,public_04,34,non_binary,zone_c,True,synthetic_questionnaire,True,0,"[""zone_c""]",39,30,,,False,,no_children,any,,,non_monogamous,,"[""weekday_evening"", ""weekend_day""]",no,,unsure,"[""non_binary""]",observed,observed,observed,not_asked,not_asked,observed,not_asked,observed,observed,not_asked,not_asked,observed,declined,observed,observed,not_asked,observed,observed,11,11,11,,,11,,11,11,,,11,,11,11,,11,11,"{""acceptable_zones"": [""zone_c""], ""age_max"": 39, ""age_min"": 30, ""conversations"": null, ""emotional_availability"": null, ""has_children"": false, ""lifestyle"": null, ""partner_children"": ""no_children"", ""partner_smoking"": ""any"", ""relationship_goal"": null, ""relationship_pace"": null, ""relationship_structure"": ""non_monogamous"", ""relocate"": null, ""schedule"": [""weekday_evening"", ""weekend_day""], ""smoking"": ""no"", ""space_for_relationship"": null, ""wants_children"": ""unsure"", ""who_to_meet"": [""non_binary""]}","{""acceptable_zones"": ""observed"", ""age_max"": ""observed"", ""age_min"": ""observed"", ""conversations"": ""not_asked"", ""emotional_availability"": ""not_asked"", ""has_children"": ""observed"", ""lifestyle"": ""not_asked"", ""partner_children"": ""observed"", ""partner_smoking"": ""observed"", ""relationship_goal"": ""not_asked"", ""relationship_pace"": ""not_asked"", ""relationship_structure"": ""observed"", ""relocate"": ""declined"", ""schedule"": ""observed"", ""smoking"": ""observed"", ""space_for_relationship"": ""not_asked"", ""wants_children"": ""observed"", ""who_to_meet"": ""observed""}","{""acceptable_zones"": 11, ""age_max"": 11, ""age_min"": 11, ""conversations"": null, ""emotional_availability"": null, ""has_children"": 11, ""lifestyle"": null, ""partner_children"": 11, ""partner_smoking"": 11, ""relationship_goal"": null, ""relationship_pace"": null, ""relationship_structure"": 11, ""relocate"": null, ""schedule"": 11, ""smoking"": 11, ""space_for_relationship"": null, ""wants_children"": 11, ""who_to_meet"": 11}"
syn_79cb97c49c874e7731827a071b52c213,public_04,42,man,zone_b,True,synthetic_questionnaire,True,0,"[""zone_b"", ""zone_a""]",51,36,stories,ready,False,mixed,any,any,exploring,steady,monogamous,yes,"[""weekend_day"", ""weekend_evening"", ""weekday_evening""]",no,moderate,yes,"[""non_binary""]",observed,observed,observed,observed,observed,observed,observed,observed,observed,observed,observed,observed,observed,observed,observed,observed,observed,observed,0,0,0,0,0,0,0,0,0,0,0,0,0,0,0,0,0,0,"{""acceptable_zones"": [""zone_b"", ""zone_a""], ""age_max"": 51, ""age_min"": 36, ""conversations"": ""stories"", ""emotional_availability"": ""ready"", ""has_children"": false, ""lifestyle"": ""mixed"", ""partner_children"": ""any"", ""partner_smoking"": ""any"", ""relationship_goal"": ""exploring"", ""relationship_pace"": ""steady"", ""relationship_structure"": ""monogamous"", ""relocate"": ""yes"", ""schedule"": [""weekend_day"", ""weekend_evening"", ""weekday_evening""], ""smoking"": ""no"", ""space_for_relationship"": ""moderate"", ""wants_children"": ""yes"", ""who_to_meet"": [""non_binary""]}","{""acceptable_zones"": ""observed"", ""age_max"": ""observed"", ""age_min"": ""observed"", ""conversations"": ""observed"", ""emotional_availability"": ""observed"", ""has_children"": ""observed"", ""lifestyle"": ""observed"", ""partner_children"": ""observed"", ""partner_smoking"": ""observed"", ""relationship_goal"": ""observed"", ""relationship_pace"": ""observed"", ""relationship_structure"": ""observed"", ""relocate"": ""observed"", ""schedule"": ""observed"", ""smoking"": ""observed"", ""space_for_relationship"": ""observed"", ""wants_children"": ""observed"", ""who_to_meet"": ""observed""}","{""acceptable_zones"": 0, ""age_max"": 0, ""age_min"": 0, ""conversations"": 0, ""emotional_availability"": 0, ""has_children"": 0, ""lifestyle"": 0, ""partner_children"": 0, ""partner_smoking"": 0, ""relationship_goal"": 0, ""relationship_pace"": 0, ""relationship_structure"": 0, ""relocate"": 0, ""schedule"": 0, ""smoking"": 0, ""space_for_relationship"": 0, ""wants_children"": 0, ""who_to_meet"": 0}"
syn_42c940a0e5af7e8361619515ace91984,public_04,38,man,zone_b,True,synthetic_questionnaire,True,0,"[""zone_b""]",44,35,stories,taking_time,False,social,no_children,no_smoking,exploring,slow,monogamous,yes,"[""weekend_day"", ""weekday_evening"", ""weekend_evening""]",yes,ample,no,"[""non_binary""]",observed,observed,observed,observed,observed,observed,observed,observed,observed,observed,observed,observed,observed,observed,observed,observed,observed,observed,0,0,0,0,0,0,0,0,0,0,0,0,0,0,0,0,0,0,"{""acceptable_zones"": [""zone_b""], ""age_max"": 44, ""age_min"": 35, ""conversations"": ""stories"", ""emotional_availability"": ""taking_time"", ""has_children"": false, ""lifestyle"": ""social"", ""partner_children"": ""no_children"", ""partner_smoking"": ""no_smoking"", ""relationship_goal"": ""exploring"", ""relationship_pace"": ""slow"", ""relationship_structure"": ""monogamous"", ""relocate"": ""yes"", ""schedule"": [""weekend_day"", ""weekday_evening"", ""weekend_evening""], ""smoking"": ""yes"", ""space_for_relationship"": ""ample"", ""wants_children"": ""no"", ""who_to_meet"": [""non_binary""]}","{""acceptable_zones"": ""observed"", ""age_max"": ""observed"", ""age_min"": ""observed"", ""conversations"": ""observed"", ""emotional_availability"": ""observed"", ""has_children"": ""observed"", ""lifestyle"": ""observed"", ""partner_children"": ""observed"", ""partner_smoking"": ""observed"", ""relationship_goal"": ""observed"", ""relationship_pace"": ""observed"", ""relationship_structure"": ""observed"", ""relocate"": ""observed"", ""schedule"": ""observed"", ""smoking"": ""observed"", ""space_for_relationship"": ""observed"", ""wants_children"": ""observed"", ""who_to_meet"": ""observed""}","{""acceptable_zones"": 0, ""age_max"": 0, ""age_min"": 0, ""conversations"": 0, ""emotional_availability"": 0, ""has_children"": 0, ""lifestyle"": 0, ""partner_children"": 0, ""partner_smoking"": 0, ""relationship_goal"": 0, ""relationship_pace"": 0, ""relationship_structure"": 0, ""relocate"": 0, ""schedule"": 0, ""smoking"": 0, ""space_for_relationship"": 0, ""wants_children"": 0, ""who_to_meet"": 0}"
syn_4f14c897aa979fb06e0af2950b90a9ac,public_04,35,man,zone_a,False,synthetic_questionnaire,True,0,"[""zone_a""]",45,25,ideas,ready,False,mixed,any,no_smoking,long_term,steady,monogamous,yes,"[""weekday_evening""]",no,ample,yes,"[""man""]",observed,observed,observed,observed,observed,observed,observed,observed,observed,observed,observed,observed,observed,observed,observed,observed,observed,observed,0,0,0,0,0,0,0,0,0,0,0,0,0,0,0,0,0,0,"{""acceptable_zones"": [""zone_a""], ""age_max"": 45, ""age_min"": 25, ""conversations"": ""ideas"", ""emotional_availability"": ""ready"", ""has_children"": false, ""lifestyle"": ""mixed"", ""partner_children"": ""any"", ""partner_smoking"": ""no_smoking"", ""relationship_goal"": ""long_term"", ""relationship_pace"": ""steady"", ""relationship_structure"": ""monogamous"", ""relocate"": ""yes"", ""schedule"": [""weekday_evening""], ""smoking"": ""no"", ""space_for_relationship"": ""ample"", ""wants_children"": ""yes"", ""who_to_meet"": [""man""]}","{""acceptable_zones"": ""observed"", ""age_max"": ""observed"", ""age_min"": ""observed"", ""conversations"": ""observed"", ""emotional_availability"": ""observed"", ""has_children"": ""observed"", ""lifestyle"": ""observed"", ""partner_children"": ""observed"", ""partner_smoking"": ""observed"", ""relationship_goal"": ""observed"", ""relationship_pace"": ""observed"", ""relationship_structure"": ""observed"", ""relocate"": ""observed"", ""schedule"": ""observed"", ""smoking"": ""observed"", ""space_for_relationship"": ""observed"", ""wants_children"": ""observed"", ""who_to_meet"": ""observed""}","{""acceptable_zones"": 0, ""age_max"": 0, ""age_min"": 0, ""conversations"": 0, ""emotional_availability"": 0, ""has_children"": 0, ""lifestyle"": 0, ""partner_children"": 0, ""partner_smoking"": 0, ""relationship_goal"": 0, ""relationship_pace"": 0, ""relationship_structure"": 0, ""relocate"": 0, ""schedule"": 0, ""smoking"": 0, ""space_for_relationship"": 0, ""wants_children"": 0, ""who_to_meet"": 0}"
syn_06c9253191558a16df1cb52e69b5b45b,public_04,37,man,zone_a,True,synthetic_questionnaire,True,0,,,,,,True,,,,,,,,,no,,,,not_asked,not_asked,not_asked,not_asked,not_asked,observed,not_asked,declined,not_asked,not_asked,not_asked,not_asked,not_asked,not_asked,observed,not_asked,not_asked,not_asked,,,,,,0,,,,,,,,,0,,,,"{""acceptable_zones"": null, ""age_max"": null, ""age_min"": null, ""conversations"": null, ""emotional_availability"": null, ""has_children"": true, ""lifestyle"": null, ""partner_children"": null, ""partner_smoking"": null, ""relationship_goal"": null, ""relationship_pace"": null, ""relationship_structure"": null, ""relocate"": null, ""schedule"": null, ""smoking"": ""no"", ""space_for_relationship"": null, ""wants_children"": null, ""who_to_meet"": null}","{""acceptable_zones"": ""not_asked"", ""age_max"": ""not_asked"", ""age_min"": ""not_asked"", ""conversations"": ""not_asked"", ""emotional_availability"": ""not_asked"", ""has_children"": ""observed"", ""lifestyle"": ""not_asked"", ""partner_children"": ""declined"", ""partner_smoking"": ""not_asked"", ""relationship_goal"": ""not_asked"", ""relationship_pace"": ""not_asked"", ""relationship_structure"": ""not_asked"", ""relocate"": ""not_asked"", ""schedule"": ""not_asked"", ""smoking"": ""observed"", ""space_for_relationship"": ""not_asked"", ""wants_children"": ""not_asked"", ""who_to_meet"": ""not_asked""}","{""acceptable_zones"": null, ""age_max"": null, ""age_min"": null, ""conversations"": null, ""emotional_availability"": null, ""has_children"": 0, ""lifestyle"": null, ""partner_children"": null, ""partner_smoking"": null, ""relationship_goal"": null, ""relationship_pace"": null, ""relationship_structure"": null, ""relocate"": null, ""schedule"": null, ""smoking"": 0, ""space_for_relationship"": null, ""wants_children"": null, ""who_to_meet"": null}"
syn_24e084798f238a279f16794b68afbddf,public_04,39,woman,zone_a,False,synthetic_questionnaire,True,0,"[""zone_a""]",43,31,,,False,,any,any,,quick,monogamous,,"[""weekend_day"", ""weekend_evening"", ""weekday_evening""]",no,,yes,"[""woman""]",observed,observed,observed,not_asked,not_asked,observed,not_asked,observed,observed,not_asked,observed,observed,not_asked,observed,observed,not_asked,observed,observed,11,11,11,,,11,,11,11,,0,11,,11,11,,11,11,"{""acceptable_zones"": [""zone_a""], ""age_max"": 43, ""age_min"": 31, ""conversations"": null, ""emotional_availability"": null, ""has_children"": false, ""lifestyle"": null, ""partner_children"": ""any"", ""partner_smoking"": ""any"", ""relationship_goal"": null, ""relationship_pace"": ""quick"", ""relationship_structure"": ""monogamous"", ""relocate"": null, ""schedule"": [""weekend_day"", ""weekend_evening"", ""weekday_evening""], ""smoking"": ""no"", ""space_for_relationship"": null, ""wants_children"": ""yes"", ""who_to_meet"": [""woman""]}","{""acceptable_zones"": ""observed"", ""age_max"": ""observed"", ""age_min"": ""observed"", ""conversations"": ""not_asked"", ""emotional_availability"": ""not_asked"", ""has_children"": ""observed"", ""lifestyle"": ""not_asked"", ""partner_children"": ""observed"", ""partner_smoking"": ""observed"", ""relationship_goal"": ""not_asked"", ""relationship_pace"": ""observed"", ""relationship_structure"": ""observed"", ""relocate"": ""not_asked"", ""schedule"": ""observed"", ""smoking"": ""observed"", ""space_for_relationship"": ""not_asked"", ""wants_children"": ""observed"", ""who_to_meet"": ""observed""}","{""acceptable_zones"": 11, ""age_max"": 11, ""age_min"": 11, ""conversations"": null, ""emotional_availability"": null, ""has_children"": 11, ""lifestyle"": null, ""partner_children"": 11, ""partner_smoking"": 11, ""relationship_goal"": null, ""relationship_pace"": 0, ""relationship_structure"": 11, ""relocate"": null, ""schedule"": 11, ""smoking"": 11, ""space_for_relationship"": null, ""wants_children"": 11, ""who_to_meet"": 11}"
syn_18a824bab236e9ea5b75dc6bc09061c3,public_04,40,man,zone_b,True,synthetic_questionnaire,True,0,"[""zone_b""]",48,33,,,False,,any,no_smoking,,,monogamous,,"[""weekend_day"", ""weekend_evening""]",yes,,yes,"[""man""]",observed,observed,observed,not_asked,not_asked,observed,not_asked,observed,observed,not_asked,not_asked,observed,not_asked,observed,observed,not_asked,observed,observed,11,11,11,,,11,,11,11,,,11,,11,11,,11,11,"{""acceptable_zones"": [""zone_b""], ""age_max"": 48, ""age_min"": 33, ""conversations"": null, ""emotional_availability"": null, ""has_children"": false, ""lifestyle"": null, ""partner_children"": ""any"", ""partner_smoking"": ""no_smoking"", ""relationship_goal"": null, ""relationship_pace"": null, ""relationship_structure"": ""monogamous"", ""relocate"": null, ""schedule"": [""weekend_day"", ""weekend_evening""], ""smoking"": ""yes"", ""space_for_relationship"": null, ""wants_children"": ""yes"", ""who_to_meet"": [""man""]}","{""acceptable_zones"": ""observed"", ""age_max"": ""observed"", ""age_min"": ""observed"", ""conversations"": ""not_asked"", ""emotional_availability"": ""not_asked"", ""has_children"": ""observed"", ""lifestyle"": ""not_asked"", ""partner_children"": ""observed"", ""partner_smoking"": ""observed"", ""relationship_goal"": ""not_asked"", ""relationship_pace"": ""not_asked"", ""relationship_structure"": ""observed"", ""relocate"": ""not_asked"", ""schedule"": ""observed"", ""smoking"": ""observed"", ""space_for_relationship"": ""not_asked"", ""wants_children"": ""observed"", ""who_to_meet"": ""observed""}","{""acceptable_zones"": 11, ""age_max"": 11, ""age_min"": 11, ""conversations"": null, ""emotional_availability"": null, ""has_children"": 11, ""lifestyle"": null, ""partner_children"": 11, ""partner_smoking"": 11, ""relationship_goal"": null, ""relationship_pace"": null, ""relationship_structure"": 11, ""relocate"": null, ""schedule"": 11, ""smoking"": 11, ""space_for_relationship"": null, ""wants_children"": 11, ""who_to_meet"": 11}"
syn_97451abfdecc902a5de05bc02876603f,public_04,39,woman,zone_a,True,synthetic_questionnaire,True,0,"[""zone_a"", ""zone_c""]",44,36,practical,ready,True,social,no_children,no_smoking,long_term,quick,monogamous,no,"[""weekend_evening""]",no,limited,no,"[""woman"", ""man"", ""non_binary""]",observed,observed,observed,observed,observed,observed,observed,observed,observed,observed,observed,observed,observed,observed,observed,observed,observed,observed,0,0,0,0,0,0,0,0,0,0,0,0,0,0,0,0,0,0,"{""acceptable_zones"": [""zone_a"", ""zone_c""], ""age_max"": 44, ""age_min"": 36, ""conversations"": ""practical"", ""emotional_availability"": ""ready"", ""has_children"": true, ""lifestyle"": ""social"", ""partner_children"": ""no_children"", ""partner_smoking"": ""no_smoking"", ""relationship_goal"": ""long_term"", ""relationship_pace"": ""quick"", ""relationship_structure"": ""monogamous"", ""relocate"": ""no"", ""schedule"": [""weekend_evening""], ""smoking"": ""no"", ""space_for_relationship"": ""limited"", ""wants_children"": ""no"", ""who_to_meet"": [""woman"", ""man"", ""non_binary""]}","{""acceptable_zones"": ""observed"", ""age_max"": ""observed"", ""age_min"": ""observed"", ""conversations"": ""observed"", ""emotional_availability"": ""observed"", ""has_children"": ""observed"", ""lifestyle"": ""observed"", ""partner_children"": ""observed"", ""partner_smoking"": ""observed"", ""relationship_goal"": ""observed"", ""relationship_pace"": ""observed"", ""relationship_structure"": ""observed"", ""relocate"": ""observed"", ""schedule"": ""observed"", ""smoking"": ""observed"", ""space_for_relationship"": ""observed"", ""wants_children"": ""observed"", ""who_to_meet"": ""observed""}","{""acceptable_zones"": 0, ""age_max"": 0, ""age_min"": 0, ""conversations"": 0, ""emotional_availability"": 0, ""has_children"": 0, ""lifestyle"": 0, ""partner_children"": 0, ""partner_smoking"": 0, ""relationship_goal"": 0, ""relationship_pace"": 0, ""relationship_structure"": 0, ""relocate"": 0, ""schedule"": 0, ""smoking"": 0, ""space_for_relationship"": 0, ""wants_children"": 0, ""who_to_meet"": 0}"
syn_9aaf83b5792dd314c37fee524661907d,public_04,46,man,zone_a,True,synthetic_questionnaire,True,0,"[""zone_a""]",52,37,stories,taking_time,False,social,no_children,any,long_term,slow,monogamous,no,"[""weekend_day"", ""weekday_evening"", ""weekend_evening""]",no,limited,no,"[""non_binary""]",observed,observed,observed,observed,observed,observed,observed,observed,observed,observed,observed,observed,observed,observed,observed,observed,observed,observed,0,0,0,0,0,0,0,0,0,0,0,0,0,0,0,0,0,0,"{""acceptable_zones"": [""zone_a""], ""age_max"": 52, ""age_min"": 37, ""conversations"": ""stories"", ""emotional_availability"": ""taking_time"", ""has_children"": false, ""lifestyle"": ""social"", ""partner_children"": ""no_children"", ""partner_smoking"": ""any"", ""relationship_goal"": ""long_term"", ""relationship_pace"": ""slow"", ""relationship_structure"": ""monogamous"", ""relocate"": ""no"", ""schedule"": [""weekend_day"", ""weekday_evening"", ""weekend_evening""], ""smoking"": ""no"", ""space_for_relationship"": ""limited"", ""wants_children"": ""no"", ""who_to_meet"": [""non_binary""]}","{""acceptable_zones"": ""observed"", ""age_max"": ""observed"", ""age_min"": ""observed"", ""conversations"": ""observed"", ""emotional_availability"": ""observed"", ""has_children"": ""observed"", ""lifestyle"": ""observed"", ""partner_children"": ""observed"", ""partner_smoking"": ""observed"", ""relationship_goal"": ""observed"", ""relationship_pace"": ""observed"", ""relationship_structure"": ""observed"", ""relocate"": ""observed"", ""schedule"": ""observed"", ""smoking"": ""observed"", ""space_for_relationship"": ""observed"", ""wants_children"": ""observed"", ""who_to_meet"": ""observed""}","{""acceptable_zones"": 0, ""age_max"": 0, ""age_min"": 0, ""conversations"": 0, ""emotional_availability"": 0, ""has_children"": 0, ""lifestyle"": 0, ""partner_children"": 0, ""partner_smoking"": 0, ""relationship_goal"": 0, ""relationship_pace"": 0, ""relationship_structure"": 0, ""relocate"": 0, ""schedule"": 0, ""smoking"": 0, ""space_for_relationship"": 0, ""wants_children"": 0, ""who_to_meet"": 0}"
syn_6a4ff0756c596d06fde49ec61dabf80f,public_04,25,woman,zone_a,True,synthetic_questionnaire,True,20,"[""zone_a"", ""zone_c""]",28,18,,,False,,no_children,any,,,non_monogamous,,"[""weekday_evening"", ""weekend_day""]",no,,no,"[""man"", ""non_binary""]",observed,observed,observed,not_asked,not_asked,observed,not_asked,observed,observed,not_asked,not_asked,observed,not_asked,observed,observed,not_asked,observed,observed,20,20,20,,,20,,20,20,,,20,,20,20,,20,20,"{""acceptable_zones"": [""zone_a"", ""zone_c""], ""age_max"": 28, ""age_min"": 18, ""conversations"": null, ""emotional_availability"": null, ""has_children"": false, ""lifestyle"": null, ""partner_children"": ""no_children"", ""partner_smoking"": ""any"", ""relationship_goal"": null, ""relationship_pace"": null, ""relationship_structure"": ""non_monogamous"", ""relocate"": null, ""schedule"": [""weekday_evening"", ""weekend_day""], ""smoking"": ""no"", ""space_for_relationship"": null, ""wants_children"": ""no"", ""who_to_meet"": [""man"", ""non_binary""]}","{""acceptable_zones"": ""observed"", ""age_max"": ""observed"", ""age_min"": ""observed"", ""conversations"": ""not_asked"", ""emotional_availability"": ""not_asked"", ""has_children"": ""observed"", ""lifestyle"": ""not_asked"", ""partner_children"": ""observed"", ""partner_smoking"": ""observed"", ""relationship_goal"": ""not_asked"", ""relationship_pace"": ""not_asked"", ""relationship_structure"": ""observed"", ""relocate"": ""not_asked"", ""schedule"": ""observed"", ""smoking"": ""observed"", ""space_for_relationship"": ""not_asked"", ""wants_children"": ""observed"", ""who_to_meet"": ""observed""}","{""acceptable_zones"": 20, ""age_max"": 20, ""age_min"": 20, ""conversations"": null, ""emotional_availability"": null, ""has_children"": 20, ""lifestyle"": null, ""partner_children"": 20, ""partner_smoking"": 20, ""relationship_goal"": null, ""relationship_pace"": null, ""relationship_structure"": 20, ""relocate"": null, ""schedule"": 20, ""smoking"": 20, ""space_for_relationship"": null, ""wants_children"": 20, ""who_to_meet"": 20}"
syn_c71ff2cf1ece2905eceb39509f38a8f8,public_04,44,man,zone_a,True,synthetic_questionnaire,True,17,,,,,,,social,,,,,,unsure,,no,,,,not_asked,not_asked,not_asked,not_asked,not_asked,not_asked,observed,not_asked,not_asked,not_asked,not_asked,not_asked,observed,not_asked,observed,not_asked,declined,not_asked,,,,,,,17,,,,,,17,,17,,,,"{""acceptable_zones"": null, ""age_max"": null, ""age_min"": null, ""conversations"": null, ""emotional_availability"": null, ""has_children"": null, ""lifestyle"": ""social"", ""partner_children"": null, ""partner_smoking"": null, ""relationship_goal"": null, ""relationship_pace"": null, ""relationship_structure"": null, ""relocate"": ""unsure"", ""schedule"": null, ""smoking"": ""no"", ""space_for_relationship"": null, ""wants_children"": null, ""who_to_meet"": null}","{""acceptable_zones"": ""not_asked"", ""age_max"": ""not_asked"", ""age_min"": ""not_asked"", ""conversations"": ""not_asked"", ""emotional_availability"": ""not_asked"", ""has_children"": ""not_asked"", ""lifestyle"": ""observed"", ""partner_children"": ""not_asked"", ""partner_smoking"": ""not_asked"", ""relationship_goal"": ""not_asked"", ""relationship_pace"": ""not_asked"", ""relationship_structure"": ""not_asked"", ""relocate"": ""observed"", ""schedule"": ""not_asked"", ""smoking"": ""observed"", ""space_for_relationship"": ""not_asked"", ""wants_children"": ""declined"", ""who_to_meet"": ""not_asked""}","{""acceptable_zones"": null, ""age_max"": null, ""age_min"": null, ""conversations"": null, ""emotional_availability"": null, ""has_children"": null, ""lifestyle"": 17, ""partner_children"": null, ""partner_smoking"": null, ""relationship_goal"": null, ""relationship_pace"": null, ""relationship_structure"": null, ""relocate"": 17, ""schedule"": null, ""smoking"": 17, ""space_for_relationship"": null, ""wants_children"": null, ""who_to_meet"": null}"
syn_6c213fc24a6197f288499b5245666c3a,public_04,33,woman,zone_a,False,synthetic_questionnaire,True,14,"[""zone_a""]",38,23,playful,taking_time,False,social,any,no_smoking,long_term,steady,monogamous,yes,"[""weekday_evening"", ""weekend_evening"", ""weekend_day""]",no,limited,yes,"[""man""]",observed,observed,observed,observed,observed,observed,observed,observed,observed,observed,observed,observed,observed,observed,observed,observed,observed,observed,14,14,14,14,14,14,14,14,14,14,14,14,14,14,14,14,14,14,"{""acceptable_zones"": [""zone_a""], ""age_max"": 38, ""age_min"": 23, ""conversations"": ""playful"", ""emotional_availability"": ""taking_time"", ""has_children"": false, ""lifestyle"": ""social"", ""partner_children"": ""any"", ""partner_smoking"": ""no_smoking"", ""relationship_goal"": ""long_term"", ""relationship_pace"": ""steady"", ""relationship_structure"": ""monogamous"", ""relocate"": ""yes"", ""schedule"": [""weekday_evening"", ""weekend_evening"", ""weekend_day""], ""smoking"": ""no"", ""space_for_relationship"": ""limited"", ""wants_children"": ""yes"", ""who_to_meet"": [""man""]}","{""acceptable_zones"": ""observed"", ""age_max"": ""observed"", ""age_min"": ""observed"", ""conversations"": ""observed"", ""emotional_availability"": ""observed"", ""has_children"": ""observed"", ""lifestyle"": ""observed"", ""partner_children"": ""observed"", ""partner_smoking"": ""observed"", ""relationship_goal"": ""observed"", ""relationship_pace"": ""observed"", ""relationship_structure"": ""observed"", ""relocate"": ""observed"", ""schedule"": ""observed"", ""smoking"": ""observed"", ""space_for_relationship"": ""observed"", ""wants_children"": ""observed"", ""who_to_meet"": ""observed""}","{""acceptable_zones"": 14, ""age_max"": 14, ""age_min"": 14, ""conversations"": 14, ""emotional_availability"": 14, ""has_children"": 14, ""lifestyle"": 14, ""partner_children"": 14, ""partner_smoking"": 14, ""relationship_goal"": 14, ""relationship_pace"": 14, ""relationship_structure"": 14, ""relocate"": 14, ""schedule"": 14, ""smoking"": 14, ""space_for_relationship"": 14, ""wants_children"": 14, ""who_to_meet"": 14}"
syn_3cd316f7d7f430218c43e59c953a780c,public_04,31,man,zone_d,True,synthetic_questionnaire,True,0,"[""zone_d""]",39,22,playful,taking_time,False,quiet,any,no_smoking,exploring,steady,monogamous,unsure,"[""weekday_evening"", ""weekend_day"", ""weekend_evening""]",no,limited,no,"[""non_binary""]",observed,observed,observed,observed,observed,observed,observed,observed,observed,observed,observed,observed,observed,observed,observed,observed,observed,observed,0,0,0,0,0,0,0,0,0,0,0,0,0,0,0,0,0,0,"{""acceptable_zones"": [""zone_d""], ""age_max"": 39, ""age_min"": 22, ""conversations"": ""playful"", ""emotional_availability"": ""taking_time"", ""has_children"": false, ""lifestyle"": ""quiet"", ""partner_children"": ""any"", ""partner_smoking"": ""no_smoking"", ""relationship_goal"": ""exploring"", ""relationship_pace"": ""steady"", ""relationship_structure"": ""monogamous"", ""relocate"": ""unsure"", ""schedule"": [""weekday_evening"", ""weekend_day"", ""weekend_evening""], ""smoking"": ""no"", ""space_for_relationship"": ""limited"", ""wants_children"": ""no"", ""who_to_meet"": [""non_binary""]}","{""acceptable_zones"": ""observed"", ""age_max"": ""observed"", ""age_min"": ""observed"", ""conversations"": ""observed"", ""emotional_availability"": ""observed"", ""has_children"": ""observed"", ""lifestyle"": ""observed"", ""partner_children"": ""observed"", ""partner_smoking"": ""observed"", ""relationship_goal"": ""observed"", ""relationship_pace"": ""observed"", ""relationship_structure"": ""observed"", ""relocate"": ""observed"", ""schedule"": ""observed"", ""smoking"": ""observed"", ""space_for_relationship"": ""observed"", ""wants_children"": ""observed"", ""who_to_meet"": ""observed""}","{""acceptable_zones"": 0, ""age_max"": 0, ""age_min"": 0, ""conversations"": 0, ""emotional_availability"": 0, ""has_children"": 0, ""lifestyle"": 0, ""partner_children"": 0, ""partner_smoking"": 0, ""relationship_goal"": 0, ""relationship_pace"": 0, ""relationship_structure"": 0, ""relocate"": 0, ""schedule"": 0, ""smoking"": 0, ""space_for_relationship"": 0, ""wants_children"": 0, ""who_to_meet"": 0}"
syn_9f233e37f546f694d6c7a321e3cd3582,public_04,39,non_binary,zone_a,True,synthetic_questionnaire,True,0,"[""zone_a""]",49,31,,,False,,any,any,,,monogamous,,"[""weekend_evening"", ""weekend_day"", ""weekday_evening""]",yes,ample,no,"[""non_binary""]",observed,observed,observed,declined,not_asked,observed,not_asked,observed,observed,not_asked,not_asked,observed,not_asked,observed,observed,observed,observed,observed,12,12,12,,,12,,12,12,,,12,,12,12,0,12,12,"{""acceptable_zones"": [""zone_a""], ""age_max"": 49, ""age_min"": 31, ""conversations"": null, ""emotional_availability"": null, ""has_children"": false, ""lifestyle"": null, ""partner_children"": ""any"", ""partner_smoking"": ""any"", ""relationship_goal"": null, ""relationship_pace"": null, ""relationship_structure"": ""monogamous"", ""relocate"": null, ""schedule"": [""weekend_evening"", ""weekend_day"", ""weekday_evening""], ""smoking"": ""yes"", ""space_for_relationship"": ""ample"", ""wants_children"": ""no"", ""who_to_meet"": [""non_binary""]}","{""acceptable_zones"": ""observed"", ""age_max"": ""observed"", ""age_min"": ""observed"", ""conversations"": ""declined"", ""emotional_availability"": ""not_asked"", ""has_children"": ""observed"", ""lifestyle"": ""not_asked"", ""partner_children"": ""observed"", ""partner_smoking"": ""observed"", ""relationship_goal"": ""not_asked"", ""relationship_pace"": ""not_asked"", ""relationship_structure"": ""observed"", ""relocate"": ""not_asked"", ""schedule"": ""observed"", ""smoking"": ""observed"", ""space_for_relationship"": ""observed"", ""wants_children"": ""observed"", ""who_to_meet"": ""observed""}","{""acceptable_zones"": 12, ""age_max"": 12, ""age_min"": 12, ""conversations"": null, ""emotional_availability"": null, ""has_children"": 12, ""lifestyle"": null, ""partner_children"": 12, ""partner_smoking"": 12, ""relationship_goal"": null, ""relationship_pace"": null, ""relationship_structure"": 12, ""relocate"": null, ""schedule"": 12, ""smoking"": 12, ""space_for_relationship"": 0, ""wants_children"": 12, ""who_to_meet"": 12}"
syn_b7e8304a5ec73d58a2bceee63ad36fa9,public_04,26,woman,zone_a,False,synthetic_questionnaire,True,0,"[""zone_a""]",33,19,,,False,,any,any,,,monogamous,,"[""weekend_evening"", ""weekday_evening""]",no,,unsure,"[""woman"", ""non_binary""]",observed,observed,observed,not_asked,not_asked,observed,not_asked,observed,observed,not_asked,not_asked,observed,not_asked,observed,observed,not_asked,observed,observed,12,12,12,,,12,,12,12,,,12,,12,12,,12,12,"{""acceptable_zones"": [""zone_a""], ""age_max"": 33, ""age_min"": 19, ""conversations"": null, ""emotional_availability"": null, ""has_children"": false, ""lifestyle"": null, ""partner_children"": ""any"", ""partner_smoking"": ""any"", ""relationship_goal"": null, ""relationship_pace"": null, ""relationship_structure"": ""monogamous"", ""relocate"": null, ""schedule"": [""weekend_evening"", ""weekday_evening""], ""smoking"": ""no"", ""space_for_relationship"": null, ""wants_children"": ""unsure"", ""who_to_meet"": [""woman"", ""non_binary""]}","{""acceptable_zones"": ""observed"", ""age_max"": ""observed"", ""age_min"": ""observed"", ""conversations"": ""not_asked"", ""emotional_availability"": ""not_asked"", ""has_children"": ""observed"", ""lifestyle"": ""not_asked"", ""partner_children"": ""observed"", ""partner_smoking"": ""observed"", ""relationship_goal"": ""not_asked"", ""relationship_pace"": ""not_asked"", ""relationship_structure"": ""observed"", ""relocate"": ""not_asked"", ""schedule"": ""observed"", ""smoking"": ""observed"", ""space_for_relationship"": ""not_asked"", ""wants_children"": ""observed"", ""who_to_meet"": ""observed""}","{""acceptable_zones"": 12, ""age_max"": 12, ""age_min"": 12, ""conversations"": null, ""emotional_availability"": null, ""has_children"": 12, ""lifestyle"": null, ""partner_children"": 12, ""partner_smoking"": 12, ""relationship_goal"": null, ""relationship_pace"": null, ""relationship_structure"": 12, ""relocate"": null, ""schedule"": 12, ""smoking"": 12, ""space_for_relationship"": null, ""wants_children"": 12, ""who_to_meet"": 12}"
syn_1452bfc54a526a13bfbb1f53ee2c97e7,public_04,23,man,zone_a,True,synthetic_questionnaire,True,0,,26,,,,,,,,,slow,,,,,,unsure,,not_asked,observed,not_asked,declined,not_asked,declined,declined,not_asked,not_asked,not_asked,observed,declined,not_asked,not_asked,not_asked,not_asked,observed,declined,,0,,,,,,,,,0,,,,,,0,,"{""acceptable_zones"": null, ""age_max"": 26, ""age_min"": null, ""conversations"": null, ""emotional_availability"": null, ""has_children"": null, ""lifestyle"": null, ""partner_children"": null, ""partner_smoking"": null, ""relationship_goal"": null, ""relationship_pace"": ""slow"", ""relationship_structure"": null, ""relocate"": null, ""schedule"": null, ""smoking"": null, ""space_for_relationship"": null, ""wants_children"": ""unsure"", ""who_to_meet"": null}","{""acceptable_zones"": ""not_asked"", ""age_max"": ""observed"", ""age_min"": ""not_asked"", ""conversations"": ""declined"", ""emotional_availability"": ""not_asked"", ""has_children"": ""declined"", ""lifestyle"": ""declined"", ""partner_children"": ""not_asked"", ""partner_smoking"": ""not_asked"", ""relationship_goal"": ""not_asked"", ""relationship_pace"": ""observed"", ""relationship_structure"": ""declined"", ""relocate"": ""not_asked"", ""schedule"": ""not_asked"", ""smoking"": ""not_asked"", ""space_for_relationship"": ""not_asked"", ""wants_children"": ""observed"", ""who_to_meet"": ""declined""}","{""acceptable_zones"": null, ""age_max"": 0, ""age_min"": null, ""conversations"": null, ""emotional_availability"": null, ""has_children"": null, ""lifestyle"": null, ""partner_children"": null, ""partner_smoking"": null, ""relationship_goal"": null, ""relationship_pace"": 0, ""relationship_structure"": null, ""relocate"": null, ""schedule"": null, ""smoking"": null, ""space_for_relationship"": null, ""wants_children"": 0, ""who_to_meet"": null}"
syn_7bb4069edd4b8fc582018b6693b1731a,public_04,30,man,zone_a,True,synthetic_questionnaire,True,18,,,,,,,,,,,quick,,,,,,,,not_asked,not_asked,not_asked,not_asked,not_asked,not_asked,not_asked,declined,not_asked,not_asked,observed,not_asked,not_asked,not_asked,not_asked,not_asked,not_asked,not_asked,,,,,,,,,,,18,,,,,,,,"{""acceptable_zones"": null, ""age_max"": null, ""age_min"": null, ""conversations"": null, ""emotional_availability"": null, ""has_children"": null, ""lifestyle"": null, ""partner_children"": null, ""partner_smoking"": null, ""relationship_goal"": null, ""relationship_pace"": ""quick"", ""relationship_structure"": null, ""relocate"": null, ""schedule"": null, ""smoking"": null, ""space_for_relationship"": null, ""wants_children"": null, ""who_to_meet"": null}","{""acceptable_zones"": ""not_asked"", ""age_max"": ""not_asked"", ""age_min"": ""not_asked"", ""conversations"": ""not_asked"", ""emotional_availability"": ""not_asked"", ""has_children"": ""not_asked"", ""lifestyle"": ""not_asked"", ""partner_children"": ""declined"", ""partner_smoking"": ""not_asked"", ""relationship_goal"": ""not_asked"", ""relationship_pace"": ""observed"", ""relationship_structure"": ""not_asked"", ""relocate"": ""not_asked"", ""schedule"": ""not_asked"", ""smoking"": ""not_asked"", ""space_for_relationship"": ""not_asked"", ""wants_children"": ""not_asked"", ""who_to_meet"": ""not_asked""}","{""acceptable_zones"": null, ""age_max"": null, ""age_min"": null, ""conversations"": null, ""emotional_availability"": null, ""has_children"": null, ""lifestyle"": null, ""partner_children"": null, ""partner_smoking"": null, ""relationship_goal"": null, ""relationship_pace"": 18, ""relationship_structure"": null, ""relocate"": null, ""schedule"": null, ""smoking"": null, ""space_for_relationship"": null, ""wants_children"": null, ""who_to_meet"": null}"
syn_63da933ca0f7447c37b0d40f99c4c827,public_04,22,man,zone_a,True,synthetic_questionnaire,True,0,,,,,,False,,,,,,,,"[""weekend_evening""]",occasionally,,unsure,,not_asked,not_asked,not_asked,not_asked,not_asked,observed,not_asked,declined,not_asked,not_asked,not_asked,not_asked,not_asked,observed,observed,not_asked,observed,declined,,,,,,0,,,,,,,,0,0,,0,,"{""acceptable_zones"": null, ""age_max"": null, ""age_min"": null, ""conversations"": null, ""emotional_availability"": null, ""has_children"": false, ""lifestyle"": null, ""partner_children"": null, ""partner_smoking"": null, ""relationship_goal"": null, ""relationship_pace"": null, ""relationship_structure"": null, ""relocate"": null, ""schedule"": [""weekend_evening""], ""smoking"": ""occasionally"", ""space_for_relationship"": null, ""wants_children"": ""unsure"", ""who_to_meet"": null}","{""acceptable_zones"": ""not_asked"", ""age_max"": ""not_asked"", ""age_min"": ""not_asked"", ""conversations"": ""not_asked"", ""emotional_availability"": ""not_asked"", ""has_children"": ""observed"", ""lifestyle"": ""not_asked"", ""partner_children"": ""declined"", ""partner_smoking"": ""not_asked"", ""relationship_goal"": ""not_asked"", ""relationship_pace"": ""not_asked"", ""relationship_structure"": ""not_asked"", ""relocate"": ""not_asked"", ""schedule"": ""observed"", ""smoking"": ""observed"", ""space_for_relationship"": ""not_asked"", ""wants_children"": ""observed"", ""who_to_meet"": ""declined""}","{""acceptable_zones"": null, ""age_max"": null, ""age_min"": null, ""conversations"": null, ""emotional_availability"": null, ""has_children"": 0, ""lifestyle"": null, ""partner_children"": null, ""partner_smoking"": null, ""relationship_goal"": null, ""relationship_pace"": null, ""relationship_structure"": null, ""relocate"": null, ""schedule"": 0, ""smoking"": 0, ""space_for_relationship"": null, ""wants_children"": 0, ""who_to_meet"": null}"
syn_e0a66eaf9508ae6c9617c5a53822bd0e,public_04,46,woman,zone_c,True,synthetic_questionnaire,True,0,"[""zone_c""]",54,43,ideas,,False,,any,no_smoking,,quick,monogamous,,"[""weekend_day"", ""weekend_evening""]",no,,yes,"[""non_binary"", ""woman""]",observed,observed,observed,observed,declined,observed,not_asked,observed,observed,not_asked,observed,observed,not_asked,observed,observed,not_asked,observed,observed,12,12,12,0,,12,,12,12,,0,12,,12,12,,12,12,"{""acceptable_zones"": [""zone_c""], ""age_max"": 54, ""age_min"": 43, ""conversations"": ""ideas"", ""emotional_availability"": null, ""has_children"": false, ""lifestyle"": null, ""partner_children"": ""any"", ""partner_smoking"": ""no_smoking"", ""relationship_goal"": null, ""relationship_pace"": ""quick"", ""relationship_structure"": ""monogamous"", ""relocate"": null, ""schedule"": [""weekend_day"", ""weekend_evening""], ""smoking"": ""no"", ""space_for_relationship"": null, ""wants_children"": ""yes"", ""who_to_meet"": [""non_binary"", ""woman""]}","{""acceptable_zones"": ""observed"", ""age_max"": ""observed"", ""age_min"": ""observed"", ""conversations"": ""observed"", ""emotional_availability"": ""declined"", ""has_children"": ""observed"", ""lifestyle"": ""not_asked"", ""partner_children"": ""observed"", ""partner_smoking"": ""observed"", ""relationship_goal"": ""not_asked"", ""relationship_pace"": ""observed"", ""relationship_structure"": ""observed"", ""relocate"": ""not_asked"", ""schedule"": ""observed"", ""smoking"": ""observed"", ""space_for_relationship"": ""not_asked"", ""wants_children"": ""observed"", ""who_to_meet"": ""observed""}","{""acceptable_zones"": 12, ""age_max"": 12, ""age_min"": 12, ""conversations"": 0, ""emotional_availability"": null, ""has_children"": 12, ""lifestyle"": null, ""partner_children"": 12, ""partner_smoking"": 12, ""relationship_goal"": null, ""relationship_pace"": 0, ""relationship_structure"": 12, ""relocate"": null, ""schedule"": 12, ""smoking"": 12, ""space_for_relationship"": null, ""wants_children"": 12, ""who_to_meet"": 12}"
syn_8e775b78f392e0dd2b977c464d293069,public_04,26,man,zone_a,False,synthetic_questionnaire,True,9,"[""zone_a"", ""zone_b""]",33,18,,,False,,any,any,,,monogamous,,"[""weekend_evening"", ""weekday_evening"", ""weekend_day""]",no,,yes,"[""non_binary""]",observed,observed,observed,not_asked,not_asked,observed,not_asked,observed,observed,not_asked,not_asked,observed,not_asked,observed,observed,declined,observed,observed,12,12,12,,,12,,12,12,,,12,,12,12,,12,12,"{""acceptable_zones"": [""zone_a"", ""zone_b""], ""age_max"": 33, ""age_min"": 18, ""conversations"": null, ""emotional_availability"": null, ""has_children"": false, ""lifestyle"": null, ""partner_children"": ""any"", ""partner_smoking"": ""any"", ""relationship_goal"": null, ""relationship_pace"": null, ""relationship_structure"": ""monogamous"", ""relocate"": null, ""schedule"": [""weekend_evening"", ""weekday_evening"", ""weekend_day""], ""smoking"": ""no"", ""space_for_relationship"": null, ""wants_children"": ""yes"", ""who_to_meet"": [""non_binary""]}","{""acceptable_zones"": ""observed"", ""age_max"": ""observed"", ""age_min"": ""observed"", ""conversations"": ""not_asked"", ""emotional_availability"": ""not_asked"", ""has_children"": ""observed"", ""lifestyle"": ""not_asked"", ""partner_children"": ""observed"", ""partner_smoking"": ""observed"", ""relationship_goal"": ""not_asked"", ""relationship_pace"": ""not_asked"", ""relationship_structure"": ""observed"", ""relocate"": ""not_asked"", ""schedule"": ""observed"", ""smoking"": ""observed"", ""space_for_relationship"": ""declined"", ""wants_children"": ""observed"", ""who_to_meet"": ""observed""}","{""acceptable_zones"": 12, ""age_max"": 12, ""age_min"": 12, ""conversations"": null, ""emotional_availability"": null, ""has_children"": 12, ""lifestyle"": null, ""partner_children"": 12, ""partner_smoking"": 12, ""relationship_goal"": null, ""relationship_pace"": null, ""relationship_structure"": 12, ""relocate"": null, ""schedule"": 12, ""smoking"": 12, ""space_for_relationship"": null, ""wants_children"": 12, ""who_to_meet"": 12}"
syn_c86f5213c2c9b4417f1c0c68a17cca8f,public_04,46,non_binary,zone_a,True,synthetic_questionnaire,True,0,,,,,,,,,,,,,,,,,,,not_asked,not_asked,not_asked,not_asked,not_asked,not_asked,not_asked,not_asked,not_asked,not_asked,not_asked,not_asked,not_asked,not_asked,declined,not_asked,not_asked,not_asked,,,,,,,,,,,,,,,,,,,"{""acceptable_zones"": null, ""age_max"": null, ""age_min"": null, ""conversations"": null, ""emotional_availability"": null, ""has_children"": null, ""lifestyle"": null, ""partner_children"": null, ""partner_smoking"": null, ""relationship_goal"": null, ""relationship_pace"": null, ""relationship_structure"": null, ""relocate"": null, ""schedule"": null, ""smoking"": null, ""space_for_relationship"": null, ""wants_children"": null, ""who_to_meet"": null}","{""acceptable_zones"": ""not_asked"", ""age_max"": ""not_asked"", ""age_min"": ""not_asked"", ""conversations"": ""not_asked"", ""emotional_availability"": ""not_asked"", ""has_children"": ""not_asked"", ""lifestyle"": ""not_asked"", ""partner_children"": ""not_asked"", ""partner_smoking"": ""not_asked"", ""relationship_goal"": ""not_asked"", ""relationship_pace"": ""not_asked"", ""relationship_structure"": ""not_asked"", ""relocate"": ""not_asked"", ""schedule"": ""not_asked"", ""smoking"": ""declined"", ""space_for_relationship"": ""not_asked"", ""wants_children"": ""not_asked"", ""who_to_meet"": ""not_asked""}","{""acceptable_zones"": null, ""age_max"": null, ""age_min"": null, ""conversations"": null, ""emotional_availability"": null, ""has_children"": null, ""lifestyle"": null, ""partner_children"": null, ""partner_smoking"": null, ""relationship_goal"": null, ""relationship_pace"": null, ""relationship_structure"": null, ""relocate"": null, ""schedule"": null, ""smoking"": null, ""space_for_relationship"": null, ""wants_children"": null, ""who_to_meet"": null}"
syn_a7fc11fd0ef3e4f98b7abe8f05ba6707,public_04,29,non_binary,zone_a,False,synthetic_questionnaire,True,0,"[""zone_a""]",32,19,,,False,,no_children,no_smoking,,quick,monogamous,,"[""weekday_evening""]",no,limited,yes,"[""non_binary"", ""man""]",observed,observed,observed,not_asked,declined,observed,not_asked,observed,observed,not_asked,observed,observed,declined,observed,observed,observed,observed,observed,13,13,13,,,13,,13,13,,0,13,,13,13,0,13,13,"{""acceptable_zones"": [""zone_a""], ""age_max"": 32, ""age_min"": 19, ""conversations"": null, ""emotional_availability"": null, ""has_children"": false, ""lifestyle"": null, ""partner_children"": ""no_children"", ""partner_smoking"": ""no_smoking"", ""relationship_goal"": null, ""relationship_pace"": ""quick"", ""relationship_structure"": ""monogamous"", ""relocate"": null, ""schedule"": [""weekday_evening""], ""smoking"": ""no"", ""space_for_relationship"": ""limited"", ""wants_children"": ""yes"", ""who_to_meet"": [""non_binary"", ""man""]}","{""acceptable_zones"": ""observed"", ""age_max"": ""observed"", ""age_min"": ""observed"", ""conversations"": ""not_asked"", ""emotional_availability"": ""declined"", ""has_children"": ""observed"", ""lifestyle"": ""not_asked"", ""partner_children"": ""observed"", ""partner_smoking"": ""observed"", ""relationship_goal"": ""not_asked"", ""relationship_pace"": ""observed"", ""relationship_structure"": ""observed"", ""relocate"": ""declined"", ""schedule"": ""observed"", ""smoking"": ""observed"", ""space_for_relationship"": ""observed"", ""wants_children"": ""observed"", ""who_to_meet"": ""observed""}","{""acceptable_zones"": 13, ""age_max"": 13, ""age_min"": 13, ""conversations"": null, ""emotional_availability"": null, ""has_children"": 13, ""lifestyle"": null, ""partner_children"": 13, ""partner_smoking"": 13, ""relationship_goal"": null, ""relationship_pace"": 0, ""relationship_structure"": 13, ""relocate"": null, ""schedule"": 13, ""smoking"": 13, ""space_for_relationship"": 0, ""wants_children"": 13, ""who_to_meet"": 13}"
syn_a6353a13cd6282ac6a4b3aef2edfc713,public_04,44,man,zone_a,True,synthetic_questionnaire,True,0,,,,,,,,,,,,,,,,,,,not_asked,not_asked,not_asked,not_asked,not_asked,not_asked,not_asked,not_asked,declined,not_asked,not_asked,not_asked,not_asked,not_asked,not_asked,not_asked,not_asked,not_asked,,,,,,,,,,,,,,,,,,,"{""acceptable_zones"": null, ""age_max"": null, ""age_min"": null, ""conversations"": null, ""emotional_availability"": null, ""has_children"": null, ""lifestyle"": null, ""partner_children"": null, ""partner_smoking"": null, ""relationship_goal"": null, ""relationship_pace"": null, ""relationship_structure"": null, ""relocate"": null, ""schedule"": null, ""smoking"": null, ""space_for_relationship"": null, ""wants_children"": null, ""who_to_meet"": null}","{""acceptable_zones"": ""not_asked"", ""age_max"": ""not_asked"", ""age_min"": ""not_asked"", ""conversations"": ""not_asked"", ""emotional_availability"": ""not_asked"", ""has_children"": ""not_asked"", ""lifestyle"": ""not_asked"", ""partner_children"": ""not_asked"", ""partner_smoking"": ""declined"", ""relationship_goal"": ""not_asked"", ""relationship_pace"": ""not_asked"", ""relationship_structure"": ""not_asked"", ""relocate"": ""not_asked"", ""schedule"": ""not_asked"", ""smoking"": ""not_asked"", ""space_for_relationship"": ""not_asked"", ""wants_children"": ""not_asked"", ""who_to_meet"": ""not_asked""}","{""acceptable_zones"": null, ""age_max"": null, ""age_min"": null, ""conversations"": null, ""emotional_availability"": null, ""has_children"": null, ""lifestyle"": null, ""partner_children"": null, ""partner_smoking"": null, ""relationship_goal"": null, ""relationship_pace"": null, ""relationship_structure"": null, ""relocate"": null, ""schedule"": null, ""smoking"": null, ""space_for_relationship"": null, ""wants_children"": null, ""who_to_meet"": null}"
syn_073555cc4699627ce699abc314b5b131,public_04,37,man,zone_b,True,synthetic_questionnaire,True,0,"[""zone_b""]",42,27,playful,taking_time,False,social,any,no_smoking,long_term,steady,monogamous,unsure,"[""weekend_day"", ""weekend_evening"", ""weekday_evening""]",occasionally,limited,no,"[""woman""]",observed,observed,observed,observed,observed,observed,observed,observed,observed,observed,observed,observed,observed,observed,observed,observed,observed,observed,0,0,0,0,0,0,0,0,0,0,0,0,0,0,0,0,0,0,"{""acceptable_zones"": [""zone_b""], ""age_max"": 42, ""age_min"": 27, ""conversations"": ""playful"", ""emotional_availability"": ""taking_time"", ""has_children"": false, ""lifestyle"": ""social"", ""partner_children"": ""any"", ""partner_smoking"": ""no_smoking"", ""relationship_goal"": ""long_term"", ""relationship_pace"": ""steady"", ""relationship_structure"": ""monogamous"", ""relocate"": ""unsure"", ""schedule"": [""weekend_day"", ""weekend_evening"", ""weekday_evening""], ""smoking"": ""occasionally"", ""space_for_relationship"": ""limited"", ""wants_children"": ""no"", ""who_to_meet"": [""woman""]}","{""acceptable_zones"": ""observed"", ""age_max"": ""observed"", ""age_min"": ""observed"", ""conversations"": ""observed"", ""emotional_availability"": ""observed"", ""has_children"": ""observed"", ""lifestyle"": ""observed"", ""partner_children"": ""observed"", ""partner_smoking"": ""observed"", ""relationship_goal"": ""observed"", ""relationship_pace"": ""observed"", ""relationship_structure"": ""observed"", ""relocate"": ""observed"", ""schedule"": ""observed"", ""smoking"": ""observed"", ""space_for_relationship"": ""observed"", ""wants_children"": ""observed"", ""who_to_meet"": ""observed""}","{""acceptable_zones"": 0, ""age_max"": 0, ""age_min"": 0, ""conversations"": 0, ""emotional_availability"": 0, ""has_children"": 0, ""lifestyle"": 0, ""partner_children"": 0, ""partner_smoking"": 0, ""relationship_goal"": 0, ""relationship_pace"": 0, ""relationship_structure"": 0, ""relocate"": 0, ""schedule"": 0, ""smoking"": 0, ""space_for_relationship"": 0, ""wants_children"": 0, ""who_to_meet"": 0}"
syn_c5eaf70283619d3e612460ed0559915a,public_04,30,woman,zone_c,True,synthetic_questionnaire,True,0,"[""zone_c"", ""zone_b""]",38,24,stories,ready,False,mixed,any,any,long_term,quick,monogamous,unsure,"[""weekend_evening"", ""weekend_day"", ""weekday_evening""]",no,ample,unsure,"[""man""]",observed,observed,observed,observed,observed,observed,observed,observed,observed,observed,observed,observed,observed,observed,observed,observed,observed,observed,0,0,0,0,0,0,0,0,0,0,0,0,0,0,0,0,0,0,"{""acceptable_zones"": [""zone_c"", ""zone_b""], ""age_max"": 38, ""age_min"": 24, ""conversations"": ""stories"", ""emotional_availability"": ""ready"", ""has_children"": false, ""lifestyle"": ""mixed"", ""partner_children"": ""any"", ""partner_smoking"": ""any"", ""relationship_goal"": ""long_term"", ""relationship_pace"": ""quick"", ""relationship_structure"": ""monogamous"", ""relocate"": ""unsure"", ""schedule"": [""weekend_evening"", ""weekend_day"", ""weekday_evening""], ""smoking"": ""no"", ""space_for_relationship"": ""ample"", ""wants_children"": ""unsure"", ""who_to_meet"": [""man""]}","{""acceptable_zones"": ""observed"", ""age_max"": ""observed"", ""age_min"": ""observed"", ""conversations"": ""observed"", ""emotional_availability"": ""observed"", ""has_children"": ""observed"", ""lifestyle"": ""observed"", ""partner_children"": ""observed"", ""partner_smoking"": ""observed"", ""relationship_goal"": ""observed"", ""relationship_pace"": ""observed"", ""relationship_structure"": ""observed"", ""relocate"": ""observed"", ""schedule"": ""observed"", ""smoking"": ""observed"", ""space_for_relationship"": ""observed"", ""wants_children"": ""observed"", ""who_to_meet"": ""observed""}","{""acceptable_zones"": 0, ""age_max"": 0, ""age_min"": 0, ""conversations"": 0, ""emotional_availability"": 0, ""has_children"": 0, ""lifestyle"": 0, ""partner_children"": 0, ""partner_smoking"": 0, ""relationship_goal"": 0, ""relationship_pace"": 0, ""relationship_structure"": 0, ""relocate"": 0, ""schedule"": 0, ""smoking"": 0, ""space_for_relationship"": 0, ""wants_children"": 0, ""who_to_meet"": 0}"
syn_c491e1dc83e4e514819b8acaf20ddbe6,public_04,28,man,zone_b,True,synthetic_questionnaire,True,0,"[""zone_b"", ""zone_a""]",34,23,,,True,,no_children,no_smoking,,,monogamous,,"[""weekend_evening"", ""weekday_evening""]",occasionally,,no,"[""woman"", ""non_binary""]",observed,observed,observed,not_asked,not_asked,observed,not_asked,observed,observed,not_asked,not_asked,observed,not_asked,observed,observed,not_asked,observed,observed,13,13,13,,,13,,13,13,,,13,,13,13,,13,13,"{""acceptable_zones"": [""zone_b"", ""zone_a""], ""age_max"": 34, ""age_min"": 23, ""conversations"": null, ""emotional_availability"": null, ""has_children"": true, ""lifestyle"": null, ""partner_children"": ""no_children"", ""partner_smoking"": ""no_smoking"", ""relationship_goal"": null, ""relationship_pace"": null, ""relationship_structure"": ""monogamous"", ""relocate"": null, ""schedule"": [""weekend_evening"", ""weekday_evening""], ""smoking"": ""occasionally"", ""space_for_relationship"": null, ""wants_children"": ""no"", ""who_to_meet"": [""woman"", ""non_binary""]}","{""acceptable_zones"": ""observed"", ""age_max"": ""observed"", ""age_min"": ""observed"", ""conversations"": ""not_asked"", ""emotional_availability"": ""not_asked"", ""has_children"": ""observed"", ""lifestyle"": ""not_asked"", ""partner_children"": ""observed"", ""partner_smoking"": ""observed"", ""relationship_goal"": ""not_asked"", ""relationship_pace"": ""not_asked"", ""relationship_structure"": ""observed"", ""relocate"": ""not_asked"", ""schedule"": ""observed"", ""smoking"": ""observed"", ""space_for_relationship"": ""not_asked"", ""wants_children"": ""observed"", ""who_to_meet"": ""observed""}","{""acceptable_zones"": 13, ""age_max"": 13, ""age_min"": 13, ""conversations"": null, ""emotional_availability"": null, ""has_children"": 13, ""lifestyle"": null, ""partner_children"": 13, ""partner_smoking"": 13, ""relationship_goal"": null, ""relationship_pace"": null, ""relationship_structure"": 13, ""relocate"": null, ""schedule"": 13, ""smoking"": 13, ""space_for_relationship"": null, ""wants_children"": 13, ""who_to_meet"": 13}"
syn_fcd1025703010e976032a3fb822a29c8,public_04,37,man,zone_a,True,synthetic_questionnaire,True,10,,,,,,False,,any,,,,,,,,,,,not_asked,not_asked,declined,not_asked,not_asked,observed,not_asked,observed,not_asked,not_asked,not_asked,not_asked,not_asked,not_asked,not_asked,not_asked,not_asked,not_asked,,,,,,10,,10,,,,,,,,,,,"{""acceptable_zones"": null, ""age_max"": null, ""age_min"": null, ""conversations"": null, ""emotional_availability"": null, ""has_children"": false, ""lifestyle"": null, ""partner_children"": ""any"", ""partner_smoking"": null, ""relationship_goal"": null, ""relationship_pace"": null, ""relationship_structure"": null, ""relocate"": null, ""schedule"": null, ""smoking"": null, ""space_for_relationship"": null, ""wants_children"": null, ""who_to_meet"": null}","{""acceptable_zones"": ""not_asked"", ""age_max"": ""not_asked"", ""age_min"": ""declined"", ""conversations"": ""not_asked"", ""emotional_availability"": ""not_asked"", ""has_children"": ""observed"", ""lifestyle"": ""not_asked"", ""partner_children"": ""observed"", ""partner_smoking"": ""not_asked"", ""relationship_goal"": ""not_asked"", ""relationship_pace"": ""not_asked"", ""relationship_structure"": ""not_asked"", ""relocate"": ""not_asked"", ""schedule"": ""not_asked"", ""smoking"": ""not_asked"", ""space_for_relationship"": ""not_asked"", ""wants_children"": ""not_asked"", ""who_to_meet"": ""not_asked""}","{""acceptable_zones"": null, ""age_max"": null, ""age_min"": null, ""conversations"": null, ""emotional_availability"": null, ""has_children"": 10, ""lifestyle"": null, ""partner_children"": 10, ""partner_smoking"": null, ""relationship_goal"": null, ""relationship_pace"": null, ""relationship_structure"": null, ""relocate"": null, ""schedule"": null, ""smoking"": null, ""space_for_relationship"": null, ""wants_children"": null, ""who_to_meet"": null}"
syn_b6ccbfc677b089b19eae1e15f731705e,public_04,41,woman,zone_c,True,synthetic_questionnaire,True,0,"[""zone_c""]",47,31,,,False,,no_children,any,exploring,,non_monogamous,,"[""weekend_day""]",occasionally,ample,no,"[""man"", ""woman""]",observed,observed,observed,not_asked,not_asked,observed,not_asked,observed,observed,observed,not_asked,observed,not_asked,observed,observed,observed,observed,observed,14,14,14,,,14,,14,14,0,,14,,14,14,0,14,14,"{""acceptable_zones"": [""zone_c""], ""age_max"": 47, ""age_min"": 31, ""conversations"": null, ""emotional_availability"": null, ""has_children"": false, ""lifestyle"": null, ""partner_children"": ""no_children"", ""partner_smoking"": ""any"", ""relationship_goal"": ""exploring"", ""relationship_pace"": null, ""relationship_structure"": ""non_monogamous"", ""relocate"": null, ""schedule"": [""weekend_day""], ""smoking"": ""occasionally"", ""space_for_relationship"": ""ample"", ""wants_children"": ""no"", ""who_to_meet"": [""man"", ""woman""]}","{""acceptable_zones"": ""observed"", ""age_max"": ""observed"", ""age_min"": ""observed"", ""conversations"": ""not_asked"", ""emotional_availability"": ""not_asked"", ""has_children"": ""observed"", ""lifestyle"": ""not_asked"", ""partner_children"": ""observed"", ""partner_smoking"": ""observed"", ""relationship_goal"": ""observed"", ""relationship_pace"": ""not_asked"", ""relationship_structure"": ""observed"", ""relocate"": ""not_asked"", ""schedule"": ""observed"", ""smoking"": ""observed"", ""space_for_relationship"": ""observed"", ""wants_children"": ""observed"", ""who_to_meet"": ""observed""}","{""acceptable_zones"": 14, ""age_max"": 14, ""age_min"": 14, ""conversations"": null, ""emotional_availability"": null, ""has_children"": 14, ""lifestyle"": null, ""partner_children"": 14, ""partner_smoking"": 14, ""relationship_goal"": 0, ""relationship_pace"": null, ""relationship_structure"": 14, ""relocate"": null, ""schedule"": 14, ""smoking"": 14, ""space_for_relationship"": 0, ""wants_children"": 14, ""who_to_meet"": 14}"
syn_9cc7f75fc94e69a63816c0161fc1afb7,public_04,40,man,zone_a,True,synthetic_questionnaire,True,9,"[""zone_a""]",46,33,stories,taking_time,True,mixed,any,no_smoking,exploring,slow,non_monogamous,no,"[""weekday_evening""]",no,limited,no,"[""man"", ""non_binary"", ""woman""]",observed,observed,observed,observed,observed,observed,observed,observed,observed,observed,observed,observed,observed,observed,observed,observed,observed,observed,9,9,9,9,9,9,9,9,9,9,9,9,9,9,9,9,9,9,"{""acceptable_zones"": [""zone_a""], ""age_max"": 46, ""age_min"": 33, ""conversations"": ""stories"", ""emotional_availability"": ""taking_time"", ""has_children"": true, ""lifestyle"": ""mixed"", ""partner_children"": ""any"", ""partner_smoking"": ""no_smoking"", ""relationship_goal"": ""exploring"", ""relationship_pace"": ""slow"", ""relationship_structure"": ""non_monogamous"", ""relocate"": ""no"", ""schedule"": [""weekday_evening""], ""smoking"": ""no"", ""space_for_relationship"": ""limited"", ""wants_children"": ""no"", ""who_to_meet"": [""man"", ""non_binary"", ""woman""]}","{""acceptable_zones"": ""observed"", ""age_max"": ""observed"", ""age_min"": ""observed"", ""conversations"": ""observed"", ""emotional_availability"": ""observed"", ""has_children"": ""observed"", ""lifestyle"": ""observed"", ""partner_children"": ""observed"", ""partner_smoking"": ""observed"", ""relationship_goal"": ""observed"", ""relationship_pace"": ""observed"", ""relationship_structure"": ""observed"", ""relocate"": ""observed"", ""schedule"": ""observed"", ""smoking"": ""observed"", ""space_for_relationship"": ""observed"", ""wants_children"": ""observed"", ""who_to_meet"": ""observed""}","{""acceptable_zones"": 9, ""age_max"": 9, ""age_min"": 9, ""conversations"": 9, ""emotional_availability"": 9, ""has_children"": 9, ""lifestyle"": 9, ""partner_children"": 9, ""partner_smoking"": 9, ""relationship_goal"": 9, ""relationship_pace"": 9, ""relationship_structure"": 9, ""relocate"": 9, ""schedule"": 9, ""smoking"": 9, ""space_for_relationship"": 9, ""wants_children"": 9, ""who_to_meet"": 9}"
syn_7e4f6a7dee069443b0e31966297f9ca4,public_04,42,woman,zone_a,True,synthetic_questionnaire,True,0,,,,,,,mixed,,,,slow,,,,,,,,not_asked,declined,not_asked,not_asked,not_asked,not_asked,observed,not_asked,not_asked,not_asked,observed,not_asked,not_asked,not_asked,not_asked,not_asked,not_asked,not_asked,,,,,,,0,,,,0,,,,,,,,"{""acceptable_zones"": null, ""age_max"": null, ""age_min"": null, ""conversations"": null, ""emotional_availability"": null, ""has_children"": null, ""lifestyle"": ""mixed"", ""partner_children"": null, ""partner_smoking"": null, ""relationship_goal"": null, ""relationship_pace"": ""slow"", ""relationship_structure"": null, ""relocate"": null, ""schedule"": null, ""smoking"": null, ""space_for_relationship"": null, ""wants_children"": null, ""who_to_meet"": null}","{""acceptable_zones"": ""not_asked"", ""age_max"": ""declined"", ""age_min"": ""not_asked"", ""conversations"": ""not_asked"", ""emotional_availability"": ""not_asked"", ""has_children"": ""not_asked"", ""lifestyle"": ""observed"", ""partner_children"": ""not_asked"", ""partner_smoking"": ""not_asked"", ""relationship_goal"": ""not_asked"", ""relationship_pace"": ""observed"", ""relationship_structure"": ""not_asked"", ""relocate"": ""not_asked"", ""schedule"": ""not_asked"", ""smoking"": ""not_asked"", ""space_for_relationship"": ""not_asked"", ""wants_children"": ""not_asked"", ""who_to_meet"": ""not_asked""}","{""acceptable_zones"": null, ""age_max"": null, ""age_min"": null, ""conversations"": null, ""emotional_availability"": null, ""has_children"": null, ""lifestyle"": 0, ""partner_children"": null, ""partner_smoking"": null, ""relationship_goal"": null, ""relationship_pace"": 0, ""relationship_structure"": null, ""relocate"": null, ""schedule"": null, ""smoking"": null, ""space_for_relationship"": null, ""wants_children"": null, ""who_to_meet"": null}"
syn_50c445ec2c74d753c894c052671a3819,public_04,39,man,zone_c,True,synthetic_questionnaire,True,0,"[""zone_c""]",,,,,,,,,,,,,,,,,,observed,declined,not_asked,not_asked,not_asked,not_asked,not_asked,not_asked,not_asked,not_asked,not_asked,not_asked,not_asked,not_asked,not_asked,not_asked,not_asked,not_asked,0,,,,,,,,,,,,,,,,,,"{""acceptable_zones"": [""zone_c""], ""age_max"": null, ""age_min"": null, ""conversations"": null, ""emotional_availability"": null, ""has_children"": null, ""lifestyle"": null, ""partner_children"": null, ""partner_smoking"": null, ""relationship_goal"": null, ""relationship_pace"": null, ""relationship_structure"": null, ""relocate"": null, ""schedule"": null, ""smoking"": null, ""space_for_relationship"": null, ""wants_children"": null, ""who_to_meet"": null}","{""acceptable_zones"": ""observed"", ""age_max"": ""declined"", ""age_min"": ""not_asked"", ""conversations"": ""not_asked"", ""emotional_availability"": ""not_asked"", ""has_children"": ""not_asked"", ""lifestyle"": ""not_asked"", ""partner_children"": ""not_asked"", ""partner_smoking"": ""not_asked"", ""relationship_goal"": ""not_asked"", ""relationship_pace"": ""not_asked"", ""relationship_structure"": ""not_asked"", ""relocate"": ""not_asked"", ""schedule"": ""not_asked"", ""smoking"": ""not_asked"", ""space_for_relationship"": ""not_asked"", ""wants_children"": ""not_asked"", ""who_to_meet"": ""not_asked""}","{""acceptable_zones"": 0, ""age_max"": null, ""age_min"": null, ""conversations"": null, ""emotional_availability"": null, ""has_children"": null, ""lifestyle"": null, ""partner_children"": null, ""partner_smoking"": null, ""relationship_goal"": null, ""relationship_pace"": null, ""relationship_structure"": null, ""relocate"": null, ""schedule"": null, ""smoking"": null, ""space_for_relationship"": null, ""wants_children"": null, ""who_to_meet"": null}"
syn_36db1f5d2e83246f218ddc986f80693c,public_04,36,man,zone_a,True,synthetic_questionnaire,True,0,"[""zone_a""]",43,31,,,False,,no_children,any,long_term,,monogamous,,"[""weekend_evening"", ""weekend_day"", ""weekday_evening""]",no,,no,"[""non_binary""]",observed,observed,observed,not_asked,not_asked,observed,not_asked,observed,observed,observed,not_asked,observed,not_asked,observed,observed,not_asked,observed,observed,14,14,14,,,14,,14,14,0,,14,,14,14,,14,14,"{""acceptable_zones"": [""zone_a""], ""age_max"": 43, ""age_min"": 31, ""conversations"": null, ""emotional_availability"": null, ""has_children"": false, ""lifestyle"": null, ""partner_children"": ""no_children"", ""partner_smoking"": ""any"", ""relationship_goal"": ""long_term"", ""relationship_pace"": null, ""relationship_structure"": ""monogamous"", ""relocate"": null, ""schedule"": [""weekend_evening"", ""weekend_day"", ""weekday_evening""], ""smoking"": ""no"", ""space_for_relationship"": null, ""wants_children"": ""no"", ""who_to_meet"": [""non_binary""]}","{""acceptable_zones"": ""observed"", ""age_max"": ""observed"", ""age_min"": ""observed"", ""conversations"": ""not_asked"", ""emotional_availability"": ""not_asked"", ""has_children"": ""observed"", ""lifestyle"": ""not_asked"", ""partner_children"": ""observed"", ""partner_smoking"": ""observed"", ""relationship_goal"": ""observed"", ""relationship_pace"": ""not_asked"", ""relationship_structure"": ""observed"", ""relocate"": ""not_asked"", ""schedule"": ""observed"", ""smoking"": ""observed"", ""space_for_relationship"": ""not_asked"", ""wants_children"": ""observed"", ""who_to_meet"": ""observed""}","{""acceptable_zones"": 14, ""age_max"": 14, ""age_min"": 14, ""conversations"": null, ""emotional_availability"": null, ""has_children"": 14, ""lifestyle"": null, ""partner_children"": 14, ""partner_smoking"": 14, ""relationship_goal"": 0, ""relationship_pace"": null, ""relationship_structure"": 14, ""relocate"": null, ""schedule"": 14, ""smoking"": 14, ""space_for_relationship"": null, ""wants_children"": 14, ""who_to_meet"": 14}"
syn_6bca834307add6366756bf704c45a33e,public_04,32,man,zone_d,True,synthetic_questionnaire,True,0,"[""zone_d""]",38,27,ideas,ready,False,quiet,any,no_smoking,long_term,quick,monogamous,no,"[""weekend_evening"", ""weekday_evening"", ""weekend_day""]",no,moderate,yes,"[""woman""]",observed,observed,observed,observed,observed,observed,observed,observed,observed,observed,observed,observed,observed,observed,observed,observed,observed,observed,0,0,0,0,0,0,0,0,0,0,0,0,0,0,0,0,0,0,"{""acceptable_zones"": [""zone_d""], ""age_max"": 38, ""age_min"": 27, ""conversations"": ""ideas"", ""emotional_availability"": ""ready"", ""has_children"": false, ""lifestyle"": ""quiet"", ""partner_children"": ""any"", ""partner_smoking"": ""no_smoking"", ""relationship_goal"": ""long_term"", ""relationship_pace"": ""quick"", ""relationship_structure"": ""monogamous"", ""relocate"": ""no"", ""schedule"": [""weekend_evening"", ""weekday_evening"", ""weekend_day""], ""smoking"": ""no"", ""space_for_relationship"": ""moderate"", ""wants_children"": ""yes"", ""who_to_meet"": [""woman""]}","{""acceptable_zones"": ""observed"", ""age_max"": ""observed"", ""age_min"": ""observed"", ""conversations"": ""observed"", ""emotional_availability"": ""observed"", ""has_children"": ""observed"", ""lifestyle"": ""observed"", ""partner_children"": ""observed"", ""partner_smoking"": ""observed"", ""relationship_goal"": ""observed"", ""relationship_pace"": ""observed"", ""relationship_structure"": ""observed"", ""relocate"": ""observed"", ""schedule"": ""observed"", ""smoking"": ""observed"", ""space_for_relationship"": ""observed"", ""wants_children"": ""observed"", ""who_to_meet"": ""observed""}","{""acceptable_zones"": 0, ""age_max"": 0, ""age_min"": 0, ""conversations"": 0, ""emotional_availability"": 0, ""has_children"": 0, ""lifestyle"": 0, ""partner_children"": 0, ""partner_smoking"": 0, ""relationship_goal"": 0, ""relationship_pace"": 0, ""relationship_structure"": 0, ""relocate"": 0, ""schedule"": 0, ""smoking"": 0, ""space_for_relationship"": 0, ""wants_children"": 0, ""who_to_meet"": 0}"
syn_3e326a6844f3af489e20bb3b65ab26a8,public_04,44,man,zone_a,True,synthetic_questionnaire,True,2,,,,,,,,,,,,monogamous,no,,,,,,not_asked,not_asked,declined,not_asked,not_asked,not_asked,not_asked,declined,not_asked,not_asked,not_asked,observed,observed,not_asked,not_asked,not_asked,not_asked,not_asked,,,,,,,,,,,,2,2,,,,,,"{""acceptable_zones"": null, ""age_max"": null, ""age_min"": null, ""conversations"": null, ""emotional_availability"": null, ""has_children"": null, ""lifestyle"": null, ""partner_children"": null, ""partner_smoking"": null, ""relationship_goal"": null, ""relationship_pace"": null, ""relationship_structure"": ""monogamous"", ""relocate"": ""no"", ""schedule"": null, ""smoking"": null, ""space_for_relationship"": null, ""wants_children"": null, ""who_to_meet"": null}","{""acceptable_zones"": ""not_asked"", ""age_max"": ""not_asked"", ""age_min"": ""declined"", ""conversations"": ""not_asked"", ""emotional_availability"": ""not_asked"", ""has_children"": ""not_asked"", ""lifestyle"": ""not_asked"", ""partner_children"": ""declined"", ""partner_smoking"": ""not_asked"", ""relationship_goal"": ""not_asked"", ""relationship_pace"": ""not_asked"", ""relationship_structure"": ""observed"", ""relocate"": ""observed"", ""schedule"": ""not_asked"", ""smoking"": ""not_asked"", ""space_for_relationship"": ""not_asked"", ""wants_children"": ""not_asked"", ""who_to_meet"": ""not_asked""}","{""acceptable_zones"": null, ""age_max"": null, ""age_min"": null, ""conversations"": null, ""emotional_availability"": null, ""has_children"": null, ""lifestyle"": null, ""partner_children"": null, ""partner_smoking"": null, ""relationship_goal"": null, ""relationship_pace"": null, ""relationship_structure"": 2, ""relocate"": 2, ""schedule"": null, ""smoking"": null, ""space_for_relationship"": null, ""wants_children"": null, ""who_to_meet"": null}"
syn_8934e986f20fa72046c53b387930debc,public_04,28,man,zone_a,True,synthetic_questionnaire,True,13,"[""zone_a"", ""zone_c""]",35,21,stories,taking_time,False,mixed,no_children,no_smoking,exploring,steady,monogamous,no,"[""weekend_day"", ""weekday_evening""]",no,moderate,unsure,"[""man""]",observed,observed,observed,observed,observed,observed,observed,observed,observed,observed,observed,observed,observed,observed,observed,observed,observed,observed,13,13,13,13,13,13,13,13,13,13,13,13,13,13,13,13,13,13,"{""acceptable_zones"": [""zone_a"", ""zone_c""], ""age_max"": 35, ""age_min"": 21, ""conversations"": ""stories"", ""emotional_availability"": ""taking_time"", ""has_children"": false, ""lifestyle"": ""mixed"", ""partner_children"": ""no_children"", ""partner_smoking"": ""no_smoking"", ""relationship_goal"": ""exploring"", ""relationship_pace"": ""steady"", ""relationship_structure"": ""monogamous"", ""relocate"": ""no"", ""schedule"": [""weekend_day"", ""weekday_evening""], ""smoking"": ""no"", ""space_for_relationship"": ""moderate"", ""wants_children"": ""unsure"", ""who_to_meet"": [""man""]}","{""acceptable_zones"": ""observed"", ""age_max"": ""observed"", ""age_min"": ""observed"", ""conversations"": ""observed"", ""emotional_availability"": ""observed"", ""has_children"": ""observed"", ""lifestyle"": ""observed"", ""partner_children"": ""observed"", ""partner_smoking"": ""observed"", ""relationship_goal"": ""observed"", ""relationship_pace"": ""observed"", ""relationship_structure"": ""observed"", ""relocate"": ""observed"", ""schedule"": ""observed"", ""smoking"": ""observed"", ""space_for_relationship"": ""observed"", ""wants_children"": ""observed"", ""who_to_meet"": ""observed""}","{""acceptable_zones"": 13, ""age_max"": 13, ""age_min"": 13, ""conversations"": 13, ""emotional_availability"": 13, ""has_children"": 13, ""lifestyle"": 13, ""partner_children"": 13, ""partner_smoking"": 13, ""relationship_goal"": 13, ""relationship_pace"": 13, ""relationship_structure"": 13, ""relocate"": 13, ""schedule"": 13, ""smoking"": 13, ""space_for_relationship"": 13, ""wants_children"": 13, ""who_to_meet"": 13}"
syn_5d6a7b2014dc337c44a13f5425d4e805,public_04,41,man,zone_a,True,synthetic_questionnaire,True,0,,,,,ready,,,,no_smoking,,,,,,,,,,not_asked,not_asked,not_asked,not_asked,observed,not_asked,not_asked,not_asked,observed,not_asked,not_asked,declined,declined,not_asked,not_asked,not_asked,not_asked,not_asked,,,,,0,,,,0,,,,,,,,,,"{""acceptable_zones"": null, ""age_max"": null, ""age_min"": null, ""conversations"": null, ""emotional_availability"": ""ready"", ""has_children"": null, ""lifestyle"": null, ""partner_children"": null, ""partner_smoking"": ""no_smoking"", ""relationship_goal"": null, ""relationship_pace"": null, ""relationship_structure"": null, ""relocate"": null, ""schedule"": null, ""smoking"": null, ""space_for_relationship"": null, ""wants_children"": null, ""who_to_meet"": null}","{""acceptable_zones"": ""not_asked"", ""age_max"": ""not_asked"", ""age_min"": ""not_asked"", ""conversations"": ""not_asked"", ""emotional_availability"": ""observed"", ""has_children"": ""not_asked"", ""lifestyle"": ""not_asked"", ""partner_children"": ""not_asked"", ""partner_smoking"": ""observed"", ""relationship_goal"": ""not_asked"", ""relationship_pace"": ""not_asked"", ""relationship_structure"": ""declined"", ""relocate"": ""declined"", ""schedule"": ""not_asked"", ""smoking"": ""not_asked"", ""space_for_relationship"": ""not_asked"", ""wants_children"": ""not_asked"", ""who_to_meet"": ""not_asked""}","{""acceptable_zones"": null, ""age_max"": null, ""age_min"": null, ""conversations"": null, ""emotional_availability"": 0, ""has_children"": null, ""lifestyle"": null, ""partner_children"": null, ""partner_smoking"": 0, ""relationship_goal"": null, ""relationship_pace"": null, ""relationship_structure"": null, ""relocate"": null, ""schedule"": null, ""smoking"": null, ""space_for_relationship"": null, ""wants_children"": null, ""who_to_meet"": null}"
syn_60709e4a9b849a4ed8968f377b9c9451,public_04,30,man,zone_b,True,synthetic_questionnaire,True,14,"[""zone_b"", ""zone_a""]",38,22,stories,taking_time,False,mixed,any,no_smoking,exploring,steady,monogamous,no,"[""weekend_day""]",occasionally,limited,unsure,"[""non_binary""]",observed,observed,observed,observed,observed,observed,observed,observed,observed,observed,observed,observed,observed,observed,observed,observed,observed,observed,14,14,14,14,14,14,14,14,14,14,14,14,14,14,14,14,14,14,"{""acceptable_zones"": [""zone_b"", ""zone_a""], ""age_max"": 38, ""age_min"": 22, ""conversations"": ""stories"", ""emotional_availability"": ""taking_time"", ""has_children"": false, ""lifestyle"": ""mixed"", ""partner_children"": ""any"", ""partner_smoking"": ""no_smoking"", ""relationship_goal"": ""exploring"", ""relationship_pace"": ""steady"", ""relationship_structure"": ""monogamous"", ""relocate"": ""no"", ""schedule"": [""weekend_day""], ""smoking"": ""occasionally"", ""space_for_relationship"": ""limited"", ""wants_children"": ""unsure"", ""who_to_meet"": [""non_binary""]}","{""acceptable_zones"": ""observed"", ""age_max"": ""observed"", ""age_min"": ""observed"", ""conversations"": ""observed"", ""emotional_availability"": ""observed"", ""has_children"": ""observed"", ""lifestyle"": ""observed"", ""partner_children"": ""observed"", ""partner_smoking"": ""observed"", ""relationship_goal"": ""observed"", ""relationship_pace"": ""observed"", ""relationship_structure"": ""observed"", ""relocate"": ""observed"", ""schedule"": ""observed"", ""smoking"": ""observed"", ""space_for_relationship"": ""observed"", ""wants_children"": ""observed"", ""who_to_meet"": ""observed""}","{""acceptable_zones"": 14, ""age_max"": 14, ""age_min"": 14, ""conversations"": 14, ""emotional_availability"": 14, ""has_children"": 14, ""lifestyle"": 14, ""partner_children"": 14, ""partner_smoking"": 14, ""relationship_goal"": 14, ""relationship_pace"": 14, ""relationship_structure"": 14, ""relocate"": 14, ""schedule"": 14, ""smoking"": 14, ""space_for_relationship"": 14, ""wants_children"": 14, ""who_to_meet"": 14}"
syn_1a33748b8d8c9cc4de84b152b019cf40,public_04,32,man,zone_a,True,synthetic_questionnaire,True,0,"[""zone_a""]",41,26,,,True,,no_children,no_smoking,,,monogamous,,"[""weekend_day"", ""weekend_evening"", ""weekday_evening""]",occasionally,,no,"[""woman""]",observed,observed,observed,not_asked,not_asked,observed,not_asked,observed,observed,not_asked,not_asked,observed,not_asked,observed,observed,not_asked,observed,observed,14,14,14,,,14,,14,14,,,14,,14,14,,14,14,"{""acceptable_zones"": [""zone_a""], ""age_max"": 41, ""age_min"": 26, ""conversations"": null, ""emotional_availability"": null, ""has_children"": true, ""lifestyle"": null, ""partner_children"": ""no_children"", ""partner_smoking"": ""no_smoking"", ""relationship_goal"": null, ""relationship_pace"": null, ""relationship_structure"": ""monogamous"", ""relocate"": null, ""schedule"": [""weekend_day"", ""weekend_evening"", ""weekday_evening""], ""smoking"": ""occasionally"", ""space_for_relationship"": null, ""wants_children"": ""no"", ""who_to_meet"": [""woman""]}","{""acceptable_zones"": ""observed"", ""age_max"": ""observed"", ""age_min"": ""observed"", ""conversations"": ""not_asked"", ""emotional_availability"": ""not_asked"", ""has_children"": ""observed"", ""lifestyle"": ""not_asked"", ""partner_children"": ""observed"", ""partner_smoking"": ""observed"", ""relationship_goal"": ""not_asked"", ""relationship_pace"": ""not_asked"", ""relationship_structure"": ""observed"", ""relocate"": ""not_asked"", ""schedule"": ""observed"", ""smoking"": ""observed"", ""space_for_relationship"": ""not_asked"", ""wants_children"": ""observed"", ""who_to_meet"": ""observed""}","{""acceptable_zones"": 14, ""age_max"": 14, ""age_min"": 14, ""conversations"": null, ""emotional_availability"": null, ""has_children"": 14, ""lifestyle"": null, ""partner_children"": 14, ""partner_smoking"": 14, ""relationship_goal"": null, ""relationship_pace"": null, ""relationship_structure"": 14, ""relocate"": null, ""schedule"": 14, ""smoking"": 14, ""space_for_relationship"": null, ""wants_children"": 14, ""who_to_meet"": 14}"
syn_85b0ae882f291236f844d7899f66a6b4,public_04,25,man,zone_a,True,synthetic_questionnaire,True,0,,,,,,,,,,,,,,"[""weekend_day"", ""weekend_evening""]",,,,,not_asked,not_asked,not_asked,not_asked,not_asked,not_asked,not_asked,not_asked,not_asked,not_asked,not_asked,not_asked,not_asked,observed,not_asked,not_asked,declined,not_asked,,,,,,,,,,,,,,0,,,,,"{""acceptable_zones"": null, ""age_max"": null, ""age_min"": null, ""conversations"": null, ""emotional_availability"": null, ""has_children"": null, ""lifestyle"": null, ""partner_children"": null, ""partner_smoking"": null, ""relationship_goal"": null, ""relationship_pace"": null, ""relationship_structure"": null, ""relocate"": null, ""schedule"": [""weekend_day"", ""weekend_evening""], ""smoking"": null, ""space_for_relationship"": null, ""wants_children"": null, ""who_to_meet"": null}","{""acceptable_zones"": ""not_asked"", ""age_max"": ""not_asked"", ""age_min"": ""not_asked"", ""conversations"": ""not_asked"", ""emotional_availability"": ""not_asked"", ""has_children"": ""not_asked"", ""lifestyle"": ""not_asked"", ""partner_children"": ""not_asked"", ""partner_smoking"": ""not_asked"", ""relationship_goal"": ""not_asked"", ""relationship_pace"": ""not_asked"", ""relationship_structure"": ""not_asked"", ""relocate"": ""not_asked"", ""schedule"": ""observed"", ""smoking"": ""not_asked"", ""space_for_relationship"": ""not_asked"", ""wants_children"": ""declined"", ""who_to_meet"": ""not_asked""}","{""acceptable_zones"": null, ""age_max"": null, ""age_min"": null, ""conversations"": null, ""emotional_availability"": null, ""has_children"": null, ""lifestyle"": null, ""partner_children"": null, ""partner_smoking"": null, ""relationship_goal"": null, ""relationship_pace"": null, ""relationship_structure"": null, ""relocate"": null, ""schedule"": 0, ""smoking"": null, ""space_for_relationship"": null, ""wants_children"": null, ""who_to_meet"": null}"
syn_28559b2a38071b7b85d23c8f164497a0,public_04,25,man,zone_a,True,synthetic_questionnaire,True,0,"[""zone_a""]",32,22,ideas,taking_time,False,quiet,any,no_smoking,exploring,slow,monogamous,unsure,"[""weekday_evening"", ""weekend_day""]",no,moderate,unsure,"[""woman""]",observed,observed,observed,observed,observed,observed,observed,observed,observed,observed,observed,observed,observed,observed,observed,observed,observed,observed,0,0,0,0,0,0,0,0,0,0,0,0,0,0,0,0,0,0,"{""acceptable_zones"": [""zone_a""], ""age_max"": 32, ""age_min"": 22, ""conversations"": ""ideas"", ""emotional_availability"": ""taking_time"", ""has_children"": false, ""lifestyle"": ""quiet"", ""partner_children"": ""any"", ""partner_smoking"": ""no_smoking"", ""relationship_goal"": ""exploring"", ""relationship_pace"": ""slow"", ""relationship_structure"": ""monogamous"", ""relocate"": ""unsure"", ""schedule"": [""weekday_evening"", ""weekend_day""], ""smoking"": ""no"", ""space_for_relationship"": ""moderate"", ""wants_children"": ""unsure"", ""who_to_meet"": [""woman""]}","{""acceptable_zones"": ""observed"", ""age_max"": ""observed"", ""age_min"": ""observed"", ""conversations"": ""observed"", ""emotional_availability"": ""observed"", ""has_children"": ""observed"", ""lifestyle"": ""observed"", ""partner_children"": ""observed"", ""partner_smoking"": ""observed"", ""relationship_goal"": ""observed"", ""relationship_pace"": ""observed"", ""relationship_structure"": ""observed"", ""relocate"": ""observed"", ""schedule"": ""observed"", ""smoking"": ""observed"", ""space_for_relationship"": ""observed"", ""wants_children"": ""observed"", ""who_to_meet"": ""observed""}","{""acceptable_zones"": 0, ""age_max"": 0, ""age_min"": 0, ""conversations"": 0, ""emotional_availability"": 0, ""has_children"": 0, ""lifestyle"": 0, ""partner_children"": 0, ""partner_smoking"": 0, ""relationship_goal"": 0, ""relationship_pace"": 0, ""relationship_structure"": 0, ""relocate"": 0, ""schedule"": 0, ""smoking"": 0, ""space_for_relationship"": 0, ""wants_children"": 0, ""who_to_meet"": 0}"
syn_a36e85bc3ba96be0c2b160b2a74458a2,public_04,34,man,zone_a,True,synthetic_questionnaire,True,0,"[""zone_a"", ""zone_b""]",41,27,playful,taking_time,False,social,any,no_smoking,exploring,slow,non_monogamous,no,"[""weekend_evening"", ""weekend_day""]",no,limited,unsure,"[""woman""]",observed,observed,observed,observed,observed,observed,observed,observed,observed,observed,observed,observed,observed,observed,observed,observed,observed,observed,0,0,0,0,0,0,0,0,0,0,0,0,0,0,0,0,0,0,"{""acceptable_zones"": [""zone_a"", ""zone_b""], ""age_max"": 41, ""age_min"": 27, ""conversations"": ""playful"", ""emotional_availability"": ""taking_time"", ""has_children"": false, ""lifestyle"": ""social"", ""partner_children"": ""any"", ""partner_smoking"": ""no_smoking"", ""relationship_goal"": ""exploring"", ""relationship_pace"": ""slow"", ""relationship_structure"": ""non_monogamous"", ""relocate"": ""no"", ""schedule"": [""weekend_evening"", ""weekend_day""], ""smoking"": ""no"", ""space_for_relationship"": ""limited"", ""wants_children"": ""unsure"", ""who_to_meet"": [""woman""]}","{""acceptable_zones"": ""observed"", ""age_max"": ""observed"", ""age_min"": ""observed"", ""conversations"": ""observed"", ""emotional_availability"": ""observed"", ""has_children"": ""observed"", ""lifestyle"": ""observed"", ""partner_children"": ""observed"", ""partner_smoking"": ""observed"", ""relationship_goal"": ""observed"", ""relationship_pace"": ""observed"", ""relationship_structure"": ""observed"", ""relocate"": ""observed"", ""schedule"": ""observed"", ""smoking"": ""observed"", ""space_for_relationship"": ""observed"", ""wants_children"": ""observed"", ""who_to_meet"": ""observed""}","{""acceptable_zones"": 0, ""age_max"": 0, ""age_min"": 0, ""conversations"": 0, ""emotional_availability"": 0, ""has_children"": 0, ""lifestyle"": 0, ""partner_children"": 0, ""partner_smoking"": 0, ""relationship_goal"": 0, ""relationship_pace"": 0, ""relationship_structure"": 0, ""relocate"": 0, ""schedule"": 0, ""smoking"": 0, ""space_for_relationship"": 0, ""wants_children"": 0, ""who_to_meet"": 0}"
syn_6c47a8408731747e16ef1ca0b43544d4,public_04,36,woman,zone_a,True,synthetic_questionnaire,True,0,"[""zone_a""]",42,31,,,False,,any,no_smoking,,,monogamous,,"[""weekend_day""]",no,,yes,"[""non_binary""]",observed,observed,observed,not_asked,not_asked,observed,not_asked,observed,observed,not_asked,not_asked,observed,not_asked,observed,observed,not_asked,observed,observed,14,14,14,,,14,,14,14,,,14,,14,14,,14,14,"{""acceptable_zones"": [""zone_a""], ""age_max"": 42, ""age_min"": 31, ""conversations"": null, ""emotional_availability"": null, ""has_children"": false, ""lifestyle"": null, ""partner_children"": ""any"", ""partner_smoking"": ""no_smoking"", ""relationship_goal"": null, ""relationship_pace"": null, ""relationship_structure"": ""monogamous"", ""relocate"": null, ""schedule"": [""weekend_day""], ""smoking"": ""no"", ""space_for_relationship"": null, ""wants_children"": ""yes"", ""who_to_meet"": [""non_binary""]}","{""acceptable_zones"": ""observed"", ""age_max"": ""observed"", ""age_min"": ""observed"", ""conversations"": ""not_asked"", ""emotional_availability"": ""not_asked"", ""has_children"": ""observed"", ""lifestyle"": ""not_asked"", ""partner_children"": ""observed"", ""partner_smoking"": ""observed"", ""relationship_goal"": ""not_asked"", ""relationship_pace"": ""not_asked"", ""relationship_structure"": ""observed"", ""relocate"": ""not_asked"", ""schedule"": ""observed"", ""smoking"": ""observed"", ""space_for_relationship"": ""not_asked"", ""wants_children"": ""observed"", ""who_to_meet"": ""observed""}","{""acceptable_zones"": 14, ""age_max"": 14, ""age_min"": 14, ""conversations"": null, ""emotional_availability"": null, ""has_children"": 14, ""lifestyle"": null, ""partner_children"": 14, ""partner_smoking"": 14, ""relationship_goal"": null, ""relationship_pace"": null, ""relationship_structure"": 14, ""relocate"": null, ""schedule"": 14, ""smoking"": 14, ""space_for_relationship"": null, ""wants_children"": 14, ""who_to_meet"": 14}"
syn_9ed0763ad086a0bd35716d3bf3896584,public_04,46,woman,zone_a,True,synthetic_questionnaire,True,8,"[""zone_a""]",54,43,,,False,,any,any,,,monogamous,,"[""weekend_day"", ""weekday_evening""]",no,,no,"[""woman"", ""non_binary""]",observed,observed,observed,not_asked,not_asked,observed,not_asked,observed,observed,not_asked,not_asked,observed,not_asked,observed,observed,not_asked,observed,observed,15,15,15,,,15,,15,15,,,15,,15,15,,15,15,"{""acceptable_zones"": [""zone_a""], ""age_max"": 54, ""age_min"": 43, ""conversations"": null, ""emotional_availability"": null, ""has_children"": false, ""lifestyle"": null, ""partner_children"": ""any"", ""partner_smoking"": ""any"", ""relationship_goal"": null, ""relationship_pace"": null, ""relationship_structure"": ""monogamous"", ""relocate"": null, ""schedule"": [""weekend_day"", ""weekday_evening""], ""smoking"": ""no"", ""space_for_relationship"": null, ""wants_children"": ""no"", ""who_to_meet"": [""woman"", ""non_binary""]}","{""acceptable_zones"": ""observed"", ""age_max"": ""observed"", ""age_min"": ""observed"", ""conversations"": ""not_asked"", ""emotional_availability"": ""not_asked"", ""has_children"": ""observed"", ""lifestyle"": ""not_asked"", ""partner_children"": ""observed"", ""partner_smoking"": ""observed"", ""relationship_goal"": ""not_asked"", ""relationship_pace"": ""not_asked"", ""relationship_structure"": ""observed"", ""relocate"": ""not_asked"", ""schedule"": ""observed"", ""smoking"": ""observed"", ""space_for_relationship"": ""not_asked"", ""wants_children"": ""observed"", ""who_to_meet"": ""observed""}","{""acceptable_zones"": 15, ""age_max"": 15, ""age_min"": 15, ""conversations"": null, ""emotional_availability"": null, ""has_children"": 15, ""lifestyle"": null, ""partner_children"": 15, ""partner_smoking"": 15, ""relationship_goal"": null, ""relationship_pace"": null, ""relationship_structure"": 15, ""relocate"": null, ""schedule"": 15, ""smoking"": 15, ""space_for_relationship"": null, ""wants_children"": 15, ""who_to_meet"": 15}"
syn_cdb5164e90387ebfe9a348c5ffa454ca,public_04,41,man,zone_a,True,synthetic_questionnaire,True,0,,,,,,,,,,,,,,,occasionally,limited,,,not_asked,not_asked,not_asked,not_asked,not_asked,declined,not_asked,not_asked,not_asked,declined,not_asked,not_asked,not_asked,not_asked,observed,observed,not_asked,not_asked,,,,,,,,,,,,,,,0,0,,,"{""acceptable_zones"": null, ""age_max"": null, ""age_min"": null, ""conversations"": null, ""emotional_availability"": null, ""has_children"": null, ""lifestyle"": null, ""partner_children"": null, ""partner_smoking"": null, ""relationship_goal"": null, ""relationship_pace"": null, ""relationship_structure"": null, ""relocate"": null, ""schedule"": null, ""smoking"": ""occasionally"", ""space_for_relationship"": ""limited"", ""wants_children"": null, ""who_to_meet"": null}","{""acceptable_zones"": ""not_asked"", ""age_max"": ""not_asked"", ""age_min"": ""not_asked"", ""conversations"": ""not_asked"", ""emotional_availability"": ""not_asked"", ""has_children"": ""declined"", ""lifestyle"": ""not_asked"", ""partner_children"": ""not_asked"", ""partner_smoking"": ""not_asked"", ""relationship_goal"": ""declined"", ""relationship_pace"": ""not_asked"", ""relationship_structure"": ""not_asked"", ""relocate"": ""not_asked"", ""schedule"": ""not_asked"", ""smoking"": ""observed"", ""space_for_relationship"": ""observed"", ""wants_children"": ""not_asked"", ""who_to_meet"": ""not_asked""}","{""acceptable_zones"": null, ""age_max"": null, ""age_min"": null, ""conversations"": null, ""emotional_availability"": null, ""has_children"": null, ""lifestyle"": null, ""partner_children"": null, ""partner_smoking"": null, ""relationship_goal"": null, ""relationship_pace"": null, ""relationship_structure"": null, ""relocate"": null, ""schedule"": null, ""smoking"": 0, ""space_for_relationship"": 0, ""wants_children"": null, ""who_to_meet"": null}"
syn_0618284f7df9439460008c78a5cb199c,public_04,33,woman,zone_a,False,synthetic_questionnaire,True,7,,,,,,True,,,,,,,,,,ample,,,not_asked,not_asked,not_asked,declined,not_asked,observed,not_asked,not_asked,declined,not_asked,not_asked,not_asked,not_asked,not_asked,declined,observed,not_asked,declined,,,,,,7,,,,,,,,,,7,,,"{""acceptable_zones"": null, ""age_max"": null, ""age_min"": null, ""conversations"": null, ""emotional_availability"": null, ""has_children"": true, ""lifestyle"": null, ""partner_children"": null, ""partner_smoking"": null, ""relationship_goal"": null, ""relationship_pace"": null, ""relationship_structure"": null, ""relocate"": null, ""schedule"": null, ""smoking"": null, ""space_for_relationship"": ""ample"", ""wants_children"": null, ""who_to_meet"": null}","{""acceptable_zones"": ""not_asked"", ""age_max"": ""not_asked"", ""age_min"": ""not_asked"", ""conversations"": ""declined"", ""emotional_availability"": ""not_asked"", ""has_children"": ""observed"", ""lifestyle"": ""not_asked"", ""partner_children"": ""not_asked"", ""partner_smoking"": ""declined"", ""relationship_goal"": ""not_asked"", ""relationship_pace"": ""not_asked"", ""relationship_structure"": ""not_asked"", ""relocate"": ""not_asked"", ""schedule"": ""not_asked"", ""smoking"": ""declined"", ""space_for_relationship"": ""observed"", ""wants_children"": ""not_asked"", ""who_to_meet"": ""declined""}","{""acceptable_zones"": null, ""age_max"": null, ""age_min"": null, ""conversations"": null, ""emotional_availability"": null, ""has_children"": 7, ""lifestyle"": null, ""partner_children"": null, ""partner_smoking"": null, ""relationship_goal"": null, ""relationship_pace"": null, ""relationship_structure"": null, ""relocate"": null, ""schedule"": null, ""smoking"": null, ""space_for_relationship"": 7, ""wants_children"": null, ""who_to_meet"": null}"
syn_1b6880c76aa4fac265ac5fd1a789e195,public_04,33,man,zone_a,False,synthetic_questionnaire,True,0,"[""zone_a"", ""zone_b""]",38,28,practical,,False,,no_children,any,long_term,,monogamous,,"[""weekend_evening"", ""weekday_evening"", ""weekend_day""]",no,,unsure,"[""man""]",observed,observed,observed,observed,not_asked,observed,not_asked,observed,observed,observed,not_asked,observed,not_asked,observed,observed,not_asked,observed,observed,15,15,15,0,,15,,15,15,0,,15,,15,15,,15,15,"{""acceptable_zones"": [""zone_a"", ""zone_b""], ""age_max"": 38, ""age_min"": 28, ""conversations"": ""practical"", ""emotional_availability"": null, ""has_children"": false, ""lifestyle"": null, ""partner_children"": ""no_children"", ""partner_smoking"": ""any"", ""relationship_goal"": ""long_term"", ""relationship_pace"": null, ""relationship_structure"": ""monogamous"", ""relocate"": null, ""schedule"": [""weekend_evening"", ""weekday_evening"", ""weekend_day""], ""smoking"": ""no"", ""space_for_relationship"": null, ""wants_children"": ""unsure"", ""who_to_meet"": [""man""]}","{""acceptable_zones"": ""observed"", ""age_max"": ""observed"", ""age_min"": ""observed"", ""conversations"": ""observed"", ""emotional_availability"": ""not_asked"", ""has_children"": ""observed"", ""lifestyle"": ""not_asked"", ""partner_children"": ""observed"", ""partner_smoking"": ""observed"", ""relationship_goal"": ""observed"", ""relationship_pace"": ""not_asked"", ""relationship_structure"": ""observed"", ""relocate"": ""not_asked"", ""schedule"": ""observed"", ""smoking"": ""observed"", ""space_for_relationship"": ""not_asked"", ""wants_children"": ""observed"", ""who_to_meet"": ""observed""}","{""acceptable_zones"": 15, ""age_max"": 15, ""age_min"": 15, ""conversations"": 0, ""emotional_availability"": null, ""has_children"": 15, ""lifestyle"": null, ""partner_children"": 15, ""partner_smoking"": 15, ""relationship_goal"": 0, ""relationship_pace"": null, ""relationship_structure"": 15, ""relocate"": null, ""schedule"": 15, ""smoking"": 15, ""space_for_relationship"": null, ""wants_children"": 15, ""who_to_meet"": 15}"
syn_b49c4d80007ff81c1cbb9e2e1dc82bf9,public_04,38,woman,zone_a,False,synthetic_questionnaire,True,0,"[""zone_a"", ""zone_b""]",44,31,stories,taking_time,False,quiet,no_children,no_smoking,exploring,quick,monogamous,unsure,"[""weekday_evening""]",no,ample,unsure,"[""woman""]",observed,observed,observed,observed,observed,observed,observed,observed,observed,observed,observed,observed,observed,observed,observed,observed,observed,observed,0,0,0,0,0,0,0,0,0,0,0,0,0,0,0,0,0,0,"{""acceptable_zones"": [""zone_a"", ""zone_b""], ""age_max"": 44, ""age_min"": 31, ""conversations"": ""stories"", ""emotional_availability"": ""taking_time"", ""has_children"": false, ""lifestyle"": ""quiet"", ""partner_children"": ""no_children"", ""partner_smoking"": ""no_smoking"", ""relationship_goal"": ""exploring"", ""relationship_pace"": ""quick"", ""relationship_structure"": ""monogamous"", ""relocate"": ""unsure"", ""schedule"": [""weekday_evening""], ""smoking"": ""no"", ""space_for_relationship"": ""ample"", ""wants_children"": ""unsure"", ""who_to_meet"": [""woman""]}","{""acceptable_zones"": ""observed"", ""age_max"": ""observed"", ""age_min"": ""observed"", ""conversations"": ""observed"", ""emotional_availability"": ""observed"", ""has_children"": ""observed"", ""lifestyle"": ""observed"", ""partner_children"": ""observed"", ""partner_smoking"": ""observed"", ""relationship_goal"": ""observed"", ""relationship_pace"": ""observed"", ""relationship_structure"": ""observed"", ""relocate"": ""observed"", ""schedule"": ""observed"", ""smoking"": ""observed"", ""space_for_relationship"": ""observed"", ""wants_children"": ""observed"", ""who_to_meet"": ""observed""}","{""acceptable_zones"": 0, ""age_max"": 0, ""age_min"": 0, ""conversations"": 0, ""emotional_availability"": 0, ""has_children"": 0, ""lifestyle"": 0, ""partner_children"": 0, ""partner_smoking"": 0, ""relationship_goal"": 0, ""relationship_pace"": 0, ""relationship_structure"": 0, ""relocate"": 0, ""schedule"": 0, ""smoking"": 0, ""space_for_relationship"": 0, ""wants_children"": 0, ""who_to_meet"": 0}"
syn_938b2288b51fb2c969f0471cd76902b4,public_04,23,man,zone_a,True,synthetic_questionnaire,True,0,"[""zone_a""]",28,18,,,True,,any,no_smoking,,,monogamous,,"[""weekend_evening"", ""weekday_evening"", ""weekend_day""]",no,,unsure,"[""man"", ""woman""]",observed,observed,observed,not_asked,not_asked,observed,not_asked,observed,observed,not_asked,not_asked,observed,declined,observed,observed,not_asked,observed,observed,15,15,15,,,15,,15,15,,,15,,15,15,,15,15,"{""acceptable_zones"": [""zone_a""], ""age_max"": 28, ""age_min"": 18, ""conversations"": null, ""emotional_availability"": null, ""has_children"": true, ""lifestyle"": null, ""partner_children"": ""any"", ""partner_smoking"": ""no_smoking"", ""relationship_goal"": null, ""relationship_pace"": null, ""relationship_structure"": ""monogamous"", ""relocate"": null, ""schedule"": [""weekend_evening"", ""weekday_evening"", ""weekend_day""], ""smoking"": ""no"", ""space_for_relationship"": null, ""wants_children"": ""unsure"", ""who_to_meet"": [""man"", ""woman""]}","{""acceptable_zones"": ""observed"", ""age_max"": ""observed"", ""age_min"": ""observed"", ""conversations"": ""not_asked"", ""emotional_availability"": ""not_asked"", ""has_children"": ""observed"", ""lifestyle"": ""not_asked"", ""partner_children"": ""observed"", ""partner_smoking"": ""observed"", ""relationship_goal"": ""not_asked"", ""relationship_pace"": ""not_asked"", ""relationship_structure"": ""observed"", ""relocate"": ""declined"", ""schedule"": ""observed"", ""smoking"": ""observed"", ""space_for_relationship"": ""not_asked"", ""wants_children"": ""observed"", ""who_to_meet"": ""observed""}","{""acceptable_zones"": 15, ""age_max"": 15, ""age_min"": 15, ""conversations"": null, ""emotional_availability"": null, ""has_children"": 15, ""lifestyle"": null, ""partner_children"": 15, ""partner_smoking"": 15, ""relationship_goal"": null, ""relationship_pace"": null, ""relationship_structure"": 15, ""relocate"": null, ""schedule"": 15, ""smoking"": 15, ""space_for_relationship"": null, ""wants_children"": 15, ""who_to_meet"": 15}"
syn_eb8696fb693b13718b8d552d3dee6513,public_04,34,woman,zone_a,True,synthetic_questionnaire,True,0,"[""zone_a""]",38,26,practical,ready,False,mixed,any,no_smoking,exploring,steady,monogamous,yes,"[""weekday_evening"", ""weekend_evening"", ""weekend_day""]",no,limited,yes,"[""man""]",observed,observed,observed,observed,observed,observed,observed,observed,observed,observed,observed,observed,observed,observed,observed,observed,observed,observed,0,0,0,0,0,0,0,0,0,0,0,0,0,0,0,0,0,0,"{""acceptable_zones"": [""zone_a""], ""age_max"": 38, ""age_min"": 26, ""conversations"": ""practical"", ""emotional_availability"": ""ready"", ""has_children"": false, ""lifestyle"": ""mixed"", ""partner_children"": ""any"", ""partner_smoking"": ""no_smoking"", ""relationship_goal"": ""exploring"", ""relationship_pace"": ""steady"", ""relationship_structure"": ""monogamous"", ""relocate"": ""yes"", ""schedule"": [""weekday_evening"", ""weekend_evening"", ""weekend_day""], ""smoking"": ""no"", ""space_for_relationship"": ""limited"", ""wants_children"": ""yes"", ""who_to_meet"": [""man""]}","{""acceptable_zones"": ""observed"", ""age_max"": ""observed"", ""age_min"": ""observed"", ""conversations"": ""observed"", ""emotional_availability"": ""observed"", ""has_children"": ""observed"", ""lifestyle"": ""observed"", ""partner_children"": ""observed"", ""partner_smoking"": ""observed"", ""relationship_goal"": ""observed"", ""relationship_pace"": ""observed"", ""relationship_structure"": ""observed"", ""relocate"": ""observed"", ""schedule"": ""observed"", ""smoking"": ""observed"", ""space_for_relationship"": ""observed"", ""wants_children"": ""observed"", ""who_to_meet"": ""observed""}","{""acceptable_zones"": 0, ""age_max"": 0, ""age_min"": 0, ""conversations"": 0, ""emotional_availability"": 0, ""has_children"": 0, ""lifestyle"": 0, ""partner_children"": 0, ""partner_smoking"": 0, ""relationship_goal"": 0, ""relationship_pace"": 0, ""relationship_structure"": 0, ""relocate"": 0, ""schedule"": 0, ""smoking"": 0, ""space_for_relationship"": 0, ""wants_children"": 0, ""who_to_meet"": 0}"
syn_2c786cd597c145ad2bca8f9f65c7ead1,public_04,45,man,zone_c,True,synthetic_questionnaire,True,19,,,,ideas,taking_time,,,,,,,,,,,,,,not_asked,not_asked,not_asked,observed,observed,not_asked,not_asked,not_asked,not_asked,not_asked,not_asked,not_asked,not_asked,not_asked,not_asked,not_asked,not_asked,declined,,,,19,19,,,,,,,,,,,,,,"{""acceptable_zones"": null, ""age_max"": null, ""age_min"": null, ""conversations"": ""ideas"", ""emotional_availability"": ""taking_time"", ""has_children"": null, ""lifestyle"": null, ""partner_children"": null, ""partner_smoking"": null, ""relationship_goal"": null, ""relationship_pace"": null, ""relationship_structure"": null, ""relocate"": null, ""schedule"": null, ""smoking"": null, ""space_for_relationship"": null, ""wants_children"": null, ""who_to_meet"": null}","{""acceptable_zones"": ""not_asked"", ""age_max"": ""not_asked"", ""age_min"": ""not_asked"", ""conversations"": ""observed"", ""emotional_availability"": ""observed"", ""has_children"": ""not_asked"", ""lifestyle"": ""not_asked"", ""partner_children"": ""not_asked"", ""partner_smoking"": ""not_asked"", ""relationship_goal"": ""not_asked"", ""relationship_pace"": ""not_asked"", ""relationship_structure"": ""not_asked"", ""relocate"": ""not_asked"", ""schedule"": ""not_asked"", ""smoking"": ""not_asked"", ""space_for_relationship"": ""not_asked"", ""wants_children"": ""not_asked"", ""who_to_meet"": ""declined""}","{""acceptable_zones"": null, ""age_max"": null, ""age_min"": null, ""conversations"": 19, ""emotional_availability"": 19, ""has_children"": null, ""lifestyle"": null, ""partner_children"": null, ""partner_smoking"": null, ""relationship_goal"": null, ""relationship_pace"": null, ""relationship_structure"": null, ""relocate"": null, ""schedule"": null, ""smoking"": null, ""space_for_relationship"": null, ""wants_children"": null, ""who_to_meet"": null}"
syn_5fde49d24837cd3528d28b491b0dfee0,public_04,41,woman,zone_b,False,synthetic_questionnaire,True,10,"[""zone_b""]",45,32,ideas,,False,,no_children,no_smoking,,,monogamous,,"[""weekend_evening"", ""weekend_day""]",no,,unsure,"[""woman""]",observed,observed,observed,observed,not_asked,observed,declined,observed,observed,not_asked,not_asked,observed,not_asked,observed,observed,not_asked,observed,observed,15,15,15,10,,15,,15,15,,,15,,15,15,,15,15,"{""acceptable_zones"": [""zone_b""], ""age_max"": 45, ""age_min"": 32, ""conversations"": ""ideas"", ""emotional_availability"": null, ""has_children"": false, ""lifestyle"": null, ""partner_children"": ""no_children"", ""partner_smoking"": ""no_smoking"", ""relationship_goal"": null, ""relationship_pace"": null, ""relationship_structure"": ""monogamous"", ""relocate"": null, ""schedule"": [""weekend_evening"", ""weekend_day""], ""smoking"": ""no"", ""space_for_relationship"": null, ""wants_children"": ""unsure"", ""who_to_meet"": [""woman""]}","{""acceptable_zones"": ""observed"", ""age_max"": ""observed"", ""age_min"": ""observed"", ""conversations"": ""observed"", ""emotional_availability"": ""not_asked"", ""has_children"": ""observed"", ""lifestyle"": ""declined"", ""partner_children"": ""observed"", ""partner_smoking"": ""observed"", ""relationship_goal"": ""not_asked"", ""relationship_pace"": ""not_asked"", ""relationship_structure"": ""observed"", ""relocate"": ""not_asked"", ""schedule"": ""observed"", ""smoking"": ""observed"", ""space_for_relationship"": ""not_asked"", ""wants_children"": ""observed"", ""who_to_meet"": ""observed""}","{""acceptable_zones"": 15, ""age_max"": 15, ""age_min"": 15, ""conversations"": 10, ""emotional_availability"": null, ""has_children"": 15, ""lifestyle"": null, ""partner_children"": 15, ""partner_smoking"": 15, ""relationship_goal"": null, ""relationship_pace"": null, ""relationship_structure"": 15, ""relocate"": null, ""schedule"": 15, ""smoking"": 15, ""space_for_relationship"": null, ""wants_children"": 15, ""who_to_meet"": 15}"
syn_1bcfca3217b37178274c5f4eb4a84d0c,public_04,34,woman,zone_a,True,synthetic_questionnaire,True,0,"[""zone_a""]",44,25,,,False,,any,no_smoking,,,monogamous,,"[""weekend_day"", ""weekend_evening""]",occasionally,,unsure,"[""man""]",observed,observed,observed,not_asked,not_asked,observed,not_asked,observed,observed,not_asked,not_asked,observed,not_asked,observed,observed,not_asked,observed,observed,16,16,16,,,16,,16,16,,,16,,16,16,,16,16,"{""acceptable_zones"": [""zone_a""], ""age_max"": 44, ""age_min"": 25, ""conversations"": null, ""emotional_availability"": null, ""has_children"": false, ""lifestyle"": null, ""partner_children"": ""any"", ""partner_smoking"": ""no_smoking"", ""relationship_goal"": null, ""relationship_pace"": null, ""relationship_structure"": ""monogamous"", ""relocate"": null, ""schedule"": [""weekend_day"", ""weekend_evening""], ""smoking"": ""occasionally"", ""space_for_relationship"": null, ""wants_children"": ""unsure"", ""who_to_meet"": [""man""]}","{""acceptable_zones"": ""observed"", ""age_max"": ""observed"", ""age_min"": ""observed"", ""conversations"": ""not_asked"", ""emotional_availability"": ""not_asked"", ""has_children"": ""observed"", ""lifestyle"": ""not_asked"", ""partner_children"": ""observed"", ""partner_smoking"": ""observed"", ""relationship_goal"": ""not_asked"", ""relationship_pace"": ""not_asked"", ""relationship_structure"": ""observed"", ""relocate"": ""not_asked"", ""schedule"": ""observed"", ""smoking"": ""observed"", ""space_for_relationship"": ""not_asked"", ""wants_children"": ""observed"", ""who_to_meet"": ""observed""}","{""acceptable_zones"": 16, ""age_max"": 16, ""age_min"": 16, ""conversations"": null, ""emotional_availability"": null, ""has_children"": 16, ""lifestyle"": null, ""partner_children"": 16, ""partner_smoking"": 16, ""relationship_goal"": null, ""relationship_pace"": null, ""relationship_structure"": 16, ""relocate"": null, ""schedule"": 16, ""smoking"": 16, ""space_for_relationship"": null, ""wants_children"": 16, ""who_to_meet"": 16}"
syn_aa29a72fd66bee975c197056e427fb12,public_04,35,man,zone_c,True,synthetic_questionnaire,True,18,"[""zone_c""]",45,31,practical,taking_time,False,quiet,no_children,no_smoking,long_term,slow,monogamous,yes,"[""weekday_evening""]",occasionally,moderate,unsure,"[""non_binary""]",observed,observed,observed,observed,observed,observed,observed,observed,observed,observed,observed,observed,observed,observed,observed,observed,observed,observed,18,18,18,18,18,18,18,18,18,18,18,18,18,18,18,18,18,18,"{""acceptable_zones"": [""zone_c""], ""age_max"": 45, ""age_min"": 31, ""conversations"": ""practical"", ""emotional_availability"": ""taking_time"", ""has_children"": false, ""lifestyle"": ""quiet"", ""partner_children"": ""no_children"", ""partner_smoking"": ""no_smoking"", ""relationship_goal"": ""long_term"", ""relationship_pace"": ""slow"", ""relationship_structure"": ""monogamous"", ""relocate"": ""yes"", ""schedule"": [""weekday_evening""], ""smoking"": ""occasionally"", ""space_for_relationship"": ""moderate"", ""wants_children"": ""unsure"", ""who_to_meet"": [""non_binary""]}","{""acceptable_zones"": ""observed"", ""age_max"": ""observed"", ""age_min"": ""observed"", ""conversations"": ""observed"", ""emotional_availability"": ""observed"", ""has_children"": ""observed"", ""lifestyle"": ""observed"", ""partner_children"": ""observed"", ""partner_smoking"": ""observed"", ""relationship_goal"": ""observed"", ""relationship_pace"": ""observed"", ""relationship_structure"": ""observed"", ""relocate"": ""observed"", ""schedule"": ""observed"", ""smoking"": ""observed"", ""space_for_relationship"": ""observed"", ""wants_children"": ""observed"", ""who_to_meet"": ""observed""}","{""acceptable_zones"": 18, ""age_max"": 18, ""age_min"": 18, ""conversations"": 18, ""emotional_availability"": 18, ""has_children"": 18, ""lifestyle"": 18, ""partner_children"": 18, ""partner_smoking"": 18, ""relationship_goal"": 18, ""relationship_pace"": 18, ""relationship_structure"": 18, ""relocate"": 18, ""schedule"": 18, ""smoking"": 18, ""space_for_relationship"": 18, ""wants_children"": 18, ""who_to_meet"": 18}"
syn_1bde62fa8364d560d99f9a4c17ce075c,public_04,43,man,zone_d,True,synthetic_questionnaire,True,0,,,,,,,,,,,,,,,,,,,not_asked,not_asked,not_asked,not_asked,not_asked,not_asked,not_asked,not_asked,not_asked,not_asked,not_asked,not_asked,not_asked,not_asked,declined,not_asked,not_asked,not_asked,,,,,,,,,,,,,,,,,,,"{""acceptable_zones"": null, ""age_max"": null, ""age_min"": null, ""conversations"": null, ""emotional_availability"": null, ""has_children"": null, ""lifestyle"": null, ""partner_children"": null, ""partner_smoking"": null, ""relationship_goal"": null, ""relationship_pace"": null, ""relationship_structure"": null, ""relocate"": null, ""schedule"": null, ""smoking"": null, ""space_for_relationship"": null, ""wants_children"": null, ""who_to_meet"": null}","{""acceptable_zones"": ""not_asked"", ""age_max"": ""not_asked"", ""age_min"": ""not_asked"", ""conversations"": ""not_asked"", ""emotional_availability"": ""not_asked"", ""has_children"": ""not_asked"", ""lifestyle"": ""not_asked"", ""partner_children"": ""not_asked"", ""partner_smoking"": ""not_asked"", ""relationship_goal"": ""not_asked"", ""relationship_pace"": ""not_asked"", ""relationship_structure"": ""not_asked"", ""relocate"": ""not_asked"", ""schedule"": ""not_asked"", ""smoking"": ""declined"", ""space_for_relationship"": ""not_asked"", ""wants_children"": ""not_asked"", ""who_to_meet"": ""not_asked""}","{""acceptable_zones"": null, ""age_max"": null, ""age_min"": null, ""conversations"": null, ""emotional_availability"": null, ""has_children"": null, ""lifestyle"": null, ""partner_children"": null, ""partner_smoking"": null, ""relationship_goal"": null, ""relationship_pace"": null, ""relationship_structure"": null, ""relocate"": null, ""schedule"": null, ""smoking"": null, ""space_for_relationship"": null, ""wants_children"": null, ""who_to_meet"": null}"
syn_46b5473d297388c6cbe15ef9b573d95d,public_04,33,non_binary,zone_a,True,synthetic_questionnaire,True,0,"[""zone_a"", ""zone_d""]",43,,,,,,,,,,,,,,,,,observed,observed,not_asked,not_asked,not_asked,not_asked,not_asked,declined,not_asked,not_asked,not_asked,declined,not_asked,not_asked,not_asked,not_asked,not_asked,not_asked,0,0,,,,,,,,,,,,,,,,,"{""acceptable_zones"": [""zone_a"", ""zone_d""], ""age_max"": 43, ""age_min"": null, ""conversations"": null, ""emotional_availability"": null, ""has_children"": null, ""lifestyle"": null, ""partner_children"": null, ""partner_smoking"": null, ""relationship_goal"": null, ""relationship_pace"": null, ""relationship_structure"": null, ""relocate"": null, ""schedule"": null, ""smoking"": null, ""space_for_relationship"": null, ""wants_children"": null, ""who_to_meet"": null}","{""acceptable_zones"": ""observed"", ""age_max"": ""observed"", ""age_min"": ""not_asked"", ""conversations"": ""not_asked"", ""emotional_availability"": ""not_asked"", ""has_children"": ""not_asked"", ""lifestyle"": ""not_asked"", ""partner_children"": ""declined"", ""partner_smoking"": ""not_asked"", ""relationship_goal"": ""not_asked"", ""relationship_pace"": ""not_asked"", ""relationship_structure"": ""declined"", ""relocate"": ""not_asked"", ""schedule"": ""not_asked"", ""smoking"": ""not_asked"", ""space_for_relationship"": ""not_asked"", ""wants_children"": ""not_asked"", ""who_to_meet"": ""not_asked""}","{""acceptable_zones"": 0, ""age_max"": 0, ""age_min"": null, ""conversations"": null, ""emotional_availability"": null, ""has_children"": null, ""lifestyle"": null, ""partner_children"": null, ""partner_smoking"": null, ""relationship_goal"": null, ""relationship_pace"": null, ""relationship_structure"": null, ""relocate"": null, ""schedule"": null, ""smoking"": null, ""space_for_relationship"": null, ""wants_children"": null, ""who_to_meet"": null}"
syn_e9b70bf85fddee187905e5c1ba25fc52,public_04,27,non_binary,zone_a,True,synthetic_questionnaire,True,0,"[""zone_a""]",35,18,,,False,,any,any,,,monogamous,,"[""weekday_evening""]",no,moderate,no,"[""non_binary""]",observed,observed,observed,not_asked,not_asked,observed,not_asked,observed,observed,not_asked,not_asked,observed,not_asked,observed,observed,observed,observed,observed,16,16,16,,,16,,16,16,,,16,,16,16,0,16,16,"{""acceptable_zones"": [""zone_a""], ""age_max"": 35, ""age_min"": 18, ""conversations"": null, ""emotional_availability"": null, ""has_children"": false, ""lifestyle"": null, ""partner_children"": ""any"", ""partner_smoking"": ""any"", ""relationship_goal"": null, ""relationship_pace"": null, ""relationship_structure"": ""monogamous"", ""relocate"": null, ""schedule"": [""weekday_evening""], ""smoking"": ""no"", ""space_for_relationship"": ""moderate"", ""wants_children"": ""no"", ""who_to_meet"": [""non_binary""]}","{""acceptable_zones"": ""observed"", ""age_max"": ""observed"", ""age_min"": ""observed"", ""conversations"": ""not_asked"", ""emotional_availability"": ""not_asked"", ""has_children"": ""observed"", ""lifestyle"": ""not_asked"", ""partner_children"": ""observed"", ""partner_smoking"": ""observed"", ""relationship_goal"": ""not_asked"", ""relationship_pace"": ""not_asked"", ""relationship_structure"": ""observed"", ""relocate"": ""not_asked"", ""schedule"": ""observed"", ""smoking"": ""observed"", ""space_for_relationship"": ""observed"", ""wants_children"": ""observed"", ""who_to_meet"": ""observed""}","{""acceptable_zones"": 16, ""age_max"": 16, ""age_min"": 16, ""conversations"": null, ""emotional_availability"": null, ""has_children"": 16, ""lifestyle"": null, ""partner_children"": 16, ""partner_smoking"": 16, ""relationship_goal"": null, ""relationship_pace"": null, ""relationship_structure"": 16, ""relocate"": null, ""schedule"": 16, ""smoking"": 16, ""space_for_relationship"": 0, ""wants_children"": 16, ""who_to_meet"": 16}"
syn_1adcbb975557fc57fffb9471a6ee47b1,public_04,42,woman,zone_b,True,synthetic_questionnaire,True,0,"[""zone_b""]",47,37,,,False,quiet,no_children,any,,slow,monogamous,,"[""weekend_evening"", ""weekend_day"", ""weekday_evening""]",occasionally,,yes,"[""woman"", ""non_binary""]",observed,observed,observed,not_asked,not_asked,observed,observed,observed,observed,not_asked,observed,observed,not_asked,observed,observed,not_asked,observed,observed,16,16,16,,,16,0,16,16,,0,16,,16,16,,16,16,"{""acceptable_zones"": [""zone_b""], ""age_max"": 47, ""age_min"": 37, ""conversations"": null, ""emotional_availability"": null, ""has_children"": false, ""lifestyle"": ""quiet"", ""partner_children"": ""no_children"", ""partner_smoking"": ""any"", ""relationship_goal"": null, ""relationship_pace"": ""slow"", ""relationship_structure"": ""monogamous"", ""relocate"": null, ""schedule"": [""weekend_evening"", ""weekend_day"", ""weekday_evening""], ""smoking"": ""occasionally"", ""space_for_relationship"": null, ""wants_children"": ""yes"", ""who_to_meet"": [""woman"", ""non_binary""]}","{""acceptable_zones"": ""observed"", ""age_max"": ""observed"", ""age_min"": ""observed"", ""conversations"": ""not_asked"", ""emotional_availability"": ""not_asked"", ""has_children"": ""observed"", ""lifestyle"": ""observed"", ""partner_children"": ""observed"", ""partner_smoking"": ""observed"", ""relationship_goal"": ""not_asked"", ""relationship_pace"": ""observed"", ""relationship_structure"": ""observed"", ""relocate"": ""not_asked"", ""schedule"": ""observed"", ""smoking"": ""observed"", ""space_for_relationship"": ""not_asked"", ""wants_children"": ""observed"", ""who_to_meet"": ""observed""}","{""acceptable_zones"": 16, ""age_max"": 16, ""age_min"": 16, ""conversations"": null, ""emotional_availability"": null, ""has_children"": 16, ""lifestyle"": 0, ""partner_children"": 16, ""partner_smoking"": 16, ""relationship_goal"": null, ""relationship_pace"": 0, ""relationship_structure"": 16, ""relocate"": null, ""schedule"": 16, ""smoking"": 16, ""space_for_relationship"": null, ""wants_children"": 16, ""who_to_meet"": 16}"
syn_10d7008e077ff1a1dcb0109f8e94820d,public_04,33,man,zone_b,True,synthetic_questionnaire,True,0,"[""zone_b""]",38,26,,taking_time,False,,no_children,no_smoking,,,monogamous,unsure,"[""weekend_evening"", ""weekday_evening"", ""weekend_day""]",occasionally,,no,"[""man"", ""woman""]",observed,observed,observed,not_asked,observed,observed,not_asked,observed,observed,declined,not_asked,observed,observed,observed,observed,not_asked,observed,observed,16,16,16,,0,16,,16,16,,,16,0,16,16,,16,16,"{""acceptable_zones"": [""zone_b""], ""age_max"": 38, ""age_min"": 26, ""conversations"": null, ""emotional_availability"": ""taking_time"", ""has_children"": false, ""lifestyle"": null, ""partner_children"": ""no_children"", ""partner_smoking"": ""no_smoking"", ""relationship_goal"": null, ""relationship_pace"": null, ""relationship_structure"": ""monogamous"", ""relocate"": ""unsure"", ""schedule"": [""weekend_evening"", ""weekday_evening"", ""weekend_day""], ""smoking"": ""occasionally"", ""space_for_relationship"": null, ""wants_children"": ""no"", ""who_to_meet"": [""man"", ""woman""]}","{""acceptable_zones"": ""observed"", ""age_max"": ""observed"", ""age_min"": ""observed"", ""conversations"": ""not_asked"", ""emotional_availability"": ""observed"", ""has_children"": ""observed"", ""lifestyle"": ""not_asked"", ""partner_children"": ""observed"", ""partner_smoking"": ""observed"", ""relationship_goal"": ""declined"", ""relationship_pace"": ""not_asked"", ""relationship_structure"": ""observed"", ""relocate"": ""observed"", ""schedule"": ""observed"", ""smoking"": ""observed"", ""space_for_relationship"": ""not_asked"", ""wants_children"": ""observed"", ""who_to_meet"": ""observed""}","{""acceptable_zones"": 16, ""age_max"": 16, ""age_min"": 16, ""conversations"": null, ""emotional_availability"": 0, ""has_children"": 16, ""lifestyle"": null, ""partner_children"": 16, ""partner_smoking"": 16, ""relationship_goal"": null, ""relationship_pace"": null, ""relationship_structure"": 16, ""relocate"": 0, ""schedule"": 16, ""smoking"": 16, ""space_for_relationship"": null, ""wants_children"": 16, ""who_to_meet"": 16}"
syn_4596ec0d6abed93dc1418234c5791984,public_04,40,woman,zone_a,True,synthetic_questionnaire,True,10,"[""zone_a""]",50,36,,,False,,any,any,,,monogamous,,"[""weekend_day"", ""weekday_evening"", ""weekend_evening""]",no,,unsure,"[""man""]",observed,observed,observed,not_asked,declined,observed,not_asked,observed,observed,not_asked,not_asked,observed,not_asked,observed,observed,not_asked,observed,observed,17,17,17,,,17,,17,17,,,17,,17,17,,17,17,"{""acceptable_zones"": [""zone_a""], ""age_max"": 50, ""age_min"": 36, ""conversations"": null, ""emotional_availability"": null, ""has_children"": false, ""lifestyle"": null, ""partner_children"": ""any"", ""partner_smoking"": ""any"", ""relationship_goal"": null, ""relationship_pace"": null, ""relationship_structure"": ""monogamous"", ""relocate"": null, ""schedule"": [""weekend_day"", ""weekday_evening"", ""weekend_evening""], ""smoking"": ""no"", ""space_for_relationship"": null, ""wants_children"": ""unsure"", ""who_to_meet"": [""man""]}","{""acceptable_zones"": ""observed"", ""age_max"": ""observed"", ""age_min"": ""observed"", ""conversations"": ""not_asked"", ""emotional_availability"": ""declined"", ""has_children"": ""observed"", ""lifestyle"": ""not_asked"", ""partner_children"": ""observed"", ""partner_smoking"": ""observed"", ""relationship_goal"": ""not_asked"", ""relationship_pace"": ""not_asked"", ""relationship_structure"": ""observed"", ""relocate"": ""not_asked"", ""schedule"": ""observed"", ""smoking"": ""observed"", ""space_for_relationship"": ""not_asked"", ""wants_children"": ""observed"", ""who_to_meet"": ""observed""}","{""acceptable_zones"": 17, ""age_max"": 17, ""age_min"": 17, ""conversations"": null, ""emotional_availability"": null, ""has_children"": 17, ""lifestyle"": null, ""partner_children"": 17, ""partner_smoking"": 17, ""relationship_goal"": null, ""relationship_pace"": null, ""relationship_structure"": 17, ""relocate"": null, ""schedule"": 17, ""smoking"": 17, ""space_for_relationship"": null, ""wants_children"": 17, ""who_to_meet"": 17}"
syn_9bee23137c5214fd841cd4099d824473,public_04,46,woman,zone_c,True,synthetic_questionnaire,True,15,,,,,,True,,no_children,,long_term,,,,,,,,"[""non_binary""]",not_asked,not_asked,not_asked,not_asked,not_asked,observed,not_asked,observed,not_asked,observed,declined,declined,not_asked,not_asked,not_asked,not_asked,declined,observed,,,,,,15,,15,,15,,,,,,,,15,"{""acceptable_zones"": null, ""age_max"": null, ""age_min"": null, ""conversations"": null, ""emotional_availability"": null, ""has_children"": true, ""lifestyle"": null, ""partner_children"": ""no_children"", ""partner_smoking"": null, ""relationship_goal"": ""long_term"", ""relationship_pace"": null, ""relationship_structure"": null, ""relocate"": null, ""schedule"": null, ""smoking"": null, ""space_for_relationship"": null, ""wants_children"": null, ""who_to_meet"": [""non_binary""]}","{""acceptable_zones"": ""not_asked"", ""age_max"": ""not_asked"", ""age_min"": ""not_asked"", ""conversations"": ""not_asked"", ""emotional_availability"": ""not_asked"", ""has_children"": ""observed"", ""lifestyle"": ""not_asked"", ""partner_children"": ""observed"", ""partner_smoking"": ""not_asked"", ""relationship_goal"": ""observed"", ""relationship_pace"": ""declined"", ""relationship_structure"": ""declined"", ""relocate"": ""not_asked"", ""schedule"": ""not_asked"", ""smoking"": ""not_asked"", ""space_for_relationship"": ""not_asked"", ""wants_children"": ""declined"", ""who_to_meet"": ""observed""}","{""acceptable_zones"": null, ""age_max"": null, ""age_min"": null, ""conversations"": null, ""emotional_availability"": null, ""has_children"": 15, ""lifestyle"": null, ""partner_children"": 15, ""partner_smoking"": null, ""relationship_goal"": 15, ""relationship_pace"": null, ""relationship_structure"": null, ""relocate"": null, ""schedule"": null, ""smoking"": null, ""space_for_relationship"": null, ""wants_children"": null, ""who_to_meet"": 15}"
syn_6ece6990d6dc3284551a3c815b7b790c,public_04,43,woman,zone_b,False,synthetic_questionnaire,True,0,"[""zone_b"", ""zone_d""]",51,37,stories,taking_time,False,social,any,any,exploring,steady,monogamous,yes,"[""weekend_evening"", ""weekday_evening""]",no,moderate,no,"[""man""]",observed,observed,observed,observed,observed,observed,observed,observed,observed,observed,observed,observed,observed,observed,observed,observed,observed,observed,0,0,0,0,0,0,0,0,0,0,0,0,0,0,0,0,0,0,"{""acceptable_zones"": [""zone_b"", ""zone_d""], ""age_max"": 51, ""age_min"": 37, ""conversations"": ""stories"", ""emotional_availability"": ""taking_time"", ""has_children"": false, ""lifestyle"": ""social"", ""partner_children"": ""any"", ""partner_smoking"": ""any"", ""relationship_goal"": ""exploring"", ""relationship_pace"": ""steady"", ""relationship_structure"": ""monogamous"", ""relocate"": ""yes"", ""schedule"": [""weekend_evening"", ""weekday_evening""], ""smoking"": ""no"", ""space_for_relationship"": ""moderate"", ""wants_children"": ""no"", ""who_to_meet"": [""man""]}","{""acceptable_zones"": ""observed"", ""age_max"": ""observed"", ""age_min"": ""observed"", ""conversations"": ""observed"", ""emotional_availability"": ""observed"", ""has_children"": ""observed"", ""lifestyle"": ""observed"", ""partner_children"": ""observed"", ""partner_smoking"": ""observed"", ""relationship_goal"": ""observed"", ""relationship_pace"": ""observed"", ""relationship_structure"": ""observed"", ""relocate"": ""observed"", ""schedule"": ""observed"", ""smoking"": ""observed"", ""space_for_relationship"": ""observed"", ""wants_children"": ""observed"", ""who_to_meet"": ""observed""}","{""acceptable_zones"": 0, ""age_max"": 0, ""age_min"": 0, ""conversations"": 0, ""emotional_availability"": 0, ""has_children"": 0, ""lifestyle"": 0, ""partner_children"": 0, ""partner_smoking"": 0, ""relationship_goal"": 0, ""relationship_pace"": 0, ""relationship_structure"": 0, ""relocate"": 0, ""schedule"": 0, ""smoking"": 0, ""space_for_relationship"": 0, ""wants_children"": 0, ""who_to_meet"": 0}"
syn_a6c23e54760d67aa2378ebbe60449e3c,public_04,24,woman,zone_c,True,synthetic_questionnaire,True,0,"[""zone_c""]",30,18,,,False,,no_children,no_smoking,,,monogamous,,"[""weekend_evening"", ""weekend_day"", ""weekday_evening""]",no,,no,"[""non_binary""]",observed,observed,observed,not_asked,not_asked,observed,not_asked,observed,observed,not_asked,not_asked,observed,not_asked,observed,observed,not_asked,observed,observed,17,17,17,,,17,,17,17,,,17,,17,17,,17,17,"{""acceptable_zones"": [""zone_c""], ""age_max"": 30, ""age_min"": 18, ""conversations"": null, ""emotional_availability"": null, ""has_children"": false, ""lifestyle"": null, ""partner_children"": ""no_children"", ""partner_smoking"": ""no_smoking"", ""relationship_goal"": null, ""relationship_pace"": null, ""relationship_structure"": ""monogamous"", ""relocate"": null, ""schedule"": [""weekend_evening"", ""weekend_day"", ""weekday_evening""], ""smoking"": ""no"", ""space_for_relationship"": null, ""wants_children"": ""no"", ""who_to_meet"": [""non_binary""]}","{""acceptable_zones"": ""observed"", ""age_max"": ""observed"", ""age_min"": ""observed"", ""conversations"": ""not_asked"", ""emotional_availability"": ""not_asked"", ""has_children"": ""observed"", ""lifestyle"": ""not_asked"", ""partner_children"": ""observed"", ""partner_smoking"": ""observed"", ""relationship_goal"": ""not_asked"", ""relationship_pace"": ""not_asked"", ""relationship_structure"": ""observed"", ""relocate"": ""not_asked"", ""schedule"": ""observed"", ""smoking"": ""observed"", ""space_for_relationship"": ""not_asked"", ""wants_children"": ""observed"", ""who_to_meet"": ""observed""}","{""acceptable_zones"": 17, ""age_max"": 17, ""age_min"": 17, ""conversations"": null, ""emotional_availability"": null, ""has_children"": 17, ""lifestyle"": null, ""partner_children"": 17, ""partner_smoking"": 17, ""relationship_goal"": null, ""relationship_pace"": null, ""relationship_structure"": 17, ""relocate"": null, ""schedule"": 17, ""smoking"": 17, ""space_for_relationship"": null, ""wants_children"": 17, ""who_to_meet"": 17}"
