member_id,pool_id,age,gender,zone,available,source,synthetic,arrived_day,field_acceptable_zones,field_age_max,field_age_min,field_conversations,field_emotional_availability,field_has_children,field_lifestyle,field_partner_children,field_partner_smoking,field_relationship_goal,field_relationship_pace,field_relationship_structure,field_relocate,field_schedule,field_smoking,field_space_for_relationship,field_wants_children,field_who_to_meet,status_acceptable_zones,status_age_max,status_age_min,status_conversations,status_emotional_availability,status_has_children,status_lifestyle,status_partner_children,status_partner_smoking,status_relationship_goal,status_relationship_pace,status_relationship_structure,status_relocate,status_schedule,status_smoking,status_space_for_relationship,status_wants_children,status_who_to_meet,observed_day_acceptable_zones,observed_day_age_max,observed_day_age_min,observed_day_conversations,observed_day_emotional_availability,observed_day_has_children,observed_day_lifestyle,observed_day_partner_children,observed_day_partner_smoking,observed_day_relationship_goal,observed_day_relationship_pace,observed_day_relationship_structure,observed_day_relocate,observed_day_schedule,observed_day_smoking,observed_day_space_for_relationship,observed_day_wants_children,observed_day_who_to_meet,fields_json,field_status_json,field_observed_day_json
syn_ee6abfe4319122c923a1a5aad57e66d6,public_01,32,woman,zone_a,True,synthetic_questionnaire,True,0,"[""zone_a"", ""zone_d""]",39,29,practical,ready,True,quiet,any,any,long_term,quick,monogamous,yes,"[""weekend_evening""]",no,ample,yes,"[""man"", ""non_binary""]",observed,observed,observed,observed,observed,observed,observed,observed,observed,observed,observed,observed,observed,observed,observed,observed,observed,observed,0,0,0,0,0,0,0,0,0,0,0,0,0,0,0,0,0,0,"{""acceptable_zones"": [""zone_a"", ""zone_d""], ""age_max"": 39, ""age_min"": 29, ""conversations"": ""practical"", ""emotional_availability"": ""ready"", ""has_children"": true, ""lifestyle"": ""quiet"", ""partner_children"": ""any"", ""partner_smoking"": ""any"", ""relationship_goal"": ""long_term"", ""relationship_pace"": ""quick"", ""relationship_structure"": ""monogamous"", ""relocate"": ""yes"", ""schedule"": [""weekend_evening""], ""smoking"": ""no"", ""space_for_relationship"": ""ample"", ""wants_children"": ""yes"", ""who_to_meet"": [""man"", ""non_binary""]}","{""acceptable_zones"": ""observed"", ""age_max"": ""observed"", ""age_min"": ""observed"", ""conversations"": ""observed"", ""emotional_availability"": ""observed"", ""has_children"": ""observed"", ""lifestyle"": ""observed"", ""partner_children"": ""observed"", ""partner_smoking"": ""observed"", ""relationship_goal"": ""observed"", ""relationship_pace"": ""observed"", ""relationship_structure"": ""observed"", ""relocate"": ""observed"", ""schedule"": ""observed"", ""smoking"": ""observed"", ""space_for_relationship"": ""observed"", ""wants_children"": ""observed"", ""who_to_meet"": ""observed""}","{""acceptable_zones"": 0, ""age_max"": 0, ""age_min"": 0, ""conversations"": 0, ""emotional_availability"": 0, ""has_children"": 0, ""lifestyle"": 0, ""partner_children"": 0, ""partner_smoking"": 0, ""relationship_goal"": 0, ""relationship_pace"": 0, ""relationship_structure"": 0, ""relocate"": 0, ""schedule"": 0, ""smoking"": 0, ""space_for_relationship"": 0, ""wants_children"": 0, ""who_to_meet"": 0}"
syn_8cb4e6be41c31b818e02fa316c35beb3,public_01,25,man,zone_a,True,synthetic_questionnaire,True,0,"[""zone_a""]",31,18,practical,taking_time,False,mixed,any,any,long_term,steady,monogamous,unsure,"[""weekday_evening""]",yes,ample,no,"[""non_binary""]",observed,observed,observed,observed,observed,observed,observed,observed,observed,observed,observed,observed,observed,observed,observed,observed,observed,observed,0,0,0,0,0,0,0,0,0,0,0,0,0,0,0,0,0,0,"{""acceptable_zones"": [""zone_a""], ""age_max"": 31, ""age_min"": 18, ""conversations"": ""practical"", ""emotional_availability"": ""taking_time"", ""has_children"": false, ""lifestyle"": ""mixed"", ""partner_children"": ""any"", ""partner_smoking"": ""any"", ""relationship_goal"": ""long_term"", ""relationship_pace"": ""steady"", ""relationship_structure"": ""monogamous"", ""relocate"": ""unsure"", ""schedule"": [""weekday_evening""], ""smoking"": ""yes"", ""space_for_relationship"": ""ample"", ""wants_children"": ""no"", ""who_to_meet"": [""non_binary""]}","{""acceptable_zones"": ""observed"", ""age_max"": ""observed"", ""age_min"": ""observed"", ""conversations"": ""observed"", ""emotional_availability"": ""observed"", ""has_children"": ""observed"", ""lifestyle"": ""observed"", ""partner_children"": ""observed"", ""partner_smoking"": ""observed"", ""relationship_goal"": ""observed"", ""relationship_pace"": ""observed"", ""relationship_structure"": ""observed"", ""relocate"": ""observed"", ""schedule"": ""observed"", ""smoking"": ""observed"", ""space_for_relationship"": ""observed"", ""wants_children"": ""observed"", ""who_to_meet"": ""observed""}","{""acceptable_zones"": 0, ""age_max"": 0, ""age_min"": 0, ""conversations"": 0, ""emotional_availability"": 0, ""has_children"": 0, ""lifestyle"": 0, ""partner_children"": 0, ""partner_smoking"": 0, ""relationship_goal"": 0, ""relationship_pace"": 0, ""relationship_structure"": 0, ""relocate"": 0, ""schedule"": 0, ""smoking"": 0, ""space_for_relationship"": 0, ""wants_children"": 0, ""who_to_meet"": 0}"
syn_e3074c5436df2878fd069b0530a2d947,public_01,32,woman,zone_a,True,synthetic_questionnaire,True,0,,,,,,,quiet,,,,,,,,,,,,not_asked,not_asked,not_asked,not_asked,not_asked,not_asked,observed,not_asked,not_asked,declined,not_asked,not_asked,not_asked,not_asked,not_asked,not_asked,not_asked,declined,,,,,,,0,,,,,,,,,,,,"{""acceptable_zones"": null, ""age_max"": null, ""age_min"": null, ""conversations"": null, ""emotional_availability"": null, ""has_children"": null, ""lifestyle"": ""quiet"", ""partner_children"": null, ""partner_smoking"": null, ""relationship_goal"": null, ""relationship_pace"": null, ""relationship_structure"": null, ""relocate"": null, ""schedule"": null, ""smoking"": null, ""space_for_relationship"": null, ""wants_children"": null, ""who_to_meet"": null}","{""acceptable_zones"": ""not_asked"", ""age_max"": ""not_asked"", ""age_min"": ""not_asked"", ""conversations"": ""not_asked"", ""emotional_availability"": ""not_asked"", ""has_children"": ""not_asked"", ""lifestyle"": ""observed"", ""partner_children"": ""not_asked"", ""partner_smoking"": ""not_asked"", ""relationship_goal"": ""declined"", ""relationship_pace"": ""not_asked"", ""relationship_structure"": ""not_asked"", ""relocate"": ""not_asked"", ""schedule"": ""not_asked"", ""smoking"": ""not_asked"", ""space_for_relationship"": ""not_asked"", ""wants_children"": ""not_asked"", ""who_to_meet"": ""declined""}","{""acceptable_zones"": null, ""age_max"": null, ""age_min"": null, ""conversations"": null, ""emotional_availability"": null, ""has_children"": null, ""lifestyle"": 0, ""partner_children"": null, ""partner_smoking"": null, ""relationship_goal"": null, ""relationship_pace"": null, ""relationship_structure"": null, ""relocate"": null, ""schedule"": null, ""smoking"": null, ""space_for_relationship"": null, ""wants_children"": null, ""who_to_meet"": null}"
syn_e6a84797a682403f70481cfd62440238,public_01,23,man,zone_d,True,synthetic_questionnaire,True,12,"[""zone_d""]",26,20,,,False,,any,no_smoking,,,monogamous,,"[""weekend_day"", ""weekday_evening""]",no,,unsure,"[""man"", ""non_binary""]",observed,observed,observed,not_asked,not_asked,observed,not_asked,observed,observed,not_asked,not_asked,observed,not_asked,observed,observed,not_asked,observed,observed,12,12,12,,,12,,12,12,,,12,,12,12,,12,12,"{""acceptable_zones"": [""zone_d""], ""age_max"": 26, ""age_min"": 20, ""conversations"": null, ""emotional_availability"": null, ""has_children"": false, ""lifestyle"": null, ""partner_children"": ""any"", ""partner_smoking"": ""no_smoking"", ""relationship_goal"": null, ""relationship_pace"": null, ""relationship_structure"": ""monogamous"", ""relocate"": null, ""schedule"": [""weekend_day"", ""weekday_evening""], ""smoking"": ""no"", ""space_for_relationship"": null, ""wants_children"": ""unsure"", ""who_to_meet"": [""man"", ""non_binary""]}","{""acceptable_zones"": ""observed"", ""age_max"": ""observed"", ""age_min"": ""observed"", ""conversations"": ""not_asked"", ""emotional_availability"": ""not_asked"", ""has_children"": ""observed"", ""lifestyle"": ""not_asked"", ""partner_children"": ""observed"", ""partner_smoking"": ""observed"", ""relationship_goal"": ""not_asked"", ""relationship_pace"": ""not_asked"", ""relationship_structure"": ""observed"", ""relocate"": ""not_asked"", ""schedule"": ""observed"", ""smoking"": ""observed"", ""space_for_relationship"": ""not_asked"", ""wants_children"": ""observed"", ""who_to_meet"": ""observed""}","{""acceptable_zones"": 12, ""age_max"": 12, ""age_min"": 12, ""conversations"": null, ""emotional_availability"": null, ""has_children"": 12, ""lifestyle"": null, ""partner_children"": 12, ""partner_smoking"": 12, ""relationship_goal"": null, ""relationship_pace"": null, ""relationship_structure"": 12, ""relocate"": null, ""schedule"": 12, ""smoking"": 12, ""space_for_relationship"": null, ""wants_children"": 12, ""who_to_meet"": 12}"
syn_8af27caff19ffca9d7cfee516f4ea72d,public_01,33,man,zone_a,True,synthetic_questionnaire,True,5,,,,,,,,any,,exploring,,,,,no,moderate,,,not_asked,not_asked,not_asked,not_asked,declined,not_asked,declined,observed,declined,observed,not_asked,not_asked,not_asked,not_asked,observed,observed,not_asked,not_asked,,,,,,,,5,,5,,,,,5,5,,,"{""acceptable_zones"": null, ""age_max"": null, ""age_min"": null, ""conversations"": null, ""emotional_availability"": null, ""has_children"": null, ""lifestyle"": null, ""partner_children"": ""any"", ""partner_smoking"": null, ""relationship_goal"": ""exploring"", ""relationship_pace"": null, ""relationship_structure"": null, ""relocate"": null, ""schedule"": null, ""smoking"": ""no"", ""space_for_relationship"": ""moderate"", ""wants_children"": null, ""who_to_meet"": null}","{""acceptable_zones"": ""not_asked"", ""age_max"": ""not_asked"", ""age_min"": ""not_asked"", ""conversations"": ""not_asked"", ""emotional_availability"": ""declined"", ""has_children"": ""not_asked"", ""lifestyle"": ""declined"", ""partner_children"": ""observed"", ""partner_smoking"": ""declined"", ""relationship_goal"": ""observed"", ""relationship_pace"": ""not_asked"", ""relationship_structure"": ""not_asked"", ""relocate"": ""not_asked"", ""schedule"": ""not_asked"", ""smoking"": ""observed"", ""space_for_relationship"": ""observed"", ""wants_children"": ""not_asked"", ""who_to_meet"": ""not_asked""}","{""acceptable_zones"": null, ""age_max"": null, ""age_min"": null, ""conversations"": null, ""emotional_availability"": null, ""has_children"": null, ""lifestyle"": null, ""partner_children"": 5, ""partner_smoking"": null, ""relationship_goal"": 5, ""relationship_pace"": null, ""relationship_structure"": null, ""relocate"": null, ""schedule"": null, ""smoking"": 5, ""space_for_relationship"": 5, ""wants_children"": null, ""who_to_meet"": null}"
syn_c30a840e9b8e2371264340830ebd5624,public_01,29,man,zone_a,True,synthetic_questionnaire,True,14,,,,ideas,,,quiet,,,,,,,,,limited,,,not_asked,not_asked,not_asked,observed,not_asked,declined,observed,declined,not_asked,not_asked,not_asked,not_asked,not_asked,declined,not_asked,observed,not_asked,not_asked,,,,14,,,14,,,,,,,,,14,,,"{""acceptable_zones"": null, ""age_max"": null, ""age_min"": null, ""conversations"": ""ideas"", ""emotional_availability"": null, ""has_children"": null, ""lifestyle"": ""quiet"", ""partner_children"": null, ""partner_smoking"": null, ""relationship_goal"": null, ""relationship_pace"": null, ""relationship_structure"": null, ""relocate"": null, ""schedule"": null, ""smoking"": null, ""space_for_relationship"": ""limited"", ""wants_children"": null, ""who_to_meet"": null}","{""acceptable_zones"": ""not_asked"", ""age_max"": ""not_asked"", ""age_min"": ""not_asked"", ""conversations"": ""observed"", ""emotional_availability"": ""not_asked"", ""has_children"": ""declined"", ""lifestyle"": ""observed"", ""partner_children"": ""declined"", ""partner_smoking"": ""not_asked"", ""relationship_goal"": ""not_asked"", ""relationship_pace"": ""not_asked"", ""relationship_structure"": ""not_asked"", ""relocate"": ""not_asked"", ""schedule"": ""declined"", ""smoking"": ""not_asked"", ""space_for_relationship"": ""observed"", ""wants_children"": ""not_asked"", ""who_to_meet"": ""not_asked""}","{""acceptable_zones"": null, ""age_max"": null, ""age_min"": null, ""conversations"": 14, ""emotional_availability"": null, ""has_children"": null, ""lifestyle"": 14, ""partner_children"": null, ""partner_smoking"": null, ""relationship_goal"": null, ""relationship_pace"": null, ""relationship_structure"": null, ""relocate"": null, ""schedule"": null, ""smoking"": null, ""space_for_relationship"": 14, ""wants_children"": null, ""who_to_meet"": null}"
syn_9ec439916390faad55ad37dd7bfc633b,public_01,45,man,zone_a,True,synthetic_questionnaire,True,17,"[""zone_a""]",55,39,stories,ready,True,social,any,no_smoking,long_term,slow,monogamous,unsure,"[""weekend_day"", ""weekend_evening""]",occasionally,ample,yes,"[""non_binary""]",observed,observed,observed,observed,observed,observed,observed,observed,observed,observed,observed,observed,observed,observed,observed,observed,observed,observed,17,17,17,17,17,17,17,17,17,17,17,17,17,17,17,17,17,17,"{""acceptable_zones"": [""zone_a""], ""age_max"": 55, ""age_min"": 39, ""conversations"": ""stories"", ""emotional_availability"": ""ready"", ""has_children"": true, ""lifestyle"": ""social"", ""partner_children"": ""any"", ""partner_smoking"": ""no_smoking"", ""relationship_goal"": ""long_term"", ""relationship_pace"": ""slow"", ""relationship_structure"": ""monogamous"", ""relocate"": ""unsure"", ""schedule"": [""weekend_day"", ""weekend_evening""], ""smoking"": ""occasionally"", ""space_for_relationship"": ""ample"", ""wants_children"": ""yes"", ""who_to_meet"": [""non_binary""]}","{""acceptable_zones"": ""observed"", ""age_max"": ""observed"", ""age_min"": ""observed"", ""conversations"": ""observed"", ""emotional_availability"": ""observed"", ""has_children"": ""observed"", ""lifestyle"": ""observed"", ""partner_children"": ""observed"", ""partner_smoking"": ""observed"", ""relationship_goal"": ""observed"", ""relationship_pace"": ""observed"", ""relationship_structure"": ""observed"", ""relocate"": ""observed"", ""schedule"": ""observed"", ""smoking"": ""observed"", ""space_for_relationship"": ""observed"", ""wants_children"": ""observed"", ""who_to_meet"": ""observed""}","{""acceptable_zones"": 17, ""age_max"": 17, ""age_min"": 17, ""conversations"": 17, ""emotional_availability"": 17, ""has_children"": 17, ""lifestyle"": 17, ""partner_children"": 17, ""partner_smoking"": 17, ""relationship_goal"": 17, ""relationship_pace"": 17, ""relationship_structure"": 17, ""relocate"": 17, ""schedule"": 17, ""smoking"": 17, ""space_for_relationship"": 17, ""wants_children"": 17, ""who_to_meet"": 17}"
syn_d2b4bebb2b5dd3ebd12518b9c4ce9772,public_01,46,man,zone_a,True,synthetic_questionnaire,True,0,"[""zone_a""]",56,41,ideas,ready,False,quiet,any,any,long_term,quick,monogamous,yes,"[""weekend_evening"", ""weekend_day"", ""weekday_evening""]",occasionally,moderate,yes,"[""man""]",observed,observed,observed,observed,observed,observed,observed,observed,observed,observed,observed,observed,observed,observed,observed,observed,observed,observed,0,0,0,0,0,0,0,0,0,0,0,0,0,0,0,0,0,0,"{""acceptable_zones"": [""zone_a""], ""age_max"": 56, ""age_min"": 41, ""conversations"": ""ideas"", ""emotional_availability"": ""ready"", ""has_children"": false, ""lifestyle"": ""quiet"", ""partner_children"": ""any"", ""partner_smoking"": ""any"", ""relationship_goal"": ""long_term"", ""relationship_pace"": ""quick"", ""relationship_structure"": ""monogamous"", ""relocate"": ""yes"", ""schedule"": [""weekend_evening"", ""weekend_day"", ""weekday_evening""], ""smoking"": ""occasionally"", ""space_for_relationship"": ""moderate"", ""wants_children"": ""yes"", ""who_to_meet"": [""man""]}","{""acceptable_zones"": ""observed"", ""age_max"": ""observed"", ""age_min"": ""observed"", ""conversations"": ""observed"", ""emotional_availability"": ""observed"", ""has_children"": ""observed"", ""lifestyle"": ""observed"", ""partner_children"": ""observed"", ""partner_smoking"": ""observed"", ""relationship_goal"": ""observed"", ""relationship_pace"": ""observed"", ""relationship_structure"": ""observed"", ""relocate"": ""observed"", ""schedule"": ""observed"", ""smoking"": ""observed"", ""space_for_relationship"": ""observed"", ""wants_children"": ""observed"", ""who_to_meet"": ""observed""}","{""acceptable_zones"": 0, ""age_max"": 0, ""age_min"": 0, ""conversations"": 0, ""emotional_availability"": 0, ""has_children"": 0, ""lifestyle"": 0, ""partner_children"": 0, ""partner_smoking"": 0, ""relationship_goal"": 0, ""relationship_pace"": 0, ""relationship_structure"": 0, ""relocate"": 0, ""schedule"": 0, ""smoking"": 0, ""space_for_relationship"": 0, ""wants_children"": 0, ""who_to_meet"": 0}"
syn_d715b900be79fe830c7a239f7481ff40,public_01,45,man,zone_a,True,synthetic_questionnaire,True,0,,,,,,,,,,exploring,,,,,,,,"[""non_binary""]",not_asked,not_asked,not_asked,not_asked,not_asked,declined,not_asked,not_asked,declined,observed,not_asked,not_asked,not_asked,not_asked,not_asked,not_asked,not_asked,observed,,,,,,,,,,0,,,,,,,,0,"{""acceptable_zones"": null, ""age_max"": null, ""age_min"": null, ""conversations"": null, ""emotional_availability"": null, ""has_children"": null, ""lifestyle"": null, ""partner_children"": null, ""partner_smoking"": null, ""relationship_goal"": ""exploring"", ""relationship_pace"": null, ""relationship_structure"": null, ""relocate"": null, ""schedule"": null, ""smoking"": null, ""space_for_relationship"": null, ""wants_children"": null, ""who_to_meet"": [""non_binary""]}","{""acceptable_zones"": ""not_asked"", ""age_max"": ""not_asked"", ""age_min"": ""not_asked"", ""conversations"": ""not_asked"", ""emotional_availability"": ""not_asked"", ""has_children"": ""declined"", ""lifestyle"": ""not_asked"", ""partner_children"": ""not_asked"", ""partner_smoking"": ""declined"", ""relationship_goal"": ""observed"", ""relationship_pace"": ""not_asked"", ""relationship_structure"": ""not_asked"", ""relocate"": ""not_asked"", ""schedule"": ""not_asked"", ""smoking"": ""not_asked"", ""space_for_relationship"": ""not_asked"", ""wants_children"": ""not_asked"", ""who_to_meet"": ""observed""}","{""acceptable_zones"": null, ""age_max"": null, ""age_min"": null, ""conversations"": null, ""emotional_availability"": null, ""has_children"": null, ""lifestyle"": null, ""partner_children"": null, ""partner_smoking"": null, ""relationship_goal"": 0, ""relationship_pace"": null, ""relationship_structure"": null, ""relocate"": null, ""schedule"": null, ""smoking"": null, ""space_for_relationship"": null, ""wants_children"": null, ""who_to_meet"": 0}"
syn_fe7d95478d0c2a7ba275c40e228c58c6,public_01,25,man,zone_a,True,synthetic_questionnaire,True,0,,,,,,False,,,,,,,,,,,,,not_asked,not_asked,declined,not_asked,not_asked,observed,not_asked,not_asked,not_asked,not_asked,not_asked,not_asked,not_asked,declined,not_asked,not_asked,not_asked,declined,,,,,,0,,,,,,,,,,,,,"{""acceptable_zones"": null, ""age_max"": null, ""age_min"": null, ""conversations"": null, ""emotional_availability"": null, ""has_children"": false, ""lifestyle"": null, ""partner_children"": null, ""partner_smoking"": null, ""relationship_goal"": null, ""relationship_pace"": null, ""relationship_structure"": null, ""relocate"": null, ""schedule"": null, ""smoking"": null, ""space_for_relationship"": null, ""wants_children"": null, ""who_to_meet"": null}","{""acceptable_zones"": ""not_asked"", ""age_max"": ""not_asked"", ""age_min"": ""declined"", ""conversations"": ""not_asked"", ""emotional_availability"": ""not_asked"", ""has_children"": ""observed"", ""lifestyle"": ""not_asked"", ""partner_children"": ""not_asked"", ""partner_smoking"": ""not_asked"", ""relationship_goal"": ""not_asked"", ""relationship_pace"": ""not_asked"", ""relationship_structure"": ""not_asked"", ""relocate"": ""not_asked"", ""schedule"": ""declined"", ""smoking"": ""not_asked"", ""space_for_relationship"": ""not_asked"", ""wants_children"": ""not_asked"", ""who_to_meet"": ""declined""}","{""acceptable_zones"": null, ""age_max"": null, ""age_min"": null, ""conversations"": null, ""emotional_availability"": null, ""has_children"": 0, ""lifestyle"": null, ""partner_children"": null, ""partner_smoking"": null, ""relationship_goal"": null, ""relationship_pace"": null, ""relationship_structure"": null, ""relocate"": null, ""schedule"": null, ""smoking"": null, ""space_for_relationship"": null, ""wants_children"": null, ""who_to_meet"": null}"
syn_4f5805e37b6d2d0a9984ee24d7d60ef9,public_01,45,woman,zone_b,True,synthetic_questionnaire,True,0,,,,,,,,,,,,,,,occasionally,,,,not_asked,declined,not_asked,not_asked,not_asked,not_asked,not_asked,not_asked,not_asked,not_asked,not_asked,not_asked,not_asked,not_asked,observed,not_asked,not_asked,not_asked,,,,,,,,,,,,,,,0,,,,"{""acceptable_zones"": null, ""age_max"": null, ""age_min"": null, ""conversations"": null, ""emotional_availability"": null, ""has_children"": null, ""lifestyle"": null, ""partner_children"": null, ""partner_smoking"": null, ""relationship_goal"": null, ""relationship_pace"": null, ""relationship_structure"": null, ""relocate"": null, ""schedule"": null, ""smoking"": ""occasionally"", ""space_for_relationship"": null, ""wants_children"": null, ""who_to_meet"": null}","{""acceptable_zones"": ""not_asked"", ""age_max"": ""declined"", ""age_min"": ""not_asked"", ""conversations"": ""not_asked"", ""emotional_availability"": ""not_asked"", ""has_children"": ""not_asked"", ""lifestyle"": ""not_asked"", ""partner_children"": ""not_asked"", ""partner_smoking"": ""not_asked"", ""relationship_goal"": ""not_asked"", ""relationship_pace"": ""not_asked"", ""relationship_structure"": ""not_asked"", ""relocate"": ""not_asked"", ""schedule"": ""not_asked"", ""smoking"": ""observed"", ""space_for_relationship"": ""not_asked"", ""wants_children"": ""not_asked"", ""who_to_meet"": ""not_asked""}","{""acceptable_zones"": null, ""age_max"": null, ""age_min"": null, ""conversations"": null, ""emotional_availability"": null, ""has_children"": null, ""lifestyle"": null, ""partner_children"": null, ""partner_smoking"": null, ""relationship_goal"": null, ""relationship_pace"": null, ""relationship_structure"": null, ""relocate"": null, ""schedule"": null, ""smoking"": 0, ""space_for_relationship"": null, ""wants_children"": null, ""who_to_meet"": null}"
syn_ffdc447101d85a0aba41567cc7b1bb7b,public_01,42,woman,zone_a,True,synthetic_questionnaire,True,0,,,,,,,quiet,,,,slow,,,,,,,,not_asked,not_asked,not_asked,declined,not_asked,not_asked,observed,not_asked,not_asked,not_asked,observed,not_asked,not_asked,declined,not_asked,not_asked,not_asked,not_asked,,,,,,,0,,,,0,,,,,,,,"{""acceptable_zones"": null, ""age_max"": null, ""age_min"": null, ""conversations"": null, ""emotional_availability"": null, ""has_children"": null, ""lifestyle"": ""quiet"", ""partner_children"": null, ""partner_smoking"": null, ""relationship_goal"": null, ""relationship_pace"": ""slow"", ""relationship_structure"": null, ""relocate"": null, ""schedule"": null, ""smoking"": null, ""space_for_relationship"": null, ""wants_children"": null, ""who_to_meet"": null}","{""acceptable_zones"": ""not_asked"", ""age_max"": ""not_asked"", ""age_min"": ""not_asked"", ""conversations"": ""declined"", ""emotional_availability"": ""not_asked"", ""has_children"": ""not_asked"", ""lifestyle"": ""observed"", ""partner_children"": ""not_asked"", ""partner_smoking"": ""not_asked"", ""relationship_goal"": ""not_asked"", ""relationship_pace"": ""observed"", ""relationship_structure"": ""not_asked"", ""relocate"": ""not_asked"", ""schedule"": ""declined"", ""smoking"": ""not_asked"", ""space_for_relationship"": ""not_asked"", ""wants_children"": ""not_asked"", ""who_to_meet"": ""not_asked""}","{""acceptable_zones"": null, ""age_max"": null, ""age_min"": null, ""conversations"": null, ""emotional_availability"": null, ""has_children"": null, ""lifestyle"": 0, ""partner_children"": null, ""partner_smoking"": null, ""relationship_goal"": null, ""relationship_pace"": 0, ""relationship_structure"": null, ""relocate"": null, ""schedule"": null, ""smoking"": null, ""space_for_relationship"": null, ""wants_children"": null, ""who_to_meet"": null}"
syn_99ce189452ac7a452245453cf27c0175,public_01,36,man,zone_d,True,synthetic_questionnaire,True,0,"[""zone_d"", ""zone_c""]",40,31,,,False,quiet,no_children,any,,,monogamous,,"[""weekend_day""]",no,,no,"[""man""]",observed,observed,observed,not_asked,not_asked,observed,observed,observed,observed,not_asked,not_asked,observed,not_asked,observed,observed,not_asked,observed,observed,0,0,0,,,0,0,0,0,,,0,,0,0,,0,0,"{""acceptable_zones"": [""zone_d"", ""zone_c""], ""age_max"": 40, ""age_min"": 31, ""conversations"": null, ""emotional_availability"": null, ""has_children"": false, ""lifestyle"": ""quiet"", ""partner_children"": ""no_children"", ""partner_smoking"": ""any"", ""relationship_goal"": null, ""relationship_pace"": null, ""relationship_structure"": ""monogamous"", ""relocate"": null, ""schedule"": [""weekend_day""], ""smoking"": ""no"", ""space_for_relationship"": null, ""wants_children"": ""no"", ""who_to_meet"": [""man""]}","{""acceptable_zones"": ""observed"", ""age_max"": ""observed"", ""age_min"": ""observed"", ""conversations"": ""not_asked"", ""emotional_availability"": ""not_asked"", ""has_children"": ""observed"", ""lifestyle"": ""observed"", ""partner_children"": ""observed"", ""partner_smoking"": ""observed"", ""relationship_goal"": ""not_asked"", ""relationship_pace"": ""not_asked"", ""relationship_structure"": ""observed"", ""relocate"": ""not_asked"", ""schedule"": ""observed"", ""smoking"": ""observed"", ""space_for_relationship"": ""not_asked"", ""wants_children"": ""observed"", ""who_to_meet"": ""observed""}","{""acceptable_zones"": 0, ""age_max"": 0, ""age_min"": 0, ""conversations"": null, ""emotional_availability"": null, ""has_children"": 0, ""lifestyle"": 0, ""partner_children"": 0, ""partner_smoking"": 0, ""relationship_goal"": null, ""relationship_pace"": null, ""relationship_structure"": 0, ""relocate"": null, ""schedule"": 0, ""smoking"": 0, ""space_for_relationship"": null, ""wants_children"": 0, ""who_to_meet"": 0}"
syn_66eec2310bb6b235626cd3b2d0f492a0,public_01,32,woman,zone_a,True,synthetic_questionnaire,True,0,,,,,taking_time,,quiet,,,,,,,,,,,,not_asked,not_asked,not_asked,not_asked,observed,declined,observed,not_asked,not_asked,not_asked,not_asked,not_asked,not_asked,not_asked,not_asked,not_asked,not_asked,not_asked,,,,,0,,0,,,,,,,,,,,,"{""acceptable_zones"": null, ""age_max"": null, ""age_min"": null, ""conversations"": null, ""emotional_availability"": ""taking_time"", ""has_children"": null, ""lifestyle"": ""quiet"", ""partner_children"": null, ""partner_smoking"": null, ""relationship_goal"": null, ""relationship_pace"": null, ""relationship_structure"": null, ""relocate"": null, ""schedule"": null, ""smoking"": null, ""space_for_relationship"": null, ""wants_children"": null, ""who_to_meet"": null}","{""acceptable_zones"": ""not_asked"", ""age_max"": ""not_asked"", ""age_min"": ""not_asked"", ""conversations"": ""not_asked"", ""emotional_availability"": ""observed"", ""has_children"": ""declined"", ""lifestyle"": ""observed"", ""partner_children"": ""not_asked"", ""partner_smoking"": ""not_asked"", ""relationship_goal"": ""not_asked"", ""relationship_pace"": ""not_asked"", ""relationship_structure"": ""not_asked"", ""relocate"": ""not_asked"", ""schedule"": ""not_asked"", ""smoking"": ""not_asked"", ""space_for_relationship"": ""not_asked"", ""wants_children"": ""not_asked"", ""who_to_meet"": ""not_asked""}","{""acceptable_zones"": null, ""age_max"": null, ""age_min"": null, ""conversations"": null, ""emotional_availability"": 0, ""has_children"": null, ""lifestyle"": 0, ""partner_children"": null, ""partner_smoking"": null, ""relationship_goal"": null, ""relationship_pace"": null, ""relationship_structure"": null, ""relocate"": null, ""schedule"": null, ""smoking"": null, ""space_for_relationship"": null, ""wants_children"": null, ""who_to_meet"": null}"
syn_4981ab10adbbf5500a77f5539a8d3dbd,public_01,34,man,zone_a,True,synthetic_questionnaire,True,12,,,,,,False,,any,,,,,,,,,no,,not_asked,declined,not_asked,not_asked,not_asked,observed,not_asked,observed,not_asked,not_asked,not_asked,not_asked,not_asked,not_asked,not_asked,not_asked,observed,not_asked,,,,,,12,,12,,,,,,,,,12,,"{""acceptable_zones"": null, ""age_max"": null, ""age_min"": null, ""conversations"": null, ""emotional_availability"": null, ""has_children"": false, ""lifestyle"": null, ""partner_children"": ""any"", ""partner_smoking"": null, ""relationship_goal"": null, ""relationship_pace"": null, ""relationship_structure"": null, ""relocate"": null, ""schedule"": null, ""smoking"": null, ""space_for_relationship"": null, ""wants_children"": ""no"", ""who_to_meet"": null}","{""acceptable_zones"": ""not_asked"", ""age_max"": ""declined"", ""age_min"": ""not_asked"", ""conversations"": ""not_asked"", ""emotional_availability"": ""not_asked"", ""has_children"": ""observed"", ""lifestyle"": ""not_asked"", ""partner_children"": ""observed"", ""partner_smoking"": ""not_asked"", ""relationship_goal"": ""not_asked"", ""relationship_pace"": ""not_asked"", ""relationship_structure"": ""not_asked"", ""relocate"": ""not_asked"", ""schedule"": ""not_asked"", ""smoking"": ""not_asked"", ""space_for_relationship"": ""not_asked"", ""wants_children"": ""observed"", ""who_to_meet"": ""not_asked""}","{""acceptable_zones"": null, ""age_max"": null, ""age_min"": null, ""conversations"": null, ""emotional_availability"": null, ""has_children"": 12, ""lifestyle"": null, ""partner_children"": 12, ""partner_smoking"": null, ""relationship_goal"": null, ""relationship_pace"": null, ""relationship_structure"": null, ""relocate"": null, ""schedule"": null, ""smoking"": null, ""space_for_relationship"": null, ""wants_children"": 12, ""who_to_meet"": null}"
syn_51c3093687ec35fc141741284be4579c,public_01,44,woman,zone_a,False,synthetic_questionnaire,True,11,"[""zone_a""]",49,39,stories,ready,False,social,any,any,exploring,steady,monogamous,yes,"[""weekend_day""]",yes,moderate,yes,"[""woman""]",observed,observed,observed,observed,observed,observed,observed,observed,observed,observed,observed,observed,observed,observed,observed,observed,observed,observed,11,11,11,11,11,11,11,11,11,11,11,11,11,11,11,11,11,11,"{""acceptable_zones"": [""zone_a""], ""age_max"": 49, ""age_min"": 39, ""conversations"": ""stories"", ""emotional_availability"": ""ready"", ""has_children"": false, ""lifestyle"": ""social"", ""partner_children"": ""any"", ""partner_smoking"": ""any"", ""relationship_goal"": ""exploring"", ""relationship_pace"": ""steady"", ""relationship_structure"": ""monogamous"", ""relocate"": ""yes"", ""schedule"": [""weekend_day""], ""smoking"": ""yes"", ""space_for_relationship"": ""moderate"", ""wants_children"": ""yes"", ""who_to_meet"": [""woman""]}","{""acceptable_zones"": ""observed"", ""age_max"": ""observed"", ""age_min"": ""observed"", ""conversations"": ""observed"", ""emotional_availability"": ""observed"", ""has_children"": ""observed"", ""lifestyle"": ""observed"", ""partner_children"": ""observed"", ""partner_smoking"": ""observed"", ""relationship_goal"": ""observed"", ""relationship_pace"": ""observed"", ""relationship_structure"": ""observed"", ""relocate"": ""observed"", ""schedule"": ""observed"", ""smoking"": ""observed"", ""space_for_relationship"": ""observed"", ""wants_children"": ""observed"", ""who_to_meet"": ""observed""}","{""acceptable_zones"": 11, ""age_max"": 11, ""age_min"": 11, ""conversations"": 11, ""emotional_availability"": 11, ""has_children"": 11, ""lifestyle"": 11, ""partner_children"": 11, ""partner_smoking"": 11, ""relationship_goal"": 11, ""relationship_pace"": 11, ""relationship_structure"": 11, ""relocate"": 11, ""schedule"": 11, ""smoking"": 11, ""space_for_relationship"": 11, ""wants_children"": 11, ""who_to_meet"": 11}"
syn_67635a64a04fbf17681baeef2cc9ecca,public_01,39,man,zone_b,True,synthetic_questionnaire,True,0,"[""zone_b"", ""zone_d""]",49,35,,,False,,any,any,,,monogamous,,"[""weekend_evening""]",occasionally,,yes,"[""woman""]",observed,observed,observed,not_asked,not_asked,observed,not_asked,observed,observed,not_asked,declined,observed,not_asked,observed,observed,not_asked,observed,observed,0,0,0,,,0,,0,0,,,0,,0,0,,0,0,"{""acceptable_zones"": [""zone_b"", ""zone_d""], ""age_max"": 49, ""age_min"": 35, ""conversations"": null, ""emotional_availability"": null, ""has_children"": false, ""lifestyle"": null, ""partner_children"": ""any"", ""partner_smoking"": ""any"", ""relationship_goal"": null, ""relationship_pace"": null, ""relationship_structure"": ""monogamous"", ""relocate"": null, ""schedule"": [""weekend_evening""], ""smoking"": ""occasionally"", ""space_for_relationship"": null, ""wants_children"": ""yes"", ""who_to_meet"": [""woman""]}","{""acceptable_zones"": ""observed"", ""age_max"": ""observed"", ""age_min"": ""observed"", ""conversations"": ""not_asked"", ""emotional_availability"": ""not_asked"", ""has_children"": ""observed"", ""lifestyle"": ""not_asked"", ""partner_children"": ""observed"", ""partner_smoking"": ""observed"", ""relationship_goal"": ""not_asked"", ""relationship_pace"": ""declined"", ""relationship_structure"": ""observed"", ""relocate"": ""not_asked"", ""schedule"": ""observed"", ""smoking"": ""observed"", ""space_for_relationship"": ""not_asked"", ""wants_children"": ""observed"", ""who_to_meet"": ""observed""}","{""acceptable_zones"": 0, ""age_max"": 0, ""age_min"": 0, ""conversations"": null, ""emotional_availability"": null, ""has_children"": 0, ""lifestyle"": null, ""partner_children"": 0, ""partner_smoking"": 0, ""relationship_goal"": null, ""relationship_pace"": null, ""relationship_structure"": 0, ""relocate"": null, ""schedule"": 0, ""smoking"": 0, ""space_for_relationship"": null, ""wants_children"": 0, ""who_to_meet"": 0}"
syn_63cfe04a3e1c8e7503ef42935ea71421,public_01,26,woman,zone_c,True,synthetic_questionnaire,True,0,"[""zone_c""]",,,,,,,,,,,monogamous,,,,,,,observed,not_asked,not_asked,not_asked,not_asked,not_asked,not_asked,not_asked,declined,not_asked,not_asked,observed,not_asked,not_asked,not_asked,not_asked,not_asked,not_asked,0,,,,,,,,,,,0,,,,,,,"{""acceptable_zones"": [""zone_c""], ""age_max"": null, ""age_min"": null, ""conversations"": null, ""emotional_availability"": null, ""has_children"": null, ""lifestyle"": null, ""partner_children"": null, ""partner_smoking"": null, ""relationship_goal"": null, ""relationship_pace"": null, ""relationship_structure"": ""monogamous"", ""relocate"": null, ""schedule"": null, ""smoking"": null, ""space_for_relationship"": null, ""wants_children"": null, ""who_to_meet"": null}","{""acceptable_zones"": ""observed"", ""age_max"": ""not_asked"", ""age_min"": ""not_asked"", ""conversations"": ""not_asked"", ""emotional_availability"": ""not_asked"", ""has_children"": ""not_asked"", ""lifestyle"": ""not_asked"", ""partner_children"": ""not_asked"", ""partner_smoking"": ""declined"", ""relationship_goal"": ""not_asked"", ""relationship_pace"": ""not_asked"", ""relationship_structure"": ""observed"", ""relocate"": ""not_asked"", ""schedule"": ""not_asked"", ""smoking"": ""not_asked"", ""space_for_relationship"": ""not_asked"", ""wants_children"": ""not_asked"", ""who_to_meet"": ""not_asked""}","{""acceptable_zones"": 0, ""age_max"": null, ""age_min"": null, ""conversations"": null, ""emotional_availability"": null, ""has_children"": null, ""lifestyle"": null, ""partner_children"": null, ""partner_smoking"": null, ""relationship_goal"": null, ""relationship_pace"": null, ""relationship_structure"": 0, ""relocate"": null, ""schedule"": null, ""smoking"": null, ""space_for_relationship"": null, ""wants_children"": null, ""who_to_meet"": null}"
syn_fb8bec73650305fbc2d28ae8dc25c2ec,public_01,36,woman,zone_b,True,synthetic_questionnaire,True,17,"[""zone_b""]",39,33,ideas,taking_time,False,social,no_children,no_smoking,exploring,quick,monogamous,no,"[""weekend_day""]",no,limited,no,"[""non_binary""]",observed,observed,observed,observed,observed,observed,observed,observed,observed,observed,observed,observed,observed,observed,observed,observed,observed,observed,17,17,17,17,17,17,17,17,17,17,17,17,17,17,17,17,17,17,"{""acceptable_zones"": [""zone_b""], ""age_max"": 39, ""age_min"": 33, ""conversations"": ""ideas"", ""emotional_availability"": ""taking_time"", ""has_children"": false, ""lifestyle"": ""social"", ""partner_children"": ""no_children"", ""partner_smoking"": ""no_smoking"", ""relationship_goal"": ""exploring"", ""relationship_pace"": ""quick"", ""relationship_structure"": ""monogamous"", ""relocate"": ""no"", ""schedule"": [""weekend_day""], ""smoking"": ""no"", ""space_for_relationship"": ""limited"", ""wants_children"": ""no"", ""who_to_meet"": [""non_binary""]}","{""acceptable_zones"": ""observed"", ""age_max"": ""observed"", ""age_min"": ""observed"", ""conversations"": ""observed"", ""emotional_availability"": ""observed"", ""has_children"": ""observed"", ""lifestyle"": ""observed"", ""partner_children"": ""observed"", ""partner_smoking"": ""observed"", ""relationship_goal"": ""observed"", ""relationship_pace"": ""observed"", ""relationship_structure"": ""observed"", ""relocate"": ""observed"", ""schedule"": ""observed"", ""smoking"": ""observed"", ""space_for_relationship"": ""observed"", ""wants_children"": ""observed"", ""who_to_meet"": ""observed""}","{""acceptable_zones"": 17, ""age_max"": 17, ""age_min"": 17, ""conversations"": 17, ""emotional_availability"": 17, ""has_children"": 17, ""lifestyle"": 17, ""partner_children"": 17, ""partner_smoking"": 17, ""relationship_goal"": 17, ""relationship_pace"": 17, ""relationship_structure"": 17, ""relocate"": 17, ""schedule"": 17, ""smoking"": 17, ""space_for_relationship"": 17, ""wants_children"": 17, ""who_to_meet"": 17}"
syn_2ace6829562f1903e1273758af37a3b0,public_01,36,man,zone_a,True,synthetic_questionnaire,True,0,"[""zone_a""]",39,31,,ready,True,,any,any,,,monogamous,,"[""weekend_day"", ""weekend_evening""]",no,,yes,"[""man""]",observed,observed,observed,not_asked,observed,observed,not_asked,observed,observed,not_asked,not_asked,observed,not_asked,observed,observed,declined,observed,observed,0,0,0,,0,0,,0,0,,,0,,0,0,,0,0,"{""acceptable_zones"": [""zone_a""], ""age_max"": 39, ""age_min"": 31, ""conversations"": null, ""emotional_availability"": ""ready"", ""has_children"": true, ""lifestyle"": null, ""partner_children"": ""any"", ""partner_smoking"": ""any"", ""relationship_goal"": null, ""relationship_pace"": null, ""relationship_structure"": ""monogamous"", ""relocate"": null, ""schedule"": [""weekend_day"", ""weekend_evening""], ""smoking"": ""no"", ""space_for_relationship"": null, ""wants_children"": ""yes"", ""who_to_meet"": [""man""]}","{""acceptable_zones"": ""observed"", ""age_max"": ""observed"", ""age_min"": ""observed"", ""conversations"": ""not_asked"", ""emotional_availability"": ""observed"", ""has_children"": ""observed"", ""lifestyle"": ""not_asked"", ""partner_children"": ""observed"", ""partner_smoking"": ""observed"", ""relationship_goal"": ""not_asked"", ""relationship_pace"": ""not_asked"", ""relationship_structure"": ""observed"", ""relocate"": ""not_asked"", ""schedule"": ""observed"", ""smoking"": ""observed"", ""space_for_relationship"": ""declined"", ""wants_children"": ""observed"", ""who_to_meet"": ""observed""}","{""acceptable_zones"": 0, ""age_max"": 0, ""age_min"": 0, ""conversations"": null, ""emotional_availability"": 0, ""has_children"": 0, ""lifestyle"": null, ""partner_children"": 0, ""partner_smoking"": 0, ""relationship_goal"": null, ""relationship_pace"": null, ""relationship_structure"": 0, ""relocate"": null, ""schedule"": 0, ""smoking"": 0, ""space_for_relationship"": null, ""wants_children"": 0, ""who_to_meet"": 0}"
syn_3e6518b6a93d60dad3cd41aa18f0fe41,public_01,44,woman,zone_a,True,synthetic_questionnaire,True,7,,,41,,,,,,any,,,,,,,,,,not_asked,not_asked,observed,not_asked,not_asked,not_asked,declined,not_asked,observed,not_asked,not_asked,not_asked,not_asked,not_asked,not_asked,not_asked,not_asked,declined,,,7,,,,,,7,,,,,,,,,,"{""acceptable_zones"": null, ""age_max"": null, ""age_min"": 41, ""conversations"": null, ""emotional_availability"": null, ""has_children"": null, ""lifestyle"": null, ""partner_children"": null, ""partner_smoking"": ""any"", ""relationship_goal"": null, ""relationship_pace"": null, ""relationship_structure"": null, ""relocate"": null, ""schedule"": null, ""smoking"": null, ""space_for_relationship"": null, ""wants_children"": null, ""who_to_meet"": null}","{""acceptable_zones"": ""not_asked"", ""age_max"": ""not_asked"", ""age_min"": ""observed"", ""conversations"": ""not_asked"", ""emotional_availability"": ""not_asked"", ""has_children"": ""not_asked"", ""lifestyle"": ""declined"", ""partner_children"": ""not_asked"", ""partner_smoking"": ""observed"", ""relationship_goal"": ""not_asked"", ""relationship_pace"": ""not_asked"", ""relationship_structure"": ""not_asked"", ""relocate"": ""not_asked"", ""schedule"": ""not_asked"", ""smoking"": ""not_asked"", ""space_for_relationship"": ""not_asked"", ""wants_children"": ""not_asked"", ""who_to_meet"": ""declined""}","{""acceptable_zones"": null, ""age_max"": null, ""age_min"": 7, ""conversations"": null, ""emotional_availability"": null, ""has_children"": null, ""lifestyle"": null, ""partner_children"": null, ""partner_smoking"": 7, ""relationship_goal"": null, ""relationship_pace"": null, ""relationship_structure"": null, ""relocate"": null, ""schedule"": null, ""smoking"": null, ""space_for_relationship"": null, ""wants_children"": null, ""who_to_meet"": null}"
syn_3323cdb55fc17465e721a3560f7a1aac,public_01,22,man,zone_a,True,synthetic_questionnaire,True,0,,,,,,,,,,,,,,,,,,,not_asked,not_asked,not_asked,not_asked,not_asked,declined,not_asked,not_asked,not_asked,not_asked,not_asked,not_asked,not_asked,not_asked,not_asked,not_asked,not_asked,not_asked,,,,,,,,,,,,,,,,,,,"{""acceptable_zones"": null, ""age_max"": null, ""age_min"": null, ""conversations"": null, ""emotional_availability"": null, ""has_children"": null, ""lifestyle"": null, ""partner_children"": null, ""partner_smoking"": null, ""relationship_goal"": null, ""relationship_pace"": null, ""relationship_structure"": null, ""relocate"": null, ""schedule"": null, ""smoking"": null, ""space_for_relationship"": null, ""wants_children"": null, ""who_to_meet"": null}","{""acceptable_zones"": ""not_asked"", ""age_max"": ""not_asked"", ""age_min"": ""not_asked"", ""conversations"": ""not_asked"", ""emotional_availability"": ""not_asked"", ""has_children"": ""declined"", ""lifestyle"": ""not_asked"", ""partner_children"": ""not_asked"", ""partner_smoking"": ""not_asked"", ""relationship_goal"": ""not_asked"", ""relationship_pace"": ""not_asked"", ""relationship_structure"": ""not_asked"", ""relocate"": ""not_asked"", ""schedule"": ""not_asked"", ""smoking"": ""not_asked"", ""space_for_relationship"": ""not_asked"", ""wants_children"": ""not_asked"", ""who_to_meet"": ""not_asked""}","{""acceptable_zones"": null, ""age_max"": null, ""age_min"": null, ""conversations"": null, ""emotional_availability"": null, ""has_children"": null, ""lifestyle"": null, ""partner_children"": null, ""partner_smoking"": null, ""relationship_goal"": null, ""relationship_pace"": null, ""relationship_structure"": null, ""relocate"": null, ""schedule"": null, ""smoking"": null, ""space_for_relationship"": null, ""wants_children"": null, ""who_to_meet"": null}"
syn_909e654df8322aaeaf7e43e67db2d2d6,public_01,46,woman,zone_a,True,synthetic_questionnaire,True,0,,,43,,,,,,,exploring,,,no,,,,,,not_asked,not_asked,observed,not_asked,not_asked,not_asked,not_asked,not_asked,not_asked,observed,not_asked,declined,observed,not_asked,not_asked,declined,not_asked,not_asked,,,0,,,,,,,0,,,0,,,,,,"{""acceptable_zones"": null, ""age_max"": null, ""age_min"": 43, ""conversations"": null, ""emotional_availability"": null, ""has_children"": null, ""lifestyle"": null, ""partner_children"": null, ""partner_smoking"": null, ""relationship_goal"": ""exploring"", ""relationship_pace"": null, ""relationship_structure"": null, ""relocate"": ""no"", ""schedule"": null, ""smoking"": null, ""space_for_relationship"": null, ""wants_children"": null, ""who_to_meet"": null}","{""acceptable_zones"": ""not_asked"", ""age_max"": ""not_asked"", ""age_min"": ""observed"", ""conversations"": ""not_asked"", ""emotional_availability"": ""not_asked"", ""has_children"": ""not_asked"", ""lifestyle"": ""not_asked"", ""partner_children"": ""not_asked"", ""partner_smoking"": ""not_asked"", ""relationship_goal"": ""observed"", ""relationship_pace"": ""not_asked"", ""relationship_structure"": ""declined"", ""relocate"": ""observed"", ""schedule"": ""not_asked"", ""smoking"": ""not_asked"", ""space_for_relationship"": ""declined"", ""wants_children"": ""not_asked"", ""who_to_meet"": ""not_asked""}","{""acceptable_zones"": null, ""age_max"": null, ""age_min"": 0, ""conversations"": null, ""emotional_availability"": null, ""has_children"": null, ""lifestyle"": null, ""partner_children"": null, ""partner_smoking"": null, ""relationship_goal"": 0, ""relationship_pace"": null, ""relationship_structure"": null, ""relocate"": 0, ""schedule"": null, ""smoking"": null, ""space_for_relationship"": null, ""wants_children"": null, ""who_to_meet"": null}"
syn_3e94cf4755a04dc34451e7870d909bfb,public_01,42,woman,zone_a,True,synthetic_questionnaire,True,0,"[""zone_a"", ""zone_c""]",51,34,ideas,ready,True,social,no_children,any,long_term,quick,monogamous,no,"[""weekend_evening"", ""weekday_evening"", ""weekend_day""]",no,moderate,yes,"[""woman""]",observed,observed,observed,observed,observed,observed,observed,observed,observed,observed,observed,observed,observed,observed,observed,observed,observed,observed,0,0,0,0,0,0,0,0,0,0,0,0,0,0,0,0,0,0,"{""acceptable_zones"": [""zone_a"", ""zone_c""], ""age_max"": 51, ""age_min"": 34, ""conversations"": ""ideas"", ""emotional_availability"": ""ready"", ""has_children"": true, ""lifestyle"": ""social"", ""partner_children"": ""no_children"", ""partner_smoking"": ""any"", ""relationship_goal"": ""long_term"", ""relationship_pace"": ""quick"", ""relationship_structure"": ""monogamous"", ""relocate"": ""no"", ""schedule"": [""weekend_evening"", ""weekday_evening"", ""weekend_day""], ""smoking"": ""no"", ""space_for_relationship"": ""moderate"", ""wants_children"": ""yes"", ""who_to_meet"": [""woman""]}","{""acceptable_zones"": ""observed"", ""age_max"": ""observed"", ""age_min"": ""observed"", ""conversations"": ""observed"", ""emotional_availability"": ""observed"", ""has_children"": ""observed"", ""lifestyle"": ""observed"", ""partner_children"": ""observed"", ""partner_smoking"": ""observed"", ""relationship_goal"": ""observed"", ""relationship_pace"": ""observed"", ""relationship_structure"": ""observed"", ""relocate"": ""observed"", ""schedule"": ""observed"", ""smoking"": ""observed"", ""space_for_relationship"": ""observed"", ""wants_children"": ""observed"", ""who_to_meet"": ""observed""}","{""acceptable_zones"": 0, ""age_max"": 0, ""age_min"": 0, ""conversations"": 0, ""emotional_availability"": 0, ""has_children"": 0, ""lifestyle"": 0, ""partner_children"": 0, ""partner_smoking"": 0, ""relationship_goal"": 0, ""relationship_pace"": 0, ""relationship_structure"": 0, ""relocate"": 0, ""schedule"": 0, ""smoking"": 0, ""space_for_relationship"": 0, ""wants_children"": 0, ""who_to_meet"": 0}"
syn_eff358b076f1f3e854a9fac6dcd3f567,public_01,31,woman,zone_c,True,synthetic_questionnaire,True,0,,,,ideas,,,,,,,,,,,,,,,not_asked,not_asked,not_asked,observed,not_asked,not_asked,not_asked,not_asked,not_asked,not_asked,not_asked,not_asked,not_asked,not_asked,not_asked,not_asked,not_asked,declined,,,,0,,,,,,,,,,,,,,,"{""acceptable_zones"": null, ""age_max"": null, ""age_min"": null, ""conversations"": ""ideas"", ""emotional_availability"": null, ""has_children"": null, ""lifestyle"": null, ""partner_children"": null, ""partner_smoking"": null, ""relationship_goal"": null, ""relationship_pace"": null, ""relationship_structure"": null, ""relocate"": null, ""schedule"": null, ""smoking"": null, ""space_for_relationship"": null, ""wants_children"": null, ""who_to_meet"": null}","{""acceptable_zones"": ""not_asked"", ""age_max"": ""not_asked"", ""age_min"": ""not_asked"", ""conversations"": ""observed"", ""emotional_availability"": ""not_asked"", ""has_children"": ""not_asked"", ""lifestyle"": ""not_asked"", ""partner_children"": ""not_asked"", ""partner_smoking"": ""not_asked"", ""relationship_goal"": ""not_asked"", ""relationship_pace"": ""not_asked"", ""relationship_structure"": ""not_asked"", ""relocate"": ""not_asked"", ""schedule"": ""not_asked"", ""smoking"": ""not_asked"", ""space_for_relationship"": ""not_asked"", ""wants_children"": ""not_asked"", ""who_to_meet"": ""declined""}","{""acceptable_zones"": null, ""age_max"": null, ""age_min"": null, ""conversations"": 0, ""emotional_availability"": null, ""has_children"": null, ""lifestyle"": null, ""partner_children"": null, ""partner_smoking"": null, ""relationship_goal"": null, ""relationship_pace"": null, ""relationship_structure"": null, ""relocate"": null, ""schedule"": null, ""smoking"": null, ""space_for_relationship"": null, ""wants_children"": null, ""who_to_meet"": null}"
syn_bc92695a36766409c969fec6d5d93a7e,public_01,45,woman,zone_a,True,synthetic_questionnaire,True,11,,,,,,,,,,,,,,,no,,,,declined,declined,not_asked,declined,not_asked,not_asked,not_asked,not_asked,not_asked,not_asked,not_asked,not_asked,not_asked,not_asked,observed,not_asked,not_asked,not_asked,,,,,,,,,,,,,,,11,,,,"{""acceptable_zones"": null, ""age_max"": null, ""age_min"": null, ""conversations"": null, ""emotional_availability"": null, ""has_children"": null, ""lifestyle"": null, ""partner_children"": null, ""partner_smoking"": null, ""relationship_goal"": null, ""relationship_pace"": null, ""relationship_structure"": null, ""relocate"": null, ""schedule"": null, ""smoking"": ""no"", ""space_for_relationship"": null, ""wants_children"": null, ""who_to_meet"": null}","{""acceptable_zones"": ""declined"", ""age_max"": ""declined"", ""age_min"": ""not_asked"", ""conversations"": ""declined"", ""emotional_availability"": ""not_asked"", ""has_children"": ""not_asked"", ""lifestyle"": ""not_asked"", ""partner_children"": ""not_asked"", ""partner_smoking"": ""not_asked"", ""relationship_goal"": ""not_asked"", ""relationship_pace"": ""not_asked"", ""relationship_structure"": ""not_asked"", ""relocate"": ""not_asked"", ""schedule"": ""not_asked"", ""smoking"": ""observed"", ""space_for_relationship"": ""not_asked"", ""wants_children"": ""not_asked"", ""who_to_meet"": ""not_asked""}","{""acceptable_zones"": null, ""age_max"": null, ""age_min"": null, ""conversations"": null, ""emotional_availability"": null, ""has_children"": null, ""lifestyle"": null, ""partner_children"": null, ""partner_smoking"": null, ""relationship_goal"": null, ""relationship_pace"": null, ""relationship_structure"": null, ""relocate"": null, ""schedule"": null, ""smoking"": 11, ""space_for_relationship"": null, ""wants_children"": null, ""who_to_meet"": null}"
syn_b7c38a05e9c6fa8787e7b1fe145544cf,public_01,28,woman,zone_a,True,synthetic_questionnaire,True,0,,,,,,,,any,,,,,,,,,yes,,declined,declined,not_asked,not_asked,not_asked,not_asked,declined,observed,not_asked,not_asked,not_asked,not_asked,not_asked,not_asked,not_asked,not_asked,observed,not_asked,,,,,,,,0,,,,,,,,,0,,"{""acceptable_zones"": null, ""age_max"": null, ""age_min"": null, ""conversations"": null, ""emotional_availability"": null, ""has_children"": null, ""lifestyle"": null, ""partner_children"": ""any"", ""partner_smoking"": null, ""relationship_goal"": null, ""relationship_pace"": null, ""relationship_structure"": null, ""relocate"": null, ""schedule"": null, ""smoking"": null, ""space_for_relationship"": null, ""wants_children"": ""yes"", ""who_to_meet"": null}","{""acceptable_zones"": ""declined"", ""age_max"": ""declined"", ""age_min"": ""not_asked"", ""conversations"": ""not_asked"", ""emotional_availability"": ""not_asked"", ""has_children"": ""not_asked"", ""lifestyle"": ""declined"", ""partner_children"": ""observed"", ""partner_smoking"": ""not_asked"", ""relationship_goal"": ""not_asked"", ""relationship_pace"": ""not_asked"", ""relationship_structure"": ""not_asked"", ""relocate"": ""not_asked"", ""schedule"": ""not_asked"", ""smoking"": ""not_asked"", ""space_for_relationship"": ""not_asked"", ""wants_children"": ""observed"", ""who_to_meet"": ""not_asked""}","{""acceptable_zones"": null, ""age_max"": null, ""age_min"": null, ""conversations"": null, ""emotional_availability"": null, ""has_children"": null, ""lifestyle"": null, ""partner_children"": 0, ""partner_smoking"": null, ""relationship_goal"": null, ""relationship_pace"": null, ""relationship_structure"": null, ""relocate"": null, ""schedule"": null, ""smoking"": null, ""space_for_relationship"": null, ""wants_children"": 0, ""who_to_meet"": null}"
syn_61637b96c19e5874362ba732e2301987,public_01,37,man,zone_a,True,synthetic_questionnaire,True,0,,,,playful,,False,,,,,,,,,,,,,not_asked,not_asked,not_asked,observed,not_asked,observed,not_asked,not_asked,not_asked,not_asked,not_asked,declined,not_asked,not_asked,not_asked,not_asked,not_asked,not_asked,,,,0,,0,,,,,,,,,,,,,"{""acceptable_zones"": null, ""age_max"": null, ""age_min"": null, ""conversations"": ""playful"", ""emotional_availability"": null, ""has_children"": false, ""lifestyle"": null, ""partner_children"": null, ""partner_smoking"": null, ""relationship_goal"": null, ""relationship_pace"": null, ""relationship_structure"": null, ""relocate"": null, ""schedule"": null, ""smoking"": null, ""space_for_relationship"": null, ""wants_children"": null, ""who_to_meet"": null}","{""acceptable_zones"": ""not_asked"", ""age_max"": ""not_asked"", ""age_min"": ""not_asked"", ""conversations"": ""observed"", ""emotional_availability"": ""not_asked"", ""has_children"": ""observed"", ""lifestyle"": ""not_asked"", ""partner_children"": ""not_asked"", ""partner_smoking"": ""not_asked"", ""relationship_goal"": ""not_asked"", ""relationship_pace"": ""not_asked"", ""relationship_structure"": ""declined"", ""relocate"": ""not_asked"", ""schedule"": ""not_asked"", ""smoking"": ""not_asked"", ""space_for_relationship"": ""not_asked"", ""wants_children"": ""not_asked"", ""who_to_meet"": ""not_asked""}","{""acceptable_zones"": null, ""age_max"": null, ""age_min"": null, ""conversations"": 0, ""emotional_availability"": null, ""has_children"": 0, ""lifestyle"": null, ""partner_children"": null, ""partner_smoking"": null, ""relationship_goal"": null, ""relationship_pace"": null, ""relationship_structure"": null, ""relocate"": null, ""schedule"": null, ""smoking"": null, ""space_for_relationship"": null, ""wants_children"": null, ""who_to_meet"": null}"
syn_23015ce9d35ee1089c8275db490cba13,public_01,26,man,zone_c,True,synthetic_questionnaire,True,3,"[""zone_c"", ""zone_d""]",31,19,,,False,,no_children,no_smoking,,,monogamous,,"[""weekday_evening""]",no,,yes,"[""woman""]",observed,observed,observed,not_asked,not_asked,observed,not_asked,observed,observed,not_asked,not_asked,observed,not_asked,observed,observed,not_asked,observed,observed,3,3,3,,,3,,3,3,,,3,,3,3,,3,3,"{""acceptable_zones"": [""zone_c"", ""zone_d""], ""age_max"": 31, ""age_min"": 19, ""conversations"": null, ""emotional_availability"": null, ""has_children"": false, ""lifestyle"": null, ""partner_children"": ""no_children"", ""partner_smoking"": ""no_smoking"", ""relationship_goal"": null, ""relationship_pace"": null, ""relationship_structure"": ""monogamous"", ""relocate"": null, ""schedule"": [""weekday_evening""], ""smoking"": ""no"", ""space_for_relationship"": null, ""wants_children"": ""yes"", ""who_to_meet"": [""woman""]}","{""acceptable_zones"": ""observed"", ""age_max"": ""observed"", ""age_min"": ""observed"", ""conversations"": ""not_asked"", ""emotional_availability"": ""not_asked"", ""has_children"": ""observed"", ""lifestyle"": ""not_asked"", ""partner_children"": ""observed"", ""partner_smoking"": ""observed"", ""relationship_goal"": ""not_asked"", ""relationship_pace"": ""not_asked"", ""relationship_structure"": ""observed"", ""relocate"": ""not_asked"", ""schedule"": ""observed"", ""smoking"": ""observed"", ""space_for_relationship"": ""not_asked"", ""wants_children"": ""observed"", ""who_to_meet"": ""observed""}","{""acceptable_zones"": 3, ""age_max"": 3, ""age_min"": 3, ""conversations"": null, ""emotional_availability"": null, ""has_children"": 3, ""lifestyle"": null, ""partner_children"": 3, ""partner_smoking"": 3, ""relationship_goal"": null, ""relationship_pace"": null, ""relationship_structure"": 3, ""relocate"": null, ""schedule"": 3, ""smoking"": 3, ""space_for_relationship"": null, ""wants_children"": 3, ""who_to_meet"": 3}"
syn_8ec5569d9d568263f30c551cc9252f3b,public_01,40,woman,zone_d,True,synthetic_questionnaire,True,0,"[""zone_d""]",47,35,,ready,False,,no_children,no_smoking,,,monogamous,,"[""weekend_day"", ""weekend_evening"", ""weekday_evening""]",no,,no,"[""non_binary""]",observed,observed,observed,not_asked,observed,observed,not_asked,observed,observed,not_asked,not_asked,observed,not_asked,observed,observed,not_asked,observed,observed,0,0,0,,0,0,,0,0,,,0,,0,0,,0,0,"{""acceptable_zones"": [""zone_d""], ""age_max"": 47, ""age_min"": 35, ""conversations"": null, ""emotional_availability"": ""ready"", ""has_children"": false, ""lifestyle"": null, ""partner_children"": ""no_children"", ""partner_smoking"": ""no_smoking"", ""relationship_goal"": null, ""relationship_pace"": null, ""relationship_structure"": ""monogamous"", ""relocate"": null, ""schedule"": [""weekend_day"", ""weekend_evening"", ""weekday_evening""], ""smoking"": ""no"", ""space_for_relationship"": null, ""wants_children"": ""no"", ""who_to_meet"": [""non_binary""]}","{""acceptable_zones"": ""observed"", ""age_max"": ""observed"", ""age_min"": ""observed"", ""conversations"": ""not_asked"", ""emotional_availability"": ""observed"", ""has_children"": ""observed"", ""lifestyle"": ""not_asked"", ""partner_children"": ""observed"", ""partner_smoking"": ""observed"", ""relationship_goal"": ""not_asked"", ""relationship_pace"": ""not_asked"", ""relationship_structure"": ""observed"", ""relocate"": ""not_asked"", ""schedule"": ""observed"", ""smoking"": ""observed"", ""space_for_relationship"": ""not_asked"", ""wants_children"": ""observed"", ""who_to_meet"": ""observed""}","{""acceptable_zones"": 0, ""age_max"": 0, ""age_min"": 0, ""conversations"": null, ""emotional_availability"": 0, ""has_children"": 0, ""lifestyle"": null, ""partner_children"": 0, ""partner_smoking"": 0, ""relationship_goal"": null, ""relationship_pace"": null, ""relationship_structure"": 0, ""relocate"": null, ""schedule"": 0, ""smoking"": 0, ""space_for_relationship"": null, ""wants_children"": 0, ""who_to_meet"": 0}"
syn_1e1a6103b9a2f1234583cd4253ea3b88,public_01,43,woman,zone_a,True,synthetic_questionnaire,True,0,,,,,,,,,,,,,,,,,,,not_asked,not_asked,declined,not_asked,not_asked,not_asked,declined,not_asked,not_asked,not_asked,not_asked,not_asked,not_asked,not_asked,not_asked,not_asked,not_asked,not_asked,,,,,,,,,,,,,,,,,,,"{""acceptable_zones"": null, ""age_max"": null, ""age_min"": null, ""conversations"": null, ""emotional_availability"": null, ""has_children"": null, ""lifestyle"": null, ""partner_children"": null, ""partner_smoking"": null, ""relationship_goal"": null, ""relationship_pace"": null, ""relationship_structure"": null, ""relocate"": null, ""schedule"": null, ""smoking"": null, ""space_for_relationship"": null, ""wants_children"": null, ""who_to_meet"": null}","{""acceptable_zones"": ""not_asked"", ""age_max"": ""not_asked"", ""age_min"": ""declined"", ""conversations"": ""not_asked"", ""emotional_availability"": ""not_asked"", ""has_children"": ""not_asked"", ""lifestyle"": ""declined"", ""partner_children"": ""not_asked"", ""partner_smoking"": ""not_asked"", ""relationship_goal"": ""not_asked"", ""relationship_pace"": ""not_asked"", ""relationship_structure"": ""not_asked"", ""relocate"": ""not_asked"", ""schedule"": ""not_asked"", ""smoking"": ""not_asked"", ""space_for_relationship"": ""not_asked"", ""wants_children"": ""not_asked"", ""who_to_meet"": ""not_asked""}","{""acceptable_zones"": null, ""age_max"": null, ""age_min"": null, ""conversations"": null, ""emotional_availability"": null, ""has_children"": null, ""lifestyle"": null, ""partner_children"": null, ""partner_smoking"": null, ""relationship_goal"": null, ""relationship_pace"": null, ""relationship_structure"": null, ""relocate"": null, ""schedule"": null, ""smoking"": null, ""space_for_relationship"": null, ""wants_children"": null, ""who_to_meet"": null}"
syn_b4622763ed1476794c24ad8f6e66b7a6,public_01,37,woman,zone_a,True,synthetic_questionnaire,True,0,"[""zone_a""]",40,31,practical,taking_time,False,mixed,no_children,any,exploring,slow,monogamous,yes,"[""weekend_evening"", ""weekday_evening"", ""weekend_day""]",no,ample,yes,"[""non_binary""]",observed,observed,observed,observed,observed,observed,observed,observed,observed,observed,observed,observed,observed,observed,observed,observed,observed,observed,0,0,0,0,0,0,0,0,0,0,0,0,0,0,0,0,0,0,"{""acceptable_zones"": [""zone_a""], ""age_max"": 40, ""age_min"": 31, ""conversations"": ""practical"", ""emotional_availability"": ""taking_time"", ""has_children"": false, ""lifestyle"": ""mixed"", ""partner_children"": ""no_children"", ""partner_smoking"": ""any"", ""relationship_goal"": ""exploring"", ""relationship_pace"": ""slow"", ""relationship_structure"": ""monogamous"", ""relocate"": ""yes"", ""schedule"": [""weekend_evening"", ""weekday_evening"", ""weekend_day""], ""smoking"": ""no"", ""space_for_relationship"": ""ample"", ""wants_children"": ""yes"", ""who_to_meet"": [""non_binary""]}","{""acceptable_zones"": ""observed"", ""age_max"": ""observed"", ""age_min"": ""observed"", ""conversations"": ""observed"", ""emotional_availability"": ""observed"", ""has_children"": ""observed"", ""lifestyle"": ""observed"", ""partner_children"": ""observed"", ""partner_smoking"": ""observed"", ""relationship_goal"": ""observed"", ""relationship_pace"": ""observed"", ""relationship_structure"": ""observed"", ""relocate"": ""observed"", ""schedule"": ""observed"", ""smoking"": ""observed"", ""space_for_relationship"": ""observed"", ""wants_children"": ""observed"", ""who_to_meet"": ""observed""}","{""acceptable_zones"": 0, ""age_max"": 0, ""age_min"": 0, ""conversations"": 0, ""emotional_availability"": 0, ""has_children"": 0, ""lifestyle"": 0, ""partner_children"": 0, ""partner_smoking"": 0, ""relationship_goal"": 0, ""relationship_pace"": 0, ""relationship_structure"": 0, ""relocate"": 0, ""schedule"": 0, ""smoking"": 0, ""space_for_relationship"": 0, ""wants_children"": 0, ""who_to_meet"": 0}"
syn_fb32b8618bad355de272dc79ff6569b7,public_01,34,woman,zone_b,True,synthetic_questionnaire,True,0,"[""zone_b""]",41,24,,,False,,no_children,any,,,monogamous,,"[""weekend_day""]",no,,no,"[""woman""]",observed,observed,observed,not_asked,not_asked,observed,not_asked,observed,observed,not_asked,not_asked,observed,not_asked,observed,observed,not_asked,observed,observed,1,1,1,,,1,,1,1,,,1,,1,1,,1,1,"{""acceptable_zones"": [""zone_b""], ""age_max"": 41, ""age_min"": 24, ""conversations"": null, ""emotional_availability"": null, ""has_children"": false, ""lifestyle"": null, ""partner_children"": ""no_children"", ""partner_smoking"": ""any"", ""relationship_goal"": null, ""relationship_pace"": null, ""relationship_structure"": ""monogamous"", ""relocate"": null, ""schedule"": [""weekend_day""], ""smoking"": ""no"", ""space_for_relationship"": null, ""wants_children"": ""no"", ""who_to_meet"": [""woman""]}","{""acceptable_zones"": ""observed"", ""age_max"": ""observed"", ""age_min"": ""observed"", ""conversations"": ""not_asked"", ""emotional_availability"": ""not_asked"", ""has_children"": ""observed"", ""lifestyle"": ""not_asked"", ""partner_children"": ""observed"", ""partner_smoking"": ""observed"", ""relationship_goal"": ""not_asked"", ""relationship_pace"": ""not_asked"", ""relationship_structure"": ""observed"", ""relocate"": ""not_asked"", ""schedule"": ""observed"", ""smoking"": ""observed"", ""space_for_relationship"": ""not_asked"", ""wants_children"": ""observed"", ""who_to_meet"": ""observed""}","{""acceptable_zones"": 1, ""age_max"": 1, ""age_min"": 1, ""conversations"": null, ""emotional_availability"": null, ""has_children"": 1, ""lifestyle"": null, ""partner_children"": 1, ""partner_smoking"": 1, ""relationship_goal"": null, ""relationship_pace"": null, ""relationship_structure"": 1, ""relocate"": null, ""schedule"": 1, ""smoking"": 1, ""space_for_relationship"": null, ""wants_children"": 1, ""who_to_meet"": 1}"
syn_03ece60c3759e7ac8fffa02bd5d694d7,public_01,35,woman,zone_c,True,synthetic_questionnaire,True,0,,,,,,,,,,,,,,,,,,,not_asked,not_asked,not_asked,not_asked,not_asked,not_asked,not_asked,declined,not_asked,not_asked,not_asked,not_asked,not_asked,declined,not_asked,not_asked,not_asked,not_asked,,,,,,,,,,,,,,,,,,,"{""acceptable_zones"": null, ""age_max"": null, ""age_min"": null, ""conversations"": null, ""emotional_availability"": null, ""has_children"": null, ""lifestyle"": null, ""partner_children"": null, ""partner_smoking"": null, ""relationship_goal"": null, ""relationship_pace"": null, ""relationship_structure"": null, ""relocate"": null, ""schedule"": null, ""smoking"": null, ""space_for_relationship"": null, ""wants_children"": null, ""who_to_meet"": null}","{""acceptable_zones"": ""not_asked"", ""age_max"": ""not_asked"", ""age_min"": ""not_asked"", ""conversations"": ""not_asked"", ""emotional_availability"": ""not_asked"", ""has_children"": ""not_asked"", ""lifestyle"": ""not_asked"", ""partner_children"": ""declined"", ""partner_smoking"": ""not_asked"", ""relationship_goal"": ""not_asked"", ""relationship_pace"": ""not_asked"", ""relationship_structure"": ""not_asked"", ""relocate"": ""not_asked"", ""schedule"": ""declined"", ""smoking"": ""not_asked"", ""space_for_relationship"": ""not_asked"", ""wants_children"": ""not_asked"", ""who_to_meet"": ""not_asked""}","{""acceptable_zones"": null, ""age_max"": null, ""age_min"": null, ""conversations"": null, ""emotional_availability"": null, ""has_children"": null, ""lifestyle"": null, ""partner_children"": null, ""partner_smoking"": null, ""relationship_goal"": null, ""relationship_pace"": null, ""relationship_structure"": null, ""relocate"": null, ""schedule"": null, ""smoking"": null, ""space_for_relationship"": null, ""wants_children"": null, ""who_to_meet"": null}"
syn_305bbab144a6c64b905a1033840759cc,public_01,21,man,zone_a,False,synthetic_questionnaire,True,12,"[""zone_a""]",31,18,,,False,,any,no_smoking,,,monogamous,,"[""weekday_evening""]",no,,no,"[""non_binary""]",observed,observed,observed,not_asked,not_asked,observed,not_asked,observed,observed,not_asked,not_asked,observed,not_asked,observed,observed,declined,observed,observed,12,12,12,,,12,,12,12,,,12,,12,12,,12,12,"{""acceptable_zones"": [""zone_a""], ""age_max"": 31, ""age_min"": 18, ""conversations"": null, ""emotional_availability"": null, ""has_children"": false, ""lifestyle"": null, ""partner_children"": ""any"", ""partner_smoking"": ""no_smoking"", ""relationship_goal"": null, ""relationship_pace"": null, ""relationship_structure"": ""monogamous"", ""relocate"": null, ""schedule"": [""weekday_evening""], ""smoking"": ""no"", ""space_for_relationship"": null, ""wants_children"": ""no"", ""who_to_meet"": [""non_binary""]}","{""acceptable_zones"": ""observed"", ""age_max"": ""observed"", ""age_min"": ""observed"", ""conversations"": ""not_asked"", ""emotional_availability"": ""not_asked"", ""has_children"": ""observed"", ""lifestyle"": ""not_asked"", ""partner_children"": ""observed"", ""partner_smoking"": ""observed"", ""relationship_goal"": ""not_asked"", ""relationship_pace"": ""not_asked"", ""relationship_structure"": ""observed"", ""relocate"": ""not_asked"", ""schedule"": ""observed"", ""smoking"": ""observed"", ""space_for_relationship"": ""declined"", ""wants_children"": ""observed"", ""who_to_meet"": ""observed""}","{""acceptable_zones"": 12, ""age_max"": 12, ""age_min"": 12, ""conversations"": null, ""emotional_availability"": null, ""has_children"": 12, ""lifestyle"": null, ""partner_children"": 12, ""partner_smoking"": 12, ""relationship_goal"": null, ""relationship_pace"": null, ""relationship_structure"": 12, ""relocate"": null, ""schedule"": 12, ""smoking"": 12, ""space_for_relationship"": null, ""wants_children"": 12, ""who_to_meet"": 12}"
syn_df242480b94781401b4ac64f14f015b0,public_01,30,man,zone_a,True,synthetic_questionnaire,True,0,,,26,,,,,,,,,,yes,,,,unsure,,declined,not_asked,observed,not_asked,not_asked,not_asked,not_asked,not_asked,not_asked,not_asked,declined,not_asked,observed,not_asked,not_asked,not_asked,observed,not_asked,,,0,,,,,,,,,,0,,,,0,,"{""acceptable_zones"": null, ""age_max"": null, ""age_min"": 26, ""conversations"": null, ""emotional_availability"": null, ""has_children"": null, ""lifestyle"": null, ""partner_children"": null, ""partner_smoking"": null, ""relationship_goal"": null, ""relationship_pace"": null, ""relationship_structure"": null, ""relocate"": ""yes"", ""schedule"": null, ""smoking"": null, ""space_for_relationship"": null, ""wants_children"": ""unsure"", ""who_to_meet"": null}","{""acceptable_zones"": ""declined"", ""age_max"": ""not_asked"", ""age_min"": ""observed"", ""conversations"": ""not_asked"", ""emotional_availability"": ""not_asked"", ""has_children"": ""not_asked"", ""lifestyle"": ""not_asked"", ""partner_children"": ""not_asked"", ""partner_smoking"": ""not_asked"", ""relationship_goal"": ""not_asked"", ""relationship_pace"": ""declined"", ""relationship_structure"": ""not_asked"", ""relocate"": ""observed"", ""schedule"": ""not_asked"", ""smoking"": ""not_asked"", ""space_for_relationship"": ""not_asked"", ""wants_children"": ""observed"", ""who_to_meet"": ""not_asked""}","{""acceptable_zones"": null, ""age_max"": null, ""age_min"": 0, ""conversations"": null, ""emotional_availability"": null, ""has_children"": null, ""lifestyle"": null, ""partner_children"": null, ""partner_smoking"": null, ""relationship_goal"": null, ""relationship_pace"": null, ""relationship_structure"": null, ""relocate"": 0, ""schedule"": null, ""smoking"": null, ""space_for_relationship"": null, ""wants_children"": 0, ""who_to_meet"": null}"
syn_aad7734833bf13651bfa0ea1773077e3,public_01,45,man,zone_a,True,synthetic_questionnaire,True,2,"[""zone_a""]",51,35,ideas,ready,False,mixed,no_children,any,exploring,slow,monogamous,no,"[""weekend_day""]",no,limited,no,"[""woman"", ""non_binary""]",observed,observed,observed,observed,observed,observed,observed,observed,observed,observed,observed,observed,observed,observed,observed,observed,observed,observed,2,2,2,2,2,2,2,2,2,2,2,2,2,2,2,2,2,2,"{""acceptable_zones"": [""zone_a""], ""age_max"": 51, ""age_min"": 35, ""conversations"": ""ideas"", ""emotional_availability"": ""ready"", ""has_children"": false, ""lifestyle"": ""mixed"", ""partner_children"": ""no_children"", ""partner_smoking"": ""any"", ""relationship_goal"": ""exploring"", ""relationship_pace"": ""slow"", ""relationship_structure"": ""monogamous"", ""relocate"": ""no"", ""schedule"": [""weekend_day""], ""smoking"": ""no"", ""space_for_relationship"": ""limited"", ""wants_children"": ""no"", ""who_to_meet"": [""woman"", ""non_binary""]}","{""acceptable_zones"": ""observed"", ""age_max"": ""observed"", ""age_min"": ""observed"", ""conversations"": ""observed"", ""emotional_availability"": ""observed"", ""has_children"": ""observed"", ""lifestyle"": ""observed"", ""partner_children"": ""observed"", ""partner_smoking"": ""observed"", ""relationship_goal"": ""observed"", ""relationship_pace"": ""observed"", ""relationship_structure"": ""observed"", ""relocate"": ""observed"", ""schedule"": ""observed"", ""smoking"": ""observed"", ""space_for_relationship"": ""observed"", ""wants_children"": ""observed"", ""who_to_meet"": ""observed""}","{""acceptable_zones"": 2, ""age_max"": 2, ""age_min"": 2, ""conversations"": 2, ""emotional_availability"": 2, ""has_children"": 2, ""lifestyle"": 2, ""partner_children"": 2, ""partner_smoking"": 2, ""relationship_goal"": 2, ""relationship_pace"": 2, ""relationship_structure"": 2, ""relocate"": 2, ""schedule"": 2, ""smoking"": 2, ""space_for_relationship"": 2, ""wants_children"": 2, ""who_to_meet"": 2}"
syn_6397b26bc32c25be014546a14d45263d,public_01,29,woman,zone_b,True,synthetic_questionnaire,True,0,"[""zone_b""]",34,26,,,False,,any,no_smoking,,,monogamous,,"[""weekend_evening"", ""weekend_day""]",no,,yes,"[""non_binary"", ""man""]",observed,observed,observed,not_asked,not_asked,observed,not_asked,observed,observed,not_asked,not_asked,observed,declined,observed,observed,not_asked,observed,observed,1,1,1,,,1,,1,1,,,1,,1,1,,1,1,"{""acceptable_zones"": [""zone_b""], ""age_max"": 34, ""age_min"": 26, ""conversations"": null, ""emotional_availability"": null, ""has_children"": false, ""lifestyle"": null, ""partner_children"": ""any"", ""partner_smoking"": ""no_smoking"", ""relationship_goal"": null, ""relationship_pace"": null, ""relationship_structure"": ""monogamous"", ""relocate"": null, ""schedule"": [""weekend_evening"", ""weekend_day""], ""smoking"": ""no"", ""space_for_relationship"": null, ""wants_children"": ""yes"", ""who_to_meet"": [""non_binary"", ""man""]}","{""acceptable_zones"": ""observed"", ""age_max"": ""observed"", ""age_min"": ""observed"", ""conversations"": ""not_asked"", ""emotional_availability"": ""not_asked"", ""has_children"": ""observed"", ""lifestyle"": ""not_asked"", ""partner_children"": ""observed"", ""partner_smoking"": ""observed"", ""relationship_goal"": ""not_asked"", ""relationship_pace"": ""not_asked"", ""relationship_structure"": ""observed"", ""relocate"": ""declined"", ""schedule"": ""observed"", ""smoking"": ""observed"", ""space_for_relationship"": ""not_asked"", ""wants_children"": ""observed"", ""who_to_meet"": ""observed""}","{""acceptable_zones"": 1, ""age_max"": 1, ""age_min"": 1, ""conversations"": null, ""emotional_availability"": null, ""has_children"": 1, ""lifestyle"": null, ""partner_children"": 1, ""partner_smoking"": 1, ""relationship_goal"": null, ""relationship_pace"": null, ""relationship_structure"": 1, ""relocate"": null, ""schedule"": 1, ""smoking"": 1, ""space_for_relationship"": null, ""wants_children"": 1, ""who_to_meet"": 1}"
syn_2c74c64e9f828c59ef172c4724b2eb0d,public_01,24,man,zone_a,True,synthetic_questionnaire,True,18,,30,,,,,,,,,,,no,,,,,,not_asked,observed,not_asked,not_asked,not_asked,declined,not_asked,not_asked,not_asked,not_asked,not_asked,declined,observed,not_asked,not_asked,not_asked,not_asked,not_asked,,18,,,,,,,,,,,18,,,,,,"{""acceptable_zones"": null, ""age_max"": 30, ""age_min"": null, ""conversations"": null, ""emotional_availability"": null, ""has_children"": null, ""lifestyle"": null, ""partner_children"": null, ""partner_smoking"": null, ""relationship_goal"": null, ""relationship_pace"": null, ""relationship_structure"": null, ""relocate"": ""no"", ""schedule"": null, ""smoking"": null, ""space_for_relationship"": null, ""wants_children"": null, ""who_to_meet"": null}","{""acceptable_zones"": ""not_asked"", ""age_max"": ""observed"", ""age_min"": ""not_asked"", ""conversations"": ""not_asked"", ""emotional_availability"": ""not_asked"", ""has_children"": ""declined"", ""lifestyle"": ""not_asked"", ""partner_children"": ""not_asked"", ""partner_smoking"": ""not_asked"", ""relationship_goal"": ""not_asked"", ""relationship_pace"": ""not_asked"", ""relationship_structure"": ""declined"", ""relocate"": ""observed"", ""schedule"": ""not_asked"", ""smoking"": ""not_asked"", ""space_for_relationship"": ""not_asked"", ""wants_children"": ""not_asked"", ""who_to_meet"": ""not_asked""}","{""acceptable_zones"": null, ""age_max"": 18, ""age_min"": null, ""conversations"": null, ""emotional_availability"": null, ""has_children"": null, ""lifestyle"": null, ""partner_children"": null, ""partner_smoking"": null, ""relationship_goal"": null, ""relationship_pace"": null, ""relationship_structure"": null, ""relocate"": 18, ""schedule"": null, ""smoking"": null, ""space_for_relationship"": null, ""wants_children"": null, ""who_to_meet"": null}"
syn_734427fd4171fc91c915c76e78a10755,public_01,27,man,zone_b,True,synthetic_questionnaire,True,10,"[""zone_b""]",,,,,,,,any,long_term,,,,,,,yes,,observed,not_asked,not_asked,not_asked,not_asked,declined,not_asked,not_asked,observed,observed,declined,not_asked,not_asked,not_asked,not_asked,not_asked,observed,not_asked,10,,,,,,,,10,10,,,,,,,10,,"{""acceptable_zones"": [""zone_b""], ""age_max"": null, ""age_min"": null, ""conversations"": null, ""emotional_availability"": null, ""has_children"": null, ""lifestyle"": null, ""partner_children"": null, ""partner_smoking"": ""any"", ""relationship_goal"": ""long_term"", ""relationship_pace"": null, ""relationship_structure"": null, ""relocate"": null, ""schedule"": null, ""smoking"": null, ""space_for_relationship"": null, ""wants_children"": ""yes"", ""who_to_meet"": null}","{""acceptable_zones"": ""observed"", ""age_max"": ""not_asked"", ""age_min"": ""not_asked"", ""conversations"": ""not_asked"", ""emotional_availability"": ""not_asked"", ""has_children"": ""declined"", ""lifestyle"": ""not_asked"", ""partner_children"": ""not_asked"", ""partner_smoking"": ""observed"", ""relationship_goal"": ""observed"", ""relationship_pace"": ""declined"", ""relationship_structure"": ""not_asked"", ""relocate"": ""not_asked"", ""schedule"": ""not_asked"", ""smoking"": ""not_asked"", ""space_for_relationship"": ""not_asked"", ""wants_children"": ""observed"", ""who_to_meet"": ""not_asked""}","{""acceptable_zones"": 10, ""age_max"": null, ""age_min"": null, ""conversations"": null, ""emotional_availability"": null, ""has_children"": null, ""lifestyle"": null, ""partner_children"": null, ""partner_smoking"": 10, ""relationship_goal"": 10, ""relationship_pace"": null, ""relationship_structure"": null, ""relocate"": null, ""schedule"": null, ""smoking"": null, ""space_for_relationship"": null, ""wants_children"": 10, ""who_to_meet"": null}"
syn_1e8bad18a1c14d863cef63a9970d8344,public_01,36,man,zone_a,True,synthetic_questionnaire,True,0,"[""zone_a""]",44,29,playful,taking_time,False,mixed,any,any,long_term,slow,monogamous,unsure,"[""weekend_evening""]",no,limited,no,"[""man""]",observed,observed,observed,observed,observed,observed,observed,observed,observed,observed,observed,observed,observed,observed,observed,observed,observed,observed,0,0,0,0,0,0,0,0,0,0,0,0,0,0,0,0,0,0,"{""acceptable_zones"": [""zone_a""], ""age_max"": 44, ""age_min"": 29, ""conversations"": ""playful"", ""emotional_availability"": ""taking_time"", ""has_children"": false, ""lifestyle"": ""mixed"", ""partner_children"": ""any"", ""partner_smoking"": ""any"", ""relationship_goal"": ""long_term"", ""relationship_pace"": ""slow"", ""relationship_structure"": ""monogamous"", ""relocate"": ""unsure"", ""schedule"": [""weekend_evening""], ""smoking"": ""no"", ""space_for_relationship"": ""limited"", ""wants_children"": ""no"", ""who_to_meet"": [""man""]}","{""acceptable_zones"": ""observed"", ""age_max"": ""observed"", ""age_min"": ""observed"", ""conversations"": ""observed"", ""emotional_availability"": ""observed"", ""has_children"": ""observed"", ""lifestyle"": ""observed"", ""partner_children"": ""observed"", ""partner_smoking"": ""observed"", ""relationship_goal"": ""observed"", ""relationship_pace"": ""observed"", ""relationship_structure"": ""observed"", ""relocate"": ""observed"", ""schedule"": ""observed"", ""smoking"": ""observed"", ""space_for_relationship"": ""observed"", ""wants_children"": ""observed"", ""who_to_meet"": ""observed""}","{""acceptable_zones"": 0, ""age_max"": 0, ""age_min"": 0, ""conversations"": 0, ""emotional_availability"": 0, ""has_children"": 0, ""lifestyle"": 0, ""partner_children"": 0, ""partner_smoking"": 0, ""relationship_goal"": 0, ""relationship_pace"": 0, ""relationship_structure"": 0, ""relocate"": 0, ""schedule"": 0, ""smoking"": 0, ""space_for_relationship"": 0, ""wants_children"": 0, ""who_to_meet"": 0}"
syn_352914af12aa16727b4924aa5f48ebd1,public_01,27,man,zone_b,True,synthetic_questionnaire,True,0,"[""zone_b""]",35,19,ideas,taking_time,False,social,no_children,any,exploring,slow,monogamous,unsure,"[""weekend_day"", ""weekday_evening"", ""weekend_evening""]",no,limited,unsure,"[""non_binary""]",observed,observed,observed,observed,observed,observed,observed,observed,observed,observed,observed,observed,observed,observed,observed,observed,observed,observed,0,0,0,0,0,0,0,0,0,0,0,0,0,0,0,0,0,0,"{""acceptable_zones"": [""zone_b""], ""age_max"": 35, ""age_min"": 19, ""conversations"": ""ideas"", ""emotional_availability"": ""taking_time"", ""has_children"": false, ""lifestyle"": ""social"", ""partner_children"": ""no_children"", ""partner_smoking"": ""any"", ""relationship_goal"": ""exploring"", ""relationship_pace"": ""slow"", ""relationship_structure"": ""monogamous"", ""relocate"": ""unsure"", ""schedule"": [""weekend_day"", ""weekday_evening"", ""weekend_evening""], ""smoking"": ""no"", ""space_for_relationship"": ""limited"", ""wants_children"": ""unsure"", ""who_to_meet"": [""non_binary""]}","{""acceptable_zones"": ""observed"", ""age_max"": ""observed"", ""age_min"": ""observed"", ""conversations"": ""observed"", ""emotional_availability"": ""observed"", ""has_children"": ""observed"", ""lifestyle"": ""observed"", ""partner_children"": ""observed"", ""partner_smoking"": ""observed"", ""relationship_goal"": ""observed"", ""relationship_pace"": ""observed"", ""relationship_structure"": ""observed"", ""relocate"": ""observed"", ""schedule"": ""observed"", ""smoking"": ""observed"", ""space_for_relationship"": ""observed"", ""wants_children"": ""observed"", ""who_to_meet"": ""observed""}","{""acceptable_zones"": 0, ""age_max"": 0, ""age_min"": 0, ""conversations"": 0, ""emotional_availability"": 0, ""has_children"": 0, ""lifestyle"": 0, ""partner_children"": 0, ""partner_smoking"": 0, ""relationship_goal"": 0, ""relationship_pace"": 0, ""relationship_structure"": 0, ""relocate"": 0, ""schedule"": 0, ""smoking"": 0, ""space_for_relationship"": 0, ""wants_children"": 0, ""who_to_meet"": 0}"
syn_e79da0d36035d273f913520318d5706f,public_01,27,woman,zone_a,False,synthetic_questionnaire,True,15,"[""zone_a""]",32,22,,,False,,any,no_smoking,,quick,monogamous,,"[""weekday_evening"", ""weekend_day"", ""weekend_evening""]",no,,yes,"[""man""]",observed,observed,observed,declined,not_asked,observed,not_asked,observed,observed,not_asked,observed,observed,not_asked,observed,observed,not_asked,observed,observed,15,15,15,,,15,,15,15,,15,15,,15,15,,15,15,"{""acceptable_zones"": [""zone_a""], ""age_max"": 32, ""age_min"": 22, ""conversations"": null, ""emotional_availability"": null, ""has_children"": false, ""lifestyle"": null, ""partner_children"": ""any"", ""partner_smoking"": ""no_smoking"", ""relationship_goal"": null, ""relationship_pace"": ""quick"", ""relationship_structure"": ""monogamous"", ""relocate"": null, ""schedule"": [""weekday_evening"", ""weekend_day"", ""weekend_evening""], ""smoking"": ""no"", ""space_for_relationship"": null, ""wants_children"": ""yes"", ""who_to_meet"": [""man""]}","{""acceptable_zones"": ""observed"", ""age_max"": ""observed"", ""age_min"": ""observed"", ""conversations"": ""declined"", ""emotional_availability"": ""not_asked"", ""has_children"": ""observed"", ""lifestyle"": ""not_asked"", ""partner_children"": ""observed"", ""partner_smoking"": ""observed"", ""relationship_goal"": ""not_asked"", ""relationship_pace"": ""observed"", ""relationship_structure"": ""observed"", ""relocate"": ""not_asked"", ""schedule"": ""observed"", ""smoking"": ""observed"", ""space_for_relationship"": ""not_asked"", ""wants_children"": ""observed"", ""who_to_meet"": ""observed""}","{""acceptable_zones"": 15, ""age_max"": 15, ""age_min"": 15, ""conversations"": null, ""emotional_availability"": null, ""has_children"": 15, ""lifestyle"": null, ""partner_children"": 15, ""partner_smoking"": 15, ""relationship_goal"": null, ""relationship_pace"": 15, ""relationship_structure"": 15, ""relocate"": null, ""schedule"": 15, ""smoking"": 15, ""space_for_relationship"": null, ""wants_children"": 15, ""who_to_meet"": 15}"
syn_e3e31d95321cfce40ef6448a8dd3461e,public_01,22,woman,zone_a,True,synthetic_questionnaire,True,0,"[""zone_a""]",29,18,,,False,,any,any,,,monogamous,,"[""weekend_evening""]",no,limited,no,"[""man""]",observed,observed,observed,not_asked,not_asked,observed,not_asked,observed,observed,not_asked,not_asked,observed,not_asked,observed,observed,observed,observed,observed,1,1,1,,,1,,1,1,,,1,,1,1,0,1,1,"{""acceptable_zones"": [""zone_a""], ""age_max"": 29, ""age_min"": 18, ""conversations"": null, ""emotional_availability"": null, ""has_children"": false, ""lifestyle"": null, ""partner_children"": ""any"", ""partner_smoking"": ""any"", ""relationship_goal"": null, ""relationship_pace"": null, ""relationship_structure"": ""monogamous"", ""relocate"": null, ""schedule"": [""weekend_evening""], ""smoking"": ""no"", ""space_for_relationship"": ""limited"", ""wants_children"": ""no"", ""who_to_meet"": [""man""]}","{""acceptable_zones"": ""observed"", ""age_max"": ""observed"", ""age_min"": ""observed"", ""conversations"": ""not_asked"", ""emotional_availability"": ""not_asked"", ""has_children"": ""observed"", ""lifestyle"": ""not_asked"", ""partner_children"": ""observed"", ""partner_smoking"": ""observed"", ""relationship_goal"": ""not_asked"", ""relationship_pace"": ""not_asked"", ""relationship_structure"": ""observed"", ""relocate"": ""not_asked"", ""schedule"": ""observed"", ""smoking"": ""observed"", ""space_for_relationship"": ""observed"", ""wants_children"": ""observed"", ""who_to_meet"": ""observed""}","{""acceptable_zones"": 1, ""age_max"": 1, ""age_min"": 1, ""conversations"": null, ""emotional_availability"": null, ""has_children"": 1, ""lifestyle"": null, ""partner_children"": 1, ""partner_smoking"": 1, ""relationship_goal"": null, ""relationship_pace"": null, ""relationship_structure"": 1, ""relocate"": null, ""schedule"": 1, ""smoking"": 1, ""space_for_relationship"": 0, ""wants_children"": 1, ""who_to_meet"": 1}"
syn_bd4264c82dd75d11e5bb9b3bf29a184c,public_01,43,woman,zone_a,True,synthetic_questionnaire,True,0,,,,,,,,,,,,,,,,,,,not_asked,not_asked,not_asked,declined,not_asked,not_asked,not_asked,not_asked,not_asked,not_asked,not_asked,not_asked,not_asked,not_asked,not_asked,not_asked,not_asked,declined,,,,,,,,,,,,,,,,,,,"{""acceptable_zones"": null, ""age_max"": null, ""age_min"": null, ""conversations"": null, ""emotional_availability"": null, ""has_children"": null, ""lifestyle"": null, ""partner_children"": null, ""partner_smoking"": null, ""relationship_goal"": null, ""relationship_pace"": null, ""relationship_structure"": null, ""relocate"": null, ""schedule"": null, ""smoking"": null, ""space_for_relationship"": null, ""wants_children"": null, ""who_to_meet"": null}","{""acceptable_zones"": ""not_asked"", ""age_max"": ""not_asked"", ""age_min"": ""not_asked"", ""conversations"": ""declined"", ""emotional_availability"": ""not_asked"", ""has_children"": ""not_asked"", ""lifestyle"": ""not_asked"", ""partner_children"": ""not_asked"", ""partner_smoking"": ""not_asked"", ""relationship_goal"": ""not_asked"", ""relationship_pace"": ""not_asked"", ""relationship_structure"": ""not_asked"", ""relocate"": ""not_asked"", ""schedule"": ""not_asked"", ""smoking"": ""not_asked"", ""space_for_relationship"": ""not_asked"", ""wants_children"": ""not_asked"", ""who_to_meet"": ""declined""}","{""acceptable_zones"": null, ""age_max"": null, ""age_min"": null, ""conversations"": null, ""emotional_availability"": null, ""has_children"": null, ""lifestyle"": null, ""partner_children"": null, ""partner_smoking"": null, ""relationship_goal"": null, ""relationship_pace"": null, ""relationship_structure"": null, ""relocate"": null, ""schedule"": null, ""smoking"": null, ""space_for_relationship"": null, ""wants_children"": null, ""who_to_meet"": null}"
syn_931803caf0039572c776ae1e2579aee8,public_01,41,woman,zone_c,True,synthetic_questionnaire,True,0,,,,,,,,,no_smoking,,slow,,,,,,,,not_asked,not_asked,not_asked,not_asked,not_asked,not_asked,not_asked,not_asked,observed,not_asked,observed,not_asked,not_asked,not_asked,not_asked,not_asked,not_asked,declined,,,,,,,,,0,,0,,,,,,,,"{""acceptable_zones"": null, ""age_max"": null, ""age_min"": null, ""conversations"": null, ""emotional_availability"": null, ""has_children"": null, ""lifestyle"": null, ""partner_children"": null, ""partner_smoking"": ""no_smoking"", ""relationship_goal"": null, ""relationship_pace"": ""slow"", ""relationship_structure"": null, ""relocate"": null, ""schedule"": null, ""smoking"": null, ""space_for_relationship"": null, ""wants_children"": null, ""who_to_meet"": null}","{""acceptable_zones"": ""not_asked"", ""age_max"": ""not_asked"", ""age_min"": ""not_asked"", ""conversations"": ""not_asked"", ""emotional_availability"": ""not_asked"", ""has_children"": ""not_asked"", ""lifestyle"": ""not_asked"", ""partner_children"": ""not_asked"", ""partner_smoking"": ""observed"", ""relationship_goal"": ""not_asked"", ""relationship_pace"": ""observed"", ""relationship_structure"": ""not_asked"", ""relocate"": ""not_asked"", ""schedule"": ""not_asked"", ""smoking"": ""not_asked"", ""space_for_relationship"": ""not_asked"", ""wants_children"": ""not_asked"", ""who_to_meet"": ""declined""}","{""acceptable_zones"": null, ""age_max"": null, ""age_min"": null, ""conversations"": null, ""emotional_availability"": null, ""has_children"": null, ""lifestyle"": null, ""partner_children"": null, ""partner_smoking"": 0, ""relationship_goal"": null, ""relationship_pace"": 0, ""relationship_structure"": null, ""relocate"": null, ""schedule"": null, ""smoking"": null, ""space_for_relationship"": null, ""wants_children"": null, ""who_to_meet"": null}"
syn_6020fae3a4b132073e0ad75b2b10dae5,public_01,22,man,zone_a,True,synthetic_questionnaire,True,0,,,,,taking_time,False,,,,,,,,,,,,,declined,not_asked,not_asked,declined,observed,observed,not_asked,not_asked,not_asked,not_asked,not_asked,not_asked,declined,not_asked,not_asked,not_asked,not_asked,not_asked,,,,,0,0,,,,,,,,,,,,,"{""acceptable_zones"": null, ""age_max"": null, ""age_min"": null, ""conversations"": null, ""emotional_availability"": ""taking_time"", ""has_children"": false, ""lifestyle"": null, ""partner_children"": null, ""partner_smoking"": null, ""relationship_goal"": null, ""relationship_pace"": null, ""relationship_structure"": null, ""relocate"": null, ""schedule"": null, ""smoking"": null, ""space_for_relationship"": null, ""wants_children"": null, ""who_to_meet"": null}","{""acceptable_zones"": ""declined"", ""age_max"": ""not_asked"", ""age_min"": ""not_asked"", ""conversations"": ""declined"", ""emotional_availability"": ""observed"", ""has_children"": ""observed"", ""lifestyle"": ""not_asked"", ""partner_children"": ""not_asked"", ""partner_smoking"": ""not_asked"", ""relationship_goal"": ""not_asked"", ""relationship_pace"": ""not_asked"", ""relationship_structure"": ""not_asked"", ""relocate"": ""declined"", ""schedule"": ""not_asked"", ""smoking"": ""not_asked"", ""space_for_relationship"": ""not_asked"", ""wants_children"": ""not_asked"", ""who_to_meet"": ""not_asked""}","{""acceptable_zones"": null, ""age_max"": null, ""age_min"": null, ""conversations"": null, ""emotional_availability"": 0, ""has_children"": 0, ""lifestyle"": null, ""partner_children"": null, ""partner_smoking"": null, ""relationship_goal"": null, ""relationship_pace"": null, ""relationship_structure"": null, ""relocate"": null, ""schedule"": null, ""smoking"": null, ""space_for_relationship"": null, ""wants_children"": null, ""who_to_meet"": null}"
syn_6f243cc46db344937a9a55d12b2ee6ba,public_01,34,woman,zone_a,True,synthetic_questionnaire,True,0,"[""zone_a""]",42,25,practical,,False,,any,any,,slow,monogamous,,"[""weekend_evening"", ""weekend_day""]",no,limited,unsure,"[""man""]",observed,observed,observed,observed,not_asked,observed,not_asked,observed,observed,declined,observed,observed,not_asked,observed,observed,observed,observed,observed,1,1,1,0,,1,,1,1,,0,1,,1,1,0,1,1,"{""acceptable_zones"": [""zone_a""], ""age_max"": 42, ""age_min"": 25, ""conversations"": ""practical"", ""emotional_availability"": null, ""has_children"": false, ""lifestyle"": null, ""partner_children"": ""any"", ""partner_smoking"": ""any"", ""relationship_goal"": null, ""relationship_pace"": ""slow"", ""relationship_structure"": ""monogamous"", ""relocate"": null, ""schedule"": [""weekend_evening"", ""weekend_day""], ""smoking"": ""no"", ""space_for_relationship"": ""limited"", ""wants_children"": ""unsure"", ""who_to_meet"": [""man""]}","{""acceptable_zones"": ""observed"", ""age_max"": ""observed"", ""age_min"": ""observed"", ""conversations"": ""observed"", ""emotional_availability"": ""not_asked"", ""has_children"": ""observed"", ""lifestyle"": ""not_asked"", ""partner_children"": ""observed"", ""partner_smoking"": ""observed"", ""relationship_goal"": ""declined"", ""relationship_pace"": ""observed"", ""relationship_structure"": ""observed"", ""relocate"": ""not_asked"", ""schedule"": ""observed"", ""smoking"": ""observed"", ""space_for_relationship"": ""observed"", ""wants_children"": ""observed"", ""who_to_meet"": ""observed""}","{""acceptable_zones"": 1, ""age_max"": 1, ""age_min"": 1, ""conversations"": 0, ""emotional_availability"": null, ""has_children"": 1, ""lifestyle"": null, ""partner_children"": 1, ""partner_smoking"": 1, ""relationship_goal"": null, ""relationship_pace"": 0, ""relationship_structure"": 1, ""relocate"": null, ""schedule"": 1, ""smoking"": 1, ""space_for_relationship"": 0, ""wants_children"": 1, ""who_to_meet"": 1}"
syn_6648880112f19d2ca43c541b38a6a275,public_01,34,man,zone_b,True,synthetic_questionnaire,True,0,"[""zone_b""]",41,24,,,False,,no_children,no_smoking,,,monogamous,,"[""weekend_day"", ""weekend_evening""]",no,,unsure,"[""man""]",observed,observed,observed,not_asked,not_asked,observed,not_asked,observed,observed,not_asked,not_asked,observed,declined,observed,observed,not_asked,observed,observed,2,2,2,,,2,,2,2,,,2,,2,2,,2,2,"{""acceptable_zones"": [""zone_b""], ""age_max"": 41, ""age_min"": 24, ""conversations"": null, ""emotional_availability"": null, ""has_children"": false, ""lifestyle"": null, ""partner_children"": ""no_children"", ""partner_smoking"": ""no_smoking"", ""relationship_goal"": null, ""relationship_pace"": null, ""relationship_structure"": ""monogamous"", ""relocate"": null, ""schedule"": [""weekend_day"", ""weekend_evening""], ""smoking"": ""no"", ""space_for_relationship"": null, ""wants_children"": ""unsure"", ""who_to_meet"": [""man""]}","{""acceptable_zones"": ""observed"", ""age_max"": ""observed"", ""age_min"": ""observed"", ""conversations"": ""not_asked"", ""emotional_availability"": ""not_asked"", ""has_children"": ""observed"", ""lifestyle"": ""not_asked"", ""partner_children"": ""observed"", ""partner_smoking"": ""observed"", ""relationship_goal"": ""not_asked"", ""relationship_pace"": ""not_asked"", ""relationship_structure"": ""observed"", ""relocate"": ""declined"", ""schedule"": ""observed"", ""smoking"": ""observed"", ""space_for_relationship"": ""not_asked"", ""wants_children"": ""observed"", ""who_to_meet"": ""observed""}","{""acceptable_zones"": 2, ""age_max"": 2, ""age_min"": 2, ""conversations"": null, ""emotional_availability"": null, ""has_children"": 2, ""lifestyle"": null, ""partner_children"": 2, ""partner_smoking"": 2, ""relationship_goal"": null, ""relationship_pace"": null, ""relationship_structure"": 2, ""relocate"": null, ""schedule"": 2, ""smoking"": 2, ""space_for_relationship"": null, ""wants_children"": 2, ""who_to_meet"": 2}"
syn_c430220c3b380c7f5245206579ef8b20,public_01,35,non_binary,zone_a,True,synthetic_questionnaire,True,0,"[""zone_a""]",45,25,practical,ready,False,quiet,any,no_smoking,long_term,slow,monogamous,yes,"[""weekday_evening"", ""weekend_evening"", ""weekend_day""]",no,limited,yes,"[""woman""]",observed,observed,observed,observed,observed,observed,observed,observed,observed,observed,observed,observed,observed,observed,observed,observed,observed,observed,0,0,0,0,0,0,0,0,0,0,0,0,0,0,0,0,0,0,"{""acceptable_zones"": [""zone_a""], ""age_max"": 45, ""age_min"": 25, ""conversations"": ""practical"", ""emotional_availability"": ""ready"", ""has_children"": false, ""lifestyle"": ""quiet"", ""partner_children"": ""any"", ""partner_smoking"": ""no_smoking"", ""relationship_goal"": ""long_term"", ""relationship_pace"": ""slow"", ""relationship_structure"": ""monogamous"", ""relocate"": ""yes"", ""schedule"": [""weekday_evening"", ""weekend_evening"", ""weekend_day""], ""smoking"": ""no"", ""space_for_relationship"": ""limited"", ""wants_children"": ""yes"", ""who_to_meet"": [""woman""]}","{""acceptable_zones"": ""observed"", ""age_max"": ""observed"", ""age_min"": ""observed"", ""conversations"": ""observed"", ""emotional_availability"": ""observed"", ""has_children"": ""observed"", ""lifestyle"": ""observed"", ""partner_children"": ""observed"", ""partner_smoking"": ""observed"", ""relationship_goal"": ""observed"", ""relationship_pace"": ""observed"", ""relationship_structure"": ""observed"", ""relocate"": ""observed"", ""schedule"": ""observed"", ""smoking"": ""observed"", ""space_for_relationship"": ""observed"", ""wants_children"": ""observed"", ""who_to_meet"": ""observed""}","{""acceptable_zones"": 0, ""age_max"": 0, ""age_min"": 0, ""conversations"": 0, ""emotional_availability"": 0, ""has_children"": 0, ""lifestyle"": 0, ""partner_children"": 0, ""partner_smoking"": 0, ""relationship_goal"": 0, ""relationship_pace"": 0, ""relationship_structure"": 0, ""relocate"": 0, ""schedule"": 0, ""smoking"": 0, ""space_for_relationship"": 0, ""wants_children"": 0, ""who_to_meet"": 0}"
syn_5a2a81135dd5330ac19618741db86306,public_01,35,man,zone_b,False,synthetic_questionnaire,True,13,"[""zone_b""]",43,30,ideas,ready,False,quiet,any,any,exploring,steady,monogamous,yes,"[""weekend_evening"", ""weekday_evening""]",occasionally,moderate,unsure,"[""man"", ""non_binary""]",observed,observed,observed,observed,observed,observed,observed,observed,observed,observed,observed,observed,observed,observed,observed,observed,observed,observed,13,13,13,13,13,13,13,13,13,13,13,13,13,13,13,13,13,13,"{""acceptable_zones"": [""zone_b""], ""age_max"": 43, ""age_min"": 30, ""conversations"": ""ideas"", ""emotional_availability"": ""ready"", ""has_children"": false, ""lifestyle"": ""quiet"", ""partner_children"": ""any"", ""partner_smoking"": ""any"", ""relationship_goal"": ""exploring"", ""relationship_pace"": ""steady"", ""relationship_structure"": ""monogamous"", ""relocate"": ""yes"", ""schedule"": [""weekend_evening"", ""weekday_evening""], ""smoking"": ""occasionally"", ""space_for_relationship"": ""moderate"", ""wants_children"": ""unsure"", ""who_to_meet"": [""man"", ""non_binary""]}","{""acceptable_zones"": ""observed"", ""age_max"": ""observed"", ""age_min"": ""observed"", ""conversations"": ""observed"", ""emotional_availability"": ""observed"", ""has_children"": ""observed"", ""lifestyle"": ""observed"", ""partner_children"": ""observed"", ""partner_smoking"": ""observed"", ""relationship_goal"": ""observed"", ""relationship_pace"": ""observed"", ""relationship_structure"": ""observed"", ""relocate"": ""observed"", ""schedule"": ""observed"", ""smoking"": ""observed"", ""space_for_relationship"": ""observed"", ""wants_children"": ""observed"", ""who_to_meet"": ""observed""}","{""acceptable_zones"": 13, ""age_max"": 13, ""age_min"": 13, ""conversations"": 13, ""emotional_availability"": 13, ""has_children"": 13, ""lifestyle"": 13, ""partner_children"": 13, ""partner_smoking"": 13, ""relationship_goal"": 13, ""relationship_pace"": 13, ""relationship_structure"": 13, ""relocate"": 13, ""schedule"": 13, ""smoking"": 13, ""space_for_relationship"": 13, ""wants_children"": 13, ""who_to_meet"": 13}"
syn_8844134060c74553e4679322c94b6946,public_01,24,man,zone_a,True,synthetic_questionnaire,True,15,"[""zone_a""]",33,19,playful,taking_time,False,quiet,any,any,long_term,steady,monogamous,no,"[""weekend_evening"", ""weekend_day"", ""weekday_evening""]",no,ample,unsure,"[""non_binary"", ""man""]",observed,observed,observed,observed,observed,observed,observed,observed,observed,observed,observed,observed,observed,observed,observed,observed,observed,observed,15,15,15,15,15,15,15,15,15,15,15,15,15,15,15,15,15,15,"{""acceptable_zones"": [""zone_a""], ""age_max"": 33, ""age_min"": 19, ""conversations"": ""playful"", ""emotional_availability"": ""taking_time"", ""has_children"": false, ""lifestyle"": ""quiet"", ""partner_children"": ""any"", ""partner_smoking"": ""any"", ""relationship_goal"": ""long_term"", ""relationship_pace"": ""steady"", ""relationship_structure"": ""monogamous"", ""relocate"": ""no"", ""schedule"": [""weekend_evening"", ""weekend_day"", ""weekday_evening""], ""smoking"": ""no"", ""space_for_relationship"": ""ample"", ""wants_children"": ""unsure"", ""who_to_meet"": [""non_binary"", ""man""]}","{""acceptable_zones"": ""observed"", ""age_max"": ""observed"", ""age_min"": ""observed"", ""conversations"": ""observed"", ""emotional_availability"": ""observed"", ""has_children"": ""observed"", ""lifestyle"": ""observed"", ""partner_children"": ""observed"", ""partner_smoking"": ""observed"", ""relationship_goal"": ""observed"", ""relationship_pace"": ""observed"", ""relationship_structure"": ""observed"", ""relocate"": ""observed"", ""schedule"": ""observed"", ""smoking"": ""observed"", ""space_for_relationship"": ""observed"", ""wants_children"": ""observed"", ""who_to_meet"": ""observed""}","{""acceptable_zones"": 15, ""age_max"": 15, ""age_min"": 15, ""conversations"": 15, ""emotional_availability"": 15, ""has_children"": 15, ""lifestyle"": 15, ""partner_children"": 15, ""partner_smoking"": 15, ""relationship_goal"": 15, ""relationship_pace"": 15, ""relationship_structure"": 15, ""relocate"": 15, ""schedule"": 15, ""smoking"": 15, ""space_for_relationship"": 15, ""wants_children"": 15, ""who_to_meet"": 15}"
syn_97c9450dbb229dd5ed181a5065471e8c,public_01,35,man,zone_a,False,synthetic_questionnaire,True,12,"[""zone_a"", ""zone_b""]",45,30,,,False,mixed,no_children,any,,,monogamous,no,"[""weekday_evening""]",no,,yes,"[""woman""]",observed,observed,observed,not_asked,not_asked,observed,observed,observed,observed,not_asked,not_asked,observed,observed,observed,observed,not_asked,observed,observed,12,12,12,,,12,12,12,12,,,12,12,12,12,,12,12,"{""acceptable_zones"": [""zone_a"", ""zone_b""], ""age_max"": 45, ""age_min"": 30, ""conversations"": null, ""emotional_availability"": null, ""has_children"": false, ""lifestyle"": ""mixed"", ""partner_children"": ""no_children"", ""partner_smoking"": ""any"", ""relationship_goal"": null, ""relationship_pace"": null, ""relationship_structure"": ""monogamous"", ""relocate"": ""no"", ""schedule"": [""weekday_evening""], ""smoking"": ""no"", ""space_for_relationship"": null, ""wants_children"": ""yes"", ""who_to_meet"": [""woman""]}","{""acceptable_zones"": ""observed"", ""age_max"": ""observed"", ""age_min"": ""observed"", ""conversations"": ""not_asked"", ""emotional_availability"": ""not_asked"", ""has_children"": ""observed"", ""lifestyle"": ""observed"", ""partner_children"": ""observed"", ""partner_smoking"": ""observed"", ""relationship_goal"": ""not_asked"", ""relationship_pace"": ""not_asked"", ""relationship_structure"": ""observed"", ""relocate"": ""observed"", ""schedule"": ""observed"", ""smoking"": ""observed"", ""space_for_relationship"": ""not_asked"", ""wants_children"": ""observed"", ""who_to_meet"": ""observed""}","{""acceptable_zones"": 12, ""age_max"": 12, ""age_min"": 12, ""conversations"": null, ""emotional_availability"": null, ""has_children"": 12, ""lifestyle"": 12, ""partner_children"": 12, ""partner_smoking"": 12, ""relationship_goal"": null, ""relationship_pace"": null, ""relationship_structure"": 12, ""relocate"": 12, ""schedule"": 12, ""smoking"": 12, ""space_for_relationship"": null, ""wants_children"": 12, ""who_to_meet"": 12}"
syn_192994820a6f592444c8f48dee08c198,public_01,40,man,zone_c,True,synthetic_questionnaire,True,0,"[""zone_c""]",50,35,practical,taking_time,False,quiet,no_children,no_smoking,long_term,quick,monogamous,unsure,"[""weekday_evening"", ""weekend_evening""]",no,limited,unsure,"[""woman""]",observed,observed,observed,observed,observed,observed,observed,observed,observed,observed,observed,observed,observed,observed,observed,observed,observed,observed,0,0,0,0,0,0,0,0,0,0,0,0,0,0,0,0,0,0,"{""acceptable_zones"": [""zone_c""], ""age_max"": 50, ""age_min"": 35, ""conversations"": ""practical"", ""emotional_availability"": ""taking_time"", ""has_children"": false, ""lifestyle"": ""quiet"", ""partner_children"": ""no_children"", ""partner_smoking"": ""no_smoking"", ""relationship_goal"": ""long_term"", ""relationship_pace"": ""quick"", ""relationship_structure"": ""monogamous"", ""relocate"": ""unsure"", ""schedule"": [""weekday_evening"", ""weekend_evening""], ""smoking"": ""no"", ""space_for_relationship"": ""limited"", ""wants_children"": ""unsure"", ""who_to_meet"": [""woman""]}","{""acceptable_zones"": ""observed"", ""age_max"": ""observed"", ""age_min"": ""observed"", ""conversations"": ""observed"", ""emotional_availability"": ""observed"", ""has_children"": ""observed"", ""lifestyle"": ""observed"", ""partner_children"": ""observed"", ""partner_smoking"": ""observed"", ""relationship_goal"": ""observed"", ""relationship_pace"": ""observed"", ""relationship_structure"": ""observed"", ""relocate"": ""observed"", ""schedule"": ""observed"", ""smoking"": ""observed"", ""space_for_relationship"": ""observed"", ""wants_children"": ""observed"", ""who_to_meet"": ""observed""}","{""acceptable_zones"": 0, ""age_max"": 0, ""age_min"": 0, ""conversations"": 0, ""emotional_availability"": 0, ""has_children"": 0, ""lifestyle"": 0, ""partner_children"": 0, ""partner_smoking"": 0, ""relationship_goal"": 0, ""relationship_pace"": 0, ""relationship_structure"": 0, ""relocate"": 0, ""schedule"": 0, ""smoking"": 0, ""space_for_relationship"": 0, ""wants_children"": 0, ""who_to_meet"": 0}"
syn_45c289196abd089ec440fda6841633ff,public_01,31,man,zone_a,True,synthetic_questionnaire,True,0,"[""zone_a""]",35,24,,,False,,no_children,no_smoking,,,monogamous,,"[""weekday_evening""]",yes,,yes,"[""woman""]",observed,observed,observed,not_asked,not_asked,observed,not_asked,observed,observed,not_asked,not_asked,observed,not_asked,observed,observed,not_asked,observed,observed,2,2,2,,,2,,2,2,,,2,,2,2,,2,2,"{""acceptable_zones"": [""zone_a""], ""age_max"": 35, ""age_min"": 24, ""conversations"": null, ""emotional_availability"": null, ""has_children"": false, ""lifestyle"": null, ""partner_children"": ""no_children"", ""partner_smoking"": ""no_smoking"", ""relationship_goal"": null, ""relationship_pace"": null, ""relationship_structure"": ""monogamous"", ""relocate"": null, ""schedule"": [""weekday_evening""], ""smoking"": ""yes"", ""space_for_relationship"": null, ""wants_children"": ""yes"", ""who_to_meet"": [""woman""]}","{""acceptable_zones"": ""observed"", ""age_max"": ""observed"", ""age_min"": ""observed"", ""conversations"": ""not_asked"", ""emotional_availability"": ""not_asked"", ""has_children"": ""observed"", ""lifestyle"": ""not_asked"", ""partner_children"": ""observed"", ""partner_smoking"": ""observed"", ""relationship_goal"": ""not_asked"", ""relationship_pace"": ""not_asked"", ""relationship_structure"": ""observed"", ""relocate"": ""not_asked"", ""schedule"": ""observed"", ""smoking"": ""observed"", ""space_for_relationship"": ""not_asked"", ""wants_children"": ""observed"", ""who_to_meet"": ""observed""}","{""acceptable_zones"": 2, ""age_max"": 2, ""age_min"": 2, ""conversations"": null, ""emotional_availability"": null, ""has_children"": 2, ""lifestyle"": null, ""partner_children"": 2, ""partner_smoking"": 2, ""relationship_goal"": null, ""relationship_pace"": null, ""relationship_structure"": 2, ""relocate"": null, ""schedule"": 2, ""smoking"": 2, ""space_for_relationship"": null, ""wants_children"": 2, ""who_to_meet"": 2}"
syn_a9c181161ee8f96a7dda3ab35860d64a,public_01,23,man,zone_b,True,synthetic_questionnaire,True,0,"[""zone_b""]",28,18,playful,ready,False,mixed,any,no_smoking,exploring,quick,monogamous,yes,"[""weekend_evening"", ""weekend_day"", ""weekday_evening""]",no,ample,yes,"[""man"", ""non_binary""]",observed,observed,observed,observed,observed,observed,observed,observed,observed,observed,observed,observed,observed,observed,observed,observed,observed,observed,0,0,0,0,0,0,0,0,0,0,0,0,0,0,0,0,0,0,"{""acceptable_zones"": [""zone_b""], ""age_max"": 28, ""age_min"": 18, ""conversations"": ""playful"", ""emotional_availability"": ""ready"", ""has_children"": false, ""lifestyle"": ""mixed"", ""partner_children"": ""any"", ""partner_smoking"": ""no_smoking"", ""relationship_goal"": ""exploring"", ""relationship_pace"": ""quick"", ""relationship_structure"": ""monogamous"", ""relocate"": ""yes"", ""schedule"": [""weekend_evening"", ""weekend_day"", ""weekday_evening""], ""smoking"": ""no"", ""space_for_relationship"": ""ample"", ""wants_children"": ""yes"", ""who_to_meet"": [""man"", ""non_binary""]}","{""acceptable_zones"": ""observed"", ""age_max"": ""observed"", ""age_min"": ""observed"", ""conversations"": ""observed"", ""emotional_availability"": ""observed"", ""has_children"": ""observed"", ""lifestyle"": ""observed"", ""partner_children"": ""observed"", ""partner_smoking"": ""observed"", ""relationship_goal"": ""observed"", ""relationship_pace"": ""observed"", ""relationship_structure"": ""observed"", ""relocate"": ""observed"", ""schedule"": ""observed"", ""smoking"": ""observed"", ""space_for_relationship"": ""observed"", ""wants_children"": ""observed"", ""who_to_meet"": ""observed""}","{""acceptable_zones"": 0, ""age_max"": 0, ""age_min"": 0, ""conversations"": 0, ""emotional_availability"": 0, ""has_children"": 0, ""lifestyle"": 0, ""partner_children"": 0, ""partner_smoking"": 0, ""relationship_goal"": 0, ""relationship_pace"": 0, ""relationship_structure"": 0, ""relocate"": 0, ""schedule"": 0, ""smoking"": 0, ""space_for_relationship"": 0, ""wants_children"": 0, ""who_to_meet"": 0}"
syn_b9df640d678024dafd832282843f9867,public_01,46,man,zone_b,True,synthetic_questionnaire,True,0,"[""zone_b""]",50,38,,,False,,no_children,no_smoking,,,non_monogamous,,"[""weekday_evening"", ""weekend_day""]",occasionally,,yes,"[""man""]",observed,observed,observed,declined,declined,observed,not_asked,observed,observed,not_asked,not_asked,observed,not_asked,observed,observed,not_asked,observed,observed,2,2,2,,,2,,2,2,,,2,,2,2,,2,2,"{""acceptable_zones"": [""zone_b""], ""age_max"": 50, ""age_min"": 38, ""conversations"": null, ""emotional_availability"": null, ""has_children"": false, ""lifestyle"": null, ""partner_children"": ""no_children"", ""partner_smoking"": ""no_smoking"", ""relationship_goal"": null, ""relationship_pace"": null, ""relationship_structure"": ""non_monogamous"", ""relocate"": null, ""schedule"": [""weekday_evening"", ""weekend_day""], ""smoking"": ""occasionally"", ""space_for_relationship"": null, ""wants_children"": ""yes"", ""who_to_meet"": [""man""]}","{""acceptable_zones"": ""observed"", ""age_max"": ""observed"", ""age_min"": ""observed"", ""conversations"": ""declined"", ""emotional_availability"": ""declined"", ""has_children"": ""observed"", ""lifestyle"": ""not_asked"", ""partner_children"": ""observed"", ""partner_smoking"": ""observed"", ""relationship_goal"": ""not_asked"", ""relationship_pace"": ""not_asked"", ""relationship_structure"": ""observed"", ""relocate"": ""not_asked"", ""schedule"": ""observed"", ""smoking"": ""observed"", ""space_for_relationship"": ""not_asked"", ""wants_children"": ""observed"", ""who_to_meet"": ""observed""}","{""acceptable_zones"": 2, ""age_max"": 2, ""age_min"": 2, ""conversations"": null, ""emotional_availability"": null, ""has_children"": 2, ""lifestyle"": null, ""partner_children"": 2, ""partner_smoking"": 2, ""relationship_goal"": null, ""relationship_pace"": null, ""relationship_structure"": 2, ""relocate"": null, ""schedule"": 2, ""smoking"": 2, ""space_for_relationship"": null, ""wants_children"": 2, ""who_to_meet"": 2}"
syn_34c9159d0d07971f677bbb253b5bbcf0,public_01,28,man,zone_a,True,synthetic_questionnaire,True,0,"[""zone_a""]",33,25,,,False,,no_children,no_smoking,,,monogamous,,"[""weekday_evening"", ""weekend_day"", ""weekend_evening""]",no,ample,yes,"[""woman""]",observed,observed,observed,not_asked,not_asked,observed,not_asked,observed,observed,not_asked,not_asked,observed,not_asked,observed,observed,observed,observed,observed,2,2,2,,,2,,2,2,,,2,,2,2,0,2,2,"{""acceptable_zones"": [""zone_a""], ""age_max"": 33, ""age_min"": 25, ""conversations"": null, ""emotional_availability"": null, ""has_children"": false, ""lifestyle"": null, ""partner_children"": ""no_children"", ""partner_smoking"": ""no_smoking"", ""relationship_goal"": null, ""relationship_pace"": null, ""relationship_structure"": ""monogamous"", ""relocate"": null, ""schedule"": [""weekday_evening"", ""weekend_day"", ""weekend_evening""], ""smoking"": ""no"", ""space_for_relationship"": ""ample"", ""wants_children"": ""yes"", ""who_to_meet"": [""woman""]}","{""acceptable_zones"": ""observed"", ""age_max"": ""observed"", ""age_min"": ""observed"", ""conversations"": ""not_asked"", ""emotional_availability"": ""not_asked"", ""has_children"": ""observed"", ""lifestyle"": ""not_asked"", ""partner_children"": ""observed"", ""partner_smoking"": ""observed"", ""relationship_goal"": ""not_asked"", ""relationship_pace"": ""not_asked"", ""relationship_structure"": ""observed"", ""relocate"": ""not_asked"", ""schedule"": ""observed"", ""smoking"": ""observed"", ""space_for_relationship"": ""observed"", ""wants_children"": ""observed"", ""who_to_meet"": ""observed""}","{""acceptable_zones"": 2, ""age_max"": 2, ""age_min"": 2, ""conversations"": null, ""emotional_availability"": null, ""has_children"": 2, ""lifestyle"": null, ""partner_children"": 2, ""partner_smoking"": 2, ""relationship_goal"": null, ""relationship_pace"": null, ""relationship_structure"": 2, ""relocate"": null, ""schedule"": 2, ""smoking"": 2, ""space_for_relationship"": 0, ""wants_children"": 2, ""who_to_meet"": 2}"
syn_c8159a786e4b0ddbd75622fca4022686,public_01,46,man,zone_a,True,synthetic_questionnaire,True,0,"[""zone_a""]",56,37,stories,taking_time,False,quiet,any,no_smoking,long_term,quick,monogamous,no,"[""weekend_day"", ""weekend_evening""]",yes,limited,no,"[""non_binary""]",observed,observed,observed,observed,observed,observed,observed,observed,observed,observed,observed,observed,observed,observed,observed,observed,observed,observed,0,0,0,0,0,0,0,0,0,0,0,0,0,0,0,0,0,0,"{""acceptable_zones"": [""zone_a""], ""age_max"": 56, ""age_min"": 37, ""conversations"": ""stories"", ""emotional_availability"": ""taking_time"", ""has_children"": false, ""lifestyle"": ""quiet"", ""partner_children"": ""any"", ""partner_smoking"": ""no_smoking"", ""relationship_goal"": ""long_term"", ""relationship_pace"": ""quick"", ""relationship_structure"": ""monogamous"", ""relocate"": ""no"", ""schedule"": [""weekend_day"", ""weekend_evening""], ""smoking"": ""yes"", ""space_for_relationship"": ""limited"", ""wants_children"": ""no"", ""who_to_meet"": [""non_binary""]}","{""acceptable_zones"": ""observed"", ""age_max"": ""observed"", ""age_min"": ""observed"", ""conversations"": ""observed"", ""emotional_availability"": ""observed"", ""has_children"": ""observed"", ""lifestyle"": ""observed"", ""partner_children"": ""observed"", ""partner_smoking"": ""observed"", ""relationship_goal"": ""observed"", ""relationship_pace"": ""observed"", ""relationship_structure"": ""observed"", ""relocate"": ""observed"", ""schedule"": ""observed"", ""smoking"": ""observed"", ""space_for_relationship"": ""observed"", ""wants_children"": ""observed"", ""who_to_meet"": ""observed""}","{""acceptable_zones"": 0, ""age_max"": 0, ""age_min"": 0, ""conversations"": 0, ""emotional_availability"": 0, ""has_children"": 0, ""lifestyle"": 0, ""partner_children"": 0, ""partner_smoking"": 0, ""relationship_goal"": 0, ""relationship_pace"": 0, ""relationship_structure"": 0, ""relocate"": 0, ""schedule"": 0, ""smoking"": 0, ""space_for_relationship"": 0, ""wants_children"": 0, ""who_to_meet"": 0}"
syn_c3a013f799394dc268d343fcbe8270b0,public_01,35,man,zone_d,True,synthetic_questionnaire,True,0,"[""zone_d""]",40,28,stories,taking_time,True,quiet,any,any,exploring,slow,non_monogamous,no,"[""weekday_evening"", ""weekend_evening""]",no,moderate,yes,"[""non_binary""]",observed,observed,observed,observed,observed,observed,observed,observed,observed,observed,observed,observed,observed,observed,observed,observed,observed,observed,0,0,0,0,0,0,0,0,0,0,0,0,0,0,0,0,0,0,"{""acceptable_zones"": [""zone_d""], ""age_max"": 40, ""age_min"": 28, ""conversations"": ""stories"", ""emotional_availability"": ""taking_time"", ""has_children"": true, ""lifestyle"": ""quiet"", ""partner_children"": ""any"", ""partner_smoking"": ""any"", ""relationship_goal"": ""exploring"", ""relationship_pace"": ""slow"", ""relationship_structure"": ""non_monogamous"", ""relocate"": ""no"", ""schedule"": [""weekday_evening"", ""weekend_evening""], ""smoking"": ""no"", ""space_for_relationship"": ""moderate"", ""wants_children"": ""yes"", ""who_to_meet"": [""non_binary""]}","{""acceptable_zones"": ""observed"", ""age_max"": ""observed"", ""age_min"": ""observed"", ""conversations"": ""observed"", ""emotional_availability"": ""observed"", ""has_children"": ""observed"", ""lifestyle"": ""observed"", ""partner_children"": ""observed"", ""partner_smoking"": ""observed"", ""relationship_goal"": ""observed"", ""relationship_pace"": ""observed"", ""relationship_structure"": ""observed"", ""relocate"": ""observed"", ""schedule"": ""observed"", ""smoking"": ""observed"", ""space_for_relationship"": ""observed"", ""wants_children"": ""observed"", ""who_to_meet"": ""observed""}","{""acceptable_zones"": 0, ""age_max"": 0, ""age_min"": 0, ""conversations"": 0, ""emotional_availability"": 0, ""has_children"": 0, ""lifestyle"": 0, ""partner_children"": 0, ""partner_smoking"": 0, ""relationship_goal"": 0, ""relationship_pace"": 0, ""relationship_structure"": 0, ""relocate"": 0, ""schedule"": 0, ""smoking"": 0, ""space_for_relationship"": 0, ""wants_children"": 0, ""who_to_meet"": 0}"
syn_3c8584c1f25243303edf1fcc0a7848b8,public_01,36,man,zone_a,False,synthetic_questionnaire,True,9,"[""zone_a"", ""zone_d""]",45,28,ideas,taking_time,False,quiet,any,no_smoking,exploring,quick,monogamous,yes,"[""weekday_evening"", ""weekend_evening"", ""weekend_day""]",no,ample,unsure,"[""non_binary"", ""man"", ""woman""]",observed,observed,observed,observed,observed,observed,observed,observed,observed,observed,observed,observed,observed,observed,observed,observed,observed,observed,9,9,9,9,9,9,9,9,9,9,9,9,9,9,9,9,9,9,"{""acceptable_zones"": [""zone_a"", ""zone_d""], ""age_max"": 45, ""age_min"": 28, ""conversations"": ""ideas"", ""emotional_availability"": ""taking_time"", ""has_children"": false, ""lifestyle"": ""quiet"", ""partner_children"": ""any"", ""partner_smoking"": ""no_smoking"", ""relationship_goal"": ""exploring"", ""relationship_pace"": ""quick"", ""relationship_structure"": ""monogamous"", ""relocate"": ""yes"", ""schedule"": [""weekday_evening"", ""weekend_evening"", ""weekend_day""], ""smoking"": ""no"", ""space_for_relationship"": ""ample"", ""wants_children"": ""unsure"", ""who_to_meet"": [""non_binary"", ""man"", ""woman""]}","{""acceptable_zones"": ""observed"", ""age_max"": ""observed"", ""age_min"": ""observed"", ""conversations"": ""observed"", ""emotional_availability"": ""observed"", ""has_children"": ""observed"", ""lifestyle"": ""observed"", ""partner_children"": ""observed"", ""partner_smoking"": ""observed"", ""relationship_goal"": ""observed"", ""relationship_pace"": ""observed"", ""relationship_structure"": ""observed"", ""relocate"": ""observed"", ""schedule"": ""observed"", ""smoking"": ""observed"", ""space_for_relationship"": ""observed"", ""wants_children"": ""observed"", ""who_to_meet"": ""observed""}","{""acceptable_zones"": 9, ""age_max"": 9, ""age_min"": 9, ""conversations"": 9, ""emotional_availability"": 9, ""has_children"": 9, ""lifestyle"": 9, ""partner_children"": 9, ""partner_smoking"": 9, ""relationship_goal"": 9, ""relationship_pace"": 9, ""relationship_structure"": 9, ""relocate"": 9, ""schedule"": 9, ""smoking"": 9, ""space_for_relationship"": 9, ""wants_children"": 9, ""who_to_meet"": 9}"
syn_7babc374d178dac1230ce14a5ef87016,public_01,39,woman,zone_a,True,synthetic_questionnaire,True,0,,42,,,,,,,,,,,,,,,no,"[""woman"", ""non_binary""]",not_asked,observed,not_asked,not_asked,not_asked,not_asked,declined,not_asked,not_asked,not_asked,not_asked,declined,not_asked,not_asked,not_asked,not_asked,observed,observed,,0,,,,,,,,,,,,,,,0,0,"{""acceptable_zones"": null, ""age_max"": 42, ""age_min"": null, ""conversations"": null, ""emotional_availability"": null, ""has_children"": null, ""lifestyle"": null, ""partner_children"": null, ""partner_smoking"": null, ""relationship_goal"": null, ""relationship_pace"": null, ""relationship_structure"": null, ""relocate"": null, ""schedule"": null, ""smoking"": null, ""space_for_relationship"": null, ""wants_children"": ""no"", ""who_to_meet"": [""woman"", ""non_binary""]}","{""acceptable_zones"": ""not_asked"", ""age_max"": ""observed"", ""age_min"": ""not_asked"", ""conversations"": ""not_asked"", ""emotional_availability"": ""not_asked"", ""has_children"": ""not_asked"", ""lifestyle"": ""declined"", ""partner_children"": ""not_asked"", ""partner_smoking"": ""not_asked"", ""relationship_goal"": ""not_asked"", ""relationship_pace"": ""not_asked"", ""relationship_structure"": ""declined"", ""relocate"": ""not_asked"", ""schedule"": ""not_asked"", ""smoking"": ""not_asked"", ""space_for_relationship"": ""not_asked"", ""wants_children"": ""observed"", ""who_to_meet"": ""observed""}","{""acceptable_zones"": null, ""age_max"": 0, ""age_min"": null, ""conversations"": null, ""emotional_availability"": null, ""has_children"": null, ""lifestyle"": null, ""partner_children"": null, ""partner_smoking"": null, ""relationship_goal"": null, ""relationship_pace"": null, ""relationship_structure"": null, ""relocate"": null, ""schedule"": null, ""smoking"": null, ""space_for_relationship"": null, ""wants_children"": 0, ""who_to_meet"": 0}"
syn_d43f90e258ae91543e5fe6e4a6a2e2da,public_01,21,woman,zone_a,True,synthetic_questionnaire,True,0,"[""zone_a"", ""zone_d""]",27,18,playful,ready,False,quiet,any,any,exploring,quick,monogamous,unsure,"[""weekend_day"", ""weekday_evening""]",occasionally,limited,no,"[""woman""]",observed,observed,observed,observed,observed,observed,observed,observed,observed,observed,observed,observed,observed,observed,observed,observed,observed,observed,0,0,0,0,0,0,0,0,0,0,0,0,0,0,0,0,0,0,"{""acceptable_zones"": [""zone_a"", ""zone_d""], ""age_max"": 27, ""age_min"": 18, ""conversations"": ""playful"", ""emotional_availability"": ""ready"", ""has_children"": false, ""lifestyle"": ""quiet"", ""partner_children"": ""any"", ""partner_smoking"": ""any"", ""relationship_goal"": ""exploring"", ""relationship_pace"": ""quick"", ""relationship_structure"": ""monogamous"", ""relocate"": ""unsure"", ""schedule"": [""weekend_day"", ""weekday_evening""], ""smoking"": ""occasionally"", ""space_for_relationship"": ""limited"", ""wants_children"": ""no"", ""who_to_meet"": [""woman""]}","{""acceptable_zones"": ""observed"", ""age_max"": ""observed"", ""age_min"": ""observed"", ""conversations"": ""observed"", ""emotional_availability"": ""observed"", ""has_children"": ""observed"", ""lifestyle"": ""observed"", ""partner_children"": ""observed"", ""partner_smoking"": ""observed"", ""relationship_goal"": ""observed"", ""relationship_pace"": ""observed"", ""relationship_structure"": ""observed"", ""relocate"": ""observed"", ""schedule"": ""observed"", ""smoking"": ""observed"", ""space_for_relationship"": ""observed"", ""wants_children"": ""observed"", ""who_to_meet"": ""observed""}","{""acceptable_zones"": 0, ""age_max"": 0, ""age_min"": 0, ""conversations"": 0, ""emotional_availability"": 0, ""has_children"": 0, ""lifestyle"": 0, ""partner_children"": 0, ""partner_smoking"": 0, ""relationship_goal"": 0, ""relationship_pace"": 0, ""relationship_structure"": 0, ""relocate"": 0, ""schedule"": 0, ""smoking"": 0, ""space_for_relationship"": 0, ""wants_children"": 0, ""who_to_meet"": 0}"
syn_528e4ebfba39bbf6b8e91adbe8c9e63b,public_01,39,man,zone_b,True,synthetic_questionnaire,True,0,,43,,,,,,,,,,,,,,,,,not_asked,observed,not_asked,not_asked,not_asked,not_asked,not_asked,not_asked,not_asked,not_asked,not_asked,not_asked,not_asked,not_asked,not_asked,not_asked,not_asked,declined,,0,,,,,,,,,,,,,,,,,"{""acceptable_zones"": null, ""age_max"": 43, ""age_min"": null, ""conversations"": null, ""emotional_availability"": null, ""has_children"": null, ""lifestyle"": null, ""partner_children"": null, ""partner_smoking"": null, ""relationship_goal"": null, ""relationship_pace"": null, ""relationship_structure"": null, ""relocate"": null, ""schedule"": null, ""smoking"": null, ""space_for_relationship"": null, ""wants_children"": null, ""who_to_meet"": null}","{""acceptable_zones"": ""not_asked"", ""age_max"": ""observed"", ""age_min"": ""not_asked"", ""conversations"": ""not_asked"", ""emotional_availability"": ""not_asked"", ""has_children"": ""not_asked"", ""lifestyle"": ""not_asked"", ""partner_children"": ""not_asked"", ""partner_smoking"": ""not_asked"", ""relationship_goal"": ""not_asked"", ""relationship_pace"": ""not_asked"", ""relationship_structure"": ""not_asked"", ""relocate"": ""not_asked"", ""schedule"": ""not_asked"", ""smoking"": ""not_asked"", ""space_for_relationship"": ""not_asked"", ""wants_children"": ""not_asked"", ""who_to_meet"": ""declined""}","{""acceptable_zones"": null, ""age_max"": 0, ""age_min"": null, ""conversations"": null, ""emotional_availability"": null, ""has_children"": null, ""lifestyle"": null, ""partner_children"": null, ""partner_smoking"": null, ""relationship_goal"": null, ""relationship_pace"": null, ""relationship_structure"": null, ""relocate"": null, ""schedule"": null, ""smoking"": null, ""space_for_relationship"": null, ""wants_children"": null, ""who_to_meet"": null}"
syn_4bae37c3b69c792c35e1731394f0f149,public_01,23,woman,zone_a,True,synthetic_questionnaire,True,5,"[""zone_a"", ""zone_d""]",29,18,stories,taking_time,False,quiet,no_children,no_smoking,exploring,slow,monogamous,no,"[""weekend_day"", ""weekend_evening"", ""weekday_evening""]",no,limited,yes,"[""non_binary"", ""woman""]",observed,observed,observed,observed,observed,observed,observed,observed,observed,observed,observed,observed,observed,observed,observed,observed,observed,observed,5,5,5,5,5,5,5,5,5,5,5,5,5,5,5,5,5,5,"{""acceptable_zones"": [""zone_a"", ""zone_d""], ""age_max"": 29, ""age_min"": 18, ""conversations"": ""stories"", ""emotional_availability"": ""taking_time"", ""has_children"": false, ""lifestyle"": ""quiet"", ""partner_children"": ""no_children"", ""partner_smoking"": ""no_smoking"", ""relationship_goal"": ""exploring"", ""relationship_pace"": ""slow"", ""relationship_structure"": ""monogamous"", ""relocate"": ""no"", ""schedule"": [""weekend_day"", ""weekend_evening"", ""weekday_evening""], ""smoking"": ""no"", ""space_for_relationship"": ""limited"", ""wants_children"": ""yes"", ""who_to_meet"": [""non_binary"", ""woman""]}","{""acceptable_zones"": ""observed"", ""age_max"": ""observed"", ""age_min"": ""observed"", ""conversations"": ""observed"", ""emotional_availability"": ""observed"", ""has_children"": ""observed"", ""lifestyle"": ""observed"", ""partner_children"": ""observed"", ""partner_smoking"": ""observed"", ""relationship_goal"": ""observed"", ""relationship_pace"": ""observed"", ""relationship_structure"": ""observed"", ""relocate"": ""observed"", ""schedule"": ""observed"", ""smoking"": ""observed"", ""space_for_relationship"": ""observed"", ""wants_children"": ""observed"", ""who_to_meet"": ""observed""}","{""acceptable_zones"": 5, ""age_max"": 5, ""age_min"": 5, ""conversations"": 5, ""emotional_availability"": 5, ""has_children"": 5, ""lifestyle"": 5, ""partner_children"": 5, ""partner_smoking"": 5, ""relationship_goal"": 5, ""relationship_pace"": 5, ""relationship_structure"": 5, ""relocate"": 5, ""schedule"": 5, ""smoking"": 5, ""space_for_relationship"": 5, ""wants_children"": 5, ""who_to_meet"": 5}"
syn_f832ca06708876cdd8c0cb8b6770ff42,public_01,29,man,zone_c,True,synthetic_questionnaire,True,0,,,,,,,,,,,steady,,,,,,,,not_asked,not_asked,not_asked,not_asked,not_asked,not_asked,not_asked,not_asked,not_asked,not_asked,observed,not_asked,not_asked,not_asked,not_asked,not_asked,declined,not_asked,,,,,,,,,,,0,,,,,,,,"{""acceptable_zones"": null, ""age_max"": null, ""age_min"": null, ""conversations"": null, ""emotional_availability"": null, ""has_children"": null, ""lifestyle"": null, ""partner_children"": null, ""partner_smoking"": null, ""relationship_goal"": null, ""relationship_pace"": ""steady"", ""relationship_structure"": null, ""relocate"": null, ""schedule"": null, ""smoking"": null, ""space_for_relationship"": null, ""wants_children"": null, ""who_to_meet"": null}","{""acceptable_zones"": ""not_asked"", ""age_max"": ""not_asked"", ""age_min"": ""not_asked"", ""conversations"": ""not_asked"", ""emotional_availability"": ""not_asked"", ""has_children"": ""not_asked"", ""lifestyle"": ""not_asked"", ""partner_children"": ""not_asked"", ""partner_smoking"": ""not_asked"", ""relationship_goal"": ""not_asked"", ""relationship_pace"": ""observed"", ""relationship_structure"": ""not_asked"", ""relocate"": ""not_asked"", ""schedule"": ""not_asked"", ""smoking"": ""not_asked"", ""space_for_relationship"": ""not_asked"", ""wants_children"": ""declined"", ""who_to_meet"": ""not_asked""}","{""acceptable_zones"": null, ""age_max"": null, ""age_min"": null, ""conversations"": null, ""emotional_availability"": null, ""has_children"": null, ""lifestyle"": null, ""partner_children"": null, ""partner_smoking"": null, ""relationship_goal"": null, ""relationship_pace"": 0, ""relationship_structure"": null, ""relocate"": null, ""schedule"": null, ""smoking"": null, ""space_for_relationship"": null, ""wants_children"": null, ""who_to_meet"": null}"
syn_d6ce4a175220e5944d253b206d70b5ae,public_01,38,man,zone_a,True,synthetic_questionnaire,True,8,,,,,,,mixed,no_children,,,quick,,,,,,,,not_asked,not_asked,not_asked,not_asked,not_asked,not_asked,observed,observed,not_asked,not_asked,observed,declined,not_asked,not_asked,not_asked,not_asked,not_asked,declined,,,,,,,8,8,,,8,,,,,,,,"{""acceptable_zones"": null, ""age_max"": null, ""age_min"": null, ""conversations"": null, ""emotional_availability"": null, ""has_children"": null, ""lifestyle"": ""mixed"", ""partner_children"": ""no_children"", ""partner_smoking"": null, ""relationship_goal"": null, ""relationship_pace"": ""quick"", ""relationship_structure"": null, ""relocate"": null, ""schedule"": null, ""smoking"": null, ""space_for_relationship"": null, ""wants_children"": null, ""who_to_meet"": null}","{""acceptable_zones"": ""not_asked"", ""age_max"": ""not_asked"", ""age_min"": ""not_asked"", ""conversations"": ""not_asked"", ""emotional_availability"": ""not_asked"", ""has_children"": ""not_asked"", ""lifestyle"": ""observed"", ""partner_children"": ""observed"", ""partner_smoking"": ""not_asked"", ""relationship_goal"": ""not_asked"", ""relationship_pace"": ""observed"", ""relationship_structure"": ""declined"", ""relocate"": ""not_asked"", ""schedule"": ""not_asked"", ""smoking"": ""not_asked"", ""space_for_relationship"": ""not_asked"", ""wants_children"": ""not_asked"", ""who_to_meet"": ""declined""}","{""acceptable_zones"": null, ""age_max"": null, ""age_min"": null, ""conversations"": null, ""emotional_availability"": null, ""has_children"": null, ""lifestyle"": 8, ""partner_children"": 8, ""partner_smoking"": null, ""relationship_goal"": null, ""relationship_pace"": 8, ""relationship_structure"": null, ""relocate"": null, ""schedule"": null, ""smoking"": null, ""space_for_relationship"": null, ""wants_children"": null, ""who_to_meet"": null}"
syn_6314df5a2f9b90bbfe90d832b51858a7,public_01,38,woman,zone_a,True,synthetic_questionnaire,True,0,,,,,,,,,no_smoking,,,,,,,,,,not_asked,not_asked,not_asked,not_asked,not_asked,not_asked,not_asked,not_asked,observed,not_asked,not_asked,declined,not_asked,not_asked,declined,not_asked,not_asked,not_asked,,,,,,,,,0,,,,,,,,,,"{""acceptable_zones"": null, ""age_max"": null, ""age_min"": null, ""conversations"": null, ""emotional_availability"": null, ""has_children"": null, ""lifestyle"": null, ""partner_children"": null, ""partner_smoking"": ""no_smoking"", ""relationship_goal"": null, ""relationship_pace"": null, ""relationship_structure"": null, ""relocate"": null, ""schedule"": null, ""smoking"": null, ""space_for_relationship"": null, ""wants_children"": null, ""who_to_meet"": null}","{""acceptable_zones"": ""not_asked"", ""age_max"": ""not_asked"", ""age_min"": ""not_asked"", ""conversations"": ""not_asked"", ""emotional_availability"": ""not_asked"", ""has_children"": ""not_asked"", ""lifestyle"": ""not_asked"", ""partner_children"": ""not_asked"", ""partner_smoking"": ""observed"", ""relationship_goal"": ""not_asked"", ""relationship_pace"": ""not_asked"", ""relationship_structure"": ""declined"", ""relocate"": ""not_asked"", ""schedule"": ""not_asked"", ""smoking"": ""declined"", ""space_for_relationship"": ""not_asked"", ""wants_children"": ""not_asked"", ""who_to_meet"": ""not_asked""}","{""acceptable_zones"": null, ""age_max"": null, ""age_min"": null, ""conversations"": null, ""emotional_availability"": null, ""has_children"": null, ""lifestyle"": null, ""partner_children"": null, ""partner_smoking"": 0, ""relationship_goal"": null, ""relationship_pace"": null, ""relationship_structure"": null, ""relocate"": null, ""schedule"": null, ""smoking"": null, ""space_for_relationship"": null, ""wants_children"": null, ""who_to_meet"": null}"
syn_1590c7c7e61f068af7c1b8fe352500bc,public_01,28,woman,zone_b,True,synthetic_questionnaire,True,0,"[""zone_b""]",37,18,stories,ready,False,quiet,no_children,any,exploring,quick,monogamous,unsure,"[""weekend_day"", ""weekday_evening""]",occasionally,limited,no,"[""woman""]",observed,observed,observed,observed,observed,observed,observed,observed,observed,observed,observed,observed,observed,observed,observed,observed,observed,observed,0,0,0,0,0,0,0,0,0,0,0,0,0,0,0,0,0,0,"{""acceptable_zones"": [""zone_b""], ""age_max"": 37, ""age_min"": 18, ""conversations"": ""stories"", ""emotional_availability"": ""ready"", ""has_children"": false, ""lifestyle"": ""quiet"", ""partner_children"": ""no_children"", ""partner_smoking"": ""any"", ""relationship_goal"": ""exploring"", ""relationship_pace"": ""quick"", ""relationship_structure"": ""monogamous"", ""relocate"": ""unsure"", ""schedule"": [""weekend_day"", ""weekday_evening""], ""smoking"": ""occasionally"", ""space_for_relationship"": ""limited"", ""wants_children"": ""no"", ""who_to_meet"": [""woman""]}","{""acceptable_zones"": ""observed"", ""age_max"": ""observed"", ""age_min"": ""observed"", ""conversations"": ""observed"", ""emotional_availability"": ""observed"", ""has_children"": ""observed"", ""lifestyle"": ""observed"", ""partner_children"": ""observed"", ""partner_smoking"": ""observed"", ""relationship_goal"": ""observed"", ""relationship_pace"": ""observed"", ""relationship_structure"": ""observed"", ""relocate"": ""observed"", ""schedule"": ""observed"", ""smoking"": ""observed"", ""space_for_relationship"": ""observed"", ""wants_children"": ""observed"", ""who_to_meet"": ""observed""}","{""acceptable_zones"": 0, ""age_max"": 0, ""age_min"": 0, ""conversations"": 0, ""emotional_availability"": 0, ""has_children"": 0, ""lifestyle"": 0, ""partner_children"": 0, ""partner_smoking"": 0, ""relationship_goal"": 0, ""relationship_pace"": 0, ""relationship_structure"": 0, ""relocate"": 0, ""schedule"": 0, ""smoking"": 0, ""space_for_relationship"": 0, ""wants_children"": 0, ""who_to_meet"": 0}"
syn_55abe9af5dcae1efeae9e681ee12a167,public_01,32,woman,zone_a,True,synthetic_questionnaire,True,0,"[""zone_a""]",40,22,playful,taking_time,True,mixed,any,no_smoking,exploring,quick,monogamous,no,"[""weekend_day""]",no,limited,no,"[""non_binary""]",observed,observed,observed,observed,observed,observed,observed,observed,observed,observed,observed,observed,observed,observed,observed,observed,observed,observed,0,0,0,0,0,0,0,0,0,0,0,0,0,0,0,0,0,0,"{""acceptable_zones"": [""zone_a""], ""age_max"": 40, ""age_min"": 22, ""conversations"": ""playful"", ""emotional_availability"": ""taking_time"", ""has_children"": true, ""lifestyle"": ""mixed"", ""partner_children"": ""any"", ""partner_smoking"": ""no_smoking"", ""relationship_goal"": ""exploring"", ""relationship_pace"": ""quick"", ""relationship_structure"": ""monogamous"", ""relocate"": ""no"", ""schedule"": [""weekend_day""], ""smoking"": ""no"", ""space_for_relationship"": ""limited"", ""wants_children"": ""no"", ""who_to_meet"": [""non_binary""]}","{""acceptable_zones"": ""observed"", ""age_max"": ""observed"", ""age_min"": ""observed"", ""conversations"": ""observed"", ""emotional_availability"": ""observed"", ""has_children"": ""observed"", ""lifestyle"": ""observed"", ""partner_children"": ""observed"", ""partner_smoking"": ""observed"", ""relationship_goal"": ""observed"", ""relationship_pace"": ""observed"", ""relationship_structure"": ""observed"", ""relocate"": ""observed"", ""schedule"": ""observed"", ""smoking"": ""observed"", ""space_for_relationship"": ""observed"", ""wants_children"": ""observed"", ""who_to_meet"": ""observed""}","{""acceptable_zones"": 0, ""age_max"": 0, ""age_min"": 0, ""conversations"": 0, ""emotional_availability"": 0, ""has_children"": 0, ""lifestyle"": 0, ""partner_children"": 0, ""partner_smoking"": 0, ""relationship_goal"": 0, ""relationship_pace"": 0, ""relationship_structure"": 0, ""relocate"": 0, ""schedule"": 0, ""smoking"": 0, ""space_for_relationship"": 0, ""wants_children"": 0, ""who_to_meet"": 0}"
syn_9437824cc71ae3b37be7c29ed005003c,public_01,36,man,zone_a,True,synthetic_questionnaire,True,0,"[""zone_a""]",40,,,taking_time,,,,,,,,,,,,,,observed,observed,not_asked,not_asked,observed,not_asked,not_asked,declined,not_asked,not_asked,not_asked,not_asked,not_asked,not_asked,not_asked,not_asked,not_asked,not_asked,0,0,,,0,,,,,,,,,,,,,,"{""acceptable_zones"": [""zone_a""], ""age_max"": 40, ""age_min"": null, ""conversations"": null, ""emotional_availability"": ""taking_time"", ""has_children"": null, ""lifestyle"": null, ""partner_children"": null, ""partner_smoking"": null, ""relationship_goal"": null, ""relationship_pace"": null, ""relationship_structure"": null, ""relocate"": null, ""schedule"": null, ""smoking"": null, ""space_for_relationship"": null, ""wants_children"": null, ""who_to_meet"": null}","{""acceptable_zones"": ""observed"", ""age_max"": ""observed"", ""age_min"": ""not_asked"", ""conversations"": ""not_asked"", ""emotional_availability"": ""observed"", ""has_children"": ""not_asked"", ""lifestyle"": ""not_asked"", ""partner_children"": ""declined"", ""partner_smoking"": ""not_asked"", ""relationship_goal"": ""not_asked"", ""relationship_pace"": ""not_asked"", ""relationship_structure"": ""not_asked"", ""relocate"": ""not_asked"", ""schedule"": ""not_asked"", ""smoking"": ""not_asked"", ""space_for_relationship"": ""not_asked"", ""wants_children"": ""not_asked"", ""who_to_meet"": ""not_asked""}","{""acceptable_zones"": 0, ""age_max"": 0, ""age_min"": null, ""conversations"": null, ""emotional_availability"": 0, ""has_children"": null, ""lifestyle"": null, ""partner_children"": null, ""partner_smoking"": null, ""relationship_goal"": null, ""relationship_pace"": null, ""relationship_structure"": null, ""relocate"": null, ""schedule"": null, ""smoking"": null, ""space_for_relationship"": null, ""wants_children"": null, ""who_to_meet"": null}"
syn_332c06d594f12314ec6c3c3adac82936,public_01,43,woman,zone_a,True,synthetic_questionnaire,True,18,"[""zone_a""]",48,35,,,True,,any,any,,,monogamous,,"[""weekend_day"", ""weekday_evening"", ""weekend_evening""]",occasionally,,no,"[""woman""]",observed,observed,observed,not_asked,not_asked,observed,not_asked,observed,observed,not_asked,not_asked,observed,not_asked,observed,observed,not_asked,observed,observed,18,18,18,,,18,,18,18,,,18,,18,18,,18,18,"{""acceptable_zones"": [""zone_a""], ""age_max"": 48, ""age_min"": 35, ""conversations"": null, ""emotional_availability"": null, ""has_children"": true, ""lifestyle"": null, ""partner_children"": ""any"", ""partner_smoking"": ""any"", ""relationship_goal"": null, ""relationship_pace"": null, ""relationship_structure"": ""monogamous"", ""relocate"": null, ""schedule"": [""weekend_day"", ""weekday_evening"", ""weekend_evening""], ""smoking"": ""occasionally"", ""space_for_relationship"": null, ""wants_children"": ""no"", ""who_to_meet"": [""woman""]}","{""acceptable_zones"": ""observed"", ""age_max"": ""observed"", ""age_min"": ""observed"", ""conversations"": ""not_asked"", ""emotional_availability"": ""not_asked"", ""has_children"": ""observed"", ""lifestyle"": ""not_asked"", ""partner_children"": ""observed"", ""partner_smoking"": ""observed"", ""relationship_goal"": ""not_asked"", ""relationship_pace"": ""not_asked"", ""relationship_structure"": ""observed"", ""relocate"": ""not_asked"", ""schedule"": ""observed"", ""smoking"": ""observed"", ""space_for_relationship"": ""not_asked"", ""wants_children"": ""observed"", ""who_to_meet"": ""observed""}","{""acceptable_zones"": 18, ""age_max"": 18, ""age_min"": 18, ""conversations"": null, ""emotional_availability"": null, ""has_children"": 18, ""lifestyle"": null, ""partner_children"": 18, ""partner_smoking"": 18, ""relationship_goal"": null, ""relationship_pace"": null, ""relationship_structure"": 18, ""relocate"": null, ""schedule"": 18, ""smoking"": 18, ""space_for_relationship"": null, ""wants_children"": 18, ""who_to_meet"": 18}"
syn_090e7c2aabab4991b5b71d17cb3bc3df,public_01,25,man,zone_c,True,synthetic_questionnaire,True,0,,33,,,,False,,,,,,,,,,,,"[""non_binary"", ""woman""]",not_asked,observed,not_asked,not_asked,not_asked,observed,not_asked,not_asked,not_asked,not_asked,not_asked,not_asked,not_asked,not_asked,declined,declined,not_asked,observed,,0,,,,0,,,,,,,,,,,,0,"{""acceptable_zones"": null, ""age_max"": 33, ""age_min"": null, ""conversations"": null, ""emotional_availability"": null, ""has_children"": false, ""lifestyle"": null, ""partner_children"": null, ""partner_smoking"": null, ""relationship_goal"": null, ""relationship_pace"": null, ""relationship_structure"": null, ""relocate"": null, ""schedule"": null, ""smoking"": null, ""space_for_relationship"": null, ""wants_children"": null, ""who_to_meet"": [""non_binary"", ""woman""]}","{""acceptable_zones"": ""not_asked"", ""age_max"": ""observed"", ""age_min"": ""not_asked"", ""conversations"": ""not_asked"", ""emotional_availability"": ""not_asked"", ""has_children"": ""observed"", ""lifestyle"": ""not_asked"", ""partner_children"": ""not_asked"", ""partner_smoking"": ""not_asked"", ""relationship_goal"": ""not_asked"", ""relationship_pace"": ""not_asked"", ""relationship_structure"": ""not_asked"", ""relocate"": ""not_asked"", ""schedule"": ""not_asked"", ""smoking"": ""declined"", ""space_for_relationship"": ""declined"", ""wants_children"": ""not_asked"", ""who_to_meet"": ""observed""}","{""acceptable_zones"": null, ""age_max"": 0, ""age_min"": null, ""conversations"": null, ""emotional_availability"": null, ""has_children"": 0, ""lifestyle"": null, ""partner_children"": null, ""partner_smoking"": null, ""relationship_goal"": null, ""relationship_pace"": null, ""relationship_structure"": null, ""relocate"": null, ""schedule"": null, ""smoking"": null, ""space_for_relationship"": null, ""wants_children"": null, ""who_to_meet"": 0}"
syn_3ef564d214b78235734a9d4a219ff14c,public_01,31,man,zone_b,True,synthetic_questionnaire,True,0,,,,,,,,,,,,,,,,,,,declined,not_asked,not_asked,not_asked,not_asked,not_asked,not_asked,not_asked,not_asked,declined,not_asked,not_asked,not_asked,not_asked,not_asked,not_asked,not_asked,not_asked,,,,,,,,,,,,,,,,,,,"{""acceptable_zones"": null, ""age_max"": null, ""age_min"": null, ""conversations"": null, ""emotional_availability"": null, ""has_children"": null, ""lifestyle"": null, ""partner_children"": null, ""partner_smoking"": null, ""relationship_goal"": null, ""relationship_pace"": null, ""relationship_structure"": null, ""relocate"": null, ""schedule"": null, ""smoking"": null, ""space_for_relationship"": null, ""wants_children"": null, ""who_to_meet"": null}","{""acceptable_zones"": ""declined"", ""age_max"": ""not_asked"", ""age_min"": ""not_asked"", ""conversations"": ""not_asked"", ""emotional_availability"": ""not_asked"", ""has_children"": ""not_asked"", ""lifestyle"": ""not_asked"", ""partner_children"": ""not_asked"", ""partner_smoking"": ""not_asked"", ""relationship_goal"": ""declined"", ""relationship_pace"": ""not_asked"", ""relationship_structure"": ""not_asked"", ""relocate"": ""not_asked"", ""schedule"": ""not_asked"", ""smoking"": ""not_asked"", ""space_for_relationship"": ""not_asked"", ""wants_children"": ""not_asked"", ""who_to_meet"": ""not_asked""}","{""acceptable_zones"": null, ""age_max"": null, ""age_min"": null, ""conversations"": null, ""emotional_availability"": null, ""has_children"": null, ""lifestyle"": null, ""partner_children"": null, ""partner_smoking"": null, ""relationship_goal"": null, ""relationship_pace"": null, ""relationship_structure"": null, ""relocate"": null, ""schedule"": null, ""smoking"": null, ""space_for_relationship"": null, ""wants_children"": null, ""who_to_meet"": null}"
syn_5d00db92f3bda3c62d1649f3cca72704,public_01,37,man,zone_b,True,synthetic_questionnaire,True,14,"[""zone_b"", ""zone_c""]",40,34,,,False,,no_children,any,,,monogamous,,"[""weekday_evening"", ""weekend_evening"", ""weekend_day""]",occasionally,,no,"[""woman""]",observed,observed,observed,not_asked,not_asked,observed,not_asked,observed,observed,not_asked,not_asked,observed,not_asked,observed,observed,not_asked,observed,observed,14,14,14,,,14,,14,14,,,14,,14,14,,14,14,"{""acceptable_zones"": [""zone_b"", ""zone_c""], ""age_max"": 40, ""age_min"": 34, ""conversations"": null, ""emotional_availability"": null, ""has_children"": false, ""lifestyle"": null, ""partner_children"": ""no_children"", ""partner_smoking"": ""any"", ""relationship_goal"": null, ""relationship_pace"": null, ""relationship_structure"": ""monogamous"", ""relocate"": null, ""schedule"": [""weekday_evening"", ""weekend_evening"", ""weekend_day""], ""smoking"": ""occasionally"", ""space_for_relationship"": null, ""wants_children"": ""no"", ""who_to_meet"": [""woman""]}","{""acceptable_zones"": ""observed"", ""age_max"": ""observed"", ""age_min"": ""observed"", ""conversations"": ""not_asked"", ""emotional_availability"": ""not_asked"", ""has_children"": ""observed"", ""lifestyle"": ""not_asked"", ""partner_children"": ""observed"", ""partner_smoking"": ""observed"", ""relationship_goal"": ""not_asked"", ""relationship_pace"": ""not_asked"", ""relationship_structure"": ""observed"", ""relocate"": ""not_asked"", ""schedule"": ""observed"", ""smoking"": ""observed"", ""space_for_relationship"": ""not_asked"", ""wants_children"": ""observed"", ""who_to_meet"": ""observed""}","{""acceptable_zones"": 14, ""age_max"": 14, ""age_min"": 14, ""conversations"": null, ""emotional_availability"": null, ""has_children"": 14, ""lifestyle"": null, ""partner_children"": 14, ""partner_smoking"": 14, ""relationship_goal"": null, ""relationship_pace"": null, ""relationship_structure"": 14, ""relocate"": null, ""schedule"": 14, ""smoking"": 14, ""space_for_relationship"": null, ""wants_children"": 14, ""who_to_meet"": 14}"
syn_77d00558355ae3bff3b061bb4e6f2d2a,public_01,22,woman,zone_a,True,synthetic_questionnaire,True,11,,,,,,,,,,,,,,,occasionally,,unsure,,not_asked,not_asked,declined,not_asked,not_asked,not_asked,not_asked,not_asked,not_asked,not_asked,not_asked,not_asked,not_asked,not_asked,observed,not_asked,observed,not_asked,,,,,,,,,,,,,,,11,,11,,"{""acceptable_zones"": null, ""age_max"": null, ""age_min"": null, ""conversations"": null, ""emotional_availability"": null, ""has_children"": null, ""lifestyle"": null, ""partner_children"": null, ""partner_smoking"": null, ""relationship_goal"": null, ""relationship_pace"": null, ""relationship_structure"": null, ""relocate"": null, ""schedule"": null, ""smoking"": ""occasionally"", ""space_for_relationship"": null, ""wants_children"": ""unsure"", ""who_to_meet"": null}","{""acceptable_zones"": ""not_asked"", ""age_max"": ""not_asked"", ""age_min"": ""declined"", ""conversations"": ""not_asked"", ""emotional_availability"": ""not_asked"", ""has_children"": ""not_asked"", ""lifestyle"": ""not_asked"", ""partner_children"": ""not_asked"", ""partner_smoking"": ""not_asked"", ""relationship_goal"": ""not_asked"", ""relationship_pace"": ""not_asked"", ""relationship_structure"": ""not_asked"", ""relocate"": ""not_asked"", ""schedule"": ""not_asked"", ""smoking"": ""observed"", ""space_for_relationship"": ""not_asked"", ""wants_children"": ""observed"", ""who_to_meet"": ""not_asked""}","{""acceptable_zones"": null, ""age_max"": null, ""age_min"": null, ""conversations"": null, ""emotional_availability"": null, ""has_children"": null, ""lifestyle"": null, ""partner_children"": null, ""partner_smoking"": null, ""relationship_goal"": null, ""relationship_pace"": null, ""relationship_structure"": null, ""relocate"": null, ""schedule"": null, ""smoking"": 11, ""space_for_relationship"": null, ""wants_children"": 11, ""who_to_meet"": null}"
syn_6cc64e64e56700dd377616f3e4e856ed,public_01,22,man,zone_a,False,synthetic_questionnaire,True,0,"[""zone_a"", ""zone_d""]",25,18,,,False,social,any,any,,,monogamous,,"[""weekday_evening"", ""weekend_evening"", ""weekend_day""]",no,,unsure,"[""woman""]",observed,observed,observed,not_asked,not_asked,observed,observed,observed,observed,not_asked,not_asked,observed,not_asked,observed,observed,not_asked,observed,observed,3,3,3,,,3,0,3,3,,,3,,3,3,,3,3,"{""acceptable_zones"": [""zone_a"", ""zone_d""], ""age_max"": 25, ""age_min"": 18, ""conversations"": null, ""emotional_availability"": null, ""has_children"": false, ""lifestyle"": ""social"", ""partner_children"": ""any"", ""partner_smoking"": ""any"", ""relationship_goal"": null, ""relationship_pace"": null, ""relationship_structure"": ""monogamous"", ""relocate"": null, ""schedule"": [""weekday_evening"", ""weekend_evening"", ""weekend_day""], ""smoking"": ""no"", ""space_for_relationship"": null, ""wants_children"": ""unsure"", ""who_to_meet"": [""woman""]}","{""acceptable_zones"": ""observed"", ""age_max"": ""observed"", ""age_min"": ""observed"", ""conversations"": ""not_asked"", ""emotional_availability"": ""not_asked"", ""has_children"": ""observed"", ""lifestyle"": ""observed"", ""partner_children"": ""observed"", ""partner_smoking"": ""observed"", ""relationship_goal"": ""not_asked"", ""relationship_pace"": ""not_asked"", ""relationship_structure"": ""observed"", ""relocate"": ""not_asked"", ""schedule"": ""observed"", ""smoking"": ""observed"", ""space_for_relationship"": ""not_asked"", ""wants_children"": ""observed"", ""who_to_meet"": ""observed""}","{""acceptable_zones"": 3, ""age_max"": 3, ""age_min"": 3, ""conversations"": null, ""emotional_availability"": null, ""has_children"": 3, ""lifestyle"": 0, ""partner_children"": 3, ""partner_smoking"": 3, ""relationship_goal"": null, ""relationship_pace"": null, ""relationship_structure"": 3, ""relocate"": null, ""schedule"": 3, ""smoking"": 3, ""space_for_relationship"": null, ""wants_children"": 3, ""who_to_meet"": 3}"
syn_08c9788ca21f64ca4c807f1600b96ad2,public_01,26,woman,zone_c,True,synthetic_questionnaire,True,0,"[""zone_c""]",33,21,,taking_time,False,,no_children,any,,,monogamous,,"[""weekend_day"", ""weekend_evening""]",no,,unsure,"[""man"", ""woman"", ""non_binary""]",observed,observed,observed,not_asked,observed,observed,not_asked,observed,observed,not_asked,not_asked,observed,not_asked,observed,observed,not_asked,observed,observed,3,3,3,,0,3,,3,3,,,3,,3,3,,3,3,"{""acceptable_zones"": [""zone_c""], ""age_max"": 33, ""age_min"": 21, ""conversations"": null, ""emotional_availability"": ""taking_time"", ""has_children"": false, ""lifestyle"": null, ""partner_children"": ""no_children"", ""partner_smoking"": ""any"", ""relationship_goal"": null, ""relationship_pace"": null, ""relationship_structure"": ""monogamous"", ""relocate"": null, ""schedule"": [""weekend_day"", ""weekend_evening""], ""smoking"": ""no"", ""space_for_relationship"": null, ""wants_children"": ""unsure"", ""who_to_meet"": [""man"", ""woman"", ""non_binary""]}","{""acceptable_zones"": ""observed"", ""age_max"": ""observed"", ""age_min"": ""observed"", ""conversations"": ""not_asked"", ""emotional_availability"": ""observed"", ""has_children"": ""observed"", ""lifestyle"": ""not_asked"", ""partner_children"": ""observed"", ""partner_smoking"": ""observed"", ""relationship_goal"": ""not_asked"", ""relationship_pace"": ""not_asked"", ""relationship_structure"": ""observed"", ""relocate"": ""not_asked"", ""schedule"": ""observed"", ""smoking"": ""observed"", ""space_for_relationship"": ""not_asked"", ""wants_children"": ""observed"", ""who_to_meet"": ""observed""}","{""acceptable_zones"": 3, ""age_max"": 3, ""age_min"": 3, ""conversations"": null, ""emotional_availability"": 0, ""has_children"": 3, ""lifestyle"": null, ""partner_children"": 3, ""partner_smoking"": 3, ""relationship_goal"": null, ""relationship_pace"": null, ""relationship_structure"": 3, ""relocate"": null, ""schedule"": 3, ""smoking"": 3, ""space_for_relationship"": null, ""wants_children"": 3, ""who_to_meet"": 3}"
syn_fb8a968865a9f241b333343a15e1a7c0,public_01,32,man,zone_c,True,synthetic_questionnaire,True,0,,,,,,,,,,,,monogamous,,,,,,,not_asked,not_asked,not_asked,not_asked,not_asked,not_asked,not_asked,not_asked,not_asked,not_asked,declined,observed,not_asked,declined,not_asked,not_asked,not_asked,not_asked,,,,,,,,,,,,0,,,,,,,"{""acceptable_zones"": null, ""age_max"": null, ""age_min"": null, ""conversations"": null, ""emotional_availability"": null, ""has_children"": null, ""lifestyle"": null, ""partner_children"": null, ""partner_smoking"": null, ""relationship_goal"": null, ""relationship_pace"": null, ""relationship_structure"": ""monogamous"", ""relocate"": null, ""schedule"": null, ""smoking"": null, ""space_for_relationship"": null, ""wants_children"": null, ""who_to_meet"": null}","{""acceptable_zones"": ""not_asked"", ""age_max"": ""not_asked"", ""age_min"": ""not_asked"", ""conversations"": ""not_asked"", ""emotional_availability"": ""not_asked"", ""has_children"": ""not_asked"", ""lifestyle"": ""not_asked"", ""partner_children"": ""not_asked"", ""partner_smoking"": ""not_asked"", ""relationship_goal"": ""not_asked"", ""relationship_pace"": ""declined"", ""relationship_structure"": ""observed"", ""relocate"": ""not_asked"", ""schedule"": ""declined"", ""smoking"": ""not_asked"", ""space_for_relationship"": ""not_asked"", ""wants_children"": ""not_asked"", ""who_to_meet"": ""not_asked""}","{""acceptable_zones"": null, ""age_max"": null, ""age_min"": null, ""conversations"": null, ""emotional_availability"": null, ""has_children"": null, ""lifestyle"": null, ""partner_children"": null, ""partner_smoking"": null, ""relationship_goal"": null, ""relationship_pace"": null, ""relationship_structure"": 0, ""relocate"": null, ""schedule"": null, ""smoking"": null, ""space_for_relationship"": null, ""wants_children"": null, ""who_to_meet"": null}"
syn_5c232c51de253a52d729d5e516f23960,public_01,42,woman,zone_a,True,synthetic_questionnaire,True,0,"[""zone_a""]",49,35,stories,ready,True,mixed,any,any,exploring,steady,non_monogamous,yes,"[""weekend_day""]",no,limited,no,"[""woman""]",observed,observed,observed,observed,observed,observed,observed,observed,observed,observed,observed,observed,observed,observed,observed,observed,observed,observed,0,0,0,0,0,0,0,0,0,0,0,0,0,0,0,0,0,0,"{""acceptable_zones"": [""zone_a""], ""age_max"": 49, ""age_min"": 35, ""conversations"": ""stories"", ""emotional_availability"": ""ready"", ""has_children"": true, ""lifestyle"": ""mixed"", ""partner_children"": ""any"", ""partner_smoking"": ""any"", ""relationship_goal"": ""exploring"", ""relationship_pace"": ""steady"", ""relationship_structure"": ""non_monogamous"", ""relocate"": ""yes"", ""schedule"": [""weekend_day""], ""smoking"": ""no"", ""space_for_relationship"": ""limited"", ""wants_children"": ""no"", ""who_to_meet"": [""woman""]}","{""acceptable_zones"": ""observed"", ""age_max"": ""observed"", ""age_min"": ""observed"", ""conversations"": ""observed"", ""emotional_availability"": ""observed"", ""has_children"": ""observed"", ""lifestyle"": ""observed"", ""partner_children"": ""observed"", ""partner_smoking"": ""observed"", ""relationship_goal"": ""observed"", ""relationship_pace"": ""observed"", ""relationship_structure"": ""observed"", ""relocate"": ""observed"", ""schedule"": ""observed"", ""smoking"": ""observed"", ""space_for_relationship"": ""observed"", ""wants_children"": ""observed"", ""who_to_meet"": ""observed""}","{""acceptable_zones"": 0, ""age_max"": 0, ""age_min"": 0, ""conversations"": 0, ""emotional_availability"": 0, ""has_children"": 0, ""lifestyle"": 0, ""partner_children"": 0, ""partner_smoking"": 0, ""relationship_goal"": 0, ""relationship_pace"": 0, ""relationship_structure"": 0, ""relocate"": 0, ""schedule"": 0, ""smoking"": 0, ""space_for_relationship"": 0, ""wants_children"": 0, ""who_to_meet"": 0}"
syn_cfd27ca6495326d0508ba804ba64f5ca,public_01,26,woman,zone_b,True,synthetic_questionnaire,True,0,"[""zone_b"", ""zone_d""]",32,20,practical,ready,False,quiet,no_children,any,long_term,slow,monogamous,yes,"[""weekday_evening"", ""weekend_day""]",no,ample,unsure,"[""non_binary"", ""woman""]",observed,observed,observed,observed,observed,observed,observed,observed,observed,observed,observed,observed,observed,observed,observed,observed,observed,observed,0,0,0,0,0,0,0,0,0,0,0,0,0,0,0,0,0,0,"{""acceptable_zones"": [""zone_b"", ""zone_d""], ""age_max"": 32, ""age_min"": 20, ""conversations"": ""practical"", ""emotional_availability"": ""ready"", ""has_children"": false, ""lifestyle"": ""quiet"", ""partner_children"": ""no_children"", ""partner_smoking"": ""any"", ""relationship_goal"": ""long_term"", ""relationship_pace"": ""slow"", ""relationship_structure"": ""monogamous"", ""relocate"": ""yes"", ""schedule"": [""weekday_evening"", ""weekend_day""], ""smoking"": ""no"", ""space_for_relationship"": ""ample"", ""wants_children"": ""unsure"", ""who_to_meet"": [""non_binary"", ""woman""]}","{""acceptable_zones"": ""observed"", ""age_max"": ""observed"", ""age_min"": ""observed"", ""conversations"": ""observed"", ""emotional_availability"": ""observed"", ""has_children"": ""observed"", ""lifestyle"": ""observed"", ""partner_children"": ""observed"", ""partner_smoking"": ""observed"", ""relationship_goal"": ""observed"", ""relationship_pace"": ""observed"", ""relationship_structure"": ""observed"", ""relocate"": ""observed"", ""schedule"": ""observed"", ""smoking"": ""observed"", ""space_for_relationship"": ""observed"", ""wants_children"": ""observed"", ""who_to_meet"": ""observed""}","{""acceptable_zones"": 0, ""age_max"": 0, ""age_min"": 0, ""conversations"": 0, ""emotional_availability"": 0, ""has_children"": 0, ""lifestyle"": 0, ""partner_children"": 0, ""partner_smoking"": 0, ""relationship_goal"": 0, ""relationship_pace"": 0, ""relationship_structure"": 0, ""relocate"": 0, ""schedule"": 0, ""smoking"": 0, ""space_for_relationship"": 0, ""wants_children"": 0, ""who_to_meet"": 0}"
syn_2c58ea5d2ea2e4555f06d987546aaf99,public_01,30,man,zone_a,True,synthetic_questionnaire,True,0,"[""zone_a""]",35,24,,,False,,no_children,any,,,monogamous,,"[""weekend_evening""]",occasionally,,yes,"[""woman""]",observed,observed,observed,declined,not_asked,observed,not_asked,observed,observed,not_asked,not_asked,observed,not_asked,observed,observed,not_asked,observed,observed,3,3,3,,,3,,3,3,,,3,,3,3,,3,3,"{""acceptable_zones"": [""zone_a""], ""age_max"": 35, ""age_min"": 24, ""conversations"": null, ""emotional_availability"": null, ""has_children"": false, ""lifestyle"": null, ""partner_children"": ""no_children"", ""partner_smoking"": ""any"", ""relationship_goal"": null, ""relationship_pace"": null, ""relationship_structure"": ""monogamous"", ""relocate"": null, ""schedule"": [""weekend_evening""], ""smoking"": ""occasionally"", ""space_for_relationship"": null, ""wants_children"": ""yes"", ""who_to_meet"": [""woman""]}","{""acceptable_zones"": ""observed"", ""age_max"": ""observed"", ""age_min"": ""observed"", ""conversations"": ""declined"", ""emotional_availability"": ""not_asked"", ""has_children"": ""observed"", ""lifestyle"": ""not_asked"", ""partner_children"": ""observed"", ""partner_smoking"": ""observed"", ""relationship_goal"": ""not_asked"", ""relationship_pace"": ""not_asked"", ""relationship_structure"": ""observed"", ""relocate"": ""not_asked"", ""schedule"": ""observed"", ""smoking"": ""observed"", ""space_for_relationship"": ""not_asked"", ""wants_children"": ""observed"", ""who_to_meet"": ""observed""}","{""acceptable_zones"": 3, ""age_max"": 3, ""age_min"": 3, ""conversations"": null, ""emotional_availability"": null, ""has_children"": 3, ""lifestyle"": null, ""partner_children"": 3, ""partner_smoking"": 3, ""relationship_goal"": null, ""relationship_pace"": null, ""relationship_structure"": 3, ""relocate"": null, ""schedule"": 3, ""smoking"": 3, ""space_for_relationship"": null, ""wants_children"": 3, ""who_to_meet"": 3}"
syn_3069ccc1a6f38d323719e2cbc6f59227,public_01,21,woman,zone_a,False,synthetic_questionnaire,True,0,"[""zone_a"", ""zone_c""]",30,18,,,False,,no_children,any,,,monogamous,,"[""weekend_evening"", ""weekend_day""]",no,,no,"[""man""]",observed,observed,observed,not_asked,not_asked,observed,not_asked,observed,observed,not_asked,not_asked,observed,declined,observed,observed,not_asked,observed,observed,4,4,4,,,4,,4,4,,,4,,4,4,,4,4,"{""acceptable_zones"": [""zone_a"", ""zone_c""], ""age_max"": 30, ""age_min"": 18, ""conversations"": null, ""emotional_availability"": null, ""has_children"": false, ""lifestyle"": null, ""partner_children"": ""no_children"", ""partner_smoking"": ""any"", ""relationship_goal"": null, ""relationship_pace"": null, ""relationship_structure"": ""monogamous"", ""relocate"": null, ""schedule"": [""weekend_evening"", ""weekend_day""], ""smoking"": ""no"", ""space_for_relationship"": null, ""wants_children"": ""no"", ""who_to_meet"": [""man""]}","{""acceptable_zones"": ""observed"", ""age_max"": ""observed"", ""age_min"": ""observed"", ""conversations"": ""not_asked"", ""emotional_availability"": ""not_asked"", ""has_children"": ""observed"", ""lifestyle"": ""not_asked"", ""partner_children"": ""observed"", ""partner_smoking"": ""observed"", ""relationship_goal"": ""not_asked"", ""relationship_pace"": ""not_asked"", ""relationship_structure"": ""observed"", ""relocate"": ""declined"", ""schedule"": ""observed"", ""smoking"": ""observed"", ""space_for_relationship"": ""not_asked"", ""wants_children"": ""observed"", ""who_to_meet"": ""observed""}","{""acceptable_zones"": 4, ""age_max"": 4, ""age_min"": 4, ""conversations"": null, ""emotional_availability"": null, ""has_children"": 4, ""lifestyle"": null, ""partner_children"": 4, ""partner_smoking"": 4, ""relationship_goal"": null, ""relationship_pace"": null, ""relationship_structure"": 4, ""relocate"": null, ""schedule"": 4, ""smoking"": 4, ""space_for_relationship"": null, ""wants_children"": 4, ""who_to_meet"": 4}"
syn_73bade12cb37db49977a98fa82bc3625,public_01,40,non_binary,zone_a,False,synthetic_questionnaire,True,0,"[""zone_a""]",44,33,practical,ready,False,quiet,any,any,exploring,slow,monogamous,yes,"[""weekend_day"", ""weekday_evening"", ""weekend_evening""]",no,limited,unsure,"[""man""]",observed,observed,observed,observed,observed,observed,observed,observed,observed,observed,observed,observed,observed,observed,observed,observed,observed,observed,0,0,0,0,0,0,0,0,0,0,0,0,0,0,0,0,0,0,"{""acceptable_zones"": [""zone_a""], ""age_max"": 44, ""age_min"": 33, ""conversations"": ""practical"", ""emotional_availability"": ""ready"", ""has_children"": false, ""lifestyle"": ""quiet"", ""partner_children"": ""any"", ""partner_smoking"": ""any"", ""relationship_goal"": ""exploring"", ""relationship_pace"": ""slow"", ""relationship_structure"": ""monogamous"", ""relocate"": ""yes"", ""schedule"": [""weekend_day"", ""weekday_evening"", ""weekend_evening""], ""smoking"": ""no"", ""space_for_relationship"": ""limited"", ""wants_children"": ""unsure"", ""who_to_meet"": [""man""]}","{""acceptable_zones"": ""observed"", ""age_max"": ""observed"", ""age_min"": ""observed"", ""conversations"": ""observed"", ""emotional_availability"": ""observed"", ""has_children"": ""observed"", ""lifestyle"": ""observed"", ""partner_children"": ""observed"", ""partner_smoking"": ""observed"", ""relationship_goal"": ""observed"", ""relationship_pace"": ""observed"", ""relationship_structure"": ""observed"", ""relocate"": ""observed"", ""schedule"": ""observed"", ""smoking"": ""observed"", ""space_for_relationship"": ""observed"", ""wants_children"": ""observed"", ""who_to_meet"": ""observed""}","{""acceptable_zones"": 0, ""age_max"": 0, ""age_min"": 0, ""conversations"": 0, ""emotional_availability"": 0, ""has_children"": 0, ""lifestyle"": 0, ""partner_children"": 0, ""partner_smoking"": 0, ""relationship_goal"": 0, ""relationship_pace"": 0, ""relationship_structure"": 0, ""relocate"": 0, ""schedule"": 0, ""smoking"": 0, ""space_for_relationship"": 0, ""wants_children"": 0, ""who_to_meet"": 0}"
syn_d44421359d1c535c36d4deb741791171,public_01,37,woman,zone_a,True,synthetic_questionnaire,True,0,,46,34,,,,,,,,,,,,,,,,not_asked,observed,observed,not_asked,not_asked,not_asked,not_asked,not_asked,not_asked,not_asked,not_asked,not_asked,not_asked,not_asked,not_asked,not_asked,declined,not_asked,,0,0,,,,,,,,,,,,,,,,"{""acceptable_zones"": null, ""age_max"": 46, ""age_min"": 34, ""conversations"": null, ""emotional_availability"": null, ""has_children"": null, ""lifestyle"": null, ""partner_children"": null, ""partner_smoking"": null, ""relationship_goal"": null, ""relationship_pace"": null, ""relationship_structure"": null, ""relocate"": null, ""schedule"": null, ""smoking"": null, ""space_for_relationship"": null, ""wants_children"": null, ""who_to_meet"": null}","{""acceptable_zones"": ""not_asked"", ""age_max"": ""observed"", ""age_min"": ""observed"", ""conversations"": ""not_asked"", ""emotional_availability"": ""not_asked"", ""has_children"": ""not_asked"", ""lifestyle"": ""not_asked"", ""partner_children"": ""not_asked"", ""partner_smoking"": ""not_asked"", ""relationship_goal"": ""not_asked"", ""relationship_pace"": ""not_asked"", ""relationship_structure"": ""not_asked"", ""relocate"": ""not_asked"", ""schedule"": ""not_asked"", ""smoking"": ""not_asked"", ""space_for_relationship"": ""not_asked"", ""wants_children"": ""declined"", ""who_to_meet"": ""not_asked""}","{""acceptable_zones"": null, ""age_max"": 0, ""age_min"": 0, ""conversations"": null, ""emotional_availability"": null, ""has_children"": null, ""lifestyle"": null, ""partner_children"": null, ""partner_smoking"": null, ""relationship_goal"": null, ""relationship_pace"": null, ""relationship_structure"": null, ""relocate"": null, ""schedule"": null, ""smoking"": null, ""space_for_relationship"": null, ""wants_children"": null, ""who_to_meet"": null}"
syn_a3b626359c69fc55234f47ffe22d5b67,public_01,35,woman,zone_a,True,synthetic_questionnaire,True,0,,,,,,False,,,,,,monogamous,,,,ample,,,not_asked,not_asked,not_asked,not_asked,not_asked,observed,not_asked,not_asked,not_asked,not_asked,not_asked,observed,not_asked,not_asked,not_asked,observed,declined,not_asked,,,,,,0,,,,,,0,,,,0,,,"{""acceptable_zones"": null, ""age_max"": null, ""age_min"": null, ""conversations"": null, ""emotional_availability"": null, ""has_children"": false, ""lifestyle"": null, ""partner_children"": null, ""partner_smoking"": null, ""relationship_goal"": null, ""relationship_pace"": null, ""relationship_structure"": ""monogamous"", ""relocate"": null, ""schedule"": null, ""smoking"": null, ""space_for_relationship"": ""ample"", ""wants_children"": null, ""who_to_meet"": null}","{""acceptable_zones"": ""not_asked"", ""age_max"": ""not_asked"", ""age_min"": ""not_asked"", ""conversations"": ""not_asked"", ""emotional_availability"": ""not_asked"", ""has_children"": ""observed"", ""lifestyle"": ""not_asked"", ""partner_children"": ""not_asked"", ""partner_smoking"": ""not_asked"", ""relationship_goal"": ""not_asked"", ""relationship_pace"": ""not_asked"", ""relationship_structure"": ""observed"", ""relocate"": ""not_asked"", ""schedule"": ""not_asked"", ""smoking"": ""not_asked"", ""space_for_relationship"": ""observed"", ""wants_children"": ""declined"", ""who_to_meet"": ""not_asked""}","{""acceptable_zones"": null, ""age_max"": null, ""age_min"": null, ""conversations"": null, ""emotional_availability"": null, ""has_children"": 0, ""lifestyle"": null, ""partner_children"": null, ""partner_smoking"": null, ""relationship_goal"": null, ""relationship_pace"": null, ""relationship_structure"": 0, ""relocate"": null, ""schedule"": null, ""smoking"": null, ""space_for_relationship"": 0, ""wants_children"": null, ""who_to_meet"": null}"
syn_2cb5d144832cd66b91adb378e774cb37,public_01,41,woman,zone_a,True,synthetic_questionnaire,True,0,"[""zone_a""]",51,37,,,False,,any,no_smoking,,,monogamous,no,"[""weekend_evening"", ""weekend_day""]",no,moderate,no,"[""woman""]",observed,observed,observed,not_asked,not_asked,observed,not_asked,observed,observed,not_asked,not_asked,observed,observed,observed,observed,observed,observed,observed,4,4,4,,,4,,4,4,,,4,0,4,4,0,4,4,"{""acceptable_zones"": [""zone_a""], ""age_max"": 51, ""age_min"": 37, ""conversations"": null, ""emotional_availability"": null, ""has_children"": false, ""lifestyle"": null, ""partner_children"": ""any"", ""partner_smoking"": ""no_smoking"", ""relationship_goal"": null, ""relationship_pace"": null, ""relationship_structure"": ""monogamous"", ""relocate"": ""no"", ""schedule"": [""weekend_evening"", ""weekend_day""], ""smoking"": ""no"", ""space_for_relationship"": ""moderate"", ""wants_children"": ""no"", ""who_to_meet"": [""woman""]}","{""acceptable_zones"": ""observed"", ""age_max"": ""observed"", ""age_min"": ""observed"", ""conversations"": ""not_asked"", ""emotional_availability"": ""not_asked"", ""has_children"": ""observed"", ""lifestyle"": ""not_asked"", ""partner_children"": ""observed"", ""partner_smoking"": ""observed"", ""relationship_goal"": ""not_asked"", ""relationship_pace"": ""not_asked"", ""relationship_structure"": ""observed"", ""relocate"": ""observed"", ""schedule"": ""observed"", ""smoking"": ""observed"", ""space_for_relationship"": ""observed"", ""wants_children"": ""observed"", ""who_to_meet"": ""observed""}","{""acceptable_zones"": 4, ""age_max"": 4, ""age_min"": 4, ""conversations"": null, ""emotional_availability"": null, ""has_children"": 4, ""lifestyle"": null, ""partner_children"": 4, ""partner_smoking"": 4, ""relationship_goal"": null, ""relationship_pace"": null, ""relationship_structure"": 4, ""relocate"": 0, ""schedule"": 4, ""smoking"": 4, ""space_for_relationship"": 0, ""wants_children"": 4, ""who_to_meet"": 4}"
syn_8c175ea6644f49872b41ca89274a2a5d,public_01,41,woman,zone_c,True,synthetic_questionnaire,True,18,,,,,,,quiet,,,,,,,,,,,,declined,not_asked,not_asked,not_asked,not_asked,not_asked,observed,not_asked,not_asked,not_asked,declined,not_asked,not_asked,not_asked,not_asked,not_asked,not_asked,not_asked,,,,,,,18,,,,,,,,,,,,"{""acceptable_zones"": null, ""age_max"": null, ""age_min"": null, ""conversations"": null, ""emotional_availability"": null, ""has_children"": null, ""lifestyle"": ""quiet"", ""partner_children"": null, ""partner_smoking"": null, ""relationship_goal"": null, ""relationship_pace"": null, ""relationship_structure"": null, ""relocate"": null, ""schedule"": null, ""smoking"": null, ""space_for_relationship"": null, ""wants_children"": null, ""who_to_meet"": null}","{""acceptable_zones"": ""declined"", ""age_max"": ""not_asked"", ""age_min"": ""not_asked"", ""conversations"": ""not_asked"", ""emotional_availability"": ""not_asked"", ""has_children"": ""not_asked"", ""lifestyle"": ""observed"", ""partner_children"": ""not_asked"", ""partner_smoking"": ""not_asked"", ""relationship_goal"": ""not_asked"", ""relationship_pace"": ""declined"", ""relationship_structure"": ""not_asked"", ""relocate"": ""not_asked"", ""schedule"": ""not_asked"", ""smoking"": ""not_asked"", ""space_for_relationship"": ""not_asked"", ""wants_children"": ""not_asked"", ""who_to_meet"": ""not_asked""}","{""acceptable_zones"": null, ""age_max"": null, ""age_min"": null, ""conversations"": null, ""emotional_availability"": null, ""has_children"": null, ""lifestyle"": 18, ""partner_children"": null, ""partner_smoking"": null, ""relationship_goal"": null, ""relationship_pace"": null, ""relationship_structure"": null, ""relocate"": null, ""schedule"": null, ""smoking"": null, ""space_for_relationship"": null, ""wants_children"": null, ""who_to_meet"": null}"
syn_b58d24ddaf51457b786a41898cbb20f2,public_01,45,man,zone_b,False,synthetic_questionnaire,True,0,,48,,,,,,,,,,,,,,,,,not_asked,observed,not_asked,declined,not_asked,not_asked,not_asked,not_asked,not_asked,declined,not_asked,not_asked,not_asked,declined,not_asked,not_asked,not_asked,not_asked,,0,,,,,,,,,,,,,,,,,"{""acceptable_zones"": null, ""age_max"": 48, ""age_min"": null, ""conversations"": null, ""emotional_availability"": null, ""has_children"": null, ""lifestyle"": null, ""partner_children"": null, ""partner_smoking"": null, ""relationship_goal"": null, ""relationship_pace"": null, ""relationship_structure"": null, ""relocate"": null, ""schedule"": null, ""smoking"": null, ""space_for_relationship"": null, ""wants_children"": null, ""who_to_meet"": null}","{""acceptable_zones"": ""not_asked"", ""age_max"": ""observed"", ""age_min"": ""not_asked"", ""conversations"": ""declined"", ""emotional_availability"": ""not_asked"", ""has_children"": ""not_asked"", ""lifestyle"": ""not_asked"", ""partner_children"": ""not_asked"", ""partner_smoking"": ""not_asked"", ""relationship_goal"": ""declined"", ""relationship_pace"": ""not_asked"", ""relationship_structure"": ""not_asked"", ""relocate"": ""not_asked"", ""schedule"": ""declined"", ""smoking"": ""not_asked"", ""space_for_relationship"": ""not_asked"", ""wants_children"": ""not_asked"", ""who_to_meet"": ""not_asked""}","{""acceptable_zones"": null, ""age_max"": 0, ""age_min"": null, ""conversations"": null, ""emotional_availability"": null, ""has_children"": null, ""lifestyle"": null, ""partner_children"": null, ""partner_smoking"": null, ""relationship_goal"": null, ""relationship_pace"": null, ""relationship_structure"": null, ""relocate"": null, ""schedule"": null, ""smoking"": null, ""space_for_relationship"": null, ""wants_children"": null, ""who_to_meet"": null}"
syn_b01027c8f7965a962643e4d30ba05a8a,public_01,46,woman,zone_b,True,synthetic_questionnaire,True,17,,,,,,,,,,,,,,,,limited,,,declined,not_asked,not_asked,not_asked,not_asked,not_asked,not_asked,not_asked,not_asked,not_asked,not_asked,not_asked,not_asked,not_asked,not_asked,observed,not_asked,not_asked,,,,,,,,,,,,,,,,17,,,"{""acceptable_zones"": null, ""age_max"": null, ""age_min"": null, ""conversations"": null, ""emotional_availability"": null, ""has_children"": null, ""lifestyle"": null, ""partner_children"": null, ""partner_smoking"": null, ""relationship_goal"": null, ""relationship_pace"": null, ""relationship_structure"": null, ""relocate"": null, ""schedule"": null, ""smoking"": null, ""space_for_relationship"": ""limited"", ""wants_children"": null, ""who_to_meet"": null}","{""acceptable_zones"": ""declined"", ""age_max"": ""not_asked"", ""age_min"": ""not_asked"", ""conversations"": ""not_asked"", ""emotional_availability"": ""not_asked"", ""has_children"": ""not_asked"", ""lifestyle"": ""not_asked"", ""partner_children"": ""not_asked"", ""partner_smoking"": ""not_asked"", ""relationship_goal"": ""not_asked"", ""relationship_pace"": ""not_asked"", ""relationship_structure"": ""not_asked"", ""relocate"": ""not_asked"", ""schedule"": ""not_asked"", ""smoking"": ""not_asked"", ""space_for_relationship"": ""observed"", ""wants_children"": ""not_asked"", ""who_to_meet"": ""not_asked""}","{""acceptable_zones"": null, ""age_max"": null, ""age_min"": null, ""conversations"": null, ""emotional_availability"": null, ""has_children"": null, ""lifestyle"": null, ""partner_children"": null, ""partner_smoking"": null, ""relationship_goal"": null, ""relationship_pace"": null, ""relationship_structure"": null, ""relocate"": null, ""schedule"": null, ""smoking"": null, ""space_for_relationship"": 17, ""wants_children"": null, ""who_to_meet"": null}"
syn_a6adc26a0d8e4c89a9a8b83ef736ddca,public_01,24,woman,zone_c,True,synthetic_questionnaire,True,0,"[""zone_c""]",29,18,,,False,,any,any,,,non_monogamous,,"[""weekend_day""]",no,,no,"[""non_binary""]",observed,observed,observed,not_asked,not_asked,observed,not_asked,observed,observed,not_asked,not_asked,observed,not_asked,observed,observed,not_asked,observed,observed,4,4,4,,,4,,4,4,,,4,,4,4,,4,4,"{""acceptable_zones"": [""zone_c""], ""age_max"": 29, ""age_min"": 18, ""conversations"": null, ""emotional_availability"": null, ""has_children"": false, ""lifestyle"": null, ""partner_children"": ""any"", ""partner_smoking"": ""any"", ""relationship_goal"": null, ""relationship_pace"": null, ""relationship_structure"": ""non_monogamous"", ""relocate"": null, ""schedule"": [""weekend_day""], ""smoking"": ""no"", ""space_for_relationship"": null, ""wants_children"": ""no"", ""who_to_meet"": [""non_binary""]}","{""acceptable_zones"": ""observed"", ""age_max"": ""observed"", ""age_min"": ""observed"", ""conversations"": ""not_asked"", ""emotional_availability"": ""not_asked"", ""has_children"": ""observed"", ""lifestyle"": ""not_asked"", ""partner_children"": ""observed"", ""partner_smoking"": ""observed"", ""relationship_goal"": ""not_asked"", ""relationship_pace"": ""not_asked"", ""relationship_structure"": ""observed"", ""relocate"": ""not_asked"", ""schedule"": ""observed"", ""smoking"": ""observed"", ""space_for_relationship"": ""not_asked"", ""wants_children"": ""observed"", ""who_to_meet"": ""observed""}","{""acceptable_zones"": 4, ""age_max"": 4, ""age_min"": 4, ""conversations"": null, ""emotional_availability"": null, ""has_children"": 4, ""lifestyle"": null, ""partner_children"": 4, ""partner_smoking"": 4, ""relationship_goal"": null, ""relationship_pace"": null, ""relationship_structure"": 4, ""relocate"": null, ""schedule"": 4, ""smoking"": 4, ""space_for_relationship"": null, ""wants_children"": 4, ""who_to_meet"": 4}"
syn_20f522f1e3a7a003f116f3de574666ce,public_01,42,man,zone_c,True,synthetic_questionnaire,True,0,"[""zone_c""]",47,35,practical,taking_time,False,quiet,any,any,exploring,quick,non_monogamous,unsure,"[""weekday_evening""]",yes,limited,yes,"[""non_binary"", ""man"", ""woman""]",observed,observed,observed,observed,observed,observed,observed,observed,observed,observed,observed,observed,observed,observed,observed,observed,observed,observed,0,0,0,0,0,0,0,0,0,0,0,0,0,0,0,0,0,0,"{""acceptable_zones"": [""zone_c""], ""age_max"": 47, ""age_min"": 35, ""conversations"": ""practical"", ""emotional_availability"": ""taking_time"", ""has_children"": false, ""lifestyle"": ""quiet"", ""partner_children"": ""any"", ""partner_smoking"": ""any"", ""relationship_goal"": ""exploring"", ""relationship_pace"": ""quick"", ""relationship_structure"": ""non_monogamous"", ""relocate"": ""unsure"", ""schedule"": [""weekday_evening""], ""smoking"": ""yes"", ""space_for_relationship"": ""limited"", ""wants_children"": ""yes"", ""who_to_meet"": [""non_binary"", ""man"", ""woman""]}","{""acceptable_zones"": ""observed"", ""age_max"": ""observed"", ""age_min"": ""observed"", ""conversations"": ""observed"", ""emotional_availability"": ""observed"", ""has_children"": ""observed"", ""lifestyle"": ""observed"", ""partner_children"": ""observed"", ""partner_smoking"": ""observed"", ""relationship_goal"": ""observed"", ""relationship_pace"": ""observed"", ""relationship_structure"": ""observed"", ""relocate"": ""observed"", ""schedule"": ""observed"", ""smoking"": ""observed"", ""space_for_relationship"": ""observed"", ""wants_children"": ""observed"", ""who_to_meet"": ""observed""}","{""acceptable_zones"": 0, ""age_max"": 0, ""age_min"": 0, ""conversations"": 0, ""emotional_availability"": 0, ""has_children"": 0, ""lifestyle"": 0, ""partner_children"": 0, ""partner_smoking"": 0, ""relationship_goal"": 0, ""relationship_pace"": 0, ""relationship_structure"": 0, ""relocate"": 0, ""schedule"": 0, ""smoking"": 0, ""space_for_relationship"": 0, ""wants_children"": 0, ""who_to_meet"": 0}"
syn_686f542b8a5e1355485e9675bec78f25,public_01,28,woman,zone_d,True,synthetic_questionnaire,True,0,"[""zone_d""]",35,25,playful,taking_time,False,social,no_children,any,long_term,quick,monogamous,yes,"[""weekday_evening"", ""weekend_day"", ""weekend_evening""]",no,limited,no,"[""man"", ""non_binary"", ""woman""]",observed,observed,observed,observed,observed,observed,observed,observed,observed,observed,observed,observed,observed,observed,observed,observed,observed,observed,0,0,0,0,0,0,0,0,0,0,0,0,0,0,0,0,0,0,"{""acceptable_zones"": [""zone_d""], ""age_max"": 35, ""age_min"": 25, ""conversations"": ""playful"", ""emotional_availability"": ""taking_time"", ""has_children"": false, ""lifestyle"": ""social"", ""partner_children"": ""no_children"", ""partner_smoking"": ""any"", ""relationship_goal"": ""long_term"", ""relationship_pace"": ""quick"", ""relationship_structure"": ""monogamous"", ""relocate"": ""yes"", ""schedule"": [""weekday_evening"", ""weekend_day"", ""weekend_evening""], ""smoking"": ""no"", ""space_for_relationship"": ""limited"", ""wants_children"": ""no"", ""who_to_meet"": [""man"", ""non_binary"", ""woman""]}","{""acceptable_zones"": ""observed"", ""age_max"": ""observed"", ""age_min"": ""observed"", ""conversations"": ""observed"", ""emotional_availability"": ""observed"", ""has_children"": ""observed"", ""lifestyle"": ""observed"", ""partner_children"": ""observed"", ""partner_smoking"": ""observed"", ""relationship_goal"": ""observed"", ""relationship_pace"": ""observed"", ""relationship_structure"": ""observed"", ""relocate"": ""observed"", ""schedule"": ""observed"", ""smoking"": ""observed"", ""space_for_relationship"": ""observed"", ""wants_children"": ""observed"", ""who_to_meet"": ""observed""}","{""acceptable_zones"": 0, ""age_max"": 0, ""age_min"": 0, ""conversations"": 0, ""emotional_availability"": 0, ""has_children"": 0, ""lifestyle"": 0, ""partner_children"": 0, ""partner_smoking"": 0, ""relationship_goal"": 0, ""relationship_pace"": 0, ""relationship_structure"": 0, ""relocate"": 0, ""schedule"": 0, ""smoking"": 0, ""space_for_relationship"": 0, ""wants_children"": 0, ""who_to_meet"": 0}"
syn_2bd46e57965d493d092b84f091314f63,public_01,38,man,zone_a,True,synthetic_questionnaire,True,0,,,,,,,,,,,,,,,no,,,,not_asked,not_asked,not_asked,not_asked,not_asked,not_asked,not_asked,not_asked,not_asked,not_asked,not_asked,not_asked,not_asked,not_asked,observed,not_asked,declined,not_asked,,,,,,,,,,,,,,,0,,,,"{""acceptable_zones"": null, ""age_max"": null, ""age_min"": null, ""conversations"": null, ""emotional_availability"": null, ""has_children"": null, ""lifestyle"": null, ""partner_children"": null, ""partner_smoking"": null, ""relationship_goal"": null, ""relationship_pace"": null, ""relationship_structure"": null, ""relocate"": null, ""schedule"": null, ""smoking"": ""no"", ""space_for_relationship"": null, ""wants_children"": null, ""who_to_meet"": null}","{""acceptable_zones"": ""not_asked"", ""age_max"": ""not_asked"", ""age_min"": ""not_asked"", ""conversations"": ""not_asked"", ""emotional_availability"": ""not_asked"", ""has_children"": ""not_asked"", ""lifestyle"": ""not_asked"", ""partner_children"": ""not_asked"", ""partner_smoking"": ""not_asked"", ""relationship_goal"": ""not_asked"", ""relationship_pace"": ""not_asked"", ""relationship_structure"": ""not_asked"", ""relocate"": ""not_asked"", ""schedule"": ""not_asked"", ""smoking"": ""observed"", ""space_for_relationship"": ""not_asked"", ""wants_children"": ""declined"", ""who_to_meet"": ""not_asked""}","{""acceptable_zones"": null, ""age_max"": null, ""age_min"": null, ""conversations"": null, ""emotional_availability"": null, ""has_children"": null, ""lifestyle"": null, ""partner_children"": null, ""partner_smoking"": null, ""relationship_goal"": null, ""relationship_pace"": null, ""relationship_structure"": null, ""relocate"": null, ""schedule"": null, ""smoking"": 0, ""space_for_relationship"": null, ""wants_children"": null, ""who_to_meet"": null}"
syn_ff08099ce3f31cccc83bab0bdfe3f334,public_01,36,woman,zone_b,False,synthetic_questionnaire,True,0,"[""zone_b""]",44,27,playful,ready,False,mixed,any,any,exploring,quick,monogamous,no,"[""weekend_day"", ""weekday_evening""]",no,ample,unsure,"[""woman""]",observed,observed,observed,observed,observed,observed,observed,observed,observed,observed,observed,observed,observed,observed,observed,observed,observed,observed,0,0,0,0,0,0,0,0,0,0,0,0,0,0,0,0,0,0,"{""acceptable_zones"": [""zone_b""], ""age_max"": 44, ""age_min"": 27, ""conversations"": ""playful"", ""emotional_availability"": ""ready"", ""has_children"": false, ""lifestyle"": ""mixed"", ""partner_children"": ""any"", ""partner_smoking"": ""any"", ""relationship_goal"": ""exploring"", ""relationship_pace"": ""quick"", ""relationship_structure"": ""monogamous"", ""relocate"": ""no"", ""schedule"": [""weekend_day"", ""weekday_evening""], ""smoking"": ""no"", ""space_for_relationship"": ""ample"", ""wants_children"": ""unsure"", ""who_to_meet"": [""woman""]}","{""acceptable_zones"": ""observed"", ""age_max"": ""observed"", ""age_min"": ""observed"", ""conversations"": ""observed"", ""emotional_availability"": ""observed"", ""has_children"": ""observed"", ""lifestyle"": ""observed"", ""partner_children"": ""observed"", ""partner_smoking"": ""observed"", ""relationship_goal"": ""observed"", ""relationship_pace"": ""observed"", ""relationship_structure"": ""observed"", ""relocate"": ""observed"", ""schedule"": ""observed"", ""smoking"": ""observed"", ""space_for_relationship"": ""observed"", ""wants_children"": ""observed"", ""who_to_meet"": ""observed""}","{""acceptable_zones"": 0, ""age_max"": 0, ""age_min"": 0, ""conversations"": 0, ""emotional_availability"": 0, ""has_children"": 0, ""lifestyle"": 0, ""partner_children"": 0, ""partner_smoking"": 0, ""relationship_goal"": 0, ""relationship_pace"": 0, ""relationship_structure"": 0, ""relocate"": 0, ""schedule"": 0, ""smoking"": 0, ""space_for_relationship"": 0, ""wants_children"": 0, ""who_to_meet"": 0}"
syn_d424b3730c44c0f783cae21891d709f2,public_01,44,non_binary,zone_c,True,synthetic_questionnaire,True,14,,,,,,False,,any,no_smoking,,quick,,,,,,,,not_asked,not_asked,not_asked,not_asked,not_asked,observed,not_asked,observed,observed,not_asked,observed,not_asked,declined,declined,not_asked,not_asked,not_asked,not_asked,,,,,,14,,14,14,,14,,,,,,,,"{""acceptable_zones"": null, ""age_max"": null, ""age_min"": null, ""conversations"": null, ""emotional_availability"": null, ""has_children"": false, ""lifestyle"": null, ""partner_children"": ""any"", ""partner_smoking"": ""no_smoking"", ""relationship_goal"": null, ""relationship_pace"": ""quick"", ""relationship_structure"": null, ""relocate"": null, ""schedule"": null, ""smoking"": null, ""space_for_relationship"": null, ""wants_children"": null, ""who_to_meet"": null}","{""acceptable_zones"": ""not_asked"", ""age_max"": ""not_asked"", ""age_min"": ""not_asked"", ""conversations"": ""not_asked"", ""emotional_availability"": ""not_asked"", ""has_children"": ""observed"", ""lifestyle"": ""not_asked"", ""partner_children"": ""observed"", ""partner_smoking"": ""observed"", ""relationship_goal"": ""not_asked"", ""relationship_pace"": ""observed"", ""relationship_structure"": ""not_asked"", ""relocate"": ""declined"", ""schedule"": ""declined"", ""smoking"": ""not_asked"", ""space_for_relationship"": ""not_asked"", ""wants_children"": ""not_asked"", ""who_to_meet"": ""not_asked""}","{""acceptable_zones"": null, ""age_max"": null, ""age_min"": null, ""conversations"": null, ""emotional_availability"": null, ""has_children"": 14, ""lifestyle"": null, ""partner_children"": 14, ""partner_smoking"": 14, ""relationship_goal"": null, ""relationship_pace"": 14, ""relationship_structure"": null, ""relocate"": null, ""schedule"": null, ""smoking"": null, ""space_for_relationship"": null, ""wants_children"": null, ""who_to_meet"": null}"
syn_41c413cc05ebffa5a48edf51e8b5f41c,public_01,46,man,zone_a,False,synthetic_questionnaire,True,0,"[""zone_a"", ""zone_c""]",56,37,stories,,False,,any,any,,,monogamous,,"[""weekday_evening"", ""weekend_day"", ""weekend_evening""]",no,,unsure,"[""woman""]",observed,observed,observed,observed,not_asked,observed,not_asked,observed,observed,declined,not_asked,observed,not_asked,observed,observed,not_asked,observed,observed,4,4,4,0,,4,,4,4,,,4,,4,4,,4,4,"{""acceptable_zones"": [""zone_a"", ""zone_c""], ""age_max"": 56, ""age_min"": 37, ""conversations"": ""stories"", ""emotional_availability"": null, ""has_children"": false, ""lifestyle"": null, ""partner_children"": ""any"", ""partner_smoking"": ""any"", ""relationship_goal"": null, ""relationship_pace"": null, ""relationship_structure"": ""monogamous"", ""relocate"": null, ""schedule"": [""weekday_evening"", ""weekend_day"", ""weekend_evening""], ""smoking"": ""no"", ""space_for_relationship"": null, ""wants_children"": ""unsure"", ""who_to_meet"": [""woman""]}","{""acceptable_zones"": ""observed"", ""age_max"": ""observed"", ""age_min"": ""observed"", ""conversations"": ""observed"", ""emotional_availability"": ""not_asked"", ""has_children"": ""observed"", ""lifestyle"": ""not_asked"", ""partner_children"": ""observed"", ""partner_smoking"": ""observed"", ""relationship_goal"": ""declined"", ""relationship_pace"": ""not_asked"", ""relationship_structure"": ""observed"", ""relocate"": ""not_asked"", ""schedule"": ""observed"", ""smoking"": ""observed"", ""space_for_relationship"": ""not_asked"", ""wants_children"": ""observed"", ""who_to_meet"": ""observed""}","{""acceptable_zones"": 4, ""age_max"": 4, ""age_min"": 4, ""conversations"": 0, ""emotional_availability"": null, ""has_children"": 4, ""lifestyle"": null, ""partner_children"": 4, ""partner_smoking"": 4, ""relationship_goal"": null, ""relationship_pace"": null, ""relationship_structure"": 4, ""relocate"": null, ""schedule"": 4, ""smoking"": 4, ""space_for_relationship"": null, ""wants_children"": 4, ""who_to_meet"": 4}"
syn_9b8c0c3cc7a2dc44f3c6da30185d8865,public_01,21,woman,zone_d,True,synthetic_questionnaire,True,20,"[""zone_d""]",30,18,ideas,taking_time,True,social,no_children,no_smoking,long_term,slow,monogamous,yes,"[""weekday_evening""]",occasionally,limited,no,"[""woman""]",observed,observed,observed,observed,observed,observed,observed,observed,observed,observed,observed,observed,observed,observed,observed,observed,observed,observed,20,20,20,20,20,20,20,20,20,20,20,20,20,20,20,20,20,20,"{""acceptable_zones"": [""zone_d""], ""age_max"": 30, ""age_min"": 18, ""conversations"": ""ideas"", ""emotional_availability"": ""taking_time"", ""has_children"": true, ""lifestyle"": ""social"", ""partner_children"": ""no_children"", ""partner_smoking"": ""no_smoking"", ""relationship_goal"": ""long_term"", ""relationship_pace"": ""slow"", ""relationship_structure"": ""monogamous"", ""relocate"": ""yes"", ""schedule"": [""weekday_evening""], ""smoking"": ""occasionally"", ""space_for_relationship"": ""limited"", ""wants_children"": ""no"", ""who_to_meet"": [""woman""]}","{""acceptable_zones"": ""observed"", ""age_max"": ""observed"", ""age_min"": ""observed"", ""conversations"": ""observed"", ""emotional_availability"": ""observed"", ""has_children"": ""observed"", ""lifestyle"": ""observed"", ""partner_children"": ""observed"", ""partner_smoking"": ""observed"", ""relationship_goal"": ""observed"", ""relationship_pace"": ""observed"", ""relationship_structure"": ""observed"", ""relocate"": ""observed"", ""schedule"": ""observed"", ""smoking"": ""observed"", ""space_for_relationship"": ""observed"", ""wants_children"": ""observed"", ""who_to_meet"": ""observed""}","{""acceptable_zones"": 20, ""age_max"": 20, ""age_min"": 20, ""conversations"": 20, ""emotional_availability"": 20, ""has_children"": 20, ""lifestyle"": 20, ""partner_children"": 20, ""partner_smoking"": 20, ""relationship_goal"": 20, ""relationship_pace"": 20, ""relationship_structure"": 20, ""relocate"": 20, ""schedule"": 20, ""smoking"": 20, ""space_for_relationship"": 20, ""wants_children"": 20, ""who_to_meet"": 20}"
syn_f4b355d8cbf781a516a9128b415a2e68,public_01,42,man,zone_a,True,synthetic_questionnaire,True,7,,,36,,,,,,,,,,,,no,,,"[""non_binary""]",not_asked,not_asked,observed,not_asked,not_asked,not_asked,not_asked,declined,not_asked,not_asked,not_asked,not_asked,not_asked,not_asked,observed,not_asked,not_asked,observed,,,7,,,,,,,,,,,,7,,,7,"{""acceptable_zones"": null, ""age_max"": null, ""age_min"": 36, ""conversations"": null, ""emotional_availability"": null, ""has_children"": null, ""lifestyle"": null, ""partner_children"": null, ""partner_smoking"": null, ""relationship_goal"": null, ""relationship_pace"": null, ""relationship_structure"": null, ""relocate"": null, ""schedule"": null, ""smoking"": ""no"", ""space_for_relationship"": null, ""wants_children"": null, ""who_to_meet"": [""non_binary""]}","{""acceptable_zones"": ""not_asked"", ""age_max"": ""not_asked"", ""age_min"": ""observed"", ""conversations"": ""not_asked"", ""emotional_availability"": ""not_asked"", ""has_children"": ""not_asked"", ""lifestyle"": ""not_asked"", ""partner_children"": ""declined"", ""partner_smoking"": ""not_asked"", ""relationship_goal"": ""not_asked"", ""relationship_pace"": ""not_asked"", ""relationship_structure"": ""not_asked"", ""relocate"": ""not_asked"", ""schedule"": ""not_asked"", ""smoking"": ""observed"", ""space_for_relationship"": ""not_asked"", ""wants_children"": ""not_asked"", ""who_to_meet"": ""observed""}","{""acceptable_zones"": null, ""age_max"": null, ""age_min"": 7, ""conversations"": null, ""emotional_availability"": null, ""has_children"": null, ""lifestyle"": null, ""partner_children"": null, ""partner_smoking"": null, ""relationship_goal"": null, ""relationship_pace"": null, ""relationship_structure"": null, ""relocate"": null, ""schedule"": null, ""smoking"": 7, ""space_for_relationship"": null, ""wants_children"": null, ""who_to_meet"": 7}"
syn_55f5be77b53c2ba09e4b6e525c1db2e4,public_01,30,man,zone_a,True,synthetic_questionnaire,True,9,"[""zone_a"", ""zone_b""]",35,27,playful,ready,False,social,any,any,exploring,steady,monogamous,yes,"[""weekday_evening"", ""weekend_day""]",no,moderate,no,"[""man""]",observed,observed,observed,observed,observed,observed,observed,observed,observed,observed,observed,observed,observed,observed,observed,observed,observed,observed,9,9,9,9,9,9,9,9,9,9,9,9,9,9,9,9,9,9,"{""acceptable_zones"": [""zone_a"", ""zone_b""], ""age_max"": 35, ""age_min"": 27, ""conversations"": ""playful"", ""emotional_availability"": ""ready"", ""has_children"": false, ""lifestyle"": ""social"", ""partner_children"": ""any"", ""partner_smoking"": ""any"", ""relationship_goal"": ""exploring"", ""relationship_pace"": ""steady"", ""relationship_structure"": ""monogamous"", ""relocate"": ""yes"", ""schedule"": [""weekday_evening"", ""weekend_day""], ""smoking"": ""no"", ""space_for_relationship"": ""moderate"", ""wants_children"": ""no"", ""who_to_meet"": [""man""]}","{""acceptable_zones"": ""observed"", ""age_max"": ""observed"", ""age_min"": ""observed"", ""conversations"": ""observed"", ""emotional_availability"": ""observed"", ""has_children"": ""observed"", ""lifestyle"": ""observed"", ""partner_children"": ""observed"", ""partner_smoking"": ""observed"", ""relationship_goal"": ""observed"", ""relationship_pace"": ""observed"", ""relationship_structure"": ""observed"", ""relocate"": ""observed"", ""schedule"": ""observed"", ""smoking"": ""observed"", ""space_for_relationship"": ""observed"", ""wants_children"": ""observed"", ""who_to_meet"": ""observed""}","{""acceptable_zones"": 9, ""age_max"": 9, ""age_min"": 9, ""conversations"": 9, ""emotional_availability"": 9, ""has_children"": 9, ""lifestyle"": 9, ""partner_children"": 9, ""partner_smoking"": 9, ""relationship_goal"": 9, ""relationship_pace"": 9, ""relationship_structure"": 9, ""relocate"": 9, ""schedule"": 9, ""smoking"": 9, ""space_for_relationship"": 9, ""wants_children"": 9, ""who_to_meet"": 9}"
syn_f5e72d8c8f7c7d69b6989e91b70a6d2e,public_01,25,non_binary,zone_b,True,synthetic_questionnaire,True,1,,,,,,,,,,,,monogamous,,,,,,,not_asked,not_asked,not_asked,not_asked,not_asked,not_asked,not_asked,not_asked,not_asked,not_asked,not_asked,observed,not_asked,not_asked,declined,not_asked,not_asked,not_asked,,,,,,,,,,,,1,,,,,,,"{""acceptable_zones"": null, ""age_max"": null, ""age_min"": null, ""conversations"": null, ""emotional_availability"": null, ""has_children"": null, ""lifestyle"": null, ""partner_children"": null, ""partner_smoking"": null, ""relationship_goal"": null, ""relationship_pace"": null, ""relationship_structure"": ""monogamous"", ""relocate"": null, ""schedule"": null, ""smoking"": null, ""space_for_relationship"": null, ""wants_children"": null, ""who_to_meet"": null}","{""acceptable_zones"": ""not_asked"", ""age_max"": ""not_asked"", ""age_min"": ""not_asked"", ""conversations"": ""not_asked"", ""emotional_availability"": ""not_asked"", ""has_children"": ""not_asked"", ""lifestyle"": ""not_asked"", ""partner_children"": ""not_asked"", ""partner_smoking"": ""not_asked"", ""relationship_goal"": ""not_asked"", ""relationship_pace"": ""not_asked"", ""relationship_structure"": ""observed"", ""relocate"": ""not_asked"", ""schedule"": ""not_asked"", ""smoking"": ""declined"", ""space_for_relationship"": ""not_asked"", ""wants_children"": ""not_asked"", ""who_to_meet"": ""not_asked""}","{""acceptable_zones"": null, ""age_max"": null, ""age_min"": null, ""conversations"": null, ""emotional_availability"": null, ""has_children"": null, ""lifestyle"": null, ""partner_children"": null, ""partner_smoking"": null, ""relationship_goal"": null, ""relationship_pace"": null, ""relationship_structure"": 1, ""relocate"": null, ""schedule"": null, ""smoking"": null, ""space_for_relationship"": null, ""wants_children"": null, ""who_to_meet"": null}"
syn_382d179a81216a999064306113e8d5ce,public_01,34,woman,zone_a,False,synthetic_questionnaire,True,0,"[""zone_a""]",44,26,,,False,,any,no_smoking,,,monogamous,,"[""weekday_evening"", ""weekend_evening""]",no,,yes,"[""man""]",observed,observed,observed,not_asked,not_asked,observed,not_asked,observed,observed,not_asked,not_asked,observed,not_asked,observed,observed,not_asked,observed,observed,5,5,5,,,5,,5,5,,,5,,5,5,,5,5,"{""acceptable_zones"": [""zone_a""], ""age_max"": 44, ""age_min"": 26, ""conversations"": null, ""emotional_availability"": null, ""has_children"": false, ""lifestyle"": null, ""partner_children"": ""any"", ""partner_smoking"": ""no_smoking"", ""relationship_goal"": null, ""relationship_pace"": null, ""relationship_structure"": ""monogamous"", ""relocate"": null, ""schedule"": [""weekday_evening"", ""weekend_evening""], ""smoking"": ""no"", ""space_for_relationship"": null, ""wants_children"": ""yes"", ""who_to_meet"": [""man""]}","{""acceptable_zones"": ""observed"", ""age_max"": ""observed"", ""age_min"": ""observed"", ""conversations"": ""not_asked"", ""emotional_availability"": ""not_asked"", ""has_children"": ""observed"", ""lifestyle"": ""not_asked"", ""partner_children"": ""observed"", ""partner_smoking"": ""observed"", ""relationship_goal"": ""not_asked"", ""relationship_pace"": ""not_asked"", ""relationship_structure"": ""observed"", ""relocate"": ""not_asked"", ""schedule"": ""observed"", ""smoking"": ""observed"", ""space_for_relationship"": ""not_asked"", ""wants_children"": ""observed"", ""who_to_meet"": ""observed""}","{""acceptable_zones"": 5, ""age_max"": 5, ""age_min"": 5, ""conversations"": null, ""emotional_availability"": null, ""has_children"": 5, ""lifestyle"": null, ""partner_children"": 5, ""partner_smoking"": 5, ""relationship_goal"": null, ""relationship_pace"": null, ""relationship_structure"": 5, ""relocate"": null, ""schedule"": 5, ""smoking"": 5, ""space_for_relationship"": null, ""wants_children"": 5, ""who_to_meet"": 5}"
syn_d4a71b0211d2d383deb726a6d7e8f337,public_01,27,woman,zone_a,True,synthetic_questionnaire,True,0,"[""zone_a""]",35,21,stories,ready,True,mixed,any,no_smoking,long_term,slow,non_monogamous,no,"[""weekend_evening"", ""weekday_evening""]",no,limited,no,"[""man"", ""woman""]",observed,observed,observed,observed,observed,observed,observed,observed,observed,observed,observed,observed,observed,observed,observed,observed,observed,observed,0,0,0,0,0,0,0,0,0,0,0,0,0,0,0,0,0,0,"{""acceptable_zones"": [""zone_a""], ""age_max"": 35, ""age_min"": 21, ""conversations"": ""stories"", ""emotional_availability"": ""ready"", ""has_children"": true, ""lifestyle"": ""mixed"", ""partner_children"": ""any"", ""partner_smoking"": ""no_smoking"", ""relationship_goal"": ""long_term"", ""relationship_pace"": ""slow"", ""relationship_structure"": ""non_monogamous"", ""relocate"": ""no"", ""schedule"": [""weekend_evening"", ""weekday_evening""], ""smoking"": ""no"", ""space_for_relationship"": ""limited"", ""wants_children"": ""no"", ""who_to_meet"": [""man"", ""woman""]}","{""acceptable_zones"": ""observed"", ""age_max"": ""observed"", ""age_min"": ""observed"", ""conversations"": ""observed"", ""emotional_availability"": ""observed"", ""has_children"": ""observed"", ""lifestyle"": ""observed"", ""partner_children"": ""observed"", ""partner_smoking"": ""observed"", ""relationship_goal"": ""observed"", ""relationship_pace"": ""observed"", ""relationship_structure"": ""observed"", ""relocate"": ""observed"", ""schedule"": ""observed"", ""smoking"": ""observed"", ""space_for_relationship"": ""observed"", ""wants_children"": ""observed"", ""who_to_meet"": ""observed""}","{""acceptable_zones"": 0, ""age_max"": 0, ""age_min"": 0, ""conversations"": 0, ""emotional_availability"": 0, ""has_children"": 0, ""lifestyle"": 0, ""partner_children"": 0, ""partner_smoking"": 0, ""relationship_goal"": 0, ""relationship_pace"": 0, ""relationship_structure"": 0, ""relocate"": 0, ""schedule"": 0, ""smoking"": 0, ""space_for_relationship"": 0, ""wants_children"": 0, ""who_to_meet"": 0}"
syn_337d765b9764b8a2ee932deabdac71bc,public_01,31,man,zone_a,True,synthetic_questionnaire,True,0,"[""zone_a""]",37,25,playful,taking_time,False,quiet,any,no_smoking,exploring,quick,monogamous,yes,"[""weekend_evening""]",yes,ample,yes,"[""woman"", ""non_binary""]",observed,observed,observed,observed,observed,observed,observed,observed,observed,observed,observed,observed,observed,observed,observed,observed,observed,observed,0,0,0,0,0,0,0,0,0,0,0,0,0,0,0,0,0,0,"{""acceptable_zones"": [""zone_a""], ""age_max"": 37, ""age_min"": 25, ""conversations"": ""playful"", ""emotional_availability"": ""taking_time"", ""has_children"": false, ""lifestyle"": ""quiet"", ""partner_children"": ""any"", ""partner_smoking"": ""no_smoking"", ""relationship_goal"": ""exploring"", ""relationship_pace"": ""quick"", ""relationship_structure"": ""monogamous"", ""relocate"": ""yes"", ""schedule"": [""weekend_evening""], ""smoking"": ""yes"", ""space_for_relationship"": ""ample"", ""wants_children"": ""yes"", ""who_to_meet"": [""woman"", ""non_binary""]}","{""acceptable_zones"": ""observed"", ""age_max"": ""observed"", ""age_min"": ""observed"", ""conversations"": ""observed"", ""emotional_availability"": ""observed"", ""has_children"": ""observed"", ""lifestyle"": ""observed"", ""partner_children"": ""observed"", ""partner_smoking"": ""observed"", ""relationship_goal"": ""observed"", ""relationship_pace"": ""observed"", ""relationship_structure"": ""observed"", ""relocate"": ""observed"", ""schedule"": ""observed"", ""smoking"": ""observed"", ""space_for_relationship"": ""observed"", ""wants_children"": ""observed"", ""who_to_meet"": ""observed""}","{""acceptable_zones"": 0, ""age_max"": 0, ""age_min"": 0, ""conversations"": 0, ""emotional_availability"": 0, ""has_children"": 0, ""lifestyle"": 0, ""partner_children"": 0, ""partner_smoking"": 0, ""relationship_goal"": 0, ""relationship_pace"": 0, ""relationship_structure"": 0, ""relocate"": 0, ""schedule"": 0, ""smoking"": 0, ""space_for_relationship"": 0, ""wants_children"": 0, ""who_to_meet"": 0}"
syn_3e633c5b7371b3f4750e2a5a25cb7e5b,public_01,39,woman,zone_b,True,synthetic_questionnaire,True,0,,,,,,,quiet,,,long_term,,,,,no,,,,not_asked,not_asked,not_asked,not_asked,declined,not_asked,observed,declined,not_asked,observed,not_asked,not_asked,not_asked,not_asked,observed,not_asked,not_asked,not_asked,,,,,,,0,,,0,,,,,0,,,,"{""acceptable_zones"": null, ""age_max"": null, ""age_min"": null, ""conversations"": null, ""emotional_availability"": null, ""has_children"": null, ""lifestyle"": ""quiet"", ""partner_children"": null, ""partner_smoking"": null, ""relationship_goal"": ""long_term"", ""relationship_pace"": null, ""relationship_structure"": null, ""relocate"": null, ""schedule"": null, ""smoking"": ""no"", ""space_for_relationship"": null, ""wants_children"": null, ""who_to_meet"": null}","{""acceptable_zones"": ""not_asked"", ""age_max"": ""not_asked"", ""age_min"": ""not_asked"", ""conversations"": ""not_asked"", ""emotional_availability"": ""declined"", ""has_children"": ""not_asked"", ""lifestyle"": ""observed"", ""partner_children"": ""declined"", ""partner_smoking"": ""not_asked"", ""relationship_goal"": ""observed"", ""relationship_pace"": ""not_asked"", ""relationship_structure"": ""not_asked"", ""relocate"": ""not_asked"", ""schedule"": ""not_asked"", ""smoking"": ""observed"", ""space_for_relationship"": ""not_asked"", ""wants_children"": ""not_asked"", ""who_to_meet"": ""not_asked""}","{""acceptable_zones"": null, ""age_max"": null, ""age_min"": null, ""conversations"": null, ""emotional_availability"": null, ""has_children"": null, ""lifestyle"": 0, ""partner_children"": null, ""partner_smoking"": null, ""relationship_goal"": 0, ""relationship_pace"": null, ""relationship_structure"": null, ""relocate"": null, ""schedule"": null, ""smoking"": 0, ""space_for_relationship"": null, ""wants_children"": null, ""who_to_meet"": null}"
syn_70da7277efd94ebe0278d6fe8d2ab83b,public_01,35,man,zone_b,True,synthetic_questionnaire,True,0,,,,,,,,,,,,,,,,,,,declined,not_asked,not_asked,declined,declined,not_asked,not_asked,not_asked,not_asked,not_asked,not_asked,not_asked,not_asked,not_asked,declined,not_asked,not_asked,not_asked,,,,,,,,,,,,,,,,,,,"{""acceptable_zones"": null, ""age_max"": null, ""age_min"": null, ""conversations"": null, ""emotional_availability"": null, ""has_children"": null, ""lifestyle"": null, ""partner_children"": null, ""partner_smoking"": null, ""relationship_goal"": null, ""relationship_pace"": null, ""relationship_structure"": null, ""relocate"": null, ""schedule"": null, ""smoking"": null, ""space_for_relationship"": null, ""wants_children"": null, ""who_to_meet"": null}","{""acceptable_zones"": ""declined"", ""age_max"": ""not_asked"", ""age_min"": ""not_asked"", ""conversations"": ""declined"", ""emotional_availability"": ""declined"", ""has_children"": ""not_asked"", ""lifestyle"": ""not_asked"", ""partner_children"": ""not_asked"", ""partner_smoking"": ""not_asked"", ""relationship_goal"": ""not_asked"", ""relationship_pace"": ""not_asked"", ""relationship_structure"": ""not_asked"", ""relocate"": ""not_asked"", ""schedule"": ""not_asked"", ""smoking"": ""declined"", ""space_for_relationship"": ""not_asked"", ""wants_children"": ""not_asked"", ""who_to_meet"": ""not_asked""}","{""acceptable_zones"": null, ""age_max"": null, ""age_min"": null, ""conversations"": null, ""emotional_availability"": null, ""has_children"": null, ""lifestyle"": null, ""partner_children"": null, ""partner_smoking"": null, ""relationship_goal"": null, ""relationship_pace"": null, ""relationship_structure"": null, ""relocate"": null, ""schedule"": null, ""smoking"": null, ""space_for_relationship"": null, ""wants_children"": null, ""who_to_meet"": null}"
syn_f10a21c702c75eb4b59db90ff12c282f,public_01,34,woman,zone_b,True,synthetic_questionnaire,True,0,"[""zone_b""]",38,27,,,False,,no_children,no_smoking,,,monogamous,,"[""weekend_day"", ""weekend_evening""]",no,,yes,"[""woman""]",observed,observed,observed,declined,not_asked,observed,declined,observed,observed,not_asked,declined,observed,not_asked,observed,observed,not_asked,observed,observed,5,5,5,,,5,,5,5,,,5,,5,5,,5,5,"{""acceptable_zones"": [""zone_b""], ""age_max"": 38, ""age_min"": 27, ""conversations"": null, ""emotional_availability"": null, ""has_children"": false, ""lifestyle"": null, ""partner_children"": ""no_children"", ""partner_smoking"": ""no_smoking"", ""relationship_goal"": null, ""relationship_pace"": null, ""relationship_structure"": ""monogamous"", ""relocate"": null, ""schedule"": [""weekend_day"", ""weekend_evening""], ""smoking"": ""no"", ""space_for_relationship"": null, ""wants_children"": ""yes"", ""who_to_meet"": [""woman""]}","{""acceptable_zones"": ""observed"", ""age_max"": ""observed"", ""age_min"": ""observed"", ""conversations"": ""declined"", ""emotional_availability"": ""not_asked"", ""has_children"": ""observed"", ""lifestyle"": ""declined"", ""partner_children"": ""observed"", ""partner_smoking"": ""observed"", ""relationship_goal"": ""not_asked"", ""relationship_pace"": ""declined"", ""relationship_structure"": ""observed"", ""relocate"": ""not_asked"", ""schedule"": ""observed"", ""smoking"": ""observed"", ""space_for_relationship"": ""not_asked"", ""wants_children"": ""observed"", ""who_to_meet"": ""observed""}","{""acceptable_zones"": 5, ""age_max"": 5, ""age_min"": 5, ""conversations"": null, ""emotional_availability"": null, ""has_children"": 5, ""lifestyle"": null, ""partner_children"": 5, ""partner_smoking"": 5, ""relationship_goal"": null, ""relationship_pace"": null, ""relationship_structure"": 5, ""relocate"": null, ""schedule"": 5, ""smoking"": 5, ""space_for_relationship"": null, ""wants_children"": 5, ""who_to_meet"": 5}"
syn_49e3e49b02ef389261d13172be7c8611,public_01,46,woman,zone_a,False,synthetic_questionnaire,True,18,"[""zone_a""]",53,43,playful,taking_time,False,social,no_children,any,long_term,quick,monogamous,unsure,"[""weekend_evening"", ""weekday_evening""]",no,ample,yes,"[""man""]",observed,observed,observed,observed,observed,observed,observed,observed,observed,observed,observed,observed,observed,observed,observed,observed,observed,observed,18,18,18,18,18,18,18,18,18,18,18,18,18,18,18,18,18,18,"{""acceptable_zones"": [""zone_a""], ""age_max"": 53, ""age_min"": 43, ""conversations"": ""playful"", ""emotional_availability"": ""taking_time"", ""has_children"": false, ""lifestyle"": ""social"", ""partner_children"": ""no_children"", ""partner_smoking"": ""any"", ""relationship_goal"": ""long_term"", ""relationship_pace"": ""quick"", ""relationship_structure"": ""monogamous"", ""relocate"": ""unsure"", ""schedule"": [""weekend_evening"", ""weekday_evening""], ""smoking"": ""no"", ""space_for_relationship"": ""ample"", ""wants_children"": ""yes"", ""who_to_meet"": [""man""]}","{""acceptable_zones"": ""observed"", ""age_max"": ""observed"", ""age_min"": ""observed"", ""conversations"": ""observed"", ""emotional_availability"": ""observed"", ""has_children"": ""observed"", ""lifestyle"": ""observed"", ""partner_children"": ""observed"", ""partner_smoking"": ""observed"", ""relationship_goal"": ""observed"", ""relationship_pace"": ""observed"", ""relationship_structure"": ""observed"", ""relocate"": ""observed"", ""schedule"": ""observed"", ""smoking"": ""observed"", ""space_for_relationship"": ""observed"", ""wants_children"": ""observed"", ""who_to_meet"": ""observed""}","{""acceptable_zones"": 18, ""age_max"": 18, ""age_min"": 18, ""conversations"": 18, ""emotional_availability"": 18, ""has_children"": 18, ""lifestyle"": 18, ""partner_children"": 18, ""partner_smoking"": 18, ""relationship_goal"": 18, ""relationship_pace"": 18, ""relationship_structure"": 18, ""relocate"": 18, ""schedule"": 18, ""smoking"": 18, ""space_for_relationship"": 18, ""wants_children"": 18, ""who_to_meet"": 18}"
syn_8b5f2158d456b7290f94410e2e1ea019,public_01,23,woman,zone_a,False,synthetic_questionnaire,True,0,"[""zone_a""]",31,19,,,True,,no_children,no_smoking,,,monogamous,unsure,"[""weekday_evening"", ""weekend_evening""]",no,limited,yes,"[""man""]",observed,observed,observed,not_asked,declined,observed,not_asked,observed,observed,not_asked,not_asked,observed,observed,observed,observed,observed,observed,observed,5,5,5,,,5,,5,5,,,5,0,5,5,0,5,5,"{""acceptable_zones"": [""zone_a""], ""age_max"": 31, ""age_min"": 19, ""conversations"": null, ""emotional_availability"": null, ""has_children"": true, ""lifestyle"": null, ""partner_children"": ""no_children"", ""partner_smoking"": ""no_smoking"", ""relationship_goal"": null, ""relationship_pace"": null, ""relationship_structure"": ""monogamous"", ""relocate"": ""unsure"", ""schedule"": [""weekday_evening"", ""weekend_evening""], ""smoking"": ""no"", ""space_for_relationship"": ""limited"", ""wants_children"": ""yes"", ""who_to_meet"": [""man""]}","{""acceptable_zones"": ""observed"", ""age_max"": ""observed"", ""age_min"": ""observed"", ""conversations"": ""not_asked"", ""emotional_availability"": ""declined"", ""has_children"": ""observed"", ""lifestyle"": ""not_asked"", ""partner_children"": ""observed"", ""partner_smoking"": ""observed"", ""relationship_goal"": ""not_asked"", ""relationship_pace"": ""not_asked"", ""relationship_structure"": ""observed"", ""relocate"": ""observed"", ""schedule"": ""observed"", ""smoking"": ""observed"", ""space_for_relationship"": ""observed"", ""wants_children"": ""observed"", ""who_to_meet"": ""observed""}","{""acceptable_zones"": 5, ""age_max"": 5, ""age_min"": 5, ""conversations"": null, ""emotional_availability"": null, ""has_children"": 5, ""lifestyle"": null, ""partner_children"": 5, ""partner_smoking"": 5, ""relationship_goal"": null, ""relationship_pace"": null, ""relationship_structure"": 5, ""relocate"": 0, ""schedule"": 5, ""smoking"": 5, ""space_for_relationship"": 0, ""wants_children"": 5, ""who_to_meet"": 5}"
syn_f6d6da10578cd17a317caba188b3846d,public_01,37,woman,zone_a,True,synthetic_questionnaire,True,0,"[""zone_a""]",47,30,,,False,,no_children,any,,,non_monogamous,,"[""weekend_day""]",no,,no,"[""non_binary""]",observed,observed,observed,not_asked,not_asked,observed,not_asked,observed,observed,not_asked,not_asked,observed,not_asked,observed,observed,not_asked,observed,observed,5,5,5,,,5,,5,5,,,5,,5,5,,5,5,"{""acceptable_zones"": [""zone_a""], ""age_max"": 47, ""age_min"": 30, ""conversations"": null, ""emotional_availability"": null, ""has_children"": false, ""lifestyle"": null, ""partner_children"": ""no_children"", ""partner_smoking"": ""any"", ""relationship_goal"": null, ""relationship_pace"": null, ""relationship_structure"": ""non_monogamous"", ""relocate"": null, ""schedule"": [""weekend_day""], ""smoking"": ""no"", ""space_for_relationship"": null, ""wants_children"": ""no"", ""who_to_meet"": [""non_binary""]}","{""acceptable_zones"": ""observed"", ""age_max"": ""observed"", ""age_min"": ""observed"", ""conversations"": ""not_asked"", ""emotional_availability"": ""not_asked"", ""has_children"": ""observed"", ""lifestyle"": ""not_asked"", ""partner_children"": ""observed"", ""partner_smoking"": ""observed"", ""relationship_goal"": ""not_asked"", ""relationship_pace"": ""not_asked"", ""relationship_structure"": ""observed"", ""relocate"": ""not_asked"", ""schedule"": ""observed"", ""smoking"": ""observed"", ""space_for_relationship"": ""not_asked"", ""wants_children"": ""observed"", ""who_to_meet"": ""observed""}","{""acceptable_zones"": 5, ""age_max"": 5, ""age_min"": 5, ""conversations"": null, ""emotional_availability"": null, ""has_children"": 5, ""lifestyle"": null, ""partner_children"": 5, ""partner_smoking"": 5, ""relationship_goal"": null, ""relationship_pace"": null, ""relationship_structure"": 5, ""relocate"": null, ""schedule"": 5, ""smoking"": 5, ""space_for_relationship"": null, ""wants_children"": 5, ""who_to_meet"": 5}"
syn_69f65ca7fbcaa6bd4af36a54d5392e15,public_01,42,man,zone_a,False,synthetic_questionnaire,True,0,"[""zone_a""]",52,35,,,False,,no_children,any,,,monogamous,,"[""weekend_day"", ""weekend_evening"", ""weekday_evening""]",no,,no,"[""man""]",observed,observed,observed,not_asked,not_asked,observed,not_asked,observed,observed,not_asked,not_asked,observed,declined,observed,observed,not_asked,observed,observed,6,6,6,,,6,,6,6,,,6,,6,6,,6,6,"{""acceptable_zones"": [""zone_a""], ""age_max"": 52, ""age_min"": 35, ""conversations"": null, ""emotional_availability"": null, ""has_children"": false, ""lifestyle"": null, ""partner_children"": ""no_children"", ""partner_smoking"": ""any"", ""relationship_goal"": null, ""relationship_pace"": null, ""relationship_structure"": ""monogamous"", ""relocate"": null, ""schedule"": [""weekend_day"", ""weekend_evening"", ""weekday_evening""], ""smoking"": ""no"", ""space_for_relationship"": null, ""wants_children"": ""no"", ""who_to_meet"": [""man""]}","{""acceptable_zones"": ""observed"", ""age_max"": ""observed"", ""age_min"": ""observed"", ""conversations"": ""not_asked"", ""emotional_availability"": ""not_asked"", ""has_children"": ""observed"", ""lifestyle"": ""not_asked"", ""partner_children"": ""observed"", ""partner_smoking"": ""observed"", ""relationship_goal"": ""not_asked"", ""relationship_pace"": ""not_asked"", ""relationship_structure"": ""observed"", ""relocate"": ""declined"", ""schedule"": ""observed"", ""smoking"": ""observed"", ""space_for_relationship"": ""not_asked"", ""wants_children"": ""observed"", ""who_to_meet"": ""observed""}","{""acceptable_zones"": 6, ""age_max"": 6, ""age_min"": 6, ""conversations"": null, ""emotional_availability"": null, ""has_children"": 6, ""lifestyle"": null, ""partner_children"": 6, ""partner_smoking"": 6, ""relationship_goal"": null, ""relationship_pace"": null, ""relationship_structure"": 6, ""relocate"": null, ""schedule"": 6, ""smoking"": 6, ""space_for_relationship"": null, ""wants_children"": 6, ""who_to_meet"": 6}"
syn_e95994b2b21da9c083bd60cac88cc8e4,public_01,29,man,zone_a,False,synthetic_questionnaire,True,0,,,24,practical,,,,,,,,,no,,,,,,not_asked,not_asked,observed,observed,not_asked,not_asked,not_asked,not_asked,declined,not_asked,not_asked,not_asked,observed,not_asked,not_asked,not_asked,not_asked,not_asked,,,0,0,,,,,,,,,0,,,,,,"{""acceptable_zones"": null, ""age_max"": null, ""age_min"": 24, ""conversations"": ""practical"", ""emotional_availability"": null, ""has_children"": null, ""lifestyle"": null, ""partner_children"": null, ""partner_smoking"": null, ""relationship_goal"": null, ""relationship_pace"": null, ""relationship_structure"": null, ""relocate"": ""no"", ""schedule"": null, ""smoking"": null, ""space_for_relationship"": null, ""wants_children"": null, ""who_to_meet"": null}","{""acceptable_zones"": ""not_asked"", ""age_max"": ""not_asked"", ""age_min"": ""observed"", ""conversations"": ""observed"", ""emotional_availability"": ""not_asked"", ""has_children"": ""not_asked"", ""lifestyle"": ""not_asked"", ""partner_children"": ""not_asked"", ""partner_smoking"": ""declined"", ""relationship_goal"": ""not_asked"", ""relationship_pace"": ""not_asked"", ""relationship_structure"": ""not_asked"", ""relocate"": ""observed"", ""schedule"": ""not_asked"", ""smoking"": ""not_asked"", ""space_for_relationship"": ""not_asked"", ""wants_children"": ""not_asked"", ""who_to_meet"": ""not_asked""}","{""acceptable_zones"": null, ""age_max"": null, ""age_min"": 0, ""conversations"": 0, ""emotional_availability"": null, ""has_children"": null, ""lifestyle"": null, ""partner_children"": null, ""partner_smoking"": null, ""relationship_goal"": null, ""relationship_pace"": null, ""relationship_structure"": null, ""relocate"": 0, ""schedule"": null, ""smoking"": null, ""space_for_relationship"": null, ""wants_children"": null, ""who_to_meet"": null}"
syn_0478ca12afcd6883e3f5c278a8248756,public_01,38,man,zone_c,True,synthetic_questionnaire,True,0,"[""zone_c""]",45,34,ideas,taking_time,False,quiet,no_children,any,long_term,slow,monogamous,unsure,"[""weekend_day"", ""weekend_evening"", ""weekday_evening""]",no,ample,unsure,"[""man""]",observed,observed,observed,observed,observed,observed,observed,observed,observed,observed,observed,observed,observed,observed,observed,observed,observed,observed,0,0,0,0,0,0,0,0,0,0,0,0,0,0,0,0,0,0,"{""acceptable_zones"": [""zone_c""], ""age_max"": 45, ""age_min"": 34, ""conversations"": ""ideas"", ""emotional_availability"": ""taking_time"", ""has_children"": false, ""lifestyle"": ""quiet"", ""partner_children"": ""no_children"", ""partner_smoking"": ""any"", ""relationship_goal"": ""long_term"", ""relationship_pace"": ""slow"", ""relationship_structure"": ""monogamous"", ""relocate"": ""unsure"", ""schedule"": [""weekend_day"", ""weekend_evening"", ""weekday_evening""], ""smoking"": ""no"", ""space_for_relationship"": ""ample"", ""wants_children"": ""unsure"", ""who_to_meet"": [""man""]}","{""acceptable_zones"": ""observed"", ""age_max"": ""observed"", ""age_min"": ""observed"", ""conversations"": ""observed"", ""emotional_availability"": ""observed"", ""has_children"": ""observed"", ""lifestyle"": ""observed"", ""partner_children"": ""observed"", ""partner_smoking"": ""observed"", ""relationship_goal"": ""observed"", ""relationship_pace"": ""observed"", ""relationship_structure"": ""observed"", ""relocate"": ""observed"", ""schedule"": ""observed"", ""smoking"": ""observed"", ""space_for_relationship"": ""observed"", ""wants_children"": ""observed"", ""who_to_meet"": ""observed""}","{""acceptable_zones"": 0, ""age_max"": 0, ""age_min"": 0, ""conversations"": 0, ""emotional_availability"": 0, ""has_children"": 0, ""lifestyle"": 0, ""partner_children"": 0, ""partner_smoking"": 0, ""relationship_goal"": 0, ""relationship_pace"": 0, ""relationship_structure"": 0, ""relocate"": 0, ""schedule"": 0, ""smoking"": 0, ""space_for_relationship"": 0, ""wants_children"": 0, ""who_to_meet"": 0}"
syn_955338430d2d3ed49573828cd492e4e6,public_01,24,man,zone_a,True,synthetic_questionnaire,True,0,,,,,,,,,,,quick,,,,,,,,not_asked,declined,not_asked,not_asked,not_asked,not_asked,not_asked,not_asked,not_asked,not_asked,observed,declined,declined,not_asked,not_asked,not_asked,not_asked,not_asked,,,,,,,,,,,0,,,,,,,,"{""acceptable_zones"": null, ""age_max"": null, ""age_min"": null, ""conversations"": null, ""emotional_availability"": null, ""has_children"": null, ""lifestyle"": null, ""partner_children"": null, ""partner_smoking"": null, ""relationship_goal"": null, ""relationship_pace"": ""quick"", ""relationship_structure"": null, ""relocate"": null, ""schedule"": null, ""smoking"": null, ""space_for_relationship"": null, ""wants_children"": null, ""who_to_meet"": null}","{""acceptable_zones"": ""not_asked"", ""age_max"": ""declined"", ""age_min"": ""not_asked"", ""conversations"": ""not_asked"", ""emotional_availability"": ""not_asked"", ""has_children"": ""not_asked"", ""lifestyle"": ""not_asked"", ""partner_children"": ""not_asked"", ""partner_smoking"": ""not_asked"", ""relationship_goal"": ""not_asked"", ""relationship_pace"": ""observed"", ""relationship_structure"": ""declined"", ""relocate"": ""declined"", ""schedule"": ""not_asked"", ""smoking"": ""not_asked"", ""space_for_relationship"": ""not_asked"", ""wants_children"": ""not_asked"", ""who_to_meet"": ""not_asked""}","{""acceptable_zones"": null, ""age_max"": null, ""age_min"": null, ""conversations"": null, ""emotional_availability"": null, ""has_children"": null, ""lifestyle"": null, ""partner_children"": null, ""partner_smoking"": null, ""relationship_goal"": null, ""relationship_pace"": 0, ""relationship_structure"": null, ""relocate"": null, ""schedule"": null, ""smoking"": null, ""space_for_relationship"": null, ""wants_children"": null, ""who_to_meet"": null}"
syn_9409cbe11aee260e242330d15e174d81,public_01,36,man,zone_c,True,synthetic_questionnaire,True,3,"[""zone_c""]",41,32,ideas,ready,False,mixed,no_children,any,exploring,steady,non_monogamous,yes,"[""weekday_evening"", ""weekend_evening""]",no,moderate,unsure,"[""non_binary""]",observed,observed,observed,observed,observed,observed,observed,observed,observed,observed,observed,observed,observed,observed,observed,observed,observed,observed,3,3,3,3,3,3,3,3,3,3,3,3,3,3,3,3,3,3,"{""acceptable_zones"": [""zone_c""], ""age_max"": 41, ""age_min"": 32, ""conversations"": ""ideas"", ""emotional_availability"": ""ready"", ""has_children"": false, ""lifestyle"": ""mixed"", ""partner_children"": ""no_children"", ""partner_smoking"": ""any"", ""relationship_goal"": ""exploring"", ""relationship_pace"": ""steady"", ""relationship_structure"": ""non_monogamous"", ""relocate"": ""yes"", ""schedule"": [""weekday_evening"", ""weekend_evening""], ""smoking"": ""no"", ""space_for_relationship"": ""moderate"", ""wants_children"": ""unsure"", ""who_to_meet"": [""non_binary""]}","{""acceptable_zones"": ""observed"", ""age_max"": ""observed"", ""age_min"": ""observed"", ""conversations"": ""observed"", ""emotional_availability"": ""observed"", ""has_children"": ""observed"", ""lifestyle"": ""observed"", ""partner_children"": ""observed"", ""partner_smoking"": ""observed"", ""relationship_goal"": ""observed"", ""relationship_pace"": ""observed"", ""relationship_structure"": ""observed"", ""relocate"": ""observed"", ""schedule"": ""observed"", ""smoking"": ""observed"", ""space_for_relationship"": ""observed"", ""wants_children"": ""observed"", ""who_to_meet"": ""observed""}","{""acceptable_zones"": 3, ""age_max"": 3, ""age_min"": 3, ""conversations"": 3, ""emotional_availability"": 3, ""has_children"": 3, ""lifestyle"": 3, ""partner_children"": 3, ""partner_smoking"": 3, ""relationship_goal"": 3, ""relationship_pace"": 3, ""relationship_structure"": 3, ""relocate"": 3, ""schedule"": 3, ""smoking"": 3, ""space_for_relationship"": 3, ""wants_children"": 3, ""who_to_meet"": 3}"
syn_caea61ca26d1d63b01ec102e3d0795e7,public_01,41,man,zone_c,True,synthetic_questionnaire,True,14,"[""zone_c"", ""zone_d""]",47,33,ideas,ready,False,mixed,no_children,no_smoking,exploring,quick,monogamous,unsure,"[""weekend_day"", ""weekend_evening"", ""weekday_evening""]",no,limited,yes,"[""non_binary"", ""woman""]",observed,observed,observed,observed,observed,observed,observed,observed,observed,observed,observed,observed,observed,observed,observed,observed,observed,observed,14,14,14,14,14,14,14,14,14,14,14,14,14,14,14,14,14,14,"{""acceptable_zones"": [""zone_c"", ""zone_d""], ""age_max"": 47, ""age_min"": 33, ""conversations"": ""ideas"", ""emotional_availability"": ""ready"", ""has_children"": false, ""lifestyle"": ""mixed"", ""partner_children"": ""no_children"", ""partner_smoking"": ""no_smoking"", ""relationship_goal"": ""exploring"", ""relationship_pace"": ""quick"", ""relationship_structure"": ""monogamous"", ""relocate"": ""unsure"", ""schedule"": [""weekend_day"", ""weekend_evening"", ""weekday_evening""], ""smoking"": ""no"", ""space_for_relationship"": ""limited"", ""wants_children"": ""yes"", ""who_to_meet"": [""non_binary"", ""woman""]}","{""acceptable_zones"": ""observed"", ""age_max"": ""observed"", ""age_min"": ""observed"", ""conversations"": ""observed"", ""emotional_availability"": ""observed"", ""has_children"": ""observed"", ""lifestyle"": ""observed"", ""partner_children"": ""observed"", ""partner_smoking"": ""observed"", ""relationship_goal"": ""observed"", ""relationship_pace"": ""observed"", ""relationship_structure"": ""observed"", ""relocate"": ""observed"", ""schedule"": ""observed"", ""smoking"": ""observed"", ""space_for_relationship"": ""observed"", ""wants_children"": ""observed"", ""who_to_meet"": ""observed""}","{""acceptable_zones"": 14, ""age_max"": 14, ""age_min"": 14, ""conversations"": 14, ""emotional_availability"": 14, ""has_children"": 14, ""lifestyle"": 14, ""partner_children"": 14, ""partner_smoking"": 14, ""relationship_goal"": 14, ""relationship_pace"": 14, ""relationship_structure"": 14, ""relocate"": 14, ""schedule"": 14, ""smoking"": 14, ""space_for_relationship"": 14, ""wants_children"": 14, ""who_to_meet"": 14}"
syn_cd0a30bf2986f5686372fc1af9bb730c,public_01,41,woman,zone_b,True,synthetic_questionnaire,True,0,"[""zone_b""]",47,37,playful,taking_time,False,social,no_children,any,exploring,quick,monogamous,yes,"[""weekend_evening""]",no,limited,no,"[""non_binary""]",observed,observed,observed,observed,observed,observed,observed,observed,observed,observed,observed,observed,observed,observed,observed,observed,observed,observed,0,0,0,0,0,0,0,0,0,0,0,0,0,0,0,0,0,0,"{""acceptable_zones"": [""zone_b""], ""age_max"": 47, ""age_min"": 37, ""conversations"": ""playful"", ""emotional_availability"": ""taking_time"", ""has_children"": false, ""lifestyle"": ""social"", ""partner_children"": ""no_children"", ""partner_smoking"": ""any"", ""relationship_goal"": ""exploring"", ""relationship_pace"": ""quick"", ""relationship_structure"": ""monogamous"", ""relocate"": ""yes"", ""schedule"": [""weekend_evening""], ""smoking"": ""no"", ""space_for_relationship"": ""limited"", ""wants_children"": ""no"", ""who_to_meet"": [""non_binary""]}","{""acceptable_zones"": ""observed"", ""age_max"": ""observed"", ""age_min"": ""observed"", ""conversations"": ""observed"", ""emotional_availability"": ""observed"", ""has_children"": ""observed"", ""lifestyle"": ""observed"", ""partner_children"": ""observed"", ""partner_smoking"": ""observed"", ""relationship_goal"": ""observed"", ""relationship_pace"": ""observed"", ""relationship_structure"": ""observed"", ""relocate"": ""observed"", ""schedule"": ""observed"", ""smoking"": ""observed"", ""space_for_relationship"": ""observed"", ""wants_children"": ""observed"", ""who_to_meet"": ""observed""}","{""acceptable_zones"": 0, ""age_max"": 0, ""age_min"": 0, ""conversations"": 0, ""emotional_availability"": 0, ""has_children"": 0, ""lifestyle"": 0, ""partner_children"": 0, ""partner_smoking"": 0, ""relationship_goal"": 0, ""relationship_pace"": 0, ""relationship_structure"": 0, ""relocate"": 0, ""schedule"": 0, ""smoking"": 0, ""space_for_relationship"": 0, ""wants_children"": 0, ""who_to_meet"": 0}"
syn_fab24125d9f5f201ce174b69e74ab7e0,public_01,28,man,zone_a,True,synthetic_questionnaire,True,0,,,,,,,mixed,,,,,,,,,,,,not_asked,not_asked,not_asked,not_asked,not_asked,not_asked,observed,declined,not_asked,not_asked,not_asked,not_asked,not_asked,not_asked,not_asked,not_asked,not_asked,not_asked,,,,,,,0,,,,,,,,,,,,"{""acceptable_zones"": null, ""age_max"": null, ""age_min"": null, ""conversations"": null, ""emotional_availability"": null, ""has_children"": null, ""lifestyle"": ""mixed"", ""partner_children"": null, ""partner_smoking"": null, ""relationship_goal"": null, ""relationship_pace"": null, ""relationship_structure"": null, ""relocate"": null, ""schedule"": null, ""smoking"": null, ""space_for_relationship"": null, ""wants_children"": null, ""who_to_meet"": null}","{""acceptable_zones"": ""not_asked"", ""age_max"": ""not_asked"", ""age_min"": ""not_asked"", ""conversations"": ""not_asked"", ""emotional_availability"": ""not_asked"", ""has_children"": ""not_asked"", ""lifestyle"": ""observed"", ""partner_children"": ""declined"", ""partner_smoking"": ""not_asked"", ""relationship_goal"": ""not_asked"", ""relationship_pace"": ""not_asked"", ""relationship_structure"": ""not_asked"", ""relocate"": ""not_asked"", ""schedule"": ""not_asked"", ""smoking"": ""not_asked"", ""space_for_relationship"": ""not_asked"", ""wants_children"": ""not_asked"", ""who_to_meet"": ""not_asked""}","{""acceptable_zones"": null, ""age_max"": null, ""age_min"": null, ""conversations"": null, ""emotional_availability"": null, ""has_children"": null, ""lifestyle"": 0, ""partner_children"": null, ""partner_smoking"": null, ""relationship_goal"": null, ""relationship_pace"": null, ""relationship_structure"": null, ""relocate"": null, ""schedule"": null, ""smoking"": null, ""space_for_relationship"": null, ""wants_children"": null, ""who_to_meet"": null}"
syn_2ae2220326be99bbf7c0d664519e7cba,public_01,21,man,zone_b,True,synthetic_questionnaire,True,0,"[""zone_b""]",,18,,,,,,,,,,,,,,,,observed,not_asked,observed,not_asked,not_asked,not_asked,not_asked,not_asked,not_asked,not_asked,not_asked,not_asked,not_asked,not_asked,not_asked,not_asked,declined,not_asked,0,,0,,,,,,,,,,,,,,,,"{""acceptable_zones"": [""zone_b""], ""age_max"": null, ""age_min"": 18, ""conversations"": null, ""emotional_availability"": null, ""has_children"": null, ""lifestyle"": null, ""partner_children"": null, ""partner_smoking"": null, ""relationship_goal"": null, ""relationship_pace"": null, ""relationship_structure"": null, ""relocate"": null, ""schedule"": null, ""smoking"": null, ""space_for_relationship"": null, ""wants_children"": null, ""who_to_meet"": null}","{""acceptable_zones"": ""observed"", ""age_max"": ""not_asked"", ""age_min"": ""observed"", ""conversations"": ""not_asked"", ""emotional_availability"": ""not_asked"", ""has_children"": ""not_asked"", ""lifestyle"": ""not_asked"", ""partner_children"": ""not_asked"", ""partner_smoking"": ""not_asked"", ""relationship_goal"": ""not_asked"", ""relationship_pace"": ""not_asked"", ""relationship_structure"": ""not_asked"", ""relocate"": ""not_asked"", ""schedule"": ""not_asked"", ""smoking"": ""not_asked"", ""space_for_relationship"": ""not_asked"", ""wants_children"": ""declined"", ""who_to_meet"": ""not_asked""}","{""acceptable_zones"": 0, ""age_max"": null, ""age_min"": 0, ""conversations"": null, ""emotional_availability"": null, ""has_children"": null, ""lifestyle"": null, ""partner_children"": null, ""partner_smoking"": null, ""relationship_goal"": null, ""relationship_pace"": null, ""relationship_structure"": null, ""relocate"": null, ""schedule"": null, ""smoking"": null, ""space_for_relationship"": null, ""wants_children"": null, ""who_to_meet"": null}"
syn_9391d425ee042265c3eb23c0e1ff2ee0,public_01,39,man,zone_a,False,synthetic_questionnaire,True,0,,,,,taking_time,,,,,,,,,,,,,,not_asked,not_asked,declined,not_asked,observed,not_asked,not_asked,not_asked,not_asked,not_asked,not_asked,declined,not_asked,not_asked,not_asked,not_asked,not_asked,not_asked,,,,,0,,,,,,,,,,,,,,"{""acceptable_zones"": null, ""age_max"": null, ""age_min"": null, ""conversations"": null, ""emotional_availability"": ""taking_time"", ""has_children"": null, ""lifestyle"": null, ""partner_children"": null, ""partner_smoking"": null, ""relationship_goal"": null, ""relationship_pace"": null, ""relationship_structure"": null, ""relocate"": null, ""schedule"": null, ""smoking"": null, ""space_for_relationship"": null, ""wants_children"": null, ""who_to_meet"": null}","{""acceptable_zones"": ""not_asked"", ""age_max"": ""not_asked"", ""age_min"": ""declined"", ""conversations"": ""not_asked"", ""emotional_availability"": ""observed"", ""has_children"": ""not_asked"", ""lifestyle"": ""not_asked"", ""partner_children"": ""not_asked"", ""partner_smoking"": ""not_asked"", ""relationship_goal"": ""not_asked"", ""relationship_pace"": ""not_asked"", ""relationship_structure"": ""declined"", ""relocate"": ""not_asked"", ""schedule"": ""not_asked"", ""smoking"": ""not_asked"", ""space_for_relationship"": ""not_asked"", ""wants_children"": ""not_asked"", ""who_to_meet"": ""not_asked""}","{""acceptable_zones"": null, ""age_max"": null, ""age_min"": null, ""conversations"": null, ""emotional_availability"": 0, ""has_children"": null, ""lifestyle"": null, ""partner_children"": null, ""partner_smoking"": null, ""relationship_goal"": null, ""relationship_pace"": null, ""relationship_structure"": null, ""relocate"": null, ""schedule"": null, ""smoking"": null, ""space_for_relationship"": null, ""wants_children"": null, ""who_to_meet"": null}"
syn_9c6986d8dc0b3fcddf89823f14169e58,public_01,28,man,zone_c,True,synthetic_questionnaire,True,11,"[""zone_c""]",35,22,ideas,taking_time,False,mixed,no_children,any,exploring,slow,monogamous,unsure,"[""weekday_evening"", ""weekend_day""]",no,ample,unsure,"[""man""]",observed,observed,observed,observed,observed,observed,observed,observed,observed,observed,observed,observed,observed,observed,observed,observed,observed,observed,11,11,11,11,11,11,11,11,11,11,11,11,11,11,11,11,11,11,"{""acceptable_zones"": [""zone_c""], ""age_max"": 35, ""age_min"": 22, ""conversations"": ""ideas"", ""emotional_availability"": ""taking_time"", ""has_children"": false, ""lifestyle"": ""mixed"", ""partner_children"": ""no_children"", ""partner_smoking"": ""any"", ""relationship_goal"": ""exploring"", ""relationship_pace"": ""slow"", ""relationship_structure"": ""monogamous"", ""relocate"": ""unsure"", ""schedule"": [""weekday_evening"", ""weekend_day""], ""smoking"": ""no"", ""space_for_relationship"": ""ample"", ""wants_children"": ""unsure"", ""who_to_meet"": [""man""]}","{""acceptable_zones"": ""observed"", ""age_max"": ""observed"", ""age_min"": ""observed"", ""conversations"": ""observed"", ""emotional_availability"": ""observed"", ""has_children"": ""observed"", ""lifestyle"": ""observed"", ""partner_children"": ""observed"", ""partner_smoking"": ""observed"", ""relationship_goal"": ""observed"", ""relationship_pace"": ""observed"", ""relationship_structure"": ""observed"", ""relocate"": ""observed"", ""schedule"": ""observed"", ""smoking"": ""observed"", ""space_for_relationship"": ""observed"", ""wants_children"": ""observed"", ""who_to_meet"": ""observed""}","{""acceptable_zones"": 11, ""age_max"": 11, ""age_min"": 11, ""conversations"": 11, ""emotional_availability"": 11, ""has_children"": 11, ""lifestyle"": 11, ""partner_children"": 11, ""partner_smoking"": 11, ""relationship_goal"": 11, ""relationship_pace"": 11, ""relationship_structure"": 11, ""relocate"": 11, ""schedule"": 11, ""smoking"": 11, ""space_for_relationship"": 11, ""wants_children"": 11, ""who_to_meet"": 11}"
syn_6017efd3cd8e375efdd4db43ec2dc45b,public_01,29,woman,zone_a,True,synthetic_questionnaire,True,4,"[""zone_a""]",35,25,practical,,False,,any,any,,,monogamous,,"[""weekend_day"", ""weekend_evening""]",occasionally,limited,yes,"[""woman"", ""man""]",observed,observed,observed,observed,not_asked,observed,not_asked,observed,observed,not_asked,not_asked,observed,declined,observed,observed,observed,observed,observed,6,6,6,4,,6,,6,6,,,6,,6,6,4,6,6,"{""acceptable_zones"": [""zone_a""], ""age_max"": 35, ""age_min"": 25, ""conversations"": ""practical"", ""emotional_availability"": null, ""has_children"": false, ""lifestyle"": null, ""partner_children"": ""any"", ""partner_smoking"": ""any"", ""relationship_goal"": null, ""relationship_pace"": null, ""relationship_structure"": ""monogamous"", ""relocate"": null, ""schedule"": [""weekend_day"", ""weekend_evening""], ""smoking"": ""occasionally"", ""space_for_relationship"": ""limited"", ""wants_children"": ""yes"", ""who_to_meet"": [""woman"", ""man""]}","{""acceptable_zones"": ""observed"", ""age_max"": ""observed"", ""age_min"": ""observed"", ""conversations"": ""observed"", ""emotional_availability"": ""not_asked"", ""has_children"": ""observed"", ""lifestyle"": ""not_asked"", ""partner_children"": ""observed"", ""partner_smoking"": ""observed"", ""relationship_goal"": ""not_asked"", ""relationship_pace"": ""not_asked"", ""relationship_structure"": ""observed"", ""relocate"": ""declined"", ""schedule"": ""observed"", ""smoking"": ""observed"", ""space_for_relationship"": ""observed"", ""wants_children"": ""observed"", ""who_to_meet"": ""observed""}","{""acceptable_zones"": 6, ""age_max"": 6, ""age_min"": 6, ""conversations"": 4, ""emotional_availability"": null, ""has_children"": 6, ""lifestyle"": null, ""partner_children"": 6, ""partner_smoking"": 6, ""relationship_goal"": null, ""relationship_pace"": null, ""relationship_structure"": 6, ""relocate"": null, ""schedule"": 6, ""smoking"": 6, ""space_for_relationship"": 4, ""wants_children"": 6, ""who_to_meet"": 6}"
syn_3eb46fe3b61edf24e84fa960dc05aa42,public_01,25,woman,zone_a,True,synthetic_questionnaire,True,0,,,,,,,,,,,,monogamous,,,,,,,not_asked,not_asked,not_asked,not_asked,not_asked,declined,not_asked,not_asked,not_asked,not_asked,not_asked,observed,not_asked,not_asked,not_asked,not_asked,not_asked,not_asked,,,,,,,,,,,,0,,,,,,,"{""acceptable_zones"": null, ""age_max"": null, ""age_min"": null, ""conversations"": null, ""emotional_availability"": null, ""has_children"": null, ""lifestyle"": null, ""partner_children"": null, ""partner_smoking"": null, ""relationship_goal"": null, ""relationship_pace"": null, ""relationship_structure"": ""monogamous"", ""relocate"": null, ""schedule"": null, ""smoking"": null, ""space_for_relationship"": null, ""wants_children"": null, ""who_to_meet"": null}","{""acceptable_zones"": ""not_asked"", ""age_max"": ""not_asked"", ""age_min"": ""not_asked"", ""conversations"": ""not_asked"", ""emotional_availability"": ""not_asked"", ""has_children"": ""declined"", ""lifestyle"": ""not_asked"", ""partner_children"": ""not_asked"", ""partner_smoking"": ""not_asked"", ""relationship_goal"": ""not_asked"", ""relationship_pace"": ""not_asked"", ""relationship_structure"": ""observed"", ""relocate"": ""not_asked"", ""schedule"": ""not_asked"", ""smoking"": ""not_asked"", ""space_for_relationship"": ""not_asked"", ""wants_children"": ""not_asked"", ""who_to_meet"": ""not_asked""}","{""acceptable_zones"": null, ""age_max"": null, ""age_min"": null, ""conversations"": null, ""emotional_availability"": null, ""has_children"": null, ""lifestyle"": null, ""partner_children"": null, ""partner_smoking"": null, ""relationship_goal"": null, ""relationship_pace"": null, ""relationship_structure"": 0, ""relocate"": null, ""schedule"": null, ""smoking"": null, ""space_for_relationship"": null, ""wants_children"": null, ""who_to_meet"": null}"
syn_40fca158c3a5de81b3f04b14563a3078,public_01,28,man,zone_c,True,synthetic_questionnaire,True,0,"[""zone_c""]",35,23,,,False,,no_children,no_smoking,,,monogamous,,"[""weekend_evening""]",no,,yes,"[""non_binary""]",observed,observed,observed,not_asked,not_asked,observed,not_asked,observed,observed,not_asked,not_asked,observed,not_asked,observed,observed,not_asked,observed,observed,6,6,6,,,6,,6,6,,,6,,6,6,,6,6,"{""acceptable_zones"": [""zone_c""], ""age_max"": 35, ""age_min"": 23, ""conversations"": null, ""emotional_availability"": null, ""has_children"": false, ""lifestyle"": null, ""partner_children"": ""no_children"", ""partner_smoking"": ""no_smoking"", ""relationship_goal"": null, ""relationship_pace"": null, ""relationship_structure"": ""monogamous"", ""relocate"": null, ""schedule"": [""weekend_evening""], ""smoking"": ""no"", ""space_for_relationship"": null, ""wants_children"": ""yes"", ""who_to_meet"": [""non_binary""]}","{""acceptable_zones"": ""observed"", ""age_max"": ""observed"", ""age_min"": ""observed"", ""conversations"": ""not_asked"", ""emotional_availability"": ""not_asked"", ""has_children"": ""observed"", ""lifestyle"": ""not_asked"", ""partner_children"": ""observed"", ""partner_smoking"": ""observed"", ""relationship_goal"": ""not_asked"", ""relationship_pace"": ""not_asked"", ""relationship_structure"": ""observed"", ""relocate"": ""not_asked"", ""schedule"": ""observed"", ""smoking"": ""observed"", ""space_for_relationship"": ""not_asked"", ""wants_children"": ""observed"", ""who_to_meet"": ""observed""}","{""acceptable_zones"": 6, ""age_max"": 6, ""age_min"": 6, ""conversations"": null, ""emotional_availability"": null, ""has_children"": 6, ""lifestyle"": null, ""partner_children"": 6, ""partner_smoking"": 6, ""relationship_goal"": null, ""relationship_pace"": null, ""relationship_structure"": 6, ""relocate"": null, ""schedule"": 6, ""smoking"": 6, ""space_for_relationship"": null, ""wants_children"": 6, ""who_to_meet"": 6}"
syn_9da4e693186eb8172f1dc52c443fb68f,public_01,41,woman,zone_a,True,synthetic_questionnaire,True,0,,,,,,,,,,,,,,,,,,"[""woman"", ""man"", ""non_binary""]",declined,not_asked,not_asked,not_asked,not_asked,not_asked,not_asked,not_asked,not_asked,not_asked,not_asked,not_asked,not_asked,not_asked,not_asked,not_asked,not_asked,observed,,,,,,,,,,,,,,,,,,0,"{""acceptable_zones"": null, ""age_max"": null, ""age_min"": null, ""conversations"": null, ""emotional_availability"": null, ""has_children"": null, ""lifestyle"": null, ""partner_children"": null, ""partner_smoking"": null, ""relationship_goal"": null, ""relationship_pace"": null, ""relationship_structure"": null, ""relocate"": null, ""schedule"": null, ""smoking"": null, ""space_for_relationship"": null, ""wants_children"": null, ""who_to_meet"": [""woman"", ""man"", ""non_binary""]}","{""acceptable_zones"": ""declined"", ""age_max"": ""not_asked"", ""age_min"": ""not_asked"", ""conversations"": ""not_asked"", ""emotional_availability"": ""not_asked"", ""has_children"": ""not_asked"", ""lifestyle"": ""not_asked"", ""partner_children"": ""not_asked"", ""partner_smoking"": ""not_asked"", ""relationship_goal"": ""not_asked"", ""relationship_pace"": ""not_asked"", ""relationship_structure"": ""not_asked"", ""relocate"": ""not_asked"", ""schedule"": ""not_asked"", ""smoking"": ""not_asked"", ""space_for_relationship"": ""not_asked"", ""wants_children"": ""not_asked"", ""who_to_meet"": ""observed""}","{""acceptable_zones"": null, ""age_max"": null, ""age_min"": null, ""conversations"": null, ""emotional_availability"": null, ""has_children"": null, ""lifestyle"": null, ""partner_children"": null, ""partner_smoking"": null, ""relationship_goal"": null, ""relationship_pace"": null, ""relationship_structure"": null, ""relocate"": null, ""schedule"": null, ""smoking"": null, ""space_for_relationship"": null, ""wants_children"": null, ""who_to_meet"": 0}"
syn_cb5ccb4d0ef4b2baee21637f3c7c12bb,public_01,23,woman,zone_a,True,synthetic_questionnaire,True,0,"[""zone_a""]",26,20,playful,ready,False,quiet,no_children,no_smoking,long_term,slow,monogamous,no,"[""weekend_day""]",no,ample,yes,"[""woman""]",observed,observed,observed,observed,observed,observed,observed,observed,observed,observed,observed,observed,observed,observed,observed,observed,observed,observed,0,0,0,0,0,0,0,0,0,0,0,0,0,0,0,0,0,0,"{""acceptable_zones"": [""zone_a""], ""age_max"": 26, ""age_min"": 20, ""conversations"": ""playful"", ""emotional_availability"": ""ready"", ""has_children"": false, ""lifestyle"": ""quiet"", ""partner_children"": ""no_children"", ""partner_smoking"": ""no_smoking"", ""relationship_goal"": ""long_term"", ""relationship_pace"": ""slow"", ""relationship_structure"": ""monogamous"", ""relocate"": ""no"", ""schedule"": [""weekend_day""], ""smoking"": ""no"", ""space_for_relationship"": ""ample"", ""wants_children"": ""yes"", ""who_to_meet"": [""woman""]}","{""acceptable_zones"": ""observed"", ""age_max"": ""observed"", ""age_min"": ""observed"", ""conversations"": ""observed"", ""emotional_availability"": ""observed"", ""has_children"": ""observed"", ""lifestyle"": ""observed"", ""partner_children"": ""observed"", ""partner_smoking"": ""observed"", ""relationship_goal"": ""observed"", ""relationship_pace"": ""observed"", ""relationship_structure"": ""observed"", ""relocate"": ""observed"", ""schedule"": ""observed"", ""smoking"": ""observed"", ""space_for_relationship"": ""observed"", ""wants_children"": ""observed"", ""who_to_meet"": ""observed""}","{""acceptable_zones"": 0, ""age_max"": 0, ""age_min"": 0, ""conversations"": 0, ""emotional_availability"": 0, ""has_children"": 0, ""lifestyle"": 0, ""partner_children"": 0, ""partner_smoking"": 0, ""relationship_goal"": 0, ""relationship_pace"": 0, ""relationship_structure"": 0, ""relocate"": 0, ""schedule"": 0, ""smoking"": 0, ""space_for_relationship"": 0, ""wants_children"": 0, ""who_to_meet"": 0}"
syn_da0425280e817cf099af8abcdd9116bf,public_01,39,woman,zone_a,False,synthetic_questionnaire,True,0,"[""zone_a""]",49,34,playful,taking_time,False,mixed,no_children,any,exploring,slow,monogamous,unsure,"[""weekday_evening"", ""weekend_evening"", ""weekend_day""]",no,ample,unsure,"[""woman""]",observed,observed,observed,observed,observed,observed,observed,observed,observed,observed,observed,observed,observed,observed,observed,observed,observed,observed,0,0,0,0,0,0,0,0,0,0,0,0,0,0,0,0,0,0,"{""acceptable_zones"": [""zone_a""], ""age_max"": 49, ""age_min"": 34, ""conversations"": ""playful"", ""emotional_availability"": ""taking_time"", ""has_children"": false, ""lifestyle"": ""mixed"", ""partner_children"": ""no_children"", ""partner_smoking"": ""any"", ""relationship_goal"": ""exploring"", ""relationship_pace"": ""slow"", ""relationship_structure"": ""monogamous"", ""relocate"": ""unsure"", ""schedule"": [""weekday_evening"", ""weekend_evening"", ""weekend_day""], ""smoking"": ""no"", ""space_for_relationship"": ""ample"", ""wants_children"": ""unsure"", ""who_to_meet"": [""woman""]}","{""acceptable_zones"": ""observed"", ""age_max"": ""observed"", ""age_min"": ""observed"", ""conversations"": ""observed"", ""emotional_availability"": ""observed"", ""has_children"": ""observed"", ""lifestyle"": ""observed"", ""partner_children"": ""observed"", ""partner_smoking"": ""observed"", ""relationship_goal"": ""observed"", ""relationship_pace"": ""observed"", ""relationship_structure"": ""observed"", ""relocate"": ""observed"", ""schedule"": ""observed"", ""smoking"": ""observed"", ""space_for_relationship"": ""observed"", ""wants_children"": ""observed"", ""who_to_meet"": ""observed""}","{""acceptable_zones"": 0, ""age_max"": 0, ""age_min"": 0, ""conversations"": 0, ""emotional_availability"": 0, ""has_children"": 0, ""lifestyle"": 0, ""partner_children"": 0, ""partner_smoking"": 0, ""relationship_goal"": 0, ""relationship_pace"": 0, ""relationship_structure"": 0, ""relocate"": 0, ""schedule"": 0, ""smoking"": 0, ""space_for_relationship"": 0, ""wants_children"": 0, ""who_to_meet"": 0}"
syn_dac6ff4452913f2419cdedcc570879e7,public_01,36,woman,zone_a,False,synthetic_questionnaire,True,19,"[""zone_a""]",42,27,,,False,quiet,any,any,,,monogamous,,"[""weekday_evening""]",no,,yes,"[""man"", ""woman"", ""non_binary""]",observed,observed,observed,not_asked,not_asked,observed,observed,observed,observed,not_asked,not_asked,observed,not_asked,observed,observed,not_asked,observed,observed,19,19,19,,,19,19,19,19,,,19,,19,19,,19,19,"{""acceptable_zones"": [""zone_a""], ""age_max"": 42, ""age_min"": 27, ""conversations"": null, ""emotional_availability"": null, ""has_children"": false, ""lifestyle"": ""quiet"", ""partner_children"": ""any"", ""partner_smoking"": ""any"", ""relationship_goal"": null, ""relationship_pace"": null, ""relationship_structure"": ""monogamous"", ""relocate"": null, ""schedule"": [""weekday_evening""], ""smoking"": ""no"", ""space_for_relationship"": null, ""wants_children"": ""yes"", ""who_to_meet"": [""man"", ""woman"", ""non_binary""]}","{""acceptable_zones"": ""observed"", ""age_max"": ""observed"", ""age_min"": ""observed"", ""conversations"": ""not_asked"", ""emotional_availability"": ""not_asked"", ""has_children"": ""observed"", ""lifestyle"": ""observed"", ""partner_children"": ""observed"", ""partner_smoking"": ""observed"", ""relationship_goal"": ""not_asked"", ""relationship_pace"": ""not_asked"", ""relationship_structure"": ""observed"", ""relocate"": ""not_asked"", ""schedule"": ""observed"", ""smoking"": ""observed"", ""space_for_relationship"": ""not_asked"", ""wants_children"": ""observed"", ""who_to_meet"": ""observed""}","{""acceptable_zones"": 19, ""age_max"": 19, ""age_min"": 19, ""conversations"": null, ""emotional_availability"": null, ""has_children"": 19, ""lifestyle"": 19, ""partner_children"": 19, ""partner_smoking"": 19, ""relationship_goal"": null, ""relationship_pace"": null, ""relationship_structure"": 19, ""relocate"": null, ""schedule"": 19, ""smoking"": 19, ""space_for_relationship"": null, ""wants_children"": 19, ""who_to_meet"": 19}"
syn_5eb7675a170d4c9c9cb3eb2bddc13cb0,public_01,42,man,zone_c,True,synthetic_questionnaire,True,19,"[""zone_c""]",46,34,,,False,,no_children,any,,,monogamous,,"[""weekend_day""]",no,,no,"[""woman""]",observed,observed,observed,not_asked,not_asked,observed,not_asked,observed,observed,not_asked,not_asked,observed,not_asked,observed,observed,not_asked,observed,observed,19,19,19,,,19,,19,19,,,19,,19,19,,19,19,"{""acceptable_zones"": [""zone_c""], ""age_max"": 46, ""age_min"": 34, ""conversations"": null, ""emotional_availability"": null, ""has_children"": false, ""lifestyle"": null, ""partner_children"": ""no_children"", ""partner_smoking"": ""any"", ""relationship_goal"": null, ""relationship_pace"": null, ""relationship_structure"": ""monogamous"", ""relocate"": null, ""schedule"": [""weekend_day""], ""smoking"": ""no"", ""space_for_relationship"": null, ""wants_children"": ""no"", ""who_to_meet"": [""woman""]}","{""acceptable_zones"": ""observed"", ""age_max"": ""observed"", ""age_min"": ""observed"", ""conversations"": ""not_asked"", ""emotional_availability"": ""not_asked"", ""has_children"": ""observed"", ""lifestyle"": ""not_asked"", ""partner_children"": ""observed"", ""partner_smoking"": ""observed"", ""relationship_goal"": ""not_asked"", ""relationship_pace"": ""not_asked"", ""relationship_structure"": ""observed"", ""relocate"": ""not_asked"", ""schedule"": ""observed"", ""smoking"": ""observed"", ""space_for_relationship"": ""not_asked"", ""wants_children"": ""observed"", ""who_to_meet"": ""observed""}","{""acceptable_zones"": 19, ""age_max"": 19, ""age_min"": 19, ""conversations"": null, ""emotional_availability"": null, ""has_children"": 19, ""lifestyle"": null, ""partner_children"": 19, ""partner_smoking"": 19, ""relationship_goal"": null, ""relationship_pace"": null, ""relationship_structure"": 19, ""relocate"": null, ""schedule"": 19, ""smoking"": 19, ""space_for_relationship"": null, ""wants_children"": 19, ""who_to_meet"": 19}"
syn_35ab79b5533fa22141fdac0b8e1f54f6,public_01,40,woman,zone_b,True,synthetic_questionnaire,True,10,"[""zone_b""]",,,,,,,,,,,monogamous,,,,moderate,no,"[""woman""]",observed,not_asked,not_asked,not_asked,not_asked,not_asked,not_asked,not_asked,declined,not_asked,not_asked,observed,not_asked,not_asked,not_asked,observed,observed,observed,10,,,,,,,,,,,10,,,,10,10,10,"{""acceptable_zones"": [""zone_b""], ""age_max"": null, ""age_min"": null, ""conversations"": null, ""emotional_availability"": null, ""has_children"": null, ""lifestyle"": null, ""partner_children"": null, ""partner_smoking"": null, ""relationship_goal"": null, ""relationship_pace"": null, ""relationship_structure"": ""monogamous"", ""relocate"": null, ""schedule"": null, ""smoking"": null, ""space_for_relationship"": ""moderate"", ""wants_children"": ""no"", ""who_to_meet"": [""woman""]}","{""acceptable_zones"": ""observed"", ""age_max"": ""not_asked"", ""age_min"": ""not_asked"", ""conversations"": ""not_asked"", ""emotional_availability"": ""not_asked"", ""has_children"": ""not_asked"", ""lifestyle"": ""not_asked"", ""partner_children"": ""not_asked"", ""partner_smoking"": ""declined"", ""relationship_goal"": ""not_asked"", ""relationship_pace"": ""not_asked"", ""relationship_structure"": ""observed"", ""relocate"": ""not_asked"", ""schedule"": ""not_asked"", ""smoking"": ""not_asked"", ""space_for_relationship"": ""observed"", ""wants_children"": ""observed"", ""who_to_meet"": ""observed""}","{""acceptable_zones"": 10, ""age_max"": null, ""age_min"": null, ""conversations"": null, ""emotional_availability"": null, ""has_children"": null, ""lifestyle"": null, ""partner_children"": null, ""partner_smoking"": null, ""relationship_goal"": null, ""relationship_pace"": null, ""relationship_structure"": 10, ""relocate"": null, ""schedule"": null, ""smoking"": null, ""space_for_relationship"": 10, ""wants_children"": 10, ""who_to_meet"": 10}"
syn_ce55981e45ac6f27b30673e97f790453,public_01,33,man,zone_a,False,synthetic_questionnaire,True,0,"[""zone_a""]",38,30,playful,taking_time,False,quiet,no_children,no_smoking,exploring,steady,monogamous,yes,"[""weekday_evening""]",no,ample,yes,"[""man"", ""non_binary"", ""woman""]",observed,observed,observed,observed,observed,observed,observed,observed,observed,observed,observed,observed,observed,observed,observed,observed,observed,observed,0,0,0,0,0,0,0,0,0,0,0,0,0,0,0,0,0,0,"{""acceptable_zones"": [""zone_a""], ""age_max"": 38, ""age_min"": 30, ""conversations"": ""playful"", ""emotional_availability"": ""taking_time"", ""has_children"": false, ""lifestyle"": ""quiet"", ""partner_children"": ""no_children"", ""partner_smoking"": ""no_smoking"", ""relationship_goal"": ""exploring"", ""relationship_pace"": ""steady"", ""relationship_structure"": ""monogamous"", ""relocate"": ""yes"", ""schedule"": [""weekday_evening""], ""smoking"": ""no"", ""space_for_relationship"": ""ample"", ""wants_children"": ""yes"", ""who_to_meet"": [""man"", ""non_binary"", ""woman""]}","{""acceptable_zones"": ""observed"", ""age_max"": ""observed"", ""age_min"": ""observed"", ""conversations"": ""observed"", ""emotional_availability"": ""observed"", ""has_children"": ""observed"", ""lifestyle"": ""observed"", ""partner_children"": ""observed"", ""partner_smoking"": ""observed"", ""relationship_goal"": ""observed"", ""relationship_pace"": ""observed"", ""relationship_structure"": ""observed"", ""relocate"": ""observed"", ""schedule"": ""observed"", ""smoking"": ""observed"", ""space_for_relationship"": ""observed"", ""wants_children"": ""observed"", ""who_to_meet"": ""observed""}","{""acceptable_zones"": 0, ""age_max"": 0, ""age_min"": 0, ""conversations"": 0, ""emotional_availability"": 0, ""has_children"": 0, ""lifestyle"": 0, ""partner_children"": 0, ""partner_smoking"": 0, ""relationship_goal"": 0, ""relationship_pace"": 0, ""relationship_structure"": 0, ""relocate"": 0, ""schedule"": 0, ""smoking"": 0, ""space_for_relationship"": 0, ""wants_children"": 0, ""who_to_meet"": 0}"
syn_40034af6b0a451eb3f8696ca42dccc20,public_01,36,woman,zone_a,True,synthetic_questionnaire,True,20,,,,,,,,,,,,,,,,,,,not_asked,not_asked,not_asked,not_asked,not_asked,not_asked,not_asked,not_asked,declined,not_asked,not_asked,not_asked,not_asked,not_asked,not_asked,not_asked,not_asked,not_asked,,,,,,,,,,,,,,,,,,,"{""acceptable_zones"": null, ""age_max"": null, ""age_min"": null, ""conversations"": null, ""emotional_availability"": null, ""has_children"": null, ""lifestyle"": null, ""partner_children"": null, ""partner_smoking"": null, ""relationship_goal"": null, ""relationship_pace"": null, ""relationship_structure"": null, ""relocate"": null, ""schedule"": null, ""smoking"": null, ""space_for_relationship"": null, ""wants_children"": null, ""who_to_meet"": null}","{""acceptable_zones"": ""not_asked"", ""age_max"": ""not_asked"", ""age_min"": ""not_asked"", ""conversations"": ""not_asked"", ""emotional_availability"": ""not_asked"", ""has_children"": ""not_asked"", ""lifestyle"": ""not_asked"", ""partner_children"": ""not_asked"", ""partner_smoking"": ""declined"", ""relationship_goal"": ""not_asked"", ""relationship_pace"": ""not_asked"", ""relationship_structure"": ""not_asked"", ""relocate"": ""not_asked"", ""schedule"": ""not_asked"", ""smoking"": ""not_asked"", ""space_for_relationship"": ""not_asked"", ""wants_children"": ""not_asked"", ""who_to_meet"": ""not_asked""}","{""acceptable_zones"": null, ""age_max"": null, ""age_min"": null, ""conversations"": null, ""emotional_availability"": null, ""has_children"": null, ""lifestyle"": null, ""partner_children"": null, ""partner_smoking"": null, ""relationship_goal"": null, ""relationship_pace"": null, ""relationship_structure"": null, ""relocate"": null, ""schedule"": null, ""smoking"": null, ""space_for_relationship"": null, ""wants_children"": null, ""who_to_meet"": null}"
syn_d6ad59a4ab6472f5462171e76ecf1fd5,public_01,34,man,zone_b,True,synthetic_questionnaire,True,0,"[""zone_b""]",42,27,,,False,,no_children,no_smoking,,,monogamous,,"[""weekday_evening"", ""weekend_day"", ""weekend_evening""]",no,,no,"[""woman""]",observed,observed,observed,not_asked,not_asked,observed,not_asked,observed,observed,not_asked,not_asked,observed,not_asked,observed,observed,not_asked,observed,observed,6,6,6,,,6,,6,6,,,6,,6,6,,6,6,"{""acceptable_zones"": [""zone_b""], ""age_max"": 42, ""age_min"": 27, ""conversations"": null, ""emotional_availability"": null, ""has_children"": false, ""lifestyle"": null, ""partner_children"": ""no_children"", ""partner_smoking"": ""no_smoking"", ""relationship_goal"": null, ""relationship_pace"": null, ""relationship_structure"": ""monogamous"", ""relocate"": null, ""schedule"": [""weekday_evening"", ""weekend_day"", ""weekend_evening""], ""smoking"": ""no"", ""space_for_relationship"": null, ""wants_children"": ""no"", ""who_to_meet"": [""woman""]}","{""acceptable_zones"": ""observed"", ""age_max"": ""observed"", ""age_min"": ""observed"", ""conversations"": ""not_asked"", ""emotional_availability"": ""not_asked"", ""has_children"": ""observed"", ""lifestyle"": ""not_asked"", ""partner_children"": ""observed"", ""partner_smoking"": ""observed"", ""relationship_goal"": ""not_asked"", ""relationship_pace"": ""not_asked"", ""relationship_structure"": ""observed"", ""relocate"": ""not_asked"", ""schedule"": ""observed"", ""smoking"": ""observed"", ""space_for_relationship"": ""not_asked"", ""wants_children"": ""observed"", ""who_to_meet"": ""observed""}","{""acceptable_zones"": 6, ""age_max"": 6, ""age_min"": 6, ""conversations"": null, ""emotional_availability"": null, ""has_children"": 6, ""lifestyle"": null, ""partner_children"": 6, ""partner_smoking"": 6, ""relationship_goal"": null, ""relationship_pace"": null, ""relationship_structure"": 6, ""relocate"": null, ""schedule"": 6, ""smoking"": 6, ""space_for_relationship"": null, ""wants_children"": 6, ""who_to_meet"": 6}"
syn_67b98a758839f66495dad68189ea28e0,public_01,22,woman,zone_a,True,synthetic_questionnaire,True,20,,,,,,,quiet,,,,,,,,,,,,not_asked,not_asked,not_asked,not_asked,not_asked,not_asked,observed,declined,not_asked,not_asked,not_asked,not_asked,not_asked,not_asked,not_asked,not_asked,not_asked,not_asked,,,,,,,20,,,,,,,,,,,,"{""acceptable_zones"": null, ""age_max"": null, ""age_min"": null, ""conversations"": null, ""emotional_availability"": null, ""has_children"": null, ""lifestyle"": ""quiet"", ""partner_children"": null, ""partner_smoking"": null, ""relationship_goal"": null, ""relationship_pace"": null, ""relationship_structure"": null, ""relocate"": null, ""schedule"": null, ""smoking"": null, ""space_for_relationship"": null, ""wants_children"": null, ""who_to_meet"": null}","{""acceptable_zones"": ""not_asked"", ""age_max"": ""not_asked"", ""age_min"": ""not_asked"", ""conversations"": ""not_asked"", ""emotional_availability"": ""not_asked"", ""has_children"": ""not_asked"", ""lifestyle"": ""observed"", ""partner_children"": ""declined"", ""partner_smoking"": ""not_asked"", ""relationship_goal"": ""not_asked"", ""relationship_pace"": ""not_asked"", ""relationship_structure"": ""not_asked"", ""relocate"": ""not_asked"", ""schedule"": ""not_asked"", ""smoking"": ""not_asked"", ""space_for_relationship"": ""not_asked"", ""wants_children"": ""not_asked"", ""who_to_meet"": ""not_asked""}","{""acceptable_zones"": null, ""age_max"": null, ""age_min"": null, ""conversations"": null, ""emotional_availability"": null, ""has_children"": null, ""lifestyle"": 20, ""partner_children"": null, ""partner_smoking"": null, ""relationship_goal"": null, ""relationship_pace"": null, ""relationship_structure"": null, ""relocate"": null, ""schedule"": null, ""smoking"": null, ""space_for_relationship"": null, ""wants_children"": null, ""who_to_meet"": null}"
syn_15c58533d97d59cd8fa8f6889005853b,public_01,38,man,zone_a,False,synthetic_questionnaire,True,0,"[""zone_a""]",47,32,,,True,,any,no_smoking,exploring,,monogamous,,"[""weekday_evening"", ""weekend_day"", ""weekend_evening""]",no,,unsure,"[""woman"", ""man""]",observed,observed,observed,not_asked,not_asked,observed,not_asked,observed,observed,observed,not_asked,observed,not_asked,observed,observed,not_asked,observed,observed,7,7,7,,,7,,7,7,0,,7,,7,7,,7,7,"{""acceptable_zones"": [""zone_a""], ""age_max"": 47, ""age_min"": 32, ""conversations"": null, ""emotional_availability"": null, ""has_children"": true, ""lifestyle"": null, ""partner_children"": ""any"", ""partner_smoking"": ""no_smoking"", ""relationship_goal"": ""exploring"", ""relationship_pace"": null, ""relationship_structure"": ""monogamous"", ""relocate"": null, ""schedule"": [""weekday_evening"", ""weekend_day"", ""weekend_evening""], ""smoking"": ""no"", ""space_for_relationship"": null, ""wants_children"": ""unsure"", ""who_to_meet"": [""woman"", ""man""]}","{""acceptable_zones"": ""observed"", ""age_max"": ""observed"", ""age_min"": ""observed"", ""conversations"": ""not_asked"", ""emotional_availability"": ""not_asked"", ""has_children"": ""observed"", ""lifestyle"": ""not_asked"", ""partner_children"": ""observed"", ""partner_smoking"": ""observed"", ""relationship_goal"": ""observed"", ""relationship_pace"": ""not_asked"", ""relationship_structure"": ""observed"", ""relocate"": ""not_asked"", ""schedule"": ""observed"", ""smoking"": ""observed"", ""space_for_relationship"": ""not_asked"", ""wants_children"": ""observed"", ""who_to_meet"": ""observed""}","{""acceptable_zones"": 7, ""age_max"": 7, ""age_min"": 7, ""conversations"": null, ""emotional_availability"": null, ""has_children"": 7, ""lifestyle"": null, ""partner_children"": 7, ""partner_smoking"": 7, ""relationship_goal"": 0, ""relationship_pace"": null, ""relationship_structure"": 7, ""relocate"": null, ""schedule"": 7, ""smoking"": 7, ""space_for_relationship"": null, ""wants_children"": 7, ""who_to_meet"": 7}"
syn_2c5890b4a7795ece2ecfaa5e16ad4013,public_01,43,man,zone_c,True,synthetic_questionnaire,True,0,"[""zone_c"", ""zone_a""]",52,37,stories,taking_time,False,mixed,no_children,no_smoking,exploring,steady,monogamous,yes,"[""weekend_evening"", ""weekday_evening"", ""weekend_day""]",occasionally,moderate,yes,"[""woman""]",observed,observed,observed,observed,observed,observed,observed,observed,observed,observed,observed,observed,observed,observed,observed,observed,observed,observed,0,0,0,0,0,0,0,0,0,0,0,0,0,0,0,0,0,0,"{""acceptable_zones"": [""zone_c"", ""zone_a""], ""age_max"": 52, ""age_min"": 37, ""conversations"": ""stories"", ""emotional_availability"": ""taking_time"", ""has_children"": false, ""lifestyle"": ""mixed"", ""partner_children"": ""no_children"", ""partner_smoking"": ""no_smoking"", ""relationship_goal"": ""exploring"", ""relationship_pace"": ""steady"", ""relationship_structure"": ""monogamous"", ""relocate"": ""yes"", ""schedule"": [""weekend_evening"", ""weekday_evening"", ""weekend_day""], ""smoking"": ""occasionally"", ""space_for_relationship"": ""moderate"", ""wants_children"": ""yes"", ""who_to_meet"": [""woman""]}","{""acceptable_zones"": ""observed"", ""age_max"": ""observed"", ""age_min"": ""observed"", ""conversations"": ""observed"", ""emotional_availability"": ""observed"", ""has_children"": ""observed"", ""lifestyle"": ""observed"", ""partner_children"": ""observed"", ""partner_smoking"": ""observed"", ""relationship_goal"": ""observed"", ""relationship_pace"": ""observed"", ""relationship_structure"": ""observed"", ""relocate"": ""observed"", ""schedule"": ""observed"", ""smoking"": ""observed"", ""space_for_relationship"": ""observed"", ""wants_children"": ""observed"", ""who_to_meet"": ""observed""}","{""acceptable_zones"": 0, ""age_max"": 0, ""age_min"": 0, ""conversations"": 0, ""emotional_availability"": 0, ""has_children"": 0, ""lifestyle"": 0, ""partner_children"": 0, ""partner_smoking"": 0, ""relationship_goal"": 0, ""relationship_pace"": 0, ""relationship_structure"": 0, ""relocate"": 0, ""schedule"": 0, ""smoking"": 0, ""space_for_relationship"": 0, ""wants_children"": 0, ""who_to_meet"": 0}"
syn_5ff29e162802b2f86baeec3e8fa5c3ed,public_01,45,man,zone_a,True,synthetic_questionnaire,True,0,,,,,,,,,,,,,,,occasionally,,,,not_asked,declined,not_asked,not_asked,not_asked,not_asked,not_asked,not_asked,not_asked,not_asked,not_asked,not_asked,not_asked,not_asked,observed,not_asked,not_asked,not_asked,,,,,,,,,,,,,,,0,,,,"{""acceptable_zones"": null, ""age_max"": null, ""age_min"": null, ""conversations"": null, ""emotional_availability"": null, ""has_children"": null, ""lifestyle"": null, ""partner_children"": null, ""partner_smoking"": null, ""relationship_goal"": null, ""relationship_pace"": null, ""relationship_structure"": null, ""relocate"": null, ""schedule"": null, ""smoking"": ""occasionally"", ""space_for_relationship"": null, ""wants_children"": null, ""who_to_meet"": null}","{""acceptable_zones"": ""not_asked"", ""age_max"": ""declined"", ""age_min"": ""not_asked"", ""conversations"": ""not_asked"", ""emotional_availability"": ""not_asked"", ""has_children"": ""not_asked"", ""lifestyle"": ""not_asked"", ""partner_children"": ""not_asked"", ""partner_smoking"": ""not_asked"", ""relationship_goal"": ""not_asked"", ""relationship_pace"": ""not_asked"", ""relationship_structure"": ""not_asked"", ""relocate"": ""not_asked"", ""schedule"": ""not_asked"", ""smoking"": ""observed"", ""space_for_relationship"": ""not_asked"", ""wants_children"": ""not_asked"", ""who_to_meet"": ""not_asked""}","{""acceptable_zones"": null, ""age_max"": null, ""age_min"": null, ""conversations"": null, ""emotional_availability"": null, ""has_children"": null, ""lifestyle"": null, ""partner_children"": null, ""partner_smoking"": null, ""relationship_goal"": null, ""relationship_pace"": null, ""relationship_structure"": null, ""relocate"": null, ""schedule"": null, ""smoking"": 0, ""space_for_relationship"": null, ""wants_children"": null, ""who_to_meet"": null}"
syn_a4470a91615e4c221039e2f57bab28d9,public_01,41,man,zone_a,True,synthetic_questionnaire,True,0,"[""zone_a""]",,,,,,,,,,,,no,"[""weekday_evening"", ""weekend_evening""]",,,,,observed,not_asked,not_asked,not_asked,not_asked,not_asked,not_asked,declined,not_asked,not_asked,not_asked,not_asked,observed,observed,not_asked,not_asked,not_asked,declined,0,,,,,,,,,,,,0,0,,,,,"{""acceptable_zones"": [""zone_a""], ""age_max"": null, ""age_min"": null, ""conversations"": null, ""emotional_availability"": null, ""has_children"": null, ""lifestyle"": null, ""partner_children"": null, ""partner_smoking"": null, ""relationship_goal"": null, ""relationship_pace"": null, ""relationship_structure"": null, ""relocate"": ""no"", ""schedule"": [""weekday_evening"", ""weekend_evening""], ""smoking"": null, ""space_for_relationship"": null, ""wants_children"": null, ""who_to_meet"": null}","{""acceptable_zones"": ""observed"", ""age_max"": ""not_asked"", ""age_min"": ""not_asked"", ""conversations"": ""not_asked"", ""emotional_availability"": ""not_asked"", ""has_children"": ""not_asked"", ""lifestyle"": ""not_asked"", ""partner_children"": ""declined"", ""partner_smoking"": ""not_asked"", ""relationship_goal"": ""not_asked"", ""relationship_pace"": ""not_asked"", ""relationship_structure"": ""not_asked"", ""relocate"": ""observed"", ""schedule"": ""observed"", ""smoking"": ""not_asked"", ""space_for_relationship"": ""not_asked"", ""wants_children"": ""not_asked"", ""who_to_meet"": ""declined""}","{""acceptable_zones"": 0, ""age_max"": null, ""age_min"": null, ""conversations"": null, ""emotional_availability"": null, ""has_children"": null, ""lifestyle"": null, ""partner_children"": null, ""partner_smoking"": null, ""relationship_goal"": null, ""relationship_pace"": null, ""relationship_structure"": null, ""relocate"": 0, ""schedule"": 0, ""smoking"": null, ""space_for_relationship"": null, ""wants_children"": null, ""who_to_meet"": null}"
syn_5c806a8d5045685cf1ea5b9707ccb5e1,public_01,46,woman,zone_b,True,synthetic_questionnaire,True,0,,,,,,,,,,,quick,,,,,,no,,not_asked,declined,not_asked,not_asked,not_asked,not_asked,not_asked,not_asked,not_asked,not_asked,observed,not_asked,not_asked,not_asked,not_asked,not_asked,observed,not_asked,,,,,,,,,,,0,,,,,,0,,"{""acceptable_zones"": null, ""age_max"": null, ""age_min"": null, ""conversations"": null, ""emotional_availability"": null, ""has_children"": null, ""lifestyle"": null, ""partner_children"": null, ""partner_smoking"": null, ""relationship_goal"": null, ""relationship_pace"": ""quick"", ""relationship_structure"": null, ""relocate"": null, ""schedule"": null, ""smoking"": null, ""space_for_relationship"": null, ""wants_children"": ""no"", ""who_to_meet"": null}","{""acceptable_zones"": ""not_asked"", ""age_max"": ""declined"", ""age_min"": ""not_asked"", ""conversations"": ""not_asked"", ""emotional_availability"": ""not_asked"", ""has_children"": ""not_asked"", ""lifestyle"": ""not_asked"", ""partner_children"": ""not_asked"", ""partner_smoking"": ""not_asked"", ""relationship_goal"": ""not_asked"", ""relationship_pace"": ""observed"", ""relationship_structure"": ""not_asked"", ""relocate"": ""not_asked"", ""schedule"": ""not_asked"", ""smoking"": ""not_asked"", ""space_for_relationship"": ""not_asked"", ""wants_children"": ""observed"", ""who_to_meet"": ""not_asked""}","{""acceptable_zones"": null, ""age_max"": null, ""age_min"": null, ""conversations"": null, ""emotional_availability"": null, ""has_children"": null, ""lifestyle"": null, ""partner_children"": null, ""partner_smoking"": null, ""relationship_goal"": null, ""relationship_pace"": 0, ""relationship_structure"": null, ""relocate"": null, ""schedule"": null, ""smoking"": null, ""space_for_relationship"": null, ""wants_children"": 0, ""who_to_meet"": null}"
syn_67cdce759ac795490a634e522b0e149d,public_01,34,woman,zone_a,True,synthetic_questionnaire,True,0,"[""zone_a"", ""zone_d""]",42,27,,,False,,any,any,,,non_monogamous,no,"[""weekday_evening"", ""weekend_evening""]",occasionally,,unsure,"[""woman""]",observed,observed,observed,not_asked,not_asked,observed,not_asked,observed,observed,not_asked,not_asked,observed,observed,observed,observed,not_asked,observed,observed,7,7,7,,,7,,7,7,,,7,0,7,7,,7,7,"{""acceptable_zones"": [""zone_a"", ""zone_d""], ""age_max"": 42, ""age_min"": 27, ""conversations"": null, ""emotional_availability"": null, ""has_children"": false, ""lifestyle"": null, ""partner_children"": ""any"", ""partner_smoking"": ""any"", ""relationship_goal"": null, ""relationship_pace"": null, ""relationship_structure"": ""non_monogamous"", ""relocate"": ""no"", ""schedule"": [""weekday_evening"", ""weekend_evening""], ""smoking"": ""occasionally"", ""space_for_relationship"": null, ""wants_children"": ""unsure"", ""who_to_meet"": [""woman""]}","{""acceptable_zones"": ""observed"", ""age_max"": ""observed"", ""age_min"": ""observed"", ""conversations"": ""not_asked"", ""emotional_availability"": ""not_asked"", ""has_children"": ""observed"", ""lifestyle"": ""not_asked"", ""partner_children"": ""observed"", ""partner_smoking"": ""observed"", ""relationship_goal"": ""not_asked"", ""relationship_pace"": ""not_asked"", ""relationship_structure"": ""observed"", ""relocate"": ""observed"", ""schedule"": ""observed"", ""smoking"": ""observed"", ""space_for_relationship"": ""not_asked"", ""wants_children"": ""observed"", ""who_to_meet"": ""observed""}","{""acceptable_zones"": 7, ""age_max"": 7, ""age_min"": 7, ""conversations"": null, ""emotional_availability"": null, ""has_children"": 7, ""lifestyle"": null, ""partner_children"": 7, ""partner_smoking"": 7, ""relationship_goal"": null, ""relationship_pace"": null, ""relationship_structure"": 7, ""relocate"": 0, ""schedule"": 7, ""smoking"": 7, ""space_for_relationship"": null, ""wants_children"": 7, ""who_to_meet"": 7}"
syn_06f633e91f6cc6de4b2980f5d49103f5,public_01,27,man,zone_a,True,synthetic_questionnaire,True,0,,,,,,,,,,,,,,,,,,,not_asked,not_asked,not_asked,not_asked,not_asked,not_asked,not_asked,not_asked,not_asked,not_asked,not_asked,not_asked,not_asked,not_asked,declined,not_asked,not_asked,not_asked,,,,,,,,,,,,,,,,,,,"{""acceptable_zones"": null, ""age_max"": null, ""age_min"": null, ""conversations"": null, ""emotional_availability"": null, ""has_children"": null, ""lifestyle"": null, ""partner_children"": null, ""partner_smoking"": null, ""relationship_goal"": null, ""relationship_pace"": null, ""relationship_structure"": null, ""relocate"": null, ""schedule"": null, ""smoking"": null, ""space_for_relationship"": null, ""wants_children"": null, ""who_to_meet"": null}","{""acceptable_zones"": ""not_asked"", ""age_max"": ""not_asked"", ""age_min"": ""not_asked"", ""conversations"": ""not_asked"", ""emotional_availability"": ""not_asked"", ""has_children"": ""not_asked"", ""lifestyle"": ""not_asked"", ""partner_children"": ""not_asked"", ""partner_smoking"": ""not_asked"", ""relationship_goal"": ""not_asked"", ""relationship_pace"": ""not_asked"", ""relationship_structure"": ""not_asked"", ""relocate"": ""not_asked"", ""schedule"": ""not_asked"", ""smoking"": ""declined"", ""space_for_relationship"": ""not_asked"", ""wants_children"": ""not_asked"", ""who_to_meet"": ""not_asked""}","{""acceptable_zones"": null, ""age_max"": null, ""age_min"": null, ""conversations"": null, ""emotional_availability"": null, ""has_children"": null, ""lifestyle"": null, ""partner_children"": null, ""partner_smoking"": null, ""relationship_goal"": null, ""relationship_pace"": null, ""relationship_structure"": null, ""relocate"": null, ""schedule"": null, ""smoking"": null, ""space_for_relationship"": null, ""wants_children"": null, ""who_to_meet"": null}"
syn_b6cdf8cef8bb377af90ad0257f3c0b91,public_01,32,woman,zone_a,True,synthetic_questionnaire,True,0,,,,,,,,,,,,,,,,,,,not_asked,not_asked,not_asked,not_asked,not_asked,declined,not_asked,not_asked,not_asked,not_asked,not_asked,not_asked,not_asked,not_asked,not_asked,not_asked,not_asked,not_asked,,,,,,,,,,,,,,,,,,,"{""acceptable_zones"": null, ""age_max"": null, ""age_min"": null, ""conversations"": null, ""emotional_availability"": null, ""has_children"": null, ""lifestyle"": null, ""partner_children"": null, ""partner_smoking"": null, ""relationship_goal"": null, ""relationship_pace"": null, ""relationship_structure"": null, ""relocate"": null, ""schedule"": null, ""smoking"": null, ""space_for_relationship"": null, ""wants_children"": null, ""who_to_meet"": null}","{""acceptable_zones"": ""not_asked"", ""age_max"": ""not_asked"", ""age_min"": ""not_asked"", ""conversations"": ""not_asked"", ""emotional_availability"": ""not_asked"", ""has_children"": ""declined"", ""lifestyle"": ""not_asked"", ""partner_children"": ""not_asked"", ""partner_smoking"": ""not_asked"", ""relationship_goal"": ""not_asked"", ""relationship_pace"": ""not_asked"", ""relationship_structure"": ""not_asked"", ""relocate"": ""not_asked"", ""schedule"": ""not_asked"", ""smoking"": ""not_asked"", ""space_for_relationship"": ""not_asked"", ""wants_children"": ""not_asked"", ""who_to_meet"": ""not_asked""}","{""acceptable_zones"": null, ""age_max"": null, ""age_min"": null, ""conversations"": null, ""emotional_availability"": null, ""has_children"": null, ""lifestyle"": null, ""partner_children"": null, ""partner_smoking"": null, ""relationship_goal"": null, ""relationship_pace"": null, ""relationship_structure"": null, ""relocate"": null, ""schedule"": null, ""smoking"": null, ""space_for_relationship"": null, ""wants_children"": null, ""who_to_meet"": null}"
syn_4604a63804f7f7a1e9080fbb4433cece,public_01,27,man,zone_a,False,synthetic_questionnaire,True,0,"[""zone_a""]",32,21,,,False,,no_children,any,,,monogamous,,"[""weekend_evening"", ""weekday_evening"", ""weekend_day""]",no,,no,"[""woman"", ""man""]",observed,observed,observed,not_asked,not_asked,observed,declined,observed,observed,not_asked,not_asked,observed,not_asked,observed,observed,not_asked,observed,observed,7,7,7,,,7,,7,7,,,7,,7,7,,7,7,"{""acceptable_zones"": [""zone_a""], ""age_max"": 32, ""age_min"": 21, ""conversations"": null, ""emotional_availability"": null, ""has_children"": false, ""lifestyle"": null, ""partner_children"": ""no_children"", ""partner_smoking"": ""any"", ""relationship_goal"": null, ""relationship_pace"": null, ""relationship_structure"": ""monogamous"", ""relocate"": null, ""schedule"": [""weekend_evening"", ""weekday_evening"", ""weekend_day""], ""smoking"": ""no"", ""space_for_relationship"": null, ""wants_children"": ""no"", ""who_to_meet"": [""woman"", ""man""]}","{""acceptable_zones"": ""observed"", ""age_max"": ""observed"", ""age_min"": ""observed"", ""conversations"": ""not_asked"", ""emotional_availability"": ""not_asked"", ""has_children"": ""observed"", ""lifestyle"": ""declined"", ""partner_children"": ""observed"", ""partner_smoking"": ""observed"", ""relationship_goal"": ""not_asked"", ""relationship_pace"": ""not_asked"", ""relationship_structure"": ""observed"", ""relocate"": ""not_asked"", ""schedule"": ""observed"", ""smoking"": ""observed"", ""space_for_relationship"": ""not_asked"", ""wants_children"": ""observed"", ""who_to_meet"": ""observed""}","{""acceptable_zones"": 7, ""age_max"": 7, ""age_min"": 7, ""conversations"": null, ""emotional_availability"": null, ""has_children"": 7, ""lifestyle"": null, ""partner_children"": 7, ""partner_smoking"": 7, ""relationship_goal"": null, ""relationship_pace"": null, ""relationship_structure"": 7, ""relocate"": null, ""schedule"": 7, ""smoking"": 7, ""space_for_relationship"": null, ""wants_children"": 7, ""who_to_meet"": 7}"
syn_88dc38cd8bc767cba32d5e5af22fd633,public_01,34,woman,zone_a,True,synthetic_questionnaire,True,0,,,,,,,,,,exploring,,monogamous,,,,,,,not_asked,not_asked,not_asked,not_asked,not_asked,not_asked,not_asked,declined,declined,observed,not_asked,observed,not_asked,not_asked,not_asked,not_asked,not_asked,not_asked,,,,,,,,,,0,,0,,,,,,,"{""acceptable_zones"": null, ""age_max"": null, ""age_min"": null, ""conversations"": null, ""emotional_availability"": null, ""has_children"": null, ""lifestyle"": null, ""partner_children"": null, ""partner_smoking"": null, ""relationship_goal"": ""exploring"", ""relationship_pace"": null, ""relationship_structure"": ""monogamous"", ""relocate"": null, ""schedule"": null, ""smoking"": null, ""space_for_relationship"": null, ""wants_children"": null, ""who_to_meet"": null}","{""acceptable_zones"": ""not_asked"", ""age_max"": ""not_asked"", ""age_min"": ""not_asked"", ""conversations"": ""not_asked"", ""emotional_availability"": ""not_asked"", ""has_children"": ""not_asked"", ""lifestyle"": ""not_asked"", ""partner_children"": ""declined"", ""partner_smoking"": ""declined"", ""relationship_goal"": ""observed"", ""relationship_pace"": ""not_asked"", ""relationship_structure"": ""observed"", ""relocate"": ""not_asked"", ""schedule"": ""not_asked"", ""smoking"": ""not_asked"", ""space_for_relationship"": ""not_asked"", ""wants_children"": ""not_asked"", ""who_to_meet"": ""not_asked""}","{""acceptable_zones"": null, ""age_max"": null, ""age_min"": null, ""conversations"": null, ""emotional_availability"": null, ""has_children"": null, ""lifestyle"": null, ""partner_children"": null, ""partner_smoking"": null, ""relationship_goal"": 0, ""relationship_pace"": null, ""relationship_structure"": 0, ""relocate"": null, ""schedule"": null, ""smoking"": null, ""space_for_relationship"": null, ""wants_children"": null, ""who_to_meet"": null}"
syn_5ae04ac802905ecbd5f96319a3f155b0,public_01,27,man,zone_a,True,synthetic_questionnaire,True,0,"[""zone_a""]",34,21,practical,taking_time,True,mixed,no_children,any,exploring,slow,non_monogamous,yes,"[""weekday_evening"", ""weekend_evening"", ""weekend_day""]",no,moderate,unsure,"[""woman""]",observed,observed,observed,observed,observed,observed,observed,observed,observed,observed,observed,observed,observed,observed,observed,observed,observed,observed,0,0,0,0,0,0,0,0,0,0,0,0,0,0,0,0,0,0,"{""acceptable_zones"": [""zone_a""], ""age_max"": 34, ""age_min"": 21, ""conversations"": ""practical"", ""emotional_availability"": ""taking_time"", ""has_children"": true, ""lifestyle"": ""mixed"", ""partner_children"": ""no_children"", ""partner_smoking"": ""any"", ""relationship_goal"": ""exploring"", ""relationship_pace"": ""slow"", ""relationship_structure"": ""non_monogamous"", ""relocate"": ""yes"", ""schedule"": [""weekday_evening"", ""weekend_evening"", ""weekend_day""], ""smoking"": ""no"", ""space_for_relationship"": ""moderate"", ""wants_children"": ""unsure"", ""who_to_meet"": [""woman""]}","{""acceptable_zones"": ""observed"", ""age_max"": ""observed"", ""age_min"": ""observed"", ""conversations"": ""observed"", ""emotional_availability"": ""observed"", ""has_children"": ""observed"", ""lifestyle"": ""observed"", ""partner_children"": ""observed"", ""partner_smoking"": ""observed"", ""relationship_goal"": ""observed"", ""relationship_pace"": ""observed"", ""relationship_structure"": ""observed"", ""relocate"": ""observed"", ""schedule"": ""observed"", ""smoking"": ""observed"", ""space_for_relationship"": ""observed"", ""wants_children"": ""observed"", ""who_to_meet"": ""observed""}","{""acceptable_zones"": 0, ""age_max"": 0, ""age_min"": 0, ""conversations"": 0, ""emotional_availability"": 0, ""has_children"": 0, ""lifestyle"": 0, ""partner_children"": 0, ""partner_smoking"": 0, ""relationship_goal"": 0, ""relationship_pace"": 0, ""relationship_structure"": 0, ""relocate"": 0, ""schedule"": 0, ""smoking"": 0, ""space_for_relationship"": 0, ""wants_children"": 0, ""who_to_meet"": 0}"
syn_c763a71c84bfe5830cf66f3f7268ad7a,public_01,31,woman,zone_c,True,synthetic_questionnaire,True,0,"[""zone_c"", ""zone_a""]",41,24,practical,taking_time,False,social,any,no_smoking,exploring,steady,monogamous,unsure,"[""weekday_evening"", ""weekend_evening""]",occasionally,moderate,yes,"[""non_binary""]",observed,observed,observed,observed,observed,observed,observed,observed,observed,observed,observed,observed,observed,observed,observed,observed,observed,observed,0,0,0,0,0,0,0,0,0,0,0,0,0,0,0,0,0,0,"{""acceptable_zones"": [""zone_c"", ""zone_a""], ""age_max"": 41, ""age_min"": 24, ""conversations"": ""practical"", ""emotional_availability"": ""taking_time"", ""has_children"": false, ""lifestyle"": ""social"", ""partner_children"": ""any"", ""partner_smoking"": ""no_smoking"", ""relationship_goal"": ""exploring"", ""relationship_pace"": ""steady"", ""relationship_structure"": ""monogamous"", ""relocate"": ""unsure"", ""schedule"": [""weekday_evening"", ""weekend_evening""], ""smoking"": ""occasionally"", ""space_for_relationship"": ""moderate"", ""wants_children"": ""yes"", ""who_to_meet"": [""non_binary""]}","{""acceptable_zones"": ""observed"", ""age_max"": ""observed"", ""age_min"": ""observed"", ""conversations"": ""observed"", ""emotional_availability"": ""observed"", ""has_children"": ""observed"", ""lifestyle"": ""observed"", ""partner_children"": ""observed"", ""partner_smoking"": ""observed"", ""relationship_goal"": ""observed"", ""relationship_pace"": ""observed"", ""relationship_structure"": ""observed"", ""relocate"": ""observed"", ""schedule"": ""observed"", ""smoking"": ""observed"", ""space_for_relationship"": ""observed"", ""wants_children"": ""observed"", ""who_to_meet"": ""observed""}","{""acceptable_zones"": 0, ""age_max"": 0, ""age_min"": 0, ""conversations"": 0, ""emotional_availability"": 0, ""has_children"": 0, ""lifestyle"": 0, ""partner_children"": 0, ""partner_smoking"": 0, ""relationship_goal"": 0, ""relationship_pace"": 0, ""relationship_structure"": 0, ""relocate"": 0, ""schedule"": 0, ""smoking"": 0, ""space_for_relationship"": 0, ""wants_children"": 0, ""who_to_meet"": 0}"
syn_6214069ad878006480ec8a15e3ea4d73,public_01,46,woman,zone_a,False,synthetic_questionnaire,True,0,"[""zone_a""]",51,36,ideas,taking_time,False,mixed,any,any,exploring,steady,monogamous,no,"[""weekend_day"", ""weekend_evening""]",no,ample,unsure,"[""man""]",observed,observed,observed,observed,observed,observed,observed,observed,observed,observed,observed,observed,observed,observed,observed,observed,observed,observed,0,0,0,0,0,0,0,0,0,0,0,0,0,0,0,0,0,0,"{""acceptable_zones"": [""zone_a""], ""age_max"": 51, ""age_min"": 36, ""conversations"": ""ideas"", ""emotional_availability"": ""taking_time"", ""has_children"": false, ""lifestyle"": ""mixed"", ""partner_children"": ""any"", ""partner_smoking"": ""any"", ""relationship_goal"": ""exploring"", ""relationship_pace"": ""steady"", ""relationship_structure"": ""monogamous"", ""relocate"": ""no"", ""schedule"": [""weekend_day"", ""weekend_evening""], ""smoking"": ""no"", ""space_for_relationship"": ""ample"", ""wants_children"": ""unsure"", ""who_to_meet"": [""man""]}","{""acceptable_zones"": ""observed"", ""age_max"": ""observed"", ""age_min"": ""observed"", ""conversations"": ""observed"", ""emotional_availability"": ""observed"", ""has_children"": ""observed"", ""lifestyle"": ""observed"", ""partner_children"": ""observed"", ""partner_smoking"": ""observed"", ""relationship_goal"": ""observed"", ""relationship_pace"": ""observed"", ""relationship_structure"": ""observed"", ""relocate"": ""observed"", ""schedule"": ""observed"", ""smoking"": ""observed"", ""space_for_relationship"": ""observed"", ""wants_children"": ""observed"", ""who_to_meet"": ""observed""}","{""acceptable_zones"": 0, ""age_max"": 0, ""age_min"": 0, ""conversations"": 0, ""emotional_availability"": 0, ""has_children"": 0, ""lifestyle"": 0, ""partner_children"": 0, ""partner_smoking"": 0, ""relationship_goal"": 0, ""relationship_pace"": 0, ""relationship_structure"": 0, ""relocate"": 0, ""schedule"": 0, ""smoking"": 0, ""space_for_relationship"": 0, ""wants_children"": 0, ""who_to_meet"": 0}"
syn_bd58a8686e319b00ca603fc2518d8660,public_01,29,man,zone_a,False,synthetic_questionnaire,True,13,"[""zone_a""]",33,20,practical,,False,,any,any,,,monogamous,,"[""weekend_day"", ""weekday_evening"", ""weekend_evening""]",no,,no,"[""man"", ""woman""]",observed,observed,observed,observed,not_asked,observed,not_asked,observed,observed,not_asked,not_asked,observed,not_asked,observed,observed,not_asked,observed,observed,13,13,13,13,,13,,13,13,,,13,,13,13,,13,13,"{""acceptable_zones"": [""zone_a""], ""age_max"": 33, ""age_min"": 20, ""conversations"": ""practical"", ""emotional_availability"": null, ""has_children"": false, ""lifestyle"": null, ""partner_children"": ""any"", ""partner_smoking"": ""any"", ""relationship_goal"": null, ""relationship_pace"": null, ""relationship_structure"": ""monogamous"", ""relocate"": null, ""schedule"": [""weekend_day"", ""weekday_evening"", ""weekend_evening""], ""smoking"": ""no"", ""space_for_relationship"": null, ""wants_children"": ""no"", ""who_to_meet"": [""man"", ""woman""]}","{""acceptable_zones"": ""observed"", ""age_max"": ""observed"", ""age_min"": ""observed"", ""conversations"": ""observed"", ""emotional_availability"": ""not_asked"", ""has_children"": ""observed"", ""lifestyle"": ""not_asked"", ""partner_children"": ""observed"", ""partner_smoking"": ""observed"", ""relationship_goal"": ""not_asked"", ""relationship_pace"": ""not_asked"", ""relationship_structure"": ""observed"", ""relocate"": ""not_asked"", ""schedule"": ""observed"", ""smoking"": ""observed"", ""space_for_relationship"": ""not_asked"", ""wants_children"": ""observed"", ""who_to_meet"": ""observed""}","{""acceptable_zones"": 13, ""age_max"": 13, ""age_min"": 13, ""conversations"": 13, ""emotional_availability"": null, ""has_children"": 13, ""lifestyle"": null, ""partner_children"": 13, ""partner_smoking"": 13, ""relationship_goal"": null, ""relationship_pace"": null, ""relationship_structure"": 13, ""relocate"": null, ""schedule"": 13, ""smoking"": 13, ""space_for_relationship"": null, ""wants_children"": 13, ""who_to_meet"": 13}"
syn_840717cabf80dd61fd2934169bbd08b8,public_01,35,woman,zone_a,True,synthetic_questionnaire,True,0,"[""zone_a""]",39,32,stories,taking_time,False,quiet,no_children,no_smoking,exploring,slow,non_monogamous,no,"[""weekend_day"", ""weekday_evening"", ""weekend_evening""]",no,limited,yes,"[""non_binary"", ""woman"", ""man""]",observed,observed,observed,observed,observed,observed,observed,observed,observed,observed,observed,observed,observed,observed,observed,observed,observed,observed,0,0,0,0,0,0,0,0,0,0,0,0,0,0,0,0,0,0,"{""acceptable_zones"": [""zone_a""], ""age_max"": 39, ""age_min"": 32, ""conversations"": ""stories"", ""emotional_availability"": ""taking_time"", ""has_children"": false, ""lifestyle"": ""quiet"", ""partner_children"": ""no_children"", ""partner_smoking"": ""no_smoking"", ""relationship_goal"": ""exploring"", ""relationship_pace"": ""slow"", ""relationship_structure"": ""non_monogamous"", ""relocate"": ""no"", ""schedule"": [""weekend_day"", ""weekday_evening"", ""weekend_evening""], ""smoking"": ""no"", ""space_for_relationship"": ""limited"", ""wants_children"": ""yes"", ""who_to_meet"": [""non_binary"", ""woman"", ""man""]}","{""acceptable_zones"": ""observed"", ""age_max"": ""observed"", ""age_min"": ""observed"", ""conversations"": ""observed"", ""emotional_availability"": ""observed"", ""has_children"": ""observed"", ""lifestyle"": ""observed"", ""partner_children"": ""observed"", ""partner_smoking"": ""observed"", ""relationship_goal"": ""observed"", ""relationship_pace"": ""observed"", ""relationship_structure"": ""observed"", ""relocate"": ""observed"", ""schedule"": ""observed"", ""smoking"": ""observed"", ""space_for_relationship"": ""observed"", ""wants_children"": ""observed"", ""who_to_meet"": ""observed""}","{""acceptable_zones"": 0, ""age_max"": 0, ""age_min"": 0, ""conversations"": 0, ""emotional_availability"": 0, ""has_children"": 0, ""lifestyle"": 0, ""partner_children"": 0, ""partner_smoking"": 0, ""relationship_goal"": 0, ""relationship_pace"": 0, ""relationship_structure"": 0, ""relocate"": 0, ""schedule"": 0, ""smoking"": 0, ""space_for_relationship"": 0, ""wants_children"": 0, ""who_to_meet"": 0}"
syn_a54d3aa09c7bf925a105d9d2dceb09da,public_01,28,man,zone_a,True,synthetic_questionnaire,True,2,,,,,ready,,,,,long_term,,monogamous,,,,,,,not_asked,not_asked,not_asked,not_asked,observed,not_asked,not_asked,declined,not_asked,observed,not_asked,observed,not_asked,declined,not_asked,not_asked,not_asked,not_asked,,,,,2,,,,,2,,2,,,,,,,"{""acceptable_zones"": null, ""age_max"": null, ""age_min"": null, ""conversations"": null, ""emotional_availability"": ""ready"", ""has_children"": null, ""lifestyle"": null, ""partner_children"": null, ""partner_smoking"": null, ""relationship_goal"": ""long_term"", ""relationship_pace"": null, ""relationship_structure"": ""monogamous"", ""relocate"": null, ""schedule"": null, ""smoking"": null, ""space_for_relationship"": null, ""wants_children"": null, ""who_to_meet"": null}","{""acceptable_zones"": ""not_asked"", ""age_max"": ""not_asked"", ""age_min"": ""not_asked"", ""conversations"": ""not_asked"", ""emotional_availability"": ""observed"", ""has_children"": ""not_asked"", ""lifestyle"": ""not_asked"", ""partner_children"": ""declined"", ""partner_smoking"": ""not_asked"", ""relationship_goal"": ""observed"", ""relationship_pace"": ""not_asked"", ""relationship_structure"": ""observed"", ""relocate"": ""not_asked"", ""schedule"": ""declined"", ""smoking"": ""not_asked"", ""space_for_relationship"": ""not_asked"", ""wants_children"": ""not_asked"", ""who_to_meet"": ""not_asked""}","{""acceptable_zones"": null, ""age_max"": null, ""age_min"": null, ""conversations"": null, ""emotional_availability"": 2, ""has_children"": null, ""lifestyle"": null, ""partner_children"": null, ""partner_smoking"": null, ""relationship_goal"": 2, ""relationship_pace"": null, ""relationship_structure"": 2, ""relocate"": null, ""schedule"": null, ""smoking"": null, ""space_for_relationship"": null, ""wants_children"": null, ""who_to_meet"": null}"
syn_848942b9908ff818fa6fb497f438e33b,public_01,35,woman,zone_b,False,synthetic_questionnaire,True,19,"[""zone_b""]",38,26,stories,ready,False,quiet,no_children,no_smoking,long_term,steady,monogamous,yes,"[""weekend_day""]",occasionally,ample,no,"[""woman""]",observed,observed,observed,observed,observed,observed,observed,observed,observed,observed,observed,observed,observed,observed,observed,observed,observed,observed,19,19,19,19,19,19,19,19,19,19,19,19,19,19,19,19,19,19,"{""acceptable_zones"": [""zone_b""], ""age_max"": 38, ""age_min"": 26, ""conversations"": ""stories"", ""emotional_availability"": ""ready"", ""has_children"": false, ""lifestyle"": ""quiet"", ""partner_children"": ""no_children"", ""partner_smoking"": ""no_smoking"", ""relationship_goal"": ""long_term"", ""relationship_pace"": ""steady"", ""relationship_structure"": ""monogamous"", ""relocate"": ""yes"", ""schedule"": [""weekend_day""], ""smoking"": ""occasionally"", ""space_for_relationship"": ""ample"", ""wants_children"": ""no"", ""who_to_meet"": [""woman""]}","{""acceptable_zones"": ""observed"", ""age_max"": ""observed"", ""age_min"": ""observed"", ""conversations"": ""observed"", ""emotional_availability"": ""observed"", ""has_children"": ""observed"", ""lifestyle"": ""observed"", ""partner_children"": ""observed"", ""partner_smoking"": ""observed"", ""relationship_goal"": ""observed"", ""relationship_pace"": ""observed"", ""relationship_structure"": ""observed"", ""relocate"": ""observed"", ""schedule"": ""observed"", ""smoking"": ""observed"", ""space_for_relationship"": ""observed"", ""wants_children"": ""observed"", ""who_to_meet"": ""observed""}","{""acceptable_zones"": 19, ""age_max"": 19, ""age_min"": 19, ""conversations"": 19, ""emotional_availability"": 19, ""has_children"": 19, ""lifestyle"": 19, ""partner_children"": 19, ""partner_smoking"": 19, ""relationship_goal"": 19, ""relationship_pace"": 19, ""relationship_structure"": 19, ""relocate"": 19, ""schedule"": 19, ""smoking"": 19, ""space_for_relationship"": 19, ""wants_children"": 19, ""who_to_meet"": 19}"
syn_ca6509230263ee40d7d835ec509dc120,public_01,27,non_binary,zone_a,True,synthetic_questionnaire,True,0,,,,,,False,,any,,,,,,,,limited,,,not_asked,not_asked,declined,not_asked,not_asked,observed,declined,observed,not_asked,not_asked,not_asked,not_asked,not_asked,not_asked,not_asked,observed,not_asked,not_asked,,,,,,0,,0,,,,,,,,0,,,"{""acceptable_zones"": null, ""age_max"": null, ""age_min"": null, ""conversations"": null, ""emotional_availability"": null, ""has_children"": false, ""lifestyle"": null, ""partner_children"": ""any"", ""partner_smoking"": null, ""relationship_goal"": null, ""relationship_pace"": null, ""relationship_structure"": null, ""relocate"": null, ""schedule"": null, ""smoking"": null, ""space_for_relationship"": ""limited"", ""wants_children"": null, ""who_to_meet"": null}","{""acceptable_zones"": ""not_asked"", ""age_max"": ""not_asked"", ""age_min"": ""declined"", ""conversations"": ""not_asked"", ""emotional_availability"": ""not_asked"", ""has_children"": ""observed"", ""lifestyle"": ""declined"", ""partner_children"": ""observed"", ""partner_smoking"": ""not_asked"", ""relationship_goal"": ""not_asked"", ""relationship_pace"": ""not_asked"", ""relationship_structure"": ""not_asked"", ""relocate"": ""not_asked"", ""schedule"": ""not_asked"", ""smoking"": ""not_asked"", ""space_for_relationship"": ""observed"", ""wants_children"": ""not_asked"", ""who_to_meet"": ""not_asked""}","{""acceptable_zones"": null, ""age_max"": null, ""age_min"": null, ""conversations"": null, ""emotional_availability"": null, ""has_children"": 0, ""lifestyle"": null, ""partner_children"": 0, ""partner_smoking"": null, ""relationship_goal"": null, ""relationship_pace"": null, ""relationship_structure"": null, ""relocate"": null, ""schedule"": null, ""smoking"": null, ""space_for_relationship"": 0, ""wants_children"": null, ""who_to_meet"": null}"
syn_13e9244b2b75c491c04f6db27ffec35a,public_01,26,man,zone_a,True,synthetic_questionnaire,True,0,"[""zone_a""]",30,22,,,False,social,any,no_smoking,,,monogamous,,"[""weekend_day"", ""weekday_evening""]",occasionally,,yes,"[""non_binary""]",observed,observed,observed,not_asked,not_asked,observed,observed,observed,observed,not_asked,not_asked,observed,not_asked,observed,observed,not_asked,observed,observed,7,7,7,,,7,0,7,7,,,7,,7,7,,7,7,"{""acceptable_zones"": [""zone_a""], ""age_max"": 30, ""age_min"": 22, ""conversations"": null, ""emotional_availability"": null, ""has_children"": false, ""lifestyle"": ""social"", ""partner_children"": ""any"", ""partner_smoking"": ""no_smoking"", ""relationship_goal"": null, ""relationship_pace"": null, ""relationship_structure"": ""monogamous"", ""relocate"": null, ""schedule"": [""weekend_day"", ""weekday_evening""], ""smoking"": ""occasionally"", ""space_for_relationship"": null, ""wants_children"": ""yes"", ""who_to_meet"": [""non_binary""]}","{""acceptable_zones"": ""observed"", ""age_max"": ""observed"", ""age_min"": ""observed"", ""conversations"": ""not_asked"", ""emotional_availability"": ""not_asked"", ""has_children"": ""observed"", ""lifestyle"": ""observed"", ""partner_children"": ""observed"", ""partner_smoking"": ""observed"", ""relationship_goal"": ""not_asked"", ""relationship_pace"": ""not_asked"", ""relationship_structure"": ""observed"", ""relocate"": ""not_asked"", ""schedule"": ""observed"", ""smoking"": ""observed"", ""space_for_relationship"": ""not_asked"", ""wants_children"": ""observed"", ""who_to_meet"": ""observed""}","{""acceptable_zones"": 7, ""age_max"": 7, ""age_min"": 7, ""conversations"": null, ""emotional_availability"": null, ""has_children"": 7, ""lifestyle"": 0, ""partner_children"": 7, ""partner_smoking"": 7, ""relationship_goal"": null, ""relationship_pace"": null, ""relationship_structure"": 7, ""relocate"": null, ""schedule"": 7, ""smoking"": 7, ""space_for_relationship"": null, ""wants_children"": 7, ""who_to_meet"": 7}"
syn_6774330328f6d2ac379ccb6fa733c323,public_01,35,woman,zone_a,True,synthetic_questionnaire,True,0,"[""zone_a"", ""zone_b""]",39,31,ideas,ready,False,mixed,no_children,any,long_term,quick,monogamous,unsure,"[""weekday_evening"", ""weekend_evening""]",yes,moderate,yes,"[""non_binary"", ""man""]",observed,observed,observed,observed,observed,observed,observed,observed,observed,observed,observed,observed,observed,observed,observed,observed,observed,observed,0,0,0,0,0,0,0,0,0,0,0,0,0,0,0,0,0,0,"{""acceptable_zones"": [""zone_a"", ""zone_b""], ""age_max"": 39, ""age_min"": 31, ""conversations"": ""ideas"", ""emotional_availability"": ""ready"", ""has_children"": false, ""lifestyle"": ""mixed"", ""partner_children"": ""no_children"", ""partner_smoking"": ""any"", ""relationship_goal"": ""long_term"", ""relationship_pace"": ""quick"", ""relationship_structure"": ""monogamous"", ""relocate"": ""unsure"", ""schedule"": [""weekday_evening"", ""weekend_evening""], ""smoking"": ""yes"", ""space_for_relationship"": ""moderate"", ""wants_children"": ""yes"", ""who_to_meet"": [""non_binary"", ""man""]}","{""acceptable_zones"": ""observed"", ""age_max"": ""observed"", ""age_min"": ""observed"", ""conversations"": ""observed"", ""emotional_availability"": ""observed"", ""has_children"": ""observed"", ""lifestyle"": ""observed"", ""partner_children"": ""observed"", ""partner_smoking"": ""observed"", ""relationship_goal"": ""observed"", ""relationship_pace"": ""observed"", ""relationship_structure"": ""observed"", ""relocate"": ""observed"", ""schedule"": ""observed"", ""smoking"": ""observed"", ""space_for_relationship"": ""observed"", ""wants_children"": ""observed"", ""who_to_meet"": ""observed""}","{""acceptable_zones"": 0, ""age_max"": 0, ""age_min"": 0, ""conversations"": 0, ""emotional_availability"": 0, ""has_children"": 0, ""lifestyle"": 0, ""partner_children"": 0, ""partner_smoking"": 0, ""relationship_goal"": 0, ""relationship_pace"": 0, ""relationship_structure"": 0, ""relocate"": 0, ""schedule"": 0, ""smoking"": 0, ""space_for_relationship"": 0, ""wants_children"": 0, ""who_to_meet"": 0}"
syn_325f28583186d8a6c4075a559cc6b7fb,public_01,44,man,zone_a,False,synthetic_questionnaire,True,0,"[""zone_a""]",53,35,,,False,,no_children,no_smoking,,,monogamous,,"[""weekday_evening""]",occasionally,,no,"[""man"", ""non_binary"", ""woman""]",observed,observed,observed,declined,not_asked,observed,not_asked,observed,observed,not_asked,not_asked,observed,not_asked,observed,observed,declined,observed,observed,8,8,8,,,8,,8,8,,,8,,8,8,,8,8,"{""acceptable_zones"": [""zone_a""], ""age_max"": 53, ""age_min"": 35, ""conversations"": null, ""emotional_availability"": null, ""has_children"": false, ""lifestyle"": null, ""partner_children"": ""no_children"", ""partner_smoking"": ""no_smoking"", ""relationship_goal"": null, ""relationship_pace"": null, ""relationship_structure"": ""monogamous"", ""relocate"": null, ""schedule"": [""weekday_evening""], ""smoking"": ""occasionally"", ""space_for_relationship"": null, ""wants_children"": ""no"", ""who_to_meet"": [""man"", ""non_binary"", ""woman""]}","{""acceptable_zones"": ""observed"", ""age_max"": ""observed"", ""age_min"": ""observed"", ""conversations"": ""declined"", ""emotional_availability"": ""not_asked"", ""has_children"": ""observed"", ""lifestyle"": ""not_asked"", ""partner_children"": ""observed"", ""partner_smoking"": ""observed"", ""relationship_goal"": ""not_asked"", ""relationship_pace"": ""not_asked"", ""relationship_structure"": ""observed"", ""relocate"": ""not_asked"", ""schedule"": ""observed"", ""smoking"": ""observed"", ""space_for_relationship"": ""declined"", ""wants_children"": ""observed"", ""who_to_meet"": ""observed""}","{""acceptable_zones"": 8, ""age_max"": 8, ""age_min"": 8, ""conversations"": null, ""emotional_availability"": null, ""has_children"": 8, ""lifestyle"": null, ""partner_children"": 8, ""partner_smoking"": 8, ""relationship_goal"": null, ""relationship_pace"": null, ""relationship_structure"": 8, ""relocate"": null, ""schedule"": 8, ""smoking"": 8, ""space_for_relationship"": null, ""wants_children"": 8, ""who_to_meet"": 8}"
syn_95978ca6beef92cdc4b127a48f00725c,public_01,41,woman,zone_b,True,synthetic_questionnaire,True,6,"[""zone_b""]",49,35,ideas,ready,False,quiet,no_children,any,long_term,steady,monogamous,yes,"[""weekend_day""]",no,limited,unsure,"[""man"", ""non_binary"", ""woman""]",observed,observed,observed,observed,observed,observed,observed,observed,observed,observed,observed,observed,observed,observed,observed,observed,observed,observed,6,6,6,6,6,6,6,6,6,6,6,6,6,6,6,6,6,6,"{""acceptable_zones"": [""zone_b""], ""age_max"": 49, ""age_min"": 35, ""conversations"": ""ideas"", ""emotional_availability"": ""ready"", ""has_children"": false, ""lifestyle"": ""quiet"", ""partner_children"": ""no_children"", ""partner_smoking"": ""any"", ""relationship_goal"": ""long_term"", ""relationship_pace"": ""steady"", ""relationship_structure"": ""monogamous"", ""relocate"": ""yes"", ""schedule"": [""weekend_day""], ""smoking"": ""no"", ""space_for_relationship"": ""limited"", ""wants_children"": ""unsure"", ""who_to_meet"": [""man"", ""non_binary"", ""woman""]}","{""acceptable_zones"": ""observed"", ""age_max"": ""observed"", ""age_min"": ""observed"", ""conversations"": ""observed"", ""emotional_availability"": ""observed"", ""has_children"": ""observed"", ""lifestyle"": ""observed"", ""partner_children"": ""observed"", ""partner_smoking"": ""observed"", ""relationship_goal"": ""observed"", ""relationship_pace"": ""observed"", ""relationship_structure"": ""observed"", ""relocate"": ""observed"", ""schedule"": ""observed"", ""smoking"": ""observed"", ""space_for_relationship"": ""observed"", ""wants_children"": ""observed"", ""who_to_meet"": ""observed""}","{""acceptable_zones"": 6, ""age_max"": 6, ""age_min"": 6, ""conversations"": 6, ""emotional_availability"": 6, ""has_children"": 6, ""lifestyle"": 6, ""partner_children"": 6, ""partner_smoking"": 6, ""relationship_goal"": 6, ""relationship_pace"": 6, ""relationship_structure"": 6, ""relocate"": 6, ""schedule"": 6, ""smoking"": 6, ""space_for_relationship"": 6, ""wants_children"": 6, ""who_to_meet"": 6}"
syn_17a2b934b03d86ec9f97394b59d3dbc4,public_01,45,woman,zone_a,True,synthetic_questionnaire,True,0,"[""zone_a"", ""zone_b""]",50,42,,,False,,any,any,,,monogamous,,"[""weekday_evening"", ""weekend_day"", ""weekend_evening""]",no,,unsure,"[""non_binary""]",observed,observed,observed,not_asked,not_asked,observed,not_asked,observed,observed,declined,not_asked,observed,not_asked,observed,observed,not_asked,observed,observed,8,8,8,,,8,,8,8,,,8,,8,8,,8,8,"{""acceptable_zones"": [""zone_a"", ""zone_b""], ""age_max"": 50, ""age_min"": 42, ""conversations"": null, ""emotional_availability"": null, ""has_children"": false, ""lifestyle"": null, ""partner_children"": ""any"", ""partner_smoking"": ""any"", ""relationship_goal"": null, ""relationship_pace"": null, ""relationship_structure"": ""monogamous"", ""relocate"": null, ""schedule"": [""weekday_evening"", ""weekend_day"", ""weekend_evening""], ""smoking"": ""no"", ""space_for_relationship"": null, ""wants_children"": ""unsure"", ""who_to_meet"": [""non_binary""]}","{""acceptable_zones"": ""observed"", ""age_max"": ""observed"", ""age_min"": ""observed"", ""conversations"": ""not_asked"", ""emotional_availability"": ""not_asked"", ""has_children"": ""observed"", ""lifestyle"": ""not_asked"", ""partner_children"": ""observed"", ""partner_smoking"": ""observed"", ""relationship_goal"": ""declined"", ""relationship_pace"": ""not_asked"", ""relationship_structure"": ""observed"", ""relocate"": ""not_asked"", ""schedule"": ""observed"", ""smoking"": ""observed"", ""space_for_relationship"": ""not_asked"", ""wants_children"": ""observed"", ""who_to_meet"": ""observed""}","{""acceptable_zones"": 8, ""age_max"": 8, ""age_min"": 8, ""conversations"": null, ""emotional_availability"": null, ""has_children"": 8, ""lifestyle"": null, ""partner_children"": 8, ""partner_smoking"": 8, ""relationship_goal"": null, ""relationship_pace"": null, ""relationship_structure"": 8, ""relocate"": null, ""schedule"": 8, ""smoking"": 8, ""space_for_relationship"": null, ""wants_children"": 8, ""who_to_meet"": 8}"
syn_237461d129e6228988f17c3d6b7d82b5,public_01,33,man,zone_b,False,synthetic_questionnaire,True,0,"[""zone_b"", ""zone_c""]",39,30,,,False,,no_children,any,,,monogamous,,"[""weekday_evening""]",no,,unsure,"[""man""]",observed,observed,observed,not_asked,not_asked,observed,not_asked,observed,observed,not_asked,not_asked,observed,not_asked,observed,observed,not_asked,observed,observed,8,8,8,,,8,,8,8,,,8,,8,8,,8,8,"{""acceptable_zones"": [""zone_b"", ""zone_c""], ""age_max"": 39, ""age_min"": 30, ""conversations"": null, ""emotional_availability"": null, ""has_children"": false, ""lifestyle"": null, ""partner_children"": ""no_children"", ""partner_smoking"": ""any"", ""relationship_goal"": null, ""relationship_pace"": null, ""relationship_structure"": ""monogamous"", ""relocate"": null, ""schedule"": [""weekday_evening""], ""smoking"": ""no"", ""space_for_relationship"": null, ""wants_children"": ""unsure"", ""who_to_meet"": [""man""]}","{""acceptable_zones"": ""observed"", ""age_max"": ""observed"", ""age_min"": ""observed"", ""conversations"": ""not_asked"", ""emotional_availability"": ""not_asked"", ""has_children"": ""observed"", ""lifestyle"": ""not_asked"", ""partner_children"": ""observed"", ""partner_smoking"": ""observed"", ""relationship_goal"": ""not_asked"", ""relationship_pace"": ""not_asked"", ""relationship_structure"": ""observed"", ""relocate"": ""not_asked"", ""schedule"": ""observed"", ""smoking"": ""observed"", ""space_for_relationship"": ""not_asked"", ""wants_children"": ""observed"", ""who_to_meet"": ""observed""}","{""acceptable_zones"": 8, ""age_max"": 8, ""age_min"": 8, ""conversations"": null, ""emotional_availability"": null, ""has_children"": 8, ""lifestyle"": null, ""partner_children"": 8, ""partner_smoking"": 8, ""relationship_goal"": null, ""relationship_pace"": null, ""relationship_structure"": 8, ""relocate"": null, ""schedule"": 8, ""smoking"": 8, ""space_for_relationship"": null, ""wants_children"": 8, ""who_to_meet"": 8}"
syn_8ce7b7a126e840e21f92c19cbec28b18,public_01,28,man,zone_b,True,synthetic_questionnaire,True,0,"[""zone_b""]",38,21,,,False,,no_children,no_smoking,,steady,monogamous,,"[""weekday_evening""]",no,,yes,"[""man""]",observed,observed,observed,not_asked,not_asked,observed,not_asked,observed,observed,not_asked,observed,observed,not_asked,observed,observed,not_asked,observed,observed,8,8,8,,,8,,8,8,,0,8,,8,8,,8,8,"{""acceptable_zones"": [""zone_b""], ""age_max"": 38, ""age_min"": 21, ""conversations"": null, ""emotional_availability"": null, ""has_children"": false, ""lifestyle"": null, ""partner_children"": ""no_children"", ""partner_smoking"": ""no_smoking"", ""relationship_goal"": null, ""relationship_pace"": ""steady"", ""relationship_structure"": ""monogamous"", ""relocate"": null, ""schedule"": [""weekday_evening""], ""smoking"": ""no"", ""space_for_relationship"": null, ""wants_children"": ""yes"", ""who_to_meet"": [""man""]}","{""acceptable_zones"": ""observed"", ""age_max"": ""observed"", ""age_min"": ""observed"", ""conversations"": ""not_asked"", ""emotional_availability"": ""not_asked"", ""has_children"": ""observed"", ""lifestyle"": ""not_asked"", ""partner_children"": ""observed"", ""partner_smoking"": ""observed"", ""relationship_goal"": ""not_asked"", ""relationship_pace"": ""observed"", ""relationship_structure"": ""observed"", ""relocate"": ""not_asked"", ""schedule"": ""observed"", ""smoking"": ""observed"", ""space_for_relationship"": ""not_asked"", ""wants_children"": ""observed"", ""who_to_meet"": ""observed""}","{""acceptable_zones"": 8, ""age_max"": 8, ""age_min"": 8, ""conversations"": null, ""emotional_availability"": null, ""has_children"": 8, ""lifestyle"": null, ""partner_children"": 8, ""partner_smoking"": 8, ""relationship_goal"": null, ""relationship_pace"": 0, ""relationship_structure"": 8, ""relocate"": null, ""schedule"": 8, ""smoking"": 8, ""space_for_relationship"": null, ""wants_children"": 8, ""who_to_meet"": 8}"
syn_0d7dff22d568fbecf4cd0c1e10999b6e,public_01,44,woman,zone_a,True,synthetic_questionnaire,True,15,"[""zone_a"", ""zone_c""]",49,39,playful,taking_time,False,mixed,any,no_smoking,exploring,slow,monogamous,no,"[""weekend_day"", ""weekday_evening""]",no,ample,unsure,"[""non_binary""]",observed,observed,observed,observed,observed,observed,observed,observed,observed,observed,observed,observed,observed,observed,observed,observed,observed,observed,15,15,15,15,15,15,15,15,15,15,15,15,15,15,15,15,15,15,"{""acceptable_zones"": [""zone_a"", ""zone_c""], ""age_max"": 49, ""age_min"": 39, ""conversations"": ""playful"", ""emotional_availability"": ""taking_time"", ""has_children"": false, ""lifestyle"": ""mixed"", ""partner_children"": ""any"", ""partner_smoking"": ""no_smoking"", ""relationship_goal"": ""exploring"", ""relationship_pace"": ""slow"", ""relationship_structure"": ""monogamous"", ""relocate"": ""no"", ""schedule"": [""weekend_day"", ""weekday_evening""], ""smoking"": ""no"", ""space_for_relationship"": ""ample"", ""wants_children"": ""unsure"", ""who_to_meet"": [""non_binary""]}","{""acceptable_zones"": ""observed"", ""age_max"": ""observed"", ""age_min"": ""observed"", ""conversations"": ""observed"", ""emotional_availability"": ""observed"", ""has_children"": ""observed"", ""lifestyle"": ""observed"", ""partner_children"": ""observed"", ""partner_smoking"": ""observed"", ""relationship_goal"": ""observed"", ""relationship_pace"": ""observed"", ""relationship_structure"": ""observed"", ""relocate"": ""observed"", ""schedule"": ""observed"", ""smoking"": ""observed"", ""space_for_relationship"": ""observed"", ""wants_children"": ""observed"", ""who_to_meet"": ""observed""}","{""acceptable_zones"": 15, ""age_max"": 15, ""age_min"": 15, ""conversations"": 15, ""emotional_availability"": 15, ""has_children"": 15, ""lifestyle"": 15, ""partner_children"": 15, ""partner_smoking"": 15, ""relationship_goal"": 15, ""relationship_pace"": 15, ""relationship_structure"": 15, ""relocate"": 15, ""schedule"": 15, ""smoking"": 15, ""space_for_relationship"": 15, ""wants_children"": 15, ""who_to_meet"": 15}"
syn_bdf9fe7bc35e403f389e503e92728035,public_01,24,man,zone_a,True,synthetic_questionnaire,True,15,"[""zone_a""]",32,18,ideas,taking_time,False,social,any,no_smoking,long_term,steady,monogamous,no,"[""weekday_evening"", ""weekend_evening""]",occasionally,moderate,unsure,"[""man""]",observed,observed,observed,observed,observed,observed,observed,observed,observed,observed,observed,observed,observed,observed,observed,observed,observed,observed,15,15,15,15,15,15,15,15,15,15,15,15,15,15,15,15,15,15,"{""acceptable_zones"": [""zone_a""], ""age_max"": 32, ""age_min"": 18, ""conversations"": ""ideas"", ""emotional_availability"": ""taking_time"", ""has_children"": false, ""lifestyle"": ""social"", ""partner_children"": ""any"", ""partner_smoking"": ""no_smoking"", ""relationship_goal"": ""long_term"", ""relationship_pace"": ""steady"", ""relationship_structure"": ""monogamous"", ""relocate"": ""no"", ""schedule"": [""weekday_evening"", ""weekend_evening""], ""smoking"": ""occasionally"", ""space_for_relationship"": ""moderate"", ""wants_children"": ""unsure"", ""who_to_meet"": [""man""]}","{""acceptable_zones"": ""observed"", ""age_max"": ""observed"", ""age_min"": ""observed"", ""conversations"": ""observed"", ""emotional_availability"": ""observed"", ""has_children"": ""observed"", ""lifestyle"": ""observed"", ""partner_children"": ""observed"", ""partner_smoking"": ""observed"", ""relationship_goal"": ""observed"", ""relationship_pace"": ""observed"", ""relationship_structure"": ""observed"", ""relocate"": ""observed"", ""schedule"": ""observed"", ""smoking"": ""observed"", ""space_for_relationship"": ""observed"", ""wants_children"": ""observed"", ""who_to_meet"": ""observed""}","{""acceptable_zones"": 15, ""age_max"": 15, ""age_min"": 15, ""conversations"": 15, ""emotional_availability"": 15, ""has_children"": 15, ""lifestyle"": 15, ""partner_children"": 15, ""partner_smoking"": 15, ""relationship_goal"": 15, ""relationship_pace"": 15, ""relationship_structure"": 15, ""relocate"": 15, ""schedule"": 15, ""smoking"": 15, ""space_for_relationship"": 15, ""wants_children"": 15, ""who_to_meet"": 15}"
syn_8bc2d0f5590b227962e2f044536a2b3d,public_01,37,woman,zone_a,True,synthetic_questionnaire,True,0,,,,,,,,,,exploring,,,,,,,,,not_asked,not_asked,not_asked,declined,not_asked,not_asked,not_asked,declined,not_asked,observed,not_asked,not_asked,not_asked,not_asked,not_asked,not_asked,not_asked,not_asked,,,,,,,,,,0,,,,,,,,,"{""acceptable_zones"": null, ""age_max"": null, ""age_min"": null, ""conversations"": null, ""emotional_availability"": null, ""has_children"": null, ""lifestyle"": null, ""partner_children"": null, ""partner_smoking"": null, ""relationship_goal"": ""exploring"", ""relationship_pace"": null, ""relationship_structure"": null, ""relocate"": null, ""schedule"": null, ""smoking"": null, ""space_for_relationship"": null, ""wants_children"": null, ""who_to_meet"": null}","{""acceptable_zones"": ""not_asked"", ""age_max"": ""not_asked"", ""age_min"": ""not_asked"", ""conversations"": ""declined"", ""emotional_availability"": ""not_asked"", ""has_children"": ""not_asked"", ""lifestyle"": ""not_asked"", ""partner_children"": ""declined"", ""partner_smoking"": ""not_asked"", ""relationship_goal"": ""observed"", ""relationship_pace"": ""not_asked"", ""relationship_structure"": ""not_asked"", ""relocate"": ""not_asked"", ""schedule"": ""not_asked"", ""smoking"": ""not_asked"", ""space_for_relationship"": ""not_asked"", ""wants_children"": ""not_asked"", ""who_to_meet"": ""not_asked""}","{""acceptable_zones"": null, ""age_max"": null, ""age_min"": null, ""conversations"": null, ""emotional_availability"": null, ""has_children"": null, ""lifestyle"": null, ""partner_children"": null, ""partner_smoking"": null, ""relationship_goal"": 0, ""relationship_pace"": null, ""relationship_structure"": null, ""relocate"": null, ""schedule"": null, ""smoking"": null, ""space_for_relationship"": null, ""wants_children"": null, ""who_to_meet"": null}"
syn_57329a3e243293562e28f90d5b84e0ec,public_01,37,man,zone_a,True,synthetic_questionnaire,True,0,,,,,,,,,,,,,,,,,unsure,,not_asked,not_asked,declined,not_asked,not_asked,not_asked,not_asked,not_asked,not_asked,not_asked,not_asked,not_asked,not_asked,declined,not_asked,not_asked,observed,not_asked,,,,,,,,,,,,,,,,,0,,"{""acceptable_zones"": null, ""age_max"": null, ""age_min"": null, ""conversations"": null, ""emotional_availability"": null, ""has_children"": null, ""lifestyle"": null, ""partner_children"": null, ""partner_smoking"": null, ""relationship_goal"": null, ""relationship_pace"": null, ""relationship_structure"": null, ""relocate"": null, ""schedule"": null, ""smoking"": null, ""space_for_relationship"": null, ""wants_children"": ""unsure"", ""who_to_meet"": null}","{""acceptable_zones"": ""not_asked"", ""age_max"": ""not_asked"", ""age_min"": ""declined"", ""conversations"": ""not_asked"", ""emotional_availability"": ""not_asked"", ""has_children"": ""not_asked"", ""lifestyle"": ""not_asked"", ""partner_children"": ""not_asked"", ""partner_smoking"": ""not_asked"", ""relationship_goal"": ""not_asked"", ""relationship_pace"": ""not_asked"", ""relationship_structure"": ""not_asked"", ""relocate"": ""not_asked"", ""schedule"": ""declined"", ""smoking"": ""not_asked"", ""space_for_relationship"": ""not_asked"", ""wants_children"": ""observed"", ""who_to_meet"": ""not_asked""}","{""acceptable_zones"": null, ""age_max"": null, ""age_min"": null, ""conversations"": null, ""emotional_availability"": null, ""has_children"": null, ""lifestyle"": null, ""partner_children"": null, ""partner_smoking"": null, ""relationship_goal"": null, ""relationship_pace"": null, ""relationship_structure"": null, ""relocate"": null, ""schedule"": null, ""smoking"": null, ""space_for_relationship"": null, ""wants_children"": 0, ""who_to_meet"": null}"
syn_017980b80fe495ad006acf9b65a6fcc3,public_01,41,woman,zone_a,False,synthetic_questionnaire,True,15,"[""zone_a""]",48,34,,,False,,no_children,no_smoking,,,monogamous,,"[""weekend_day"", ""weekday_evening""]",no,,unsure,"[""man""]",observed,observed,observed,not_asked,declined,observed,not_asked,observed,observed,not_asked,not_asked,observed,not_asked,observed,observed,not_asked,observed,observed,15,15,15,,,15,,15,15,,,15,,15,15,,15,15,"{""acceptable_zones"": [""zone_a""], ""age_max"": 48, ""age_min"": 34, ""conversations"": null, ""emotional_availability"": null, ""has_children"": false, ""lifestyle"": null, ""partner_children"": ""no_children"", ""partner_smoking"": ""no_smoking"", ""relationship_goal"": null, ""relationship_pace"": null, ""relationship_structure"": ""monogamous"", ""relocate"": null, ""schedule"": [""weekend_day"", ""weekday_evening""], ""smoking"": ""no"", ""space_for_relationship"": null, ""wants_children"": ""unsure"", ""who_to_meet"": [""man""]}","{""acceptable_zones"": ""observed"", ""age_max"": ""observed"", ""age_min"": ""observed"", ""conversations"": ""not_asked"", ""emotional_availability"": ""declined"", ""has_children"": ""observed"", ""lifestyle"": ""not_asked"", ""partner_children"": ""observed"", ""partner_smoking"": ""observed"", ""relationship_goal"": ""not_asked"", ""relationship_pace"": ""not_asked"", ""relationship_structure"": ""observed"", ""relocate"": ""not_asked"", ""schedule"": ""observed"", ""smoking"": ""observed"", ""space_for_relationship"": ""not_asked"", ""wants_children"": ""observed"", ""who_to_meet"": ""observed""}","{""acceptable_zones"": 15, ""age_max"": 15, ""age_min"": 15, ""conversations"": null, ""emotional_availability"": null, ""has_children"": 15, ""lifestyle"": null, ""partner_children"": 15, ""partner_smoking"": 15, ""relationship_goal"": null, ""relationship_pace"": null, ""relationship_structure"": 15, ""relocate"": null, ""schedule"": 15, ""smoking"": 15, ""space_for_relationship"": null, ""wants_children"": 15, ""who_to_meet"": 15}"
syn_09d07ba1d6ca47fa57263de5efc5e07a,public_01,33,non_binary,zone_a,True,synthetic_questionnaire,True,14,,,,,,,,,,,,,,,,,,,not_asked,not_asked,not_asked,not_asked,not_asked,not_asked,not_asked,not_asked,not_asked,not_asked,not_asked,not_asked,not_asked,not_asked,not_asked,not_asked,not_asked,declined,,,,,,,,,,,,,,,,,,,"{""acceptable_zones"": null, ""age_max"": null, ""age_min"": null, ""conversations"": null, ""emotional_availability"": null, ""has_children"": null, ""lifestyle"": null, ""partner_children"": null, ""partner_smoking"": null, ""relationship_goal"": null, ""relationship_pace"": null, ""relationship_structure"": null, ""relocate"": null, ""schedule"": null, ""smoking"": null, ""space_for_relationship"": null, ""wants_children"": null, ""who_to_meet"": null}","{""acceptable_zones"": ""not_asked"", ""age_max"": ""not_asked"", ""age_min"": ""not_asked"", ""conversations"": ""not_asked"", ""emotional_availability"": ""not_asked"", ""has_children"": ""not_asked"", ""lifestyle"": ""not_asked"", ""partner_children"": ""not_asked"", ""partner_smoking"": ""not_asked"", ""relationship_goal"": ""not_asked"", ""relationship_pace"": ""not_asked"", ""relationship_structure"": ""not_asked"", ""relocate"": ""not_asked"", ""schedule"": ""not_asked"", ""smoking"": ""not_asked"", ""space_for_relationship"": ""not_asked"", ""wants_children"": ""not_asked"", ""who_to_meet"": ""declined""}","{""acceptable_zones"": null, ""age_max"": null, ""age_min"": null, ""conversations"": null, ""emotional_availability"": null, ""has_children"": null, ""lifestyle"": null, ""partner_children"": null, ""partner_smoking"": null, ""relationship_goal"": null, ""relationship_pace"": null, ""relationship_structure"": null, ""relocate"": null, ""schedule"": null, ""smoking"": null, ""space_for_relationship"": null, ""wants_children"": null, ""who_to_meet"": null}"
syn_150ec524602aa45a33837e6ffc5e5633,public_01,21,non_binary,zone_a,True,synthetic_questionnaire,True,0,"[""zone_a""]",,,,,,,no_children,,,,,,,,,,,observed,not_asked,not_asked,not_asked,not_asked,not_asked,not_asked,observed,declined,not_asked,not_asked,not_asked,not_asked,not_asked,not_asked,not_asked,not_asked,not_asked,0,,,,,,,0,,,,,,,,,,,"{""acceptable_zones"": [""zone_a""], ""age_max"": null, ""age_min"": null, ""conversations"": null, ""emotional_availability"": null, ""has_children"": null, ""lifestyle"": null, ""partner_children"": ""no_children"", ""partner_smoking"": null, ""relationship_goal"": null, ""relationship_pace"": null, ""relationship_structure"": null, ""relocate"": null, ""schedule"": null, ""smoking"": null, ""space_for_relationship"": null, ""wants_children"": null, ""who_to_meet"": null}","{""acceptable_zones"": ""observed"", ""age_max"": ""not_asked"", ""age_min"": ""not_asked"", ""conversations"": ""not_asked"", ""emotional_availability"": ""not_asked"", ""has_children"": ""not_asked"", ""lifestyle"": ""not_asked"", ""partner_children"": ""observed"", ""partner_smoking"": ""declined"", ""relationship_goal"": ""not_asked"", ""relationship_pace"": ""not_asked"", ""relationship_structure"": ""not_asked"", ""relocate"": ""not_asked"", ""schedule"": ""not_asked"", ""smoking"": ""not_asked"", ""space_for_relationship"": ""not_asked"", ""wants_children"": ""not_asked"", ""who_to_meet"": ""not_asked""}","{""acceptable_zones"": 0, ""age_max"": null, ""age_min"": null, ""conversations"": null, ""emotional_availability"": null, ""has_children"": null, ""lifestyle"": null, ""partner_children"": 0, ""partner_smoking"": null, ""relationship_goal"": null, ""relationship_pace"": null, ""relationship_structure"": null, ""relocate"": null, ""schedule"": null, ""smoking"": null, ""space_for_relationship"": null, ""wants_children"": null, ""who_to_meet"": null}"
syn_6cfb88f980ceab7343e2bdd152490fdd,public_01,33,man,zone_a,False,synthetic_questionnaire,True,0,"[""zone_a""]",43,23,practical,taking_time,False,quiet,no_children,any,exploring,steady,monogamous,unsure,"[""weekend_day"", ""weekend_evening"", ""weekday_evening""]",no,limited,no,"[""man""]",observed,observed,observed,observed,observed,observed,observed,observed,observed,observed,observed,observed,observed,observed,observed,observed,observed,observed,0,0,0,0,0,0,0,0,0,0,0,0,0,0,0,0,0,0,"{""acceptable_zones"": [""zone_a""], ""age_max"": 43, ""age_min"": 23, ""conversations"": ""practical"", ""emotional_availability"": ""taking_time"", ""has_children"": false, ""lifestyle"": ""quiet"", ""partner_children"": ""no_children"", ""partner_smoking"": ""any"", ""relationship_goal"": ""exploring"", ""relationship_pace"": ""steady"", ""relationship_structure"": ""monogamous"", ""relocate"": ""unsure"", ""schedule"": [""weekend_day"", ""weekend_evening"", ""weekday_evening""], ""smoking"": ""no"", ""space_for_relationship"": ""limited"", ""wants_children"": ""no"", ""who_to_meet"": [""man""]}","{""acceptable_zones"": ""observed"", ""age_max"": ""observed"", ""age_min"": ""observed"", ""conversations"": ""observed"", ""emotional_availability"": ""observed"", ""has_children"": ""observed"", ""lifestyle"": ""observed"", ""partner_children"": ""observed"", ""partner_smoking"": ""observed"", ""relationship_goal"": ""observed"", ""relationship_pace"": ""observed"", ""relationship_structure"": ""observed"", ""relocate"": ""observed"", ""schedule"": ""observed"", ""smoking"": ""observed"", ""space_for_relationship"": ""observed"", ""wants_children"": ""observed"", ""who_to_meet"": ""observed""}","{""acceptable_zones"": 0, ""age_max"": 0, ""age_min"": 0, ""conversations"": 0, ""emotional_availability"": 0, ""has_children"": 0, ""lifestyle"": 0, ""partner_children"": 0, ""partner_smoking"": 0, ""relationship_goal"": 0, ""relationship_pace"": 0, ""relationship_structure"": 0, ""relocate"": 0, ""schedule"": 0, ""smoking"": 0, ""space_for_relationship"": 0, ""wants_children"": 0, ""who_to_meet"": 0}"
syn_f15d634cb9bdbec5a685e918ac67aae3,public_01,44,man,zone_c,True,synthetic_questionnaire,True,0,,,,,,,,,,exploring,,,,"[""weekend_evening"", ""weekday_evening"", ""weekend_day""]",,,no,,not_asked,not_asked,not_asked,not_asked,declined,not_asked,not_asked,not_asked,not_asked,observed,not_asked,not_asked,not_asked,observed,declined,not_asked,observed,not_asked,,,,,,,,,,0,,,,0,,,0,,"{""acceptable_zones"": null, ""age_max"": null, ""age_min"": null, ""conversations"": null, ""emotional_availability"": null, ""has_children"": null, ""lifestyle"": null, ""partner_children"": null, ""partner_smoking"": null, ""relationship_goal"": ""exploring"", ""relationship_pace"": null, ""relationship_structure"": null, ""relocate"": null, ""schedule"": [""weekend_evening"", ""weekday_evening"", ""weekend_day""], ""smoking"": null, ""space_for_relationship"": null, ""wants_children"": ""no"", ""who_to_meet"": null}","{""acceptable_zones"": ""not_asked"", ""age_max"": ""not_asked"", ""age_min"": ""not_asked"", ""conversations"": ""not_asked"", ""emotional_availability"": ""declined"", ""has_children"": ""not_asked"", ""lifestyle"": ""not_asked"", ""partner_children"": ""not_asked"", ""partner_smoking"": ""not_asked"", ""relationship_goal"": ""observed"", ""relationship_pace"": ""not_asked"", ""relationship_structure"": ""not_asked"", ""relocate"": ""not_asked"", ""schedule"": ""observed"", ""smoking"": ""declined"", ""space_for_relationship"": ""not_asked"", ""wants_children"": ""observed"", ""who_to_meet"": ""not_asked""}","{""acceptable_zones"": null, ""age_max"": null, ""age_min"": null, ""conversations"": null, ""emotional_availability"": null, ""has_children"": null, ""lifestyle"": null, ""partner_children"": null, ""partner_smoking"": null, ""relationship_goal"": 0, ""relationship_pace"": null, ""relationship_structure"": null, ""relocate"": null, ""schedule"": 0, ""smoking"": null, ""space_for_relationship"": null, ""wants_children"": 0, ""who_to_meet"": null}"
syn_3b757727e68e22909b699b106b31fe72,public_01,29,man,zone_a,False,synthetic_questionnaire,True,6,"[""zone_a"", ""zone_b""]",33,24,practical,taking_time,False,mixed,no_children,no_smoking,exploring,steady,monogamous,unsure,"[""weekend_evening""]",no,moderate,unsure,"[""non_binary"", ""woman""]",observed,observed,observed,observed,observed,observed,observed,observed,observed,observed,observed,observed,observed,observed,observed,observed,observed,observed,6,6,6,6,6,6,6,6,6,6,6,6,6,6,6,6,6,6,"{""acceptable_zones"": [""zone_a"", ""zone_b""], ""age_max"": 33, ""age_min"": 24, ""conversations"": ""practical"", ""emotional_availability"": ""taking_time"", ""has_children"": false, ""lifestyle"": ""mixed"", ""partner_children"": ""no_children"", ""partner_smoking"": ""no_smoking"", ""relationship_goal"": ""exploring"", ""relationship_pace"": ""steady"", ""relationship_structure"": ""monogamous"", ""relocate"": ""unsure"", ""schedule"": [""weekend_evening""], ""smoking"": ""no"", ""space_for_relationship"": ""moderate"", ""wants_children"": ""unsure"", ""who_to_meet"": [""non_binary"", ""woman""]}","{""acceptable_zones"": ""observed"", ""age_max"": ""observed"", ""age_min"": ""observed"", ""conversations"": ""observed"", ""emotional_availability"": ""observed"", ""has_children"": ""observed"", ""lifestyle"": ""observed"", ""partner_children"": ""observed"", ""partner_smoking"": ""observed"", ""relationship_goal"": ""observed"", ""relationship_pace"": ""observed"", ""relationship_structure"": ""observed"", ""relocate"": ""observed"", ""schedule"": ""observed"", ""smoking"": ""observed"", ""space_for_relationship"": ""observed"", ""wants_children"": ""observed"", ""who_to_meet"": ""observed""}","{""acceptable_zones"": 6, ""age_max"": 6, ""age_min"": 6, ""conversations"": 6, ""emotional_availability"": 6, ""has_children"": 6, ""lifestyle"": 6, ""partner_children"": 6, ""partner_smoking"": 6, ""relationship_goal"": 6, ""relationship_pace"": 6, ""relationship_structure"": 6, ""relocate"": 6, ""schedule"": 6, ""smoking"": 6, ""space_for_relationship"": 6, ""wants_children"": 6, ""who_to_meet"": 6}"
syn_6f1f708432a102eed2023dbf3af9cb96,public_01,42,man,zone_c,True,synthetic_questionnaire,True,13,,,,ideas,ready,,mixed,,,,,,,,,,,,not_asked,not_asked,declined,observed,observed,not_asked,observed,not_asked,not_asked,not_asked,not_asked,not_asked,not_asked,not_asked,not_asked,not_asked,not_asked,not_asked,,,,13,13,,13,,,,,,,,,,,,"{""acceptable_zones"": null, ""age_max"": null, ""age_min"": null, ""conversations"": ""ideas"", ""emotional_availability"": ""ready"", ""has_children"": null, ""lifestyle"": ""mixed"", ""partner_children"": null, ""partner_smoking"": null, ""relationship_goal"": null, ""relationship_pace"": null, ""relationship_structure"": null, ""relocate"": null, ""schedule"": null, ""smoking"": null, ""space_for_relationship"": null, ""wants_children"": null, ""who_to_meet"": null}","{""acceptable_zones"": ""not_asked"", ""age_max"": ""not_asked"", ""age_min"": ""declined"", ""conversations"": ""observed"", ""emotional_availability"": ""observed"", ""has_children"": ""not_asked"", ""lifestyle"": ""observed"", ""partner_children"": ""not_asked"", ""partner_smoking"": ""not_asked"", ""relationship_goal"": ""not_asked"", ""relationship_pace"": ""not_asked"", ""relationship_structure"": ""not_asked"", ""relocate"": ""not_asked"", ""schedule"": ""not_asked"", ""smoking"": ""not_asked"", ""space_for_relationship"": ""not_asked"", ""wants_children"": ""not_asked"", ""who_to_meet"": ""not_asked""}","{""acceptable_zones"": null, ""age_max"": null, ""age_min"": null, ""conversations"": 13, ""emotional_availability"": 13, ""has_children"": null, ""lifestyle"": 13, ""partner_children"": null, ""partner_smoking"": null, ""relationship_goal"": null, ""relationship_pace"": null, ""relationship_structure"": null, ""relocate"": null, ""schedule"": null, ""smoking"": null, ""space_for_relationship"": null, ""wants_children"": null, ""who_to_meet"": null}"
syn_d3927dfb4ba1444e5c3b6e48d99aac7c,public_01,39,man,zone_a,False,synthetic_questionnaire,True,0,"[""zone_a"", ""zone_c""]",42,33,,,False,,no_children,no_smoking,,slow,monogamous,,"[""weekday_evening"", ""weekend_day""]",no,,yes,"[""non_binary"", ""woman""]",observed,observed,observed,not_asked,not_asked,observed,not_asked,observed,observed,not_asked,observed,observed,not_asked,observed,observed,not_asked,observed,observed,9,9,9,,,9,,9,9,,0,9,,9,9,,9,9,"{""acceptable_zones"": [""zone_a"", ""zone_c""], ""age_max"": 42, ""age_min"": 33, ""conversations"": null, ""emotional_availability"": null, ""has_children"": false, ""lifestyle"": null, ""partner_children"": ""no_children"", ""partner_smoking"": ""no_smoking"", ""relationship_goal"": null, ""relationship_pace"": ""slow"", ""relationship_structure"": ""monogamous"", ""relocate"": null, ""schedule"": [""weekday_evening"", ""weekend_day""], ""smoking"": ""no"", ""space_for_relationship"": null, ""wants_children"": ""yes"", ""who_to_meet"": [""non_binary"", ""woman""]}","{""acceptable_zones"": ""observed"", ""age_max"": ""observed"", ""age_min"": ""observed"", ""conversations"": ""not_asked"", ""emotional_availability"": ""not_asked"", ""has_children"": ""observed"", ""lifestyle"": ""not_asked"", ""partner_children"": ""observed"", ""partner_smoking"": ""observed"", ""relationship_goal"": ""not_asked"", ""relationship_pace"": ""observed"", ""relationship_structure"": ""observed"", ""relocate"": ""not_asked"", ""schedule"": ""observed"", ""smoking"": ""observed"", ""space_for_relationship"": ""not_asked"", ""wants_children"": ""observed"", ""who_to_meet"": ""observed""}","{""acceptable_zones"": 9, ""age_max"": 9, ""age_min"": 9, ""conversations"": null, ""emotional_availability"": null, ""has_children"": 9, ""lifestyle"": null, ""partner_children"": 9, ""partner_smoking"": 9, ""relationship_goal"": null, ""relationship_pace"": 0, ""relationship_structure"": 9, ""relocate"": null, ""schedule"": 9, ""smoking"": 9, ""space_for_relationship"": null, ""wants_children"": 9, ""who_to_meet"": 9}"
syn_f147f878931a307b02955c4cc72badc4,public_01,46,man,zone_a,True,synthetic_questionnaire,True,0,"[""zone_a""]",53,41,ideas,ready,False,social,no_children,no_smoking,long_term,quick,monogamous,unsure,"[""weekend_day"", ""weekend_evening""]",no,ample,no,"[""non_binary"", ""woman""]",observed,observed,observed,observed,observed,observed,observed,observed,observed,observed,observed,observed,observed,observed,observed,observed,observed,observed,0,0,0,0,0,0,0,0,0,0,0,0,0,0,0,0,0,0,"{""acceptable_zones"": [""zone_a""], ""age_max"": 53, ""age_min"": 41, ""conversations"": ""ideas"", ""emotional_availability"": ""ready"", ""has_children"": false, ""lifestyle"": ""social"", ""partner_children"": ""no_children"", ""partner_smoking"": ""no_smoking"", ""relationship_goal"": ""long_term"", ""relationship_pace"": ""quick"", ""relationship_structure"": ""monogamous"", ""relocate"": ""unsure"", ""schedule"": [""weekend_day"", ""weekend_evening""], ""smoking"": ""no"", ""space_for_relationship"": ""ample"", ""wants_children"": ""no"", ""who_to_meet"": [""non_binary"", ""woman""]}","{""acceptable_zones"": ""observed"", ""age_max"": ""observed"", ""age_min"": ""observed"", ""conversations"": ""observed"", ""emotional_availability"": ""observed"", ""has_children"": ""observed"", ""lifestyle"": ""observed"", ""partner_children"": ""observed"", ""partner_smoking"": ""observed"", ""relationship_goal"": ""observed"", ""relationship_pace"": ""observed"", ""relationship_structure"": ""observed"", ""relocate"": ""observed"", ""schedule"": ""observed"", ""smoking"": ""observed"", ""space_for_relationship"": ""observed"", ""wants_children"": ""observed"", ""who_to_meet"": ""observed""}","{""acceptable_zones"": 0, ""age_max"": 0, ""age_min"": 0, ""conversations"": 0, ""emotional_availability"": 0, ""has_children"": 0, ""lifestyle"": 0, ""partner_children"": 0, ""partner_smoking"": 0, ""relationship_goal"": 0, ""relationship_pace"": 0, ""relationship_structure"": 0, ""relocate"": 0, ""schedule"": 0, ""smoking"": 0, ""space_for_relationship"": 0, ""wants_children"": 0, ""who_to_meet"": 0}"
syn_04618e14b6dbc22d29479db85424ea5d,public_01,26,man,zone_c,True,synthetic_questionnaire,True,14,,,,,,,,,,,,,unsure,,,,,,not_asked,not_asked,declined,not_asked,not_asked,not_asked,not_asked,not_asked,not_asked,not_asked,not_asked,not_asked,observed,not_asked,not_asked,not_asked,not_asked,not_asked,,,,,,,,,,,,,14,,,,,,"{""acceptable_zones"": null, ""age_max"": null, ""age_min"": null, ""conversations"": null, ""emotional_availability"": null, ""has_children"": null, ""lifestyle"": null, ""partner_children"": null, ""partner_smoking"": null, ""relationship_goal"": null, ""relationship_pace"": null, ""relationship_structure"": null, ""relocate"": ""unsure"", ""schedule"": null, ""smoking"": null, ""space_for_relationship"": null, ""wants_children"": null, ""who_to_meet"": null}","{""acceptable_zones"": ""not_asked"", ""age_max"": ""not_asked"", ""age_min"": ""declined"", ""conversations"": ""not_asked"", ""emotional_availability"": ""not_asked"", ""has_children"": ""not_asked"", ""lifestyle"": ""not_asked"", ""partner_children"": ""not_asked"", ""partner_smoking"": ""not_asked"", ""relationship_goal"": ""not_asked"", ""relationship_pace"": ""not_asked"", ""relationship_structure"": ""not_asked"", ""relocate"": ""observed"", ""schedule"": ""not_asked"", ""smoking"": ""not_asked"", ""space_for_relationship"": ""not_asked"", ""wants_children"": ""not_asked"", ""who_to_meet"": ""not_asked""}","{""acceptable_zones"": null, ""age_max"": null, ""age_min"": null, ""conversations"": null, ""emotional_availability"": null, ""has_children"": null, ""lifestyle"": null, ""partner_children"": null, ""partner_smoking"": null, ""relationship_goal"": null, ""relationship_pace"": null, ""relationship_structure"": null, ""relocate"": 14, ""schedule"": null, ""smoking"": null, ""space_for_relationship"": null, ""wants_children"": null, ""who_to_meet"": null}"
syn_9932dfb7889c4acac1c6b78ec2b3fbe2,public_01,30,man,zone_a,False,synthetic_questionnaire,True,0,"[""zone_a""]",33,21,,,False,,no_children,any,,,monogamous,,"[""weekend_day"", ""weekend_evening"", ""weekday_evening""]",no,,no,"[""man""]",observed,observed,observed,not_asked,not_asked,observed,not_asked,observed,observed,not_asked,not_asked,observed,not_asked,observed,observed,not_asked,observed,observed,9,9,9,,,9,,9,9,,,9,,9,9,,9,9,"{""acceptable_zones"": [""zone_a""], ""age_max"": 33, ""age_min"": 21, ""conversations"": null, ""emotional_availability"": null, ""has_children"": false, ""lifestyle"": null, ""partner_children"": ""no_children"", ""partner_smoking"": ""any"", ""relationship_goal"": null, ""relationship_pace"": null, ""relationship_structure"": ""monogamous"", ""relocate"": null, ""schedule"": [""weekend_day"", ""weekend_evening"", ""weekday_evening""], ""smoking"": ""no"", ""space_for_relationship"": null, ""wants_children"": ""no"", ""who_to_meet"": [""man""]}","{""acceptable_zones"": ""observed"", ""age_max"": ""observed"", ""age_min"": ""observed"", ""conversations"": ""not_asked"", ""emotional_availability"": ""not_asked"", ""has_children"": ""observed"", ""lifestyle"": ""not_asked"", ""partner_children"": ""observed"", ""partner_smoking"": ""observed"", ""relationship_goal"": ""not_asked"", ""relationship_pace"": ""not_asked"", ""relationship_structure"": ""observed"", ""relocate"": ""not_asked"", ""schedule"": ""observed"", ""smoking"": ""observed"", ""space_for_relationship"": ""not_asked"", ""wants_children"": ""observed"", ""who_to_meet"": ""observed""}","{""acceptable_zones"": 9, ""age_max"": 9, ""age_min"": 9, ""conversations"": null, ""emotional_availability"": null, ""has_children"": 9, ""lifestyle"": null, ""partner_children"": 9, ""partner_smoking"": 9, ""relationship_goal"": null, ""relationship_pace"": null, ""relationship_structure"": 9, ""relocate"": null, ""schedule"": 9, ""smoking"": 9, ""space_for_relationship"": null, ""wants_children"": 9, ""who_to_meet"": 9}"
syn_d80b846f0dccbbb95f7ff66606375464,public_01,39,man,zone_a,True,synthetic_questionnaire,True,0,"[""zone_a""]",48,34,,,False,,no_children,no_smoking,,,non_monogamous,,"[""weekday_evening"", ""weekend_day""]",no,,no,"[""man""]",observed,observed,observed,not_asked,declined,observed,not_asked,observed,observed,not_asked,not_asked,observed,not_asked,observed,observed,not_asked,observed,observed,9,9,9,,,9,,9,9,,,9,,9,9,,9,9,"{""acceptable_zones"": [""zone_a""], ""age_max"": 48, ""age_min"": 34, ""conversations"": null, ""emotional_availability"": null, ""has_children"": false, ""lifestyle"": null, ""partner_children"": ""no_children"", ""partner_smoking"": ""no_smoking"", ""relationship_goal"": null, ""relationship_pace"": null, ""relationship_structure"": ""non_monogamous"", ""relocate"": null, ""schedule"": [""weekday_evening"", ""weekend_day""], ""smoking"": ""no"", ""space_for_relationship"": null, ""wants_children"": ""no"", ""who_to_meet"": [""man""]}","{""acceptable_zones"": ""observed"", ""age_max"": ""observed"", ""age_min"": ""observed"", ""conversations"": ""not_asked"", ""emotional_availability"": ""declined"", ""has_children"": ""observed"", ""lifestyle"": ""not_asked"", ""partner_children"": ""observed"", ""partner_smoking"": ""observed"", ""relationship_goal"": ""not_asked"", ""relationship_pace"": ""not_asked"", ""relationship_structure"": ""observed"", ""relocate"": ""not_asked"", ""schedule"": ""observed"", ""smoking"": ""observed"", ""space_for_relationship"": ""not_asked"", ""wants_children"": ""observed"", ""who_to_meet"": ""observed""}","{""acceptable_zones"": 9, ""age_max"": 9, ""age_min"": 9, ""conversations"": null, ""emotional_availability"": null, ""has_children"": 9, ""lifestyle"": null, ""partner_children"": 9, ""partner_smoking"": 9, ""relationship_goal"": null, ""relationship_pace"": null, ""relationship_structure"": 9, ""relocate"": null, ""schedule"": 9, ""smoking"": 9, ""space_for_relationship"": null, ""wants_children"": 9, ""who_to_meet"": 9}"
syn_c8173f9ff896f70b35273e7528e0a64f,public_01,21,woman,zone_a,True,synthetic_questionnaire,True,0,"[""zone_a"", ""zone_d""]",29,18,ideas,ready,False,social,any,any,exploring,quick,monogamous,yes,"[""weekday_evening"", ""weekend_day""]",no,limited,yes,"[""man"", ""woman"", ""non_binary""]",observed,observed,observed,observed,observed,observed,observed,observed,observed,observed,observed,observed,observed,observed,observed,observed,observed,observed,0,0,0,0,0,0,0,0,0,0,0,0,0,0,0,0,0,0,"{""acceptable_zones"": [""zone_a"", ""zone_d""], ""age_max"": 29, ""age_min"": 18, ""conversations"": ""ideas"", ""emotional_availability"": ""ready"", ""has_children"": false, ""lifestyle"": ""social"", ""partner_children"": ""any"", ""partner_smoking"": ""any"", ""relationship_goal"": ""exploring"", ""relationship_pace"": ""quick"", ""relationship_structure"": ""monogamous"", ""relocate"": ""yes"", ""schedule"": [""weekday_evening"", ""weekend_day""], ""smoking"": ""no"", ""space_for_relationship"": ""limited"", ""wants_children"": ""yes"", ""who_to_meet"": [""man"", ""woman"", ""non_binary""]}","{""acceptable_zones"": ""observed"", ""age_max"": ""observed"", ""age_min"": ""observed"", ""conversations"": ""observed"", ""emotional_availability"": ""observed"", ""has_children"": ""observed"", ""lifestyle"": ""observed"", ""partner_children"": ""observed"", ""partner_smoking"": ""observed"", ""relationship_goal"": ""observed"", ""relationship_pace"": ""observed"", ""relationship_structure"": ""observed"", ""relocate"": ""observed"", ""schedule"": ""observed"", ""smoking"": ""observed"", ""space_for_relationship"": ""observed"", ""wants_children"": ""observed"", ""who_to_meet"": ""observed""}","{""acceptable_zones"": 0, ""age_max"": 0, ""age_min"": 0, ""conversations"": 0, ""emotional_availability"": 0, ""has_children"": 0, ""lifestyle"": 0, ""partner_children"": 0, ""partner_smoking"": 0, ""relationship_goal"": 0, ""relationship_pace"": 0, ""relationship_structure"": 0, ""relocate"": 0, ""schedule"": 0, ""smoking"": 0, ""space_for_relationship"": 0, ""wants_children"": 0, ""who_to_meet"": 0}"
syn_f2c9c85da65191c936890b9a52ca3841,public_01,34,man,zone_a,False,synthetic_questionnaire,True,14,"[""zone_a"", ""zone_c""]",43,31,,,False,,no_children,any,,,monogamous,,"[""weekend_day""]",no,,no,"[""man""]",observed,observed,observed,not_asked,not_asked,observed,not_asked,observed,observed,not_asked,not_asked,observed,not_asked,observed,observed,not_asked,observed,observed,14,14,14,,,14,,14,14,,,14,,14,14,,14,14,"{""acceptable_zones"": [""zone_a"", ""zone_c""], ""age_max"": 43, ""age_min"": 31, ""conversations"": null, ""emotional_availability"": null, ""has_children"": false, ""lifestyle"": null, ""partner_children"": ""no_children"", ""partner_smoking"": ""any"", ""relationship_goal"": null, ""relationship_pace"": null, ""relationship_structure"": ""monogamous"", ""relocate"": null, ""schedule"": [""weekend_day""], ""smoking"": ""no"", ""space_for_relationship"": null, ""wants_children"": ""no"", ""who_to_meet"": [""man""]}","{""acceptable_zones"": ""observed"", ""age_max"": ""observed"", ""age_min"": ""observed"", ""conversations"": ""not_asked"", ""emotional_availability"": ""not_asked"", ""has_children"": ""observed"", ""lifestyle"": ""not_asked"", ""partner_children"": ""observed"", ""partner_smoking"": ""observed"", ""relationship_goal"": ""not_asked"", ""relationship_pace"": ""not_asked"", ""relationship_structure"": ""observed"", ""relocate"": ""not_asked"", ""schedule"": ""observed"", ""smoking"": ""observed"", ""space_for_relationship"": ""not_asked"", ""wants_children"": ""observed"", ""who_to_meet"": ""observed""}","{""acceptable_zones"": 14, ""age_max"": 14, ""age_min"": 14, ""conversations"": null, ""emotional_availability"": null, ""has_children"": 14, ""lifestyle"": null, ""partner_children"": 14, ""partner_smoking"": 14, ""relationship_goal"": null, ""relationship_pace"": null, ""relationship_structure"": 14, ""relocate"": null, ""schedule"": 14, ""smoking"": 14, ""space_for_relationship"": null, ""wants_children"": 14, ""who_to_meet"": 14}"
syn_82ab48f22f138b6c243f294c601e42da,public_01,21,man,zone_c,True,synthetic_questionnaire,True,8,"[""zone_c"", ""zone_a""]",30,18,,,False,,no_children,no_smoking,,,monogamous,,"[""weekday_evening""]",no,,yes,"[""woman""]",observed,observed,observed,not_asked,not_asked,observed,not_asked,observed,observed,not_asked,not_asked,observed,not_asked,observed,observed,not_asked,observed,observed,9,9,9,,,9,,9,9,,,9,,9,9,,9,9,"{""acceptable_zones"": [""zone_c"", ""zone_a""], ""age_max"": 30, ""age_min"": 18, ""conversations"": null, ""emotional_availability"": null, ""has_children"": false, ""lifestyle"": null, ""partner_children"": ""no_children"", ""partner_smoking"": ""no_smoking"", ""relationship_goal"": null, ""relationship_pace"": null, ""relationship_structure"": ""monogamous"", ""relocate"": null, ""schedule"": [""weekday_evening""], ""smoking"": ""no"", ""space_for_relationship"": null, ""wants_children"": ""yes"", ""who_to_meet"": [""woman""]}","{""acceptable_zones"": ""observed"", ""age_max"": ""observed"", ""age_min"": ""observed"", ""conversations"": ""not_asked"", ""emotional_availability"": ""not_asked"", ""has_children"": ""observed"", ""lifestyle"": ""not_asked"", ""partner_children"": ""observed"", ""partner_smoking"": ""observed"", ""relationship_goal"": ""not_asked"", ""relationship_pace"": ""not_asked"", ""relationship_structure"": ""observed"", ""relocate"": ""not_asked"", ""schedule"": ""observed"", ""smoking"": ""observed"", ""space_for_relationship"": ""not_asked"", ""wants_children"": ""observed"", ""who_to_meet"": ""observed""}","{""acceptable_zones"": 9, ""age_max"": 9, ""age_min"": 9, ""conversations"": null, ""emotional_availability"": null, ""has_children"": 9, ""lifestyle"": null, ""partner_children"": 9, ""partner_smoking"": 9, ""relationship_goal"": null, ""relationship_pace"": null, ""relationship_structure"": 9, ""relocate"": null, ""schedule"": 9, ""smoking"": 9, ""space_for_relationship"": null, ""wants_children"": 9, ""who_to_meet"": 9}"
syn_0b5739186226003ae4ee382252b03e24,public_01,21,woman,zone_a,True,synthetic_questionnaire,True,0,"[""zone_a""]",24,18,ideas,taking_time,True,social,no_children,no_smoking,exploring,steady,monogamous,yes,"[""weekday_evening""]",no,ample,unsure,"[""woman""]",observed,observed,observed,observed,observed,observed,observed,observed,observed,observed,observed,observed,observed,observed,observed,observed,observed,observed,0,0,0,0,0,0,0,0,0,0,0,0,0,0,0,0,0,0,"{""acceptable_zones"": [""zone_a""], ""age_max"": 24, ""age_min"": 18, ""conversations"": ""ideas"", ""emotional_availability"": ""taking_time"", ""has_children"": true, ""lifestyle"": ""social"", ""partner_children"": ""no_children"", ""partner_smoking"": ""no_smoking"", ""relationship_goal"": ""exploring"", ""relationship_pace"": ""steady"", ""relationship_structure"": ""monogamous"", ""relocate"": ""yes"", ""schedule"": [""weekday_evening""], ""smoking"": ""no"", ""space_for_relationship"": ""ample"", ""wants_children"": ""unsure"", ""who_to_meet"": [""woman""]}","{""acceptable_zones"": ""observed"", ""age_max"": ""observed"", ""age_min"": ""observed"", ""conversations"": ""observed"", ""emotional_availability"": ""observed"", ""has_children"": ""observed"", ""lifestyle"": ""observed"", ""partner_children"": ""observed"", ""partner_smoking"": ""observed"", ""relationship_goal"": ""observed"", ""relationship_pace"": ""observed"", ""relationship_structure"": ""observed"", ""relocate"": ""observed"", ""schedule"": ""observed"", ""smoking"": ""observed"", ""space_for_relationship"": ""observed"", ""wants_children"": ""observed"", ""who_to_meet"": ""observed""}","{""acceptable_zones"": 0, ""age_max"": 0, ""age_min"": 0, ""conversations"": 0, ""emotional_availability"": 0, ""has_children"": 0, ""lifestyle"": 0, ""partner_children"": 0, ""partner_smoking"": 0, ""relationship_goal"": 0, ""relationship_pace"": 0, ""relationship_structure"": 0, ""relocate"": 0, ""schedule"": 0, ""smoking"": 0, ""space_for_relationship"": 0, ""wants_children"": 0, ""who_to_meet"": 0}"
syn_6f9931ff2615574082c987876707a54f,public_01,44,man,zone_b,True,synthetic_questionnaire,True,0,"[""zone_b""]",48,37,ideas,ready,False,social,any,no_smoking,long_term,slow,monogamous,unsure,"[""weekend_day""]",no,ample,no,"[""man""]",observed,observed,observed,observed,observed,observed,observed,observed,observed,observed,observed,observed,observed,observed,observed,observed,observed,observed,0,0,0,0,0,0,0,0,0,0,0,0,0,0,0,0,0,0,"{""acceptable_zones"": [""zone_b""], ""age_max"": 48, ""age_min"": 37, ""conversations"": ""ideas"", ""emotional_availability"": ""ready"", ""has_children"": false, ""lifestyle"": ""social"", ""partner_children"": ""any"", ""partner_smoking"": ""no_smoking"", ""relationship_goal"": ""long_term"", ""relationship_pace"": ""slow"", ""relationship_structure"": ""monogamous"", ""relocate"": ""unsure"", ""schedule"": [""weekend_day""], ""smoking"": ""no"", ""space_for_relationship"": ""ample"", ""wants_children"": ""no"", ""who_to_meet"": [""man""]}","{""acceptable_zones"": ""observed"", ""age_max"": ""observed"", ""age_min"": ""observed"", ""conversations"": ""observed"", ""emotional_availability"": ""observed"", ""has_children"": ""observed"", ""lifestyle"": ""observed"", ""partner_children"": ""observed"", ""partner_smoking"": ""observed"", ""relationship_goal"": ""observed"", ""relationship_pace"": ""observed"", ""relationship_structure"": ""observed"", ""relocate"": ""observed"", ""schedule"": ""observed"", ""smoking"": ""observed"", ""space_for_relationship"": ""observed"", ""wants_children"": ""observed"", ""who_to_meet"": ""observed""}","{""acceptable_zones"": 0, ""age_max"": 0, ""age_min"": 0, ""conversations"": 0, ""emotional_availability"": 0, ""has_children"": 0, ""lifestyle"": 0, ""partner_children"": 0, ""partner_smoking"": 0, ""relationship_goal"": 0, ""relationship_pace"": 0, ""relationship_structure"": 0, ""relocate"": 0, ""schedule"": 0, ""smoking"": 0, ""space_for_relationship"": 0, ""wants_children"": 0, ""who_to_meet"": 0}"
syn_317bcce15befc3cfe15d59b186a6a2ca,public_01,43,woman,zone_a,True,synthetic_questionnaire,True,0,"[""zone_a"", ""zone_b""]",48,34,,,False,,no_children,no_smoking,,,monogamous,,"[""weekday_evening"", ""weekend_evening""]",yes,,no,"[""non_binary""]",observed,observed,observed,not_asked,not_asked,observed,not_asked,observed,observed,not_asked,not_asked,observed,not_asked,observed,observed,not_asked,observed,observed,10,10,10,,,10,,10,10,,,10,,10,10,,10,10,"{""acceptable_zones"": [""zone_a"", ""zone_b""], ""age_max"": 48, ""age_min"": 34, ""conversations"": null, ""emotional_availability"": null, ""has_children"": false, ""lifestyle"": null, ""partner_children"": ""no_children"", ""partner_smoking"": ""no_smoking"", ""relationship_goal"": null, ""relationship_pace"": null, ""relationship_structure"": ""monogamous"", ""relocate"": null, ""schedule"": [""weekday_evening"", ""weekend_evening""], ""smoking"": ""yes"", ""space_for_relationship"": null, ""wants_children"": ""no"", ""who_to_meet"": [""non_binary""]}","{""acceptable_zones"": ""observed"", ""age_max"": ""observed"", ""age_min"": ""observed"", ""conversations"": ""not_asked"", ""emotional_availability"": ""not_asked"", ""has_children"": ""observed"", ""lifestyle"": ""not_asked"", ""partner_children"": ""observed"", ""partner_smoking"": ""observed"", ""relationship_goal"": ""not_asked"", ""relationship_pace"": ""not_asked"", ""relationship_structure"": ""observed"", ""relocate"": ""not_asked"", ""schedule"": ""observed"", ""smoking"": ""observed"", ""space_for_relationship"": ""not_asked"", ""wants_children"": ""observed"", ""who_to_meet"": ""observed""}","{""acceptable_zones"": 10, ""age_max"": 10, ""age_min"": 10, ""conversations"": null, ""emotional_availability"": null, ""has_children"": 10, ""lifestyle"": null, ""partner_children"": 10, ""partner_smoking"": 10, ""relationship_goal"": null, ""relationship_pace"": null, ""relationship_structure"": 10, ""relocate"": null, ""schedule"": 10, ""smoking"": 10, ""space_for_relationship"": null, ""wants_children"": 10, ""who_to_meet"": 10}"
syn_a1c5275dce65bd47342f1ae1e7487542,public_01,24,woman,zone_a,True,synthetic_questionnaire,True,11,,,,,,False,,,,,,,,,,,,,not_asked,not_asked,declined,not_asked,not_asked,observed,not_asked,not_asked,not_asked,not_asked,not_asked,not_asked,not_asked,not_asked,not_asked,not_asked,not_asked,not_asked,,,,,,11,,,,,,,,,,,,,"{""acceptable_zones"": null, ""age_max"": null, ""age_min"": null, ""conversations"": null, ""emotional_availability"": null, ""has_children"": false, ""lifestyle"": null, ""partner_children"": null, ""partner_smoking"": null, ""relationship_goal"": null, ""relationship_pace"": null, ""relationship_structure"": null, ""relocate"": null, ""schedule"": null, ""smoking"": null, ""space_for_relationship"": null, ""wants_children"": null, ""who_to_meet"": null}","{""acceptable_zones"": ""not_asked"", ""age_max"": ""not_asked"", ""age_min"": ""declined"", ""conversations"": ""not_asked"", ""emotional_availability"": ""not_asked"", ""has_children"": ""observed"", ""lifestyle"": ""not_asked"", ""partner_children"": ""not_asked"", ""partner_smoking"": ""not_asked"", ""relationship_goal"": ""not_asked"", ""relationship_pace"": ""not_asked"", ""relationship_structure"": ""not_asked"", ""relocate"": ""not_asked"", ""schedule"": ""not_asked"", ""smoking"": ""not_asked"", ""space_for_relationship"": ""not_asked"", ""wants_children"": ""not_asked"", ""who_to_meet"": ""not_asked""}","{""acceptable_zones"": null, ""age_max"": null, ""age_min"": null, ""conversations"": null, ""emotional_availability"": null, ""has_children"": 11, ""lifestyle"": null, ""partner_children"": null, ""partner_smoking"": null, ""relationship_goal"": null, ""relationship_pace"": null, ""relationship_structure"": null, ""relocate"": null, ""schedule"": null, ""smoking"": null, ""space_for_relationship"": null, ""wants_children"": null, ""who_to_meet"": null}"
syn_59ee16daf6ced41ec84ce58ffa9bbd3f,public_01,22,man,zone_b,True,synthetic_questionnaire,True,0,"[""zone_b"", ""zone_d""]",29,18,practical,ready,False,social,any,no_smoking,exploring,quick,monogamous,yes,"[""weekend_evening""]",no,moderate,yes,"[""woman""]",observed,observed,observed,observed,observed,observed,observed,observed,observed,observed,observed,observed,observed,observed,observed,observed,observed,observed,0,0,0,0,0,0,0,0,0,0,0,0,0,0,0,0,0,0,"{""acceptable_zones"": [""zone_b"", ""zone_d""], ""age_max"": 29, ""age_min"": 18, ""conversations"": ""practical"", ""emotional_availability"": ""ready"", ""has_children"": false, ""lifestyle"": ""social"", ""partner_children"": ""any"", ""partner_smoking"": ""no_smoking"", ""relationship_goal"": ""exploring"", ""relationship_pace"": ""quick"", ""relationship_structure"": ""monogamous"", ""relocate"": ""yes"", ""schedule"": [""weekend_evening""], ""smoking"": ""no"", ""space_for_relationship"": ""moderate"", ""wants_children"": ""yes"", ""who_to_meet"": [""woman""]}","{""acceptable_zones"": ""observed"", ""age_max"": ""observed"", ""age_min"": ""observed"", ""conversations"": ""observed"", ""emotional_availability"": ""observed"", ""has_children"": ""observed"", ""lifestyle"": ""observed"", ""partner_children"": ""observed"", ""partner_smoking"": ""observed"", ""relationship_goal"": ""observed"", ""relationship_pace"": ""observed"", ""relationship_structure"": ""observed"", ""relocate"": ""observed"", ""schedule"": ""observed"", ""smoking"": ""observed"", ""space_for_relationship"": ""observed"", ""wants_children"": ""observed"", ""who_to_meet"": ""observed""}","{""acceptable_zones"": 0, ""age_max"": 0, ""age_min"": 0, ""conversations"": 0, ""emotional_availability"": 0, ""has_children"": 0, ""lifestyle"": 0, ""partner_children"": 0, ""partner_smoking"": 0, ""relationship_goal"": 0, ""relationship_pace"": 0, ""relationship_structure"": 0, ""relocate"": 0, ""schedule"": 0, ""smoking"": 0, ""space_for_relationship"": 0, ""wants_children"": 0, ""who_to_meet"": 0}"
syn_419d0ec727a60418eae4b4652ef3d0d8,public_01,43,man,zone_c,True,synthetic_questionnaire,True,20,"[""zone_c""]",49,39,ideas,taking_time,False,quiet,any,no_smoking,long_term,slow,monogamous,unsure,"[""weekday_evening"", ""weekend_day"", ""weekend_evening""]",occasionally,moderate,unsure,"[""non_binary""]",observed,observed,observed,observed,observed,observed,observed,observed,observed,observed,observed,observed,observed,observed,observed,observed,observed,observed,20,20,20,20,20,20,20,20,20,20,20,20,20,20,20,20,20,20,"{""acceptable_zones"": [""zone_c""], ""age_max"": 49, ""age_min"": 39, ""conversations"": ""ideas"", ""emotional_availability"": ""taking_time"", ""has_children"": false, ""lifestyle"": ""quiet"", ""partner_children"": ""any"", ""partner_smoking"": ""no_smoking"", ""relationship_goal"": ""long_term"", ""relationship_pace"": ""slow"", ""relationship_structure"": ""monogamous"", ""relocate"": ""unsure"", ""schedule"": [""weekday_evening"", ""weekend_day"", ""weekend_evening""], ""smoking"": ""occasionally"", ""space_for_relationship"": ""moderate"", ""wants_children"": ""unsure"", ""who_to_meet"": [""non_binary""]}","{""acceptable_zones"": ""observed"", ""age_max"": ""observed"", ""age_min"": ""observed"", ""conversations"": ""observed"", ""emotional_availability"": ""observed"", ""has_children"": ""observed"", ""lifestyle"": ""observed"", ""partner_children"": ""observed"", ""partner_smoking"": ""observed"", ""relationship_goal"": ""observed"", ""relationship_pace"": ""observed"", ""relationship_structure"": ""observed"", ""relocate"": ""observed"", ""schedule"": ""observed"", ""smoking"": ""observed"", ""space_for_relationship"": ""observed"", ""wants_children"": ""observed"", ""who_to_meet"": ""observed""}","{""acceptable_zones"": 20, ""age_max"": 20, ""age_min"": 20, ""conversations"": 20, ""emotional_availability"": 20, ""has_children"": 20, ""lifestyle"": 20, ""partner_children"": 20, ""partner_smoking"": 20, ""relationship_goal"": 20, ""relationship_pace"": 20, ""relationship_structure"": 20, ""relocate"": 20, ""schedule"": 20, ""smoking"": 20, ""space_for_relationship"": 20, ""wants_children"": 20, ""who_to_meet"": 20}"
syn_d60cca740ee6913d17c0efe40b431823,public_01,27,woman,zone_a,True,synthetic_questionnaire,True,0,"[""zone_a"", ""zone_b""]",,,,,,,,,,,,,,,,,"[""woman""]",observed,not_asked,not_asked,not_asked,declined,not_asked,not_asked,declined,not_asked,not_asked,not_asked,not_asked,not_asked,not_asked,not_asked,not_asked,not_asked,observed,0,,,,,,,,,,,,,,,,,0,"{""acceptable_zones"": [""zone_a"", ""zone_b""], ""age_max"": null, ""age_min"": null, ""conversations"": null, ""emotional_availability"": null, ""has_children"": null, ""lifestyle"": null, ""partner_children"": null, ""partner_smoking"": null, ""relationship_goal"": null, ""relationship_pace"": null, ""relationship_structure"": null, ""relocate"": null, ""schedule"": null, ""smoking"": null, ""space_for_relationship"": null, ""wants_children"": null, ""who_to_meet"": [""woman""]}","{""acceptable_zones"": ""observed"", ""age_max"": ""not_asked"", ""age_min"": ""not_asked"", ""conversations"": ""not_asked"", ""emotional_availability"": ""declined"", ""has_children"": ""not_asked"", ""lifestyle"": ""not_asked"", ""partner_children"": ""declined"", ""partner_smoking"": ""not_asked"", ""relationship_goal"": ""not_asked"", ""relationship_pace"": ""not_asked"", ""relationship_structure"": ""not_asked"", ""relocate"": ""not_asked"", ""schedule"": ""not_asked"", ""smoking"": ""not_asked"", ""space_for_relationship"": ""not_asked"", ""wants_children"": ""not_asked"", ""who_to_meet"": ""observed""}","{""acceptable_zones"": 0, ""age_max"": null, ""age_min"": null, ""conversations"": null, ""emotional_availability"": null, ""has_children"": null, ""lifestyle"": null, ""partner_children"": null, ""partner_smoking"": null, ""relationship_goal"": null, ""relationship_pace"": null, ""relationship_structure"": null, ""relocate"": null, ""schedule"": null, ""smoking"": null, ""space_for_relationship"": null, ""wants_children"": null, ""who_to_meet"": 0}"
syn_69fb1bdb9c93ae509ba2d51152cc2bcb,public_01,27,non_binary,zone_a,True,synthetic_questionnaire,True,0,"[""zone_a"", ""zone_d""]",34,18,playful,taking_time,False,social,any,any,long_term,slow,monogamous,unsure,"[""weekend_day"", ""weekday_evening"", ""weekend_evening""]",no,ample,unsure,"[""non_binary""]",observed,observed,observed,observed,observed,observed,observed,observed,observed,observed,observed,observed,observed,observed,observed,observed,observed,observed,0,0,0,0,0,0,0,0,0,0,0,0,0,0,0,0,0,0,"{""acceptable_zones"": [""zone_a"", ""zone_d""], ""age_max"": 34, ""age_min"": 18, ""conversations"": ""playful"", ""emotional_availability"": ""taking_time"", ""has_children"": false, ""lifestyle"": ""social"", ""partner_children"": ""any"", ""partner_smoking"": ""any"", ""relationship_goal"": ""long_term"", ""relationship_pace"": ""slow"", ""relationship_structure"": ""monogamous"", ""relocate"": ""unsure"", ""schedule"": [""weekend_day"", ""weekday_evening"", ""weekend_evening""], ""smoking"": ""no"", ""space_for_relationship"": ""ample"", ""wants_children"": ""unsure"", ""who_to_meet"": [""non_binary""]}","{""acceptable_zones"": ""observed"", ""age_max"": ""observed"", ""age_min"": ""observed"", ""conversations"": ""observed"", ""emotional_availability"": ""observed"", ""has_children"": ""observed"", ""lifestyle"": ""observed"", ""partner_children"": ""observed"", ""partner_smoking"": ""observed"", ""relationship_goal"": ""observed"", ""relationship_pace"": ""observed"", ""relationship_structure"": ""observed"", ""relocate"": ""observed"", ""schedule"": ""observed"", ""smoking"": ""observed"", ""space_for_relationship"": ""observed"", ""wants_children"": ""observed"", ""who_to_meet"": ""observed""}","{""acceptable_zones"": 0, ""age_max"": 0, ""age_min"": 0, ""conversations"": 0, ""emotional_availability"": 0, ""has_children"": 0, ""lifestyle"": 0, ""partner_children"": 0, ""partner_smoking"": 0, ""relationship_goal"": 0, ""relationship_pace"": 0, ""relationship_structure"": 0, ""relocate"": 0, ""schedule"": 0, ""smoking"": 0, ""space_for_relationship"": 0, ""wants_children"": 0, ""who_to_meet"": 0}"
syn_223281870efb34dc0efae3a519830084,public_01,30,man,zone_b,True,synthetic_questionnaire,True,6,,,25,,,,,,any,,,,,,,,,,not_asked,declined,observed,not_asked,not_asked,not_asked,not_asked,declined,observed,not_asked,declined,not_asked,not_asked,not_asked,not_asked,declined,not_asked,not_asked,,,6,,,,,,6,,,,,,,,,,"{""acceptable_zones"": null, ""age_max"": null, ""age_min"": 25, ""conversations"": null, ""emotional_availability"": null, ""has_children"": null, ""lifestyle"": null, ""partner_children"": null, ""partner_smoking"": ""any"", ""relationship_goal"": null, ""relationship_pace"": null, ""relationship_structure"": null, ""relocate"": null, ""schedule"": null, ""smoking"": null, ""space_for_relationship"": null, ""wants_children"": null, ""who_to_meet"": null}","{""acceptable_zones"": ""not_asked"", ""age_max"": ""declined"", ""age_min"": ""observed"", ""conversations"": ""not_asked"", ""emotional_availability"": ""not_asked"", ""has_children"": ""not_asked"", ""lifestyle"": ""not_asked"", ""partner_children"": ""declined"", ""partner_smoking"": ""observed"", ""relationship_goal"": ""not_asked"", ""relationship_pace"": ""declined"", ""relationship_structure"": ""not_asked"", ""relocate"": ""not_asked"", ""schedule"": ""not_asked"", ""smoking"": ""not_asked"", ""space_for_relationship"": ""declined"", ""wants_children"": ""not_asked"", ""who_to_meet"": ""not_asked""}","{""acceptable_zones"": null, ""age_max"": null, ""age_min"": 6, ""conversations"": null, ""emotional_availability"": null, ""has_children"": null, ""lifestyle"": null, ""partner_children"": null, ""partner_smoking"": 6, ""relationship_goal"": null, ""relationship_pace"": null, ""relationship_structure"": null, ""relocate"": null, ""schedule"": null, ""smoking"": null, ""space_for_relationship"": null, ""wants_children"": null, ""who_to_meet"": null}"
syn_821ab76c818b471c7a46fd810ca10756,public_01,25,man,zone_b,True,synthetic_questionnaire,True,0,,,20,,,,,,,,,,,,,,,,not_asked,not_asked,observed,not_asked,not_asked,declined,not_asked,not_asked,not_asked,not_asked,not_asked,not_asked,not_asked,not_asked,not_asked,not_asked,not_asked,not_asked,,,0,,,,,,,,,,,,,,,,"{""acceptable_zones"": null, ""age_max"": null, ""age_min"": 20, ""conversations"": null, ""emotional_availability"": null, ""has_children"": null, ""lifestyle"": null, ""partner_children"": null, ""partner_smoking"": null, ""relationship_goal"": null, ""relationship_pace"": null, ""relationship_structure"": null, ""relocate"": null, ""schedule"": null, ""smoking"": null, ""space_for_relationship"": null, ""wants_children"": null, ""who_to_meet"": null}","{""acceptable_zones"": ""not_asked"", ""age_max"": ""not_asked"", ""age_min"": ""observed"", ""conversations"": ""not_asked"", ""emotional_availability"": ""not_asked"", ""has_children"": ""declined"", ""lifestyle"": ""not_asked"", ""partner_children"": ""not_asked"", ""partner_smoking"": ""not_asked"", ""relationship_goal"": ""not_asked"", ""relationship_pace"": ""not_asked"", ""relationship_structure"": ""not_asked"", ""relocate"": ""not_asked"", ""schedule"": ""not_asked"", ""smoking"": ""not_asked"", ""space_for_relationship"": ""not_asked"", ""wants_children"": ""not_asked"", ""who_to_meet"": ""not_asked""}","{""acceptable_zones"": null, ""age_max"": null, ""age_min"": 0, ""conversations"": null, ""emotional_availability"": null, ""has_children"": null, ""lifestyle"": null, ""partner_children"": null, ""partner_smoking"": null, ""relationship_goal"": null, ""relationship_pace"": null, ""relationship_structure"": null, ""relocate"": null, ""schedule"": null, ""smoking"": null, ""space_for_relationship"": null, ""wants_children"": null, ""who_to_meet"": null}"
syn_75b82ccdf5cd517fedb7c1183ba65fcd,public_01,34,woman,zone_a,True,synthetic_questionnaire,True,0,,,,,,,,,,,,,,,,,,,not_asked,not_asked,not_asked,not_asked,not_asked,not_asked,not_asked,not_asked,not_asked,not_asked,not_asked,not_asked,not_asked,not_asked,not_asked,not_asked,declined,not_asked,,,,,,,,,,,,,,,,,,,"{""acceptable_zones"": null, ""age_max"": null, ""age_min"": null, ""conversations"": null, ""emotional_availability"": null, ""has_children"": null, ""lifestyle"": null, ""partner_children"": null, ""partner_smoking"": null, ""relationship_goal"": null, ""relationship_pace"": null, ""relationship_structure"": null, ""relocate"": null, ""schedule"": null, ""smoking"": null, ""space_for_relationship"": null, ""wants_children"": null, ""who_to_meet"": null}","{""acceptable_zones"": ""not_asked"", ""age_max"": ""not_asked"", ""age_min"": ""not_asked"", ""conversations"": ""not_asked"", ""emotional_availability"": ""not_asked"", ""has_children"": ""not_asked"", ""lifestyle"": ""not_asked"", ""partner_children"": ""not_asked"", ""partner_smoking"": ""not_asked"", ""relationship_goal"": ""not_asked"", ""relationship_pace"": ""not_asked"", ""relationship_structure"": ""not_asked"", ""relocate"": ""not_asked"", ""schedule"": ""not_asked"", ""smoking"": ""not_asked"", ""space_for_relationship"": ""not_asked"", ""wants_children"": ""declined"", ""who_to_meet"": ""not_asked""}","{""acceptable_zones"": null, ""age_max"": null, ""age_min"": null, ""conversations"": null, ""emotional_availability"": null, ""has_children"": null, ""lifestyle"": null, ""partner_children"": null, ""partner_smoking"": null, ""relationship_goal"": null, ""relationship_pace"": null, ""relationship_structure"": null, ""relocate"": null, ""schedule"": null, ""smoking"": null, ""space_for_relationship"": null, ""wants_children"": null, ""who_to_meet"": null}"
syn_c6c9ae5038330a59cbdfa233e5fdeca4,public_01,45,woman,zone_a,True,synthetic_questionnaire,True,1,"[""zone_a""]",48,37,stories,ready,False,quiet,any,no_smoking,exploring,steady,monogamous,unsure,"[""weekday_evening""]",occasionally,limited,unsure,"[""woman""]",observed,observed,observed,observed,observed,observed,observed,observed,observed,observed,observed,observed,observed,observed,observed,observed,observed,observed,1,1,1,1,1,1,1,1,1,1,1,1,1,1,1,1,1,1,"{""acceptable_zones"": [""zone_a""], ""age_max"": 48, ""age_min"": 37, ""conversations"": ""stories"", ""emotional_availability"": ""ready"", ""has_children"": false, ""lifestyle"": ""quiet"", ""partner_children"": ""any"", ""partner_smoking"": ""no_smoking"", ""relationship_goal"": ""exploring"", ""relationship_pace"": ""steady"", ""relationship_structure"": ""monogamous"", ""relocate"": ""unsure"", ""schedule"": [""weekday_evening""], ""smoking"": ""occasionally"", ""space_for_relationship"": ""limited"", ""wants_children"": ""unsure"", ""who_to_meet"": [""woman""]}","{""acceptable_zones"": ""observed"", ""age_max"": ""observed"", ""age_min"": ""observed"", ""conversations"": ""observed"", ""emotional_availability"": ""observed"", ""has_children"": ""observed"", ""lifestyle"": ""observed"", ""partner_children"": ""observed"", ""partner_smoking"": ""observed"", ""relationship_goal"": ""observed"", ""relationship_pace"": ""observed"", ""relationship_structure"": ""observed"", ""relocate"": ""observed"", ""schedule"": ""observed"", ""smoking"": ""observed"", ""space_for_relationship"": ""observed"", ""wants_children"": ""observed"", ""who_to_meet"": ""observed""}","{""acceptable_zones"": 1, ""age_max"": 1, ""age_min"": 1, ""conversations"": 1, ""emotional_availability"": 1, ""has_children"": 1, ""lifestyle"": 1, ""partner_children"": 1, ""partner_smoking"": 1, ""relationship_goal"": 1, ""relationship_pace"": 1, ""relationship_structure"": 1, ""relocate"": 1, ""schedule"": 1, ""smoking"": 1, ""space_for_relationship"": 1, ""wants_children"": 1, ""who_to_meet"": 1}"
syn_5330626a4ade3351510c8b7ce8a8851e,public_01,44,woman,zone_a,True,synthetic_questionnaire,True,20,"[""zone_a"", ""zone_b""]",51,37,,,False,,no_children,no_smoking,,,monogamous,,"[""weekday_evening""]",no,,no,"[""non_binary""]",observed,observed,observed,not_asked,not_asked,observed,not_asked,observed,observed,not_asked,not_asked,observed,not_asked,observed,observed,not_asked,observed,observed,20,20,20,,,20,,20,20,,,20,,20,20,,20,20,"{""acceptable_zones"": [""zone_a"", ""zone_b""], ""age_max"": 51, ""age_min"": 37, ""conversations"": null, ""emotional_availability"": null, ""has_children"": false, ""lifestyle"": null, ""partner_children"": ""no_children"", ""partner_smoking"": ""no_smoking"", ""relationship_goal"": null, ""relationship_pace"": null, ""relationship_structure"": ""monogamous"", ""relocate"": null, ""schedule"": [""weekday_evening""], ""smoking"": ""no"", ""space_for_relationship"": null, ""wants_children"": ""no"", ""who_to_meet"": [""non_binary""]}","{""acceptable_zones"": ""observed"", ""age_max"": ""observed"", ""age_min"": ""observed"", ""conversations"": ""not_asked"", ""emotional_availability"": ""not_asked"", ""has_children"": ""observed"", ""lifestyle"": ""not_asked"", ""partner_children"": ""observed"", ""partner_smoking"": ""observed"", ""relationship_goal"": ""not_asked"", ""relationship_pace"": ""not_asked"", ""relationship_structure"": ""observed"", ""relocate"": ""not_asked"", ""schedule"": ""observed"", ""smoking"": ""observed"", ""space_for_relationship"": ""not_asked"", ""wants_children"": ""observed"", ""who_to_meet"": ""observed""}","{""acceptable_zones"": 20, ""age_max"": 20, ""age_min"": 20, ""conversations"": null, ""emotional_availability"": null, ""has_children"": 20, ""lifestyle"": null, ""partner_children"": 20, ""partner_smoking"": 20, ""relationship_goal"": null, ""relationship_pace"": null, ""relationship_structure"": 20, ""relocate"": null, ""schedule"": 20, ""smoking"": 20, ""space_for_relationship"": null, ""wants_children"": 20, ""who_to_meet"": 20}"
syn_6b3deeb1ae4ffa8c918000fdbdcd0626,public_01,29,woman,zone_a,True,synthetic_questionnaire,True,8,,,,,taking_time,,,,,,,,,,,limited,,,not_asked,not_asked,not_asked,not_asked,observed,not_asked,not_asked,not_asked,not_asked,not_asked,declined,not_asked,not_asked,not_asked,declined,observed,not_asked,declined,,,,,8,,,,,,,,,,,8,,,"{""acceptable_zones"": null, ""age_max"": null, ""age_min"": null, ""conversations"": null, ""emotional_availability"": ""taking_time"", ""has_children"": null, ""lifestyle"": null, ""partner_children"": null, ""partner_smoking"": null, ""relationship_goal"": null, ""relationship_pace"": null, ""relationship_structure"": null, ""relocate"": null, ""schedule"": null, ""smoking"": null, ""space_for_relationship"": ""limited"", ""wants_children"": null, ""who_to_meet"": null}","{""acceptable_zones"": ""not_asked"", ""age_max"": ""not_asked"", ""age_min"": ""not_asked"", ""conversations"": ""not_asked"", ""emotional_availability"": ""observed"", ""has_children"": ""not_asked"", ""lifestyle"": ""not_asked"", ""partner_children"": ""not_asked"", ""partner_smoking"": ""not_asked"", ""relationship_goal"": ""not_asked"", ""relationship_pace"": ""declined"", ""relationship_structure"": ""not_asked"", ""relocate"": ""not_asked"", ""schedule"": ""not_asked"", ""smoking"": ""declined"", ""space_for_relationship"": ""observed"", ""wants_children"": ""not_asked"", ""who_to_meet"": ""declined""}","{""acceptable_zones"": null, ""age_max"": null, ""age_min"": null, ""conversations"": null, ""emotional_availability"": 8, ""has_children"": null, ""lifestyle"": null, ""partner_children"": null, ""partner_smoking"": null, ""relationship_goal"": null, ""relationship_pace"": null, ""relationship_structure"": null, ""relocate"": null, ""schedule"": null, ""smoking"": null, ""space_for_relationship"": 8, ""wants_children"": null, ""who_to_meet"": null}"
syn_6262936e162e150c384d3c87b3f7b14c,public_01,30,man,zone_a,True,synthetic_questionnaire,True,14,"[""zone_a""]",35,26,,,False,,no_children,no_smoking,,,non_monogamous,,"[""weekend_day""]",no,,yes,"[""woman""]",observed,observed,observed,not_asked,not_asked,observed,not_asked,observed,observed,not_asked,not_asked,observed,not_asked,observed,observed,not_asked,observed,observed,14,14,14,,,14,,14,14,,,14,,14,14,,14,14,"{""acceptable_zones"": [""zone_a""], ""age_max"": 35, ""age_min"": 26, ""conversations"": null, ""emotional_availability"": null, ""has_children"": false, ""lifestyle"": null, ""partner_children"": ""no_children"", ""partner_smoking"": ""no_smoking"", ""relationship_goal"": null, ""relationship_pace"": null, ""relationship_structure"": ""non_monogamous"", ""relocate"": null, ""schedule"": [""weekend_day""], ""smoking"": ""no"", ""space_for_relationship"": null, ""wants_children"": ""yes"", ""who_to_meet"": [""woman""]}","{""acceptable_zones"": ""observed"", ""age_max"": ""observed"", ""age_min"": ""observed"", ""conversations"": ""not_asked"", ""emotional_availability"": ""not_asked"", ""has_children"": ""observed"", ""lifestyle"": ""not_asked"", ""partner_children"": ""observed"", ""partner_smoking"": ""observed"", ""relationship_goal"": ""not_asked"", ""relationship_pace"": ""not_asked"", ""relationship_structure"": ""observed"", ""relocate"": ""not_asked"", ""schedule"": ""observed"", ""smoking"": ""observed"", ""space_for_relationship"": ""not_asked"", ""wants_children"": ""observed"", ""who_to_meet"": ""observed""}","{""acceptable_zones"": 14, ""age_max"": 14, ""age_min"": 14, ""conversations"": null, ""emotional_availability"": null, ""has_children"": 14, ""lifestyle"": null, ""partner_children"": 14, ""partner_smoking"": 14, ""relationship_goal"": null, ""relationship_pace"": null, ""relationship_structure"": 14, ""relocate"": null, ""schedule"": 14, ""smoking"": 14, ""space_for_relationship"": null, ""wants_children"": 14, ""who_to_meet"": 14}"
syn_5dadd330655811c1eda72a1e118aaac5,public_01,37,non_binary,zone_b,True,synthetic_questionnaire,True,0,"[""zone_b""]",42,32,stories,taking_time,False,mixed,no_children,any,long_term,slow,monogamous,no,"[""weekend_day""]",no,moderate,yes,"[""non_binary""]",observed,observed,observed,observed,observed,observed,observed,observed,observed,observed,observed,observed,observed,observed,observed,observed,observed,observed,0,0,0,0,0,0,0,0,0,0,0,0,0,0,0,0,0,0,"{""acceptable_zones"": [""zone_b""], ""age_max"": 42, ""age_min"": 32, ""conversations"": ""stories"", ""emotional_availability"": ""taking_time"", ""has_children"": false, ""lifestyle"": ""mixed"", ""partner_children"": ""no_children"", ""partner_smoking"": ""any"", ""relationship_goal"": ""long_term"", ""relationship_pace"": ""slow"", ""relationship_structure"": ""monogamous"", ""relocate"": ""no"", ""schedule"": [""weekend_day""], ""smoking"": ""no"", ""space_for_relationship"": ""moderate"", ""wants_children"": ""yes"", ""who_to_meet"": [""non_binary""]}","{""acceptable_zones"": ""observed"", ""age_max"": ""observed"", ""age_min"": ""observed"", ""conversations"": ""observed"", ""emotional_availability"": ""observed"", ""has_children"": ""observed"", ""lifestyle"": ""observed"", ""partner_children"": ""observed"", ""partner_smoking"": ""observed"", ""relationship_goal"": ""observed"", ""relationship_pace"": ""observed"", ""relationship_structure"": ""observed"", ""relocate"": ""observed"", ""schedule"": ""observed"", ""smoking"": ""observed"", ""space_for_relationship"": ""observed"", ""wants_children"": ""observed"", ""who_to_meet"": ""observed""}","{""acceptable_zones"": 0, ""age_max"": 0, ""age_min"": 0, ""conversations"": 0, ""emotional_availability"": 0, ""has_children"": 0, ""lifestyle"": 0, ""partner_children"": 0, ""partner_smoking"": 0, ""relationship_goal"": 0, ""relationship_pace"": 0, ""relationship_structure"": 0, ""relocate"": 0, ""schedule"": 0, ""smoking"": 0, ""space_for_relationship"": 0, ""wants_children"": 0, ""who_to_meet"": 0}"
syn_763a960f76090dda778b7e0fc805eb9f,public_01,35,man,zone_c,True,synthetic_questionnaire,True,12,"[""zone_c"", ""zone_a""]",41,31,practical,taking_time,False,quiet,any,no_smoking,exploring,steady,monogamous,no,"[""weekend_day""]",occasionally,ample,no,"[""woman""]",observed,observed,observed,observed,observed,observed,observed,observed,observed,observed,observed,observed,observed,observed,observed,observed,observed,observed,12,12,12,12,12,12,12,12,12,12,12,12,12,12,12,12,12,12,"{""acceptable_zones"": [""zone_c"", ""zone_a""], ""age_max"": 41, ""age_min"": 31, ""conversations"": ""practical"", ""emotional_availability"": ""taking_time"", ""has_children"": false, ""lifestyle"": ""quiet"", ""partner_children"": ""any"", ""partner_smoking"": ""no_smoking"", ""relationship_goal"": ""exploring"", ""relationship_pace"": ""steady"", ""relationship_structure"": ""monogamous"", ""relocate"": ""no"", ""schedule"": [""weekend_day""], ""smoking"": ""occasionally"", ""space_for_relationship"": ""ample"", ""wants_children"": ""no"", ""who_to_meet"": [""woman""]}","{""acceptable_zones"": ""observed"", ""age_max"": ""observed"", ""age_min"": ""observed"", ""conversations"": ""observed"", ""emotional_availability"": ""observed"", ""has_children"": ""observed"", ""lifestyle"": ""observed"", ""partner_children"": ""observed"", ""partner_smoking"": ""observed"", ""relationship_goal"": ""observed"", ""relationship_pace"": ""observed"", ""relationship_structure"": ""observed"", ""relocate"": ""observed"", ""schedule"": ""observed"", ""smoking"": ""observed"", ""space_for_relationship"": ""observed"", ""wants_children"": ""observed"", ""who_to_meet"": ""observed""}","{""acceptable_zones"": 12, ""age_max"": 12, ""age_min"": 12, ""conversations"": 12, ""emotional_availability"": 12, ""has_children"": 12, ""lifestyle"": 12, ""partner_children"": 12, ""partner_smoking"": 12, ""relationship_goal"": 12, ""relationship_pace"": 12, ""relationship_structure"": 12, ""relocate"": 12, ""schedule"": 12, ""smoking"": 12, ""space_for_relationship"": 12, ""wants_children"": 12, ""who_to_meet"": 12}"
syn_4612f67d9f3934456b62a7652e0f5c2f,public_01,44,man,zone_c,True,synthetic_questionnaire,True,0,"[""zone_c""]",52,36,stories,taking_time,False,social,no_children,no_smoking,exploring,steady,monogamous,unsure,"[""weekend_evening"", ""weekday_evening""]",no,ample,unsure,"[""woman""]",observed,observed,observed,observed,observed,observed,observed,observed,observed,observed,observed,observed,observed,observed,observed,observed,observed,observed,0,0,0,0,0,0,0,0,0,0,0,0,0,0,0,0,0,0,"{""acceptable_zones"": [""zone_c""], ""age_max"": 52, ""age_min"": 36, ""conversations"": ""stories"", ""emotional_availability"": ""taking_time"", ""has_children"": false, ""lifestyle"": ""social"", ""partner_children"": ""no_children"", ""partner_smoking"": ""no_smoking"", ""relationship_goal"": ""exploring"", ""relationship_pace"": ""steady"", ""relationship_structure"": ""monogamous"", ""relocate"": ""unsure"", ""schedule"": [""weekend_evening"", ""weekday_evening""], ""smoking"": ""no"", ""space_for_relationship"": ""ample"", ""wants_children"": ""unsure"", ""who_to_meet"": [""woman""]}","{""acceptable_zones"": ""observed"", ""age_max"": ""observed"", ""age_min"": ""observed"", ""conversations"": ""observed"", ""emotional_availability"": ""observed"", ""has_children"": ""observed"", ""lifestyle"": ""observed"", ""partner_children"": ""observed"", ""partner_smoking"": ""observed"", ""relationship_goal"": ""observed"", ""relationship_pace"": ""observed"", ""relationship_structure"": ""observed"", ""relocate"": ""observed"", ""schedule"": ""observed"", ""smoking"": ""observed"", ""space_for_relationship"": ""observed"", ""wants_children"": ""observed"", ""who_to_meet"": ""observed""}","{""acceptable_zones"": 0, ""age_max"": 0, ""age_min"": 0, ""conversations"": 0, ""emotional_availability"": 0, ""has_children"": 0, ""lifestyle"": 0, ""partner_children"": 0, ""partner_smoking"": 0, ""relationship_goal"": 0, ""relationship_pace"": 0, ""relationship_structure"": 0, ""relocate"": 0, ""schedule"": 0, ""smoking"": 0, ""space_for_relationship"": 0, ""wants_children"": 0, ""who_to_meet"": 0}"
syn_e68b9bc223e33a41b77b07492d7bee51,public_01,46,man,zone_c,True,synthetic_questionnaire,True,0,"[""zone_c""]",56,40,,,True,,any,any,,,monogamous,,"[""weekend_evening"", ""weekday_evening"", ""weekend_day""]",occasionally,,no,"[""woman"", ""man""]",observed,observed,observed,declined,not_asked,observed,not_asked,observed,observed,not_asked,not_asked,observed,not_asked,observed,observed,declined,observed,observed,10,10,10,,,10,,10,10,,,10,,10,10,,10,10,"{""acceptable_zones"": [""zone_c""], ""age_max"": 56, ""age_min"": 40, ""conversations"": null, ""emotional_availability"": null, ""has_children"": true, ""lifestyle"": null, ""partner_children"": ""any"", ""partner_smoking"": ""any"", ""relationship_goal"": null, ""relationship_pace"": null, ""relationship_structure"": ""monogamous"", ""relocate"": null, ""schedule"": [""weekend_evening"", ""weekday_evening"", ""weekend_day""], ""smoking"": ""occasionally"", ""space_for_relationship"": null, ""wants_children"": ""no"", ""who_to_meet"": [""woman"", ""man""]}","{""acceptable_zones"": ""observed"", ""age_max"": ""observed"", ""age_min"": ""observed"", ""conversations"": ""declined"", ""emotional_availability"": ""not_asked"", ""has_children"": ""observed"", ""lifestyle"": ""not_asked"", ""partner_children"": ""observed"", ""partner_smoking"": ""observed"", ""relationship_goal"": ""not_asked"", ""relationship_pace"": ""not_asked"", ""relationship_structure"": ""observed"", ""relocate"": ""not_asked"", ""schedule"": ""observed"", ""smoking"": ""observed"", ""space_for_relationship"": ""declined"", ""wants_children"": ""observed"", ""who_to_meet"": ""observed""}","{""acceptable_zones"": 10, ""age_max"": 10, ""age_min"": 10, ""conversations"": null, ""emotional_availability"": null, ""has_children"": 10, ""lifestyle"": null, ""partner_children"": 10, ""partner_smoking"": 10, ""relationship_goal"": null, ""relationship_pace"": null, ""relationship_structure"": 10, ""relocate"": null, ""schedule"": 10, ""smoking"": 10, ""space_for_relationship"": null, ""wants_children"": 10, ""who_to_meet"": 10}"
syn_739ff4360363089ee9451df20b3c98a2,public_01,32,woman,zone_a,True,synthetic_questionnaire,True,0,"[""zone_a""]",37,28,,,False,mixed,any,no_smoking,long_term,quick,monogamous,,"[""weekend_evening"", ""weekend_day"", ""weekday_evening""]",no,,no,"[""woman""]",observed,observed,observed,not_asked,not_asked,observed,observed,observed,observed,observed,observed,observed,not_asked,observed,observed,not_asked,observed,observed,10,10,10,,,10,0,10,10,0,0,10,,10,10,,10,10,"{""acceptable_zones"": [""zone_a""], ""age_max"": 37, ""age_min"": 28, ""conversations"": null, ""emotional_availability"": null, ""has_children"": false, ""lifestyle"": ""mixed"", ""partner_children"": ""any"", ""partner_smoking"": ""no_smoking"", ""relationship_goal"": ""long_term"", ""relationship_pace"": ""quick"", ""relationship_structure"": ""monogamous"", ""relocate"": null, ""schedule"": [""weekend_evening"", ""weekend_day"", ""weekday_evening""], ""smoking"": ""no"", ""space_for_relationship"": null, ""wants_children"": ""no"", ""who_to_meet"": [""woman""]}","{""acceptable_zones"": ""observed"", ""age_max"": ""observed"", ""age_min"": ""observed"", ""conversations"": ""not_asked"", ""emotional_availability"": ""not_asked"", ""has_children"": ""observed"", ""lifestyle"": ""observed"", ""partner_children"": ""observed"", ""partner_smoking"": ""observed"", ""relationship_goal"": ""observed"", ""relationship_pace"": ""observed"", ""relationship_structure"": ""observed"", ""relocate"": ""not_asked"", ""schedule"": ""observed"", ""smoking"": ""observed"", ""space_for_relationship"": ""not_asked"", ""wants_children"": ""observed"", ""who_to_meet"": ""observed""}","{""acceptable_zones"": 10, ""age_max"": 10, ""age_min"": 10, ""conversations"": null, ""emotional_availability"": null, ""has_children"": 10, ""lifestyle"": 0, ""partner_children"": 10, ""partner_smoking"": 10, ""relationship_goal"": 0, ""relationship_pace"": 0, ""relationship_structure"": 10, ""relocate"": null, ""schedule"": 10, ""smoking"": 10, ""space_for_relationship"": null, ""wants_children"": 10, ""who_to_meet"": 10}"
syn_f339698b9e9e3f853b0ed52919301d7b,public_01,41,non_binary,zone_d,True,synthetic_questionnaire,True,0,,,,,taking_time,,,,,,,,,,,,no,"[""woman"", ""man""]",not_asked,not_asked,declined,not_asked,observed,not_asked,not_asked,not_asked,not_asked,not_asked,not_asked,declined,not_asked,not_asked,not_asked,not_asked,observed,observed,,,,,0,,,,,,,,,,,,0,0,"{""acceptable_zones"": null, ""age_max"": null, ""age_min"": null, ""conversations"": null, ""emotional_availability"": ""taking_time"", ""has_children"": null, ""lifestyle"": null, ""partner_children"": null, ""partner_smoking"": null, ""relationship_goal"": null, ""relationship_pace"": null, ""relationship_structure"": null, ""relocate"": null, ""schedule"": null, ""smoking"": null, ""space_for_relationship"": null, ""wants_children"": ""no"", ""who_to_meet"": [""woman"", ""man""]}","{""acceptable_zones"": ""not_asked"", ""age_max"": ""not_asked"", ""age_min"": ""declined"", ""conversations"": ""not_asked"", ""emotional_availability"": ""observed"", ""has_children"": ""not_asked"", ""lifestyle"": ""not_asked"", ""partner_children"": ""not_asked"", ""partner_smoking"": ""not_asked"", ""relationship_goal"": ""not_asked"", ""relationship_pace"": ""not_asked"", ""relationship_structure"": ""declined"", ""relocate"": ""not_asked"", ""schedule"": ""not_asked"", ""smoking"": ""not_asked"", ""space_for_relationship"": ""not_asked"", ""wants_children"": ""observed"", ""who_to_meet"": ""observed""}","{""acceptable_zones"": null, ""age_max"": null, ""age_min"": null, ""conversations"": null, ""emotional_availability"": 0, ""has_children"": null, ""lifestyle"": null, ""partner_children"": null, ""partner_smoking"": null, ""relationship_goal"": null, ""relationship_pace"": null, ""relationship_structure"": null, ""relocate"": null, ""schedule"": null, ""smoking"": null, ""space_for_relationship"": null, ""wants_children"": 0, ""who_to_meet"": 0}"
syn_105b22dbeeeb2fb6faa93a3ce0e32919,public_01,46,woman,zone_a,True,synthetic_questionnaire,True,0,,,,,,,,,,,,,,,,,,,not_asked,not_asked,not_asked,not_asked,not_asked,declined,not_asked,not_asked,not_asked,not_asked,not_asked,declined,not_asked,not_asked,not_asked,not_asked,not_asked,not_asked,,,,,,,,,,,,,,,,,,,"{""acceptable_zones"": null, ""age_max"": null, ""age_min"": null, ""conversations"": null, ""emotional_availability"": null, ""has_children"": null, ""lifestyle"": null, ""partner_children"": null, ""partner_smoking"": null, ""relationship_goal"": null, ""relationship_pace"": null, ""relationship_structure"": null, ""relocate"": null, ""schedule"": null, ""smoking"": null, ""space_for_relationship"": null, ""wants_children"": null, ""who_to_meet"": null}","{""acceptable_zones"": ""not_asked"", ""age_max"": ""not_asked"", ""age_min"": ""not_asked"", ""conversations"": ""not_asked"", ""emotional_availability"": ""not_asked"", ""has_children"": ""declined"", ""lifestyle"": ""not_asked"", ""partner_children"": ""not_asked"", ""partner_smoking"": ""not_asked"", ""relationship_goal"": ""not_asked"", ""relationship_pace"": ""not_asked"", ""relationship_structure"": ""declined"", ""relocate"": ""not_asked"", ""schedule"": ""not_asked"", ""smoking"": ""not_asked"", ""space_for_relationship"": ""not_asked"", ""wants_children"": ""not_asked"", ""who_to_meet"": ""not_asked""}","{""acceptable_zones"": null, ""age_max"": null, ""age_min"": null, ""conversations"": null, ""emotional_availability"": null, ""has_children"": null, ""lifestyle"": null, ""partner_children"": null, ""partner_smoking"": null, ""relationship_goal"": null, ""relationship_pace"": null, ""relationship_structure"": null, ""relocate"": null, ""schedule"": null, ""smoking"": null, ""space_for_relationship"": null, ""wants_children"": null, ""who_to_meet"": null}"
