member_id,pool_id,age,gender,zone,available,source,synthetic,arrived_day,field_acceptable_zones,field_age_max,field_age_min,field_conversations,field_emotional_availability,field_has_children,field_lifestyle,field_partner_children,field_partner_smoking,field_relationship_goal,field_relationship_pace,field_relationship_structure,field_relocate,field_schedule,field_smoking,field_space_for_relationship,field_wants_children,field_who_to_meet,status_acceptable_zones,status_age_max,status_age_min,status_conversations,status_emotional_availability,status_has_children,status_lifestyle,status_partner_children,status_partner_smoking,status_relationship_goal,status_relationship_pace,status_relationship_structure,status_relocate,status_schedule,status_smoking,status_space_for_relationship,status_wants_children,status_who_to_meet,observed_day_acceptable_zones,observed_day_age_max,observed_day_age_min,observed_day_conversations,observed_day_emotional_availability,observed_day_has_children,observed_day_lifestyle,observed_day_partner_children,observed_day_partner_smoking,observed_day_relationship_goal,observed_day_relationship_pace,observed_day_relationship_structure,observed_day_relocate,observed_day_schedule,observed_day_smoking,observed_day_space_for_relationship,observed_day_wants_children,observed_day_who_to_meet,fields_json,field_status_json,field_observed_day_json
syn_5acbe650d38a1821d0daec8e3a7b0649,public_08,23,woman,zone_b,True,synthetic_questionnaire,True,2,"[""zone_b"", ""zone_c""]",28,18,playful,ready,False,social,no_children,no_smoking,long_term,steady,monogamous,unsure,"[""weekday_evening"", ""weekend_evening"", ""weekend_day""]",occasionally,limited,yes,"[""non_binary"", ""woman""]",observed,observed,observed,observed,observed,observed,observed,observed,observed,observed,observed,observed,observed,observed,observed,observed,observed,observed,2,2,2,2,2,2,2,2,2,2,2,2,2,2,2,2,2,2,"{""acceptable_zones"": [""zone_b"", ""zone_c""], ""age_max"": 28, ""age_min"": 18, ""conversations"": ""playful"", ""emotional_availability"": ""ready"", ""has_children"": false, ""lifestyle"": ""social"", ""partner_children"": ""no_children"", ""partner_smoking"": ""no_smoking"", ""relationship_goal"": ""long_term"", ""relationship_pace"": ""steady"", ""relationship_structure"": ""monogamous"", ""relocate"": ""unsure"", ""schedule"": [""weekday_evening"", ""weekend_evening"", ""weekend_day""], ""smoking"": ""occasionally"", ""space_for_relationship"": ""limited"", ""wants_children"": ""yes"", ""who_to_meet"": [""non_binary"", ""woman""]}","{""acceptable_zones"": ""observed"", ""age_max"": ""observed"", ""age_min"": ""observed"", ""conversations"": ""observed"", ""emotional_availability"": ""observed"", ""has_children"": ""observed"", ""lifestyle"": ""observed"", ""partner_children"": ""observed"", ""partner_smoking"": ""observed"", ""relationship_goal"": ""observed"", ""relationship_pace"": ""observed"", ""relationship_structure"": ""observed"", ""relocate"": ""observed"", ""schedule"": ""observed"", ""smoking"": ""observed"", ""space_for_relationship"": ""observed"", ""wants_children"": ""observed"", ""who_to_meet"": ""observed""}","{""acceptable_zones"": 2, ""age_max"": 2, ""age_min"": 2, ""conversations"": 2, ""emotional_availability"": 2, ""has_children"": 2, ""lifestyle"": 2, ""partner_children"": 2, ""partner_smoking"": 2, ""relationship_goal"": 2, ""relationship_pace"": 2, ""relationship_structure"": 2, ""relocate"": 2, ""schedule"": 2, ""smoking"": 2, ""space_for_relationship"": 2, ""wants_children"": 2, ""who_to_meet"": 2}"
syn_ed4e7eb482d418640963dbcdfcf4c470,public_08,21,woman,zone_b,True,synthetic_questionnaire,True,0,"[""zone_b""]",24,18,ideas,taking_time,False,quiet,no_children,any,exploring,quick,monogamous,no,"[""weekend_evening""]",no,limited,yes,"[""man""]",observed,observed,observed,observed,observed,observed,observed,observed,observed,observed,observed,observed,observed,observed,observed,observed,observed,observed,0,0,0,0,0,0,0,0,0,0,0,0,0,0,0,0,0,0,"{""acceptable_zones"": [""zone_b""], ""age_max"": 24, ""age_min"": 18, ""conversations"": ""ideas"", ""emotional_availability"": ""taking_time"", ""has_children"": false, ""lifestyle"": ""quiet"", ""partner_children"": ""no_children"", ""partner_smoking"": ""any"", ""relationship_goal"": ""exploring"", ""relationship_pace"": ""quick"", ""relationship_structure"": ""monogamous"", ""relocate"": ""no"", ""schedule"": [""weekend_evening""], ""smoking"": ""no"", ""space_for_relationship"": ""limited"", ""wants_children"": ""yes"", ""who_to_meet"": [""man""]}","{""acceptable_zones"": ""observed"", ""age_max"": ""observed"", ""age_min"": ""observed"", ""conversations"": ""observed"", ""emotional_availability"": ""observed"", ""has_children"": ""observed"", ""lifestyle"": ""observed"", ""partner_children"": ""observed"", ""partner_smoking"": ""observed"", ""relationship_goal"": ""observed"", ""relationship_pace"": ""observed"", ""relationship_structure"": ""observed"", ""relocate"": ""observed"", ""schedule"": ""observed"", ""smoking"": ""observed"", ""space_for_relationship"": ""observed"", ""wants_children"": ""observed"", ""who_to_meet"": ""observed""}","{""acceptable_zones"": 0, ""age_max"": 0, ""age_min"": 0, ""conversations"": 0, ""emotional_availability"": 0, ""has_children"": 0, ""lifestyle"": 0, ""partner_children"": 0, ""partner_smoking"": 0, ""relationship_goal"": 0, ""relationship_pace"": 0, ""relationship_structure"": 0, ""relocate"": 0, ""schedule"": 0, ""smoking"": 0, ""space_for_relationship"": 0, ""wants_children"": 0, ""who_to_meet"": 0}"
syn_796c9c2477746fd33b82191fdfe78612,public_08,27,woman,zone_a,True,synthetic_questionnaire,True,0,,,,,,,,,,,steady,,,,,limited,,,not_asked,not_asked,not_asked,not_asked,not_asked,not_asked,not_asked,declined,not_asked,not_asked,observed,not_asked,not_asked,not_asked,not_asked,observed,not_asked,not_asked,,,,,,,,,,,0,,,,,0,,,"{""acceptable_zones"": null, ""age_max"": null, ""age_min"": null, ""conversations"": null, ""emotional_availability"": null, ""has_children"": null, ""lifestyle"": null, ""partner_children"": null, ""partner_smoking"": null, ""relationship_goal"": null, ""relationship_pace"": ""steady"", ""relationship_structure"": null, ""relocate"": null, ""schedule"": null, ""smoking"": null, ""space_for_relationship"": ""limited"", ""wants_children"": null, ""who_to_meet"": null}","{""acceptable_zones"": ""not_asked"", ""age_max"": ""not_asked"", ""age_min"": ""not_asked"", ""conversations"": ""not_asked"", ""emotional_availability"": ""not_asked"", ""has_children"": ""not_asked"", ""lifestyle"": ""not_asked"", ""partner_children"": ""declined"", ""partner_smoking"": ""not_asked"", ""relationship_goal"": ""not_asked"", ""relationship_pace"": ""observed"", ""relationship_structure"": ""not_asked"", ""relocate"": ""not_asked"", ""schedule"": ""not_asked"", ""smoking"": ""not_asked"", ""space_for_relationship"": ""observed"", ""wants_children"": ""not_asked"", ""who_to_meet"": ""not_asked""}","{""acceptable_zones"": null, ""age_max"": null, ""age_min"": null, ""conversations"": null, ""emotional_availability"": null, ""has_children"": null, ""lifestyle"": null, ""partner_children"": null, ""partner_smoking"": null, ""relationship_goal"": null, ""relationship_pace"": 0, ""relationship_structure"": null, ""relocate"": null, ""schedule"": null, ""smoking"": null, ""space_for_relationship"": 0, ""wants_children"": null, ""who_to_meet"": null}"
syn_b7189cec127fd9b575ec557d09c17ff0,public_08,44,woman,zone_a,True,synthetic_questionnaire,True,10,"[""zone_a""]",51,35,,,True,,no_children,any,,,monogamous,,"[""weekend_evening"", ""weekend_day"", ""weekday_evening""]",no,,unsure,"[""man""]",observed,observed,observed,not_asked,not_asked,observed,not_asked,observed,observed,not_asked,not_asked,observed,not_asked,observed,observed,not_asked,observed,observed,10,10,10,,,10,,10,10,,,10,,10,10,,10,10,"{""acceptable_zones"": [""zone_a""], ""age_max"": 51, ""age_min"": 35, ""conversations"": null, ""emotional_availability"": null, ""has_children"": true, ""lifestyle"": null, ""partner_children"": ""no_children"", ""partner_smoking"": ""any"", ""relationship_goal"": null, ""relationship_pace"": null, ""relationship_structure"": ""monogamous"", ""relocate"": null, ""schedule"": [""weekend_evening"", ""weekend_day"", ""weekday_evening""], ""smoking"": ""no"", ""space_for_relationship"": null, ""wants_children"": ""unsure"", ""who_to_meet"": [""man""]}","{""acceptable_zones"": ""observed"", ""age_max"": ""observed"", ""age_min"": ""observed"", ""conversations"": ""not_asked"", ""emotional_availability"": ""not_asked"", ""has_children"": ""observed"", ""lifestyle"": ""not_asked"", ""partner_children"": ""observed"", ""partner_smoking"": ""observed"", ""relationship_goal"": ""not_asked"", ""relationship_pace"": ""not_asked"", ""relationship_structure"": ""observed"", ""relocate"": ""not_asked"", ""schedule"": ""observed"", ""smoking"": ""observed"", ""space_for_relationship"": ""not_asked"", ""wants_children"": ""observed"", ""who_to_meet"": ""observed""}","{""acceptable_zones"": 10, ""age_max"": 10, ""age_min"": 10, ""conversations"": null, ""emotional_availability"": null, ""has_children"": 10, ""lifestyle"": null, ""partner_children"": 10, ""partner_smoking"": 10, ""relationship_goal"": null, ""relationship_pace"": null, ""relationship_structure"": 10, ""relocate"": null, ""schedule"": 10, ""smoking"": 10, ""space_for_relationship"": null, ""wants_children"": 10, ""who_to_meet"": 10}"
syn_ffe1a1dc70e28184043b6405f6aff1fa,public_08,41,man,zone_b,True,synthetic_questionnaire,True,0,,,,,,,,,,,,,no,,,,,,declined,not_asked,not_asked,not_asked,not_asked,not_asked,not_asked,not_asked,not_asked,not_asked,not_asked,not_asked,observed,not_asked,not_asked,not_asked,not_asked,not_asked,,,,,,,,,,,,,0,,,,,,"{""acceptable_zones"": null, ""age_max"": null, ""age_min"": null, ""conversations"": null, ""emotional_availability"": null, ""has_children"": null, ""lifestyle"": null, ""partner_children"": null, ""partner_smoking"": null, ""relationship_goal"": null, ""relationship_pace"": null, ""relationship_structure"": null, ""relocate"": ""no"", ""schedule"": null, ""smoking"": null, ""space_for_relationship"": null, ""wants_children"": null, ""who_to_meet"": null}","{""acceptable_zones"": ""declined"", ""age_max"": ""not_asked"", ""age_min"": ""not_asked"", ""conversations"": ""not_asked"", ""emotional_availability"": ""not_asked"", ""has_children"": ""not_asked"", ""lifestyle"": ""not_asked"", ""partner_children"": ""not_asked"", ""partner_smoking"": ""not_asked"", ""relationship_goal"": ""not_asked"", ""relationship_pace"": ""not_asked"", ""relationship_structure"": ""not_asked"", ""relocate"": ""observed"", ""schedule"": ""not_asked"", ""smoking"": ""not_asked"", ""space_for_relationship"": ""not_asked"", ""wants_children"": ""not_asked"", ""who_to_meet"": ""not_asked""}","{""acceptable_zones"": null, ""age_max"": null, ""age_min"": null, ""conversations"": null, ""emotional_availability"": null, ""has_children"": null, ""lifestyle"": null, ""partner_children"": null, ""partner_smoking"": null, ""relationship_goal"": null, ""relationship_pace"": null, ""relationship_structure"": null, ""relocate"": 0, ""schedule"": null, ""smoking"": null, ""space_for_relationship"": null, ""wants_children"": null, ""who_to_meet"": null}"
syn_981275ffbb7478bb785412a106287375,public_08,38,woman,zone_c,False,synthetic_questionnaire,True,13,,,29,,,,,,,,,,,,,moderate,,,not_asked,declined,observed,not_asked,declined,not_asked,not_asked,not_asked,not_asked,not_asked,not_asked,not_asked,not_asked,not_asked,not_asked,observed,not_asked,not_asked,,,13,,,,,,,,,,,,,13,,,"{""acceptable_zones"": null, ""age_max"": null, ""age_min"": 29, ""conversations"": null, ""emotional_availability"": null, ""has_children"": null, ""lifestyle"": null, ""partner_children"": null, ""partner_smoking"": null, ""relationship_goal"": null, ""relationship_pace"": null, ""relationship_structure"": null, ""relocate"": null, ""schedule"": null, ""smoking"": null, ""space_for_relationship"": ""moderate"", ""wants_children"": null, ""who_to_meet"": null}","{""acceptable_zones"": ""not_asked"", ""age_max"": ""declined"", ""age_min"": ""observed"", ""conversations"": ""not_asked"", ""emotional_availability"": ""declined"", ""has_children"": ""not_asked"", ""lifestyle"": ""not_asked"", ""partner_children"": ""not_asked"", ""partner_smoking"": ""not_asked"", ""relationship_goal"": ""not_asked"", ""relationship_pace"": ""not_asked"", ""relationship_structure"": ""not_asked"", ""relocate"": ""not_asked"", ""schedule"": ""not_asked"", ""smoking"": ""not_asked"", ""space_for_relationship"": ""observed"", ""wants_children"": ""not_asked"", ""who_to_meet"": ""not_asked""}","{""acceptable_zones"": null, ""age_max"": null, ""age_min"": 13, ""conversations"": null, ""emotional_availability"": null, ""has_children"": null, ""lifestyle"": null, ""partner_children"": null, ""partner_smoking"": null, ""relationship_goal"": null, ""relationship_pace"": null, ""relationship_structure"": null, ""relocate"": null, ""schedule"": null, ""smoking"": null, ""space_for_relationship"": 13, ""wants_children"": null, ""who_to_meet"": null}"
syn_143c0778852901795c46c1f373c65c3c,public_08,33,man,zone_a,True,synthetic_questionnaire,True,7,"[""zone_a""]",40,27,playful,taking_time,False,quiet,any,no_smoking,long_term,slow,monogamous,unsure,"[""weekend_evening"", ""weekend_day"", ""weekday_evening""]",occasionally,moderate,no,"[""woman""]",observed,observed,observed,observed,observed,observed,observed,observed,observed,observed,observed,observed,observed,observed,observed,observed,observed,observed,7,7,7,7,7,7,7,7,7,7,7,7,7,7,7,7,7,7,"{""acceptable_zones"": [""zone_a""], ""age_max"": 40, ""age_min"": 27, ""conversations"": ""playful"", ""emotional_availability"": ""taking_time"", ""has_children"": false, ""lifestyle"": ""quiet"", ""partner_children"": ""any"", ""partner_smoking"": ""no_smoking"", ""relationship_goal"": ""long_term"", ""relationship_pace"": ""slow"", ""relationship_structure"": ""monogamous"", ""relocate"": ""unsure"", ""schedule"": [""weekend_evening"", ""weekend_day"", ""weekday_evening""], ""smoking"": ""occasionally"", ""space_for_relationship"": ""moderate"", ""wants_children"": ""no"", ""who_to_meet"": [""woman""]}","{""acceptable_zones"": ""observed"", ""age_max"": ""observed"", ""age_min"": ""observed"", ""conversations"": ""observed"", ""emotional_availability"": ""observed"", ""has_children"": ""observed"", ""lifestyle"": ""observed"", ""partner_children"": ""observed"", ""partner_smoking"": ""observed"", ""relationship_goal"": ""observed"", ""relationship_pace"": ""observed"", ""relationship_structure"": ""observed"", ""relocate"": ""observed"", ""schedule"": ""observed"", ""smoking"": ""observed"", ""space_for_relationship"": ""observed"", ""wants_children"": ""observed"", ""who_to_meet"": ""observed""}","{""acceptable_zones"": 7, ""age_max"": 7, ""age_min"": 7, ""conversations"": 7, ""emotional_availability"": 7, ""has_children"": 7, ""lifestyle"": 7, ""partner_children"": 7, ""partner_smoking"": 7, ""relationship_goal"": 7, ""relationship_pace"": 7, ""relationship_structure"": 7, ""relocate"": 7, ""schedule"": 7, ""smoking"": 7, ""space_for_relationship"": 7, ""wants_children"": 7, ""who_to_meet"": 7}"
syn_46409215425ee058834d4beb862e24fb,public_08,38,non_binary,zone_a,True,synthetic_questionnaire,True,0,"[""zone_a""]",48,35,playful,taking_time,False,quiet,any,no_smoking,long_term,steady,monogamous,no,"[""weekday_evening"", ""weekend_evening""]",no,ample,yes,"[""non_binary""]",observed,observed,observed,observed,observed,observed,observed,observed,observed,observed,observed,observed,observed,observed,observed,observed,observed,observed,0,0,0,0,0,0,0,0,0,0,0,0,0,0,0,0,0,0,"{""acceptable_zones"": [""zone_a""], ""age_max"": 48, ""age_min"": 35, ""conversations"": ""playful"", ""emotional_availability"": ""taking_time"", ""has_children"": false, ""lifestyle"": ""quiet"", ""partner_children"": ""any"", ""partner_smoking"": ""no_smoking"", ""relationship_goal"": ""long_term"", ""relationship_pace"": ""steady"", ""relationship_structure"": ""monogamous"", ""relocate"": ""no"", ""schedule"": [""weekday_evening"", ""weekend_evening""], ""smoking"": ""no"", ""space_for_relationship"": ""ample"", ""wants_children"": ""yes"", ""who_to_meet"": [""non_binary""]}","{""acceptable_zones"": ""observed"", ""age_max"": ""observed"", ""age_min"": ""observed"", ""conversations"": ""observed"", ""emotional_availability"": ""observed"", ""has_children"": ""observed"", ""lifestyle"": ""observed"", ""partner_children"": ""observed"", ""partner_smoking"": ""observed"", ""relationship_goal"": ""observed"", ""relationship_pace"": ""observed"", ""relationship_structure"": ""observed"", ""relocate"": ""observed"", ""schedule"": ""observed"", ""smoking"": ""observed"", ""space_for_relationship"": ""observed"", ""wants_children"": ""observed"", ""who_to_meet"": ""observed""}","{""acceptable_zones"": 0, ""age_max"": 0, ""age_min"": 0, ""conversations"": 0, ""emotional_availability"": 0, ""has_children"": 0, ""lifestyle"": 0, ""partner_children"": 0, ""partner_smoking"": 0, ""relationship_goal"": 0, ""relationship_pace"": 0, ""relationship_structure"": 0, ""relocate"": 0, ""schedule"": 0, ""smoking"": 0, ""space_for_relationship"": 0, ""wants_children"": 0, ""who_to_meet"": 0}"
syn_db4acd6c6260e792af03a15364bca244,public_08,33,man,zone_c,True,synthetic_questionnaire,True,0,"[""zone_c""]",40,29,ideas,ready,False,social,any,no_smoking,long_term,slow,monogamous,unsure,"[""weekend_day""]",occasionally,limited,unsure,"[""man""]",observed,observed,observed,observed,observed,observed,observed,observed,observed,observed,observed,observed,observed,observed,observed,observed,observed,observed,0,0,0,0,0,0,0,0,0,0,0,0,0,0,0,0,0,0,"{""acceptable_zones"": [""zone_c""], ""age_max"": 40, ""age_min"": 29, ""conversations"": ""ideas"", ""emotional_availability"": ""ready"", ""has_children"": false, ""lifestyle"": ""social"", ""partner_children"": ""any"", ""partner_smoking"": ""no_smoking"", ""relationship_goal"": ""long_term"", ""relationship_pace"": ""slow"", ""relationship_structure"": ""monogamous"", ""relocate"": ""unsure"", ""schedule"": [""weekend_day""], ""smoking"": ""occasionally"", ""space_for_relationship"": ""limited"", ""wants_children"": ""unsure"", ""who_to_meet"": [""man""]}","{""acceptable_zones"": ""observed"", ""age_max"": ""observed"", ""age_min"": ""observed"", ""conversations"": ""observed"", ""emotional_availability"": ""observed"", ""has_children"": ""observed"", ""lifestyle"": ""observed"", ""partner_children"": ""observed"", ""partner_smoking"": ""observed"", ""relationship_goal"": ""observed"", ""relationship_pace"": ""observed"", ""relationship_structure"": ""observed"", ""relocate"": ""observed"", ""schedule"": ""observed"", ""smoking"": ""observed"", ""space_for_relationship"": ""observed"", ""wants_children"": ""observed"", ""who_to_meet"": ""observed""}","{""acceptable_zones"": 0, ""age_max"": 0, ""age_min"": 0, ""conversations"": 0, ""emotional_availability"": 0, ""has_children"": 0, ""lifestyle"": 0, ""partner_children"": 0, ""partner_smoking"": 0, ""relationship_goal"": 0, ""relationship_pace"": 0, ""relationship_structure"": 0, ""relocate"": 0, ""schedule"": 0, ""smoking"": 0, ""space_for_relationship"": 0, ""wants_children"": 0, ""who_to_meet"": 0}"
syn_1e9c40174de309ddf3be76153dfef886,public_08,42,man,zone_a,True,synthetic_questionnaire,True,0,"[""zone_a""]",51,39,,,True,,no_children,no_smoking,,,monogamous,,"[""weekend_evening"", ""weekend_day""]",no,,yes,"[""non_binary""]",observed,observed,observed,not_asked,not_asked,observed,not_asked,observed,observed,not_asked,not_asked,observed,not_asked,observed,observed,declined,observed,observed,0,0,0,,,0,,0,0,,,0,,0,0,,0,0,"{""acceptable_zones"": [""zone_a""], ""age_max"": 51, ""age_min"": 39, ""conversations"": null, ""emotional_availability"": null, ""has_children"": true, ""lifestyle"": null, ""partner_children"": ""no_children"", ""partner_smoking"": ""no_smoking"", ""relationship_goal"": null, ""relationship_pace"": null, ""relationship_structure"": ""monogamous"", ""relocate"": null, ""schedule"": [""weekend_evening"", ""weekend_day""], ""smoking"": ""no"", ""space_for_relationship"": null, ""wants_children"": ""yes"", ""who_to_meet"": [""non_binary""]}","{""acceptable_zones"": ""observed"", ""age_max"": ""observed"", ""age_min"": ""observed"", ""conversations"": ""not_asked"", ""emotional_availability"": ""not_asked"", ""has_children"": ""observed"", ""lifestyle"": ""not_asked"", ""partner_children"": ""observed"", ""partner_smoking"": ""observed"", ""relationship_goal"": ""not_asked"", ""relationship_pace"": ""not_asked"", ""relationship_structure"": ""observed"", ""relocate"": ""not_asked"", ""schedule"": ""observed"", ""smoking"": ""observed"", ""space_for_relationship"": ""declined"", ""wants_children"": ""observed"", ""who_to_meet"": ""observed""}","{""acceptable_zones"": 0, ""age_max"": 0, ""age_min"": 0, ""conversations"": null, ""emotional_availability"": null, ""has_children"": 0, ""lifestyle"": null, ""partner_children"": 0, ""partner_smoking"": 0, ""relationship_goal"": null, ""relationship_pace"": null, ""relationship_structure"": 0, ""relocate"": null, ""schedule"": 0, ""smoking"": 0, ""space_for_relationship"": null, ""wants_children"": 0, ""who_to_meet"": 0}"
syn_bc9fbd2b360e431d5f0f50a8af6f49d1,public_08,25,man,zone_a,True,synthetic_questionnaire,True,18,"[""zone_a""]",33,18,,,False,,any,no_smoking,long_term,steady,monogamous,no,"[""weekend_day"", ""weekday_evening""]",no,,yes,"[""non_binary""]",observed,observed,observed,not_asked,not_asked,observed,not_asked,observed,observed,observed,observed,observed,observed,observed,observed,not_asked,observed,observed,18,18,18,,,18,,18,18,18,18,18,18,18,18,,18,18,"{""acceptable_zones"": [""zone_a""], ""age_max"": 33, ""age_min"": 18, ""conversations"": null, ""emotional_availability"": null, ""has_children"": false, ""lifestyle"": null, ""partner_children"": ""any"", ""partner_smoking"": ""no_smoking"", ""relationship_goal"": ""long_term"", ""relationship_pace"": ""steady"", ""relationship_structure"": ""monogamous"", ""relocate"": ""no"", ""schedule"": [""weekend_day"", ""weekday_evening""], ""smoking"": ""no"", ""space_for_relationship"": null, ""wants_children"": ""yes"", ""who_to_meet"": [""non_binary""]}","{""acceptable_zones"": ""observed"", ""age_max"": ""observed"", ""age_min"": ""observed"", ""conversations"": ""not_asked"", ""emotional_availability"": ""not_asked"", ""has_children"": ""observed"", ""lifestyle"": ""not_asked"", ""partner_children"": ""observed"", ""partner_smoking"": ""observed"", ""relationship_goal"": ""observed"", ""relationship_pace"": ""observed"", ""relationship_structure"": ""observed"", ""relocate"": ""observed"", ""schedule"": ""observed"", ""smoking"": ""observed"", ""space_for_relationship"": ""not_asked"", ""wants_children"": ""observed"", ""who_to_meet"": ""observed""}","{""acceptable_zones"": 18, ""age_max"": 18, ""age_min"": 18, ""conversations"": null, ""emotional_availability"": null, ""has_children"": 18, ""lifestyle"": null, ""partner_children"": 18, ""partner_smoking"": 18, ""relationship_goal"": 18, ""relationship_pace"": 18, ""relationship_structure"": 18, ""relocate"": 18, ""schedule"": 18, ""smoking"": 18, ""space_for_relationship"": null, ""wants_children"": 18, ""who_to_meet"": 18}"
syn_d311bc5258724467c67d187273bc43ea,public_08,37,man,zone_b,True,synthetic_questionnaire,True,0,,,,,,,,,,,,,,,no,,,,not_asked,not_asked,not_asked,not_asked,not_asked,not_asked,not_asked,not_asked,not_asked,not_asked,not_asked,not_asked,not_asked,not_asked,observed,not_asked,declined,not_asked,,,,,,,,,,,,,,,0,,,,"{""acceptable_zones"": null, ""age_max"": null, ""age_min"": null, ""conversations"": null, ""emotional_availability"": null, ""has_children"": null, ""lifestyle"": null, ""partner_children"": null, ""partner_smoking"": null, ""relationship_goal"": null, ""relationship_pace"": null, ""relationship_structure"": null, ""relocate"": null, ""schedule"": null, ""smoking"": ""no"", ""space_for_relationship"": null, ""wants_children"": null, ""who_to_meet"": null}","{""acceptable_zones"": ""not_asked"", ""age_max"": ""not_asked"", ""age_min"": ""not_asked"", ""conversations"": ""not_asked"", ""emotional_availability"": ""not_asked"", ""has_children"": ""not_asked"", ""lifestyle"": ""not_asked"", ""partner_children"": ""not_asked"", ""partner_smoking"": ""not_asked"", ""relationship_goal"": ""not_asked"", ""relationship_pace"": ""not_asked"", ""relationship_structure"": ""not_asked"", ""relocate"": ""not_asked"", ""schedule"": ""not_asked"", ""smoking"": ""observed"", ""space_for_relationship"": ""not_asked"", ""wants_children"": ""declined"", ""who_to_meet"": ""not_asked""}","{""acceptable_zones"": null, ""age_max"": null, ""age_min"": null, ""conversations"": null, ""emotional_availability"": null, ""has_children"": null, ""lifestyle"": null, ""partner_children"": null, ""partner_smoking"": null, ""relationship_goal"": null, ""relationship_pace"": null, ""relationship_structure"": null, ""relocate"": null, ""schedule"": null, ""smoking"": 0, ""space_for_relationship"": null, ""wants_children"": null, ""who_to_meet"": null}"
syn_6b260c3f68402193a6138919aeb018d2,public_08,34,woman,zone_a,False,synthetic_questionnaire,True,0,"[""zone_a"", ""zone_b""]",44,26,,,True,,any,no_smoking,,,monogamous,,"[""weekday_evening"", ""weekend_day""]",no,,yes,"[""woman""]",observed,observed,observed,not_asked,not_asked,observed,not_asked,observed,observed,not_asked,not_asked,observed,not_asked,observed,observed,not_asked,observed,observed,0,0,0,,,0,,0,0,,,0,,0,0,,0,0,"{""acceptable_zones"": [""zone_a"", ""zone_b""], ""age_max"": 44, ""age_min"": 26, ""conversations"": null, ""emotional_availability"": null, ""has_children"": true, ""lifestyle"": null, ""partner_children"": ""any"", ""partner_smoking"": ""no_smoking"", ""relationship_goal"": null, ""relationship_pace"": null, ""relationship_structure"": ""monogamous"", ""relocate"": null, ""schedule"": [""weekday_evening"", ""weekend_day""], ""smoking"": ""no"", ""space_for_relationship"": null, ""wants_children"": ""yes"", ""who_to_meet"": [""woman""]}","{""acceptable_zones"": ""observed"", ""age_max"": ""observed"", ""age_min"": ""observed"", ""conversations"": ""not_asked"", ""emotional_availability"": ""not_asked"", ""has_children"": ""observed"", ""lifestyle"": ""not_asked"", ""partner_children"": ""observed"", ""partner_smoking"": ""observed"", ""relationship_goal"": ""not_asked"", ""relationship_pace"": ""not_asked"", ""relationship_structure"": ""observed"", ""relocate"": ""not_asked"", ""schedule"": ""observed"", ""smoking"": ""observed"", ""space_for_relationship"": ""not_asked"", ""wants_children"": ""observed"", ""who_to_meet"": ""observed""}","{""acceptable_zones"": 0, ""age_max"": 0, ""age_min"": 0, ""conversations"": null, ""emotional_availability"": null, ""has_children"": 0, ""lifestyle"": null, ""partner_children"": 0, ""partner_smoking"": 0, ""relationship_goal"": null, ""relationship_pace"": null, ""relationship_structure"": 0, ""relocate"": null, ""schedule"": 0, ""smoking"": 0, ""space_for_relationship"": null, ""wants_children"": 0, ""who_to_meet"": 0}"
syn_bc3e3dd9e610f359b070f731bb9c367a,public_08,22,woman,zone_a,True,synthetic_questionnaire,True,0,"[""zone_a""]",30,18,,,False,mixed,no_children,any,,,monogamous,,"[""weekend_day""]",no,,yes,"[""woman""]",observed,observed,observed,not_asked,declined,observed,observed,observed,observed,not_asked,not_asked,observed,not_asked,observed,observed,not_asked,observed,observed,0,0,0,,,0,0,0,0,,,0,,0,0,,0,0,"{""acceptable_zones"": [""zone_a""], ""age_max"": 30, ""age_min"": 18, ""conversations"": null, ""emotional_availability"": null, ""has_children"": false, ""lifestyle"": ""mixed"", ""partner_children"": ""no_children"", ""partner_smoking"": ""any"", ""relationship_goal"": null, ""relationship_pace"": null, ""relationship_structure"": ""monogamous"", ""relocate"": null, ""schedule"": [""weekend_day""], ""smoking"": ""no"", ""space_for_relationship"": null, ""wants_children"": ""yes"", ""who_to_meet"": [""woman""]}","{""acceptable_zones"": ""observed"", ""age_max"": ""observed"", ""age_min"": ""observed"", ""conversations"": ""not_asked"", ""emotional_availability"": ""declined"", ""has_children"": ""observed"", ""lifestyle"": ""observed"", ""partner_children"": ""observed"", ""partner_smoking"": ""observed"", ""relationship_goal"": ""not_asked"", ""relationship_pace"": ""not_asked"", ""relationship_structure"": ""observed"", ""relocate"": ""not_asked"", ""schedule"": ""observed"", ""smoking"": ""observed"", ""space_for_relationship"": ""not_asked"", ""wants_children"": ""observed"", ""who_to_meet"": ""observed""}","{""acceptable_zones"": 0, ""age_max"": 0, ""age_min"": 0, ""conversations"": null, ""emotional_availability"": null, ""has_children"": 0, ""lifestyle"": 0, ""partner_children"": 0, ""partner_smoking"": 0, ""relationship_goal"": null, ""relationship_pace"": null, ""relationship_structure"": 0, ""relocate"": null, ""schedule"": 0, ""smoking"": 0, ""space_for_relationship"": null, ""wants_children"": 0, ""who_to_meet"": 0}"
syn_858f693d4dc04c5e564c4ca6914de36d,public_08,31,non_binary,zone_a,True,synthetic_questionnaire,True,0,"[""zone_a""]",37,28,ideas,taking_time,True,social,no_children,any,exploring,slow,monogamous,unsure,"[""weekend_day"", ""weekend_evening"", ""weekday_evening""]",no,limited,unsure,"[""non_binary""]",observed,observed,observed,observed,observed,observed,observed,observed,observed,observed,observed,observed,observed,observed,observed,observed,observed,observed,0,0,0,0,0,0,0,0,0,0,0,0,0,0,0,0,0,0,"{""acceptable_zones"": [""zone_a""], ""age_max"": 37, ""age_min"": 28, ""conversations"": ""ideas"", ""emotional_availability"": ""taking_time"", ""has_children"": true, ""lifestyle"": ""social"", ""partner_children"": ""no_children"", ""partner_smoking"": ""any"", ""relationship_goal"": ""exploring"", ""relationship_pace"": ""slow"", ""relationship_structure"": ""monogamous"", ""relocate"": ""unsure"", ""schedule"": [""weekend_day"", ""weekend_evening"", ""weekday_evening""], ""smoking"": ""no"", ""space_for_relationship"": ""limited"", ""wants_children"": ""unsure"", ""who_to_meet"": [""non_binary""]}","{""acceptable_zones"": ""observed"", ""age_max"": ""observed"", ""age_min"": ""observed"", ""conversations"": ""observed"", ""emotional_availability"": ""observed"", ""has_children"": ""observed"", ""lifestyle"": ""observed"", ""partner_children"": ""observed"", ""partner_smoking"": ""observed"", ""relationship_goal"": ""observed"", ""relationship_pace"": ""observed"", ""relationship_structure"": ""observed"", ""relocate"": ""observed"", ""schedule"": ""observed"", ""smoking"": ""observed"", ""space_for_relationship"": ""observed"", ""wants_children"": ""observed"", ""who_to_meet"": ""observed""}","{""acceptable_zones"": 0, ""age_max"": 0, ""age_min"": 0, ""conversations"": 0, ""emotional_availability"": 0, ""has_children"": 0, ""lifestyle"": 0, ""partner_children"": 0, ""partner_smoking"": 0, ""relationship_goal"": 0, ""relationship_pace"": 0, ""relationship_structure"": 0, ""relocate"": 0, ""schedule"": 0, ""smoking"": 0, ""space_for_relationship"": 0, ""wants_children"": 0, ""who_to_meet"": 0}"
syn_30b5de8befc10b42555a7671fc9e2ece,public_08,24,woman,zone_a,False,synthetic_questionnaire,True,1,"[""zone_a""]",,,,,,,,,,,,,,,,,,observed,not_asked,not_asked,not_asked,not_asked,not_asked,not_asked,not_asked,not_asked,not_asked,not_asked,not_asked,not_asked,not_asked,not_asked,not_asked,declined,not_asked,1,,,,,,,,,,,,,,,,,,"{""acceptable_zones"": [""zone_a""], ""age_max"": null, ""age_min"": null, ""conversations"": null, ""emotional_availability"": null, ""has_children"": null, ""lifestyle"": null, ""partner_children"": null, ""partner_smoking"": null, ""relationship_goal"": null, ""relationship_pace"": null, ""relationship_structure"": null, ""relocate"": null, ""schedule"": null, ""smoking"": null, ""space_for_relationship"": null, ""wants_children"": null, ""who_to_meet"": null}","{""acceptable_zones"": ""observed"", ""age_max"": ""not_asked"", ""age_min"": ""not_asked"", ""conversations"": ""not_asked"", ""emotional_availability"": ""not_asked"", ""has_children"": ""not_asked"", ""lifestyle"": ""not_asked"", ""partner_children"": ""not_asked"", ""partner_smoking"": ""not_asked"", ""relationship_goal"": ""not_asked"", ""relationship_pace"": ""not_asked"", ""relationship_structure"": ""not_asked"", ""relocate"": ""not_asked"", ""schedule"": ""not_asked"", ""smoking"": ""not_asked"", ""space_for_relationship"": ""not_asked"", ""wants_children"": ""declined"", ""who_to_meet"": ""not_asked""}","{""acceptable_zones"": 1, ""age_max"": null, ""age_min"": null, ""conversations"": null, ""emotional_availability"": null, ""has_children"": null, ""lifestyle"": null, ""partner_children"": null, ""partner_smoking"": null, ""relationship_goal"": null, ""relationship_pace"": null, ""relationship_structure"": null, ""relocate"": null, ""schedule"": null, ""smoking"": null, ""space_for_relationship"": null, ""wants_children"": null, ""who_to_meet"": null}"
syn_68048de1eba321da254e2b084c370e73,public_08,35,man,zone_a,True,synthetic_questionnaire,True,0,"[""zone_a""]",39,31,stories,taking_time,False,social,no_children,any,long_term,quick,monogamous,yes,"[""weekday_evening""]",no,moderate,no,"[""woman""]",observed,observed,observed,observed,observed,observed,observed,observed,observed,observed,observed,observed,observed,observed,observed,observed,observed,observed,0,0,0,0,0,0,0,0,0,0,0,0,0,0,0,0,0,0,"{""acceptable_zones"": [""zone_a""], ""age_max"": 39, ""age_min"": 31, ""conversations"": ""stories"", ""emotional_availability"": ""taking_time"", ""has_children"": false, ""lifestyle"": ""social"", ""partner_children"": ""no_children"", ""partner_smoking"": ""any"", ""relationship_goal"": ""long_term"", ""relationship_pace"": ""quick"", ""relationship_structure"": ""monogamous"", ""relocate"": ""yes"", ""schedule"": [""weekday_evening""], ""smoking"": ""no"", ""space_for_relationship"": ""moderate"", ""wants_children"": ""no"", ""who_to_meet"": [""woman""]}","{""acceptable_zones"": ""observed"", ""age_max"": ""observed"", ""age_min"": ""observed"", ""conversations"": ""observed"", ""emotional_availability"": ""observed"", ""has_children"": ""observed"", ""lifestyle"": ""observed"", ""partner_children"": ""observed"", ""partner_smoking"": ""observed"", ""relationship_goal"": ""observed"", ""relationship_pace"": ""observed"", ""relationship_structure"": ""observed"", ""relocate"": ""observed"", ""schedule"": ""observed"", ""smoking"": ""observed"", ""space_for_relationship"": ""observed"", ""wants_children"": ""observed"", ""who_to_meet"": ""observed""}","{""acceptable_zones"": 0, ""age_max"": 0, ""age_min"": 0, ""conversations"": 0, ""emotional_availability"": 0, ""has_children"": 0, ""lifestyle"": 0, ""partner_children"": 0, ""partner_smoking"": 0, ""relationship_goal"": 0, ""relationship_pace"": 0, ""relationship_structure"": 0, ""relocate"": 0, ""schedule"": 0, ""smoking"": 0, ""space_for_relationship"": 0, ""wants_children"": 0, ""who_to_meet"": 0}"
syn_a0799ea27a26309ab48700433516ef6a,public_08,23,woman,zone_a,True,synthetic_questionnaire,True,12,,,,stories,,,,,,,,,unsure,,,,,,declined,not_asked,not_asked,observed,not_asked,not_asked,not_asked,not_asked,not_asked,not_asked,not_asked,declined,observed,not_asked,not_asked,not_asked,not_asked,not_asked,,,,12,,,,,,,,,12,,,,,,"{""acceptable_zones"": null, ""age_max"": null, ""age_min"": null, ""conversations"": ""stories"", ""emotional_availability"": null, ""has_children"": null, ""lifestyle"": null, ""partner_children"": null, ""partner_smoking"": null, ""relationship_goal"": null, ""relationship_pace"": null, ""relationship_structure"": null, ""relocate"": ""unsure"", ""schedule"": null, ""smoking"": null, ""space_for_relationship"": null, ""wants_children"": null, ""who_to_meet"": null}","{""acceptable_zones"": ""declined"", ""age_max"": ""not_asked"", ""age_min"": ""not_asked"", ""conversations"": ""observed"", ""emotional_availability"": ""not_asked"", ""has_children"": ""not_asked"", ""lifestyle"": ""not_asked"", ""partner_children"": ""not_asked"", ""partner_smoking"": ""not_asked"", ""relationship_goal"": ""not_asked"", ""relationship_pace"": ""not_asked"", ""relationship_structure"": ""declined"", ""relocate"": ""observed"", ""schedule"": ""not_asked"", ""smoking"": ""not_asked"", ""space_for_relationship"": ""not_asked"", ""wants_children"": ""not_asked"", ""who_to_meet"": ""not_asked""}","{""acceptable_zones"": null, ""age_max"": null, ""age_min"": null, ""conversations"": 12, ""emotional_availability"": null, ""has_children"": null, ""lifestyle"": null, ""partner_children"": null, ""partner_smoking"": null, ""relationship_goal"": null, ""relationship_pace"": null, ""relationship_structure"": null, ""relocate"": 12, ""schedule"": null, ""smoking"": null, ""space_for_relationship"": null, ""wants_children"": null, ""who_to_meet"": null}"
syn_ddfa6c6f9827bdad5532aae15a6e6be8,public_08,41,woman,zone_c,True,synthetic_questionnaire,True,0,,,,,,,,,no_smoking,,,,,,,,yes,,not_asked,not_asked,not_asked,not_asked,not_asked,not_asked,not_asked,not_asked,observed,not_asked,not_asked,declined,not_asked,not_asked,not_asked,not_asked,observed,not_asked,,,,,,,,,0,,,,,,,,0,,"{""acceptable_zones"": null, ""age_max"": null, ""age_min"": null, ""conversations"": null, ""emotional_availability"": null, ""has_children"": null, ""lifestyle"": null, ""partner_children"": null, ""partner_smoking"": ""no_smoking"", ""relationship_goal"": null, ""relationship_pace"": null, ""relationship_structure"": null, ""relocate"": null, ""schedule"": null, ""smoking"": null, ""space_for_relationship"": null, ""wants_children"": ""yes"", ""who_to_meet"": null}","{""acceptable_zones"": ""not_asked"", ""age_max"": ""not_asked"", ""age_min"": ""not_asked"", ""conversations"": ""not_asked"", ""emotional_availability"": ""not_asked"", ""has_children"": ""not_asked"", ""lifestyle"": ""not_asked"", ""partner_children"": ""not_asked"", ""partner_smoking"": ""observed"", ""relationship_goal"": ""not_asked"", ""relationship_pace"": ""not_asked"", ""relationship_structure"": ""declined"", ""relocate"": ""not_asked"", ""schedule"": ""not_asked"", ""smoking"": ""not_asked"", ""space_for_relationship"": ""not_asked"", ""wants_children"": ""observed"", ""who_to_meet"": ""not_asked""}","{""acceptable_zones"": null, ""age_max"": null, ""age_min"": null, ""conversations"": null, ""emotional_availability"": null, ""has_children"": null, ""lifestyle"": null, ""partner_children"": null, ""partner_smoking"": 0, ""relationship_goal"": null, ""relationship_pace"": null, ""relationship_structure"": null, ""relocate"": null, ""schedule"": null, ""smoking"": null, ""space_for_relationship"": null, ""wants_children"": 0, ""who_to_meet"": null}"
syn_5b77bd2c13b6c9a0b0cea1fc559fb301,public_08,25,man,zone_a,True,synthetic_questionnaire,True,0,"[""zone_a""]",,,,,,,any,any,,,,,,,,,,observed,not_asked,not_asked,not_asked,not_asked,declined,not_asked,observed,observed,not_asked,not_asked,not_asked,not_asked,not_asked,not_asked,not_asked,not_asked,declined,0,,,,,,,0,0,,,,,,,,,,"{""acceptable_zones"": [""zone_a""], ""age_max"": null, ""age_min"": null, ""conversations"": null, ""emotional_availability"": null, ""has_children"": null, ""lifestyle"": null, ""partner_children"": ""any"", ""partner_smoking"": ""any"", ""relationship_goal"": null, ""relationship_pace"": null, ""relationship_structure"": null, ""relocate"": null, ""schedule"": null, ""smoking"": null, ""space_for_relationship"": null, ""wants_children"": null, ""who_to_meet"": null}","{""acceptable_zones"": ""observed"", ""age_max"": ""not_asked"", ""age_min"": ""not_asked"", ""conversations"": ""not_asked"", ""emotional_availability"": ""not_asked"", ""has_children"": ""declined"", ""lifestyle"": ""not_asked"", ""partner_children"": ""observed"", ""partner_smoking"": ""observed"", ""relationship_goal"": ""not_asked"", ""relationship_pace"": ""not_asked"", ""relationship_structure"": ""not_asked"", ""relocate"": ""not_asked"", ""schedule"": ""not_asked"", ""smoking"": ""not_asked"", ""space_for_relationship"": ""not_asked"", ""wants_children"": ""not_asked"", ""who_to_meet"": ""declined""}","{""acceptable_zones"": 0, ""age_max"": null, ""age_min"": null, ""conversations"": null, ""emotional_availability"": null, ""has_children"": null, ""lifestyle"": null, ""partner_children"": 0, ""partner_smoking"": 0, ""relationship_goal"": null, ""relationship_pace"": null, ""relationship_structure"": null, ""relocate"": null, ""schedule"": null, ""smoking"": null, ""space_for_relationship"": null, ""wants_children"": null, ""who_to_meet"": null}"
syn_ca77b0f9f23e42d68751a89b1159dd35,public_08,33,woman,zone_a,True,synthetic_questionnaire,True,0,,,,,,,quiet,,,,,,,,,,,,not_asked,not_asked,not_asked,not_asked,not_asked,not_asked,observed,declined,not_asked,not_asked,not_asked,not_asked,not_asked,not_asked,declined,not_asked,not_asked,not_asked,,,,,,,0,,,,,,,,,,,,"{""acceptable_zones"": null, ""age_max"": null, ""age_min"": null, ""conversations"": null, ""emotional_availability"": null, ""has_children"": null, ""lifestyle"": ""quiet"", ""partner_children"": null, ""partner_smoking"": null, ""relationship_goal"": null, ""relationship_pace"": null, ""relationship_structure"": null, ""relocate"": null, ""schedule"": null, ""smoking"": null, ""space_for_relationship"": null, ""wants_children"": null, ""who_to_meet"": null}","{""acceptable_zones"": ""not_asked"", ""age_max"": ""not_asked"", ""age_min"": ""not_asked"", ""conversations"": ""not_asked"", ""emotional_availability"": ""not_asked"", ""has_children"": ""not_asked"", ""lifestyle"": ""observed"", ""partner_children"": ""declined"", ""partner_smoking"": ""not_asked"", ""relationship_goal"": ""not_asked"", ""relationship_pace"": ""not_asked"", ""relationship_structure"": ""not_asked"", ""relocate"": ""not_asked"", ""schedule"": ""not_asked"", ""smoking"": ""declined"", ""space_for_relationship"": ""not_asked"", ""wants_children"": ""not_asked"", ""who_to_meet"": ""not_asked""}","{""acceptable_zones"": null, ""age_max"": null, ""age_min"": null, ""conversations"": null, ""emotional_availability"": null, ""has_children"": null, ""lifestyle"": 0, ""partner_children"": null, ""partner_smoking"": null, ""relationship_goal"": null, ""relationship_pace"": null, ""relationship_structure"": null, ""relocate"": null, ""schedule"": null, ""smoking"": null, ""space_for_relationship"": null, ""wants_children"": null, ""who_to_meet"": null}"
syn_c0f02141a44746e6db4abcc8f0fc4362,public_08,39,woman,zone_c,True,synthetic_questionnaire,True,0,"[""zone_c""]",48,31,,,False,,no_children,no_smoking,long_term,,monogamous,yes,"[""weekend_day""]",no,,no,"[""non_binary""]",observed,observed,observed,not_asked,not_asked,observed,not_asked,observed,observed,observed,not_asked,observed,observed,observed,observed,not_asked,observed,observed,0,0,0,,,0,,0,0,0,,0,0,0,0,,0,0,"{""acceptable_zones"": [""zone_c""], ""age_max"": 48, ""age_min"": 31, ""conversations"": null, ""emotional_availability"": null, ""has_children"": false, ""lifestyle"": null, ""partner_children"": ""no_children"", ""partner_smoking"": ""no_smoking"", ""relationship_goal"": ""long_term"", ""relationship_pace"": null, ""relationship_structure"": ""monogamous"", ""relocate"": ""yes"", ""schedule"": [""weekend_day""], ""smoking"": ""no"", ""space_for_relationship"": null, ""wants_children"": ""no"", ""who_to_meet"": [""non_binary""]}","{""acceptable_zones"": ""observed"", ""age_max"": ""observed"", ""age_min"": ""observed"", ""conversations"": ""not_asked"", ""emotional_availability"": ""not_asked"", ""has_children"": ""observed"", ""lifestyle"": ""not_asked"", ""partner_children"": ""observed"", ""partner_smoking"": ""observed"", ""relationship_goal"": ""observed"", ""relationship_pace"": ""not_asked"", ""relationship_structure"": ""observed"", ""relocate"": ""observed"", ""schedule"": ""observed"", ""smoking"": ""observed"", ""space_for_relationship"": ""not_asked"", ""wants_children"": ""observed"", ""who_to_meet"": ""observed""}","{""acceptable_zones"": 0, ""age_max"": 0, ""age_min"": 0, ""conversations"": null, ""emotional_availability"": null, ""has_children"": 0, ""lifestyle"": null, ""partner_children"": 0, ""partner_smoking"": 0, ""relationship_goal"": 0, ""relationship_pace"": null, ""relationship_structure"": 0, ""relocate"": 0, ""schedule"": 0, ""smoking"": 0, ""space_for_relationship"": null, ""wants_children"": 0, ""who_to_meet"": 0}"
syn_cad6e37bd1d9e0bc49cf018a5f0627bb,public_08,31,man,zone_b,True,synthetic_questionnaire,True,0,"[""zone_b""]",38,27,,,False,,no_children,any,,,monogamous,,"[""weekday_evening"", ""weekend_day"", ""weekend_evening""]",occasionally,,no,"[""man"", ""woman""]",observed,observed,observed,not_asked,not_asked,observed,not_asked,observed,observed,not_asked,not_asked,observed,not_asked,observed,observed,declined,observed,observed,1,1,1,,,1,,1,1,,,1,,1,1,,1,1,"{""acceptable_zones"": [""zone_b""], ""age_max"": 38, ""age_min"": 27, ""conversations"": null, ""emotional_availability"": null, ""has_children"": false, ""lifestyle"": null, ""partner_children"": ""no_children"", ""partner_smoking"": ""any"", ""relationship_goal"": null, ""relationship_pace"": null, ""relationship_structure"": ""monogamous"", ""relocate"": null, ""schedule"": [""weekday_evening"", ""weekend_day"", ""weekend_evening""], ""smoking"": ""occasionally"", ""space_for_relationship"": null, ""wants_children"": ""no"", ""who_to_meet"": [""man"", ""woman""]}","{""acceptable_zones"": ""observed"", ""age_max"": ""observed"", ""age_min"": ""observed"", ""conversations"": ""not_asked"", ""emotional_availability"": ""not_asked"", ""has_children"": ""observed"", ""lifestyle"": ""not_asked"", ""partner_children"": ""observed"", ""partner_smoking"": ""observed"", ""relationship_goal"": ""not_asked"", ""relationship_pace"": ""not_asked"", ""relationship_structure"": ""observed"", ""relocate"": ""not_asked"", ""schedule"": ""observed"", ""smoking"": ""observed"", ""space_for_relationship"": ""declined"", ""wants_children"": ""observed"", ""who_to_meet"": ""observed""}","{""acceptable_zones"": 1, ""age_max"": 1, ""age_min"": 1, ""conversations"": null, ""emotional_availability"": null, ""has_children"": 1, ""lifestyle"": null, ""partner_children"": 1, ""partner_smoking"": 1, ""relationship_goal"": null, ""relationship_pace"": null, ""relationship_structure"": 1, ""relocate"": null, ""schedule"": 1, ""smoking"": 1, ""space_for_relationship"": null, ""wants_children"": 1, ""who_to_meet"": 1}"
syn_670635a62c76432bca45c623e3e58c9c,public_08,34,woman,zone_c,True,synthetic_questionnaire,True,14,"[""zone_c""]",,,,,False,,,,,,,,,occasionally,,,,observed,not_asked,not_asked,not_asked,not_asked,observed,not_asked,not_asked,not_asked,not_asked,not_asked,not_asked,not_asked,declined,observed,not_asked,not_asked,not_asked,14,,,,,14,,,,,,,,,14,,,,"{""acceptable_zones"": [""zone_c""], ""age_max"": null, ""age_min"": null, ""conversations"": null, ""emotional_availability"": null, ""has_children"": false, ""lifestyle"": null, ""partner_children"": null, ""partner_smoking"": null, ""relationship_goal"": null, ""relationship_pace"": null, ""relationship_structure"": null, ""relocate"": null, ""schedule"": null, ""smoking"": ""occasionally"", ""space_for_relationship"": null, ""wants_children"": null, ""who_to_meet"": null}","{""acceptable_zones"": ""observed"", ""age_max"": ""not_asked"", ""age_min"": ""not_asked"", ""conversations"": ""not_asked"", ""emotional_availability"": ""not_asked"", ""has_children"": ""observed"", ""lifestyle"": ""not_asked"", ""partner_children"": ""not_asked"", ""partner_smoking"": ""not_asked"", ""relationship_goal"": ""not_asked"", ""relationship_pace"": ""not_asked"", ""relationship_structure"": ""not_asked"", ""relocate"": ""not_asked"", ""schedule"": ""declined"", ""smoking"": ""observed"", ""space_for_relationship"": ""not_asked"", ""wants_children"": ""not_asked"", ""who_to_meet"": ""not_asked""}","{""acceptable_zones"": 14, ""age_max"": null, ""age_min"": null, ""conversations"": null, ""emotional_availability"": null, ""has_children"": 14, ""lifestyle"": null, ""partner_children"": null, ""partner_smoking"": null, ""relationship_goal"": null, ""relationship_pace"": null, ""relationship_structure"": null, ""relocate"": null, ""schedule"": null, ""smoking"": 14, ""space_for_relationship"": null, ""wants_children"": null, ""who_to_meet"": null}"
syn_585e804fe1bce1931439a37ab424921c,public_08,36,non_binary,zone_c,True,synthetic_questionnaire,True,10,,,,,,False,,,,,,,yes,,no,,,,not_asked,not_asked,not_asked,not_asked,not_asked,observed,not_asked,not_asked,not_asked,not_asked,not_asked,not_asked,observed,not_asked,observed,not_asked,declined,declined,,,,,,10,,,,,,,10,,10,,,,"{""acceptable_zones"": null, ""age_max"": null, ""age_min"": null, ""conversations"": null, ""emotional_availability"": null, ""has_children"": false, ""lifestyle"": null, ""partner_children"": null, ""partner_smoking"": null, ""relationship_goal"": null, ""relationship_pace"": null, ""relationship_structure"": null, ""relocate"": ""yes"", ""schedule"": null, ""smoking"": ""no"", ""space_for_relationship"": null, ""wants_children"": null, ""who_to_meet"": null}","{""acceptable_zones"": ""not_asked"", ""age_max"": ""not_asked"", ""age_min"": ""not_asked"", ""conversations"": ""not_asked"", ""emotional_availability"": ""not_asked"", ""has_children"": ""observed"", ""lifestyle"": ""not_asked"", ""partner_children"": ""not_asked"", ""partner_smoking"": ""not_asked"", ""relationship_goal"": ""not_asked"", ""relationship_pace"": ""not_asked"", ""relationship_structure"": ""not_asked"", ""relocate"": ""observed"", ""schedule"": ""not_asked"", ""smoking"": ""observed"", ""space_for_relationship"": ""not_asked"", ""wants_children"": ""declined"", ""who_to_meet"": ""declined""}","{""acceptable_zones"": null, ""age_max"": null, ""age_min"": null, ""conversations"": null, ""emotional_availability"": null, ""has_children"": 10, ""lifestyle"": null, ""partner_children"": null, ""partner_smoking"": null, ""relationship_goal"": null, ""relationship_pace"": null, ""relationship_structure"": null, ""relocate"": 10, ""schedule"": null, ""smoking"": 10, ""space_for_relationship"": null, ""wants_children"": null, ""who_to_meet"": null}"
syn_4569b9ec65aeb2796c3a867e4a7d2e20,public_08,24,man,zone_a,True,synthetic_questionnaire,True,0,"[""zone_a""]",30,18,playful,ready,False,mixed,any,any,exploring,steady,monogamous,yes,"[""weekday_evening"", ""weekend_day"", ""weekend_evening""]",no,ample,yes,"[""non_binary""]",observed,observed,observed,observed,observed,observed,observed,observed,observed,observed,observed,observed,observed,observed,observed,observed,observed,observed,0,0,0,0,0,0,0,0,0,0,0,0,0,0,0,0,0,0,"{""acceptable_zones"": [""zone_a""], ""age_max"": 30, ""age_min"": 18, ""conversations"": ""playful"", ""emotional_availability"": ""ready"", ""has_children"": false, ""lifestyle"": ""mixed"", ""partner_children"": ""any"", ""partner_smoking"": ""any"", ""relationship_goal"": ""exploring"", ""relationship_pace"": ""steady"", ""relationship_structure"": ""monogamous"", ""relocate"": ""yes"", ""schedule"": [""weekday_evening"", ""weekend_day"", ""weekend_evening""], ""smoking"": ""no"", ""space_for_relationship"": ""ample"", ""wants_children"": ""yes"", ""who_to_meet"": [""non_binary""]}","{""acceptable_zones"": ""observed"", ""age_max"": ""observed"", ""age_min"": ""observed"", ""conversations"": ""observed"", ""emotional_availability"": ""observed"", ""has_children"": ""observed"", ""lifestyle"": ""observed"", ""partner_children"": ""observed"", ""partner_smoking"": ""observed"", ""relationship_goal"": ""observed"", ""relationship_pace"": ""observed"", ""relationship_structure"": ""observed"", ""relocate"": ""observed"", ""schedule"": ""observed"", ""smoking"": ""observed"", ""space_for_relationship"": ""observed"", ""wants_children"": ""observed"", ""who_to_meet"": ""observed""}","{""acceptable_zones"": 0, ""age_max"": 0, ""age_min"": 0, ""conversations"": 0, ""emotional_availability"": 0, ""has_children"": 0, ""lifestyle"": 0, ""partner_children"": 0, ""partner_smoking"": 0, ""relationship_goal"": 0, ""relationship_pace"": 0, ""relationship_structure"": 0, ""relocate"": 0, ""schedule"": 0, ""smoking"": 0, ""space_for_relationship"": 0, ""wants_children"": 0, ""who_to_meet"": 0}"
syn_8fff8b8f55779b7f42f7fb75a1e1af9f,public_08,31,woman,zone_a,True,synthetic_questionnaire,True,0,"[""zone_a""]",37,25,playful,ready,False,mixed,any,no_smoking,long_term,steady,monogamous,no,"[""weekend_day"", ""weekday_evening""]",occasionally,moderate,no,"[""non_binary"", ""woman""]",observed,observed,observed,observed,observed,observed,observed,observed,observed,observed,observed,observed,observed,observed,observed,observed,observed,observed,0,0,0,0,0,0,0,0,0,0,0,0,0,0,0,0,0,0,"{""acceptable_zones"": [""zone_a""], ""age_max"": 37, ""age_min"": 25, ""conversations"": ""playful"", ""emotional_availability"": ""ready"", ""has_children"": false, ""lifestyle"": ""mixed"", ""partner_children"": ""any"", ""partner_smoking"": ""no_smoking"", ""relationship_goal"": ""long_term"", ""relationship_pace"": ""steady"", ""relationship_structure"": ""monogamous"", ""relocate"": ""no"", ""schedule"": [""weekend_day"", ""weekday_evening""], ""smoking"": ""occasionally"", ""space_for_relationship"": ""moderate"", ""wants_children"": ""no"", ""who_to_meet"": [""non_binary"", ""woman""]}","{""acceptable_zones"": ""observed"", ""age_max"": ""observed"", ""age_min"": ""observed"", ""conversations"": ""observed"", ""emotional_availability"": ""observed"", ""has_children"": ""observed"", ""lifestyle"": ""observed"", ""partner_children"": ""observed"", ""partner_smoking"": ""observed"", ""relationship_goal"": ""observed"", ""relationship_pace"": ""observed"", ""relationship_structure"": ""observed"", ""relocate"": ""observed"", ""schedule"": ""observed"", ""smoking"": ""observed"", ""space_for_relationship"": ""observed"", ""wants_children"": ""observed"", ""who_to_meet"": ""observed""}","{""acceptable_zones"": 0, ""age_max"": 0, ""age_min"": 0, ""conversations"": 0, ""emotional_availability"": 0, ""has_children"": 0, ""lifestyle"": 0, ""partner_children"": 0, ""partner_smoking"": 0, ""relationship_goal"": 0, ""relationship_pace"": 0, ""relationship_structure"": 0, ""relocate"": 0, ""schedule"": 0, ""smoking"": 0, ""space_for_relationship"": 0, ""wants_children"": 0, ""who_to_meet"": 0}"
syn_143223feec0ef80e4f2baf284187005e,public_08,22,woman,zone_b,True,synthetic_questionnaire,True,0,,,,,,,,,,,,,no,,,,,,not_asked,not_asked,not_asked,not_asked,not_asked,not_asked,not_asked,not_asked,declined,not_asked,declined,not_asked,observed,not_asked,not_asked,not_asked,not_asked,not_asked,,,,,,,,,,,,,0,,,,,,"{""acceptable_zones"": null, ""age_max"": null, ""age_min"": null, ""conversations"": null, ""emotional_availability"": null, ""has_children"": null, ""lifestyle"": null, ""partner_children"": null, ""partner_smoking"": null, ""relationship_goal"": null, ""relationship_pace"": null, ""relationship_structure"": null, ""relocate"": ""no"", ""schedule"": null, ""smoking"": null, ""space_for_relationship"": null, ""wants_children"": null, ""who_to_meet"": null}","{""acceptable_zones"": ""not_asked"", ""age_max"": ""not_asked"", ""age_min"": ""not_asked"", ""conversations"": ""not_asked"", ""emotional_availability"": ""not_asked"", ""has_children"": ""not_asked"", ""lifestyle"": ""not_asked"", ""partner_children"": ""not_asked"", ""partner_smoking"": ""declined"", ""relationship_goal"": ""not_asked"", ""relationship_pace"": ""declined"", ""relationship_structure"": ""not_asked"", ""relocate"": ""observed"", ""schedule"": ""not_asked"", ""smoking"": ""not_asked"", ""space_for_relationship"": ""not_asked"", ""wants_children"": ""not_asked"", ""who_to_meet"": ""not_asked""}","{""acceptable_zones"": null, ""age_max"": null, ""age_min"": null, ""conversations"": null, ""emotional_availability"": null, ""has_children"": null, ""lifestyle"": null, ""partner_children"": null, ""partner_smoking"": null, ""relationship_goal"": null, ""relationship_pace"": null, ""relationship_structure"": null, ""relocate"": 0, ""schedule"": null, ""smoking"": null, ""space_for_relationship"": null, ""wants_children"": null, ""who_to_meet"": null}"
syn_9c526f3d5f791d337ca8e6ac45bb1f25,public_08,36,man,zone_a,True,synthetic_questionnaire,True,0,"[""zone_a"", ""zone_b""]",40,31,playful,taking_time,False,quiet,no_children,any,long_term,slow,monogamous,no,"[""weekday_evening"", ""weekend_evening""]",no,limited,no,"[""man""]",observed,observed,observed,observed,observed,observed,observed,observed,observed,observed,observed,observed,observed,observed,observed,observed,observed,observed,0,0,0,0,0,0,0,0,0,0,0,0,0,0,0,0,0,0,"{""acceptable_zones"": [""zone_a"", ""zone_b""], ""age_max"": 40, ""age_min"": 31, ""conversations"": ""playful"", ""emotional_availability"": ""taking_time"", ""has_children"": false, ""lifestyle"": ""quiet"", ""partner_children"": ""no_children"", ""partner_smoking"": ""any"", ""relationship_goal"": ""long_term"", ""relationship_pace"": ""slow"", ""relationship_structure"": ""monogamous"", ""relocate"": ""no"", ""schedule"": [""weekday_evening"", ""weekend_evening""], ""smoking"": ""no"", ""space_for_relationship"": ""limited"", ""wants_children"": ""no"", ""who_to_meet"": [""man""]}","{""acceptable_zones"": ""observed"", ""age_max"": ""observed"", ""age_min"": ""observed"", ""conversations"": ""observed"", ""emotional_availability"": ""observed"", ""has_children"": ""observed"", ""lifestyle"": ""observed"", ""partner_children"": ""observed"", ""partner_smoking"": ""observed"", ""relationship_goal"": ""observed"", ""relationship_pace"": ""observed"", ""relationship_structure"": ""observed"", ""relocate"": ""observed"", ""schedule"": ""observed"", ""smoking"": ""observed"", ""space_for_relationship"": ""observed"", ""wants_children"": ""observed"", ""who_to_meet"": ""observed""}","{""acceptable_zones"": 0, ""age_max"": 0, ""age_min"": 0, ""conversations"": 0, ""emotional_availability"": 0, ""has_children"": 0, ""lifestyle"": 0, ""partner_children"": 0, ""partner_smoking"": 0, ""relationship_goal"": 0, ""relationship_pace"": 0, ""relationship_structure"": 0, ""relocate"": 0, ""schedule"": 0, ""smoking"": 0, ""space_for_relationship"": 0, ""wants_children"": 0, ""who_to_meet"": 0}"
syn_23f23d1ae9a94c654773bd477be4937e,public_08,35,woman,zone_a,True,synthetic_questionnaire,True,0,"[""zone_a""]",42,28,,,False,,any,any,,,monogamous,unsure,"[""weekend_day"", ""weekday_evening""]",occasionally,,unsure,"[""non_binary"", ""woman""]",observed,observed,observed,not_asked,not_asked,observed,not_asked,observed,observed,not_asked,not_asked,observed,observed,observed,observed,not_asked,observed,observed,1,1,1,,,1,,1,1,,,1,0,1,1,,1,1,"{""acceptable_zones"": [""zone_a""], ""age_max"": 42, ""age_min"": 28, ""conversations"": null, ""emotional_availability"": null, ""has_children"": false, ""lifestyle"": null, ""partner_children"": ""any"", ""partner_smoking"": ""any"", ""relationship_goal"": null, ""relationship_pace"": null, ""relationship_structure"": ""monogamous"", ""relocate"": ""unsure"", ""schedule"": [""weekend_day"", ""weekday_evening""], ""smoking"": ""occasionally"", ""space_for_relationship"": null, ""wants_children"": ""unsure"", ""who_to_meet"": [""non_binary"", ""woman""]}","{""acceptable_zones"": ""observed"", ""age_max"": ""observed"", ""age_min"": ""observed"", ""conversations"": ""not_asked"", ""emotional_availability"": ""not_asked"", ""has_children"": ""observed"", ""lifestyle"": ""not_asked"", ""partner_children"": ""observed"", ""partner_smoking"": ""observed"", ""relationship_goal"": ""not_asked"", ""relationship_pace"": ""not_asked"", ""relationship_structure"": ""observed"", ""relocate"": ""observed"", ""schedule"": ""observed"", ""smoking"": ""observed"", ""space_for_relationship"": ""not_asked"", ""wants_children"": ""observed"", ""who_to_meet"": ""observed""}","{""acceptable_zones"": 1, ""age_max"": 1, ""age_min"": 1, ""conversations"": null, ""emotional_availability"": null, ""has_children"": 1, ""lifestyle"": null, ""partner_children"": 1, ""partner_smoking"": 1, ""relationship_goal"": null, ""relationship_pace"": null, ""relationship_structure"": 1, ""relocate"": 0, ""schedule"": 1, ""smoking"": 1, ""space_for_relationship"": null, ""wants_children"": 1, ""who_to_meet"": 1}"
syn_c4700d0fc84da082e5eea1e9a2e26618,public_08,28,woman,zone_b,True,synthetic_questionnaire,True,0,,37,21,,,,,,,,,,yes,,,,,,not_asked,observed,observed,not_asked,not_asked,not_asked,not_asked,declined,not_asked,not_asked,not_asked,not_asked,observed,not_asked,not_asked,not_asked,not_asked,not_asked,,0,0,,,,,,,,,,0,,,,,,"{""acceptable_zones"": null, ""age_max"": 37, ""age_min"": 21, ""conversations"": null, ""emotional_availability"": null, ""has_children"": null, ""lifestyle"": null, ""partner_children"": null, ""partner_smoking"": null, ""relationship_goal"": null, ""relationship_pace"": null, ""relationship_structure"": null, ""relocate"": ""yes"", ""schedule"": null, ""smoking"": null, ""space_for_relationship"": null, ""wants_children"": null, ""who_to_meet"": null}","{""acceptable_zones"": ""not_asked"", ""age_max"": ""observed"", ""age_min"": ""observed"", ""conversations"": ""not_asked"", ""emotional_availability"": ""not_asked"", ""has_children"": ""not_asked"", ""lifestyle"": ""not_asked"", ""partner_children"": ""declined"", ""partner_smoking"": ""not_asked"", ""relationship_goal"": ""not_asked"", ""relationship_pace"": ""not_asked"", ""relationship_structure"": ""not_asked"", ""relocate"": ""observed"", ""schedule"": ""not_asked"", ""smoking"": ""not_asked"", ""space_for_relationship"": ""not_asked"", ""wants_children"": ""not_asked"", ""who_to_meet"": ""not_asked""}","{""acceptable_zones"": null, ""age_max"": 0, ""age_min"": 0, ""conversations"": null, ""emotional_availability"": null, ""has_children"": null, ""lifestyle"": null, ""partner_children"": null, ""partner_smoking"": null, ""relationship_goal"": null, ""relationship_pace"": null, ""relationship_structure"": null, ""relocate"": 0, ""schedule"": null, ""smoking"": null, ""space_for_relationship"": null, ""wants_children"": null, ""who_to_meet"": null}"
syn_72a1a9cbd89d3b0ef3b544c818185db2,public_08,45,man,zone_b,True,synthetic_questionnaire,True,0,"[""zone_b""]",53,39,,,False,,any,no_smoking,,,monogamous,,"[""weekend_evening""]",no,,yes,"[""woman""]",observed,observed,observed,not_asked,not_asked,observed,not_asked,observed,observed,not_asked,not_asked,observed,not_asked,observed,observed,not_asked,observed,observed,1,1,1,,,1,,1,1,,,1,,1,1,,1,1,"{""acceptable_zones"": [""zone_b""], ""age_max"": 53, ""age_min"": 39, ""conversations"": null, ""emotional_availability"": null, ""has_children"": false, ""lifestyle"": null, ""partner_children"": ""any"", ""partner_smoking"": ""no_smoking"", ""relationship_goal"": null, ""relationship_pace"": null, ""relationship_structure"": ""monogamous"", ""relocate"": null, ""schedule"": [""weekend_evening""], ""smoking"": ""no"", ""space_for_relationship"": null, ""wants_children"": ""yes"", ""who_to_meet"": [""woman""]}","{""acceptable_zones"": ""observed"", ""age_max"": ""observed"", ""age_min"": ""observed"", ""conversations"": ""not_asked"", ""emotional_availability"": ""not_asked"", ""has_children"": ""observed"", ""lifestyle"": ""not_asked"", ""partner_children"": ""observed"", ""partner_smoking"": ""observed"", ""relationship_goal"": ""not_asked"", ""relationship_pace"": ""not_asked"", ""relationship_structure"": ""observed"", ""relocate"": ""not_asked"", ""schedule"": ""observed"", ""smoking"": ""observed"", ""space_for_relationship"": ""not_asked"", ""wants_children"": ""observed"", ""who_to_meet"": ""observed""}","{""acceptable_zones"": 1, ""age_max"": 1, ""age_min"": 1, ""conversations"": null, ""emotional_availability"": null, ""has_children"": 1, ""lifestyle"": null, ""partner_children"": 1, ""partner_smoking"": 1, ""relationship_goal"": null, ""relationship_pace"": null, ""relationship_structure"": 1, ""relocate"": null, ""schedule"": 1, ""smoking"": 1, ""space_for_relationship"": null, ""wants_children"": 1, ""who_to_meet"": 1}"
syn_b73d6268ee2e2f9a2e26941083c54fce,public_08,40,woman,zone_a,True,synthetic_questionnaire,True,0,,,,,,,,,,,,monogamous,,,,,,,not_asked,not_asked,not_asked,not_asked,not_asked,not_asked,not_asked,not_asked,declined,not_asked,not_asked,observed,not_asked,not_asked,not_asked,not_asked,not_asked,not_asked,,,,,,,,,,,,0,,,,,,,"{""acceptable_zones"": null, ""age_max"": null, ""age_min"": null, ""conversations"": null, ""emotional_availability"": null, ""has_children"": null, ""lifestyle"": null, ""partner_children"": null, ""partner_smoking"": null, ""relationship_goal"": null, ""relationship_pace"": null, ""relationship_structure"": ""monogamous"", ""relocate"": null, ""schedule"": null, ""smoking"": null, ""space_for_relationship"": null, ""wants_children"": null, ""who_to_meet"": null}","{""acceptable_zones"": ""not_asked"", ""age_max"": ""not_asked"", ""age_min"": ""not_asked"", ""conversations"": ""not_asked"", ""emotional_availability"": ""not_asked"", ""has_children"": ""not_asked"", ""lifestyle"": ""not_asked"", ""partner_children"": ""not_asked"", ""partner_smoking"": ""declined"", ""relationship_goal"": ""not_asked"", ""relationship_pace"": ""not_asked"", ""relationship_structure"": ""observed"", ""relocate"": ""not_asked"", ""schedule"": ""not_asked"", ""smoking"": ""not_asked"", ""space_for_relationship"": ""not_asked"", ""wants_children"": ""not_asked"", ""who_to_meet"": ""not_asked""}","{""acceptable_zones"": null, ""age_max"": null, ""age_min"": null, ""conversations"": null, ""emotional_availability"": null, ""has_children"": null, ""lifestyle"": null, ""partner_children"": null, ""partner_smoking"": null, ""relationship_goal"": null, ""relationship_pace"": null, ""relationship_structure"": 0, ""relocate"": null, ""schedule"": null, ""smoking"": null, ""space_for_relationship"": null, ""wants_children"": null, ""who_to_meet"": null}"
syn_c86c02e5edfd6e7429f95f845b57aa6b,public_08,36,non_binary,zone_c,True,synthetic_questionnaire,True,0,"[""zone_c""]",39,28,stories,taking_time,False,mixed,any,no_smoking,long_term,quick,monogamous,no,"[""weekday_evening""]",no,ample,unsure,"[""man""]",observed,observed,observed,observed,observed,observed,observed,observed,observed,observed,observed,observed,observed,observed,observed,observed,observed,observed,0,0,0,0,0,0,0,0,0,0,0,0,0,0,0,0,0,0,"{""acceptable_zones"": [""zone_c""], ""age_max"": 39, ""age_min"": 28, ""conversations"": ""stories"", ""emotional_availability"": ""taking_time"", ""has_children"": false, ""lifestyle"": ""mixed"", ""partner_children"": ""any"", ""partner_smoking"": ""no_smoking"", ""relationship_goal"": ""long_term"", ""relationship_pace"": ""quick"", ""relationship_structure"": ""monogamous"", ""relocate"": ""no"", ""schedule"": [""weekday_evening""], ""smoking"": ""no"", ""space_for_relationship"": ""ample"", ""wants_children"": ""unsure"", ""who_to_meet"": [""man""]}","{""acceptable_zones"": ""observed"", ""age_max"": ""observed"", ""age_min"": ""observed"", ""conversations"": ""observed"", ""emotional_availability"": ""observed"", ""has_children"": ""observed"", ""lifestyle"": ""observed"", ""partner_children"": ""observed"", ""partner_smoking"": ""observed"", ""relationship_goal"": ""observed"", ""relationship_pace"": ""observed"", ""relationship_structure"": ""observed"", ""relocate"": ""observed"", ""schedule"": ""observed"", ""smoking"": ""observed"", ""space_for_relationship"": ""observed"", ""wants_children"": ""observed"", ""who_to_meet"": ""observed""}","{""acceptable_zones"": 0, ""age_max"": 0, ""age_min"": 0, ""conversations"": 0, ""emotional_availability"": 0, ""has_children"": 0, ""lifestyle"": 0, ""partner_children"": 0, ""partner_smoking"": 0, ""relationship_goal"": 0, ""relationship_pace"": 0, ""relationship_structure"": 0, ""relocate"": 0, ""schedule"": 0, ""smoking"": 0, ""space_for_relationship"": 0, ""wants_children"": 0, ""who_to_meet"": 0}"
syn_6e5fd30f8a9329e37442ce77046435af,public_08,36,man,zone_b,True,synthetic_questionnaire,True,0,,,,,,,,no_children,,,,,,,,ample,,,not_asked,not_asked,not_asked,not_asked,not_asked,declined,not_asked,observed,not_asked,not_asked,not_asked,not_asked,not_asked,not_asked,not_asked,observed,not_asked,not_asked,,,,,,,,0,,,,,,,,0,,,"{""acceptable_zones"": null, ""age_max"": null, ""age_min"": null, ""conversations"": null, ""emotional_availability"": null, ""has_children"": null, ""lifestyle"": null, ""partner_children"": ""no_children"", ""partner_smoking"": null, ""relationship_goal"": null, ""relationship_pace"": null, ""relationship_structure"": null, ""relocate"": null, ""schedule"": null, ""smoking"": null, ""space_for_relationship"": ""ample"", ""wants_children"": null, ""who_to_meet"": null}","{""acceptable_zones"": ""not_asked"", ""age_max"": ""not_asked"", ""age_min"": ""not_asked"", ""conversations"": ""not_asked"", ""emotional_availability"": ""not_asked"", ""has_children"": ""declined"", ""lifestyle"": ""not_asked"", ""partner_children"": ""observed"", ""partner_smoking"": ""not_asked"", ""relationship_goal"": ""not_asked"", ""relationship_pace"": ""not_asked"", ""relationship_structure"": ""not_asked"", ""relocate"": ""not_asked"", ""schedule"": ""not_asked"", ""smoking"": ""not_asked"", ""space_for_relationship"": ""observed"", ""wants_children"": ""not_asked"", ""who_to_meet"": ""not_asked""}","{""acceptable_zones"": null, ""age_max"": null, ""age_min"": null, ""conversations"": null, ""emotional_availability"": null, ""has_children"": null, ""lifestyle"": null, ""partner_children"": 0, ""partner_smoking"": null, ""relationship_goal"": null, ""relationship_pace"": null, ""relationship_structure"": null, ""relocate"": null, ""schedule"": null, ""smoking"": null, ""space_for_relationship"": 0, ""wants_children"": null, ""who_to_meet"": null}"
syn_c194fd7da94bd493ca0fbb7af9292f87,public_08,40,woman,zone_a,False,synthetic_questionnaire,True,0,"[""zone_a"", ""zone_d""]",46,33,ideas,taking_time,False,mixed,no_children,any,long_term,steady,monogamous,unsure,"[""weekend_day""]",no,moderate,no,"[""woman""]",observed,observed,observed,observed,observed,observed,observed,observed,observed,observed,observed,observed,observed,observed,observed,observed,observed,observed,0,0,0,0,0,0,0,0,0,0,0,0,0,0,0,0,0,0,"{""acceptable_zones"": [""zone_a"", ""zone_d""], ""age_max"": 46, ""age_min"": 33, ""conversations"": ""ideas"", ""emotional_availability"": ""taking_time"", ""has_children"": false, ""lifestyle"": ""mixed"", ""partner_children"": ""no_children"", ""partner_smoking"": ""any"", ""relationship_goal"": ""long_term"", ""relationship_pace"": ""steady"", ""relationship_structure"": ""monogamous"", ""relocate"": ""unsure"", ""schedule"": [""weekend_day""], ""smoking"": ""no"", ""space_for_relationship"": ""moderate"", ""wants_children"": ""no"", ""who_to_meet"": [""woman""]}","{""acceptable_zones"": ""observed"", ""age_max"": ""observed"", ""age_min"": ""observed"", ""conversations"": ""observed"", ""emotional_availability"": ""observed"", ""has_children"": ""observed"", ""lifestyle"": ""observed"", ""partner_children"": ""observed"", ""partner_smoking"": ""observed"", ""relationship_goal"": ""observed"", ""relationship_pace"": ""observed"", ""relationship_structure"": ""observed"", ""relocate"": ""observed"", ""schedule"": ""observed"", ""smoking"": ""observed"", ""space_for_relationship"": ""observed"", ""wants_children"": ""observed"", ""who_to_meet"": ""observed""}","{""acceptable_zones"": 0, ""age_max"": 0, ""age_min"": 0, ""conversations"": 0, ""emotional_availability"": 0, ""has_children"": 0, ""lifestyle"": 0, ""partner_children"": 0, ""partner_smoking"": 0, ""relationship_goal"": 0, ""relationship_pace"": 0, ""relationship_structure"": 0, ""relocate"": 0, ""schedule"": 0, ""smoking"": 0, ""space_for_relationship"": 0, ""wants_children"": 0, ""who_to_meet"": 0}"
syn_b8f0cd4732fcc1ff2d159d7072e30812,public_08,43,man,zone_c,True,synthetic_questionnaire,True,0,"[""zone_c""]",52,38,,,False,,no_children,any,,,monogamous,,"[""weekend_evening""]",no,,unsure,"[""woman""]",observed,observed,observed,not_asked,not_asked,observed,not_asked,observed,observed,not_asked,not_asked,observed,not_asked,observed,observed,not_asked,observed,observed,1,1,1,,,1,,1,1,,,1,,1,1,,1,1,"{""acceptable_zones"": [""zone_c""], ""age_max"": 52, ""age_min"": 38, ""conversations"": null, ""emotional_availability"": null, ""has_children"": false, ""lifestyle"": null, ""partner_children"": ""no_children"", ""partner_smoking"": ""any"", ""relationship_goal"": null, ""relationship_pace"": null, ""relationship_structure"": ""monogamous"", ""relocate"": null, ""schedule"": [""weekend_evening""], ""smoking"": ""no"", ""space_for_relationship"": null, ""wants_children"": ""unsure"", ""who_to_meet"": [""woman""]}","{""acceptable_zones"": ""observed"", ""age_max"": ""observed"", ""age_min"": ""observed"", ""conversations"": ""not_asked"", ""emotional_availability"": ""not_asked"", ""has_children"": ""observed"", ""lifestyle"": ""not_asked"", ""partner_children"": ""observed"", ""partner_smoking"": ""observed"", ""relationship_goal"": ""not_asked"", ""relationship_pace"": ""not_asked"", ""relationship_structure"": ""observed"", ""relocate"": ""not_asked"", ""schedule"": ""observed"", ""smoking"": ""observed"", ""space_for_relationship"": ""not_asked"", ""wants_children"": ""observed"", ""who_to_meet"": ""observed""}","{""acceptable_zones"": 1, ""age_max"": 1, ""age_min"": 1, ""conversations"": null, ""emotional_availability"": null, ""has_children"": 1, ""lifestyle"": null, ""partner_children"": 1, ""partner_smoking"": 1, ""relationship_goal"": null, ""relationship_pace"": null, ""relationship_structure"": 1, ""relocate"": null, ""schedule"": 1, ""smoking"": 1, ""space_for_relationship"": null, ""wants_children"": 1, ""who_to_meet"": 1}"
syn_cd5f026e7a1e6aa931fc5f43bde3d0ae,public_08,37,woman,zone_a,True,synthetic_questionnaire,True,0,,,,,ready,,,,,,,,,,,,,"[""man"", ""woman""]",not_asked,not_asked,not_asked,not_asked,observed,not_asked,not_asked,not_asked,not_asked,not_asked,not_asked,not_asked,not_asked,not_asked,declined,not_asked,not_asked,observed,,,,,0,,,,,,,,,,,,,0,"{""acceptable_zones"": null, ""age_max"": null, ""age_min"": null, ""conversations"": null, ""emotional_availability"": ""ready"", ""has_children"": null, ""lifestyle"": null, ""partner_children"": null, ""partner_smoking"": null, ""relationship_goal"": null, ""relationship_pace"": null, ""relationship_structure"": null, ""relocate"": null, ""schedule"": null, ""smoking"": null, ""space_for_relationship"": null, ""wants_children"": null, ""who_to_meet"": [""man"", ""woman""]}","{""acceptable_zones"": ""not_asked"", ""age_max"": ""not_asked"", ""age_min"": ""not_asked"", ""conversations"": ""not_asked"", ""emotional_availability"": ""observed"", ""has_children"": ""not_asked"", ""lifestyle"": ""not_asked"", ""partner_children"": ""not_asked"", ""partner_smoking"": ""not_asked"", ""relationship_goal"": ""not_asked"", ""relationship_pace"": ""not_asked"", ""relationship_structure"": ""not_asked"", ""relocate"": ""not_asked"", ""schedule"": ""not_asked"", ""smoking"": ""declined"", ""space_for_relationship"": ""not_asked"", ""wants_children"": ""not_asked"", ""who_to_meet"": ""observed""}","{""acceptable_zones"": null, ""age_max"": null, ""age_min"": null, ""conversations"": null, ""emotional_availability"": 0, ""has_children"": null, ""lifestyle"": null, ""partner_children"": null, ""partner_smoking"": null, ""relationship_goal"": null, ""relationship_pace"": null, ""relationship_structure"": null, ""relocate"": null, ""schedule"": null, ""smoking"": null, ""space_for_relationship"": null, ""wants_children"": null, ""who_to_meet"": 0}"
syn_8cce995176d98b8b6646897cf0f53a9d,public_08,37,man,zone_c,True,synthetic_questionnaire,True,0,,,,,ready,,,,,,,,,,no,,,,declined,not_asked,not_asked,not_asked,observed,not_asked,not_asked,not_asked,not_asked,not_asked,not_asked,not_asked,not_asked,not_asked,observed,not_asked,not_asked,not_asked,,,,,0,,,,,,,,,,0,,,,"{""acceptable_zones"": null, ""age_max"": null, ""age_min"": null, ""conversations"": null, ""emotional_availability"": ""ready"", ""has_children"": null, ""lifestyle"": null, ""partner_children"": null, ""partner_smoking"": null, ""relationship_goal"": null, ""relationship_pace"": null, ""relationship_structure"": null, ""relocate"": null, ""schedule"": null, ""smoking"": ""no"", ""space_for_relationship"": null, ""wants_children"": null, ""who_to_meet"": null}","{""acceptable_zones"": ""declined"", ""age_max"": ""not_asked"", ""age_min"": ""not_asked"", ""conversations"": ""not_asked"", ""emotional_availability"": ""observed"", ""has_children"": ""not_asked"", ""lifestyle"": ""not_asked"", ""partner_children"": ""not_asked"", ""partner_smoking"": ""not_asked"", ""relationship_goal"": ""not_asked"", ""relationship_pace"": ""not_asked"", ""relationship_structure"": ""not_asked"", ""relocate"": ""not_asked"", ""schedule"": ""not_asked"", ""smoking"": ""observed"", ""space_for_relationship"": ""not_asked"", ""wants_children"": ""not_asked"", ""who_to_meet"": ""not_asked""}","{""acceptable_zones"": null, ""age_max"": null, ""age_min"": null, ""conversations"": null, ""emotional_availability"": 0, ""has_children"": null, ""lifestyle"": null, ""partner_children"": null, ""partner_smoking"": null, ""relationship_goal"": null, ""relationship_pace"": null, ""relationship_structure"": null, ""relocate"": null, ""schedule"": null, ""smoking"": 0, ""space_for_relationship"": null, ""wants_children"": null, ""who_to_meet"": null}"
syn_e3d51d88f0ee0846012f3b2a14a103bf,public_08,34,man,zone_a,True,synthetic_questionnaire,True,0,,,,,taking_time,,,,,,slow,,,,,,,,not_asked,not_asked,not_asked,not_asked,observed,not_asked,not_asked,not_asked,not_asked,not_asked,observed,declined,not_asked,not_asked,not_asked,not_asked,not_asked,not_asked,,,,,0,,,,,,0,,,,,,,,"{""acceptable_zones"": null, ""age_max"": null, ""age_min"": null, ""conversations"": null, ""emotional_availability"": ""taking_time"", ""has_children"": null, ""lifestyle"": null, ""partner_children"": null, ""partner_smoking"": null, ""relationship_goal"": null, ""relationship_pace"": ""slow"", ""relationship_structure"": null, ""relocate"": null, ""schedule"": null, ""smoking"": null, ""space_for_relationship"": null, ""wants_children"": null, ""who_to_meet"": null}","{""acceptable_zones"": ""not_asked"", ""age_max"": ""not_asked"", ""age_min"": ""not_asked"", ""conversations"": ""not_asked"", ""emotional_availability"": ""observed"", ""has_children"": ""not_asked"", ""lifestyle"": ""not_asked"", ""partner_children"": ""not_asked"", ""partner_smoking"": ""not_asked"", ""relationship_goal"": ""not_asked"", ""relationship_pace"": ""observed"", ""relationship_structure"": ""declined"", ""relocate"": ""not_asked"", ""schedule"": ""not_asked"", ""smoking"": ""not_asked"", ""space_for_relationship"": ""not_asked"", ""wants_children"": ""not_asked"", ""who_to_meet"": ""not_asked""}","{""acceptable_zones"": null, ""age_max"": null, ""age_min"": null, ""conversations"": null, ""emotional_availability"": 0, ""has_children"": null, ""lifestyle"": null, ""partner_children"": null, ""partner_smoking"": null, ""relationship_goal"": null, ""relationship_pace"": 0, ""relationship_structure"": null, ""relocate"": null, ""schedule"": null, ""smoking"": null, ""space_for_relationship"": null, ""wants_children"": null, ""who_to_meet"": null}"
syn_1b66924385a0aad575019733a44f6d3e,public_08,23,woman,zone_a,True,synthetic_questionnaire,True,1,"[""zone_a""]",,,,,,social,,,,,,,,,,,,observed,not_asked,not_asked,declined,not_asked,not_asked,observed,not_asked,declined,not_asked,not_asked,not_asked,not_asked,not_asked,not_asked,not_asked,not_asked,not_asked,1,,,,,,1,,,,,,,,,,,,"{""acceptable_zones"": [""zone_a""], ""age_max"": null, ""age_min"": null, ""conversations"": null, ""emotional_availability"": null, ""has_children"": null, ""lifestyle"": ""social"", ""partner_children"": null, ""partner_smoking"": null, ""relationship_goal"": null, ""relationship_pace"": null, ""relationship_structure"": null, ""relocate"": null, ""schedule"": null, ""smoking"": null, ""space_for_relationship"": null, ""wants_children"": null, ""who_to_meet"": null}","{""acceptable_zones"": ""observed"", ""age_max"": ""not_asked"", ""age_min"": ""not_asked"", ""conversations"": ""declined"", ""emotional_availability"": ""not_asked"", ""has_children"": ""not_asked"", ""lifestyle"": ""observed"", ""partner_children"": ""not_asked"", ""partner_smoking"": ""declined"", ""relationship_goal"": ""not_asked"", ""relationship_pace"": ""not_asked"", ""relationship_structure"": ""not_asked"", ""relocate"": ""not_asked"", ""schedule"": ""not_asked"", ""smoking"": ""not_asked"", ""space_for_relationship"": ""not_asked"", ""wants_children"": ""not_asked"", ""who_to_meet"": ""not_asked""}","{""acceptable_zones"": 1, ""age_max"": null, ""age_min"": null, ""conversations"": null, ""emotional_availability"": null, ""has_children"": null, ""lifestyle"": 1, ""partner_children"": null, ""partner_smoking"": null, ""relationship_goal"": null, ""relationship_pace"": null, ""relationship_structure"": null, ""relocate"": null, ""schedule"": null, ""smoking"": null, ""space_for_relationship"": null, ""wants_children"": null, ""who_to_meet"": null}"
syn_a837e0319658e86fe58b2e5d519903e4,public_08,34,man,zone_a,True,synthetic_questionnaire,True,0,,44,,,,,,,,,,,,,,,,,not_asked,observed,not_asked,not_asked,not_asked,not_asked,not_asked,not_asked,declined,not_asked,not_asked,not_asked,not_asked,not_asked,not_asked,not_asked,not_asked,not_asked,,0,,,,,,,,,,,,,,,,,"{""acceptable_zones"": null, ""age_max"": 44, ""age_min"": null, ""conversations"": null, ""emotional_availability"": null, ""has_children"": null, ""lifestyle"": null, ""partner_children"": null, ""partner_smoking"": null, ""relationship_goal"": null, ""relationship_pace"": null, ""relationship_structure"": null, ""relocate"": null, ""schedule"": null, ""smoking"": null, ""space_for_relationship"": null, ""wants_children"": null, ""who_to_meet"": null}","{""acceptable_zones"": ""not_asked"", ""age_max"": ""observed"", ""age_min"": ""not_asked"", ""conversations"": ""not_asked"", ""emotional_availability"": ""not_asked"", ""has_children"": ""not_asked"", ""lifestyle"": ""not_asked"", ""partner_children"": ""not_asked"", ""partner_smoking"": ""declined"", ""relationship_goal"": ""not_asked"", ""relationship_pace"": ""not_asked"", ""relationship_structure"": ""not_asked"", ""relocate"": ""not_asked"", ""schedule"": ""not_asked"", ""smoking"": ""not_asked"", ""space_for_relationship"": ""not_asked"", ""wants_children"": ""not_asked"", ""who_to_meet"": ""not_asked""}","{""acceptable_zones"": null, ""age_max"": 0, ""age_min"": null, ""conversations"": null, ""emotional_availability"": null, ""has_children"": null, ""lifestyle"": null, ""partner_children"": null, ""partner_smoking"": null, ""relationship_goal"": null, ""relationship_pace"": null, ""relationship_structure"": null, ""relocate"": null, ""schedule"": null, ""smoking"": null, ""space_for_relationship"": null, ""wants_children"": null, ""who_to_meet"": null}"
syn_5f6c29836e0388e7c42b3d18e524a667,public_08,21,woman,zone_b,True,synthetic_questionnaire,True,9,"[""zone_b"", ""zone_c""]",24,18,stories,taking_time,False,mixed,any,any,long_term,steady,non_monogamous,no,"[""weekend_evening"", ""weekend_day""]",no,moderate,unsure,"[""man""]",observed,observed,observed,observed,observed,observed,observed,observed,observed,observed,observed,observed,observed,observed,observed,observed,observed,observed,9,9,9,9,9,9,9,9,9,9,9,9,9,9,9,9,9,9,"{""acceptable_zones"": [""zone_b"", ""zone_c""], ""age_max"": 24, ""age_min"": 18, ""conversations"": ""stories"", ""emotional_availability"": ""taking_time"", ""has_children"": false, ""lifestyle"": ""mixed"", ""partner_children"": ""any"", ""partner_smoking"": ""any"", ""relationship_goal"": ""long_term"", ""relationship_pace"": ""steady"", ""relationship_structure"": ""non_monogamous"", ""relocate"": ""no"", ""schedule"": [""weekend_evening"", ""weekend_day""], ""smoking"": ""no"", ""space_for_relationship"": ""moderate"", ""wants_children"": ""unsure"", ""who_to_meet"": [""man""]}","{""acceptable_zones"": ""observed"", ""age_max"": ""observed"", ""age_min"": ""observed"", ""conversations"": ""observed"", ""emotional_availability"": ""observed"", ""has_children"": ""observed"", ""lifestyle"": ""observed"", ""partner_children"": ""observed"", ""partner_smoking"": ""observed"", ""relationship_goal"": ""observed"", ""relationship_pace"": ""observed"", ""relationship_structure"": ""observed"", ""relocate"": ""observed"", ""schedule"": ""observed"", ""smoking"": ""observed"", ""space_for_relationship"": ""observed"", ""wants_children"": ""observed"", ""who_to_meet"": ""observed""}","{""acceptable_zones"": 9, ""age_max"": 9, ""age_min"": 9, ""conversations"": 9, ""emotional_availability"": 9, ""has_children"": 9, ""lifestyle"": 9, ""partner_children"": 9, ""partner_smoking"": 9, ""relationship_goal"": 9, ""relationship_pace"": 9, ""relationship_structure"": 9, ""relocate"": 9, ""schedule"": 9, ""smoking"": 9, ""space_for_relationship"": 9, ""wants_children"": 9, ""who_to_meet"": 9}"
syn_7d44ad51b3b123e8de3dee7e37f7f324,public_08,23,man,zone_b,True,synthetic_questionnaire,True,0,"[""zone_b""]",30,20,playful,ready,False,mixed,no_children,any,exploring,quick,non_monogamous,no,"[""weekday_evening"", ""weekend_day"", ""weekend_evening""]",occasionally,limited,yes,"[""man""]",observed,observed,observed,observed,observed,observed,observed,observed,observed,observed,observed,observed,observed,observed,observed,observed,observed,observed,0,0,0,0,0,0,0,0,0,0,0,0,0,0,0,0,0,0,"{""acceptable_zones"": [""zone_b""], ""age_max"": 30, ""age_min"": 20, ""conversations"": ""playful"", ""emotional_availability"": ""ready"", ""has_children"": false, ""lifestyle"": ""mixed"", ""partner_children"": ""no_children"", ""partner_smoking"": ""any"", ""relationship_goal"": ""exploring"", ""relationship_pace"": ""quick"", ""relationship_structure"": ""non_monogamous"", ""relocate"": ""no"", ""schedule"": [""weekday_evening"", ""weekend_day"", ""weekend_evening""], ""smoking"": ""occasionally"", ""space_for_relationship"": ""limited"", ""wants_children"": ""yes"", ""who_to_meet"": [""man""]}","{""acceptable_zones"": ""observed"", ""age_max"": ""observed"", ""age_min"": ""observed"", ""conversations"": ""observed"", ""emotional_availability"": ""observed"", ""has_children"": ""observed"", ""lifestyle"": ""observed"", ""partner_children"": ""observed"", ""partner_smoking"": ""observed"", ""relationship_goal"": ""observed"", ""relationship_pace"": ""observed"", ""relationship_structure"": ""observed"", ""relocate"": ""observed"", ""schedule"": ""observed"", ""smoking"": ""observed"", ""space_for_relationship"": ""observed"", ""wants_children"": ""observed"", ""who_to_meet"": ""observed""}","{""acceptable_zones"": 0, ""age_max"": 0, ""age_min"": 0, ""conversations"": 0, ""emotional_availability"": 0, ""has_children"": 0, ""lifestyle"": 0, ""partner_children"": 0, ""partner_smoking"": 0, ""relationship_goal"": 0, ""relationship_pace"": 0, ""relationship_structure"": 0, ""relocate"": 0, ""schedule"": 0, ""smoking"": 0, ""space_for_relationship"": 0, ""wants_children"": 0, ""who_to_meet"": 0}"
syn_91edf82d6d948fc6b9255a86bd065059,public_08,35,woman,zone_a,True,synthetic_questionnaire,True,7,"[""zone_a""]",45,29,stories,taking_time,False,mixed,any,any,exploring,slow,monogamous,unsure,"[""weekend_day""]",occasionally,limited,yes,"[""woman""]",observed,observed,observed,observed,observed,observed,observed,observed,observed,observed,observed,observed,observed,observed,observed,observed,observed,observed,7,7,7,7,7,7,7,7,7,7,7,7,7,7,7,7,7,7,"{""acceptable_zones"": [""zone_a""], ""age_max"": 45, ""age_min"": 29, ""conversations"": ""stories"", ""emotional_availability"": ""taking_time"", ""has_children"": false, ""lifestyle"": ""mixed"", ""partner_children"": ""any"", ""partner_smoking"": ""any"", ""relationship_goal"": ""exploring"", ""relationship_pace"": ""slow"", ""relationship_structure"": ""monogamous"", ""relocate"": ""unsure"", ""schedule"": [""weekend_day""], ""smoking"": ""occasionally"", ""space_for_relationship"": ""limited"", ""wants_children"": ""yes"", ""who_to_meet"": [""woman""]}","{""acceptable_zones"": ""observed"", ""age_max"": ""observed"", ""age_min"": ""observed"", ""conversations"": ""observed"", ""emotional_availability"": ""observed"", ""has_children"": ""observed"", ""lifestyle"": ""observed"", ""partner_children"": ""observed"", ""partner_smoking"": ""observed"", ""relationship_goal"": ""observed"", ""relationship_pace"": ""observed"", ""relationship_structure"": ""observed"", ""relocate"": ""observed"", ""schedule"": ""observed"", ""smoking"": ""observed"", ""space_for_relationship"": ""observed"", ""wants_children"": ""observed"", ""who_to_meet"": ""observed""}","{""acceptable_zones"": 7, ""age_max"": 7, ""age_min"": 7, ""conversations"": 7, ""emotional_availability"": 7, ""has_children"": 7, ""lifestyle"": 7, ""partner_children"": 7, ""partner_smoking"": 7, ""relationship_goal"": 7, ""relationship_pace"": 7, ""relationship_structure"": 7, ""relocate"": 7, ""schedule"": 7, ""smoking"": 7, ""space_for_relationship"": 7, ""wants_children"": 7, ""who_to_meet"": 7}"
syn_6cf57c56271909b318b18e5932b3f2c7,public_08,25,man,zone_d,True,synthetic_questionnaire,True,7,"[""zone_d""]",28,18,,,False,mixed,no_children,any,,steady,monogamous,,"[""weekend_day"", ""weekend_evening""]",no,,no,"[""non_binary""]",observed,observed,observed,not_asked,not_asked,observed,observed,observed,observed,not_asked,observed,observed,not_asked,observed,observed,not_asked,observed,observed,7,7,7,,,7,7,7,7,,7,7,,7,7,,7,7,"{""acceptable_zones"": [""zone_d""], ""age_max"": 28, ""age_min"": 18, ""conversations"": null, ""emotional_availability"": null, ""has_children"": false, ""lifestyle"": ""mixed"", ""partner_children"": ""no_children"", ""partner_smoking"": ""any"", ""relationship_goal"": null, ""relationship_pace"": ""steady"", ""relationship_structure"": ""monogamous"", ""relocate"": null, ""schedule"": [""weekend_day"", ""weekend_evening""], ""smoking"": ""no"", ""space_for_relationship"": null, ""wants_children"": ""no"", ""who_to_meet"": [""non_binary""]}","{""acceptable_zones"": ""observed"", ""age_max"": ""observed"", ""age_min"": ""observed"", ""conversations"": ""not_asked"", ""emotional_availability"": ""not_asked"", ""has_children"": ""observed"", ""lifestyle"": ""observed"", ""partner_children"": ""observed"", ""partner_smoking"": ""observed"", ""relationship_goal"": ""not_asked"", ""relationship_pace"": ""observed"", ""relationship_structure"": ""observed"", ""relocate"": ""not_asked"", ""schedule"": ""observed"", ""smoking"": ""observed"", ""space_for_relationship"": ""not_asked"", ""wants_children"": ""observed"", ""who_to_meet"": ""observed""}","{""acceptable_zones"": 7, ""age_max"": 7, ""age_min"": 7, ""conversations"": null, ""emotional_availability"": null, ""has_children"": 7, ""lifestyle"": 7, ""partner_children"": 7, ""partner_smoking"": 7, ""relationship_goal"": null, ""relationship_pace"": 7, ""relationship_structure"": 7, ""relocate"": null, ""schedule"": 7, ""smoking"": 7, ""space_for_relationship"": null, ""wants_children"": 7, ""who_to_meet"": 7}"
syn_845542023752fea3e0a95d952278eabf,public_08,21,woman,zone_a,False,synthetic_questionnaire,True,0,"[""zone_a""]",29,18,practical,ready,False,mixed,any,any,long_term,steady,monogamous,unsure,"[""weekend_evening"", ""weekday_evening"", ""weekend_day""]",no,ample,unsure,"[""woman""]",observed,observed,observed,observed,observed,observed,observed,observed,observed,observed,observed,observed,observed,observed,observed,observed,observed,observed,0,0,0,0,0,0,0,0,0,0,0,0,0,0,0,0,0,0,"{""acceptable_zones"": [""zone_a""], ""age_max"": 29, ""age_min"": 18, ""conversations"": ""practical"", ""emotional_availability"": ""ready"", ""has_children"": false, ""lifestyle"": ""mixed"", ""partner_children"": ""any"", ""partner_smoking"": ""any"", ""relationship_goal"": ""long_term"", ""relationship_pace"": ""steady"", ""relationship_structure"": ""monogamous"", ""relocate"": ""unsure"", ""schedule"": [""weekend_evening"", ""weekday_evening"", ""weekend_day""], ""smoking"": ""no"", ""space_for_relationship"": ""ample"", ""wants_children"": ""unsure"", ""who_to_meet"": [""woman""]}","{""acceptable_zones"": ""observed"", ""age_max"": ""observed"", ""age_min"": ""observed"", ""conversations"": ""observed"", ""emotional_availability"": ""observed"", ""has_children"": ""observed"", ""lifestyle"": ""observed"", ""partner_children"": ""observed"", ""partner_smoking"": ""observed"", ""relationship_goal"": ""observed"", ""relationship_pace"": ""observed"", ""relationship_structure"": ""observed"", ""relocate"": ""observed"", ""schedule"": ""observed"", ""smoking"": ""observed"", ""space_for_relationship"": ""observed"", ""wants_children"": ""observed"", ""who_to_meet"": ""observed""}","{""acceptable_zones"": 0, ""age_max"": 0, ""age_min"": 0, ""conversations"": 0, ""emotional_availability"": 0, ""has_children"": 0, ""lifestyle"": 0, ""partner_children"": 0, ""partner_smoking"": 0, ""relationship_goal"": 0, ""relationship_pace"": 0, ""relationship_structure"": 0, ""relocate"": 0, ""schedule"": 0, ""smoking"": 0, ""space_for_relationship"": 0, ""wants_children"": 0, ""who_to_meet"": 0}"
syn_27dd499b3303858a0bfb437016a44d31,public_08,41,woman,zone_a,True,synthetic_questionnaire,True,16,,,,,,,,no_children,,exploring,,,,,,,,,not_asked,declined,not_asked,not_asked,not_asked,not_asked,not_asked,observed,not_asked,observed,not_asked,not_asked,not_asked,not_asked,not_asked,not_asked,not_asked,not_asked,,,,,,,,16,,16,,,,,,,,,"{""acceptable_zones"": null, ""age_max"": null, ""age_min"": null, ""conversations"": null, ""emotional_availability"": null, ""has_children"": null, ""lifestyle"": null, ""partner_children"": ""no_children"", ""partner_smoking"": null, ""relationship_goal"": ""exploring"", ""relationship_pace"": null, ""relationship_structure"": null, ""relocate"": null, ""schedule"": null, ""smoking"": null, ""space_for_relationship"": null, ""wants_children"": null, ""who_to_meet"": null}","{""acceptable_zones"": ""not_asked"", ""age_max"": ""declined"", ""age_min"": ""not_asked"", ""conversations"": ""not_asked"", ""emotional_availability"": ""not_asked"", ""has_children"": ""not_asked"", ""lifestyle"": ""not_asked"", ""partner_children"": ""observed"", ""partner_smoking"": ""not_asked"", ""relationship_goal"": ""observed"", ""relationship_pace"": ""not_asked"", ""relationship_structure"": ""not_asked"", ""relocate"": ""not_asked"", ""schedule"": ""not_asked"", ""smoking"": ""not_asked"", ""space_for_relationship"": ""not_asked"", ""wants_children"": ""not_asked"", ""who_to_meet"": ""not_asked""}","{""acceptable_zones"": null, ""age_max"": null, ""age_min"": null, ""conversations"": null, ""emotional_availability"": null, ""has_children"": null, ""lifestyle"": null, ""partner_children"": 16, ""partner_smoking"": null, ""relationship_goal"": 16, ""relationship_pace"": null, ""relationship_structure"": null, ""relocate"": null, ""schedule"": null, ""smoking"": null, ""space_for_relationship"": null, ""wants_children"": null, ""who_to_meet"": null}"
syn_ca316cba7509bebf3cf26dca97244104,public_08,42,man,zone_c,True,synthetic_questionnaire,True,13,"[""zone_c""]",50,33,ideas,ready,False,mixed,any,any,exploring,steady,monogamous,yes,"[""weekend_evening"", ""weekday_evening""]",no,moderate,unsure,"[""woman""]",observed,observed,observed,observed,observed,observed,observed,observed,observed,observed,observed,observed,observed,observed,observed,observed,observed,observed,13,13,13,13,13,13,13,13,13,13,13,13,13,13,13,13,13,13,"{""acceptable_zones"": [""zone_c""], ""age_max"": 50, ""age_min"": 33, ""conversations"": ""ideas"", ""emotional_availability"": ""ready"", ""has_children"": false, ""lifestyle"": ""mixed"", ""partner_children"": ""any"", ""partner_smoking"": ""any"", ""relationship_goal"": ""exploring"", ""relationship_pace"": ""steady"", ""relationship_structure"": ""monogamous"", ""relocate"": ""yes"", ""schedule"": [""weekend_evening"", ""weekday_evening""], ""smoking"": ""no"", ""space_for_relationship"": ""moderate"", ""wants_children"": ""unsure"", ""who_to_meet"": [""woman""]}","{""acceptable_zones"": ""observed"", ""age_max"": ""observed"", ""age_min"": ""observed"", ""conversations"": ""observed"", ""emotional_availability"": ""observed"", ""has_children"": ""observed"", ""lifestyle"": ""observed"", ""partner_children"": ""observed"", ""partner_smoking"": ""observed"", ""relationship_goal"": ""observed"", ""relationship_pace"": ""observed"", ""relationship_structure"": ""observed"", ""relocate"": ""observed"", ""schedule"": ""observed"", ""smoking"": ""observed"", ""space_for_relationship"": ""observed"", ""wants_children"": ""observed"", ""who_to_meet"": ""observed""}","{""acceptable_zones"": 13, ""age_max"": 13, ""age_min"": 13, ""conversations"": 13, ""emotional_availability"": 13, ""has_children"": 13, ""lifestyle"": 13, ""partner_children"": 13, ""partner_smoking"": 13, ""relationship_goal"": 13, ""relationship_pace"": 13, ""relationship_structure"": 13, ""relocate"": 13, ""schedule"": 13, ""smoking"": 13, ""space_for_relationship"": 13, ""wants_children"": 13, ""who_to_meet"": 13}"
syn_3c07c75bfaca888c574a485e5ca7fce0,public_08,24,woman,zone_a,False,synthetic_questionnaire,True,0,"[""zone_a""]",33,18,,,False,,no_children,no_smoking,,,monogamous,,"[""weekday_evening"", ""weekend_day"", ""weekend_evening""]",no,,no,"[""man"", ""woman""]",observed,observed,observed,not_asked,not_asked,observed,not_asked,observed,observed,not_asked,not_asked,observed,not_asked,observed,observed,not_asked,observed,observed,2,2,2,,,2,,2,2,,,2,,2,2,,2,2,"{""acceptable_zones"": [""zone_a""], ""age_max"": 33, ""age_min"": 18, ""conversations"": null, ""emotional_availability"": null, ""has_children"": false, ""lifestyle"": null, ""partner_children"": ""no_children"", ""partner_smoking"": ""no_smoking"", ""relationship_goal"": null, ""relationship_pace"": null, ""relationship_structure"": ""monogamous"", ""relocate"": null, ""schedule"": [""weekday_evening"", ""weekend_day"", ""weekend_evening""], ""smoking"": ""no"", ""space_for_relationship"": null, ""wants_children"": ""no"", ""who_to_meet"": [""man"", ""woman""]}","{""acceptable_zones"": ""observed"", ""age_max"": ""observed"", ""age_min"": ""observed"", ""conversations"": ""not_asked"", ""emotional_availability"": ""not_asked"", ""has_children"": ""observed"", ""lifestyle"": ""not_asked"", ""partner_children"": ""observed"", ""partner_smoking"": ""observed"", ""relationship_goal"": ""not_asked"", ""relationship_pace"": ""not_asked"", ""relationship_structure"": ""observed"", ""relocate"": ""not_asked"", ""schedule"": ""observed"", ""smoking"": ""observed"", ""space_for_relationship"": ""not_asked"", ""wants_children"": ""observed"", ""who_to_meet"": ""observed""}","{""acceptable_zones"": 2, ""age_max"": 2, ""age_min"": 2, ""conversations"": null, ""emotional_availability"": null, ""has_children"": 2, ""lifestyle"": null, ""partner_children"": 2, ""partner_smoking"": 2, ""relationship_goal"": null, ""relationship_pace"": null, ""relationship_structure"": 2, ""relocate"": null, ""schedule"": 2, ""smoking"": 2, ""space_for_relationship"": null, ""wants_children"": 2, ""who_to_meet"": 2}"
syn_aee99d2c1c02c3ef180feb8da75f2519,public_08,41,man,zone_a,True,synthetic_questionnaire,True,11,,,,,,,,,,,,,,,,moderate,yes,,declined,not_asked,not_asked,declined,not_asked,not_asked,not_asked,not_asked,not_asked,not_asked,not_asked,not_asked,declined,not_asked,not_asked,observed,observed,not_asked,,,,,,,,,,,,,,,,11,11,,"{""acceptable_zones"": null, ""age_max"": null, ""age_min"": null, ""conversations"": null, ""emotional_availability"": null, ""has_children"": null, ""lifestyle"": null, ""partner_children"": null, ""partner_smoking"": null, ""relationship_goal"": null, ""relationship_pace"": null, ""relationship_structure"": null, ""relocate"": null, ""schedule"": null, ""smoking"": null, ""space_for_relationship"": ""moderate"", ""wants_children"": ""yes"", ""who_to_meet"": null}","{""acceptable_zones"": ""declined"", ""age_max"": ""not_asked"", ""age_min"": ""not_asked"", ""conversations"": ""declined"", ""emotional_availability"": ""not_asked"", ""has_children"": ""not_asked"", ""lifestyle"": ""not_asked"", ""partner_children"": ""not_asked"", ""partner_smoking"": ""not_asked"", ""relationship_goal"": ""not_asked"", ""relationship_pace"": ""not_asked"", ""relationship_structure"": ""not_asked"", ""relocate"": ""declined"", ""schedule"": ""not_asked"", ""smoking"": ""not_asked"", ""space_for_relationship"": ""observed"", ""wants_children"": ""observed"", ""who_to_meet"": ""not_asked""}","{""acceptable_zones"": null, ""age_max"": null, ""age_min"": null, ""conversations"": null, ""emotional_availability"": null, ""has_children"": null, ""lifestyle"": null, ""partner_children"": null, ""partner_smoking"": null, ""relationship_goal"": null, ""relationship_pace"": null, ""relationship_structure"": null, ""relocate"": null, ""schedule"": null, ""smoking"": null, ""space_for_relationship"": 11, ""wants_children"": 11, ""who_to_meet"": null}"
syn_36c1018b3e565107e4781665ebe460c3,public_08,31,man,zone_a,True,synthetic_questionnaire,True,0,,,,,,,,,any,long_term,,,,,,,,,not_asked,not_asked,not_asked,not_asked,not_asked,not_asked,not_asked,not_asked,observed,observed,not_asked,declined,not_asked,not_asked,not_asked,declined,not_asked,not_asked,,,,,,,,,0,0,,,,,,,,,"{""acceptable_zones"": null, ""age_max"": null, ""age_min"": null, ""conversations"": null, ""emotional_availability"": null, ""has_children"": null, ""lifestyle"": null, ""partner_children"": null, ""partner_smoking"": ""any"", ""relationship_goal"": ""long_term"", ""relationship_pace"": null, ""relationship_structure"": null, ""relocate"": null, ""schedule"": null, ""smoking"": null, ""space_for_relationship"": null, ""wants_children"": null, ""who_to_meet"": null}","{""acceptable_zones"": ""not_asked"", ""age_max"": ""not_asked"", ""age_min"": ""not_asked"", ""conversations"": ""not_asked"", ""emotional_availability"": ""not_asked"", ""has_children"": ""not_asked"", ""lifestyle"": ""not_asked"", ""partner_children"": ""not_asked"", ""partner_smoking"": ""observed"", ""relationship_goal"": ""observed"", ""relationship_pace"": ""not_asked"", ""relationship_structure"": ""declined"", ""relocate"": ""not_asked"", ""schedule"": ""not_asked"", ""smoking"": ""not_asked"", ""space_for_relationship"": ""declined"", ""wants_children"": ""not_asked"", ""who_to_meet"": ""not_asked""}","{""acceptable_zones"": null, ""age_max"": null, ""age_min"": null, ""conversations"": null, ""emotional_availability"": null, ""has_children"": null, ""lifestyle"": null, ""partner_children"": null, ""partner_smoking"": 0, ""relationship_goal"": 0, ""relationship_pace"": null, ""relationship_structure"": null, ""relocate"": null, ""schedule"": null, ""smoking"": null, ""space_for_relationship"": null, ""wants_children"": null, ""who_to_meet"": null}"
syn_88c3fcf0670ae03b6a7e1df45928a0e0,public_08,42,man,zone_b,True,synthetic_questionnaire,True,0,,,,,taking_time,,,,,,steady,monogamous,,,,,,,not_asked,declined,not_asked,not_asked,observed,not_asked,not_asked,not_asked,not_asked,not_asked,observed,observed,not_asked,not_asked,not_asked,not_asked,not_asked,not_asked,,,,,0,,,,,,0,0,,,,,,,"{""acceptable_zones"": null, ""age_max"": null, ""age_min"": null, ""conversations"": null, ""emotional_availability"": ""taking_time"", ""has_children"": null, ""lifestyle"": null, ""partner_children"": null, ""partner_smoking"": null, ""relationship_goal"": null, ""relationship_pace"": ""steady"", ""relationship_structure"": ""monogamous"", ""relocate"": null, ""schedule"": null, ""smoking"": null, ""space_for_relationship"": null, ""wants_children"": null, ""who_to_meet"": null}","{""acceptable_zones"": ""not_asked"", ""age_max"": ""declined"", ""age_min"": ""not_asked"", ""conversations"": ""not_asked"", ""emotional_availability"": ""observed"", ""has_children"": ""not_asked"", ""lifestyle"": ""not_asked"", ""partner_children"": ""not_asked"", ""partner_smoking"": ""not_asked"", ""relationship_goal"": ""not_asked"", ""relationship_pace"": ""observed"", ""relationship_structure"": ""observed"", ""relocate"": ""not_asked"", ""schedule"": ""not_asked"", ""smoking"": ""not_asked"", ""space_for_relationship"": ""not_asked"", ""wants_children"": ""not_asked"", ""who_to_meet"": ""not_asked""}","{""acceptable_zones"": null, ""age_max"": null, ""age_min"": null, ""conversations"": null, ""emotional_availability"": 0, ""has_children"": null, ""lifestyle"": null, ""partner_children"": null, ""partner_smoking"": null, ""relationship_goal"": null, ""relationship_pace"": 0, ""relationship_structure"": 0, ""relocate"": null, ""schedule"": null, ""smoking"": null, ""space_for_relationship"": null, ""wants_children"": null, ""who_to_meet"": null}"
syn_ed6982cbc86b0053b5189c674b8c7b83,public_08,21,man,zone_a,True,synthetic_questionnaire,True,20,"[""zone_a""]",25,18,practical,taking_time,False,mixed,any,no_smoking,exploring,steady,monogamous,yes,"[""weekend_day""]",no,ample,unsure,"[""man""]",observed,observed,observed,observed,observed,observed,observed,observed,observed,observed,observed,observed,observed,observed,observed,observed,observed,observed,20,20,20,20,20,20,20,20,20,20,20,20,20,20,20,20,20,20,"{""acceptable_zones"": [""zone_a""], ""age_max"": 25, ""age_min"": 18, ""conversations"": ""practical"", ""emotional_availability"": ""taking_time"", ""has_children"": false, ""lifestyle"": ""mixed"", ""partner_children"": ""any"", ""partner_smoking"": ""no_smoking"", ""relationship_goal"": ""exploring"", ""relationship_pace"": ""steady"", ""relationship_structure"": ""monogamous"", ""relocate"": ""yes"", ""schedule"": [""weekend_day""], ""smoking"": ""no"", ""space_for_relationship"": ""ample"", ""wants_children"": ""unsure"", ""who_to_meet"": [""man""]}","{""acceptable_zones"": ""observed"", ""age_max"": ""observed"", ""age_min"": ""observed"", ""conversations"": ""observed"", ""emotional_availability"": ""observed"", ""has_children"": ""observed"", ""lifestyle"": ""observed"", ""partner_children"": ""observed"", ""partner_smoking"": ""observed"", ""relationship_goal"": ""observed"", ""relationship_pace"": ""observed"", ""relationship_structure"": ""observed"", ""relocate"": ""observed"", ""schedule"": ""observed"", ""smoking"": ""observed"", ""space_for_relationship"": ""observed"", ""wants_children"": ""observed"", ""who_to_meet"": ""observed""}","{""acceptable_zones"": 20, ""age_max"": 20, ""age_min"": 20, ""conversations"": 20, ""emotional_availability"": 20, ""has_children"": 20, ""lifestyle"": 20, ""partner_children"": 20, ""partner_smoking"": 20, ""relationship_goal"": 20, ""relationship_pace"": 20, ""relationship_structure"": 20, ""relocate"": 20, ""schedule"": 20, ""smoking"": 20, ""space_for_relationship"": 20, ""wants_children"": 20, ""who_to_meet"": 20}"
syn_b0939bf25de9cb7f28a16f000d721d1c,public_08,28,man,zone_c,True,synthetic_questionnaire,True,0,"[""zone_c"", ""zone_d""]",38,18,ideas,ready,False,social,any,any,long_term,steady,non_monogamous,unsure,"[""weekend_evening"", ""weekday_evening""]",no,limited,no,"[""man"", ""woman""]",observed,observed,observed,observed,observed,observed,observed,observed,observed,observed,observed,observed,observed,observed,observed,observed,observed,observed,0,0,0,0,0,0,0,0,0,0,0,0,0,0,0,0,0,0,"{""acceptable_zones"": [""zone_c"", ""zone_d""], ""age_max"": 38, ""age_min"": 18, ""conversations"": ""ideas"", ""emotional_availability"": ""ready"", ""has_children"": false, ""lifestyle"": ""social"", ""partner_children"": ""any"", ""partner_smoking"": ""any"", ""relationship_goal"": ""long_term"", ""relationship_pace"": ""steady"", ""relationship_structure"": ""non_monogamous"", ""relocate"": ""unsure"", ""schedule"": [""weekend_evening"", ""weekday_evening""], ""smoking"": ""no"", ""space_for_relationship"": ""limited"", ""wants_children"": ""no"", ""who_to_meet"": [""man"", ""woman""]}","{""acceptable_zones"": ""observed"", ""age_max"": ""observed"", ""age_min"": ""observed"", ""conversations"": ""observed"", ""emotional_availability"": ""observed"", ""has_children"": ""observed"", ""lifestyle"": ""observed"", ""partner_children"": ""observed"", ""partner_smoking"": ""observed"", ""relationship_goal"": ""observed"", ""relationship_pace"": ""observed"", ""relationship_structure"": ""observed"", ""relocate"": ""observed"", ""schedule"": ""observed"", ""smoking"": ""observed"", ""space_for_relationship"": ""observed"", ""wants_children"": ""observed"", ""who_to_meet"": ""observed""}","{""acceptable_zones"": 0, ""age_max"": 0, ""age_min"": 0, ""conversations"": 0, ""emotional_availability"": 0, ""has_children"": 0, ""lifestyle"": 0, ""partner_children"": 0, ""partner_smoking"": 0, ""relationship_goal"": 0, ""relationship_pace"": 0, ""relationship_structure"": 0, ""relocate"": 0, ""schedule"": 0, ""smoking"": 0, ""space_for_relationship"": 0, ""wants_children"": 0, ""who_to_meet"": 0}"
syn_9f450b3d28fe8338f79bf097860016eb,public_08,36,woman,zone_b,True,synthetic_questionnaire,True,0,"[""zone_b""]",39,29,,ready,True,,no_children,no_smoking,,,monogamous,,"[""weekday_evening""]",occasionally,,no,"[""woman""]",observed,observed,observed,not_asked,observed,observed,not_asked,observed,observed,not_asked,not_asked,observed,not_asked,observed,observed,not_asked,observed,observed,2,2,2,,0,2,,2,2,,,2,,2,2,,2,2,"{""acceptable_zones"": [""zone_b""], ""age_max"": 39, ""age_min"": 29, ""conversations"": null, ""emotional_availability"": ""ready"", ""has_children"": true, ""lifestyle"": null, ""partner_children"": ""no_children"", ""partner_smoking"": ""no_smoking"", ""relationship_goal"": null, ""relationship_pace"": null, ""relationship_structure"": ""monogamous"", ""relocate"": null, ""schedule"": [""weekday_evening""], ""smoking"": ""occasionally"", ""space_for_relationship"": null, ""wants_children"": ""no"", ""who_to_meet"": [""woman""]}","{""acceptable_zones"": ""observed"", ""age_max"": ""observed"", ""age_min"": ""observed"", ""conversations"": ""not_asked"", ""emotional_availability"": ""observed"", ""has_children"": ""observed"", ""lifestyle"": ""not_asked"", ""partner_children"": ""observed"", ""partner_smoking"": ""observed"", ""relationship_goal"": ""not_asked"", ""relationship_pace"": ""not_asked"", ""relationship_structure"": ""observed"", ""relocate"": ""not_asked"", ""schedule"": ""observed"", ""smoking"": ""observed"", ""space_for_relationship"": ""not_asked"", ""wants_children"": ""observed"", ""who_to_meet"": ""observed""}","{""acceptable_zones"": 2, ""age_max"": 2, ""age_min"": 2, ""conversations"": null, ""emotional_availability"": 0, ""has_children"": 2, ""lifestyle"": null, ""partner_children"": 2, ""partner_smoking"": 2, ""relationship_goal"": null, ""relationship_pace"": null, ""relationship_structure"": 2, ""relocate"": null, ""schedule"": 2, ""smoking"": 2, ""space_for_relationship"": null, ""wants_children"": 2, ""who_to_meet"": 2}"
syn_69eda2f4f8f85d6d4e53872801876cd8,public_08,33,man,zone_a,True,synthetic_questionnaire,True,0,,,,,,False,,,,,,,,,,,,,declined,not_asked,not_asked,not_asked,not_asked,observed,not_asked,not_asked,not_asked,not_asked,not_asked,not_asked,declined,not_asked,not_asked,not_asked,not_asked,not_asked,,,,,,0,,,,,,,,,,,,,"{""acceptable_zones"": null, ""age_max"": null, ""age_min"": null, ""conversations"": null, ""emotional_availability"": null, ""has_children"": false, ""lifestyle"": null, ""partner_children"": null, ""partner_smoking"": null, ""relationship_goal"": null, ""relationship_pace"": null, ""relationship_structure"": null, ""relocate"": null, ""schedule"": null, ""smoking"": null, ""space_for_relationship"": null, ""wants_children"": null, ""who_to_meet"": null}","{""acceptable_zones"": ""declined"", ""age_max"": ""not_asked"", ""age_min"": ""not_asked"", ""conversations"": ""not_asked"", ""emotional_availability"": ""not_asked"", ""has_children"": ""observed"", ""lifestyle"": ""not_asked"", ""partner_children"": ""not_asked"", ""partner_smoking"": ""not_asked"", ""relationship_goal"": ""not_asked"", ""relationship_pace"": ""not_asked"", ""relationship_structure"": ""not_asked"", ""relocate"": ""declined"", ""schedule"": ""not_asked"", ""smoking"": ""not_asked"", ""space_for_relationship"": ""not_asked"", ""wants_children"": ""not_asked"", ""who_to_meet"": ""not_asked""}","{""acceptable_zones"": null, ""age_max"": null, ""age_min"": null, ""conversations"": null, ""emotional_availability"": null, ""has_children"": 0, ""lifestyle"": null, ""partner_children"": null, ""partner_smoking"": null, ""relationship_goal"": null, ""relationship_pace"": null, ""relationship_structure"": null, ""relocate"": null, ""schedule"": null, ""smoking"": null, ""space_for_relationship"": null, ""wants_children"": null, ""who_to_meet"": null}"
syn_4ed80ff87af81574909dec319319211f,public_08,37,man,zone_a,False,synthetic_questionnaire,True,0,,,28,,,,,,no_smoking,,,,yes,,,,,"[""woman""]",not_asked,not_asked,observed,not_asked,not_asked,not_asked,not_asked,not_asked,observed,not_asked,not_asked,not_asked,observed,declined,not_asked,not_asked,not_asked,observed,,,0,,,,,,0,,,,0,,,,,0,"{""acceptable_zones"": null, ""age_max"": null, ""age_min"": 28, ""conversations"": null, ""emotional_availability"": null, ""has_children"": null, ""lifestyle"": null, ""partner_children"": null, ""partner_smoking"": ""no_smoking"", ""relationship_goal"": null, ""relationship_pace"": null, ""relationship_structure"": null, ""relocate"": ""yes"", ""schedule"": null, ""smoking"": null, ""space_for_relationship"": null, ""wants_children"": null, ""who_to_meet"": [""woman""]}","{""acceptable_zones"": ""not_asked"", ""age_max"": ""not_asked"", ""age_min"": ""observed"", ""conversations"": ""not_asked"", ""emotional_availability"": ""not_asked"", ""has_children"": ""not_asked"", ""lifestyle"": ""not_asked"", ""partner_children"": ""not_asked"", ""partner_smoking"": ""observed"", ""relationship_goal"": ""not_asked"", ""relationship_pace"": ""not_asked"", ""relationship_structure"": ""not_asked"", ""relocate"": ""observed"", ""schedule"": ""declined"", ""smoking"": ""not_asked"", ""space_for_relationship"": ""not_asked"", ""wants_children"": ""not_asked"", ""who_to_meet"": ""observed""}","{""acceptable_zones"": null, ""age_max"": null, ""age_min"": 0, ""conversations"": null, ""emotional_availability"": null, ""has_children"": null, ""lifestyle"": null, ""partner_children"": null, ""partner_smoking"": 0, ""relationship_goal"": null, ""relationship_pace"": null, ""relationship_structure"": null, ""relocate"": 0, ""schedule"": null, ""smoking"": null, ""space_for_relationship"": null, ""wants_children"": null, ""who_to_meet"": 0}"
syn_7b9bf24e279dde6ac438d28af1182c64,public_08,33,man,zone_b,True,synthetic_questionnaire,True,0,"[""zone_b"", ""zone_d""]",38,29,playful,taking_time,False,mixed,no_children,any,long_term,slow,monogamous,unsure,"[""weekday_evening""]",no,limited,no,"[""non_binary"", ""woman"", ""man""]",observed,observed,observed,observed,observed,observed,observed,observed,observed,observed,observed,observed,observed,observed,observed,observed,observed,observed,0,0,0,0,0,0,0,0,0,0,0,0,0,0,0,0,0,0,"{""acceptable_zones"": [""zone_b"", ""zone_d""], ""age_max"": 38, ""age_min"": 29, ""conversations"": ""playful"", ""emotional_availability"": ""taking_time"", ""has_children"": false, ""lifestyle"": ""mixed"", ""partner_children"": ""no_children"", ""partner_smoking"": ""any"", ""relationship_goal"": ""long_term"", ""relationship_pace"": ""slow"", ""relationship_structure"": ""monogamous"", ""relocate"": ""unsure"", ""schedule"": [""weekday_evening""], ""smoking"": ""no"", ""space_for_relationship"": ""limited"", ""wants_children"": ""no"", ""who_to_meet"": [""non_binary"", ""woman"", ""man""]}","{""acceptable_zones"": ""observed"", ""age_max"": ""observed"", ""age_min"": ""observed"", ""conversations"": ""observed"", ""emotional_availability"": ""observed"", ""has_children"": ""observed"", ""lifestyle"": ""observed"", ""partner_children"": ""observed"", ""partner_smoking"": ""observed"", ""relationship_goal"": ""observed"", ""relationship_pace"": ""observed"", ""relationship_structure"": ""observed"", ""relocate"": ""observed"", ""schedule"": ""observed"", ""smoking"": ""observed"", ""space_for_relationship"": ""observed"", ""wants_children"": ""observed"", ""who_to_meet"": ""observed""}","{""acceptable_zones"": 0, ""age_max"": 0, ""age_min"": 0, ""conversations"": 0, ""emotional_availability"": 0, ""has_children"": 0, ""lifestyle"": 0, ""partner_children"": 0, ""partner_smoking"": 0, ""relationship_goal"": 0, ""relationship_pace"": 0, ""relationship_structure"": 0, ""relocate"": 0, ""schedule"": 0, ""smoking"": 0, ""space_for_relationship"": 0, ""wants_children"": 0, ""who_to_meet"": 0}"
syn_df16c6f346f89ac9b5c0e68e9f89ee78,public_08,25,woman,zone_a,True,synthetic_questionnaire,True,17,"[""zone_a""]",33,22,,,False,,any,no_smoking,,,monogamous,,"[""weekend_day""]",no,,yes,"[""non_binary""]",observed,observed,observed,not_asked,not_asked,observed,not_asked,observed,observed,not_asked,not_asked,observed,not_asked,observed,observed,not_asked,observed,observed,17,17,17,,,17,,17,17,,,17,,17,17,,17,17,"{""acceptable_zones"": [""zone_a""], ""age_max"": 33, ""age_min"": 22, ""conversations"": null, ""emotional_availability"": null, ""has_children"": false, ""lifestyle"": null, ""partner_children"": ""any"", ""partner_smoking"": ""no_smoking"", ""relationship_goal"": null, ""relationship_pace"": null, ""relationship_structure"": ""monogamous"", ""relocate"": null, ""schedule"": [""weekend_day""], ""smoking"": ""no"", ""space_for_relationship"": null, ""wants_children"": ""yes"", ""who_to_meet"": [""non_binary""]}","{""acceptable_zones"": ""observed"", ""age_max"": ""observed"", ""age_min"": ""observed"", ""conversations"": ""not_asked"", ""emotional_availability"": ""not_asked"", ""has_children"": ""observed"", ""lifestyle"": ""not_asked"", ""partner_children"": ""observed"", ""partner_smoking"": ""observed"", ""relationship_goal"": ""not_asked"", ""relationship_pace"": ""not_asked"", ""relationship_structure"": ""observed"", ""relocate"": ""not_asked"", ""schedule"": ""observed"", ""smoking"": ""observed"", ""space_for_relationship"": ""not_asked"", ""wants_children"": ""observed"", ""who_to_meet"": ""observed""}","{""acceptable_zones"": 17, ""age_max"": 17, ""age_min"": 17, ""conversations"": null, ""emotional_availability"": null, ""has_children"": 17, ""lifestyle"": null, ""partner_children"": 17, ""partner_smoking"": 17, ""relationship_goal"": null, ""relationship_pace"": null, ""relationship_structure"": 17, ""relocate"": null, ""schedule"": 17, ""smoking"": 17, ""space_for_relationship"": null, ""wants_children"": 17, ""who_to_meet"": 17}"
syn_40fb0b1ea6de9d0b01896a503063f863,public_08,23,man,zone_a,True,synthetic_questionnaire,True,9,"[""zone_a""]",,,,,,,,,,steady,,,"[""weekday_evening""]",,,,,observed,not_asked,not_asked,declined,not_asked,declined,not_asked,declined,not_asked,declined,observed,not_asked,not_asked,observed,not_asked,not_asked,not_asked,not_asked,9,,,,,,,,,,9,,,9,,,,,"{""acceptable_zones"": [""zone_a""], ""age_max"": null, ""age_min"": null, ""conversations"": null, ""emotional_availability"": null, ""has_children"": null, ""lifestyle"": null, ""partner_children"": null, ""partner_smoking"": null, ""relationship_goal"": null, ""relationship_pace"": ""steady"", ""relationship_structure"": null, ""relocate"": null, ""schedule"": [""weekday_evening""], ""smoking"": null, ""space_for_relationship"": null, ""wants_children"": null, ""who_to_meet"": null}","{""acceptable_zones"": ""observed"", ""age_max"": ""not_asked"", ""age_min"": ""not_asked"", ""conversations"": ""declined"", ""emotional_availability"": ""not_asked"", ""has_children"": ""declined"", ""lifestyle"": ""not_asked"", ""partner_children"": ""declined"", ""partner_smoking"": ""not_asked"", ""relationship_goal"": ""declined"", ""relationship_pace"": ""observed"", ""relationship_structure"": ""not_asked"", ""relocate"": ""not_asked"", ""schedule"": ""observed"", ""smoking"": ""not_asked"", ""space_for_relationship"": ""not_asked"", ""wants_children"": ""not_asked"", ""who_to_meet"": ""not_asked""}","{""acceptable_zones"": 9, ""age_max"": null, ""age_min"": null, ""conversations"": null, ""emotional_availability"": null, ""has_children"": null, ""lifestyle"": null, ""partner_children"": null, ""partner_smoking"": null, ""relationship_goal"": null, ""relationship_pace"": 9, ""relationship_structure"": null, ""relocate"": null, ""schedule"": 9, ""smoking"": null, ""space_for_relationship"": null, ""wants_children"": null, ""who_to_meet"": null}"
syn_ba7b624bbb107aa5a676805531bb72de,public_08,24,woman,zone_a,True,synthetic_questionnaire,True,12,"[""zone_a""]",27,18,,taking_time,False,,no_children,no_smoking,,,monogamous,,"[""weekday_evening"", ""weekend_evening""]",no,,unsure,"[""non_binary""]",observed,observed,observed,not_asked,observed,observed,not_asked,observed,observed,not_asked,not_asked,observed,declined,observed,observed,not_asked,observed,observed,12,12,12,,12,12,,12,12,,,12,,12,12,,12,12,"{""acceptable_zones"": [""zone_a""], ""age_max"": 27, ""age_min"": 18, ""conversations"": null, ""emotional_availability"": ""taking_time"", ""has_children"": false, ""lifestyle"": null, ""partner_children"": ""no_children"", ""partner_smoking"": ""no_smoking"", ""relationship_goal"": null, ""relationship_pace"": null, ""relationship_structure"": ""monogamous"", ""relocate"": null, ""schedule"": [""weekday_evening"", ""weekend_evening""], ""smoking"": ""no"", ""space_for_relationship"": null, ""wants_children"": ""unsure"", ""who_to_meet"": [""non_binary""]}","{""acceptable_zones"": ""observed"", ""age_max"": ""observed"", ""age_min"": ""observed"", ""conversations"": ""not_asked"", ""emotional_availability"": ""observed"", ""has_children"": ""observed"", ""lifestyle"": ""not_asked"", ""partner_children"": ""observed"", ""partner_smoking"": ""observed"", ""relationship_goal"": ""not_asked"", ""relationship_pace"": ""not_asked"", ""relationship_structure"": ""observed"", ""relocate"": ""declined"", ""schedule"": ""observed"", ""smoking"": ""observed"", ""space_for_relationship"": ""not_asked"", ""wants_children"": ""observed"", ""who_to_meet"": ""observed""}","{""acceptable_zones"": 12, ""age_max"": 12, ""age_min"": 12, ""conversations"": null, ""emotional_availability"": 12, ""has_children"": 12, ""lifestyle"": null, ""partner_children"": 12, ""partner_smoking"": 12, ""relationship_goal"": null, ""relationship_pace"": null, ""relationship_structure"": 12, ""relocate"": null, ""schedule"": 12, ""smoking"": 12, ""space_for_relationship"": null, ""wants_children"": 12, ""who_to_meet"": 12}"
syn_62dab0098cad45f793d91bcd7ac17cfe,public_08,39,woman,zone_c,True,synthetic_questionnaire,True,0,,,,practical,,,,,,,,,,,,,,,not_asked,not_asked,not_asked,observed,not_asked,not_asked,not_asked,not_asked,declined,not_asked,not_asked,not_asked,not_asked,declined,not_asked,not_asked,not_asked,not_asked,,,,0,,,,,,,,,,,,,,,"{""acceptable_zones"": null, ""age_max"": null, ""age_min"": null, ""conversations"": ""practical"", ""emotional_availability"": null, ""has_children"": null, ""lifestyle"": null, ""partner_children"": null, ""partner_smoking"": null, ""relationship_goal"": null, ""relationship_pace"": null, ""relationship_structure"": null, ""relocate"": null, ""schedule"": null, ""smoking"": null, ""space_for_relationship"": null, ""wants_children"": null, ""who_to_meet"": null}","{""acceptable_zones"": ""not_asked"", ""age_max"": ""not_asked"", ""age_min"": ""not_asked"", ""conversations"": ""observed"", ""emotional_availability"": ""not_asked"", ""has_children"": ""not_asked"", ""lifestyle"": ""not_asked"", ""partner_children"": ""not_asked"", ""partner_smoking"": ""declined"", ""relationship_goal"": ""not_asked"", ""relationship_pace"": ""not_asked"", ""relationship_structure"": ""not_asked"", ""relocate"": ""not_asked"", ""schedule"": ""declined"", ""smoking"": ""not_asked"", ""space_for_relationship"": ""not_asked"", ""wants_children"": ""not_asked"", ""who_to_meet"": ""not_asked""}","{""acceptable_zones"": null, ""age_max"": null, ""age_min"": null, ""conversations"": 0, ""emotional_availability"": null, ""has_children"": null, ""lifestyle"": null, ""partner_children"": null, ""partner_smoking"": null, ""relationship_goal"": null, ""relationship_pace"": null, ""relationship_structure"": null, ""relocate"": null, ""schedule"": null, ""smoking"": null, ""space_for_relationship"": null, ""wants_children"": null, ""who_to_meet"": null}"
syn_0c709f8b3259fe59be1b27351ac7d809,public_08,46,woman,zone_a,True,synthetic_questionnaire,True,0,"[""zone_a""]",54,38,,,False,,any,no_smoking,,slow,monogamous,,"[""weekday_evening"", ""weekend_day"", ""weekend_evening""]",yes,ample,no,"[""woman""]",observed,observed,observed,not_asked,not_asked,observed,declined,observed,observed,not_asked,observed,observed,declined,observed,observed,observed,observed,observed,2,2,2,,,2,,2,2,,0,2,,2,2,0,2,2,"{""acceptable_zones"": [""zone_a""], ""age_max"": 54, ""age_min"": 38, ""conversations"": null, ""emotional_availability"": null, ""has_children"": false, ""lifestyle"": null, ""partner_children"": ""any"", ""partner_smoking"": ""no_smoking"", ""relationship_goal"": null, ""relationship_pace"": ""slow"", ""relationship_structure"": ""monogamous"", ""relocate"": null, ""schedule"": [""weekday_evening"", ""weekend_day"", ""weekend_evening""], ""smoking"": ""yes"", ""space_for_relationship"": ""ample"", ""wants_children"": ""no"", ""who_to_meet"": [""woman""]}","{""acceptable_zones"": ""observed"", ""age_max"": ""observed"", ""age_min"": ""observed"", ""conversations"": ""not_asked"", ""emotional_availability"": ""not_asked"", ""has_children"": ""observed"", ""lifestyle"": ""declined"", ""partner_children"": ""observed"", ""partner_smoking"": ""observed"", ""relationship_goal"": ""not_asked"", ""relationship_pace"": ""observed"", ""relationship_structure"": ""observed"", ""relocate"": ""declined"", ""schedule"": ""observed"", ""smoking"": ""observed"", ""space_for_relationship"": ""observed"", ""wants_children"": ""observed"", ""who_to_meet"": ""observed""}","{""acceptable_zones"": 2, ""age_max"": 2, ""age_min"": 2, ""conversations"": null, ""emotional_availability"": null, ""has_children"": 2, ""lifestyle"": null, ""partner_children"": 2, ""partner_smoking"": 2, ""relationship_goal"": null, ""relationship_pace"": 0, ""relationship_structure"": 2, ""relocate"": null, ""schedule"": 2, ""smoking"": 2, ""space_for_relationship"": 0, ""wants_children"": 2, ""who_to_meet"": 2}"
syn_2fc03f7a6f1ff7a173ab2c3bae7b1afc,public_08,46,man,zone_a,True,synthetic_questionnaire,True,0,,,,,,,,,,,,,,,,,,,not_asked,not_asked,not_asked,not_asked,declined,not_asked,not_asked,not_asked,not_asked,not_asked,not_asked,not_asked,not_asked,not_asked,not_asked,not_asked,not_asked,declined,,,,,,,,,,,,,,,,,,,"{""acceptable_zones"": null, ""age_max"": null, ""age_min"": null, ""conversations"": null, ""emotional_availability"": null, ""has_children"": null, ""lifestyle"": null, ""partner_children"": null, ""partner_smoking"": null, ""relationship_goal"": null, ""relationship_pace"": null, ""relationship_structure"": null, ""relocate"": null, ""schedule"": null, ""smoking"": null, ""space_for_relationship"": null, ""wants_children"": null, ""who_to_meet"": null}","{""acceptable_zones"": ""not_asked"", ""age_max"": ""not_asked"", ""age_min"": ""not_asked"", ""conversations"": ""not_asked"", ""emotional_availability"": ""declined"", ""has_children"": ""not_asked"", ""lifestyle"": ""not_asked"", ""partner_children"": ""not_asked"", ""partner_smoking"": ""not_asked"", ""relationship_goal"": ""not_asked"", ""relationship_pace"": ""not_asked"", ""relationship_structure"": ""not_asked"", ""relocate"": ""not_asked"", ""schedule"": ""not_asked"", ""smoking"": ""not_asked"", ""space_for_relationship"": ""not_asked"", ""wants_children"": ""not_asked"", ""who_to_meet"": ""declined""}","{""acceptable_zones"": null, ""age_max"": null, ""age_min"": null, ""conversations"": null, ""emotional_availability"": null, ""has_children"": null, ""lifestyle"": null, ""partner_children"": null, ""partner_smoking"": null, ""relationship_goal"": null, ""relationship_pace"": null, ""relationship_structure"": null, ""relocate"": null, ""schedule"": null, ""smoking"": null, ""space_for_relationship"": null, ""wants_children"": null, ""who_to_meet"": null}"
syn_336f17275b2148e91da95ece04f828f7,public_08,25,woman,zone_b,True,synthetic_questionnaire,True,7,"[""zone_b"", ""zone_a""]",34,19,,,False,,no_children,no_smoking,,,monogamous,,"[""weekend_day"", ""weekend_evening""]",no,,yes,"[""non_binary""]",observed,observed,observed,not_asked,not_asked,observed,not_asked,observed,observed,not_asked,not_asked,observed,not_asked,observed,observed,not_asked,observed,observed,7,7,7,,,7,,7,7,,,7,,7,7,,7,7,"{""acceptable_zones"": [""zone_b"", ""zone_a""], ""age_max"": 34, ""age_min"": 19, ""conversations"": null, ""emotional_availability"": null, ""has_children"": false, ""lifestyle"": null, ""partner_children"": ""no_children"", ""partner_smoking"": ""no_smoking"", ""relationship_goal"": null, ""relationship_pace"": null, ""relationship_structure"": ""monogamous"", ""relocate"": null, ""schedule"": [""weekend_day"", ""weekend_evening""], ""smoking"": ""no"", ""space_for_relationship"": null, ""wants_children"": ""yes"", ""who_to_meet"": [""non_binary""]}","{""acceptable_zones"": ""observed"", ""age_max"": ""observed"", ""age_min"": ""observed"", ""conversations"": ""not_asked"", ""emotional_availability"": ""not_asked"", ""has_children"": ""observed"", ""lifestyle"": ""not_asked"", ""partner_children"": ""observed"", ""partner_smoking"": ""observed"", ""relationship_goal"": ""not_asked"", ""relationship_pace"": ""not_asked"", ""relationship_structure"": ""observed"", ""relocate"": ""not_asked"", ""schedule"": ""observed"", ""smoking"": ""observed"", ""space_for_relationship"": ""not_asked"", ""wants_children"": ""observed"", ""who_to_meet"": ""observed""}","{""acceptable_zones"": 7, ""age_max"": 7, ""age_min"": 7, ""conversations"": null, ""emotional_availability"": null, ""has_children"": 7, ""lifestyle"": null, ""partner_children"": 7, ""partner_smoking"": 7, ""relationship_goal"": null, ""relationship_pace"": null, ""relationship_structure"": 7, ""relocate"": null, ""schedule"": 7, ""smoking"": 7, ""space_for_relationship"": null, ""wants_children"": 7, ""who_to_meet"": 7}"
syn_cee2c4eac024ca3248562daa05e002b5,public_08,33,woman,zone_d,True,synthetic_questionnaire,True,0,"[""zone_d""]",39,28,,,False,,any,no_smoking,exploring,,monogamous,,"[""weekday_evening"", ""weekend_evening""]",no,,unsure,"[""non_binary""]",observed,observed,observed,not_asked,declined,observed,not_asked,observed,observed,observed,not_asked,observed,not_asked,observed,observed,not_asked,observed,observed,2,2,2,,,2,,2,2,0,,2,,2,2,,2,2,"{""acceptable_zones"": [""zone_d""], ""age_max"": 39, ""age_min"": 28, ""conversations"": null, ""emotional_availability"": null, ""has_children"": false, ""lifestyle"": null, ""partner_children"": ""any"", ""partner_smoking"": ""no_smoking"", ""relationship_goal"": ""exploring"", ""relationship_pace"": null, ""relationship_structure"": ""monogamous"", ""relocate"": null, ""schedule"": [""weekday_evening"", ""weekend_evening""], ""smoking"": ""no"", ""space_for_relationship"": null, ""wants_children"": ""unsure"", ""who_to_meet"": [""non_binary""]}","{""acceptable_zones"": ""observed"", ""age_max"": ""observed"", ""age_min"": ""observed"", ""conversations"": ""not_asked"", ""emotional_availability"": ""declined"", ""has_children"": ""observed"", ""lifestyle"": ""not_asked"", ""partner_children"": ""observed"", ""partner_smoking"": ""observed"", ""relationship_goal"": ""observed"", ""relationship_pace"": ""not_asked"", ""relationship_structure"": ""observed"", ""relocate"": ""not_asked"", ""schedule"": ""observed"", ""smoking"": ""observed"", ""space_for_relationship"": ""not_asked"", ""wants_children"": ""observed"", ""who_to_meet"": ""observed""}","{""acceptable_zones"": 2, ""age_max"": 2, ""age_min"": 2, ""conversations"": null, ""emotional_availability"": null, ""has_children"": 2, ""lifestyle"": null, ""partner_children"": 2, ""partner_smoking"": 2, ""relationship_goal"": 0, ""relationship_pace"": null, ""relationship_structure"": 2, ""relocate"": null, ""schedule"": 2, ""smoking"": 2, ""space_for_relationship"": null, ""wants_children"": 2, ""who_to_meet"": 2}"
syn_ae94e39d79018cfbaead4178dfba523a,public_08,32,man,zone_d,True,synthetic_questionnaire,True,0,"[""zone_d""]",42,24,ideas,ready,False,quiet,no_children,no_smoking,long_term,steady,monogamous,no,"[""weekday_evening"", ""weekend_evening""]",no,ample,yes,"[""man""]",observed,observed,observed,observed,observed,observed,observed,observed,observed,observed,observed,observed,observed,observed,observed,observed,observed,observed,0,0,0,0,0,0,0,0,0,0,0,0,0,0,0,0,0,0,"{""acceptable_zones"": [""zone_d""], ""age_max"": 42, ""age_min"": 24, ""conversations"": ""ideas"", ""emotional_availability"": ""ready"", ""has_children"": false, ""lifestyle"": ""quiet"", ""partner_children"": ""no_children"", ""partner_smoking"": ""no_smoking"", ""relationship_goal"": ""long_term"", ""relationship_pace"": ""steady"", ""relationship_structure"": ""monogamous"", ""relocate"": ""no"", ""schedule"": [""weekday_evening"", ""weekend_evening""], ""smoking"": ""no"", ""space_for_relationship"": ""ample"", ""wants_children"": ""yes"", ""who_to_meet"": [""man""]}","{""acceptable_zones"": ""observed"", ""age_max"": ""observed"", ""age_min"": ""observed"", ""conversations"": ""observed"", ""emotional_availability"": ""observed"", ""has_children"": ""observed"", ""lifestyle"": ""observed"", ""partner_children"": ""observed"", ""partner_smoking"": ""observed"", ""relationship_goal"": ""observed"", ""relationship_pace"": ""observed"", ""relationship_structure"": ""observed"", ""relocate"": ""observed"", ""schedule"": ""observed"", ""smoking"": ""observed"", ""space_for_relationship"": ""observed"", ""wants_children"": ""observed"", ""who_to_meet"": ""observed""}","{""acceptable_zones"": 0, ""age_max"": 0, ""age_min"": 0, ""conversations"": 0, ""emotional_availability"": 0, ""has_children"": 0, ""lifestyle"": 0, ""partner_children"": 0, ""partner_smoking"": 0, ""relationship_goal"": 0, ""relationship_pace"": 0, ""relationship_structure"": 0, ""relocate"": 0, ""schedule"": 0, ""smoking"": 0, ""space_for_relationship"": 0, ""wants_children"": 0, ""who_to_meet"": 0}"
syn_10f09201189b30c0799374b18e8a5e9a,public_08,27,man,zone_a,False,synthetic_questionnaire,True,0,"[""zone_a""]",37,20,ideas,ready,False,quiet,no_children,any,long_term,steady,monogamous,unsure,"[""weekday_evening"", ""weekend_day""]",no,ample,yes,"[""man"", ""non_binary"", ""woman""]",observed,observed,observed,observed,observed,observed,observed,observed,observed,observed,observed,observed,observed,observed,observed,observed,observed,observed,0,0,0,0,0,0,0,0,0,0,0,0,0,0,0,0,0,0,"{""acceptable_zones"": [""zone_a""], ""age_max"": 37, ""age_min"": 20, ""conversations"": ""ideas"", ""emotional_availability"": ""ready"", ""has_children"": false, ""lifestyle"": ""quiet"", ""partner_children"": ""no_children"", ""partner_smoking"": ""any"", ""relationship_goal"": ""long_term"", ""relationship_pace"": ""steady"", ""relationship_structure"": ""monogamous"", ""relocate"": ""unsure"", ""schedule"": [""weekday_evening"", ""weekend_day""], ""smoking"": ""no"", ""space_for_relationship"": ""ample"", ""wants_children"": ""yes"", ""who_to_meet"": [""man"", ""non_binary"", ""woman""]}","{""acceptable_zones"": ""observed"", ""age_max"": ""observed"", ""age_min"": ""observed"", ""conversations"": ""observed"", ""emotional_availability"": ""observed"", ""has_children"": ""observed"", ""lifestyle"": ""observed"", ""partner_children"": ""observed"", ""partner_smoking"": ""observed"", ""relationship_goal"": ""observed"", ""relationship_pace"": ""observed"", ""relationship_structure"": ""observed"", ""relocate"": ""observed"", ""schedule"": ""observed"", ""smoking"": ""observed"", ""space_for_relationship"": ""observed"", ""wants_children"": ""observed"", ""who_to_meet"": ""observed""}","{""acceptable_zones"": 0, ""age_max"": 0, ""age_min"": 0, ""conversations"": 0, ""emotional_availability"": 0, ""has_children"": 0, ""lifestyle"": 0, ""partner_children"": 0, ""partner_smoking"": 0, ""relationship_goal"": 0, ""relationship_pace"": 0, ""relationship_structure"": 0, ""relocate"": 0, ""schedule"": 0, ""smoking"": 0, ""space_for_relationship"": 0, ""wants_children"": 0, ""who_to_meet"": 0}"
syn_3116acff46ddb88da5ab15d9b0689845,public_08,46,woman,zone_a,False,synthetic_questionnaire,True,0,"[""zone_a""]",55,38,playful,ready,False,quiet,no_children,no_smoking,exploring,slow,monogamous,yes,"[""weekday_evening""]",no,moderate,unsure,"[""woman"", ""man""]",observed,observed,observed,observed,observed,observed,observed,observed,observed,observed,observed,observed,observed,observed,observed,observed,observed,observed,0,0,0,0,0,0,0,0,0,0,0,0,0,0,0,0,0,0,"{""acceptable_zones"": [""zone_a""], ""age_max"": 55, ""age_min"": 38, ""conversations"": ""playful"", ""emotional_availability"": ""ready"", ""has_children"": false, ""lifestyle"": ""quiet"", ""partner_children"": ""no_children"", ""partner_smoking"": ""no_smoking"", ""relationship_goal"": ""exploring"", ""relationship_pace"": ""slow"", ""relationship_structure"": ""monogamous"", ""relocate"": ""yes"", ""schedule"": [""weekday_evening""], ""smoking"": ""no"", ""space_for_relationship"": ""moderate"", ""wants_children"": ""unsure"", ""who_to_meet"": [""woman"", ""man""]}","{""acceptable_zones"": ""observed"", ""age_max"": ""observed"", ""age_min"": ""observed"", ""conversations"": ""observed"", ""emotional_availability"": ""observed"", ""has_children"": ""observed"", ""lifestyle"": ""observed"", ""partner_children"": ""observed"", ""partner_smoking"": ""observed"", ""relationship_goal"": ""observed"", ""relationship_pace"": ""observed"", ""relationship_structure"": ""observed"", ""relocate"": ""observed"", ""schedule"": ""observed"", ""smoking"": ""observed"", ""space_for_relationship"": ""observed"", ""wants_children"": ""observed"", ""who_to_meet"": ""observed""}","{""acceptable_zones"": 0, ""age_max"": 0, ""age_min"": 0, ""conversations"": 0, ""emotional_availability"": 0, ""has_children"": 0, ""lifestyle"": 0, ""partner_children"": 0, ""partner_smoking"": 0, ""relationship_goal"": 0, ""relationship_pace"": 0, ""relationship_structure"": 0, ""relocate"": 0, ""schedule"": 0, ""smoking"": 0, ""space_for_relationship"": 0, ""wants_children"": 0, ""who_to_meet"": 0}"
syn_ee8009f2857fc96f2389a84aa6958b7e,public_08,22,man,zone_a,False,synthetic_questionnaire,True,0,,,18,,,,,any,,,,monogamous,,"[""weekday_evening"", ""weekend_day"", ""weekend_evening""]",,,,,not_asked,not_asked,observed,not_asked,not_asked,not_asked,not_asked,observed,declined,not_asked,not_asked,observed,not_asked,observed,not_asked,not_asked,not_asked,not_asked,,,0,,,,,0,,,,0,,0,,,,,"{""acceptable_zones"": null, ""age_max"": null, ""age_min"": 18, ""conversations"": null, ""emotional_availability"": null, ""has_children"": null, ""lifestyle"": null, ""partner_children"": ""any"", ""partner_smoking"": null, ""relationship_goal"": null, ""relationship_pace"": null, ""relationship_structure"": ""monogamous"", ""relocate"": null, ""schedule"": [""weekday_evening"", ""weekend_day"", ""weekend_evening""], ""smoking"": null, ""space_for_relationship"": null, ""wants_children"": null, ""who_to_meet"": null}","{""acceptable_zones"": ""not_asked"", ""age_max"": ""not_asked"", ""age_min"": ""observed"", ""conversations"": ""not_asked"", ""emotional_availability"": ""not_asked"", ""has_children"": ""not_asked"", ""lifestyle"": ""not_asked"", ""partner_children"": ""observed"", ""partner_smoking"": ""declined"", ""relationship_goal"": ""not_asked"", ""relationship_pace"": ""not_asked"", ""relationship_structure"": ""observed"", ""relocate"": ""not_asked"", ""schedule"": ""observed"", ""smoking"": ""not_asked"", ""space_for_relationship"": ""not_asked"", ""wants_children"": ""not_asked"", ""who_to_meet"": ""not_asked""}","{""acceptable_zones"": null, ""age_max"": null, ""age_min"": 0, ""conversations"": null, ""emotional_availability"": null, ""has_children"": null, ""lifestyle"": null, ""partner_children"": 0, ""partner_smoking"": null, ""relationship_goal"": null, ""relationship_pace"": null, ""relationship_structure"": 0, ""relocate"": null, ""schedule"": 0, ""smoking"": null, ""space_for_relationship"": null, ""wants_children"": null, ""who_to_meet"": null}"
syn_b595de4e1e7ac367d2a85ae09da282a9,public_08,35,woman,zone_b,True,synthetic_questionnaire,True,0,"[""zone_b"", ""zone_d""]",42,29,,ready,False,,no_children,no_smoking,,,monogamous,,"[""weekend_day""]",occasionally,,no,"[""woman"", ""man"", ""non_binary""]",observed,observed,observed,not_asked,observed,observed,not_asked,observed,observed,not_asked,not_asked,observed,not_asked,observed,observed,not_asked,observed,observed,3,3,3,,0,3,,3,3,,,3,,3,3,,3,3,"{""acceptable_zones"": [""zone_b"", ""zone_d""], ""age_max"": 42, ""age_min"": 29, ""conversations"": null, ""emotional_availability"": ""ready"", ""has_children"": false, ""lifestyle"": null, ""partner_children"": ""no_children"", ""partner_smoking"": ""no_smoking"", ""relationship_goal"": null, ""relationship_pace"": null, ""relationship_structure"": ""monogamous"", ""relocate"": null, ""schedule"": [""weekend_day""], ""smoking"": ""occasionally"", ""space_for_relationship"": null, ""wants_children"": ""no"", ""who_to_meet"": [""woman"", ""man"", ""non_binary""]}","{""acceptable_zones"": ""observed"", ""age_max"": ""observed"", ""age_min"": ""observed"", ""conversations"": ""not_asked"", ""emotional_availability"": ""observed"", ""has_children"": ""observed"", ""lifestyle"": ""not_asked"", ""partner_children"": ""observed"", ""partner_smoking"": ""observed"", ""relationship_goal"": ""not_asked"", ""relationship_pace"": ""not_asked"", ""relationship_structure"": ""observed"", ""relocate"": ""not_asked"", ""schedule"": ""observed"", ""smoking"": ""observed"", ""space_for_relationship"": ""not_asked"", ""wants_children"": ""observed"", ""who_to_meet"": ""observed""}","{""acceptable_zones"": 3, ""age_max"": 3, ""age_min"": 3, ""conversations"": null, ""emotional_availability"": 0, ""has_children"": 3, ""lifestyle"": null, ""partner_children"": 3, ""partner_smoking"": 3, ""relationship_goal"": null, ""relationship_pace"": null, ""relationship_structure"": 3, ""relocate"": null, ""schedule"": 3, ""smoking"": 3, ""space_for_relationship"": null, ""wants_children"": 3, ""who_to_meet"": 3}"
syn_d1466cfc82f39251348c76bf51d2d3fa,public_08,46,woman,zone_a,False,synthetic_questionnaire,True,19,"[""zone_a""]",50,39,,,False,,no_children,any,,,monogamous,,"[""weekday_evening"", ""weekend_day""]",no,,yes,"[""woman""]",observed,observed,observed,not_asked,not_asked,observed,not_asked,observed,observed,not_asked,not_asked,observed,not_asked,observed,observed,not_asked,observed,observed,19,19,19,,,19,,19,19,,,19,,19,19,,19,19,"{""acceptable_zones"": [""zone_a""], ""age_max"": 50, ""age_min"": 39, ""conversations"": null, ""emotional_availability"": null, ""has_children"": false, ""lifestyle"": null, ""partner_children"": ""no_children"", ""partner_smoking"": ""any"", ""relationship_goal"": null, ""relationship_pace"": null, ""relationship_structure"": ""monogamous"", ""relocate"": null, ""schedule"": [""weekday_evening"", ""weekend_day""], ""smoking"": ""no"", ""space_for_relationship"": null, ""wants_children"": ""yes"", ""who_to_meet"": [""woman""]}","{""acceptable_zones"": ""observed"", ""age_max"": ""observed"", ""age_min"": ""observed"", ""conversations"": ""not_asked"", ""emotional_availability"": ""not_asked"", ""has_children"": ""observed"", ""lifestyle"": ""not_asked"", ""partner_children"": ""observed"", ""partner_smoking"": ""observed"", ""relationship_goal"": ""not_asked"", ""relationship_pace"": ""not_asked"", ""relationship_structure"": ""observed"", ""relocate"": ""not_asked"", ""schedule"": ""observed"", ""smoking"": ""observed"", ""space_for_relationship"": ""not_asked"", ""wants_children"": ""observed"", ""who_to_meet"": ""observed""}","{""acceptable_zones"": 19, ""age_max"": 19, ""age_min"": 19, ""conversations"": null, ""emotional_availability"": null, ""has_children"": 19, ""lifestyle"": null, ""partner_children"": 19, ""partner_smoking"": 19, ""relationship_goal"": null, ""relationship_pace"": null, ""relationship_structure"": 19, ""relocate"": null, ""schedule"": 19, ""smoking"": 19, ""space_for_relationship"": null, ""wants_children"": 19, ""who_to_meet"": 19}"
syn_c2d71b063c9f03b2099d1b9f4538a24c,public_08,38,woman,zone_a,True,synthetic_questionnaire,True,2,,,,,,,,any,no_smoking,,,,yes,,,,,,not_asked,not_asked,not_asked,not_asked,not_asked,not_asked,not_asked,observed,observed,not_asked,not_asked,not_asked,observed,not_asked,declined,not_asked,not_asked,not_asked,,,,,,,,2,2,,,,2,,,,,,"{""acceptable_zones"": null, ""age_max"": null, ""age_min"": null, ""conversations"": null, ""emotional_availability"": null, ""has_children"": null, ""lifestyle"": null, ""partner_children"": ""any"", ""partner_smoking"": ""no_smoking"", ""relationship_goal"": null, ""relationship_pace"": null, ""relationship_structure"": null, ""relocate"": ""yes"", ""schedule"": null, ""smoking"": null, ""space_for_relationship"": null, ""wants_children"": null, ""who_to_meet"": null}","{""acceptable_zones"": ""not_asked"", ""age_max"": ""not_asked"", ""age_min"": ""not_asked"", ""conversations"": ""not_asked"", ""emotional_availability"": ""not_asked"", ""has_children"": ""not_asked"", ""lifestyle"": ""not_asked"", ""partner_children"": ""observed"", ""partner_smoking"": ""observed"", ""relationship_goal"": ""not_asked"", ""relationship_pace"": ""not_asked"", ""relationship_structure"": ""not_asked"", ""relocate"": ""observed"", ""schedule"": ""not_asked"", ""smoking"": ""declined"", ""space_for_relationship"": ""not_asked"", ""wants_children"": ""not_asked"", ""who_to_meet"": ""not_asked""}","{""acceptable_zones"": null, ""age_max"": null, ""age_min"": null, ""conversations"": null, ""emotional_availability"": null, ""has_children"": null, ""lifestyle"": null, ""partner_children"": 2, ""partner_smoking"": 2, ""relationship_goal"": null, ""relationship_pace"": null, ""relationship_structure"": null, ""relocate"": 2, ""schedule"": null, ""smoking"": null, ""space_for_relationship"": null, ""wants_children"": null, ""who_to_meet"": null}"
syn_d6ab4bc89aebbfac893b5ebede88544c,public_08,23,man,zone_b,True,synthetic_questionnaire,True,0,"[""zone_b""]",29,18,,,False,,no_children,no_smoking,,,monogamous,,"[""weekend_day"", ""weekend_evening"", ""weekday_evening""]",no,,yes,"[""non_binary""]",observed,observed,observed,not_asked,not_asked,observed,not_asked,observed,observed,not_asked,not_asked,observed,not_asked,observed,observed,not_asked,observed,observed,3,3,3,,,3,,3,3,,,3,,3,3,,3,3,"{""acceptable_zones"": [""zone_b""], ""age_max"": 29, ""age_min"": 18, ""conversations"": null, ""emotional_availability"": null, ""has_children"": false, ""lifestyle"": null, ""partner_children"": ""no_children"", ""partner_smoking"": ""no_smoking"", ""relationship_goal"": null, ""relationship_pace"": null, ""relationship_structure"": ""monogamous"", ""relocate"": null, ""schedule"": [""weekend_day"", ""weekend_evening"", ""weekday_evening""], ""smoking"": ""no"", ""space_for_relationship"": null, ""wants_children"": ""yes"", ""who_to_meet"": [""non_binary""]}","{""acceptable_zones"": ""observed"", ""age_max"": ""observed"", ""age_min"": ""observed"", ""conversations"": ""not_asked"", ""emotional_availability"": ""not_asked"", ""has_children"": ""observed"", ""lifestyle"": ""not_asked"", ""partner_children"": ""observed"", ""partner_smoking"": ""observed"", ""relationship_goal"": ""not_asked"", ""relationship_pace"": ""not_asked"", ""relationship_structure"": ""observed"", ""relocate"": ""not_asked"", ""schedule"": ""observed"", ""smoking"": ""observed"", ""space_for_relationship"": ""not_asked"", ""wants_children"": ""observed"", ""who_to_meet"": ""observed""}","{""acceptable_zones"": 3, ""age_max"": 3, ""age_min"": 3, ""conversations"": null, ""emotional_availability"": null, ""has_children"": 3, ""lifestyle"": null, ""partner_children"": 3, ""partner_smoking"": 3, ""relationship_goal"": null, ""relationship_pace"": null, ""relationship_structure"": 3, ""relocate"": null, ""schedule"": 3, ""smoking"": 3, ""space_for_relationship"": null, ""wants_children"": 3, ""who_to_meet"": 3}"
syn_7ea74c04290c21f62d75f3c1a9c699ef,public_08,24,woman,zone_c,True,synthetic_questionnaire,True,0,,,,stories,,,,,no_smoking,,slow,,,,,,,,not_asked,not_asked,not_asked,observed,not_asked,declined,not_asked,not_asked,observed,not_asked,observed,not_asked,not_asked,not_asked,not_asked,not_asked,not_asked,not_asked,,,,0,,,,,0,,0,,,,,,,,"{""acceptable_zones"": null, ""age_max"": null, ""age_min"": null, ""conversations"": ""stories"", ""emotional_availability"": null, ""has_children"": null, ""lifestyle"": null, ""partner_children"": null, ""partner_smoking"": ""no_smoking"", ""relationship_goal"": null, ""relationship_pace"": ""slow"", ""relationship_structure"": null, ""relocate"": null, ""schedule"": null, ""smoking"": null, ""space_for_relationship"": null, ""wants_children"": null, ""who_to_meet"": null}","{""acceptable_zones"": ""not_asked"", ""age_max"": ""not_asked"", ""age_min"": ""not_asked"", ""conversations"": ""observed"", ""emotional_availability"": ""not_asked"", ""has_children"": ""declined"", ""lifestyle"": ""not_asked"", ""partner_children"": ""not_asked"", ""partner_smoking"": ""observed"", ""relationship_goal"": ""not_asked"", ""relationship_pace"": ""observed"", ""relationship_structure"": ""not_asked"", ""relocate"": ""not_asked"", ""schedule"": ""not_asked"", ""smoking"": ""not_asked"", ""space_for_relationship"": ""not_asked"", ""wants_children"": ""not_asked"", ""who_to_meet"": ""not_asked""}","{""acceptable_zones"": null, ""age_max"": null, ""age_min"": null, ""conversations"": 0, ""emotional_availability"": null, ""has_children"": null, ""lifestyle"": null, ""partner_children"": null, ""partner_smoking"": 0, ""relationship_goal"": null, ""relationship_pace"": 0, ""relationship_structure"": null, ""relocate"": null, ""schedule"": null, ""smoking"": null, ""space_for_relationship"": null, ""wants_children"": null, ""who_to_meet"": null}"
syn_62dccb2516261f704ef3c2c392d8db92,public_08,21,woman,zone_b,True,synthetic_questionnaire,True,0,"[""zone_b""]",28,18,,,False,quiet,no_children,no_smoking,,,non_monogamous,,"[""weekend_evening""]",no,,no,"[""non_binary""]",observed,observed,observed,not_asked,not_asked,observed,observed,observed,observed,not_asked,declined,observed,not_asked,observed,observed,declined,observed,observed,3,3,3,,,3,0,3,3,,,3,,3,3,,3,3,"{""acceptable_zones"": [""zone_b""], ""age_max"": 28, ""age_min"": 18, ""conversations"": null, ""emotional_availability"": null, ""has_children"": false, ""lifestyle"": ""quiet"", ""partner_children"": ""no_children"", ""partner_smoking"": ""no_smoking"", ""relationship_goal"": null, ""relationship_pace"": null, ""relationship_structure"": ""non_monogamous"", ""relocate"": null, ""schedule"": [""weekend_evening""], ""smoking"": ""no"", ""space_for_relationship"": null, ""wants_children"": ""no"", ""who_to_meet"": [""non_binary""]}","{""acceptable_zones"": ""observed"", ""age_max"": ""observed"", ""age_min"": ""observed"", ""conversations"": ""not_asked"", ""emotional_availability"": ""not_asked"", ""has_children"": ""observed"", ""lifestyle"": ""observed"", ""partner_children"": ""observed"", ""partner_smoking"": ""observed"", ""relationship_goal"": ""not_asked"", ""relationship_pace"": ""declined"", ""relationship_structure"": ""observed"", ""relocate"": ""not_asked"", ""schedule"": ""observed"", ""smoking"": ""observed"", ""space_for_relationship"": ""declined"", ""wants_children"": ""observed"", ""who_to_meet"": ""observed""}","{""acceptable_zones"": 3, ""age_max"": 3, ""age_min"": 3, ""conversations"": null, ""emotional_availability"": null, ""has_children"": 3, ""lifestyle"": 0, ""partner_children"": 3, ""partner_smoking"": 3, ""relationship_goal"": null, ""relationship_pace"": null, ""relationship_structure"": 3, ""relocate"": null, ""schedule"": 3, ""smoking"": 3, ""space_for_relationship"": null, ""wants_children"": 3, ""who_to_meet"": 3}"
syn_f1631b1775570862d6ed7d723105ebb7,public_08,32,woman,zone_b,True,synthetic_questionnaire,True,0,,,,,,,,no_children,,,,,,,,,,,not_asked,not_asked,not_asked,declined,not_asked,not_asked,not_asked,observed,not_asked,not_asked,not_asked,not_asked,not_asked,not_asked,not_asked,not_asked,declined,not_asked,,,,,,,,0,,,,,,,,,,,"{""acceptable_zones"": null, ""age_max"": null, ""age_min"": null, ""conversations"": null, ""emotional_availability"": null, ""has_children"": null, ""lifestyle"": null, ""partner_children"": ""no_children"", ""partner_smoking"": null, ""relationship_goal"": null, ""relationship_pace"": null, ""relationship_structure"": null, ""relocate"": null, ""schedule"": null, ""smoking"": null, ""space_for_relationship"": null, ""wants_children"": null, ""who_to_meet"": null}","{""acceptable_zones"": ""not_asked"", ""age_max"": ""not_asked"", ""age_min"": ""not_asked"", ""conversations"": ""declined"", ""emotional_availability"": ""not_asked"", ""has_children"": ""not_asked"", ""lifestyle"": ""not_asked"", ""partner_children"": ""observed"", ""partner_smoking"": ""not_asked"", ""relationship_goal"": ""not_asked"", ""relationship_pace"": ""not_asked"", ""relationship_structure"": ""not_asked"", ""relocate"": ""not_asked"", ""schedule"": ""not_asked"", ""smoking"": ""not_asked"", ""space_for_relationship"": ""not_asked"", ""wants_children"": ""declined"", ""who_to_meet"": ""not_asked""}","{""acceptable_zones"": null, ""age_max"": null, ""age_min"": null, ""conversations"": null, ""emotional_availability"": null, ""has_children"": null, ""lifestyle"": null, ""partner_children"": 0, ""partner_smoking"": null, ""relationship_goal"": null, ""relationship_pace"": null, ""relationship_structure"": null, ""relocate"": null, ""schedule"": null, ""smoking"": null, ""space_for_relationship"": null, ""wants_children"": null, ""who_to_meet"": null}"
syn_2ad37ad41c890c3fda8d9c496395dddb,public_08,36,woman,zone_b,True,synthetic_questionnaire,True,0,"[""zone_b"", ""zone_a""]",43,31,,,True,,no_children,any,,,monogamous,,"[""weekend_evening""]",no,,no,"[""woman"", ""man""]",observed,observed,observed,not_asked,not_asked,observed,not_asked,observed,observed,not_asked,not_asked,observed,not_asked,observed,observed,not_asked,observed,observed,3,3,3,,,3,,3,3,,,3,,3,3,,3,3,"{""acceptable_zones"": [""zone_b"", ""zone_a""], ""age_max"": 43, ""age_min"": 31, ""conversations"": null, ""emotional_availability"": null, ""has_children"": true, ""lifestyle"": null, ""partner_children"": ""no_children"", ""partner_smoking"": ""any"", ""relationship_goal"": null, ""relationship_pace"": null, ""relationship_structure"": ""monogamous"", ""relocate"": null, ""schedule"": [""weekend_evening""], ""smoking"": ""no"", ""space_for_relationship"": null, ""wants_children"": ""no"", ""who_to_meet"": [""woman"", ""man""]}","{""acceptable_zones"": ""observed"", ""age_max"": ""observed"", ""age_min"": ""observed"", ""conversations"": ""not_asked"", ""emotional_availability"": ""not_asked"", ""has_children"": ""observed"", ""lifestyle"": ""not_asked"", ""partner_children"": ""observed"", ""partner_smoking"": ""observed"", ""relationship_goal"": ""not_asked"", ""relationship_pace"": ""not_asked"", ""relationship_structure"": ""observed"", ""relocate"": ""not_asked"", ""schedule"": ""observed"", ""smoking"": ""observed"", ""space_for_relationship"": ""not_asked"", ""wants_children"": ""observed"", ""who_to_meet"": ""observed""}","{""acceptable_zones"": 3, ""age_max"": 3, ""age_min"": 3, ""conversations"": null, ""emotional_availability"": null, ""has_children"": 3, ""lifestyle"": null, ""partner_children"": 3, ""partner_smoking"": 3, ""relationship_goal"": null, ""relationship_pace"": null, ""relationship_structure"": 3, ""relocate"": null, ""schedule"": 3, ""smoking"": 3, ""space_for_relationship"": null, ""wants_children"": 3, ""who_to_meet"": 3}"
syn_cefbb639ff3d2c3772dd590d22f27f85,public_08,21,woman,zone_c,True,synthetic_questionnaire,True,0,"[""zone_c"", ""zone_a""]",25,18,,,False,,no_children,any,,,monogamous,,"[""weekday_evening"", ""weekend_day""]",no,,unsure,"[""woman""]",observed,observed,observed,not_asked,declined,observed,not_asked,observed,observed,not_asked,declined,observed,declined,observed,observed,not_asked,observed,observed,4,4,4,,,4,,4,4,,,4,,4,4,,4,4,"{""acceptable_zones"": [""zone_c"", ""zone_a""], ""age_max"": 25, ""age_min"": 18, ""conversations"": null, ""emotional_availability"": null, ""has_children"": false, ""lifestyle"": null, ""partner_children"": ""no_children"", ""partner_smoking"": ""any"", ""relationship_goal"": null, ""relationship_pace"": null, ""relationship_structure"": ""monogamous"", ""relocate"": null, ""schedule"": [""weekday_evening"", ""weekend_day""], ""smoking"": ""no"", ""space_for_relationship"": null, ""wants_children"": ""unsure"", ""who_to_meet"": [""woman""]}","{""acceptable_zones"": ""observed"", ""age_max"": ""observed"", ""age_min"": ""observed"", ""conversations"": ""not_asked"", ""emotional_availability"": ""declined"", ""has_children"": ""observed"", ""lifestyle"": ""not_asked"", ""partner_children"": ""observed"", ""partner_smoking"": ""observed"", ""relationship_goal"": ""not_asked"", ""relationship_pace"": ""declined"", ""relationship_structure"": ""observed"", ""relocate"": ""declined"", ""schedule"": ""observed"", ""smoking"": ""observed"", ""space_for_relationship"": ""not_asked"", ""wants_children"": ""observed"", ""who_to_meet"": ""observed""}","{""acceptable_zones"": 4, ""age_max"": 4, ""age_min"": 4, ""conversations"": null, ""emotional_availability"": null, ""has_children"": 4, ""lifestyle"": null, ""partner_children"": 4, ""partner_smoking"": 4, ""relationship_goal"": null, ""relationship_pace"": null, ""relationship_structure"": 4, ""relocate"": null, ""schedule"": 4, ""smoking"": 4, ""space_for_relationship"": null, ""wants_children"": 4, ""who_to_meet"": 4}"
syn_e3c0da5b3c5546e3da1f4ab3ef45696b,public_08,35,man,zone_a,False,synthetic_questionnaire,True,18,"[""zone_a""]",43,27,,,False,,any,any,,,monogamous,,"[""weekday_evening""]",no,,yes,"[""non_binary"", ""woman"", ""man""]",observed,observed,observed,declined,not_asked,observed,not_asked,observed,observed,not_asked,not_asked,observed,not_asked,observed,observed,not_asked,observed,observed,18,18,18,,,18,,18,18,,,18,,18,18,,18,18,"{""acceptable_zones"": [""zone_a""], ""age_max"": 43, ""age_min"": 27, ""conversations"": null, ""emotional_availability"": null, ""has_children"": false, ""lifestyle"": null, ""partner_children"": ""any"", ""partner_smoking"": ""any"", ""relationship_goal"": null, ""relationship_pace"": null, ""relationship_structure"": ""monogamous"", ""relocate"": null, ""schedule"": [""weekday_evening""], ""smoking"": ""no"", ""space_for_relationship"": null, ""wants_children"": ""yes"", ""who_to_meet"": [""non_binary"", ""woman"", ""man""]}","{""acceptable_zones"": ""observed"", ""age_max"": ""observed"", ""age_min"": ""observed"", ""conversations"": ""declined"", ""emotional_availability"": ""not_asked"", ""has_children"": ""observed"", ""lifestyle"": ""not_asked"", ""partner_children"": ""observed"", ""partner_smoking"": ""observed"", ""relationship_goal"": ""not_asked"", ""relationship_pace"": ""not_asked"", ""relationship_structure"": ""observed"", ""relocate"": ""not_asked"", ""schedule"": ""observed"", ""smoking"": ""observed"", ""space_for_relationship"": ""not_asked"", ""wants_children"": ""observed"", ""who_to_meet"": ""observed""}","{""acceptable_zones"": 18, ""age_max"": 18, ""age_min"": 18, ""conversations"": null, ""emotional_availability"": null, ""has_children"": 18, ""lifestyle"": null, ""partner_children"": 18, ""partner_smoking"": 18, ""relationship_goal"": null, ""relationship_pace"": null, ""relationship_structure"": 18, ""relocate"": null, ""schedule"": 18, ""smoking"": 18, ""space_for_relationship"": null, ""wants_children"": 18, ""who_to_meet"": 18}"
syn_be2d49a854b1cb629fdaa43ac171504b,public_08,39,man,zone_a,True,synthetic_questionnaire,True,0,"[""zone_a"", ""zone_d""]",45,36,,,False,,any,any,,,non_monogamous,,"[""weekend_day"", ""weekend_evening""]",no,,yes,"[""man""]",observed,observed,observed,not_asked,not_asked,observed,not_asked,observed,observed,not_asked,not_asked,observed,not_asked,observed,observed,not_asked,observed,observed,4,4,4,,,4,,4,4,,,4,,4,4,,4,4,"{""acceptable_zones"": [""zone_a"", ""zone_d""], ""age_max"": 45, ""age_min"": 36, ""conversations"": null, ""emotional_availability"": null, ""has_children"": false, ""lifestyle"": null, ""partner_children"": ""any"", ""partner_smoking"": ""any"", ""relationship_goal"": null, ""relationship_pace"": null, ""relationship_structure"": ""non_monogamous"", ""relocate"": null, ""schedule"": [""weekend_day"", ""weekend_evening""], ""smoking"": ""no"", ""space_for_relationship"": null, ""wants_children"": ""yes"", ""who_to_meet"": [""man""]}","{""acceptable_zones"": ""observed"", ""age_max"": ""observed"", ""age_min"": ""observed"", ""conversations"": ""not_asked"", ""emotional_availability"": ""not_asked"", ""has_children"": ""observed"", ""lifestyle"": ""not_asked"", ""partner_children"": ""observed"", ""partner_smoking"": ""observed"", ""relationship_goal"": ""not_asked"", ""relationship_pace"": ""not_asked"", ""relationship_structure"": ""observed"", ""relocate"": ""not_asked"", ""schedule"": ""observed"", ""smoking"": ""observed"", ""space_for_relationship"": ""not_asked"", ""wants_children"": ""observed"", ""who_to_meet"": ""observed""}","{""acceptable_zones"": 4, ""age_max"": 4, ""age_min"": 4, ""conversations"": null, ""emotional_availability"": null, ""has_children"": 4, ""lifestyle"": null, ""partner_children"": 4, ""partner_smoking"": 4, ""relationship_goal"": null, ""relationship_pace"": null, ""relationship_structure"": 4, ""relocate"": null, ""schedule"": 4, ""smoking"": 4, ""space_for_relationship"": null, ""wants_children"": 4, ""who_to_meet"": 4}"
syn_506f5686c1f2c5c96179dcea961ff5b7,public_08,28,man,zone_c,True,synthetic_questionnaire,True,0,"[""zone_c""]",32,24,playful,taking_time,False,mixed,any,any,long_term,steady,monogamous,unsure,"[""weekend_evening"", ""weekend_day""]",no,ample,unsure,"[""man""]",observed,observed,observed,observed,observed,observed,observed,observed,observed,observed,observed,observed,observed,observed,observed,observed,observed,observed,0,0,0,0,0,0,0,0,0,0,0,0,0,0,0,0,0,0,"{""acceptable_zones"": [""zone_c""], ""age_max"": 32, ""age_min"": 24, ""conversations"": ""playful"", ""emotional_availability"": ""taking_time"", ""has_children"": false, ""lifestyle"": ""mixed"", ""partner_children"": ""any"", ""partner_smoking"": ""any"", ""relationship_goal"": ""long_term"", ""relationship_pace"": ""steady"", ""relationship_structure"": ""monogamous"", ""relocate"": ""unsure"", ""schedule"": [""weekend_evening"", ""weekend_day""], ""smoking"": ""no"", ""space_for_relationship"": ""ample"", ""wants_children"": ""unsure"", ""who_to_meet"": [""man""]}","{""acceptable_zones"": ""observed"", ""age_max"": ""observed"", ""age_min"": ""observed"", ""conversations"": ""observed"", ""emotional_availability"": ""observed"", ""has_children"": ""observed"", ""lifestyle"": ""observed"", ""partner_children"": ""observed"", ""partner_smoking"": ""observed"", ""relationship_goal"": ""observed"", ""relationship_pace"": ""observed"", ""relationship_structure"": ""observed"", ""relocate"": ""observed"", ""schedule"": ""observed"", ""smoking"": ""observed"", ""space_for_relationship"": ""observed"", ""wants_children"": ""observed"", ""who_to_meet"": ""observed""}","{""acceptable_zones"": 0, ""age_max"": 0, ""age_min"": 0, ""conversations"": 0, ""emotional_availability"": 0, ""has_children"": 0, ""lifestyle"": 0, ""partner_children"": 0, ""partner_smoking"": 0, ""relationship_goal"": 0, ""relationship_pace"": 0, ""relationship_structure"": 0, ""relocate"": 0, ""schedule"": 0, ""smoking"": 0, ""space_for_relationship"": 0, ""wants_children"": 0, ""who_to_meet"": 0}"
syn_7a9e23ca73107c8e37822bab3f148664,public_08,34,woman,zone_c,True,synthetic_questionnaire,True,0,"[""zone_c"", ""zone_b""]",,,,,,,,,,,,,"[""weekday_evening"", ""weekend_evening"", ""weekend_day""]",,,,,observed,declined,not_asked,not_asked,not_asked,not_asked,not_asked,not_asked,not_asked,not_asked,not_asked,not_asked,not_asked,observed,not_asked,declined,not_asked,declined,0,,,,,,,,,,,,,0,,,,,"{""acceptable_zones"": [""zone_c"", ""zone_b""], ""age_max"": null, ""age_min"": null, ""conversations"": null, ""emotional_availability"": null, ""has_children"": null, ""lifestyle"": null, ""partner_children"": null, ""partner_smoking"": null, ""relationship_goal"": null, ""relationship_pace"": null, ""relationship_structure"": null, ""relocate"": null, ""schedule"": [""weekday_evening"", ""weekend_evening"", ""weekend_day""], ""smoking"": null, ""space_for_relationship"": null, ""wants_children"": null, ""who_to_meet"": null}","{""acceptable_zones"": ""observed"", ""age_max"": ""declined"", ""age_min"": ""not_asked"", ""conversations"": ""not_asked"", ""emotional_availability"": ""not_asked"", ""has_children"": ""not_asked"", ""lifestyle"": ""not_asked"", ""partner_children"": ""not_asked"", ""partner_smoking"": ""not_asked"", ""relationship_goal"": ""not_asked"", ""relationship_pace"": ""not_asked"", ""relationship_structure"": ""not_asked"", ""relocate"": ""not_asked"", ""schedule"": ""observed"", ""smoking"": ""not_asked"", ""space_for_relationship"": ""declined"", ""wants_children"": ""not_asked"", ""who_to_meet"": ""declined""}","{""acceptable_zones"": 0, ""age_max"": null, ""age_min"": null, ""conversations"": null, ""emotional_availability"": null, ""has_children"": null, ""lifestyle"": null, ""partner_children"": null, ""partner_smoking"": null, ""relationship_goal"": null, ""relationship_pace"": null, ""relationship_structure"": null, ""relocate"": null, ""schedule"": 0, ""smoking"": null, ""space_for_relationship"": null, ""wants_children"": null, ""who_to_meet"": null}"
syn_c1b12023c2b3df940b4c01de5a7bf0cf,public_08,44,woman,zone_b,True,synthetic_questionnaire,True,0,"[""zone_b""]",50,34,stories,taking_time,False,mixed,any,no_smoking,long_term,slow,monogamous,yes,"[""weekday_evening"", ""weekend_evening""]",no,ample,no,"[""man"", ""non_binary"", ""woman""]",observed,observed,observed,observed,observed,observed,observed,observed,observed,observed,observed,observed,observed,observed,observed,observed,observed,observed,0,0,0,0,0,0,0,0,0,0,0,0,0,0,0,0,0,0,"{""acceptable_zones"": [""zone_b""], ""age_max"": 50, ""age_min"": 34, ""conversations"": ""stories"", ""emotional_availability"": ""taking_time"", ""has_children"": false, ""lifestyle"": ""mixed"", ""partner_children"": ""any"", ""partner_smoking"": ""no_smoking"", ""relationship_goal"": ""long_term"", ""relationship_pace"": ""slow"", ""relationship_structure"": ""monogamous"", ""relocate"": ""yes"", ""schedule"": [""weekday_evening"", ""weekend_evening""], ""smoking"": ""no"", ""space_for_relationship"": ""ample"", ""wants_children"": ""no"", ""who_to_meet"": [""man"", ""non_binary"", ""woman""]}","{""acceptable_zones"": ""observed"", ""age_max"": ""observed"", ""age_min"": ""observed"", ""conversations"": ""observed"", ""emotional_availability"": ""observed"", ""has_children"": ""observed"", ""lifestyle"": ""observed"", ""partner_children"": ""observed"", ""partner_smoking"": ""observed"", ""relationship_goal"": ""observed"", ""relationship_pace"": ""observed"", ""relationship_structure"": ""observed"", ""relocate"": ""observed"", ""schedule"": ""observed"", ""smoking"": ""observed"", ""space_for_relationship"": ""observed"", ""wants_children"": ""observed"", ""who_to_meet"": ""observed""}","{""acceptable_zones"": 0, ""age_max"": 0, ""age_min"": 0, ""conversations"": 0, ""emotional_availability"": 0, ""has_children"": 0, ""lifestyle"": 0, ""partner_children"": 0, ""partner_smoking"": 0, ""relationship_goal"": 0, ""relationship_pace"": 0, ""relationship_structure"": 0, ""relocate"": 0, ""schedule"": 0, ""smoking"": 0, ""space_for_relationship"": 0, ""wants_children"": 0, ""who_to_meet"": 0}"
syn_82d77a18032fac7c4dd80b7f11895e11,public_08,38,man,zone_b,True,synthetic_questionnaire,True,0,"[""zone_b""]",41,29,,,False,,no_children,any,,,monogamous,,"[""weekend_day"", ""weekend_evening""]",no,,yes,"[""man""]",observed,observed,observed,not_asked,not_asked,observed,not_asked,observed,observed,not_asked,not_asked,observed,not_asked,observed,observed,not_asked,observed,observed,4,4,4,,,4,,4,4,,,4,,4,4,,4,4,"{""acceptable_zones"": [""zone_b""], ""age_max"": 41, ""age_min"": 29, ""conversations"": null, ""emotional_availability"": null, ""has_children"": false, ""lifestyle"": null, ""partner_children"": ""no_children"", ""partner_smoking"": ""any"", ""relationship_goal"": null, ""relationship_pace"": null, ""relationship_structure"": ""monogamous"", ""relocate"": null, ""schedule"": [""weekend_day"", ""weekend_evening""], ""smoking"": ""no"", ""space_for_relationship"": null, ""wants_children"": ""yes"", ""who_to_meet"": [""man""]}","{""acceptable_zones"": ""observed"", ""age_max"": ""observed"", ""age_min"": ""observed"", ""conversations"": ""not_asked"", ""emotional_availability"": ""not_asked"", ""has_children"": ""observed"", ""lifestyle"": ""not_asked"", ""partner_children"": ""observed"", ""partner_smoking"": ""observed"", ""relationship_goal"": ""not_asked"", ""relationship_pace"": ""not_asked"", ""relationship_structure"": ""observed"", ""relocate"": ""not_asked"", ""schedule"": ""observed"", ""smoking"": ""observed"", ""space_for_relationship"": ""not_asked"", ""wants_children"": ""observed"", ""who_to_meet"": ""observed""}","{""acceptable_zones"": 4, ""age_max"": 4, ""age_min"": 4, ""conversations"": null, ""emotional_availability"": null, ""has_children"": 4, ""lifestyle"": null, ""partner_children"": 4, ""partner_smoking"": 4, ""relationship_goal"": null, ""relationship_pace"": null, ""relationship_structure"": 4, ""relocate"": null, ""schedule"": 4, ""smoking"": 4, ""space_for_relationship"": null, ""wants_children"": 4, ""who_to_meet"": 4}"
syn_1d3083dd7b841a30ba21d61462275178,public_08,21,woman,zone_a,True,synthetic_questionnaire,True,0,"[""zone_a"", ""zone_d""]",28,18,playful,,False,,any,any,,,non_monogamous,,"[""weekend_day""]",no,,unsure,"[""woman""]",observed,observed,observed,observed,not_asked,observed,not_asked,observed,observed,not_asked,not_asked,observed,not_asked,observed,observed,not_asked,observed,observed,4,4,4,0,,4,,4,4,,,4,,4,4,,4,4,"{""acceptable_zones"": [""zone_a"", ""zone_d""], ""age_max"": 28, ""age_min"": 18, ""conversations"": ""playful"", ""emotional_availability"": null, ""has_children"": false, ""lifestyle"": null, ""partner_children"": ""any"", ""partner_smoking"": ""any"", ""relationship_goal"": null, ""relationship_pace"": null, ""relationship_structure"": ""non_monogamous"", ""relocate"": null, ""schedule"": [""weekend_day""], ""smoking"": ""no"", ""space_for_relationship"": null, ""wants_children"": ""unsure"", ""who_to_meet"": [""woman""]}","{""acceptable_zones"": ""observed"", ""age_max"": ""observed"", ""age_min"": ""observed"", ""conversations"": ""observed"", ""emotional_availability"": ""not_asked"", ""has_children"": ""observed"", ""lifestyle"": ""not_asked"", ""partner_children"": ""observed"", ""partner_smoking"": ""observed"", ""relationship_goal"": ""not_asked"", ""relationship_pace"": ""not_asked"", ""relationship_structure"": ""observed"", ""relocate"": ""not_asked"", ""schedule"": ""observed"", ""smoking"": ""observed"", ""space_for_relationship"": ""not_asked"", ""wants_children"": ""observed"", ""who_to_meet"": ""observed""}","{""acceptable_zones"": 4, ""age_max"": 4, ""age_min"": 4, ""conversations"": 0, ""emotional_availability"": null, ""has_children"": 4, ""lifestyle"": null, ""partner_children"": 4, ""partner_smoking"": 4, ""relationship_goal"": null, ""relationship_pace"": null, ""relationship_structure"": 4, ""relocate"": null, ""schedule"": 4, ""smoking"": 4, ""space_for_relationship"": null, ""wants_children"": 4, ""who_to_meet"": 4}"
syn_c4b5bdc0bc69886ead60e7acbe3682d2,public_08,38,woman,zone_a,False,synthetic_questionnaire,True,0,"[""zone_a""]",41,31,,,False,,no_children,any,,,monogamous,,"[""weekend_evening"", ""weekday_evening""]",no,,unsure,"[""non_binary"", ""man"", ""woman""]",observed,observed,observed,declined,declined,observed,declined,observed,observed,not_asked,not_asked,observed,not_asked,observed,observed,not_asked,observed,observed,5,5,5,,,5,,5,5,,,5,,5,5,,5,5,"{""acceptable_zones"": [""zone_a""], ""age_max"": 41, ""age_min"": 31, ""conversations"": null, ""emotional_availability"": null, ""has_children"": false, ""lifestyle"": null, ""partner_children"": ""no_children"", ""partner_smoking"": ""any"", ""relationship_goal"": null, ""relationship_pace"": null, ""relationship_structure"": ""monogamous"", ""relocate"": null, ""schedule"": [""weekend_evening"", ""weekday_evening""], ""smoking"": ""no"", ""space_for_relationship"": null, ""wants_children"": ""unsure"", ""who_to_meet"": [""non_binary"", ""man"", ""woman""]}","{""acceptable_zones"": ""observed"", ""age_max"": ""observed"", ""age_min"": ""observed"", ""conversations"": ""declined"", ""emotional_availability"": ""declined"", ""has_children"": ""observed"", ""lifestyle"": ""declined"", ""partner_children"": ""observed"", ""partner_smoking"": ""observed"", ""relationship_goal"": ""not_asked"", ""relationship_pace"": ""not_asked"", ""relationship_structure"": ""observed"", ""relocate"": ""not_asked"", ""schedule"": ""observed"", ""smoking"": ""observed"", ""space_for_relationship"": ""not_asked"", ""wants_children"": ""observed"", ""who_to_meet"": ""observed""}","{""acceptable_zones"": 5, ""age_max"": 5, ""age_min"": 5, ""conversations"": null, ""emotional_availability"": null, ""has_children"": 5, ""lifestyle"": null, ""partner_children"": 5, ""partner_smoking"": 5, ""relationship_goal"": null, ""relationship_pace"": null, ""relationship_structure"": 5, ""relocate"": null, ""schedule"": 5, ""smoking"": 5, ""space_for_relationship"": null, ""wants_children"": 5, ""who_to_meet"": 5}"
syn_dab60326cf2bdffb13cbfe06a64b0410,public_08,42,woman,zone_a,True,synthetic_questionnaire,True,18,"[""zone_a""]",48,33,practical,,False,,any,no_smoking,,,monogamous,,"[""weekend_evening"", ""weekday_evening""]",no,moderate,no,"[""non_binary""]",observed,observed,observed,observed,not_asked,observed,not_asked,observed,observed,not_asked,not_asked,observed,not_asked,observed,observed,observed,observed,observed,18,18,18,18,,18,,18,18,,,18,,18,18,18,18,18,"{""acceptable_zones"": [""zone_a""], ""age_max"": 48, ""age_min"": 33, ""conversations"": ""practical"", ""emotional_availability"": null, ""has_children"": false, ""lifestyle"": null, ""partner_children"": ""any"", ""partner_smoking"": ""no_smoking"", ""relationship_goal"": null, ""relationship_pace"": null, ""relationship_structure"": ""monogamous"", ""relocate"": null, ""schedule"": [""weekend_evening"", ""weekday_evening""], ""smoking"": ""no"", ""space_for_relationship"": ""moderate"", ""wants_children"": ""no"", ""who_to_meet"": [""non_binary""]}","{""acceptable_zones"": ""observed"", ""age_max"": ""observed"", ""age_min"": ""observed"", ""conversations"": ""observed"", ""emotional_availability"": ""not_asked"", ""has_children"": ""observed"", ""lifestyle"": ""not_asked"", ""partner_children"": ""observed"", ""partner_smoking"": ""observed"", ""relationship_goal"": ""not_asked"", ""relationship_pace"": ""not_asked"", ""relationship_structure"": ""observed"", ""relocate"": ""not_asked"", ""schedule"": ""observed"", ""smoking"": ""observed"", ""space_for_relationship"": ""observed"", ""wants_children"": ""observed"", ""who_to_meet"": ""observed""}","{""acceptable_zones"": 18, ""age_max"": 18, ""age_min"": 18, ""conversations"": 18, ""emotional_availability"": null, ""has_children"": 18, ""lifestyle"": null, ""partner_children"": 18, ""partner_smoking"": 18, ""relationship_goal"": null, ""relationship_pace"": null, ""relationship_structure"": 18, ""relocate"": null, ""schedule"": 18, ""smoking"": 18, ""space_for_relationship"": 18, ""wants_children"": 18, ""who_to_meet"": 18}"
syn_d6813e53d1b1f2e94025d83acb5ad73b,public_08,32,man,zone_a,True,synthetic_questionnaire,True,0,,,,,,,,,,,,,,,,,,"[""man""]",not_asked,not_asked,not_asked,declined,not_asked,not_asked,not_asked,not_asked,not_asked,not_asked,not_asked,not_asked,not_asked,declined,not_asked,not_asked,not_asked,observed,,,,,,,,,,,,,,,,,,0,"{""acceptable_zones"": null, ""age_max"": null, ""age_min"": null, ""conversations"": null, ""emotional_availability"": null, ""has_children"": null, ""lifestyle"": null, ""partner_children"": null, ""partner_smoking"": null, ""relationship_goal"": null, ""relationship_pace"": null, ""relationship_structure"": null, ""relocate"": null, ""schedule"": null, ""smoking"": null, ""space_for_relationship"": null, ""wants_children"": null, ""who_to_meet"": [""man""]}","{""acceptable_zones"": ""not_asked"", ""age_max"": ""not_asked"", ""age_min"": ""not_asked"", ""conversations"": ""declined"", ""emotional_availability"": ""not_asked"", ""has_children"": ""not_asked"", ""lifestyle"": ""not_asked"", ""partner_children"": ""not_asked"", ""partner_smoking"": ""not_asked"", ""relationship_goal"": ""not_asked"", ""relationship_pace"": ""not_asked"", ""relationship_structure"": ""not_asked"", ""relocate"": ""not_asked"", ""schedule"": ""declined"", ""smoking"": ""not_asked"", ""space_for_relationship"": ""not_asked"", ""wants_children"": ""not_asked"", ""who_to_meet"": ""observed""}","{""acceptable_zones"": null, ""age_max"": null, ""age_min"": null, ""conversations"": null, ""emotional_availability"": null, ""has_children"": null, ""lifestyle"": null, ""partner_children"": null, ""partner_smoking"": null, ""relationship_goal"": null, ""relationship_pace"": null, ""relationship_structure"": null, ""relocate"": null, ""schedule"": null, ""smoking"": null, ""space_for_relationship"": null, ""wants_children"": null, ""who_to_meet"": 0}"
syn_9c493583c81ce47f35a6d6c5579918dc,public_08,35,woman,zone_b,True,synthetic_questionnaire,True,0,,,,,,,,no_children,,,,,,,,,,,not_asked,not_asked,not_asked,not_asked,not_asked,not_asked,not_asked,observed,not_asked,not_asked,not_asked,not_asked,not_asked,not_asked,not_asked,not_asked,declined,not_asked,,,,,,,,0,,,,,,,,,,,"{""acceptable_zones"": null, ""age_max"": null, ""age_min"": null, ""conversations"": null, ""emotional_availability"": null, ""has_children"": null, ""lifestyle"": null, ""partner_children"": ""no_children"", ""partner_smoking"": null, ""relationship_goal"": null, ""relationship_pace"": null, ""relationship_structure"": null, ""relocate"": null, ""schedule"": null, ""smoking"": null, ""space_for_relationship"": null, ""wants_children"": null, ""who_to_meet"": null}","{""acceptable_zones"": ""not_asked"", ""age_max"": ""not_asked"", ""age_min"": ""not_asked"", ""conversations"": ""not_asked"", ""emotional_availability"": ""not_asked"", ""has_children"": ""not_asked"", ""lifestyle"": ""not_asked"", ""partner_children"": ""observed"", ""partner_smoking"": ""not_asked"", ""relationship_goal"": ""not_asked"", ""relationship_pace"": ""not_asked"", ""relationship_structure"": ""not_asked"", ""relocate"": ""not_asked"", ""schedule"": ""not_asked"", ""smoking"": ""not_asked"", ""space_for_relationship"": ""not_asked"", ""wants_children"": ""declined"", ""who_to_meet"": ""not_asked""}","{""acceptable_zones"": null, ""age_max"": null, ""age_min"": null, ""conversations"": null, ""emotional_availability"": null, ""has_children"": null, ""lifestyle"": null, ""partner_children"": 0, ""partner_smoking"": null, ""relationship_goal"": null, ""relationship_pace"": null, ""relationship_structure"": null, ""relocate"": null, ""schedule"": null, ""smoking"": null, ""space_for_relationship"": null, ""wants_children"": null, ""who_to_meet"": null}"
syn_9dc3a5eac3591712b30dae187c9241c9,public_08,41,woman,zone_a,False,synthetic_questionnaire,True,12,"[""zone_a""]",51,38,,,False,,no_children,any,,,monogamous,,"[""weekend_evening"", ""weekend_day""]",no,,yes,"[""woman""]",observed,observed,observed,not_asked,not_asked,observed,not_asked,observed,observed,not_asked,not_asked,observed,not_asked,observed,observed,not_asked,observed,observed,12,12,12,,,12,,12,12,,,12,,12,12,,12,12,"{""acceptable_zones"": [""zone_a""], ""age_max"": 51, ""age_min"": 38, ""conversations"": null, ""emotional_availability"": null, ""has_children"": false, ""lifestyle"": null, ""partner_children"": ""no_children"", ""partner_smoking"": ""any"", ""relationship_goal"": null, ""relationship_pace"": null, ""relationship_structure"": ""monogamous"", ""relocate"": null, ""schedule"": [""weekend_evening"", ""weekend_day""], ""smoking"": ""no"", ""space_for_relationship"": null, ""wants_children"": ""yes"", ""who_to_meet"": [""woman""]}","{""acceptable_zones"": ""observed"", ""age_max"": ""observed"", ""age_min"": ""observed"", ""conversations"": ""not_asked"", ""emotional_availability"": ""not_asked"", ""has_children"": ""observed"", ""lifestyle"": ""not_asked"", ""partner_children"": ""observed"", ""partner_smoking"": ""observed"", ""relationship_goal"": ""not_asked"", ""relationship_pace"": ""not_asked"", ""relationship_structure"": ""observed"", ""relocate"": ""not_asked"", ""schedule"": ""observed"", ""smoking"": ""observed"", ""space_for_relationship"": ""not_asked"", ""wants_children"": ""observed"", ""who_to_meet"": ""observed""}","{""acceptable_zones"": 12, ""age_max"": 12, ""age_min"": 12, ""conversations"": null, ""emotional_availability"": null, ""has_children"": 12, ""lifestyle"": null, ""partner_children"": 12, ""partner_smoking"": 12, ""relationship_goal"": null, ""relationship_pace"": null, ""relationship_structure"": 12, ""relocate"": null, ""schedule"": 12, ""smoking"": 12, ""space_for_relationship"": null, ""wants_children"": 12, ""who_to_meet"": 12}"
syn_c8168fd74d73ad54c6f871036d120f00,public_08,40,man,zone_a,True,synthetic_questionnaire,True,0,,,,,,,,,,,,,,"[""weekend_evening"", ""weekend_day""]",,,,,not_asked,not_asked,not_asked,not_asked,not_asked,not_asked,not_asked,not_asked,not_asked,not_asked,not_asked,not_asked,not_asked,observed,not_asked,not_asked,declined,not_asked,,,,,,,,,,,,,,0,,,,,"{""acceptable_zones"": null, ""age_max"": null, ""age_min"": null, ""conversations"": null, ""emotional_availability"": null, ""has_children"": null, ""lifestyle"": null, ""partner_children"": null, ""partner_smoking"": null, ""relationship_goal"": null, ""relationship_pace"": null, ""relationship_structure"": null, ""relocate"": null, ""schedule"": [""weekend_evening"", ""weekend_day""], ""smoking"": null, ""space_for_relationship"": null, ""wants_children"": null, ""who_to_meet"": null}","{""acceptable_zones"": ""not_asked"", ""age_max"": ""not_asked"", ""age_min"": ""not_asked"", ""conversations"": ""not_asked"", ""emotional_availability"": ""not_asked"", ""has_children"": ""not_asked"", ""lifestyle"": ""not_asked"", ""partner_children"": ""not_asked"", ""partner_smoking"": ""not_asked"", ""relationship_goal"": ""not_asked"", ""relationship_pace"": ""not_asked"", ""relationship_structure"": ""not_asked"", ""relocate"": ""not_asked"", ""schedule"": ""observed"", ""smoking"": ""not_asked"", ""space_for_relationship"": ""not_asked"", ""wants_children"": ""declined"", ""who_to_meet"": ""not_asked""}","{""acceptable_zones"": null, ""age_max"": null, ""age_min"": null, ""conversations"": null, ""emotional_availability"": null, ""has_children"": null, ""lifestyle"": null, ""partner_children"": null, ""partner_smoking"": null, ""relationship_goal"": null, ""relationship_pace"": null, ""relationship_structure"": null, ""relocate"": null, ""schedule"": 0, ""smoking"": null, ""space_for_relationship"": null, ""wants_children"": null, ""who_to_meet"": null}"
syn_d9d799b5872fe2ce0188df87b10cee95,public_08,32,man,zone_a,True,synthetic_questionnaire,True,0,,,,,,,,,,long_term,,,,"[""weekend_day"", ""weekday_evening"", ""weekend_evening""]",,,yes,,not_asked,not_asked,not_asked,not_asked,not_asked,not_asked,not_asked,not_asked,declined,observed,not_asked,not_asked,not_asked,observed,not_asked,not_asked,observed,not_asked,,,,,,,,,,0,,,,0,,,0,,"{""acceptable_zones"": null, ""age_max"": null, ""age_min"": null, ""conversations"": null, ""emotional_availability"": null, ""has_children"": null, ""lifestyle"": null, ""partner_children"": null, ""partner_smoking"": null, ""relationship_goal"": ""long_term"", ""relationship_pace"": null, ""relationship_structure"": null, ""relocate"": null, ""schedule"": [""weekend_day"", ""weekday_evening"", ""weekend_evening""], ""smoking"": null, ""space_for_relationship"": null, ""wants_children"": ""yes"", ""who_to_meet"": null}","{""acceptable_zones"": ""not_asked"", ""age_max"": ""not_asked"", ""age_min"": ""not_asked"", ""conversations"": ""not_asked"", ""emotional_availability"": ""not_asked"", ""has_children"": ""not_asked"", ""lifestyle"": ""not_asked"", ""partner_children"": ""not_asked"", ""partner_smoking"": ""declined"", ""relationship_goal"": ""observed"", ""relationship_pace"": ""not_asked"", ""relationship_structure"": ""not_asked"", ""relocate"": ""not_asked"", ""schedule"": ""observed"", ""smoking"": ""not_asked"", ""space_for_relationship"": ""not_asked"", ""wants_children"": ""observed"", ""who_to_meet"": ""not_asked""}","{""acceptable_zones"": null, ""age_max"": null, ""age_min"": null, ""conversations"": null, ""emotional_availability"": null, ""has_children"": null, ""lifestyle"": null, ""partner_children"": null, ""partner_smoking"": null, ""relationship_goal"": 0, ""relationship_pace"": null, ""relationship_structure"": null, ""relocate"": null, ""schedule"": 0, ""smoking"": null, ""space_for_relationship"": null, ""wants_children"": 0, ""who_to_meet"": null}"
syn_e70d3c4f1e660624b9845df3b8768dea,public_08,46,man,zone_a,True,synthetic_questionnaire,True,0,,,,,,,social,,,,,,,,,,,,not_asked,not_asked,not_asked,not_asked,not_asked,not_asked,observed,not_asked,not_asked,not_asked,not_asked,not_asked,not_asked,not_asked,not_asked,not_asked,declined,not_asked,,,,,,,0,,,,,,,,,,,,"{""acceptable_zones"": null, ""age_max"": null, ""age_min"": null, ""conversations"": null, ""emotional_availability"": null, ""has_children"": null, ""lifestyle"": ""social"", ""partner_children"": null, ""partner_smoking"": null, ""relationship_goal"": null, ""relationship_pace"": null, ""relationship_structure"": null, ""relocate"": null, ""schedule"": null, ""smoking"": null, ""space_for_relationship"": null, ""wants_children"": null, ""who_to_meet"": null}","{""acceptable_zones"": ""not_asked"", ""age_max"": ""not_asked"", ""age_min"": ""not_asked"", ""conversations"": ""not_asked"", ""emotional_availability"": ""not_asked"", ""has_children"": ""not_asked"", ""lifestyle"": ""observed"", ""partner_children"": ""not_asked"", ""partner_smoking"": ""not_asked"", ""relationship_goal"": ""not_asked"", ""relationship_pace"": ""not_asked"", ""relationship_structure"": ""not_asked"", ""relocate"": ""not_asked"", ""schedule"": ""not_asked"", ""smoking"": ""not_asked"", ""space_for_relationship"": ""not_asked"", ""wants_children"": ""declined"", ""who_to_meet"": ""not_asked""}","{""acceptable_zones"": null, ""age_max"": null, ""age_min"": null, ""conversations"": null, ""emotional_availability"": null, ""has_children"": null, ""lifestyle"": 0, ""partner_children"": null, ""partner_smoking"": null, ""relationship_goal"": null, ""relationship_pace"": null, ""relationship_structure"": null, ""relocate"": null, ""schedule"": null, ""smoking"": null, ""space_for_relationship"": null, ""wants_children"": null, ""who_to_meet"": null}"
syn_bb9ae005f6eda18d83741f91ce978ea7,public_08,24,man,zone_b,True,synthetic_questionnaire,True,6,,,,stories,,,,,,,,monogamous,,,,,,,declined,not_asked,not_asked,observed,not_asked,not_asked,not_asked,not_asked,not_asked,declined,not_asked,observed,not_asked,not_asked,not_asked,not_asked,not_asked,not_asked,,,,6,,,,,,,,6,,,,,,,"{""acceptable_zones"": null, ""age_max"": null, ""age_min"": null, ""conversations"": ""stories"", ""emotional_availability"": null, ""has_children"": null, ""lifestyle"": null, ""partner_children"": null, ""partner_smoking"": null, ""relationship_goal"": null, ""relationship_pace"": null, ""relationship_structure"": ""monogamous"", ""relocate"": null, ""schedule"": null, ""smoking"": null, ""space_for_relationship"": null, ""wants_children"": null, ""who_to_meet"": null}","{""acceptable_zones"": ""declined"", ""age_max"": ""not_asked"", ""age_min"": ""not_asked"", ""conversations"": ""observed"", ""emotional_availability"": ""not_asked"", ""has_children"": ""not_asked"", ""lifestyle"": ""not_asked"", ""partner_children"": ""not_asked"", ""partner_smoking"": ""not_asked"", ""relationship_goal"": ""declined"", ""relationship_pace"": ""not_asked"", ""relationship_structure"": ""observed"", ""relocate"": ""not_asked"", ""schedule"": ""not_asked"", ""smoking"": ""not_asked"", ""space_for_relationship"": ""not_asked"", ""wants_children"": ""not_asked"", ""who_to_meet"": ""not_asked""}","{""acceptable_zones"": null, ""age_max"": null, ""age_min"": null, ""conversations"": 6, ""emotional_availability"": null, ""has_children"": null, ""lifestyle"": null, ""partner_children"": null, ""partner_smoking"": null, ""relationship_goal"": null, ""relationship_pace"": null, ""relationship_structure"": 6, ""relocate"": null, ""schedule"": null, ""smoking"": null, ""space_for_relationship"": null, ""wants_children"": null, ""who_to_meet"": null}"
syn_d6c107c4b905f822d30abe1ad4e37527,public_08,40,woman,zone_a,False,synthetic_questionnaire,True,0,"[""zone_a""]",43,34,practical,taking_time,False,social,no_children,no_smoking,long_term,slow,monogamous,no,"[""weekend_evening"", ""weekday_evening""]",no,ample,yes,"[""woman""]",observed,observed,observed,observed,observed,observed,observed,observed,observed,observed,observed,observed,observed,observed,observed,observed,observed,observed,0,0,0,0,0,0,0,0,0,0,0,0,0,0,0,0,0,0,"{""acceptable_zones"": [""zone_a""], ""age_max"": 43, ""age_min"": 34, ""conversations"": ""practical"", ""emotional_availability"": ""taking_time"", ""has_children"": false, ""lifestyle"": ""social"", ""partner_children"": ""no_children"", ""partner_smoking"": ""no_smoking"", ""relationship_goal"": ""long_term"", ""relationship_pace"": ""slow"", ""relationship_structure"": ""monogamous"", ""relocate"": ""no"", ""schedule"": [""weekend_evening"", ""weekday_evening""], ""smoking"": ""no"", ""space_for_relationship"": ""ample"", ""wants_children"": ""yes"", ""who_to_meet"": [""woman""]}","{""acceptable_zones"": ""observed"", ""age_max"": ""observed"", ""age_min"": ""observed"", ""conversations"": ""observed"", ""emotional_availability"": ""observed"", ""has_children"": ""observed"", ""lifestyle"": ""observed"", ""partner_children"": ""observed"", ""partner_smoking"": ""observed"", ""relationship_goal"": ""observed"", ""relationship_pace"": ""observed"", ""relationship_structure"": ""observed"", ""relocate"": ""observed"", ""schedule"": ""observed"", ""smoking"": ""observed"", ""space_for_relationship"": ""observed"", ""wants_children"": ""observed"", ""who_to_meet"": ""observed""}","{""acceptable_zones"": 0, ""age_max"": 0, ""age_min"": 0, ""conversations"": 0, ""emotional_availability"": 0, ""has_children"": 0, ""lifestyle"": 0, ""partner_children"": 0, ""partner_smoking"": 0, ""relationship_goal"": 0, ""relationship_pace"": 0, ""relationship_structure"": 0, ""relocate"": 0, ""schedule"": 0, ""smoking"": 0, ""space_for_relationship"": 0, ""wants_children"": 0, ""who_to_meet"": 0}"
syn_9cd29f813a0c3f41ec396ea6de024b96,public_08,29,man,zone_c,True,synthetic_questionnaire,True,0,"[""zone_c""]",36,24,,,False,quiet,any,no_smoking,,,non_monogamous,,"[""weekend_day""]",no,ample,yes,"[""man"", ""non_binary""]",observed,observed,observed,not_asked,not_asked,observed,observed,observed,observed,not_asked,not_asked,observed,not_asked,observed,observed,observed,observed,observed,5,5,5,,,5,0,5,5,,,5,,5,5,0,5,5,"{""acceptable_zones"": [""zone_c""], ""age_max"": 36, ""age_min"": 24, ""conversations"": null, ""emotional_availability"": null, ""has_children"": false, ""lifestyle"": ""quiet"", ""partner_children"": ""any"", ""partner_smoking"": ""no_smoking"", ""relationship_goal"": null, ""relationship_pace"": null, ""relationship_structure"": ""non_monogamous"", ""relocate"": null, ""schedule"": [""weekend_day""], ""smoking"": ""no"", ""space_for_relationship"": ""ample"", ""wants_children"": ""yes"", ""who_to_meet"": [""man"", ""non_binary""]}","{""acceptable_zones"": ""observed"", ""age_max"": ""observed"", ""age_min"": ""observed"", ""conversations"": ""not_asked"", ""emotional_availability"": ""not_asked"", ""has_children"": ""observed"", ""lifestyle"": ""observed"", ""partner_children"": ""observed"", ""partner_smoking"": ""observed"", ""relationship_goal"": ""not_asked"", ""relationship_pace"": ""not_asked"", ""relationship_structure"": ""observed"", ""relocate"": ""not_asked"", ""schedule"": ""observed"", ""smoking"": ""observed"", ""space_for_relationship"": ""observed"", ""wants_children"": ""observed"", ""who_to_meet"": ""observed""}","{""acceptable_zones"": 5, ""age_max"": 5, ""age_min"": 5, ""conversations"": null, ""emotional_availability"": null, ""has_children"": 5, ""lifestyle"": 0, ""partner_children"": 5, ""partner_smoking"": 5, ""relationship_goal"": null, ""relationship_pace"": null, ""relationship_structure"": 5, ""relocate"": null, ""schedule"": 5, ""smoking"": 5, ""space_for_relationship"": 0, ""wants_children"": 5, ""who_to_meet"": 5}"
syn_19b40b0a1d97aeea75e5e8d7a463751c,public_08,23,woman,zone_a,False,synthetic_questionnaire,True,0,"[""zone_a""]",33,18,practical,taking_time,False,mixed,any,any,exploring,slow,monogamous,unsure,"[""weekday_evening"", ""weekend_evening""]",no,limited,unsure,"[""non_binary"", ""man"", ""woman""]",observed,observed,observed,observed,observed,observed,observed,observed,observed,observed,observed,observed,observed,observed,observed,observed,observed,observed,0,0,0,0,0,0,0,0,0,0,0,0,0,0,0,0,0,0,"{""acceptable_zones"": [""zone_a""], ""age_max"": 33, ""age_min"": 18, ""conversations"": ""practical"", ""emotional_availability"": ""taking_time"", ""has_children"": false, ""lifestyle"": ""mixed"", ""partner_children"": ""any"", ""partner_smoking"": ""any"", ""relationship_goal"": ""exploring"", ""relationship_pace"": ""slow"", ""relationship_structure"": ""monogamous"", ""relocate"": ""unsure"", ""schedule"": [""weekday_evening"", ""weekend_evening""], ""smoking"": ""no"", ""space_for_relationship"": ""limited"", ""wants_children"": ""unsure"", ""who_to_meet"": [""non_binary"", ""man"", ""woman""]}","{""acceptable_zones"": ""observed"", ""age_max"": ""observed"", ""age_min"": ""observed"", ""conversations"": ""observed"", ""emotional_availability"": ""observed"", ""has_children"": ""observed"", ""lifestyle"": ""observed"", ""partner_children"": ""observed"", ""partner_smoking"": ""observed"", ""relationship_goal"": ""observed"", ""relationship_pace"": ""observed"", ""relationship_structure"": ""observed"", ""relocate"": ""observed"", ""schedule"": ""observed"", ""smoking"": ""observed"", ""space_for_relationship"": ""observed"", ""wants_children"": ""observed"", ""who_to_meet"": ""observed""}","{""acceptable_zones"": 0, ""age_max"": 0, ""age_min"": 0, ""conversations"": 0, ""emotional_availability"": 0, ""has_children"": 0, ""lifestyle"": 0, ""partner_children"": 0, ""partner_smoking"": 0, ""relationship_goal"": 0, ""relationship_pace"": 0, ""relationship_structure"": 0, ""relocate"": 0, ""schedule"": 0, ""smoking"": 0, ""space_for_relationship"": 0, ""wants_children"": 0, ""who_to_meet"": 0}"
syn_12c7cb677b331024461e39406742da8e,public_08,41,man,zone_a,True,synthetic_questionnaire,True,0,"[""zone_a""]",45,32,stories,ready,False,social,no_children,no_smoking,exploring,quick,monogamous,yes,"[""weekend_day"", ""weekday_evening""]",no,moderate,unsure,"[""man""]",observed,observed,observed,observed,observed,observed,observed,observed,observed,observed,observed,observed,observed,observed,observed,observed,observed,observed,0,0,0,0,0,0,0,0,0,0,0,0,0,0,0,0,0,0,"{""acceptable_zones"": [""zone_a""], ""age_max"": 45, ""age_min"": 32, ""conversations"": ""stories"", ""emotional_availability"": ""ready"", ""has_children"": false, ""lifestyle"": ""social"", ""partner_children"": ""no_children"", ""partner_smoking"": ""no_smoking"", ""relationship_goal"": ""exploring"", ""relationship_pace"": ""quick"", ""relationship_structure"": ""monogamous"", ""relocate"": ""yes"", ""schedule"": [""weekend_day"", ""weekday_evening""], ""smoking"": ""no"", ""space_for_relationship"": ""moderate"", ""wants_children"": ""unsure"", ""who_to_meet"": [""man""]}","{""acceptable_zones"": ""observed"", ""age_max"": ""observed"", ""age_min"": ""observed"", ""conversations"": ""observed"", ""emotional_availability"": ""observed"", ""has_children"": ""observed"", ""lifestyle"": ""observed"", ""partner_children"": ""observed"", ""partner_smoking"": ""observed"", ""relationship_goal"": ""observed"", ""relationship_pace"": ""observed"", ""relationship_structure"": ""observed"", ""relocate"": ""observed"", ""schedule"": ""observed"", ""smoking"": ""observed"", ""space_for_relationship"": ""observed"", ""wants_children"": ""observed"", ""who_to_meet"": ""observed""}","{""acceptable_zones"": 0, ""age_max"": 0, ""age_min"": 0, ""conversations"": 0, ""emotional_availability"": 0, ""has_children"": 0, ""lifestyle"": 0, ""partner_children"": 0, ""partner_smoking"": 0, ""relationship_goal"": 0, ""relationship_pace"": 0, ""relationship_structure"": 0, ""relocate"": 0, ""schedule"": 0, ""smoking"": 0, ""space_for_relationship"": 0, ""wants_children"": 0, ""who_to_meet"": 0}"
syn_a83b1060fcdafb1c0800dee3ceaaaee4,public_08,21,man,zone_c,True,synthetic_questionnaire,True,9,"[""zone_c""]",30,18,ideas,taking_time,True,mixed,no_children,any,exploring,steady,monogamous,unsure,"[""weekend_evening"", ""weekday_evening""]",occasionally,limited,yes,"[""woman""]",observed,observed,observed,observed,observed,observed,observed,observed,observed,observed,observed,observed,observed,observed,observed,observed,observed,observed,9,9,9,9,9,9,9,9,9,9,9,9,9,9,9,9,9,9,"{""acceptable_zones"": [""zone_c""], ""age_max"": 30, ""age_min"": 18, ""conversations"": ""ideas"", ""emotional_availability"": ""taking_time"", ""has_children"": true, ""lifestyle"": ""mixed"", ""partner_children"": ""no_children"", ""partner_smoking"": ""any"", ""relationship_goal"": ""exploring"", ""relationship_pace"": ""steady"", ""relationship_structure"": ""monogamous"", ""relocate"": ""unsure"", ""schedule"": [""weekend_evening"", ""weekday_evening""], ""smoking"": ""occasionally"", ""space_for_relationship"": ""limited"", ""wants_children"": ""yes"", ""who_to_meet"": [""woman""]}","{""acceptable_zones"": ""observed"", ""age_max"": ""observed"", ""age_min"": ""observed"", ""conversations"": ""observed"", ""emotional_availability"": ""observed"", ""has_children"": ""observed"", ""lifestyle"": ""observed"", ""partner_children"": ""observed"", ""partner_smoking"": ""observed"", ""relationship_goal"": ""observed"", ""relationship_pace"": ""observed"", ""relationship_structure"": ""observed"", ""relocate"": ""observed"", ""schedule"": ""observed"", ""smoking"": ""observed"", ""space_for_relationship"": ""observed"", ""wants_children"": ""observed"", ""who_to_meet"": ""observed""}","{""acceptable_zones"": 9, ""age_max"": 9, ""age_min"": 9, ""conversations"": 9, ""emotional_availability"": 9, ""has_children"": 9, ""lifestyle"": 9, ""partner_children"": 9, ""partner_smoking"": 9, ""relationship_goal"": 9, ""relationship_pace"": 9, ""relationship_structure"": 9, ""relocate"": 9, ""schedule"": 9, ""smoking"": 9, ""space_for_relationship"": 9, ""wants_children"": 9, ""who_to_meet"": 9}"
syn_b2c53716395a465db12ec8b344311b53,public_08,26,woman,zone_b,True,synthetic_questionnaire,True,0,"[""zone_b""]",,,,,False,,,,,,monogamous,,,,,,,observed,declined,not_asked,not_asked,not_asked,observed,not_asked,not_asked,not_asked,not_asked,not_asked,observed,not_asked,not_asked,not_asked,not_asked,not_asked,not_asked,0,,,,,0,,,,,,0,,,,,,,"{""acceptable_zones"": [""zone_b""], ""age_max"": null, ""age_min"": null, ""conversations"": null, ""emotional_availability"": null, ""has_children"": false, ""lifestyle"": null, ""partner_children"": null, ""partner_smoking"": null, ""relationship_goal"": null, ""relationship_pace"": null, ""relationship_structure"": ""monogamous"", ""relocate"": null, ""schedule"": null, ""smoking"": null, ""space_for_relationship"": null, ""wants_children"": null, ""who_to_meet"": null}","{""acceptable_zones"": ""observed"", ""age_max"": ""declined"", ""age_min"": ""not_asked"", ""conversations"": ""not_asked"", ""emotional_availability"": ""not_asked"", ""has_children"": ""observed"", ""lifestyle"": ""not_asked"", ""partner_children"": ""not_asked"", ""partner_smoking"": ""not_asked"", ""relationship_goal"": ""not_asked"", ""relationship_pace"": ""not_asked"", ""relationship_structure"": ""observed"", ""relocate"": ""not_asked"", ""schedule"": ""not_asked"", ""smoking"": ""not_asked"", ""space_for_relationship"": ""not_asked"", ""wants_children"": ""not_asked"", ""who_to_meet"": ""not_asked""}","{""acceptable_zones"": 0, ""age_max"": null, ""age_min"": null, ""conversations"": null, ""emotional_availability"": null, ""has_children"": 0, ""lifestyle"": null, ""partner_children"": null, ""partner_smoking"": null, ""relationship_goal"": null, ""relationship_pace"": null, ""relationship_structure"": 0, ""relocate"": null, ""schedule"": null, ""smoking"": null, ""space_for_relationship"": null, ""wants_children"": null, ""who_to_meet"": null}"
syn_cf83d3a6a8ccf268165e15a300754f2c,public_08,25,man,zone_d,True,synthetic_questionnaire,True,0,,,,,,,,,,,,,no,,,,,,not_asked,not_asked,not_asked,not_asked,not_asked,not_asked,not_asked,not_asked,not_asked,not_asked,not_asked,not_asked,observed,not_asked,declined,declined,not_asked,not_asked,,,,,,,,,,,,,0,,,,,,"{""acceptable_zones"": null, ""age_max"": null, ""age_min"": null, ""conversations"": null, ""emotional_availability"": null, ""has_children"": null, ""lifestyle"": null, ""partner_children"": null, ""partner_smoking"": null, ""relationship_goal"": null, ""relationship_pace"": null, ""relationship_structure"": null, ""relocate"": ""no"", ""schedule"": null, ""smoking"": null, ""space_for_relationship"": null, ""wants_children"": null, ""who_to_meet"": null}","{""acceptable_zones"": ""not_asked"", ""age_max"": ""not_asked"", ""age_min"": ""not_asked"", ""conversations"": ""not_asked"", ""emotional_availability"": ""not_asked"", ""has_children"": ""not_asked"", ""lifestyle"": ""not_asked"", ""partner_children"": ""not_asked"", ""partner_smoking"": ""not_asked"", ""relationship_goal"": ""not_asked"", ""relationship_pace"": ""not_asked"", ""relationship_structure"": ""not_asked"", ""relocate"": ""observed"", ""schedule"": ""not_asked"", ""smoking"": ""declined"", ""space_for_relationship"": ""declined"", ""wants_children"": ""not_asked"", ""who_to_meet"": ""not_asked""}","{""acceptable_zones"": null, ""age_max"": null, ""age_min"": null, ""conversations"": null, ""emotional_availability"": null, ""has_children"": null, ""lifestyle"": null, ""partner_children"": null, ""partner_smoking"": null, ""relationship_goal"": null, ""relationship_pace"": null, ""relationship_structure"": null, ""relocate"": 0, ""schedule"": null, ""smoking"": null, ""space_for_relationship"": null, ""wants_children"": null, ""who_to_meet"": null}"
syn_cc026958ed7c938cd4ae1d8da903d341,public_08,40,man,zone_a,False,synthetic_questionnaire,True,1,"[""zone_a""]",44,31,practical,taking_time,False,,any,any,,quick,monogamous,,"[""weekend_day"", ""weekday_evening""]",occasionally,,no,"[""woman"", ""non_binary"", ""man""]",observed,observed,observed,observed,observed,observed,not_asked,observed,observed,not_asked,observed,observed,not_asked,observed,observed,not_asked,observed,observed,5,5,5,1,1,5,,5,5,,1,5,,5,5,,5,5,"{""acceptable_zones"": [""zone_a""], ""age_max"": 44, ""age_min"": 31, ""conversations"": ""practical"", ""emotional_availability"": ""taking_time"", ""has_children"": false, ""lifestyle"": null, ""partner_children"": ""any"", ""partner_smoking"": ""any"", ""relationship_goal"": null, ""relationship_pace"": ""quick"", ""relationship_structure"": ""monogamous"", ""relocate"": null, ""schedule"": [""weekend_day"", ""weekday_evening""], ""smoking"": ""occasionally"", ""space_for_relationship"": null, ""wants_children"": ""no"", ""who_to_meet"": [""woman"", ""non_binary"", ""man""]}","{""acceptable_zones"": ""observed"", ""age_max"": ""observed"", ""age_min"": ""observed"", ""conversations"": ""observed"", ""emotional_availability"": ""observed"", ""has_children"": ""observed"", ""lifestyle"": ""not_asked"", ""partner_children"": ""observed"", ""partner_smoking"": ""observed"", ""relationship_goal"": ""not_asked"", ""relationship_pace"": ""observed"", ""relationship_structure"": ""observed"", ""relocate"": ""not_asked"", ""schedule"": ""observed"", ""smoking"": ""observed"", ""space_for_relationship"": ""not_asked"", ""wants_children"": ""observed"", ""who_to_meet"": ""observed""}","{""acceptable_zones"": 5, ""age_max"": 5, ""age_min"": 5, ""conversations"": 1, ""emotional_availability"": 1, ""has_children"": 5, ""lifestyle"": null, ""partner_children"": 5, ""partner_smoking"": 5, ""relationship_goal"": null, ""relationship_pace"": 1, ""relationship_structure"": 5, ""relocate"": null, ""schedule"": 5, ""smoking"": 5, ""space_for_relationship"": null, ""wants_children"": 5, ""who_to_meet"": 5}"
syn_7f25b8e1b3b12d00a48d2c9bf170c8c0,public_08,32,woman,zone_a,True,synthetic_questionnaire,True,12,"[""zone_a"", ""zone_d""]",39,23,,,False,mixed,no_children,any,,,non_monogamous,,"[""weekday_evening"", ""weekend_evening"", ""weekend_day""]",occasionally,,unsure,"[""woman""]",observed,observed,observed,not_asked,not_asked,observed,observed,observed,observed,not_asked,not_asked,observed,not_asked,observed,observed,not_asked,observed,observed,12,12,12,,,12,12,12,12,,,12,,12,12,,12,12,"{""acceptable_zones"": [""zone_a"", ""zone_d""], ""age_max"": 39, ""age_min"": 23, ""conversations"": null, ""emotional_availability"": null, ""has_children"": false, ""lifestyle"": ""mixed"", ""partner_children"": ""no_children"", ""partner_smoking"": ""any"", ""relationship_goal"": null, ""relationship_pace"": null, ""relationship_structure"": ""non_monogamous"", ""relocate"": null, ""schedule"": [""weekday_evening"", ""weekend_evening"", ""weekend_day""], ""smoking"": ""occasionally"", ""space_for_relationship"": null, ""wants_children"": ""unsure"", ""who_to_meet"": [""woman""]}","{""acceptable_zones"": ""observed"", ""age_max"": ""observed"", ""age_min"": ""observed"", ""conversations"": ""not_asked"", ""emotional_availability"": ""not_asked"", ""has_children"": ""observed"", ""lifestyle"": ""observed"", ""partner_children"": ""observed"", ""partner_smoking"": ""observed"", ""relationship_goal"": ""not_asked"", ""relationship_pace"": ""not_asked"", ""relationship_structure"": ""observed"", ""relocate"": ""not_asked"", ""schedule"": ""observed"", ""smoking"": ""observed"", ""space_for_relationship"": ""not_asked"", ""wants_children"": ""observed"", ""who_to_meet"": ""observed""}","{""acceptable_zones"": 12, ""age_max"": 12, ""age_min"": 12, ""conversations"": null, ""emotional_availability"": null, ""has_children"": 12, ""lifestyle"": 12, ""partner_children"": 12, ""partner_smoking"": 12, ""relationship_goal"": null, ""relationship_pace"": null, ""relationship_structure"": 12, ""relocate"": null, ""schedule"": 12, ""smoking"": 12, ""space_for_relationship"": null, ""wants_children"": 12, ""who_to_meet"": 12}"
syn_4683ec17f32cbf01bf061822c27505c6,public_08,31,man,zone_c,True,synthetic_questionnaire,True,9,,,,,,,,,,exploring,,,unsure,,,,unsure,,not_asked,declined,not_asked,not_asked,not_asked,not_asked,not_asked,not_asked,not_asked,observed,not_asked,not_asked,observed,declined,not_asked,not_asked,observed,not_asked,,,,,,,,,,9,,,9,,,,9,,"{""acceptable_zones"": null, ""age_max"": null, ""age_min"": null, ""conversations"": null, ""emotional_availability"": null, ""has_children"": null, ""lifestyle"": null, ""partner_children"": null, ""partner_smoking"": null, ""relationship_goal"": ""exploring"", ""relationship_pace"": null, ""relationship_structure"": null, ""relocate"": ""unsure"", ""schedule"": null, ""smoking"": null, ""space_for_relationship"": null, ""wants_children"": ""unsure"", ""who_to_meet"": null}","{""acceptable_zones"": ""not_asked"", ""age_max"": ""declined"", ""age_min"": ""not_asked"", ""conversations"": ""not_asked"", ""emotional_availability"": ""not_asked"", ""has_children"": ""not_asked"", ""lifestyle"": ""not_asked"", ""partner_children"": ""not_asked"", ""partner_smoking"": ""not_asked"", ""relationship_goal"": ""observed"", ""relationship_pace"": ""not_asked"", ""relationship_structure"": ""not_asked"", ""relocate"": ""observed"", ""schedule"": ""declined"", ""smoking"": ""not_asked"", ""space_for_relationship"": ""not_asked"", ""wants_children"": ""observed"", ""who_to_meet"": ""not_asked""}","{""acceptable_zones"": null, ""age_max"": null, ""age_min"": null, ""conversations"": null, ""emotional_availability"": null, ""has_children"": null, ""lifestyle"": null, ""partner_children"": null, ""partner_smoking"": null, ""relationship_goal"": 9, ""relationship_pace"": null, ""relationship_structure"": null, ""relocate"": 9, ""schedule"": null, ""smoking"": null, ""space_for_relationship"": null, ""wants_children"": 9, ""who_to_meet"": null}"
syn_c35478d2f5a73ae0e398b26616306d2b,public_08,24,woman,zone_a,True,synthetic_questionnaire,True,1,"[""zone_a""]",28,19,,ready,False,quiet,any,no_smoking,,,monogamous,,"[""weekend_day"", ""weekend_evening"", ""weekday_evening""]",no,,yes,"[""non_binary""]",observed,observed,observed,not_asked,observed,observed,observed,observed,observed,not_asked,not_asked,observed,not_asked,observed,observed,not_asked,observed,observed,5,5,5,,1,5,1,5,5,,,5,,5,5,,5,5,"{""acceptable_zones"": [""zone_a""], ""age_max"": 28, ""age_min"": 19, ""conversations"": null, ""emotional_availability"": ""ready"", ""has_children"": false, ""lifestyle"": ""quiet"", ""partner_children"": ""any"", ""partner_smoking"": ""no_smoking"", ""relationship_goal"": null, ""relationship_pace"": null, ""relationship_structure"": ""monogamous"", ""relocate"": null, ""schedule"": [""weekend_day"", ""weekend_evening"", ""weekday_evening""], ""smoking"": ""no"", ""space_for_relationship"": null, ""wants_children"": ""yes"", ""who_to_meet"": [""non_binary""]}","{""acceptable_zones"": ""observed"", ""age_max"": ""observed"", ""age_min"": ""observed"", ""conversations"": ""not_asked"", ""emotional_availability"": ""observed"", ""has_children"": ""observed"", ""lifestyle"": ""observed"", ""partner_children"": ""observed"", ""partner_smoking"": ""observed"", ""relationship_goal"": ""not_asked"", ""relationship_pace"": ""not_asked"", ""relationship_structure"": ""observed"", ""relocate"": ""not_asked"", ""schedule"": ""observed"", ""smoking"": ""observed"", ""space_for_relationship"": ""not_asked"", ""wants_children"": ""observed"", ""who_to_meet"": ""observed""}","{""acceptable_zones"": 5, ""age_max"": 5, ""age_min"": 5, ""conversations"": null, ""emotional_availability"": 1, ""has_children"": 5, ""lifestyle"": 1, ""partner_children"": 5, ""partner_smoking"": 5, ""relationship_goal"": null, ""relationship_pace"": null, ""relationship_structure"": 5, ""relocate"": null, ""schedule"": 5, ""smoking"": 5, ""space_for_relationship"": null, ""wants_children"": 5, ""who_to_meet"": 5}"
syn_c3543a6e4224572bef55ecf655033d60,public_08,38,woman,zone_a,False,synthetic_questionnaire,True,0,"[""zone_a""]",44,31,,,False,,any,any,,,monogamous,,"[""weekday_evening""]",no,,no,"[""non_binary"", ""woman""]",observed,observed,observed,not_asked,not_asked,observed,not_asked,observed,observed,not_asked,not_asked,observed,not_asked,observed,observed,not_asked,observed,observed,6,6,6,,,6,,6,6,,,6,,6,6,,6,6,"{""acceptable_zones"": [""zone_a""], ""age_max"": 44, ""age_min"": 31, ""conversations"": null, ""emotional_availability"": null, ""has_children"": false, ""lifestyle"": null, ""partner_children"": ""any"", ""partner_smoking"": ""any"", ""relationship_goal"": null, ""relationship_pace"": null, ""relationship_structure"": ""monogamous"", ""relocate"": null, ""schedule"": [""weekday_evening""], ""smoking"": ""no"", ""space_for_relationship"": null, ""wants_children"": ""no"", ""who_to_meet"": [""non_binary"", ""woman""]}","{""acceptable_zones"": ""observed"", ""age_max"": ""observed"", ""age_min"": ""observed"", ""conversations"": ""not_asked"", ""emotional_availability"": ""not_asked"", ""has_children"": ""observed"", ""lifestyle"": ""not_asked"", ""partner_children"": ""observed"", ""partner_smoking"": ""observed"", ""relationship_goal"": ""not_asked"", ""relationship_pace"": ""not_asked"", ""relationship_structure"": ""observed"", ""relocate"": ""not_asked"", ""schedule"": ""observed"", ""smoking"": ""observed"", ""space_for_relationship"": ""not_asked"", ""wants_children"": ""observed"", ""who_to_meet"": ""observed""}","{""acceptable_zones"": 6, ""age_max"": 6, ""age_min"": 6, ""conversations"": null, ""emotional_availability"": null, ""has_children"": 6, ""lifestyle"": null, ""partner_children"": 6, ""partner_smoking"": 6, ""relationship_goal"": null, ""relationship_pace"": null, ""relationship_structure"": 6, ""relocate"": null, ""schedule"": 6, ""smoking"": 6, ""space_for_relationship"": null, ""wants_children"": 6, ""who_to_meet"": 6}"
syn_029cbdec760d3bbf204e186df1fc36c0,public_08,41,woman,zone_a,True,synthetic_questionnaire,True,0,,,,,,,,,,,,,,,,limited,,,not_asked,not_asked,not_asked,not_asked,not_asked,not_asked,not_asked,not_asked,not_asked,not_asked,not_asked,declined,not_asked,not_asked,not_asked,observed,not_asked,not_asked,,,,,,,,,,,,,,,,0,,,"{""acceptable_zones"": null, ""age_max"": null, ""age_min"": null, ""conversations"": null, ""emotional_availability"": null, ""has_children"": null, ""lifestyle"": null, ""partner_children"": null, ""partner_smoking"": null, ""relationship_goal"": null, ""relationship_pace"": null, ""relationship_structure"": null, ""relocate"": null, ""schedule"": null, ""smoking"": null, ""space_for_relationship"": ""limited"", ""wants_children"": null, ""who_to_meet"": null}","{""acceptable_zones"": ""not_asked"", ""age_max"": ""not_asked"", ""age_min"": ""not_asked"", ""conversations"": ""not_asked"", ""emotional_availability"": ""not_asked"", ""has_children"": ""not_asked"", ""lifestyle"": ""not_asked"", ""partner_children"": ""not_asked"", ""partner_smoking"": ""not_asked"", ""relationship_goal"": ""not_asked"", ""relationship_pace"": ""not_asked"", ""relationship_structure"": ""declined"", ""relocate"": ""not_asked"", ""schedule"": ""not_asked"", ""smoking"": ""not_asked"", ""space_for_relationship"": ""observed"", ""wants_children"": ""not_asked"", ""who_to_meet"": ""not_asked""}","{""acceptable_zones"": null, ""age_max"": null, ""age_min"": null, ""conversations"": null, ""emotional_availability"": null, ""has_children"": null, ""lifestyle"": null, ""partner_children"": null, ""partner_smoking"": null, ""relationship_goal"": null, ""relationship_pace"": null, ""relationship_structure"": null, ""relocate"": null, ""schedule"": null, ""smoking"": null, ""space_for_relationship"": 0, ""wants_children"": null, ""who_to_meet"": null}"
syn_60baf3acdcffb71d555c54c207f24848,public_08,36,woman,zone_b,True,synthetic_questionnaire,True,0,"[""zone_b""]",44,30,practical,ready,False,social,no_children,any,exploring,quick,monogamous,no,"[""weekend_evening"", ""weekday_evening"", ""weekend_day""]",no,moderate,no,"[""man""]",observed,observed,observed,observed,observed,observed,observed,observed,observed,observed,observed,observed,observed,observed,observed,observed,observed,observed,0,0,0,0,0,0,0,0,0,0,0,0,0,0,0,0,0,0,"{""acceptable_zones"": [""zone_b""], ""age_max"": 44, ""age_min"": 30, ""conversations"": ""practical"", ""emotional_availability"": ""ready"", ""has_children"": false, ""lifestyle"": ""social"", ""partner_children"": ""no_children"", ""partner_smoking"": ""any"", ""relationship_goal"": ""exploring"", ""relationship_pace"": ""quick"", ""relationship_structure"": ""monogamous"", ""relocate"": ""no"", ""schedule"": [""weekend_evening"", ""weekday_evening"", ""weekend_day""], ""smoking"": ""no"", ""space_for_relationship"": ""moderate"", ""wants_children"": ""no"", ""who_to_meet"": [""man""]}","{""acceptable_zones"": ""observed"", ""age_max"": ""observed"", ""age_min"": ""observed"", ""conversations"": ""observed"", ""emotional_availability"": ""observed"", ""has_children"": ""observed"", ""lifestyle"": ""observed"", ""partner_children"": ""observed"", ""partner_smoking"": ""observed"", ""relationship_goal"": ""observed"", ""relationship_pace"": ""observed"", ""relationship_structure"": ""observed"", ""relocate"": ""observed"", ""schedule"": ""observed"", ""smoking"": ""observed"", ""space_for_relationship"": ""observed"", ""wants_children"": ""observed"", ""who_to_meet"": ""observed""}","{""acceptable_zones"": 0, ""age_max"": 0, ""age_min"": 0, ""conversations"": 0, ""emotional_availability"": 0, ""has_children"": 0, ""lifestyle"": 0, ""partner_children"": 0, ""partner_smoking"": 0, ""relationship_goal"": 0, ""relationship_pace"": 0, ""relationship_structure"": 0, ""relocate"": 0, ""schedule"": 0, ""smoking"": 0, ""space_for_relationship"": 0, ""wants_children"": 0, ""who_to_meet"": 0}"
syn_d9e5f482f8671eebc18105f6872c72f6,public_08,24,woman,zone_b,True,synthetic_questionnaire,True,0,"[""zone_b""]",34,18,,,False,,any,any,,,monogamous,,"[""weekday_evening"", ""weekend_day"", ""weekend_evening""]",no,,yes,"[""man""]",observed,observed,observed,not_asked,not_asked,observed,not_asked,observed,observed,not_asked,not_asked,observed,not_asked,observed,observed,not_asked,observed,observed,6,6,6,,,6,,6,6,,,6,,6,6,,6,6,"{""acceptable_zones"": [""zone_b""], ""age_max"": 34, ""age_min"": 18, ""conversations"": null, ""emotional_availability"": null, ""has_children"": false, ""lifestyle"": null, ""partner_children"": ""any"", ""partner_smoking"": ""any"", ""relationship_goal"": null, ""relationship_pace"": null, ""relationship_structure"": ""monogamous"", ""relocate"": null, ""schedule"": [""weekday_evening"", ""weekend_day"", ""weekend_evening""], ""smoking"": ""no"", ""space_for_relationship"": null, ""wants_children"": ""yes"", ""who_to_meet"": [""man""]}","{""acceptable_zones"": ""observed"", ""age_max"": ""observed"", ""age_min"": ""observed"", ""conversations"": ""not_asked"", ""emotional_availability"": ""not_asked"", ""has_children"": ""observed"", ""lifestyle"": ""not_asked"", ""partner_children"": ""observed"", ""partner_smoking"": ""observed"", ""relationship_goal"": ""not_asked"", ""relationship_pace"": ""not_asked"", ""relationship_structure"": ""observed"", ""relocate"": ""not_asked"", ""schedule"": ""observed"", ""smoking"": ""observed"", ""space_for_relationship"": ""not_asked"", ""wants_children"": ""observed"", ""who_to_meet"": ""observed""}","{""acceptable_zones"": 6, ""age_max"": 6, ""age_min"": 6, ""conversations"": null, ""emotional_availability"": null, ""has_children"": 6, ""lifestyle"": null, ""partner_children"": 6, ""partner_smoking"": 6, ""relationship_goal"": null, ""relationship_pace"": null, ""relationship_structure"": 6, ""relocate"": null, ""schedule"": 6, ""smoking"": 6, ""space_for_relationship"": null, ""wants_children"": 6, ""who_to_meet"": 6}"
syn_0c67573b1f57ba2825bf71fc8122d2c9,public_08,21,woman,zone_a,False,synthetic_questionnaire,True,14,"[""zone_a""]",30,18,stories,taking_time,False,social,no_children,no_smoking,exploring,quick,monogamous,unsure,"[""weekend_day""]",occasionally,moderate,unsure,"[""man"", ""woman""]",observed,observed,observed,observed,observed,observed,observed,observed,observed,observed,observed,observed,observed,observed,observed,observed,observed,observed,14,14,14,14,14,14,14,14,14,14,14,14,14,14,14,14,14,14,"{""acceptable_zones"": [""zone_a""], ""age_max"": 30, ""age_min"": 18, ""conversations"": ""stories"", ""emotional_availability"": ""taking_time"", ""has_children"": false, ""lifestyle"": ""social"", ""partner_children"": ""no_children"", ""partner_smoking"": ""no_smoking"", ""relationship_goal"": ""exploring"", ""relationship_pace"": ""quick"", ""relationship_structure"": ""monogamous"", ""relocate"": ""unsure"", ""schedule"": [""weekend_day""], ""smoking"": ""occasionally"", ""space_for_relationship"": ""moderate"", ""wants_children"": ""unsure"", ""who_to_meet"": [""man"", ""woman""]}","{""acceptable_zones"": ""observed"", ""age_max"": ""observed"", ""age_min"": ""observed"", ""conversations"": ""observed"", ""emotional_availability"": ""observed"", ""has_children"": ""observed"", ""lifestyle"": ""observed"", ""partner_children"": ""observed"", ""partner_smoking"": ""observed"", ""relationship_goal"": ""observed"", ""relationship_pace"": ""observed"", ""relationship_structure"": ""observed"", ""relocate"": ""observed"", ""schedule"": ""observed"", ""smoking"": ""observed"", ""space_for_relationship"": ""observed"", ""wants_children"": ""observed"", ""who_to_meet"": ""observed""}","{""acceptable_zones"": 14, ""age_max"": 14, ""age_min"": 14, ""conversations"": 14, ""emotional_availability"": 14, ""has_children"": 14, ""lifestyle"": 14, ""partner_children"": 14, ""partner_smoking"": 14, ""relationship_goal"": 14, ""relationship_pace"": 14, ""relationship_structure"": 14, ""relocate"": 14, ""schedule"": 14, ""smoking"": 14, ""space_for_relationship"": 14, ""wants_children"": 14, ""who_to_meet"": 14}"
syn_01a6242c3a65de35ebcd35458913b673,public_08,29,man,zone_a,True,synthetic_questionnaire,True,19,"[""zone_a""]",37,22,,,False,,no_children,no_smoking,,,monogamous,,"[""weekend_evening"", ""weekday_evening"", ""weekend_day""]",no,,unsure,"[""non_binary""]",observed,observed,observed,not_asked,not_asked,observed,not_asked,observed,observed,not_asked,not_asked,observed,not_asked,observed,observed,not_asked,observed,observed,19,19,19,,,19,,19,19,,,19,,19,19,,19,19,"{""acceptable_zones"": [""zone_a""], ""age_max"": 37, ""age_min"": 22, ""conversations"": null, ""emotional_availability"": null, ""has_children"": false, ""lifestyle"": null, ""partner_children"": ""no_children"", ""partner_smoking"": ""no_smoking"", ""relationship_goal"": null, ""relationship_pace"": null, ""relationship_structure"": ""monogamous"", ""relocate"": null, ""schedule"": [""weekend_evening"", ""weekday_evening"", ""weekend_day""], ""smoking"": ""no"", ""space_for_relationship"": null, ""wants_children"": ""unsure"", ""who_to_meet"": [""non_binary""]}","{""acceptable_zones"": ""observed"", ""age_max"": ""observed"", ""age_min"": ""observed"", ""conversations"": ""not_asked"", ""emotional_availability"": ""not_asked"", ""has_children"": ""observed"", ""lifestyle"": ""not_asked"", ""partner_children"": ""observed"", ""partner_smoking"": ""observed"", ""relationship_goal"": ""not_asked"", ""relationship_pace"": ""not_asked"", ""relationship_structure"": ""observed"", ""relocate"": ""not_asked"", ""schedule"": ""observed"", ""smoking"": ""observed"", ""space_for_relationship"": ""not_asked"", ""wants_children"": ""observed"", ""who_to_meet"": ""observed""}","{""acceptable_zones"": 19, ""age_max"": 19, ""age_min"": 19, ""conversations"": null, ""emotional_availability"": null, ""has_children"": 19, ""lifestyle"": null, ""partner_children"": 19, ""partner_smoking"": 19, ""relationship_goal"": null, ""relationship_pace"": null, ""relationship_structure"": 19, ""relocate"": null, ""schedule"": 19, ""smoking"": 19, ""space_for_relationship"": null, ""wants_children"": 19, ""who_to_meet"": 19}"
syn_696b66c05ca2e4d0171b0fe607c6fddd,public_08,39,woman,zone_b,True,synthetic_questionnaire,True,0,,,,,,,,,,,,,,,no,,,,not_asked,not_asked,not_asked,not_asked,not_asked,not_asked,not_asked,not_asked,declined,not_asked,not_asked,not_asked,declined,declined,observed,not_asked,not_asked,not_asked,,,,,,,,,,,,,,,0,,,,"{""acceptable_zones"": null, ""age_max"": null, ""age_min"": null, ""conversations"": null, ""emotional_availability"": null, ""has_children"": null, ""lifestyle"": null, ""partner_children"": null, ""partner_smoking"": null, ""relationship_goal"": null, ""relationship_pace"": null, ""relationship_structure"": null, ""relocate"": null, ""schedule"": null, ""smoking"": ""no"", ""space_for_relationship"": null, ""wants_children"": null, ""who_to_meet"": null}","{""acceptable_zones"": ""not_asked"", ""age_max"": ""not_asked"", ""age_min"": ""not_asked"", ""conversations"": ""not_asked"", ""emotional_availability"": ""not_asked"", ""has_children"": ""not_asked"", ""lifestyle"": ""not_asked"", ""partner_children"": ""not_asked"", ""partner_smoking"": ""declined"", ""relationship_goal"": ""not_asked"", ""relationship_pace"": ""not_asked"", ""relationship_structure"": ""not_asked"", ""relocate"": ""declined"", ""schedule"": ""declined"", ""smoking"": ""observed"", ""space_for_relationship"": ""not_asked"", ""wants_children"": ""not_asked"", ""who_to_meet"": ""not_asked""}","{""acceptable_zones"": null, ""age_max"": null, ""age_min"": null, ""conversations"": null, ""emotional_availability"": null, ""has_children"": null, ""lifestyle"": null, ""partner_children"": null, ""partner_smoking"": null, ""relationship_goal"": null, ""relationship_pace"": null, ""relationship_structure"": null, ""relocate"": null, ""schedule"": null, ""smoking"": 0, ""space_for_relationship"": null, ""wants_children"": null, ""who_to_meet"": null}"
syn_b4f0140f7e7ef90dc21c19b672848b1e,public_08,46,woman,zone_b,True,synthetic_questionnaire,True,0,,52,38,,,,,,,long_term,slow,,unsure,,,,,,not_asked,observed,observed,not_asked,not_asked,declined,not_asked,not_asked,not_asked,observed,observed,not_asked,observed,not_asked,not_asked,declined,not_asked,not_asked,,0,0,,,,,,,0,0,,0,,,,,,"{""acceptable_zones"": null, ""age_max"": 52, ""age_min"": 38, ""conversations"": null, ""emotional_availability"": null, ""has_children"": null, ""lifestyle"": null, ""partner_children"": null, ""partner_smoking"": null, ""relationship_goal"": ""long_term"", ""relationship_pace"": ""slow"", ""relationship_structure"": null, ""relocate"": ""unsure"", ""schedule"": null, ""smoking"": null, ""space_for_relationship"": null, ""wants_children"": null, ""who_to_meet"": null}","{""acceptable_zones"": ""not_asked"", ""age_max"": ""observed"", ""age_min"": ""observed"", ""conversations"": ""not_asked"", ""emotional_availability"": ""not_asked"", ""has_children"": ""declined"", ""lifestyle"": ""not_asked"", ""partner_children"": ""not_asked"", ""partner_smoking"": ""not_asked"", ""relationship_goal"": ""observed"", ""relationship_pace"": ""observed"", ""relationship_structure"": ""not_asked"", ""relocate"": ""observed"", ""schedule"": ""not_asked"", ""smoking"": ""not_asked"", ""space_for_relationship"": ""declined"", ""wants_children"": ""not_asked"", ""who_to_meet"": ""not_asked""}","{""acceptable_zones"": null, ""age_max"": 0, ""age_min"": 0, ""conversations"": null, ""emotional_availability"": null, ""has_children"": null, ""lifestyle"": null, ""partner_children"": null, ""partner_smoking"": null, ""relationship_goal"": 0, ""relationship_pace"": 0, ""relationship_structure"": null, ""relocate"": 0, ""schedule"": null, ""smoking"": null, ""space_for_relationship"": null, ""wants_children"": null, ""who_to_meet"": null}"
syn_87db96a232ef49a4ec0f5dd92a3fb02b,public_08,44,woman,zone_a,True,synthetic_questionnaire,True,0,"[""zone_a""]",53,40,,,False,,any,no_smoking,,,non_monogamous,,"[""weekend_day""]",no,,unsure,"[""woman"", ""man""]",observed,observed,observed,not_asked,not_asked,observed,not_asked,observed,observed,not_asked,not_asked,observed,not_asked,observed,observed,not_asked,observed,observed,6,6,6,,,6,,6,6,,,6,,6,6,,6,6,"{""acceptable_zones"": [""zone_a""], ""age_max"": 53, ""age_min"": 40, ""conversations"": null, ""emotional_availability"": null, ""has_children"": false, ""lifestyle"": null, ""partner_children"": ""any"", ""partner_smoking"": ""no_smoking"", ""relationship_goal"": null, ""relationship_pace"": null, ""relationship_structure"": ""non_monogamous"", ""relocate"": null, ""schedule"": [""weekend_day""], ""smoking"": ""no"", ""space_for_relationship"": null, ""wants_children"": ""unsure"", ""who_to_meet"": [""woman"", ""man""]}","{""acceptable_zones"": ""observed"", ""age_max"": ""observed"", ""age_min"": ""observed"", ""conversations"": ""not_asked"", ""emotional_availability"": ""not_asked"", ""has_children"": ""observed"", ""lifestyle"": ""not_asked"", ""partner_children"": ""observed"", ""partner_smoking"": ""observed"", ""relationship_goal"": ""not_asked"", ""relationship_pace"": ""not_asked"", ""relationship_structure"": ""observed"", ""relocate"": ""not_asked"", ""schedule"": ""observed"", ""smoking"": ""observed"", ""space_for_relationship"": ""not_asked"", ""wants_children"": ""observed"", ""who_to_meet"": ""observed""}","{""acceptable_zones"": 6, ""age_max"": 6, ""age_min"": 6, ""conversations"": null, ""emotional_availability"": null, ""has_children"": 6, ""lifestyle"": null, ""partner_children"": 6, ""partner_smoking"": 6, ""relationship_goal"": null, ""relationship_pace"": null, ""relationship_structure"": 6, ""relocate"": null, ""schedule"": 6, ""smoking"": 6, ""space_for_relationship"": null, ""wants_children"": 6, ""who_to_meet"": 6}"
syn_30ba3a1e3e6b2a2f2131e44acc2a383e,public_08,23,man,zone_a,True,synthetic_questionnaire,True,10,,,,,,,,,,,,monogamous,,,,,,,not_asked,not_asked,not_asked,declined,not_asked,not_asked,declined,not_asked,not_asked,not_asked,not_asked,observed,not_asked,not_asked,not_asked,not_asked,declined,not_asked,,,,,,,,,,,,10,,,,,,,"{""acceptable_zones"": null, ""age_max"": null, ""age_min"": null, ""conversations"": null, ""emotional_availability"": null, ""has_children"": null, ""lifestyle"": null, ""partner_children"": null, ""partner_smoking"": null, ""relationship_goal"": null, ""relationship_pace"": null, ""relationship_structure"": ""monogamous"", ""relocate"": null, ""schedule"": null, ""smoking"": null, ""space_for_relationship"": null, ""wants_children"": null, ""who_to_meet"": null}","{""acceptable_zones"": ""not_asked"", ""age_max"": ""not_asked"", ""age_min"": ""not_asked"", ""conversations"": ""declined"", ""emotional_availability"": ""not_asked"", ""has_children"": ""not_asked"", ""lifestyle"": ""declined"", ""partner_children"": ""not_asked"", ""partner_smoking"": ""not_asked"", ""relationship_goal"": ""not_asked"", ""relationship_pace"": ""not_asked"", ""relationship_structure"": ""observed"", ""relocate"": ""not_asked"", ""schedule"": ""not_asked"", ""smoking"": ""not_asked"", ""space_for_relationship"": ""not_asked"", ""wants_children"": ""declined"", ""who_to_meet"": ""not_asked""}","{""acceptable_zones"": null, ""age_max"": null, ""age_min"": null, ""conversations"": null, ""emotional_availability"": null, ""has_children"": null, ""lifestyle"": null, ""partner_children"": null, ""partner_smoking"": null, ""relationship_goal"": null, ""relationship_pace"": null, ""relationship_structure"": 10, ""relocate"": null, ""schedule"": null, ""smoking"": null, ""space_for_relationship"": null, ""wants_children"": null, ""who_to_meet"": null}"
syn_f817902838aff65475bbfae99761b4d7,public_08,41,woman,zone_a,False,synthetic_questionnaire,True,0,,,,,,,,,,,,,,,,,unsure,"[""man"", ""woman""]",not_asked,not_asked,not_asked,not_asked,not_asked,not_asked,not_asked,declined,not_asked,not_asked,not_asked,not_asked,not_asked,not_asked,not_asked,not_asked,observed,observed,,,,,,,,,,,,,,,,,0,0,"{""acceptable_zones"": null, ""age_max"": null, ""age_min"": null, ""conversations"": null, ""emotional_availability"": null, ""has_children"": null, ""lifestyle"": null, ""partner_children"": null, ""partner_smoking"": null, ""relationship_goal"": null, ""relationship_pace"": null, ""relationship_structure"": null, ""relocate"": null, ""schedule"": null, ""smoking"": null, ""space_for_relationship"": null, ""wants_children"": ""unsure"", ""who_to_meet"": [""man"", ""woman""]}","{""acceptable_zones"": ""not_asked"", ""age_max"": ""not_asked"", ""age_min"": ""not_asked"", ""conversations"": ""not_asked"", ""emotional_availability"": ""not_asked"", ""has_children"": ""not_asked"", ""lifestyle"": ""not_asked"", ""partner_children"": ""declined"", ""partner_smoking"": ""not_asked"", ""relationship_goal"": ""not_asked"", ""relationship_pace"": ""not_asked"", ""relationship_structure"": ""not_asked"", ""relocate"": ""not_asked"", ""schedule"": ""not_asked"", ""smoking"": ""not_asked"", ""space_for_relationship"": ""not_asked"", ""wants_children"": ""observed"", ""who_to_meet"": ""observed""}","{""acceptable_zones"": null, ""age_max"": null, ""age_min"": null, ""conversations"": null, ""emotional_availability"": null, ""has_children"": null, ""lifestyle"": null, ""partner_children"": null, ""partner_smoking"": null, ""relationship_goal"": null, ""relationship_pace"": null, ""relationship_structure"": null, ""relocate"": null, ""schedule"": null, ""smoking"": null, ""space_for_relationship"": null, ""wants_children"": 0, ""who_to_meet"": 0}"
syn_aeddb91a9f349c1352ed37589cb6b5f3,public_08,26,woman,zone_b,True,synthetic_questionnaire,True,0,"[""zone_b""]",30,18,,,False,,any,no_smoking,,,monogamous,,"[""weekend_evening"", ""weekend_day""]",no,,unsure,"[""man""]",observed,observed,observed,declined,not_asked,observed,not_asked,observed,observed,not_asked,not_asked,observed,not_asked,observed,observed,not_asked,observed,observed,6,6,6,,,6,,6,6,,,6,,6,6,,6,6,"{""acceptable_zones"": [""zone_b""], ""age_max"": 30, ""age_min"": 18, ""conversations"": null, ""emotional_availability"": null, ""has_children"": false, ""lifestyle"": null, ""partner_children"": ""any"", ""partner_smoking"": ""no_smoking"", ""relationship_goal"": null, ""relationship_pace"": null, ""relationship_structure"": ""monogamous"", ""relocate"": null, ""schedule"": [""weekend_evening"", ""weekend_day""], ""smoking"": ""no"", ""space_for_relationship"": null, ""wants_children"": ""unsure"", ""who_to_meet"": [""man""]}","{""acceptable_zones"": ""observed"", ""age_max"": ""observed"", ""age_min"": ""observed"", ""conversations"": ""declined"", ""emotional_availability"": ""not_asked"", ""has_children"": ""observed"", ""lifestyle"": ""not_asked"", ""partner_children"": ""observed"", ""partner_smoking"": ""observed"", ""relationship_goal"": ""not_asked"", ""relationship_pace"": ""not_asked"", ""relationship_structure"": ""observed"", ""relocate"": ""not_asked"", ""schedule"": ""observed"", ""smoking"": ""observed"", ""space_for_relationship"": ""not_asked"", ""wants_children"": ""observed"", ""who_to_meet"": ""observed""}","{""acceptable_zones"": 6, ""age_max"": 6, ""age_min"": 6, ""conversations"": null, ""emotional_availability"": null, ""has_children"": 6, ""lifestyle"": null, ""partner_children"": 6, ""partner_smoking"": 6, ""relationship_goal"": null, ""relationship_pace"": null, ""relationship_structure"": 6, ""relocate"": null, ""schedule"": 6, ""smoking"": 6, ""space_for_relationship"": null, ""wants_children"": 6, ""who_to_meet"": 6}"
syn_db7f24c2503c7b92338c00e1fd3b3f01,public_08,28,woman,zone_a,False,synthetic_questionnaire,True,0,"[""zone_a""]",31,24,ideas,taking_time,True,quiet,no_children,no_smoking,long_term,slow,monogamous,unsure,"[""weekday_evening"", ""weekend_day""]",occasionally,moderate,yes,"[""non_binary""]",observed,observed,observed,observed,observed,observed,observed,observed,observed,observed,observed,observed,observed,observed,observed,observed,observed,observed,0,0,0,0,0,0,0,0,0,0,0,0,0,0,0,0,0,0,"{""acceptable_zones"": [""zone_a""], ""age_max"": 31, ""age_min"": 24, ""conversations"": ""ideas"", ""emotional_availability"": ""taking_time"", ""has_children"": true, ""lifestyle"": ""quiet"", ""partner_children"": ""no_children"", ""partner_smoking"": ""no_smoking"", ""relationship_goal"": ""long_term"", ""relationship_pace"": ""slow"", ""relationship_structure"": ""monogamous"", ""relocate"": ""unsure"", ""schedule"": [""weekday_evening"", ""weekend_day""], ""smoking"": ""occasionally"", ""space_for_relationship"": ""moderate"", ""wants_children"": ""yes"", ""who_to_meet"": [""non_binary""]}","{""acceptable_zones"": ""observed"", ""age_max"": ""observed"", ""age_min"": ""observed"", ""conversations"": ""observed"", ""emotional_availability"": ""observed"", ""has_children"": ""observed"", ""lifestyle"": ""observed"", ""partner_children"": ""observed"", ""partner_smoking"": ""observed"", ""relationship_goal"": ""observed"", ""relationship_pace"": ""observed"", ""relationship_structure"": ""observed"", ""relocate"": ""observed"", ""schedule"": ""observed"", ""smoking"": ""observed"", ""space_for_relationship"": ""observed"", ""wants_children"": ""observed"", ""who_to_meet"": ""observed""}","{""acceptable_zones"": 0, ""age_max"": 0, ""age_min"": 0, ""conversations"": 0, ""emotional_availability"": 0, ""has_children"": 0, ""lifestyle"": 0, ""partner_children"": 0, ""partner_smoking"": 0, ""relationship_goal"": 0, ""relationship_pace"": 0, ""relationship_structure"": 0, ""relocate"": 0, ""schedule"": 0, ""smoking"": 0, ""space_for_relationship"": 0, ""wants_children"": 0, ""who_to_meet"": 0}"
syn_084fb3cd1d3faba776e927c1d1ff5a94,public_08,33,woman,zone_a,True,synthetic_questionnaire,True,0,,39,,,,,,,,,,monogamous,,"[""weekend_evening"", ""weekend_day"", ""weekday_evening""]",occasionally,,,,not_asked,observed,not_asked,not_asked,not_asked,not_asked,not_asked,declined,not_asked,not_asked,not_asked,observed,not_asked,observed,observed,not_asked,not_asked,not_asked,,0,,,,,,,,,,0,,0,0,,,,"{""acceptable_zones"": null, ""age_max"": 39, ""age_min"": null, ""conversations"": null, ""emotional_availability"": null, ""has_children"": null, ""lifestyle"": null, ""partner_children"": null, ""partner_smoking"": null, ""relationship_goal"": null, ""relationship_pace"": null, ""relationship_structure"": ""monogamous"", ""relocate"": null, ""schedule"": [""weekend_evening"", ""weekend_day"", ""weekday_evening""], ""smoking"": ""occasionally"", ""space_for_relationship"": null, ""wants_children"": null, ""who_to_meet"": null}","{""acceptable_zones"": ""not_asked"", ""age_max"": ""observed"", ""age_min"": ""not_asked"", ""conversations"": ""not_asked"", ""emotional_availability"": ""not_asked"", ""has_children"": ""not_asked"", ""lifestyle"": ""not_asked"", ""partner_children"": ""declined"", ""partner_smoking"": ""not_asked"", ""relationship_goal"": ""not_asked"", ""relationship_pace"": ""not_asked"", ""relationship_structure"": ""observed"", ""relocate"": ""not_asked"", ""schedule"": ""observed"", ""smoking"": ""observed"", ""space_for_relationship"": ""not_asked"", ""wants_children"": ""not_asked"", ""who_to_meet"": ""not_asked""}","{""acceptable_zones"": null, ""age_max"": 0, ""age_min"": null, ""conversations"": null, ""emotional_availability"": null, ""has_children"": null, ""lifestyle"": null, ""partner_children"": null, ""partner_smoking"": null, ""relationship_goal"": null, ""relationship_pace"": null, ""relationship_structure"": 0, ""relocate"": null, ""schedule"": 0, ""smoking"": 0, ""space_for_relationship"": null, ""wants_children"": null, ""who_to_meet"": null}"
syn_09e5c8f65bc3162da867eb43ca213565,public_08,36,woman,zone_a,True,synthetic_questionnaire,True,0,"[""zone_a""]",44,32,ideas,ready,True,social,any,no_smoking,exploring,steady,monogamous,unsure,"[""weekend_evening"", ""weekday_evening"", ""weekend_day""]",occasionally,limited,no,"[""man""]",observed,observed,observed,observed,observed,observed,observed,observed,observed,observed,observed,observed,observed,observed,observed,observed,observed,observed,0,0,0,0,0,0,0,0,0,0,0,0,0,0,0,0,0,0,"{""acceptable_zones"": [""zone_a""], ""age_max"": 44, ""age_min"": 32, ""conversations"": ""ideas"", ""emotional_availability"": ""ready"", ""has_children"": true, ""lifestyle"": ""social"", ""partner_children"": ""any"", ""partner_smoking"": ""no_smoking"", ""relationship_goal"": ""exploring"", ""relationship_pace"": ""steady"", ""relationship_structure"": ""monogamous"", ""relocate"": ""unsure"", ""schedule"": [""weekend_evening"", ""weekday_evening"", ""weekend_day""], ""smoking"": ""occasionally"", ""space_for_relationship"": ""limited"", ""wants_children"": ""no"", ""who_to_meet"": [""man""]}","{""acceptable_zones"": ""observed"", ""age_max"": ""observed"", ""age_min"": ""observed"", ""conversations"": ""observed"", ""emotional_availability"": ""observed"", ""has_children"": ""observed"", ""lifestyle"": ""observed"", ""partner_children"": ""observed"", ""partner_smoking"": ""observed"", ""relationship_goal"": ""observed"", ""relationship_pace"": ""observed"", ""relationship_structure"": ""observed"", ""relocate"": ""observed"", ""schedule"": ""observed"", ""smoking"": ""observed"", ""space_for_relationship"": ""observed"", ""wants_children"": ""observed"", ""who_to_meet"": ""observed""}","{""acceptable_zones"": 0, ""age_max"": 0, ""age_min"": 0, ""conversations"": 0, ""emotional_availability"": 0, ""has_children"": 0, ""lifestyle"": 0, ""partner_children"": 0, ""partner_smoking"": 0, ""relationship_goal"": 0, ""relationship_pace"": 0, ""relationship_structure"": 0, ""relocate"": 0, ""schedule"": 0, ""smoking"": 0, ""space_for_relationship"": 0, ""wants_children"": 0, ""who_to_meet"": 0}"
syn_17895386586fedd09a1b3d05cc9d6595,public_08,40,man,zone_a,True,synthetic_questionnaire,True,0,,47,,,,,,,,,,,,,,,,,not_asked,observed,not_asked,declined,not_asked,not_asked,not_asked,not_asked,not_asked,not_asked,not_asked,not_asked,not_asked,declined,not_asked,not_asked,not_asked,not_asked,,0,,,,,,,,,,,,,,,,,"{""acceptable_zones"": null, ""age_max"": 47, ""age_min"": null, ""conversations"": null, ""emotional_availability"": null, ""has_children"": null, ""lifestyle"": null, ""partner_children"": null, ""partner_smoking"": null, ""relationship_goal"": null, ""relationship_pace"": null, ""relationship_structure"": null, ""relocate"": null, ""schedule"": null, ""smoking"": null, ""space_for_relationship"": null, ""wants_children"": null, ""who_to_meet"": null}","{""acceptable_zones"": ""not_asked"", ""age_max"": ""observed"", ""age_min"": ""not_asked"", ""conversations"": ""declined"", ""emotional_availability"": ""not_asked"", ""has_children"": ""not_asked"", ""lifestyle"": ""not_asked"", ""partner_children"": ""not_asked"", ""partner_smoking"": ""not_asked"", ""relationship_goal"": ""not_asked"", ""relationship_pace"": ""not_asked"", ""relationship_structure"": ""not_asked"", ""relocate"": ""not_asked"", ""schedule"": ""declined"", ""smoking"": ""not_asked"", ""space_for_relationship"": ""not_asked"", ""wants_children"": ""not_asked"", ""who_to_meet"": ""not_asked""}","{""acceptable_zones"": null, ""age_max"": 0, ""age_min"": null, ""conversations"": null, ""emotional_availability"": null, ""has_children"": null, ""lifestyle"": null, ""partner_children"": null, ""partner_smoking"": null, ""relationship_goal"": null, ""relationship_pace"": null, ""relationship_structure"": null, ""relocate"": null, ""schedule"": null, ""smoking"": null, ""space_for_relationship"": null, ""wants_children"": null, ""who_to_meet"": null}"
syn_183bb774ad44a73092ce2e584080f692,public_08,24,man,zone_c,True,synthetic_questionnaire,True,0,"[""zone_c""]",28,18,,,False,,no_children,no_smoking,,,monogamous,,"[""weekend_day"", ""weekend_evening"", ""weekday_evening""]",no,,yes,"[""non_binary""]",observed,observed,observed,not_asked,not_asked,observed,not_asked,observed,observed,not_asked,not_asked,observed,not_asked,observed,observed,not_asked,observed,observed,7,7,7,,,7,,7,7,,,7,,7,7,,7,7,"{""acceptable_zones"": [""zone_c""], ""age_max"": 28, ""age_min"": 18, ""conversations"": null, ""emotional_availability"": null, ""has_children"": false, ""lifestyle"": null, ""partner_children"": ""no_children"", ""partner_smoking"": ""no_smoking"", ""relationship_goal"": null, ""relationship_pace"": null, ""relationship_structure"": ""monogamous"", ""relocate"": null, ""schedule"": [""weekend_day"", ""weekend_evening"", ""weekday_evening""], ""smoking"": ""no"", ""space_for_relationship"": null, ""wants_children"": ""yes"", ""who_to_meet"": [""non_binary""]}","{""acceptable_zones"": ""observed"", ""age_max"": ""observed"", ""age_min"": ""observed"", ""conversations"": ""not_asked"", ""emotional_availability"": ""not_asked"", ""has_children"": ""observed"", ""lifestyle"": ""not_asked"", ""partner_children"": ""observed"", ""partner_smoking"": ""observed"", ""relationship_goal"": ""not_asked"", ""relationship_pace"": ""not_asked"", ""relationship_structure"": ""observed"", ""relocate"": ""not_asked"", ""schedule"": ""observed"", ""smoking"": ""observed"", ""space_for_relationship"": ""not_asked"", ""wants_children"": ""observed"", ""who_to_meet"": ""observed""}","{""acceptable_zones"": 7, ""age_max"": 7, ""age_min"": 7, ""conversations"": null, ""emotional_availability"": null, ""has_children"": 7, ""lifestyle"": null, ""partner_children"": 7, ""partner_smoking"": 7, ""relationship_goal"": null, ""relationship_pace"": null, ""relationship_structure"": 7, ""relocate"": null, ""schedule"": 7, ""smoking"": 7, ""space_for_relationship"": null, ""wants_children"": 7, ""who_to_meet"": 7}"
syn_e93014fcbde73d2035ed675e7b6c0242,public_08,31,woman,zone_d,True,synthetic_questionnaire,True,6,"[""zone_d""]",36,26,stories,taking_time,False,social,any,no_smoking,exploring,steady,non_monogamous,no,"[""weekend_evening"", ""weekend_day"", ""weekday_evening""]",no,moderate,yes,"[""non_binary""]",observed,observed,observed,observed,observed,observed,observed,observed,observed,observed,observed,observed,observed,observed,observed,observed,observed,observed,6,6,6,6,6,6,6,6,6,6,6,6,6,6,6,6,6,6,"{""acceptable_zones"": [""zone_d""], ""age_max"": 36, ""age_min"": 26, ""conversations"": ""stories"", ""emotional_availability"": ""taking_time"", ""has_children"": false, ""lifestyle"": ""social"", ""partner_children"": ""any"", ""partner_smoking"": ""no_smoking"", ""relationship_goal"": ""exploring"", ""relationship_pace"": ""steady"", ""relationship_structure"": ""non_monogamous"", ""relocate"": ""no"", ""schedule"": [""weekend_evening"", ""weekend_day"", ""weekday_evening""], ""smoking"": ""no"", ""space_for_relationship"": ""moderate"", ""wants_children"": ""yes"", ""who_to_meet"": [""non_binary""]}","{""acceptable_zones"": ""observed"", ""age_max"": ""observed"", ""age_min"": ""observed"", ""conversations"": ""observed"", ""emotional_availability"": ""observed"", ""has_children"": ""observed"", ""lifestyle"": ""observed"", ""partner_children"": ""observed"", ""partner_smoking"": ""observed"", ""relationship_goal"": ""observed"", ""relationship_pace"": ""observed"", ""relationship_structure"": ""observed"", ""relocate"": ""observed"", ""schedule"": ""observed"", ""smoking"": ""observed"", ""space_for_relationship"": ""observed"", ""wants_children"": ""observed"", ""who_to_meet"": ""observed""}","{""acceptable_zones"": 6, ""age_max"": 6, ""age_min"": 6, ""conversations"": 6, ""emotional_availability"": 6, ""has_children"": 6, ""lifestyle"": 6, ""partner_children"": 6, ""partner_smoking"": 6, ""relationship_goal"": 6, ""relationship_pace"": 6, ""relationship_structure"": 6, ""relocate"": 6, ""schedule"": 6, ""smoking"": 6, ""space_for_relationship"": 6, ""wants_children"": 6, ""who_to_meet"": 6}"
syn_e514c8d641c46dd1710790c43bedbf58,public_08,35,man,zone_a,True,synthetic_questionnaire,True,0,"[""zone_a""]",43,27,practical,ready,True,quiet,any,no_smoking,exploring,steady,monogamous,yes,"[""weekend_day"", ""weekday_evening""]",no,ample,no,"[""man"", ""non_binary""]",observed,observed,observed,observed,observed,observed,observed,observed,observed,observed,observed,observed,observed,observed,observed,observed,observed,observed,0,0,0,0,0,0,0,0,0,0,0,0,0,0,0,0,0,0,"{""acceptable_zones"": [""zone_a""], ""age_max"": 43, ""age_min"": 27, ""conversations"": ""practical"", ""emotional_availability"": ""ready"", ""has_children"": true, ""lifestyle"": ""quiet"", ""partner_children"": ""any"", ""partner_smoking"": ""no_smoking"", ""relationship_goal"": ""exploring"", ""relationship_pace"": ""steady"", ""relationship_structure"": ""monogamous"", ""relocate"": ""yes"", ""schedule"": [""weekend_day"", ""weekday_evening""], ""smoking"": ""no"", ""space_for_relationship"": ""ample"", ""wants_children"": ""no"", ""who_to_meet"": [""man"", ""non_binary""]}","{""acceptable_zones"": ""observed"", ""age_max"": ""observed"", ""age_min"": ""observed"", ""conversations"": ""observed"", ""emotional_availability"": ""observed"", ""has_children"": ""observed"", ""lifestyle"": ""observed"", ""partner_children"": ""observed"", ""partner_smoking"": ""observed"", ""relationship_goal"": ""observed"", ""relationship_pace"": ""observed"", ""relationship_structure"": ""observed"", ""relocate"": ""observed"", ""schedule"": ""observed"", ""smoking"": ""observed"", ""space_for_relationship"": ""observed"", ""wants_children"": ""observed"", ""who_to_meet"": ""observed""}","{""acceptable_zones"": 0, ""age_max"": 0, ""age_min"": 0, ""conversations"": 0, ""emotional_availability"": 0, ""has_children"": 0, ""lifestyle"": 0, ""partner_children"": 0, ""partner_smoking"": 0, ""relationship_goal"": 0, ""relationship_pace"": 0, ""relationship_structure"": 0, ""relocate"": 0, ""schedule"": 0, ""smoking"": 0, ""space_for_relationship"": 0, ""wants_children"": 0, ""who_to_meet"": 0}"
syn_d8e6bd14c9e126c049ddb975e2922a8d,public_08,24,non_binary,zone_a,True,synthetic_questionnaire,True,0,"[""zone_a""]",33,18,,,True,,any,any,,,non_monogamous,,"[""weekday_evening"", ""weekend_day""]",occasionally,,unsure,"[""non_binary""]",observed,observed,observed,declined,not_asked,observed,not_asked,observed,observed,not_asked,not_asked,observed,not_asked,observed,observed,not_asked,observed,observed,7,7,7,,,7,,7,7,,,7,,7,7,,7,7,"{""acceptable_zones"": [""zone_a""], ""age_max"": 33, ""age_min"": 18, ""conversations"": null, ""emotional_availability"": null, ""has_children"": true, ""lifestyle"": null, ""partner_children"": ""any"", ""partner_smoking"": ""any"", ""relationship_goal"": null, ""relationship_pace"": null, ""relationship_structure"": ""non_monogamous"", ""relocate"": null, ""schedule"": [""weekday_evening"", ""weekend_day""], ""smoking"": ""occasionally"", ""space_for_relationship"": null, ""wants_children"": ""unsure"", ""who_to_meet"": [""non_binary""]}","{""acceptable_zones"": ""observed"", ""age_max"": ""observed"", ""age_min"": ""observed"", ""conversations"": ""declined"", ""emotional_availability"": ""not_asked"", ""has_children"": ""observed"", ""lifestyle"": ""not_asked"", ""partner_children"": ""observed"", ""partner_smoking"": ""observed"", ""relationship_goal"": ""not_asked"", ""relationship_pace"": ""not_asked"", ""relationship_structure"": ""observed"", ""relocate"": ""not_asked"", ""schedule"": ""observed"", ""smoking"": ""observed"", ""space_for_relationship"": ""not_asked"", ""wants_children"": ""observed"", ""who_to_meet"": ""observed""}","{""acceptable_zones"": 7, ""age_max"": 7, ""age_min"": 7, ""conversations"": null, ""emotional_availability"": null, ""has_children"": 7, ""lifestyle"": null, ""partner_children"": 7, ""partner_smoking"": 7, ""relationship_goal"": null, ""relationship_pace"": null, ""relationship_structure"": 7, ""relocate"": null, ""schedule"": 7, ""smoking"": 7, ""space_for_relationship"": null, ""wants_children"": 7, ""who_to_meet"": 7}"
syn_437552fa534edce08b4262dec2f0aa73,public_08,23,woman,zone_a,True,synthetic_questionnaire,True,0,"[""zone_a""]",26,18,ideas,ready,True,mixed,any,any,exploring,steady,monogamous,no,"[""weekend_evening"", ""weekend_day""]",occasionally,limited,no,"[""non_binary""]",observed,observed,observed,observed,observed,observed,observed,observed,observed,observed,observed,observed,observed,observed,observed,observed,observed,observed,0,0,0,0,0,0,0,0,0,0,0,0,0,0,0,0,0,0,"{""acceptable_zones"": [""zone_a""], ""age_max"": 26, ""age_min"": 18, ""conversations"": ""ideas"", ""emotional_availability"": ""ready"", ""has_children"": true, ""lifestyle"": ""mixed"", ""partner_children"": ""any"", ""partner_smoking"": ""any"", ""relationship_goal"": ""exploring"", ""relationship_pace"": ""steady"", ""relationship_structure"": ""monogamous"", ""relocate"": ""no"", ""schedule"": [""weekend_evening"", ""weekend_day""], ""smoking"": ""occasionally"", ""space_for_relationship"": ""limited"", ""wants_children"": ""no"", ""who_to_meet"": [""non_binary""]}","{""acceptable_zones"": ""observed"", ""age_max"": ""observed"", ""age_min"": ""observed"", ""conversations"": ""observed"", ""emotional_availability"": ""observed"", ""has_children"": ""observed"", ""lifestyle"": ""observed"", ""partner_children"": ""observed"", ""partner_smoking"": ""observed"", ""relationship_goal"": ""observed"", ""relationship_pace"": ""observed"", ""relationship_structure"": ""observed"", ""relocate"": ""observed"", ""schedule"": ""observed"", ""smoking"": ""observed"", ""space_for_relationship"": ""observed"", ""wants_children"": ""observed"", ""who_to_meet"": ""observed""}","{""acceptable_zones"": 0, ""age_max"": 0, ""age_min"": 0, ""conversations"": 0, ""emotional_availability"": 0, ""has_children"": 0, ""lifestyle"": 0, ""partner_children"": 0, ""partner_smoking"": 0, ""relationship_goal"": 0, ""relationship_pace"": 0, ""relationship_structure"": 0, ""relocate"": 0, ""schedule"": 0, ""smoking"": 0, ""space_for_relationship"": 0, ""wants_children"": 0, ""who_to_meet"": 0}"
syn_06ba6f7d72f8688dfbf905553694d72a,public_08,28,man,zone_a,True,synthetic_questionnaire,True,0,"[""zone_a""]",37,24,stories,,False,,any,any,,,monogamous,,"[""weekend_day""]",occasionally,,yes,"[""non_binary"", ""woman""]",observed,observed,observed,observed,not_asked,observed,not_asked,observed,observed,not_asked,not_asked,observed,not_asked,observed,observed,not_asked,observed,observed,8,8,8,0,,8,,8,8,,,8,,8,8,,8,8,"{""acceptable_zones"": [""zone_a""], ""age_max"": 37, ""age_min"": 24, ""conversations"": ""stories"", ""emotional_availability"": null, ""has_children"": false, ""lifestyle"": null, ""partner_children"": ""any"", ""partner_smoking"": ""any"", ""relationship_goal"": null, ""relationship_pace"": null, ""relationship_structure"": ""monogamous"", ""relocate"": null, ""schedule"": [""weekend_day""], ""smoking"": ""occasionally"", ""space_for_relationship"": null, ""wants_children"": ""yes"", ""who_to_meet"": [""non_binary"", ""woman""]}","{""acceptable_zones"": ""observed"", ""age_max"": ""observed"", ""age_min"": ""observed"", ""conversations"": ""observed"", ""emotional_availability"": ""not_asked"", ""has_children"": ""observed"", ""lifestyle"": ""not_asked"", ""partner_children"": ""observed"", ""partner_smoking"": ""observed"", ""relationship_goal"": ""not_asked"", ""relationship_pace"": ""not_asked"", ""relationship_structure"": ""observed"", ""relocate"": ""not_asked"", ""schedule"": ""observed"", ""smoking"": ""observed"", ""space_for_relationship"": ""not_asked"", ""wants_children"": ""observed"", ""who_to_meet"": ""observed""}","{""acceptable_zones"": 8, ""age_max"": 8, ""age_min"": 8, ""conversations"": 0, ""emotional_availability"": null, ""has_children"": 8, ""lifestyle"": null, ""partner_children"": 8, ""partner_smoking"": 8, ""relationship_goal"": null, ""relationship_pace"": null, ""relationship_structure"": 8, ""relocate"": null, ""schedule"": 8, ""smoking"": 8, ""space_for_relationship"": null, ""wants_children"": 8, ""who_to_meet"": 8}"
syn_5c265bef9e7a2f52d889fab63552189e,public_08,41,man,zone_a,True,synthetic_questionnaire,True,0,,48,37,,,,,,,,,,,,no,,,"[""woman""]",declined,observed,observed,not_asked,not_asked,not_asked,declined,not_asked,not_asked,not_asked,not_asked,not_asked,not_asked,not_asked,observed,not_asked,not_asked,observed,,0,0,,,,,,,,,,,,0,,,0,"{""acceptable_zones"": null, ""age_max"": 48, ""age_min"": 37, ""conversations"": null, ""emotional_availability"": null, ""has_children"": null, ""lifestyle"": null, ""partner_children"": null, ""partner_smoking"": null, ""relationship_goal"": null, ""relationship_pace"": null, ""relationship_structure"": null, ""relocate"": null, ""schedule"": null, ""smoking"": ""no"", ""space_for_relationship"": null, ""wants_children"": null, ""who_to_meet"": [""woman""]}","{""acceptable_zones"": ""declined"", ""age_max"": ""observed"", ""age_min"": ""observed"", ""conversations"": ""not_asked"", ""emotional_availability"": ""not_asked"", ""has_children"": ""not_asked"", ""lifestyle"": ""declined"", ""partner_children"": ""not_asked"", ""partner_smoking"": ""not_asked"", ""relationship_goal"": ""not_asked"", ""relationship_pace"": ""not_asked"", ""relationship_structure"": ""not_asked"", ""relocate"": ""not_asked"", ""schedule"": ""not_asked"", ""smoking"": ""observed"", ""space_for_relationship"": ""not_asked"", ""wants_children"": ""not_asked"", ""who_to_meet"": ""observed""}","{""acceptable_zones"": null, ""age_max"": 0, ""age_min"": 0, ""conversations"": null, ""emotional_availability"": null, ""has_children"": null, ""lifestyle"": null, ""partner_children"": null, ""partner_smoking"": null, ""relationship_goal"": null, ""relationship_pace"": null, ""relationship_structure"": null, ""relocate"": null, ""schedule"": null, ""smoking"": 0, ""space_for_relationship"": null, ""wants_children"": null, ""who_to_meet"": 0}"
syn_c37ed3cb30d8a92e348dc5b9d02cf437,public_08,41,woman,zone_a,True,synthetic_questionnaire,True,0,"[""zone_a"", ""zone_d""]",45,33,,,False,social,no_children,no_smoking,,,monogamous,,"[""weekend_day"", ""weekend_evening"", ""weekday_evening""]",no,,no,"[""man"", ""woman""]",observed,observed,observed,not_asked,not_asked,observed,observed,observed,observed,not_asked,not_asked,observed,not_asked,observed,observed,not_asked,observed,observed,8,8,8,,,8,0,8,8,,,8,,8,8,,8,8,"{""acceptable_zones"": [""zone_a"", ""zone_d""], ""age_max"": 45, ""age_min"": 33, ""conversations"": null, ""emotional_availability"": null, ""has_children"": false, ""lifestyle"": ""social"", ""partner_children"": ""no_children"", ""partner_smoking"": ""no_smoking"", ""relationship_goal"": null, ""relationship_pace"": null, ""relationship_structure"": ""monogamous"", ""relocate"": null, ""schedule"": [""weekend_day"", ""weekend_evening"", ""weekday_evening""], ""smoking"": ""no"", ""space_for_relationship"": null, ""wants_children"": ""no"", ""who_to_meet"": [""man"", ""woman""]}","{""acceptable_zones"": ""observed"", ""age_max"": ""observed"", ""age_min"": ""observed"", ""conversations"": ""not_asked"", ""emotional_availability"": ""not_asked"", ""has_children"": ""observed"", ""lifestyle"": ""observed"", ""partner_children"": ""observed"", ""partner_smoking"": ""observed"", ""relationship_goal"": ""not_asked"", ""relationship_pace"": ""not_asked"", ""relationship_structure"": ""observed"", ""relocate"": ""not_asked"", ""schedule"": ""observed"", ""smoking"": ""observed"", ""space_for_relationship"": ""not_asked"", ""wants_children"": ""observed"", ""who_to_meet"": ""observed""}","{""acceptable_zones"": 8, ""age_max"": 8, ""age_min"": 8, ""conversations"": null, ""emotional_availability"": null, ""has_children"": 8, ""lifestyle"": 0, ""partner_children"": 8, ""partner_smoking"": 8, ""relationship_goal"": null, ""relationship_pace"": null, ""relationship_structure"": 8, ""relocate"": null, ""schedule"": 8, ""smoking"": 8, ""space_for_relationship"": null, ""wants_children"": 8, ""who_to_meet"": 8}"
syn_3f9c1827cb864c5d12dc69a25f49db9d,public_08,24,woman,zone_a,True,synthetic_questionnaire,True,18,,,19,,,,social,,,,,,,,,,no,,declined,declined,observed,not_asked,not_asked,not_asked,observed,not_asked,not_asked,not_asked,not_asked,not_asked,not_asked,not_asked,not_asked,not_asked,observed,not_asked,,,18,,,,18,,,,,,,,,,18,,"{""acceptable_zones"": null, ""age_max"": null, ""age_min"": 19, ""conversations"": null, ""emotional_availability"": null, ""has_children"": null, ""lifestyle"": ""social"", ""partner_children"": null, ""partner_smoking"": null, ""relationship_goal"": null, ""relationship_pace"": null, ""relationship_structure"": null, ""relocate"": null, ""schedule"": null, ""smoking"": null, ""space_for_relationship"": null, ""wants_children"": ""no"", ""who_to_meet"": null}","{""acceptable_zones"": ""declined"", ""age_max"": ""declined"", ""age_min"": ""observed"", ""conversations"": ""not_asked"", ""emotional_availability"": ""not_asked"", ""has_children"": ""not_asked"", ""lifestyle"": ""observed"", ""partner_children"": ""not_asked"", ""partner_smoking"": ""not_asked"", ""relationship_goal"": ""not_asked"", ""relationship_pace"": ""not_asked"", ""relationship_structure"": ""not_asked"", ""relocate"": ""not_asked"", ""schedule"": ""not_asked"", ""smoking"": ""not_asked"", ""space_for_relationship"": ""not_asked"", ""wants_children"": ""observed"", ""who_to_meet"": ""not_asked""}","{""acceptable_zones"": null, ""age_max"": null, ""age_min"": 18, ""conversations"": null, ""emotional_availability"": null, ""has_children"": null, ""lifestyle"": 18, ""partner_children"": null, ""partner_smoking"": null, ""relationship_goal"": null, ""relationship_pace"": null, ""relationship_structure"": null, ""relocate"": null, ""schedule"": null, ""smoking"": null, ""space_for_relationship"": null, ""wants_children"": 18, ""who_to_meet"": null}"
syn_85b535df57eebcca250380cae7aa5c07,public_08,30,woman,zone_c,True,synthetic_questionnaire,True,18,,34,,,,,,,,,,,,,,,yes,"[""woman""]",not_asked,observed,declined,not_asked,not_asked,not_asked,not_asked,not_asked,not_asked,not_asked,not_asked,not_asked,not_asked,not_asked,declined,not_asked,observed,observed,,18,,,,,,,,,,,,,,,18,18,"{""acceptable_zones"": null, ""age_max"": 34, ""age_min"": null, ""conversations"": null, ""emotional_availability"": null, ""has_children"": null, ""lifestyle"": null, ""partner_children"": null, ""partner_smoking"": null, ""relationship_goal"": null, ""relationship_pace"": null, ""relationship_structure"": null, ""relocate"": null, ""schedule"": null, ""smoking"": null, ""space_for_relationship"": null, ""wants_children"": ""yes"", ""who_to_meet"": [""woman""]}","{""acceptable_zones"": ""not_asked"", ""age_max"": ""observed"", ""age_min"": ""declined"", ""conversations"": ""not_asked"", ""emotional_availability"": ""not_asked"", ""has_children"": ""not_asked"", ""lifestyle"": ""not_asked"", ""partner_children"": ""not_asked"", ""partner_smoking"": ""not_asked"", ""relationship_goal"": ""not_asked"", ""relationship_pace"": ""not_asked"", ""relationship_structure"": ""not_asked"", ""relocate"": ""not_asked"", ""schedule"": ""not_asked"", ""smoking"": ""declined"", ""space_for_relationship"": ""not_asked"", ""wants_children"": ""observed"", ""who_to_meet"": ""observed""}","{""acceptable_zones"": null, ""age_max"": 18, ""age_min"": null, ""conversations"": null, ""emotional_availability"": null, ""has_children"": null, ""lifestyle"": null, ""partner_children"": null, ""partner_smoking"": null, ""relationship_goal"": null, ""relationship_pace"": null, ""relationship_structure"": null, ""relocate"": null, ""schedule"": null, ""smoking"": null, ""space_for_relationship"": null, ""wants_children"": 18, ""who_to_meet"": 18}"
syn_efb19670521f74297939b880bb1f3a02,public_08,46,woman,zone_a,True,synthetic_questionnaire,True,3,,,,,,False,,no_children,,,,,unsure,,,,,,not_asked,not_asked,not_asked,not_asked,not_asked,observed,not_asked,observed,not_asked,not_asked,not_asked,not_asked,observed,not_asked,not_asked,not_asked,declined,not_asked,,,,,,3,,3,,,,,3,,,,,,"{""acceptable_zones"": null, ""age_max"": null, ""age_min"": null, ""conversations"": null, ""emotional_availability"": null, ""has_children"": false, ""lifestyle"": null, ""partner_children"": ""no_children"", ""partner_smoking"": null, ""relationship_goal"": null, ""relationship_pace"": null, ""relationship_structure"": null, ""relocate"": ""unsure"", ""schedule"": null, ""smoking"": null, ""space_for_relationship"": null, ""wants_children"": null, ""who_to_meet"": null}","{""acceptable_zones"": ""not_asked"", ""age_max"": ""not_asked"", ""age_min"": ""not_asked"", ""conversations"": ""not_asked"", ""emotional_availability"": ""not_asked"", ""has_children"": ""observed"", ""lifestyle"": ""not_asked"", ""partner_children"": ""observed"", ""partner_smoking"": ""not_asked"", ""relationship_goal"": ""not_asked"", ""relationship_pace"": ""not_asked"", ""relationship_structure"": ""not_asked"", ""relocate"": ""observed"", ""schedule"": ""not_asked"", ""smoking"": ""not_asked"", ""space_for_relationship"": ""not_asked"", ""wants_children"": ""declined"", ""who_to_meet"": ""not_asked""}","{""acceptable_zones"": null, ""age_max"": null, ""age_min"": null, ""conversations"": null, ""emotional_availability"": null, ""has_children"": 3, ""lifestyle"": null, ""partner_children"": 3, ""partner_smoking"": null, ""relationship_goal"": null, ""relationship_pace"": null, ""relationship_structure"": null, ""relocate"": 3, ""schedule"": null, ""smoking"": null, ""space_for_relationship"": null, ""wants_children"": null, ""who_to_meet"": null}"
syn_a3993b24a51f7f881e7dfd69d3590b94,public_08,40,woman,zone_c,True,synthetic_questionnaire,True,0,"[""zone_c""]",47,31,,,False,,no_children,no_smoking,,,monogamous,,"[""weekend_day""]",no,,unsure,"[""woman""]",observed,observed,observed,not_asked,not_asked,observed,declined,observed,observed,not_asked,not_asked,observed,not_asked,observed,observed,not_asked,observed,observed,8,8,8,,,8,,8,8,,,8,,8,8,,8,8,"{""acceptable_zones"": [""zone_c""], ""age_max"": 47, ""age_min"": 31, ""conversations"": null, ""emotional_availability"": null, ""has_children"": false, ""lifestyle"": null, ""partner_children"": ""no_children"", ""partner_smoking"": ""no_smoking"", ""relationship_goal"": null, ""relationship_pace"": null, ""relationship_structure"": ""monogamous"", ""relocate"": null, ""schedule"": [""weekend_day""], ""smoking"": ""no"", ""space_for_relationship"": null, ""wants_children"": ""unsure"", ""who_to_meet"": [""woman""]}","{""acceptable_zones"": ""observed"", ""age_max"": ""observed"", ""age_min"": ""observed"", ""conversations"": ""not_asked"", ""emotional_availability"": ""not_asked"", ""has_children"": ""observed"", ""lifestyle"": ""declined"", ""partner_children"": ""observed"", ""partner_smoking"": ""observed"", ""relationship_goal"": ""not_asked"", ""relationship_pace"": ""not_asked"", ""relationship_structure"": ""observed"", ""relocate"": ""not_asked"", ""schedule"": ""observed"", ""smoking"": ""observed"", ""space_for_relationship"": ""not_asked"", ""wants_children"": ""observed"", ""who_to_meet"": ""observed""}","{""acceptable_zones"": 8, ""age_max"": 8, ""age_min"": 8, ""conversations"": null, ""emotional_availability"": null, ""has_children"": 8, ""lifestyle"": null, ""partner_children"": 8, ""partner_smoking"": 8, ""relationship_goal"": null, ""relationship_pace"": null, ""relationship_structure"": 8, ""relocate"": null, ""schedule"": 8, ""smoking"": 8, ""space_for_relationship"": null, ""wants_children"": 8, ""who_to_meet"": 8}"
syn_d356f8360333d03ba81e16a8e22b7ca1,public_08,46,man,zone_a,True,synthetic_questionnaire,True,0,"[""zone_a""]",55,37,,,False,,any,no_smoking,,,monogamous,,"[""weekday_evening"", ""weekend_evening""]",no,,unsure,"[""woman""]",observed,observed,observed,not_asked,not_asked,observed,not_asked,observed,observed,not_asked,not_asked,observed,not_asked,observed,observed,not_asked,observed,observed,8,8,8,,,8,,8,8,,,8,,8,8,,8,8,"{""acceptable_zones"": [""zone_a""], ""age_max"": 55, ""age_min"": 37, ""conversations"": null, ""emotional_availability"": null, ""has_children"": false, ""lifestyle"": null, ""partner_children"": ""any"", ""partner_smoking"": ""no_smoking"", ""relationship_goal"": null, ""relationship_pace"": null, ""relationship_structure"": ""monogamous"", ""relocate"": null, ""schedule"": [""weekday_evening"", ""weekend_evening""], ""smoking"": ""no"", ""space_for_relationship"": null, ""wants_children"": ""unsure"", ""who_to_meet"": [""woman""]}","{""acceptable_zones"": ""observed"", ""age_max"": ""observed"", ""age_min"": ""observed"", ""conversations"": ""not_asked"", ""emotional_availability"": ""not_asked"", ""has_children"": ""observed"", ""lifestyle"": ""not_asked"", ""partner_children"": ""observed"", ""partner_smoking"": ""observed"", ""relationship_goal"": ""not_asked"", ""relationship_pace"": ""not_asked"", ""relationship_structure"": ""observed"", ""relocate"": ""not_asked"", ""schedule"": ""observed"", ""smoking"": ""observed"", ""space_for_relationship"": ""not_asked"", ""wants_children"": ""observed"", ""who_to_meet"": ""observed""}","{""acceptable_zones"": 8, ""age_max"": 8, ""age_min"": 8, ""conversations"": null, ""emotional_availability"": null, ""has_children"": 8, ""lifestyle"": null, ""partner_children"": 8, ""partner_smoking"": 8, ""relationship_goal"": null, ""relationship_pace"": null, ""relationship_structure"": 8, ""relocate"": null, ""schedule"": 8, ""smoking"": 8, ""space_for_relationship"": null, ""wants_children"": 8, ""who_to_meet"": 8}"
syn_66ed2d85c5c6dd954258ddc72411f25f,public_08,40,woman,zone_c,True,synthetic_questionnaire,True,0,"[""zone_c""]",50,35,playful,ready,False,quiet,any,no_smoking,long_term,steady,monogamous,no,"[""weekend_evening"", ""weekday_evening"", ""weekend_day""]",occasionally,ample,no,"[""woman""]",observed,observed,observed,observed,observed,observed,observed,observed,observed,observed,observed,observed,observed,observed,observed,observed,observed,observed,0,0,0,0,0,0,0,0,0,0,0,0,0,0,0,0,0,0,"{""acceptable_zones"": [""zone_c""], ""age_max"": 50, ""age_min"": 35, ""conversations"": ""playful"", ""emotional_availability"": ""ready"", ""has_children"": false, ""lifestyle"": ""quiet"", ""partner_children"": ""any"", ""partner_smoking"": ""no_smoking"", ""relationship_goal"": ""long_term"", ""relationship_pace"": ""steady"", ""relationship_structure"": ""monogamous"", ""relocate"": ""no"", ""schedule"": [""weekend_evening"", ""weekday_evening"", ""weekend_day""], ""smoking"": ""occasionally"", ""space_for_relationship"": ""ample"", ""wants_children"": ""no"", ""who_to_meet"": [""woman""]}","{""acceptable_zones"": ""observed"", ""age_max"": ""observed"", ""age_min"": ""observed"", ""conversations"": ""observed"", ""emotional_availability"": ""observed"", ""has_children"": ""observed"", ""lifestyle"": ""observed"", ""partner_children"": ""observed"", ""partner_smoking"": ""observed"", ""relationship_goal"": ""observed"", ""relationship_pace"": ""observed"", ""relationship_structure"": ""observed"", ""relocate"": ""observed"", ""schedule"": ""observed"", ""smoking"": ""observed"", ""space_for_relationship"": ""observed"", ""wants_children"": ""observed"", ""who_to_meet"": ""observed""}","{""acceptable_zones"": 0, ""age_max"": 0, ""age_min"": 0, ""conversations"": 0, ""emotional_availability"": 0, ""has_children"": 0, ""lifestyle"": 0, ""partner_children"": 0, ""partner_smoking"": 0, ""relationship_goal"": 0, ""relationship_pace"": 0, ""relationship_structure"": 0, ""relocate"": 0, ""schedule"": 0, ""smoking"": 0, ""space_for_relationship"": 0, ""wants_children"": 0, ""who_to_meet"": 0}"
syn_43d18aa30bcadd41bf9573fdb20f40b5,public_08,34,non_binary,zone_a,False,synthetic_questionnaire,True,0,"[""zone_a"", ""zone_b""]",42,31,,,True,,any,no_smoking,exploring,,monogamous,unsure,"[""weekend_day"", ""weekday_evening""]",occasionally,,yes,"[""non_binary"", ""man"", ""woman""]",observed,observed,observed,not_asked,not_asked,observed,not_asked,observed,observed,observed,not_asked,observed,observed,observed,observed,not_asked,observed,observed,9,9,9,,,9,,9,9,0,,9,0,9,9,,9,9,"{""acceptable_zones"": [""zone_a"", ""zone_b""], ""age_max"": 42, ""age_min"": 31, ""conversations"": null, ""emotional_availability"": null, ""has_children"": true, ""lifestyle"": null, ""partner_children"": ""any"", ""partner_smoking"": ""no_smoking"", ""relationship_goal"": ""exploring"", ""relationship_pace"": null, ""relationship_structure"": ""monogamous"", ""relocate"": ""unsure"", ""schedule"": [""weekend_day"", ""weekday_evening""], ""smoking"": ""occasionally"", ""space_for_relationship"": null, ""wants_children"": ""yes"", ""who_to_meet"": [""non_binary"", ""man"", ""woman""]}","{""acceptable_zones"": ""observed"", ""age_max"": ""observed"", ""age_min"": ""observed"", ""conversations"": ""not_asked"", ""emotional_availability"": ""not_asked"", ""has_children"": ""observed"", ""lifestyle"": ""not_asked"", ""partner_children"": ""observed"", ""partner_smoking"": ""observed"", ""relationship_goal"": ""observed"", ""relationship_pace"": ""not_asked"", ""relationship_structure"": ""observed"", ""relocate"": ""observed"", ""schedule"": ""observed"", ""smoking"": ""observed"", ""space_for_relationship"": ""not_asked"", ""wants_children"": ""observed"", ""who_to_meet"": ""observed""}","{""acceptable_zones"": 9, ""age_max"": 9, ""age_min"": 9, ""conversations"": null, ""emotional_availability"": null, ""has_children"": 9, ""lifestyle"": null, ""partner_children"": 9, ""partner_smoking"": 9, ""relationship_goal"": 0, ""relationship_pace"": null, ""relationship_structure"": 9, ""relocate"": 0, ""schedule"": 9, ""smoking"": 9, ""space_for_relationship"": null, ""wants_children"": 9, ""who_to_meet"": 9}"
syn_2bf2fd0019c2352ca972600964c3caec,public_08,22,non_binary,zone_b,True,synthetic_questionnaire,True,0,,,,,,,,,,,,,,,,limited,,,not_asked,not_asked,not_asked,not_asked,not_asked,not_asked,not_asked,not_asked,not_asked,declined,not_asked,not_asked,not_asked,not_asked,not_asked,observed,declined,not_asked,,,,,,,,,,,,,,,,0,,,"{""acceptable_zones"": null, ""age_max"": null, ""age_min"": null, ""conversations"": null, ""emotional_availability"": null, ""has_children"": null, ""lifestyle"": null, ""partner_children"": null, ""partner_smoking"": null, ""relationship_goal"": null, ""relationship_pace"": null, ""relationship_structure"": null, ""relocate"": null, ""schedule"": null, ""smoking"": null, ""space_for_relationship"": ""limited"", ""wants_children"": null, ""who_to_meet"": null}","{""acceptable_zones"": ""not_asked"", ""age_max"": ""not_asked"", ""age_min"": ""not_asked"", ""conversations"": ""not_asked"", ""emotional_availability"": ""not_asked"", ""has_children"": ""not_asked"", ""lifestyle"": ""not_asked"", ""partner_children"": ""not_asked"", ""partner_smoking"": ""not_asked"", ""relationship_goal"": ""declined"", ""relationship_pace"": ""not_asked"", ""relationship_structure"": ""not_asked"", ""relocate"": ""not_asked"", ""schedule"": ""not_asked"", ""smoking"": ""not_asked"", ""space_for_relationship"": ""observed"", ""wants_children"": ""declined"", ""who_to_meet"": ""not_asked""}","{""acceptable_zones"": null, ""age_max"": null, ""age_min"": null, ""conversations"": null, ""emotional_availability"": null, ""has_children"": null, ""lifestyle"": null, ""partner_children"": null, ""partner_smoking"": null, ""relationship_goal"": null, ""relationship_pace"": null, ""relationship_structure"": null, ""relocate"": null, ""schedule"": null, ""smoking"": null, ""space_for_relationship"": 0, ""wants_children"": null, ""who_to_meet"": null}"
syn_b47198feb5761c7d8b4c8515c4bccd8e,public_08,29,woman,zone_d,True,synthetic_questionnaire,True,0,"[""zone_d"", ""zone_b""]",33,24,stories,,False,,no_children,no_smoking,,steady,monogamous,,"[""weekend_evening""]",no,,yes,"[""non_binary""]",observed,observed,observed,observed,not_asked,observed,not_asked,observed,observed,not_asked,observed,observed,not_asked,observed,observed,declined,observed,observed,9,9,9,0,,9,,9,9,,0,9,,9,9,,9,9,"{""acceptable_zones"": [""zone_d"", ""zone_b""], ""age_max"": 33, ""age_min"": 24, ""conversations"": ""stories"", ""emotional_availability"": null, ""has_children"": false, ""lifestyle"": null, ""partner_children"": ""no_children"", ""partner_smoking"": ""no_smoking"", ""relationship_goal"": null, ""relationship_pace"": ""steady"", ""relationship_structure"": ""monogamous"", ""relocate"": null, ""schedule"": [""weekend_evening""], ""smoking"": ""no"", ""space_for_relationship"": null, ""wants_children"": ""yes"", ""who_to_meet"": [""non_binary""]}","{""acceptable_zones"": ""observed"", ""age_max"": ""observed"", ""age_min"": ""observed"", ""conversations"": ""observed"", ""emotional_availability"": ""not_asked"", ""has_children"": ""observed"", ""lifestyle"": ""not_asked"", ""partner_children"": ""observed"", ""partner_smoking"": ""observed"", ""relationship_goal"": ""not_asked"", ""relationship_pace"": ""observed"", ""relationship_structure"": ""observed"", ""relocate"": ""not_asked"", ""schedule"": ""observed"", ""smoking"": ""observed"", ""space_for_relationship"": ""declined"", ""wants_children"": ""observed"", ""who_to_meet"": ""observed""}","{""acceptable_zones"": 9, ""age_max"": 9, ""age_min"": 9, ""conversations"": 0, ""emotional_availability"": null, ""has_children"": 9, ""lifestyle"": null, ""partner_children"": 9, ""partner_smoking"": 9, ""relationship_goal"": null, ""relationship_pace"": 0, ""relationship_structure"": 9, ""relocate"": null, ""schedule"": 9, ""smoking"": 9, ""space_for_relationship"": null, ""wants_children"": 9, ""who_to_meet"": 9}"
syn_af0dc6779fdaf3311a049163f1bbf8b3,public_08,23,man,zone_a,False,synthetic_questionnaire,True,20,"[""zone_a"", ""zone_c""]",32,18,,,False,,any,no_smoking,exploring,,monogamous,,"[""weekend_evening""]",no,,no,"[""woman"", ""man""]",observed,observed,observed,not_asked,not_asked,observed,not_asked,observed,observed,observed,not_asked,observed,not_asked,observed,observed,not_asked,observed,observed,20,20,20,,,20,,20,20,20,,20,,20,20,,20,20,"{""acceptable_zones"": [""zone_a"", ""zone_c""], ""age_max"": 32, ""age_min"": 18, ""conversations"": null, ""emotional_availability"": null, ""has_children"": false, ""lifestyle"": null, ""partner_children"": ""any"", ""partner_smoking"": ""no_smoking"", ""relationship_goal"": ""exploring"", ""relationship_pace"": null, ""relationship_structure"": ""monogamous"", ""relocate"": null, ""schedule"": [""weekend_evening""], ""smoking"": ""no"", ""space_for_relationship"": null, ""wants_children"": ""no"", ""who_to_meet"": [""woman"", ""man""]}","{""acceptable_zones"": ""observed"", ""age_max"": ""observed"", ""age_min"": ""observed"", ""conversations"": ""not_asked"", ""emotional_availability"": ""not_asked"", ""has_children"": ""observed"", ""lifestyle"": ""not_asked"", ""partner_children"": ""observed"", ""partner_smoking"": ""observed"", ""relationship_goal"": ""observed"", ""relationship_pace"": ""not_asked"", ""relationship_structure"": ""observed"", ""relocate"": ""not_asked"", ""schedule"": ""observed"", ""smoking"": ""observed"", ""space_for_relationship"": ""not_asked"", ""wants_children"": ""observed"", ""who_to_meet"": ""observed""}","{""acceptable_zones"": 20, ""age_max"": 20, ""age_min"": 20, ""conversations"": null, ""emotional_availability"": null, ""has_children"": 20, ""lifestyle"": null, ""partner_children"": 20, ""partner_smoking"": 20, ""relationship_goal"": 20, ""relationship_pace"": null, ""relationship_structure"": 20, ""relocate"": null, ""schedule"": 20, ""smoking"": 20, ""space_for_relationship"": null, ""wants_children"": 20, ""who_to_meet"": 20}"
syn_e873c9ddc3b41ec81c488e1c46adf54a,public_08,24,woman,zone_a,True,synthetic_questionnaire,True,0,"[""zone_a""]",33,18,,,False,mixed,any,any,,,monogamous,,"[""weekend_day"", ""weekend_evening""]",no,,no,"[""man""]",observed,observed,observed,not_asked,not_asked,observed,observed,observed,observed,not_asked,not_asked,observed,not_asked,observed,observed,not_asked,observed,observed,9,9,9,,,9,0,9,9,,,9,,9,9,,9,9,"{""acceptable_zones"": [""zone_a""], ""age_max"": 33, ""age_min"": 18, ""conversations"": null, ""emotional_availability"": null, ""has_children"": false, ""lifestyle"": ""mixed"", ""partner_children"": ""any"", ""partner_smoking"": ""any"", ""relationship_goal"": null, ""relationship_pace"": null, ""relationship_structure"": ""monogamous"", ""relocate"": null, ""schedule"": [""weekend_day"", ""weekend_evening""], ""smoking"": ""no"", ""space_for_relationship"": null, ""wants_children"": ""no"", ""who_to_meet"": [""man""]}","{""acceptable_zones"": ""observed"", ""age_max"": ""observed"", ""age_min"": ""observed"", ""conversations"": ""not_asked"", ""emotional_availability"": ""not_asked"", ""has_children"": ""observed"", ""lifestyle"": ""observed"", ""partner_children"": ""observed"", ""partner_smoking"": ""observed"", ""relationship_goal"": ""not_asked"", ""relationship_pace"": ""not_asked"", ""relationship_structure"": ""observed"", ""relocate"": ""not_asked"", ""schedule"": ""observed"", ""smoking"": ""observed"", ""space_for_relationship"": ""not_asked"", ""wants_children"": ""observed"", ""who_to_meet"": ""observed""}","{""acceptable_zones"": 9, ""age_max"": 9, ""age_min"": 9, ""conversations"": null, ""emotional_availability"": null, ""has_children"": 9, ""lifestyle"": 0, ""partner_children"": 9, ""partner_smoking"": 9, ""relationship_goal"": null, ""relationship_pace"": null, ""relationship_structure"": 9, ""relocate"": null, ""schedule"": 9, ""smoking"": 9, ""space_for_relationship"": null, ""wants_children"": 9, ""who_to_meet"": 9}"
syn_c2544d09bd92a01bc2e4c33b9a70d485,public_08,26,woman,zone_b,True,synthetic_questionnaire,True,0,"[""zone_b""]",29,21,practical,taking_time,False,mixed,any,any,exploring,steady,non_monogamous,no,"[""weekday_evening""]",no,moderate,no,"[""man""]",observed,observed,observed,observed,observed,observed,observed,observed,observed,observed,observed,observed,observed,observed,observed,observed,observed,observed,0,0,0,0,0,0,0,0,0,0,0,0,0,0,0,0,0,0,"{""acceptable_zones"": [""zone_b""], ""age_max"": 29, ""age_min"": 21, ""conversations"": ""practical"", ""emotional_availability"": ""taking_time"", ""has_children"": false, ""lifestyle"": ""mixed"", ""partner_children"": ""any"", ""partner_smoking"": ""any"", ""relationship_goal"": ""exploring"", ""relationship_pace"": ""steady"", ""relationship_structure"": ""non_monogamous"", ""relocate"": ""no"", ""schedule"": [""weekday_evening""], ""smoking"": ""no"", ""space_for_relationship"": ""moderate"", ""wants_children"": ""no"", ""who_to_meet"": [""man""]}","{""acceptable_zones"": ""observed"", ""age_max"": ""observed"", ""age_min"": ""observed"", ""conversations"": ""observed"", ""emotional_availability"": ""observed"", ""has_children"": ""observed"", ""lifestyle"": ""observed"", ""partner_children"": ""observed"", ""partner_smoking"": ""observed"", ""relationship_goal"": ""observed"", ""relationship_pace"": ""observed"", ""relationship_structure"": ""observed"", ""relocate"": ""observed"", ""schedule"": ""observed"", ""smoking"": ""observed"", ""space_for_relationship"": ""observed"", ""wants_children"": ""observed"", ""who_to_meet"": ""observed""}","{""acceptable_zones"": 0, ""age_max"": 0, ""age_min"": 0, ""conversations"": 0, ""emotional_availability"": 0, ""has_children"": 0, ""lifestyle"": 0, ""partner_children"": 0, ""partner_smoking"": 0, ""relationship_goal"": 0, ""relationship_pace"": 0, ""relationship_structure"": 0, ""relocate"": 0, ""schedule"": 0, ""smoking"": 0, ""space_for_relationship"": 0, ""wants_children"": 0, ""who_to_meet"": 0}"
syn_a9729439f089932d8652e5ad633a99f9,public_08,42,woman,zone_b,True,synthetic_questionnaire,True,0,,,,,,,,no_children,any,,,,,"[""weekend_evening"", ""weekday_evening""]",,,,,not_asked,not_asked,not_asked,not_asked,not_asked,declined,not_asked,observed,observed,not_asked,not_asked,not_asked,not_asked,observed,not_asked,not_asked,not_asked,not_asked,,,,,,,,0,0,,,,,0,,,,,"{""acceptable_zones"": null, ""age_max"": null, ""age_min"": null, ""conversations"": null, ""emotional_availability"": null, ""has_children"": null, ""lifestyle"": null, ""partner_children"": ""no_children"", ""partner_smoking"": ""any"", ""relationship_goal"": null, ""relationship_pace"": null, ""relationship_structure"": null, ""relocate"": null, ""schedule"": [""weekend_evening"", ""weekday_evening""], ""smoking"": null, ""space_for_relationship"": null, ""wants_children"": null, ""who_to_meet"": null}","{""acceptable_zones"": ""not_asked"", ""age_max"": ""not_asked"", ""age_min"": ""not_asked"", ""conversations"": ""not_asked"", ""emotional_availability"": ""not_asked"", ""has_children"": ""declined"", ""lifestyle"": ""not_asked"", ""partner_children"": ""observed"", ""partner_smoking"": ""observed"", ""relationship_goal"": ""not_asked"", ""relationship_pace"": ""not_asked"", ""relationship_structure"": ""not_asked"", ""relocate"": ""not_asked"", ""schedule"": ""observed"", ""smoking"": ""not_asked"", ""space_for_relationship"": ""not_asked"", ""wants_children"": ""not_asked"", ""who_to_meet"": ""not_asked""}","{""acceptable_zones"": null, ""age_max"": null, ""age_min"": null, ""conversations"": null, ""emotional_availability"": null, ""has_children"": null, ""lifestyle"": null, ""partner_children"": 0, ""partner_smoking"": 0, ""relationship_goal"": null, ""relationship_pace"": null, ""relationship_structure"": null, ""relocate"": null, ""schedule"": 0, ""smoking"": null, ""space_for_relationship"": null, ""wants_children"": null, ""who_to_meet"": null}"
syn_792d57380c89bfae24709f7ed802d099,public_08,39,non_binary,zone_b,True,synthetic_questionnaire,True,9,"[""zone_b""]",43,32,stories,ready,False,quiet,any,any,exploring,quick,monogamous,yes,"[""weekend_day""]",no,limited,unsure,"[""non_binary"", ""woman"", ""man""]",observed,observed,observed,observed,observed,observed,observed,observed,observed,observed,observed,observed,observed,observed,observed,observed,observed,observed,9,9,9,9,9,9,9,9,9,9,9,9,9,9,9,9,9,9,"{""acceptable_zones"": [""zone_b""], ""age_max"": 43, ""age_min"": 32, ""conversations"": ""stories"", ""emotional_availability"": ""ready"", ""has_children"": false, ""lifestyle"": ""quiet"", ""partner_children"": ""any"", ""partner_smoking"": ""any"", ""relationship_goal"": ""exploring"", ""relationship_pace"": ""quick"", ""relationship_structure"": ""monogamous"", ""relocate"": ""yes"", ""schedule"": [""weekend_day""], ""smoking"": ""no"", ""space_for_relationship"": ""limited"", ""wants_children"": ""unsure"", ""who_to_meet"": [""non_binary"", ""woman"", ""man""]}","{""acceptable_zones"": ""observed"", ""age_max"": ""observed"", ""age_min"": ""observed"", ""conversations"": ""observed"", ""emotional_availability"": ""observed"", ""has_children"": ""observed"", ""lifestyle"": ""observed"", ""partner_children"": ""observed"", ""partner_smoking"": ""observed"", ""relationship_goal"": ""observed"", ""relationship_pace"": ""observed"", ""relationship_structure"": ""observed"", ""relocate"": ""observed"", ""schedule"": ""observed"", ""smoking"": ""observed"", ""space_for_relationship"": ""observed"", ""wants_children"": ""observed"", ""who_to_meet"": ""observed""}","{""acceptable_zones"": 9, ""age_max"": 9, ""age_min"": 9, ""conversations"": 9, ""emotional_availability"": 9, ""has_children"": 9, ""lifestyle"": 9, ""partner_children"": 9, ""partner_smoking"": 9, ""relationship_goal"": 9, ""relationship_pace"": 9, ""relationship_structure"": 9, ""relocate"": 9, ""schedule"": 9, ""smoking"": 9, ""space_for_relationship"": 9, ""wants_children"": 9, ""who_to_meet"": 9}"
syn_cd3f6ee51fb25a90916bcf47d8ad8de2,public_08,46,man,zone_a,True,synthetic_questionnaire,True,0,"[""zone_a""]",52,40,ideas,taking_time,False,social,any,no_smoking,exploring,steady,monogamous,no,"[""weekend_day"", ""weekend_evening"", ""weekday_evening""]",no,limited,yes,"[""non_binary""]",observed,observed,observed,observed,observed,observed,observed,observed,observed,observed,observed,observed,observed,observed,observed,observed,observed,observed,0,0,0,0,0,0,0,0,0,0,0,0,0,0,0,0,0,0,"{""acceptable_zones"": [""zone_a""], ""age_max"": 52, ""age_min"": 40, ""conversations"": ""ideas"", ""emotional_availability"": ""taking_time"", ""has_children"": false, ""lifestyle"": ""social"", ""partner_children"": ""any"", ""partner_smoking"": ""no_smoking"", ""relationship_goal"": ""exploring"", ""relationship_pace"": ""steady"", ""relationship_structure"": ""monogamous"", ""relocate"": ""no"", ""schedule"": [""weekend_day"", ""weekend_evening"", ""weekday_evening""], ""smoking"": ""no"", ""space_for_relationship"": ""limited"", ""wants_children"": ""yes"", ""who_to_meet"": [""non_binary""]}","{""acceptable_zones"": ""observed"", ""age_max"": ""observed"", ""age_min"": ""observed"", ""conversations"": ""observed"", ""emotional_availability"": ""observed"", ""has_children"": ""observed"", ""lifestyle"": ""observed"", ""partner_children"": ""observed"", ""partner_smoking"": ""observed"", ""relationship_goal"": ""observed"", ""relationship_pace"": ""observed"", ""relationship_structure"": ""observed"", ""relocate"": ""observed"", ""schedule"": ""observed"", ""smoking"": ""observed"", ""space_for_relationship"": ""observed"", ""wants_children"": ""observed"", ""who_to_meet"": ""observed""}","{""acceptable_zones"": 0, ""age_max"": 0, ""age_min"": 0, ""conversations"": 0, ""emotional_availability"": 0, ""has_children"": 0, ""lifestyle"": 0, ""partner_children"": 0, ""partner_smoking"": 0, ""relationship_goal"": 0, ""relationship_pace"": 0, ""relationship_structure"": 0, ""relocate"": 0, ""schedule"": 0, ""smoking"": 0, ""space_for_relationship"": 0, ""wants_children"": 0, ""who_to_meet"": 0}"
syn_9472d5e1967a21205590fcfcdde82aa3,public_08,24,man,zone_b,True,synthetic_questionnaire,True,0,"[""zone_b""]",29,18,practical,ready,False,social,any,any,exploring,slow,monogamous,yes,"[""weekday_evening"", ""weekend_evening""]",no,moderate,no,"[""woman"", ""non_binary"", ""man""]",observed,observed,observed,observed,observed,observed,observed,observed,observed,observed,observed,observed,observed,observed,observed,observed,observed,observed,0,0,0,0,0,0,0,0,0,0,0,0,0,0,0,0,0,0,"{""acceptable_zones"": [""zone_b""], ""age_max"": 29, ""age_min"": 18, ""conversations"": ""practical"", ""emotional_availability"": ""ready"", ""has_children"": false, ""lifestyle"": ""social"", ""partner_children"": ""any"", ""partner_smoking"": ""any"", ""relationship_goal"": ""exploring"", ""relationship_pace"": ""slow"", ""relationship_structure"": ""monogamous"", ""relocate"": ""yes"", ""schedule"": [""weekday_evening"", ""weekend_evening""], ""smoking"": ""no"", ""space_for_relationship"": ""moderate"", ""wants_children"": ""no"", ""who_to_meet"": [""woman"", ""non_binary"", ""man""]}","{""acceptable_zones"": ""observed"", ""age_max"": ""observed"", ""age_min"": ""observed"", ""conversations"": ""observed"", ""emotional_availability"": ""observed"", ""has_children"": ""observed"", ""lifestyle"": ""observed"", ""partner_children"": ""observed"", ""partner_smoking"": ""observed"", ""relationship_goal"": ""observed"", ""relationship_pace"": ""observed"", ""relationship_structure"": ""observed"", ""relocate"": ""observed"", ""schedule"": ""observed"", ""smoking"": ""observed"", ""space_for_relationship"": ""observed"", ""wants_children"": ""observed"", ""who_to_meet"": ""observed""}","{""acceptable_zones"": 0, ""age_max"": 0, ""age_min"": 0, ""conversations"": 0, ""emotional_availability"": 0, ""has_children"": 0, ""lifestyle"": 0, ""partner_children"": 0, ""partner_smoking"": 0, ""relationship_goal"": 0, ""relationship_pace"": 0, ""relationship_structure"": 0, ""relocate"": 0, ""schedule"": 0, ""smoking"": 0, ""space_for_relationship"": 0, ""wants_children"": 0, ""who_to_meet"": 0}"
syn_5b242a61c88c1cea8363d28a1dbe7285,public_08,34,non_binary,zone_a,True,synthetic_questionnaire,True,0,,,,,,,,,,,,,no,,,,,,not_asked,not_asked,not_asked,not_asked,not_asked,not_asked,declined,not_asked,not_asked,not_asked,not_asked,declined,observed,not_asked,not_asked,not_asked,not_asked,not_asked,,,,,,,,,,,,,0,,,,,,"{""acceptable_zones"": null, ""age_max"": null, ""age_min"": null, ""conversations"": null, ""emotional_availability"": null, ""has_children"": null, ""lifestyle"": null, ""partner_children"": null, ""partner_smoking"": null, ""relationship_goal"": null, ""relationship_pace"": null, ""relationship_structure"": null, ""relocate"": ""no"", ""schedule"": null, ""smoking"": null, ""space_for_relationship"": null, ""wants_children"": null, ""who_to_meet"": null}","{""acceptable_zones"": ""not_asked"", ""age_max"": ""not_asked"", ""age_min"": ""not_asked"", ""conversations"": ""not_asked"", ""emotional_availability"": ""not_asked"", ""has_children"": ""not_asked"", ""lifestyle"": ""declined"", ""partner_children"": ""not_asked"", ""partner_smoking"": ""not_asked"", ""relationship_goal"": ""not_asked"", ""relationship_pace"": ""not_asked"", ""relationship_structure"": ""declined"", ""relocate"": ""observed"", ""schedule"": ""not_asked"", ""smoking"": ""not_asked"", ""space_for_relationship"": ""not_asked"", ""wants_children"": ""not_asked"", ""who_to_meet"": ""not_asked""}","{""acceptable_zones"": null, ""age_max"": null, ""age_min"": null, ""conversations"": null, ""emotional_availability"": null, ""has_children"": null, ""lifestyle"": null, ""partner_children"": null, ""partner_smoking"": null, ""relationship_goal"": null, ""relationship_pace"": null, ""relationship_structure"": null, ""relocate"": 0, ""schedule"": null, ""smoking"": null, ""space_for_relationship"": null, ""wants_children"": null, ""who_to_meet"": null}"
syn_ae24dd7b53ae9c7bdd1abda2b5c82668,public_08,43,woman,zone_a,True,synthetic_questionnaire,True,0,"[""zone_a""]",46,33,ideas,taking_time,False,quiet,any,any,long_term,slow,monogamous,yes,"[""weekend_evening"", ""weekend_day""]",no,limited,no,"[""non_binary""]",observed,observed,observed,observed,observed,observed,observed,observed,observed,observed,observed,observed,observed,observed,observed,observed,observed,observed,0,0,0,0,0,0,0,0,0,0,0,0,0,0,0,0,0,0,"{""acceptable_zones"": [""zone_a""], ""age_max"": 46, ""age_min"": 33, ""conversations"": ""ideas"", ""emotional_availability"": ""taking_time"", ""has_children"": false, ""lifestyle"": ""quiet"", ""partner_children"": ""any"", ""partner_smoking"": ""any"", ""relationship_goal"": ""long_term"", ""relationship_pace"": ""slow"", ""relationship_structure"": ""monogamous"", ""relocate"": ""yes"", ""schedule"": [""weekend_evening"", ""weekend_day""], ""smoking"": ""no"", ""space_for_relationship"": ""limited"", ""wants_children"": ""no"", ""who_to_meet"": [""non_binary""]}","{""acceptable_zones"": ""observed"", ""age_max"": ""observed"", ""age_min"": ""observed"", ""conversations"": ""observed"", ""emotional_availability"": ""observed"", ""has_children"": ""observed"", ""lifestyle"": ""observed"", ""partner_children"": ""observed"", ""partner_smoking"": ""observed"", ""relationship_goal"": ""observed"", ""relationship_pace"": ""observed"", ""relationship_structure"": ""observed"", ""relocate"": ""observed"", ""schedule"": ""observed"", ""smoking"": ""observed"", ""space_for_relationship"": ""observed"", ""wants_children"": ""observed"", ""who_to_meet"": ""observed""}","{""acceptable_zones"": 0, ""age_max"": 0, ""age_min"": 0, ""conversations"": 0, ""emotional_availability"": 0, ""has_children"": 0, ""lifestyle"": 0, ""partner_children"": 0, ""partner_smoking"": 0, ""relationship_goal"": 0, ""relationship_pace"": 0, ""relationship_structure"": 0, ""relocate"": 0, ""schedule"": 0, ""smoking"": 0, ""space_for_relationship"": 0, ""wants_children"": 0, ""who_to_meet"": 0}"
syn_3e7ffb5ba91f6e62e376c3ffa2b1a15b,public_08,28,man,zone_a,True,synthetic_questionnaire,True,0,"[""zone_a""]",34,21,ideas,ready,False,quiet,any,any,long_term,slow,non_monogamous,yes,"[""weekend_day""]",no,ample,unsure,"[""woman"", ""non_binary""]",observed,observed,observed,observed,observed,observed,observed,observed,observed,observed,observed,observed,observed,observed,observed,observed,observed,observed,0,0,0,0,0,0,0,0,0,0,0,0,0,0,0,0,0,0,"{""acceptable_zones"": [""zone_a""], ""age_max"": 34, ""age_min"": 21, ""conversations"": ""ideas"", ""emotional_availability"": ""ready"", ""has_children"": false, ""lifestyle"": ""quiet"", ""partner_children"": ""any"", ""partner_smoking"": ""any"", ""relationship_goal"": ""long_term"", ""relationship_pace"": ""slow"", ""relationship_structure"": ""non_monogamous"", ""relocate"": ""yes"", ""schedule"": [""weekend_day""], ""smoking"": ""no"", ""space_for_relationship"": ""ample"", ""wants_children"": ""unsure"", ""who_to_meet"": [""woman"", ""non_binary""]}","{""acceptable_zones"": ""observed"", ""age_max"": ""observed"", ""age_min"": ""observed"", ""conversations"": ""observed"", ""emotional_availability"": ""observed"", ""has_children"": ""observed"", ""lifestyle"": ""observed"", ""partner_children"": ""observed"", ""partner_smoking"": ""observed"", ""relationship_goal"": ""observed"", ""relationship_pace"": ""observed"", ""relationship_structure"": ""observed"", ""relocate"": ""observed"", ""schedule"": ""observed"", ""smoking"": ""observed"", ""space_for_relationship"": ""observed"", ""wants_children"": ""observed"", ""who_to_meet"": ""observed""}","{""acceptable_zones"": 0, ""age_max"": 0, ""age_min"": 0, ""conversations"": 0, ""emotional_availability"": 0, ""has_children"": 0, ""lifestyle"": 0, ""partner_children"": 0, ""partner_smoking"": 0, ""relationship_goal"": 0, ""relationship_pace"": 0, ""relationship_structure"": 0, ""relocate"": 0, ""schedule"": 0, ""smoking"": 0, ""space_for_relationship"": 0, ""wants_children"": 0, ""who_to_meet"": 0}"
syn_698ae6596a92f86c09128d621970af1f,public_08,45,woman,zone_a,True,synthetic_questionnaire,True,6,"[""zone_a""]",54,35,playful,taking_time,True,quiet,any,any,long_term,slow,monogamous,unsure,"[""weekend_day""]",no,ample,no,"[""non_binary""]",observed,observed,observed,observed,observed,observed,observed,observed,observed,observed,observed,observed,observed,observed,observed,observed,observed,observed,6,6,6,6,6,6,6,6,6,6,6,6,6,6,6,6,6,6,"{""acceptable_zones"": [""zone_a""], ""age_max"": 54, ""age_min"": 35, ""conversations"": ""playful"", ""emotional_availability"": ""taking_time"", ""has_children"": true, ""lifestyle"": ""quiet"", ""partner_children"": ""any"", ""partner_smoking"": ""any"", ""relationship_goal"": ""long_term"", ""relationship_pace"": ""slow"", ""relationship_structure"": ""monogamous"", ""relocate"": ""unsure"", ""schedule"": [""weekend_day""], ""smoking"": ""no"", ""space_for_relationship"": ""ample"", ""wants_children"": ""no"", ""who_to_meet"": [""non_binary""]}","{""acceptable_zones"": ""observed"", ""age_max"": ""observed"", ""age_min"": ""observed"", ""conversations"": ""observed"", ""emotional_availability"": ""observed"", ""has_children"": ""observed"", ""lifestyle"": ""observed"", ""partner_children"": ""observed"", ""partner_smoking"": ""observed"", ""relationship_goal"": ""observed"", ""relationship_pace"": ""observed"", ""relationship_structure"": ""observed"", ""relocate"": ""observed"", ""schedule"": ""observed"", ""smoking"": ""observed"", ""space_for_relationship"": ""observed"", ""wants_children"": ""observed"", ""who_to_meet"": ""observed""}","{""acceptable_zones"": 6, ""age_max"": 6, ""age_min"": 6, ""conversations"": 6, ""emotional_availability"": 6, ""has_children"": 6, ""lifestyle"": 6, ""partner_children"": 6, ""partner_smoking"": 6, ""relationship_goal"": 6, ""relationship_pace"": 6, ""relationship_structure"": 6, ""relocate"": 6, ""schedule"": 6, ""smoking"": 6, ""space_for_relationship"": 6, ""wants_children"": 6, ""who_to_meet"": 6}"
syn_bda9d491f3a1ebc16373e68fe51badb8,public_08,45,man,zone_a,True,synthetic_questionnaire,True,9,,,,,,,,,,,,,,,,,,,not_asked,not_asked,not_asked,not_asked,not_asked,not_asked,not_asked,not_asked,not_asked,not_asked,not_asked,not_asked,not_asked,not_asked,not_asked,declined,declined,not_asked,,,,,,,,,,,,,,,,,,,"{""acceptable_zones"": null, ""age_max"": null, ""age_min"": null, ""conversations"": null, ""emotional_availability"": null, ""has_children"": null, ""lifestyle"": null, ""partner_children"": null, ""partner_smoking"": null, ""relationship_goal"": null, ""relationship_pace"": null, ""relationship_structure"": null, ""relocate"": null, ""schedule"": null, ""smoking"": null, ""space_for_relationship"": null, ""wants_children"": null, ""who_to_meet"": null}","{""acceptable_zones"": ""not_asked"", ""age_max"": ""not_asked"", ""age_min"": ""not_asked"", ""conversations"": ""not_asked"", ""emotional_availability"": ""not_asked"", ""has_children"": ""not_asked"", ""lifestyle"": ""not_asked"", ""partner_children"": ""not_asked"", ""partner_smoking"": ""not_asked"", ""relationship_goal"": ""not_asked"", ""relationship_pace"": ""not_asked"", ""relationship_structure"": ""not_asked"", ""relocate"": ""not_asked"", ""schedule"": ""not_asked"", ""smoking"": ""not_asked"", ""space_for_relationship"": ""declined"", ""wants_children"": ""declined"", ""who_to_meet"": ""not_asked""}","{""acceptable_zones"": null, ""age_max"": null, ""age_min"": null, ""conversations"": null, ""emotional_availability"": null, ""has_children"": null, ""lifestyle"": null, ""partner_children"": null, ""partner_smoking"": null, ""relationship_goal"": null, ""relationship_pace"": null, ""relationship_structure"": null, ""relocate"": null, ""schedule"": null, ""smoking"": null, ""space_for_relationship"": null, ""wants_children"": null, ""who_to_meet"": null}"
syn_c3bc08570f83f153e75bee12c83a6e77,public_08,34,man,zone_b,True,synthetic_questionnaire,True,0,"[""zone_b""]",37,24,practical,,False,,no_children,no_smoking,,,monogamous,,"[""weekend_day"", ""weekend_evening"", ""weekday_evening""]",yes,,yes,"[""man""]",observed,observed,observed,observed,not_asked,observed,not_asked,observed,observed,not_asked,not_asked,observed,not_asked,observed,observed,not_asked,observed,observed,9,9,9,0,,9,,9,9,,,9,,9,9,,9,9,"{""acceptable_zones"": [""zone_b""], ""age_max"": 37, ""age_min"": 24, ""conversations"": ""practical"", ""emotional_availability"": null, ""has_children"": false, ""lifestyle"": null, ""partner_children"": ""no_children"", ""partner_smoking"": ""no_smoking"", ""relationship_goal"": null, ""relationship_pace"": null, ""relationship_structure"": ""monogamous"", ""relocate"": null, ""schedule"": [""weekend_day"", ""weekend_evening"", ""weekday_evening""], ""smoking"": ""yes"", ""space_for_relationship"": null, ""wants_children"": ""yes"", ""who_to_meet"": [""man""]}","{""acceptable_zones"": ""observed"", ""age_max"": ""observed"", ""age_min"": ""observed"", ""conversations"": ""observed"", ""emotional_availability"": ""not_asked"", ""has_children"": ""observed"", ""lifestyle"": ""not_asked"", ""partner_children"": ""observed"", ""partner_smoking"": ""observed"", ""relationship_goal"": ""not_asked"", ""relationship_pace"": ""not_asked"", ""relationship_structure"": ""observed"", ""relocate"": ""not_asked"", ""schedule"": ""observed"", ""smoking"": ""observed"", ""space_for_relationship"": ""not_asked"", ""wants_children"": ""observed"", ""who_to_meet"": ""observed""}","{""acceptable_zones"": 9, ""age_max"": 9, ""age_min"": 9, ""conversations"": 0, ""emotional_availability"": null, ""has_children"": 9, ""lifestyle"": null, ""partner_children"": 9, ""partner_smoking"": 9, ""relationship_goal"": null, ""relationship_pace"": null, ""relationship_structure"": 9, ""relocate"": null, ""schedule"": 9, ""smoking"": 9, ""space_for_relationship"": null, ""wants_children"": 9, ""who_to_meet"": 9}"
syn_12972c7fbbeec3d81a4c4510a6e2aef1,public_08,37,man,zone_a,True,synthetic_questionnaire,True,0,"[""zone_a""]",43,28,playful,taking_time,False,mixed,any,any,exploring,steady,monogamous,no,"[""weekend_evening""]",occasionally,ample,unsure,"[""woman"", ""non_binary""]",observed,observed,observed,observed,observed,observed,observed,observed,observed,observed,observed,observed,observed,observed,observed,observed,observed,observed,0,0,0,0,0,0,0,0,0,0,0,0,0,0,0,0,0,0,"{""acceptable_zones"": [""zone_a""], ""age_max"": 43, ""age_min"": 28, ""conversations"": ""playful"", ""emotional_availability"": ""taking_time"", ""has_children"": false, ""lifestyle"": ""mixed"", ""partner_children"": ""any"", ""partner_smoking"": ""any"", ""relationship_goal"": ""exploring"", ""relationship_pace"": ""steady"", ""relationship_structure"": ""monogamous"", ""relocate"": ""no"", ""schedule"": [""weekend_evening""], ""smoking"": ""occasionally"", ""space_for_relationship"": ""ample"", ""wants_children"": ""unsure"", ""who_to_meet"": [""woman"", ""non_binary""]}","{""acceptable_zones"": ""observed"", ""age_max"": ""observed"", ""age_min"": ""observed"", ""conversations"": ""observed"", ""emotional_availability"": ""observed"", ""has_children"": ""observed"", ""lifestyle"": ""observed"", ""partner_children"": ""observed"", ""partner_smoking"": ""observed"", ""relationship_goal"": ""observed"", ""relationship_pace"": ""observed"", ""relationship_structure"": ""observed"", ""relocate"": ""observed"", ""schedule"": ""observed"", ""smoking"": ""observed"", ""space_for_relationship"": ""observed"", ""wants_children"": ""observed"", ""who_to_meet"": ""observed""}","{""acceptable_zones"": 0, ""age_max"": 0, ""age_min"": 0, ""conversations"": 0, ""emotional_availability"": 0, ""has_children"": 0, ""lifestyle"": 0, ""partner_children"": 0, ""partner_smoking"": 0, ""relationship_goal"": 0, ""relationship_pace"": 0, ""relationship_structure"": 0, ""relocate"": 0, ""schedule"": 0, ""smoking"": 0, ""space_for_relationship"": 0, ""wants_children"": 0, ""who_to_meet"": 0}"
syn_da3823379e36eaf825533774f2a7ccf9,public_08,34,man,zone_b,True,synthetic_questionnaire,True,0,"[""zone_b""]",39,26,,,False,,no_children,any,,slow,monogamous,,"[""weekday_evening"", ""weekend_evening""]",no,limited,unsure,"[""woman""]",observed,observed,observed,declined,not_asked,observed,not_asked,observed,observed,not_asked,observed,observed,not_asked,observed,observed,observed,observed,observed,10,10,10,,,10,,10,10,,0,10,,10,10,0,10,10,"{""acceptable_zones"": [""zone_b""], ""age_max"": 39, ""age_min"": 26, ""conversations"": null, ""emotional_availability"": null, ""has_children"": false, ""lifestyle"": null, ""partner_children"": ""no_children"", ""partner_smoking"": ""any"", ""relationship_goal"": null, ""relationship_pace"": ""slow"", ""relationship_structure"": ""monogamous"", ""relocate"": null, ""schedule"": [""weekday_evening"", ""weekend_evening""], ""smoking"": ""no"", ""space_for_relationship"": ""limited"", ""wants_children"": ""unsure"", ""who_to_meet"": [""woman""]}","{""acceptable_zones"": ""observed"", ""age_max"": ""observed"", ""age_min"": ""observed"", ""conversations"": ""declined"", ""emotional_availability"": ""not_asked"", ""has_children"": ""observed"", ""lifestyle"": ""not_asked"", ""partner_children"": ""observed"", ""partner_smoking"": ""observed"", ""relationship_goal"": ""not_asked"", ""relationship_pace"": ""observed"", ""relationship_structure"": ""observed"", ""relocate"": ""not_asked"", ""schedule"": ""observed"", ""smoking"": ""observed"", ""space_for_relationship"": ""observed"", ""wants_children"": ""observed"", ""who_to_meet"": ""observed""}","{""acceptable_zones"": 10, ""age_max"": 10, ""age_min"": 10, ""conversations"": null, ""emotional_availability"": null, ""has_children"": 10, ""lifestyle"": null, ""partner_children"": 10, ""partner_smoking"": 10, ""relationship_goal"": null, ""relationship_pace"": 0, ""relationship_structure"": 10, ""relocate"": null, ""schedule"": 10, ""smoking"": 10, ""space_for_relationship"": 0, ""wants_children"": 10, ""who_to_meet"": 10}"
syn_1b600d8ff74ab72a2750f3abe08263f3,public_08,27,woman,zone_b,True,synthetic_questionnaire,True,5,,,24,,taking_time,,,,,,,,,,,ample,,,not_asked,not_asked,observed,not_asked,observed,not_asked,not_asked,not_asked,declined,not_asked,not_asked,not_asked,not_asked,not_asked,not_asked,observed,not_asked,not_asked,,,5,,5,,,,,,,,,,,5,,,"{""acceptable_zones"": null, ""age_max"": null, ""age_min"": 24, ""conversations"": null, ""emotional_availability"": ""taking_time"", ""has_children"": null, ""lifestyle"": null, ""partner_children"": null, ""partner_smoking"": null, ""relationship_goal"": null, ""relationship_pace"": null, ""relationship_structure"": null, ""relocate"": null, ""schedule"": null, ""smoking"": null, ""space_for_relationship"": ""ample"", ""wants_children"": null, ""who_to_meet"": null}","{""acceptable_zones"": ""not_asked"", ""age_max"": ""not_asked"", ""age_min"": ""observed"", ""conversations"": ""not_asked"", ""emotional_availability"": ""observed"", ""has_children"": ""not_asked"", ""lifestyle"": ""not_asked"", ""partner_children"": ""not_asked"", ""partner_smoking"": ""declined"", ""relationship_goal"": ""not_asked"", ""relationship_pace"": ""not_asked"", ""relationship_structure"": ""not_asked"", ""relocate"": ""not_asked"", ""schedule"": ""not_asked"", ""smoking"": ""not_asked"", ""space_for_relationship"": ""observed"", ""wants_children"": ""not_asked"", ""who_to_meet"": ""not_asked""}","{""acceptable_zones"": null, ""age_max"": null, ""age_min"": 5, ""conversations"": null, ""emotional_availability"": 5, ""has_children"": null, ""lifestyle"": null, ""partner_children"": null, ""partner_smoking"": null, ""relationship_goal"": null, ""relationship_pace"": null, ""relationship_structure"": null, ""relocate"": null, ""schedule"": null, ""smoking"": null, ""space_for_relationship"": 5, ""wants_children"": null, ""who_to_meet"": null}"
syn_f2be4aea8706ad1475bf0a6418de1300,public_08,21,woman,zone_a,True,synthetic_questionnaire,True,0,"[""zone_a""]",29,18,,,False,,no_children,no_smoking,,,monogamous,yes,"[""weekend_day"", ""weekend_evening""]",no,,yes,"[""man""]",observed,observed,observed,not_asked,not_asked,observed,not_asked,observed,observed,not_asked,not_asked,observed,observed,observed,observed,not_asked,observed,observed,10,10,10,,,10,,10,10,,,10,0,10,10,,10,10,"{""acceptable_zones"": [""zone_a""], ""age_max"": 29, ""age_min"": 18, ""conversations"": null, ""emotional_availability"": null, ""has_children"": false, ""lifestyle"": null, ""partner_children"": ""no_children"", ""partner_smoking"": ""no_smoking"", ""relationship_goal"": null, ""relationship_pace"": null, ""relationship_structure"": ""monogamous"", ""relocate"": ""yes"", ""schedule"": [""weekend_day"", ""weekend_evening""], ""smoking"": ""no"", ""space_for_relationship"": null, ""wants_children"": ""yes"", ""who_to_meet"": [""man""]}","{""acceptable_zones"": ""observed"", ""age_max"": ""observed"", ""age_min"": ""observed"", ""conversations"": ""not_asked"", ""emotional_availability"": ""not_asked"", ""has_children"": ""observed"", ""lifestyle"": ""not_asked"", ""partner_children"": ""observed"", ""partner_smoking"": ""observed"", ""relationship_goal"": ""not_asked"", ""relationship_pace"": ""not_asked"", ""relationship_structure"": ""observed"", ""relocate"": ""observed"", ""schedule"": ""observed"", ""smoking"": ""observed"", ""space_for_relationship"": ""not_asked"", ""wants_children"": ""observed"", ""who_to_meet"": ""observed""}","{""acceptable_zones"": 10, ""age_max"": 10, ""age_min"": 10, ""conversations"": null, ""emotional_availability"": null, ""has_children"": 10, ""lifestyle"": null, ""partner_children"": 10, ""partner_smoking"": 10, ""relationship_goal"": null, ""relationship_pace"": null, ""relationship_structure"": 10, ""relocate"": 0, ""schedule"": 10, ""smoking"": 10, ""space_for_relationship"": null, ""wants_children"": 10, ""who_to_meet"": 10}"
syn_b0130f6985a31b1b90759224fa046b2e,public_08,25,man,zone_c,True,synthetic_questionnaire,True,1,"[""zone_c""]",,,,ready,,,,,,,,,,,,,,observed,declined,not_asked,not_asked,observed,not_asked,not_asked,not_asked,not_asked,not_asked,not_asked,not_asked,not_asked,not_asked,not_asked,not_asked,declined,not_asked,1,,,,1,,,,,,,,,,,,,,"{""acceptable_zones"": [""zone_c""], ""age_max"": null, ""age_min"": null, ""conversations"": null, ""emotional_availability"": ""ready"", ""has_children"": null, ""lifestyle"": null, ""partner_children"": null, ""partner_smoking"": null, ""relationship_goal"": null, ""relationship_pace"": null, ""relationship_structure"": null, ""relocate"": null, ""schedule"": null, ""smoking"": null, ""space_for_relationship"": null, ""wants_children"": null, ""who_to_meet"": null}","{""acceptable_zones"": ""observed"", ""age_max"": ""declined"", ""age_min"": ""not_asked"", ""conversations"": ""not_asked"", ""emotional_availability"": ""observed"", ""has_children"": ""not_asked"", ""lifestyle"": ""not_asked"", ""partner_children"": ""not_asked"", ""partner_smoking"": ""not_asked"", ""relationship_goal"": ""not_asked"", ""relationship_pace"": ""not_asked"", ""relationship_structure"": ""not_asked"", ""relocate"": ""not_asked"", ""schedule"": ""not_asked"", ""smoking"": ""not_asked"", ""space_for_relationship"": ""not_asked"", ""wants_children"": ""declined"", ""who_to_meet"": ""not_asked""}","{""acceptable_zones"": 1, ""age_max"": null, ""age_min"": null, ""conversations"": null, ""emotional_availability"": 1, ""has_children"": null, ""lifestyle"": null, ""partner_children"": null, ""partner_smoking"": null, ""relationship_goal"": null, ""relationship_pace"": null, ""relationship_structure"": null, ""relocate"": null, ""schedule"": null, ""smoking"": null, ""space_for_relationship"": null, ""wants_children"": null, ""who_to_meet"": null}"
syn_552d078577a182440484279b7e489a4b,public_08,33,woman,zone_a,True,synthetic_questionnaire,True,0,"[""zone_a""]",36,30,stories,ready,False,mixed,no_children,no_smoking,long_term,slow,non_monogamous,no,"[""weekend_day"", ""weekend_evening""]",no,ample,yes,"[""man"", ""non_binary""]",observed,observed,observed,observed,observed,observed,observed,observed,observed,observed,observed,observed,observed,observed,observed,observed,observed,observed,0,0,0,0,0,0,0,0,0,0,0,0,0,0,0,0,0,0,"{""acceptable_zones"": [""zone_a""], ""age_max"": 36, ""age_min"": 30, ""conversations"": ""stories"", ""emotional_availability"": ""ready"", ""has_children"": false, ""lifestyle"": ""mixed"", ""partner_children"": ""no_children"", ""partner_smoking"": ""no_smoking"", ""relationship_goal"": ""long_term"", ""relationship_pace"": ""slow"", ""relationship_structure"": ""non_monogamous"", ""relocate"": ""no"", ""schedule"": [""weekend_day"", ""weekend_evening""], ""smoking"": ""no"", ""space_for_relationship"": ""ample"", ""wants_children"": ""yes"", ""who_to_meet"": [""man"", ""non_binary""]}","{""acceptable_zones"": ""observed"", ""age_max"": ""observed"", ""age_min"": ""observed"", ""conversations"": ""observed"", ""emotional_availability"": ""observed"", ""has_children"": ""observed"", ""lifestyle"": ""observed"", ""partner_children"": ""observed"", ""partner_smoking"": ""observed"", ""relationship_goal"": ""observed"", ""relationship_pace"": ""observed"", ""relationship_structure"": ""observed"", ""relocate"": ""observed"", ""schedule"": ""observed"", ""smoking"": ""observed"", ""space_for_relationship"": ""observed"", ""wants_children"": ""observed"", ""who_to_meet"": ""observed""}","{""acceptable_zones"": 0, ""age_max"": 0, ""age_min"": 0, ""conversations"": 0, ""emotional_availability"": 0, ""has_children"": 0, ""lifestyle"": 0, ""partner_children"": 0, ""partner_smoking"": 0, ""relationship_goal"": 0, ""relationship_pace"": 0, ""relationship_structure"": 0, ""relocate"": 0, ""schedule"": 0, ""smoking"": 0, ""space_for_relationship"": 0, ""wants_children"": 0, ""who_to_meet"": 0}"
syn_945773a5b00778ef79b1d42992df3c41,public_08,26,non_binary,zone_a,True,synthetic_questionnaire,True,0,,,,,,,,,,long_term,,,,,,,,,not_asked,declined,not_asked,not_asked,not_asked,not_asked,not_asked,not_asked,not_asked,observed,not_asked,not_asked,not_asked,not_asked,not_asked,not_asked,not_asked,not_asked,,,,,,,,,,0,,,,,,,,,"{""acceptable_zones"": null, ""age_max"": null, ""age_min"": null, ""conversations"": null, ""emotional_availability"": null, ""has_children"": null, ""lifestyle"": null, ""partner_children"": null, ""partner_smoking"": null, ""relationship_goal"": ""long_term"", ""relationship_pace"": null, ""relationship_structure"": null, ""relocate"": null, ""schedule"": null, ""smoking"": null, ""space_for_relationship"": null, ""wants_children"": null, ""who_to_meet"": null}","{""acceptable_zones"": ""not_asked"", ""age_max"": ""declined"", ""age_min"": ""not_asked"", ""conversations"": ""not_asked"", ""emotional_availability"": ""not_asked"", ""has_children"": ""not_asked"", ""lifestyle"": ""not_asked"", ""partner_children"": ""not_asked"", ""partner_smoking"": ""not_asked"", ""relationship_goal"": ""observed"", ""relationship_pace"": ""not_asked"", ""relationship_structure"": ""not_asked"", ""relocate"": ""not_asked"", ""schedule"": ""not_asked"", ""smoking"": ""not_asked"", ""space_for_relationship"": ""not_asked"", ""wants_children"": ""not_asked"", ""who_to_meet"": ""not_asked""}","{""acceptable_zones"": null, ""age_max"": null, ""age_min"": null, ""conversations"": null, ""emotional_availability"": null, ""has_children"": null, ""lifestyle"": null, ""partner_children"": null, ""partner_smoking"": null, ""relationship_goal"": 0, ""relationship_pace"": null, ""relationship_structure"": null, ""relocate"": null, ""schedule"": null, ""smoking"": null, ""space_for_relationship"": null, ""wants_children"": null, ""who_to_meet"": null}"
syn_a966d2a759aaab55616acf336990caeb,public_08,25,woman,zone_b,True,synthetic_questionnaire,True,11,,,,playful,,,,,,,slow,,,,,,,,not_asked,declined,not_asked,observed,not_asked,not_asked,declined,not_asked,not_asked,not_asked,observed,not_asked,not_asked,not_asked,not_asked,not_asked,not_asked,not_asked,,,,11,,,,,,,11,,,,,,,,"{""acceptable_zones"": null, ""age_max"": null, ""age_min"": null, ""conversations"": ""playful"", ""emotional_availability"": null, ""has_children"": null, ""lifestyle"": null, ""partner_children"": null, ""partner_smoking"": null, ""relationship_goal"": null, ""relationship_pace"": ""slow"", ""relationship_structure"": null, ""relocate"": null, ""schedule"": null, ""smoking"": null, ""space_for_relationship"": null, ""wants_children"": null, ""who_to_meet"": null}","{""acceptable_zones"": ""not_asked"", ""age_max"": ""declined"", ""age_min"": ""not_asked"", ""conversations"": ""observed"", ""emotional_availability"": ""not_asked"", ""has_children"": ""not_asked"", ""lifestyle"": ""declined"", ""partner_children"": ""not_asked"", ""partner_smoking"": ""not_asked"", ""relationship_goal"": ""not_asked"", ""relationship_pace"": ""observed"", ""relationship_structure"": ""not_asked"", ""relocate"": ""not_asked"", ""schedule"": ""not_asked"", ""smoking"": ""not_asked"", ""space_for_relationship"": ""not_asked"", ""wants_children"": ""not_asked"", ""who_to_meet"": ""not_asked""}","{""acceptable_zones"": null, ""age_max"": null, ""age_min"": null, ""conversations"": 11, ""emotional_availability"": null, ""has_children"": null, ""lifestyle"": null, ""partner_children"": null, ""partner_smoking"": null, ""relationship_goal"": null, ""relationship_pace"": 11, ""relationship_structure"": null, ""relocate"": null, ""schedule"": null, ""smoking"": null, ""space_for_relationship"": null, ""wants_children"": null, ""who_to_meet"": null}"
syn_72c5f776ad35fbed0106ae5b3e02565d,public_08,29,man,zone_a,False,synthetic_questionnaire,True,15,"[""zone_a""]",34,23,stories,taking_time,False,mixed,any,no_smoking,exploring,steady,monogamous,unsure,"[""weekday_evening"", ""weekend_evening""]",no,ample,yes,"[""man""]",observed,observed,observed,observed,observed,observed,observed,observed,observed,observed,observed,observed,observed,observed,observed,observed,observed,observed,15,15,15,15,15,15,15,15,15,15,15,15,15,15,15,15,15,15,"{""acceptable_zones"": [""zone_a""], ""age_max"": 34, ""age_min"": 23, ""conversations"": ""stories"", ""emotional_availability"": ""taking_time"", ""has_children"": false, ""lifestyle"": ""mixed"", ""partner_children"": ""any"", ""partner_smoking"": ""no_smoking"", ""relationship_goal"": ""exploring"", ""relationship_pace"": ""steady"", ""relationship_structure"": ""monogamous"", ""relocate"": ""unsure"", ""schedule"": [""weekday_evening"", ""weekend_evening""], ""smoking"": ""no"", ""space_for_relationship"": ""ample"", ""wants_children"": ""yes"", ""who_to_meet"": [""man""]}","{""acceptable_zones"": ""observed"", ""age_max"": ""observed"", ""age_min"": ""observed"", ""conversations"": ""observed"", ""emotional_availability"": ""observed"", ""has_children"": ""observed"", ""lifestyle"": ""observed"", ""partner_children"": ""observed"", ""partner_smoking"": ""observed"", ""relationship_goal"": ""observed"", ""relationship_pace"": ""observed"", ""relationship_structure"": ""observed"", ""relocate"": ""observed"", ""schedule"": ""observed"", ""smoking"": ""observed"", ""space_for_relationship"": ""observed"", ""wants_children"": ""observed"", ""who_to_meet"": ""observed""}","{""acceptable_zones"": 15, ""age_max"": 15, ""age_min"": 15, ""conversations"": 15, ""emotional_availability"": 15, ""has_children"": 15, ""lifestyle"": 15, ""partner_children"": 15, ""partner_smoking"": 15, ""relationship_goal"": 15, ""relationship_pace"": 15, ""relationship_structure"": 15, ""relocate"": 15, ""schedule"": 15, ""smoking"": 15, ""space_for_relationship"": 15, ""wants_children"": 15, ""who_to_meet"": 15}"
syn_e3ae94c9163f229b06afa29afb5f91e4,public_08,43,man,zone_a,True,synthetic_questionnaire,True,0,"[""zone_a""]",52,39,playful,ready,False,quiet,no_children,no_smoking,exploring,slow,monogamous,yes,"[""weekday_evening"", ""weekend_evening""]",no,moderate,unsure,"[""man""]",observed,observed,observed,observed,observed,observed,observed,observed,observed,observed,observed,observed,observed,observed,observed,observed,observed,observed,0,0,0,0,0,0,0,0,0,0,0,0,0,0,0,0,0,0,"{""acceptable_zones"": [""zone_a""], ""age_max"": 52, ""age_min"": 39, ""conversations"": ""playful"", ""emotional_availability"": ""ready"", ""has_children"": false, ""lifestyle"": ""quiet"", ""partner_children"": ""no_children"", ""partner_smoking"": ""no_smoking"", ""relationship_goal"": ""exploring"", ""relationship_pace"": ""slow"", ""relationship_structure"": ""monogamous"", ""relocate"": ""yes"", ""schedule"": [""weekday_evening"", ""weekend_evening""], ""smoking"": ""no"", ""space_for_relationship"": ""moderate"", ""wants_children"": ""unsure"", ""who_to_meet"": [""man""]}","{""acceptable_zones"": ""observed"", ""age_max"": ""observed"", ""age_min"": ""observed"", ""conversations"": ""observed"", ""emotional_availability"": ""observed"", ""has_children"": ""observed"", ""lifestyle"": ""observed"", ""partner_children"": ""observed"", ""partner_smoking"": ""observed"", ""relationship_goal"": ""observed"", ""relationship_pace"": ""observed"", ""relationship_structure"": ""observed"", ""relocate"": ""observed"", ""schedule"": ""observed"", ""smoking"": ""observed"", ""space_for_relationship"": ""observed"", ""wants_children"": ""observed"", ""who_to_meet"": ""observed""}","{""acceptable_zones"": 0, ""age_max"": 0, ""age_min"": 0, ""conversations"": 0, ""emotional_availability"": 0, ""has_children"": 0, ""lifestyle"": 0, ""partner_children"": 0, ""partner_smoking"": 0, ""relationship_goal"": 0, ""relationship_pace"": 0, ""relationship_structure"": 0, ""relocate"": 0, ""schedule"": 0, ""smoking"": 0, ""space_for_relationship"": 0, ""wants_children"": 0, ""who_to_meet"": 0}"
syn_8a66ed480ae629f3e5a474726b94ace7,public_08,35,woman,zone_a,False,synthetic_questionnaire,True,15,"[""zone_a""]",42,32,stories,ready,False,mixed,any,any,long_term,slow,monogamous,yes,"[""weekend_evening"", ""weekday_evening""]",no,limited,unsure,"[""woman"", ""non_binary""]",observed,observed,observed,observed,observed,observed,observed,observed,observed,observed,observed,observed,observed,observed,observed,observed,observed,observed,15,15,15,15,15,15,15,15,15,15,15,15,15,15,15,15,15,15,"{""acceptable_zones"": [""zone_a""], ""age_max"": 42, ""age_min"": 32, ""conversations"": ""stories"", ""emotional_availability"": ""ready"", ""has_children"": false, ""lifestyle"": ""mixed"", ""partner_children"": ""any"", ""partner_smoking"": ""any"", ""relationship_goal"": ""long_term"", ""relationship_pace"": ""slow"", ""relationship_structure"": ""monogamous"", ""relocate"": ""yes"", ""schedule"": [""weekend_evening"", ""weekday_evening""], ""smoking"": ""no"", ""space_for_relationship"": ""limited"", ""wants_children"": ""unsure"", ""who_to_meet"": [""woman"", ""non_binary""]}","{""acceptable_zones"": ""observed"", ""age_max"": ""observed"", ""age_min"": ""observed"", ""conversations"": ""observed"", ""emotional_availability"": ""observed"", ""has_children"": ""observed"", ""lifestyle"": ""observed"", ""partner_children"": ""observed"", ""partner_smoking"": ""observed"", ""relationship_goal"": ""observed"", ""relationship_pace"": ""observed"", ""relationship_structure"": ""observed"", ""relocate"": ""observed"", ""schedule"": ""observed"", ""smoking"": ""observed"", ""space_for_relationship"": ""observed"", ""wants_children"": ""observed"", ""who_to_meet"": ""observed""}","{""acceptable_zones"": 15, ""age_max"": 15, ""age_min"": 15, ""conversations"": 15, ""emotional_availability"": 15, ""has_children"": 15, ""lifestyle"": 15, ""partner_children"": 15, ""partner_smoking"": 15, ""relationship_goal"": 15, ""relationship_pace"": 15, ""relationship_structure"": 15, ""relocate"": 15, ""schedule"": 15, ""smoking"": 15, ""space_for_relationship"": 15, ""wants_children"": 15, ""who_to_meet"": 15}"
syn_3172eb6a138918c0ec1b3a6be40cdc8c,public_08,38,man,zone_b,True,synthetic_questionnaire,True,0,,,,,taking_time,False,,,,,,,,,,limited,,,not_asked,not_asked,not_asked,not_asked,observed,observed,not_asked,not_asked,declined,not_asked,not_asked,not_asked,declined,not_asked,not_asked,observed,not_asked,not_asked,,,,,0,0,,,,,,,,,,0,,,"{""acceptable_zones"": null, ""age_max"": null, ""age_min"": null, ""conversations"": null, ""emotional_availability"": ""taking_time"", ""has_children"": false, ""lifestyle"": null, ""partner_children"": null, ""partner_smoking"": null, ""relationship_goal"": null, ""relationship_pace"": null, ""relationship_structure"": null, ""relocate"": null, ""schedule"": null, ""smoking"": null, ""space_for_relationship"": ""limited"", ""wants_children"": null, ""who_to_meet"": null}","{""acceptable_zones"": ""not_asked"", ""age_max"": ""not_asked"", ""age_min"": ""not_asked"", ""conversations"": ""not_asked"", ""emotional_availability"": ""observed"", ""has_children"": ""observed"", ""lifestyle"": ""not_asked"", ""partner_children"": ""not_asked"", ""partner_smoking"": ""declined"", ""relationship_goal"": ""not_asked"", ""relationship_pace"": ""not_asked"", ""relationship_structure"": ""not_asked"", ""relocate"": ""declined"", ""schedule"": ""not_asked"", ""smoking"": ""not_asked"", ""space_for_relationship"": ""observed"", ""wants_children"": ""not_asked"", ""who_to_meet"": ""not_asked""}","{""acceptable_zones"": null, ""age_max"": null, ""age_min"": null, ""conversations"": null, ""emotional_availability"": 0, ""has_children"": 0, ""lifestyle"": null, ""partner_children"": null, ""partner_smoking"": null, ""relationship_goal"": null, ""relationship_pace"": null, ""relationship_structure"": null, ""relocate"": null, ""schedule"": null, ""smoking"": null, ""space_for_relationship"": 0, ""wants_children"": null, ""who_to_meet"": null}"
syn_d1d432a7706d2824dfbd6a790a201ae8,public_08,22,woman,zone_c,True,synthetic_questionnaire,True,0,"[""zone_c""]",32,18,,,False,,no_children,any,,,monogamous,,"[""weekday_evening""]",no,,unsure,"[""non_binary"", ""woman""]",observed,observed,observed,not_asked,not_asked,observed,not_asked,observed,observed,declined,not_asked,observed,not_asked,observed,observed,not_asked,observed,observed,10,10,10,,,10,,10,10,,,10,,10,10,,10,10,"{""acceptable_zones"": [""zone_c""], ""age_max"": 32, ""age_min"": 18, ""conversations"": null, ""emotional_availability"": null, ""has_children"": false, ""lifestyle"": null, ""partner_children"": ""no_children"", ""partner_smoking"": ""any"", ""relationship_goal"": null, ""relationship_pace"": null, ""relationship_structure"": ""monogamous"", ""relocate"": null, ""schedule"": [""weekday_evening""], ""smoking"": ""no"", ""space_for_relationship"": null, ""wants_children"": ""unsure"", ""who_to_meet"": [""non_binary"", ""woman""]}","{""acceptable_zones"": ""observed"", ""age_max"": ""observed"", ""age_min"": ""observed"", ""conversations"": ""not_asked"", ""emotional_availability"": ""not_asked"", ""has_children"": ""observed"", ""lifestyle"": ""not_asked"", ""partner_children"": ""observed"", ""partner_smoking"": ""observed"", ""relationship_goal"": ""declined"", ""relationship_pace"": ""not_asked"", ""relationship_structure"": ""observed"", ""relocate"": ""not_asked"", ""schedule"": ""observed"", ""smoking"": ""observed"", ""space_for_relationship"": ""not_asked"", ""wants_children"": ""observed"", ""who_to_meet"": ""observed""}","{""acceptable_zones"": 10, ""age_max"": 10, ""age_min"": 10, ""conversations"": null, ""emotional_availability"": null, ""has_children"": 10, ""lifestyle"": null, ""partner_children"": 10, ""partner_smoking"": 10, ""relationship_goal"": null, ""relationship_pace"": null, ""relationship_structure"": 10, ""relocate"": null, ""schedule"": 10, ""smoking"": 10, ""space_for_relationship"": null, ""wants_children"": 10, ""who_to_meet"": 10}"
syn_fd09deb8f5da5d48b9d195107582fa8d,public_08,29,woman,zone_c,True,synthetic_questionnaire,True,16,"[""zone_c""]",38,19,stories,taking_time,False,social,any,any,exploring,steady,monogamous,unsure,"[""weekend_day"", ""weekday_evening""]",no,moderate,yes,"[""woman""]",observed,observed,observed,observed,observed,observed,observed,observed,observed,observed,observed,observed,observed,observed,observed,observed,observed,observed,16,16,16,16,16,16,16,16,16,16,16,16,16,16,16,16,16,16,"{""acceptable_zones"": [""zone_c""], ""age_max"": 38, ""age_min"": 19, ""conversations"": ""stories"", ""emotional_availability"": ""taking_time"", ""has_children"": false, ""lifestyle"": ""social"", ""partner_children"": ""any"", ""partner_smoking"": ""any"", ""relationship_goal"": ""exploring"", ""relationship_pace"": ""steady"", ""relationship_structure"": ""monogamous"", ""relocate"": ""unsure"", ""schedule"": [""weekend_day"", ""weekday_evening""], ""smoking"": ""no"", ""space_for_relationship"": ""moderate"", ""wants_children"": ""yes"", ""who_to_meet"": [""woman""]}","{""acceptable_zones"": ""observed"", ""age_max"": ""observed"", ""age_min"": ""observed"", ""conversations"": ""observed"", ""emotional_availability"": ""observed"", ""has_children"": ""observed"", ""lifestyle"": ""observed"", ""partner_children"": ""observed"", ""partner_smoking"": ""observed"", ""relationship_goal"": ""observed"", ""relationship_pace"": ""observed"", ""relationship_structure"": ""observed"", ""relocate"": ""observed"", ""schedule"": ""observed"", ""smoking"": ""observed"", ""space_for_relationship"": ""observed"", ""wants_children"": ""observed"", ""who_to_meet"": ""observed""}","{""acceptable_zones"": 16, ""age_max"": 16, ""age_min"": 16, ""conversations"": 16, ""emotional_availability"": 16, ""has_children"": 16, ""lifestyle"": 16, ""partner_children"": 16, ""partner_smoking"": 16, ""relationship_goal"": 16, ""relationship_pace"": 16, ""relationship_structure"": 16, ""relocate"": 16, ""schedule"": 16, ""smoking"": 16, ""space_for_relationship"": 16, ""wants_children"": 16, ""who_to_meet"": 16}"
syn_dd533ecc841591d3aeb6f406a7584c16,public_08,30,man,zone_a,True,synthetic_questionnaire,True,0,"[""zone_a"", ""zone_c""]",37,27,stories,ready,True,social,no_children,any,exploring,quick,monogamous,no,"[""weekend_day""]",no,moderate,unsure,"[""woman""]",observed,observed,observed,observed,observed,observed,observed,observed,observed,observed,observed,observed,observed,observed,observed,observed,observed,observed,0,0,0,0,0,0,0,0,0,0,0,0,0,0,0,0,0,0,"{""acceptable_zones"": [""zone_a"", ""zone_c""], ""age_max"": 37, ""age_min"": 27, ""conversations"": ""stories"", ""emotional_availability"": ""ready"", ""has_children"": true, ""lifestyle"": ""social"", ""partner_children"": ""no_children"", ""partner_smoking"": ""any"", ""relationship_goal"": ""exploring"", ""relationship_pace"": ""quick"", ""relationship_structure"": ""monogamous"", ""relocate"": ""no"", ""schedule"": [""weekend_day""], ""smoking"": ""no"", ""space_for_relationship"": ""moderate"", ""wants_children"": ""unsure"", ""who_to_meet"": [""woman""]}","{""acceptable_zones"": ""observed"", ""age_max"": ""observed"", ""age_min"": ""observed"", ""conversations"": ""observed"", ""emotional_availability"": ""observed"", ""has_children"": ""observed"", ""lifestyle"": ""observed"", ""partner_children"": ""observed"", ""partner_smoking"": ""observed"", ""relationship_goal"": ""observed"", ""relationship_pace"": ""observed"", ""relationship_structure"": ""observed"", ""relocate"": ""observed"", ""schedule"": ""observed"", ""smoking"": ""observed"", ""space_for_relationship"": ""observed"", ""wants_children"": ""observed"", ""who_to_meet"": ""observed""}","{""acceptable_zones"": 0, ""age_max"": 0, ""age_min"": 0, ""conversations"": 0, ""emotional_availability"": 0, ""has_children"": 0, ""lifestyle"": 0, ""partner_children"": 0, ""partner_smoking"": 0, ""relationship_goal"": 0, ""relationship_pace"": 0, ""relationship_structure"": 0, ""relocate"": 0, ""schedule"": 0, ""smoking"": 0, ""space_for_relationship"": 0, ""wants_children"": 0, ""who_to_meet"": 0}"
syn_908fd7f2b642f6ecd61bdb92419c4dd1,public_08,27,man,zone_b,True,synthetic_questionnaire,True,0,"[""zone_b""]",35,23,,,False,,any,no_smoking,,,monogamous,,"[""weekend_day"", ""weekday_evening"", ""weekend_evening""]",occasionally,,unsure,"[""man"", ""non_binary""]",observed,observed,observed,not_asked,not_asked,observed,not_asked,observed,observed,not_asked,not_asked,observed,not_asked,observed,observed,not_asked,observed,observed,11,11,11,,,11,,11,11,,,11,,11,11,,11,11,"{""acceptable_zones"": [""zone_b""], ""age_max"": 35, ""age_min"": 23, ""conversations"": null, ""emotional_availability"": null, ""has_children"": false, ""lifestyle"": null, ""partner_children"": ""any"", ""partner_smoking"": ""no_smoking"", ""relationship_goal"": null, ""relationship_pace"": null, ""relationship_structure"": ""monogamous"", ""relocate"": null, ""schedule"": [""weekend_day"", ""weekday_evening"", ""weekend_evening""], ""smoking"": ""occasionally"", ""space_for_relationship"": null, ""wants_children"": ""unsure"", ""who_to_meet"": [""man"", ""non_binary""]}","{""acceptable_zones"": ""observed"", ""age_max"": ""observed"", ""age_min"": ""observed"", ""conversations"": ""not_asked"", ""emotional_availability"": ""not_asked"", ""has_children"": ""observed"", ""lifestyle"": ""not_asked"", ""partner_children"": ""observed"", ""partner_smoking"": ""observed"", ""relationship_goal"": ""not_asked"", ""relationship_pace"": ""not_asked"", ""relationship_structure"": ""observed"", ""relocate"": ""not_asked"", ""schedule"": ""observed"", ""smoking"": ""observed"", ""space_for_relationship"": ""not_asked"", ""wants_children"": ""observed"", ""who_to_meet"": ""observed""}","{""acceptable_zones"": 11, ""age_max"": 11, ""age_min"": 11, ""conversations"": null, ""emotional_availability"": null, ""has_children"": 11, ""lifestyle"": null, ""partner_children"": 11, ""partner_smoking"": 11, ""relationship_goal"": null, ""relationship_pace"": null, ""relationship_structure"": 11, ""relocate"": null, ""schedule"": 11, ""smoking"": 11, ""space_for_relationship"": null, ""wants_children"": 11, ""who_to_meet"": 11}"
syn_51e0577f5526afca2bb10283a7973be8,public_08,37,man,zone_a,True,synthetic_questionnaire,True,0,,,,,,,,no_children,,,,,,,,,,,not_asked,not_asked,not_asked,not_asked,declined,not_asked,not_asked,observed,not_asked,not_asked,not_asked,not_asked,not_asked,declined,not_asked,not_asked,declined,not_asked,,,,,,,,0,,,,,,,,,,,"{""acceptable_zones"": null, ""age_max"": null, ""age_min"": null, ""conversations"": null, ""emotional_availability"": null, ""has_children"": null, ""lifestyle"": null, ""partner_children"": ""no_children"", ""partner_smoking"": null, ""relationship_goal"": null, ""relationship_pace"": null, ""relationship_structure"": null, ""relocate"": null, ""schedule"": null, ""smoking"": null, ""space_for_relationship"": null, ""wants_children"": null, ""who_to_meet"": null}","{""acceptable_zones"": ""not_asked"", ""age_max"": ""not_asked"", ""age_min"": ""not_asked"", ""conversations"": ""not_asked"", ""emotional_availability"": ""declined"", ""has_children"": ""not_asked"", ""lifestyle"": ""not_asked"", ""partner_children"": ""observed"", ""partner_smoking"": ""not_asked"", ""relationship_goal"": ""not_asked"", ""relationship_pace"": ""not_asked"", ""relationship_structure"": ""not_asked"", ""relocate"": ""not_asked"", ""schedule"": ""declined"", ""smoking"": ""not_asked"", ""space_for_relationship"": ""not_asked"", ""wants_children"": ""declined"", ""who_to_meet"": ""not_asked""}","{""acceptable_zones"": null, ""age_max"": null, ""age_min"": null, ""conversations"": null, ""emotional_availability"": null, ""has_children"": null, ""lifestyle"": null, ""partner_children"": 0, ""partner_smoking"": null, ""relationship_goal"": null, ""relationship_pace"": null, ""relationship_structure"": null, ""relocate"": null, ""schedule"": null, ""smoking"": null, ""space_for_relationship"": null, ""wants_children"": null, ""who_to_meet"": null}"
syn_fceb07e10e27737824dd733b01c50d8e,public_08,33,man,zone_a,False,synthetic_questionnaire,True,7,"[""zone_a""]",42,26,practical,taking_time,False,mixed,any,any,exploring,slow,monogamous,unsure,"[""weekday_evening"", ""weekend_day"", ""weekend_evening""]",no,limited,yes,"[""man"", ""non_binary""]",observed,observed,observed,observed,observed,observed,observed,observed,observed,observed,observed,observed,observed,observed,observed,observed,observed,observed,7,7,7,7,7,7,7,7,7,7,7,7,7,7,7,7,7,7,"{""acceptable_zones"": [""zone_a""], ""age_max"": 42, ""age_min"": 26, ""conversations"": ""practical"", ""emotional_availability"": ""taking_time"", ""has_children"": false, ""lifestyle"": ""mixed"", ""partner_children"": ""any"", ""partner_smoking"": ""any"", ""relationship_goal"": ""exploring"", ""relationship_pace"": ""slow"", ""relationship_structure"": ""monogamous"", ""relocate"": ""unsure"", ""schedule"": [""weekday_evening"", ""weekend_day"", ""weekend_evening""], ""smoking"": ""no"", ""space_for_relationship"": ""limited"", ""wants_children"": ""yes"", ""who_to_meet"": [""man"", ""non_binary""]}","{""acceptable_zones"": ""observed"", ""age_max"": ""observed"", ""age_min"": ""observed"", ""conversations"": ""observed"", ""emotional_availability"": ""observed"", ""has_children"": ""observed"", ""lifestyle"": ""observed"", ""partner_children"": ""observed"", ""partner_smoking"": ""observed"", ""relationship_goal"": ""observed"", ""relationship_pace"": ""observed"", ""relationship_structure"": ""observed"", ""relocate"": ""observed"", ""schedule"": ""observed"", ""smoking"": ""observed"", ""space_for_relationship"": ""observed"", ""wants_children"": ""observed"", ""who_to_meet"": ""observed""}","{""acceptable_zones"": 7, ""age_max"": 7, ""age_min"": 7, ""conversations"": 7, ""emotional_availability"": 7, ""has_children"": 7, ""lifestyle"": 7, ""partner_children"": 7, ""partner_smoking"": 7, ""relationship_goal"": 7, ""relationship_pace"": 7, ""relationship_structure"": 7, ""relocate"": 7, ""schedule"": 7, ""smoking"": 7, ""space_for_relationship"": 7, ""wants_children"": 7, ""who_to_meet"": 7}"
syn_849853f77e32f35ff142de07f1bdadb1,public_08,40,woman,zone_a,True,synthetic_questionnaire,True,17,,,,playful,,False,,,,,,,,,,,,,not_asked,not_asked,not_asked,observed,not_asked,observed,not_asked,not_asked,not_asked,not_asked,not_asked,declined,not_asked,not_asked,not_asked,not_asked,not_asked,not_asked,,,,17,,17,,,,,,,,,,,,,"{""acceptable_zones"": null, ""age_max"": null, ""age_min"": null, ""conversations"": ""playful"", ""emotional_availability"": null, ""has_children"": false, ""lifestyle"": null, ""partner_children"": null, ""partner_smoking"": null, ""relationship_goal"": null, ""relationship_pace"": null, ""relationship_structure"": null, ""relocate"": null, ""schedule"": null, ""smoking"": null, ""space_for_relationship"": null, ""wants_children"": null, ""who_to_meet"": null}","{""acceptable_zones"": ""not_asked"", ""age_max"": ""not_asked"", ""age_min"": ""not_asked"", ""conversations"": ""observed"", ""emotional_availability"": ""not_asked"", ""has_children"": ""observed"", ""lifestyle"": ""not_asked"", ""partner_children"": ""not_asked"", ""partner_smoking"": ""not_asked"", ""relationship_goal"": ""not_asked"", ""relationship_pace"": ""not_asked"", ""relationship_structure"": ""declined"", ""relocate"": ""not_asked"", ""schedule"": ""not_asked"", ""smoking"": ""not_asked"", ""space_for_relationship"": ""not_asked"", ""wants_children"": ""not_asked"", ""who_to_meet"": ""not_asked""}","{""acceptable_zones"": null, ""age_max"": null, ""age_min"": null, ""conversations"": 17, ""emotional_availability"": null, ""has_children"": 17, ""lifestyle"": null, ""partner_children"": null, ""partner_smoking"": null, ""relationship_goal"": null, ""relationship_pace"": null, ""relationship_structure"": null, ""relocate"": null, ""schedule"": null, ""smoking"": null, ""space_for_relationship"": null, ""wants_children"": null, ""who_to_meet"": null}"
syn_9e07d5863de0ee899da79bf677dda36d,public_08,35,woman,zone_a,True,synthetic_questionnaire,True,0,"[""zone_a""]",38,25,,,False,,any,any,long_term,,monogamous,,"[""weekday_evening""]",no,,no,"[""non_binary""]",observed,observed,observed,not_asked,not_asked,observed,not_asked,observed,observed,observed,not_asked,observed,not_asked,observed,observed,not_asked,observed,observed,11,11,11,,,11,,11,11,0,,11,,11,11,,11,11,"{""acceptable_zones"": [""zone_a""], ""age_max"": 38, ""age_min"": 25, ""conversations"": null, ""emotional_availability"": null, ""has_children"": false, ""lifestyle"": null, ""partner_children"": ""any"", ""partner_smoking"": ""any"", ""relationship_goal"": ""long_term"", ""relationship_pace"": null, ""relationship_structure"": ""monogamous"", ""relocate"": null, ""schedule"": [""weekday_evening""], ""smoking"": ""no"", ""space_for_relationship"": null, ""wants_children"": ""no"", ""who_to_meet"": [""non_binary""]}","{""acceptable_zones"": ""observed"", ""age_max"": ""observed"", ""age_min"": ""observed"", ""conversations"": ""not_asked"", ""emotional_availability"": ""not_asked"", ""has_children"": ""observed"", ""lifestyle"": ""not_asked"", ""partner_children"": ""observed"", ""partner_smoking"": ""observed"", ""relationship_goal"": ""observed"", ""relationship_pace"": ""not_asked"", ""relationship_structure"": ""observed"", ""relocate"": ""not_asked"", ""schedule"": ""observed"", ""smoking"": ""observed"", ""space_for_relationship"": ""not_asked"", ""wants_children"": ""observed"", ""who_to_meet"": ""observed""}","{""acceptable_zones"": 11, ""age_max"": 11, ""age_min"": 11, ""conversations"": null, ""emotional_availability"": null, ""has_children"": 11, ""lifestyle"": null, ""partner_children"": 11, ""partner_smoking"": 11, ""relationship_goal"": 0, ""relationship_pace"": null, ""relationship_structure"": 11, ""relocate"": null, ""schedule"": 11, ""smoking"": 11, ""space_for_relationship"": null, ""wants_children"": 11, ""who_to_meet"": 11}"
syn_858d8469dd15142f352d256de613dca7,public_08,22,woman,zone_b,True,synthetic_questionnaire,True,0,"[""zone_b""]",26,18,stories,ready,False,mixed,no_children,no_smoking,exploring,quick,non_monogamous,no,"[""weekend_evening""]",no,moderate,yes,"[""non_binary""]",observed,observed,observed,observed,observed,observed,observed,observed,observed,observed,observed,observed,observed,observed,observed,observed,observed,observed,0,0,0,0,0,0,0,0,0,0,0,0,0,0,0,0,0,0,"{""acceptable_zones"": [""zone_b""], ""age_max"": 26, ""age_min"": 18, ""conversations"": ""stories"", ""emotional_availability"": ""ready"", ""has_children"": false, ""lifestyle"": ""mixed"", ""partner_children"": ""no_children"", ""partner_smoking"": ""no_smoking"", ""relationship_goal"": ""exploring"", ""relationship_pace"": ""quick"", ""relationship_structure"": ""non_monogamous"", ""relocate"": ""no"", ""schedule"": [""weekend_evening""], ""smoking"": ""no"", ""space_for_relationship"": ""moderate"", ""wants_children"": ""yes"", ""who_to_meet"": [""non_binary""]}","{""acceptable_zones"": ""observed"", ""age_max"": ""observed"", ""age_min"": ""observed"", ""conversations"": ""observed"", ""emotional_availability"": ""observed"", ""has_children"": ""observed"", ""lifestyle"": ""observed"", ""partner_children"": ""observed"", ""partner_smoking"": ""observed"", ""relationship_goal"": ""observed"", ""relationship_pace"": ""observed"", ""relationship_structure"": ""observed"", ""relocate"": ""observed"", ""schedule"": ""observed"", ""smoking"": ""observed"", ""space_for_relationship"": ""observed"", ""wants_children"": ""observed"", ""who_to_meet"": ""observed""}","{""acceptable_zones"": 0, ""age_max"": 0, ""age_min"": 0, ""conversations"": 0, ""emotional_availability"": 0, ""has_children"": 0, ""lifestyle"": 0, ""partner_children"": 0, ""partner_smoking"": 0, ""relationship_goal"": 0, ""relationship_pace"": 0, ""relationship_structure"": 0, ""relocate"": 0, ""schedule"": 0, ""smoking"": 0, ""space_for_relationship"": 0, ""wants_children"": 0, ""who_to_meet"": 0}"
syn_fd970782ddeb0ce579e8d17af6e4502a,public_08,45,woman,zone_a,True,synthetic_questionnaire,True,12,,,,,,,,,,exploring,,monogamous,,,no,,,,not_asked,not_asked,not_asked,not_asked,not_asked,not_asked,not_asked,not_asked,not_asked,observed,not_asked,observed,declined,declined,observed,not_asked,not_asked,not_asked,,,,,,,,,,12,,12,,,12,,,,"{""acceptable_zones"": null, ""age_max"": null, ""age_min"": null, ""conversations"": null, ""emotional_availability"": null, ""has_children"": null, ""lifestyle"": null, ""partner_children"": null, ""partner_smoking"": null, ""relationship_goal"": ""exploring"", ""relationship_pace"": null, ""relationship_structure"": ""monogamous"", ""relocate"": null, ""schedule"": null, ""smoking"": ""no"", ""space_for_relationship"": null, ""wants_children"": null, ""who_to_meet"": null}","{""acceptable_zones"": ""not_asked"", ""age_max"": ""not_asked"", ""age_min"": ""not_asked"", ""conversations"": ""not_asked"", ""emotional_availability"": ""not_asked"", ""has_children"": ""not_asked"", ""lifestyle"": ""not_asked"", ""partner_children"": ""not_asked"", ""partner_smoking"": ""not_asked"", ""relationship_goal"": ""observed"", ""relationship_pace"": ""not_asked"", ""relationship_structure"": ""observed"", ""relocate"": ""declined"", ""schedule"": ""declined"", ""smoking"": ""observed"", ""space_for_relationship"": ""not_asked"", ""wants_children"": ""not_asked"", ""who_to_meet"": ""not_asked""}","{""acceptable_zones"": null, ""age_max"": null, ""age_min"": null, ""conversations"": null, ""emotional_availability"": null, ""has_children"": null, ""lifestyle"": null, ""partner_children"": null, ""partner_smoking"": null, ""relationship_goal"": 12, ""relationship_pace"": null, ""relationship_structure"": 12, ""relocate"": null, ""schedule"": null, ""smoking"": 12, ""space_for_relationship"": null, ""wants_children"": null, ""who_to_meet"": null}"
syn_405778e77863457c897b01bb1fbb3ef8,public_08,26,woman,zone_a,True,synthetic_questionnaire,True,0,"[""zone_a""]",36,18,stories,ready,False,mixed,no_children,any,long_term,slow,monogamous,unsure,"[""weekend_evening""]",occasionally,limited,yes,"[""man""]",observed,observed,observed,observed,observed,observed,observed,observed,observed,observed,observed,observed,observed,observed,observed,observed,observed,observed,0,0,0,0,0,0,0,0,0,0,0,0,0,0,0,0,0,0,"{""acceptable_zones"": [""zone_a""], ""age_max"": 36, ""age_min"": 18, ""conversations"": ""stories"", ""emotional_availability"": ""ready"", ""has_children"": false, ""lifestyle"": ""mixed"", ""partner_children"": ""no_children"", ""partner_smoking"": ""any"", ""relationship_goal"": ""long_term"", ""relationship_pace"": ""slow"", ""relationship_structure"": ""monogamous"", ""relocate"": ""unsure"", ""schedule"": [""weekend_evening""], ""smoking"": ""occasionally"", ""space_for_relationship"": ""limited"", ""wants_children"": ""yes"", ""who_to_meet"": [""man""]}","{""acceptable_zones"": ""observed"", ""age_max"": ""observed"", ""age_min"": ""observed"", ""conversations"": ""observed"", ""emotional_availability"": ""observed"", ""has_children"": ""observed"", ""lifestyle"": ""observed"", ""partner_children"": ""observed"", ""partner_smoking"": ""observed"", ""relationship_goal"": ""observed"", ""relationship_pace"": ""observed"", ""relationship_structure"": ""observed"", ""relocate"": ""observed"", ""schedule"": ""observed"", ""smoking"": ""observed"", ""space_for_relationship"": ""observed"", ""wants_children"": ""observed"", ""who_to_meet"": ""observed""}","{""acceptable_zones"": 0, ""age_max"": 0, ""age_min"": 0, ""conversations"": 0, ""emotional_availability"": 0, ""has_children"": 0, ""lifestyle"": 0, ""partner_children"": 0, ""partner_smoking"": 0, ""relationship_goal"": 0, ""relationship_pace"": 0, ""relationship_structure"": 0, ""relocate"": 0, ""schedule"": 0, ""smoking"": 0, ""space_for_relationship"": 0, ""wants_children"": 0, ""who_to_meet"": 0}"
syn_828229eec01e85ad92da5adb24b00092,public_08,44,man,zone_c,True,synthetic_questionnaire,True,2,"[""zone_c""]",54,40,stories,taking_time,False,quiet,no_children,any,long_term,slow,monogamous,yes,"[""weekend_day"", ""weekend_evening""]",no,limited,no,"[""man"", ""non_binary""]",observed,observed,observed,observed,observed,observed,observed,observed,observed,observed,observed,observed,observed,observed,observed,observed,observed,observed,2,2,2,2,2,2,2,2,2,2,2,2,2,2,2,2,2,2,"{""acceptable_zones"": [""zone_c""], ""age_max"": 54, ""age_min"": 40, ""conversations"": ""stories"", ""emotional_availability"": ""taking_time"", ""has_children"": false, ""lifestyle"": ""quiet"", ""partner_children"": ""no_children"", ""partner_smoking"": ""any"", ""relationship_goal"": ""long_term"", ""relationship_pace"": ""slow"", ""relationship_structure"": ""monogamous"", ""relocate"": ""yes"", ""schedule"": [""weekend_day"", ""weekend_evening""], ""smoking"": ""no"", ""space_for_relationship"": ""limited"", ""wants_children"": ""no"", ""who_to_meet"": [""man"", ""non_binary""]}","{""acceptable_zones"": ""observed"", ""age_max"": ""observed"", ""age_min"": ""observed"", ""conversations"": ""observed"", ""emotional_availability"": ""observed"", ""has_children"": ""observed"", ""lifestyle"": ""observed"", ""partner_children"": ""observed"", ""partner_smoking"": ""observed"", ""relationship_goal"": ""observed"", ""relationship_pace"": ""observed"", ""relationship_structure"": ""observed"", ""relocate"": ""observed"", ""schedule"": ""observed"", ""smoking"": ""observed"", ""space_for_relationship"": ""observed"", ""wants_children"": ""observed"", ""who_to_meet"": ""observed""}","{""acceptable_zones"": 2, ""age_max"": 2, ""age_min"": 2, ""conversations"": 2, ""emotional_availability"": 2, ""has_children"": 2, ""lifestyle"": 2, ""partner_children"": 2, ""partner_smoking"": 2, ""relationship_goal"": 2, ""relationship_pace"": 2, ""relationship_structure"": 2, ""relocate"": 2, ""schedule"": 2, ""smoking"": 2, ""space_for_relationship"": 2, ""wants_children"": 2, ""who_to_meet"": 2}"
syn_b9f68294d202797558ba7ce459baff71,public_08,25,man,zone_a,True,synthetic_questionnaire,True,0,"[""zone_a""]",34,22,,,False,,any,any,,,monogamous,unsure,"[""weekend_evening"", ""weekend_day""]",occasionally,,unsure,"[""man""]",observed,observed,observed,not_asked,not_asked,observed,not_asked,observed,observed,not_asked,not_asked,observed,observed,observed,observed,not_asked,observed,observed,11,11,11,,,11,,11,11,,,11,0,11,11,,11,11,"{""acceptable_zones"": [""zone_a""], ""age_max"": 34, ""age_min"": 22, ""conversations"": null, ""emotional_availability"": null, ""has_children"": false, ""lifestyle"": null, ""partner_children"": ""any"", ""partner_smoking"": ""any"", ""relationship_goal"": null, ""relationship_pace"": null, ""relationship_structure"": ""monogamous"", ""relocate"": ""unsure"", ""schedule"": [""weekend_evening"", ""weekend_day""], ""smoking"": ""occasionally"", ""space_for_relationship"": null, ""wants_children"": ""unsure"", ""who_to_meet"": [""man""]}","{""acceptable_zones"": ""observed"", ""age_max"": ""observed"", ""age_min"": ""observed"", ""conversations"": ""not_asked"", ""emotional_availability"": ""not_asked"", ""has_children"": ""observed"", ""lifestyle"": ""not_asked"", ""partner_children"": ""observed"", ""partner_smoking"": ""observed"", ""relationship_goal"": ""not_asked"", ""relationship_pace"": ""not_asked"", ""relationship_structure"": ""observed"", ""relocate"": ""observed"", ""schedule"": ""observed"", ""smoking"": ""observed"", ""space_for_relationship"": ""not_asked"", ""wants_children"": ""observed"", ""who_to_meet"": ""observed""}","{""acceptable_zones"": 11, ""age_max"": 11, ""age_min"": 11, ""conversations"": null, ""emotional_availability"": null, ""has_children"": 11, ""lifestyle"": null, ""partner_children"": 11, ""partner_smoking"": 11, ""relationship_goal"": null, ""relationship_pace"": null, ""relationship_structure"": 11, ""relocate"": 0, ""schedule"": 11, ""smoking"": 11, ""space_for_relationship"": null, ""wants_children"": 11, ""who_to_meet"": 11}"
syn_1c6ea263eb606de3b5c827174bfa4361,public_08,25,man,zone_a,True,synthetic_questionnaire,True,11,"[""zone_a""]",32,18,,,False,,any,no_smoking,,,monogamous,,"[""weekend_evening""]",no,,yes,"[""non_binary""]",observed,observed,observed,not_asked,not_asked,observed,not_asked,observed,observed,not_asked,not_asked,observed,not_asked,observed,observed,not_asked,observed,observed,11,11,11,,,11,,11,11,,,11,,11,11,,11,11,"{""acceptable_zones"": [""zone_a""], ""age_max"": 32, ""age_min"": 18, ""conversations"": null, ""emotional_availability"": null, ""has_children"": false, ""lifestyle"": null, ""partner_children"": ""any"", ""partner_smoking"": ""no_smoking"", ""relationship_goal"": null, ""relationship_pace"": null, ""relationship_structure"": ""monogamous"", ""relocate"": null, ""schedule"": [""weekend_evening""], ""smoking"": ""no"", ""space_for_relationship"": null, ""wants_children"": ""yes"", ""who_to_meet"": [""non_binary""]}","{""acceptable_zones"": ""observed"", ""age_max"": ""observed"", ""age_min"": ""observed"", ""conversations"": ""not_asked"", ""emotional_availability"": ""not_asked"", ""has_children"": ""observed"", ""lifestyle"": ""not_asked"", ""partner_children"": ""observed"", ""partner_smoking"": ""observed"", ""relationship_goal"": ""not_asked"", ""relationship_pace"": ""not_asked"", ""relationship_structure"": ""observed"", ""relocate"": ""not_asked"", ""schedule"": ""observed"", ""smoking"": ""observed"", ""space_for_relationship"": ""not_asked"", ""wants_children"": ""observed"", ""who_to_meet"": ""observed""}","{""acceptable_zones"": 11, ""age_max"": 11, ""age_min"": 11, ""conversations"": null, ""emotional_availability"": null, ""has_children"": 11, ""lifestyle"": null, ""partner_children"": 11, ""partner_smoking"": 11, ""relationship_goal"": null, ""relationship_pace"": null, ""relationship_structure"": 11, ""relocate"": null, ""schedule"": 11, ""smoking"": 11, ""space_for_relationship"": null, ""wants_children"": 11, ""who_to_meet"": 11}"
syn_16031023433a6025b2b0247a88e54e3b,public_08,45,man,zone_b,True,synthetic_questionnaire,True,0,"[""zone_b""]",51,42,stories,ready,False,mixed,no_children,no_smoking,exploring,slow,monogamous,yes,"[""weekend_day""]",no,moderate,no,"[""woman"", ""non_binary""]",observed,observed,observed,observed,observed,observed,observed,observed,observed,observed,observed,observed,observed,observed,observed,observed,observed,observed,0,0,0,0,0,0,0,0,0,0,0,0,0,0,0,0,0,0,"{""acceptable_zones"": [""zone_b""], ""age_max"": 51, ""age_min"": 42, ""conversations"": ""stories"", ""emotional_availability"": ""ready"", ""has_children"": false, ""lifestyle"": ""mixed"", ""partner_children"": ""no_children"", ""partner_smoking"": ""no_smoking"", ""relationship_goal"": ""exploring"", ""relationship_pace"": ""slow"", ""relationship_structure"": ""monogamous"", ""relocate"": ""yes"", ""schedule"": [""weekend_day""], ""smoking"": ""no"", ""space_for_relationship"": ""moderate"", ""wants_children"": ""no"", ""who_to_meet"": [""woman"", ""non_binary""]}","{""acceptable_zones"": ""observed"", ""age_max"": ""observed"", ""age_min"": ""observed"", ""conversations"": ""observed"", ""emotional_availability"": ""observed"", ""has_children"": ""observed"", ""lifestyle"": ""observed"", ""partner_children"": ""observed"", ""partner_smoking"": ""observed"", ""relationship_goal"": ""observed"", ""relationship_pace"": ""observed"", ""relationship_structure"": ""observed"", ""relocate"": ""observed"", ""schedule"": ""observed"", ""smoking"": ""observed"", ""space_for_relationship"": ""observed"", ""wants_children"": ""observed"", ""who_to_meet"": ""observed""}","{""acceptable_zones"": 0, ""age_max"": 0, ""age_min"": 0, ""conversations"": 0, ""emotional_availability"": 0, ""has_children"": 0, ""lifestyle"": 0, ""partner_children"": 0, ""partner_smoking"": 0, ""relationship_goal"": 0, ""relationship_pace"": 0, ""relationship_structure"": 0, ""relocate"": 0, ""schedule"": 0, ""smoking"": 0, ""space_for_relationship"": 0, ""wants_children"": 0, ""who_to_meet"": 0}"
syn_9e2b83520a604298ac7ac3ca4ed3a65c,public_08,41,man,zone_a,False,synthetic_questionnaire,True,0,"[""zone_a""]",47,36,,,False,,no_children,any,,,monogamous,,"[""weekday_evening"", ""weekend_day"", ""weekend_evening""]",occasionally,,unsure,"[""man"", ""woman"", ""non_binary""]",observed,observed,observed,not_asked,not_asked,observed,declined,observed,observed,not_asked,not_asked,observed,not_asked,observed,observed,not_asked,observed,observed,12,12,12,,,12,,12,12,,,12,,12,12,,12,12,"{""acceptable_zones"": [""zone_a""], ""age_max"": 47, ""age_min"": 36, ""conversations"": null, ""emotional_availability"": null, ""has_children"": false, ""lifestyle"": null, ""partner_children"": ""no_children"", ""partner_smoking"": ""any"", ""relationship_goal"": null, ""relationship_pace"": null, ""relationship_structure"": ""monogamous"", ""relocate"": null, ""schedule"": [""weekday_evening"", ""weekend_day"", ""weekend_evening""], ""smoking"": ""occasionally"", ""space_for_relationship"": null, ""wants_children"": ""unsure"", ""who_to_meet"": [""man"", ""woman"", ""non_binary""]}","{""acceptable_zones"": ""observed"", ""age_max"": ""observed"", ""age_min"": ""observed"", ""conversations"": ""not_asked"", ""emotional_availability"": ""not_asked"", ""has_children"": ""observed"", ""lifestyle"": ""declined"", ""partner_children"": ""observed"", ""partner_smoking"": ""observed"", ""relationship_goal"": ""not_asked"", ""relationship_pace"": ""not_asked"", ""relationship_structure"": ""observed"", ""relocate"": ""not_asked"", ""schedule"": ""observed"", ""smoking"": ""observed"", ""space_for_relationship"": ""not_asked"", ""wants_children"": ""observed"", ""who_to_meet"": ""observed""}","{""acceptable_zones"": 12, ""age_max"": 12, ""age_min"": 12, ""conversations"": null, ""emotional_availability"": null, ""has_children"": 12, ""lifestyle"": null, ""partner_children"": 12, ""partner_smoking"": 12, ""relationship_goal"": null, ""relationship_pace"": null, ""relationship_structure"": 12, ""relocate"": null, ""schedule"": 12, ""smoking"": 12, ""space_for_relationship"": null, ""wants_children"": 12, ""who_to_meet"": 12}"
syn_907e211f9ac8b9aa952628781a837c78,public_08,28,man,zone_a,True,synthetic_questionnaire,True,0,"[""zone_a""]",38,22,stories,taking_time,False,,no_children,any,,,monogamous,,"[""weekend_day""]",no,,yes,"[""man""]",observed,observed,observed,observed,observed,observed,not_asked,observed,observed,not_asked,not_asked,observed,declined,observed,observed,not_asked,observed,observed,13,13,13,0,0,13,,13,13,,,13,,13,13,,13,13,"{""acceptable_zones"": [""zone_a""], ""age_max"": 38, ""age_min"": 22, ""conversations"": ""stories"", ""emotional_availability"": ""taking_time"", ""has_children"": false, ""lifestyle"": null, ""partner_children"": ""no_children"", ""partner_smoking"": ""any"", ""relationship_goal"": null, ""relationship_pace"": null, ""relationship_structure"": ""monogamous"", ""relocate"": null, ""schedule"": [""weekend_day""], ""smoking"": ""no"", ""space_for_relationship"": null, ""wants_children"": ""yes"", ""who_to_meet"": [""man""]}","{""acceptable_zones"": ""observed"", ""age_max"": ""observed"", ""age_min"": ""observed"", ""conversations"": ""observed"", ""emotional_availability"": ""observed"", ""has_children"": ""observed"", ""lifestyle"": ""not_asked"", ""partner_children"": ""observed"", ""partner_smoking"": ""observed"", ""relationship_goal"": ""not_asked"", ""relationship_pace"": ""not_asked"", ""relationship_structure"": ""observed"", ""relocate"": ""declined"", ""schedule"": ""observed"", ""smoking"": ""observed"", ""space_for_relationship"": ""not_asked"", ""wants_children"": ""observed"", ""who_to_meet"": ""observed""}","{""acceptable_zones"": 13, ""age_max"": 13, ""age_min"": 13, ""conversations"": 0, ""emotional_availability"": 0, ""has_children"": 13, ""lifestyle"": null, ""partner_children"": 13, ""partner_smoking"": 13, ""relationship_goal"": null, ""relationship_pace"": null, ""relationship_structure"": 13, ""relocate"": null, ""schedule"": 13, ""smoking"": 13, ""space_for_relationship"": null, ""wants_children"": 13, ""who_to_meet"": 13}"
syn_c701df12da749db46be838bc30598d3c,public_08,32,woman,zone_a,False,synthetic_questionnaire,True,0,"[""zone_a""]",40,24,ideas,ready,False,social,any,no_smoking,long_term,slow,monogamous,unsure,"[""weekday_evening"", ""weekend_day""]",no,limited,yes,"[""woman"", ""non_binary"", ""man""]",observed,observed,observed,observed,observed,observed,observed,observed,observed,observed,observed,observed,observed,observed,observed,observed,observed,observed,0,0,0,0,0,0,0,0,0,0,0,0,0,0,0,0,0,0,"{""acceptable_zones"": [""zone_a""], ""age_max"": 40, ""age_min"": 24, ""conversations"": ""ideas"", ""emotional_availability"": ""ready"", ""has_children"": false, ""lifestyle"": ""social"", ""partner_children"": ""any"", ""partner_smoking"": ""no_smoking"", ""relationship_goal"": ""long_term"", ""relationship_pace"": ""slow"", ""relationship_structure"": ""monogamous"", ""relocate"": ""unsure"", ""schedule"": [""weekday_evening"", ""weekend_day""], ""smoking"": ""no"", ""space_for_relationship"": ""limited"", ""wants_children"": ""yes"", ""who_to_meet"": [""woman"", ""non_binary"", ""man""]}","{""acceptable_zones"": ""observed"", ""age_max"": ""observed"", ""age_min"": ""observed"", ""conversations"": ""observed"", ""emotional_availability"": ""observed"", ""has_children"": ""observed"", ""lifestyle"": ""observed"", ""partner_children"": ""observed"", ""partner_smoking"": ""observed"", ""relationship_goal"": ""observed"", ""relationship_pace"": ""observed"", ""relationship_structure"": ""observed"", ""relocate"": ""observed"", ""schedule"": ""observed"", ""smoking"": ""observed"", ""space_for_relationship"": ""observed"", ""wants_children"": ""observed"", ""who_to_meet"": ""observed""}","{""acceptable_zones"": 0, ""age_max"": 0, ""age_min"": 0, ""conversations"": 0, ""emotional_availability"": 0, ""has_children"": 0, ""lifestyle"": 0, ""partner_children"": 0, ""partner_smoking"": 0, ""relationship_goal"": 0, ""relationship_pace"": 0, ""relationship_structure"": 0, ""relocate"": 0, ""schedule"": 0, ""smoking"": 0, ""space_for_relationship"": 0, ""wants_children"": 0, ""who_to_meet"": 0}"
syn_f444cfa15ea2aa9ddffeb6396e16492f,public_08,23,man,zone_d,True,synthetic_questionnaire,True,5,"[""zone_d"", ""zone_c""]",29,18,playful,taking_time,False,quiet,no_children,any,long_term,steady,monogamous,yes,"[""weekend_day"", ""weekend_evening"", ""weekday_evening""]",no,moderate,yes,"[""non_binary""]",observed,observed,observed,observed,observed,observed,observed,observed,observed,observed,observed,observed,observed,observed,observed,observed,observed,observed,5,5,5,5,5,5,5,5,5,5,5,5,5,5,5,5,5,5,"{""acceptable_zones"": [""zone_d"", ""zone_c""], ""age_max"": 29, ""age_min"": 18, ""conversations"": ""playful"", ""emotional_availability"": ""taking_time"", ""has_children"": false, ""lifestyle"": ""quiet"", ""partner_children"": ""no_children"", ""partner_smoking"": ""any"", ""relationship_goal"": ""long_term"", ""relationship_pace"": ""steady"", ""relationship_structure"": ""monogamous"", ""relocate"": ""yes"", ""schedule"": [""weekend_day"", ""weekend_evening"", ""weekday_evening""], ""smoking"": ""no"", ""space_for_relationship"": ""moderate"", ""wants_children"": ""yes"", ""who_to_meet"": [""non_binary""]}","{""acceptable_zones"": ""observed"", ""age_max"": ""observed"", ""age_min"": ""observed"", ""conversations"": ""observed"", ""emotional_availability"": ""observed"", ""has_children"": ""observed"", ""lifestyle"": ""observed"", ""partner_children"": ""observed"", ""partner_smoking"": ""observed"", ""relationship_goal"": ""observed"", ""relationship_pace"": ""observed"", ""relationship_structure"": ""observed"", ""relocate"": ""observed"", ""schedule"": ""observed"", ""smoking"": ""observed"", ""space_for_relationship"": ""observed"", ""wants_children"": ""observed"", ""who_to_meet"": ""observed""}","{""acceptable_zones"": 5, ""age_max"": 5, ""age_min"": 5, ""conversations"": 5, ""emotional_availability"": 5, ""has_children"": 5, ""lifestyle"": 5, ""partner_children"": 5, ""partner_smoking"": 5, ""relationship_goal"": 5, ""relationship_pace"": 5, ""relationship_structure"": 5, ""relocate"": 5, ""schedule"": 5, ""smoking"": 5, ""space_for_relationship"": 5, ""wants_children"": 5, ""who_to_meet"": 5}"
syn_dc57825b73c698a351c1edc339da702a,public_08,42,woman,zone_c,True,synthetic_questionnaire,True,0,"[""zone_c""]",48,33,,,False,,any,no_smoking,,,monogamous,,"[""weekend_day""]",yes,,no,"[""non_binary""]",observed,observed,observed,not_asked,not_asked,observed,not_asked,observed,observed,not_asked,not_asked,observed,not_asked,observed,observed,not_asked,observed,observed,13,13,13,,,13,,13,13,,,13,,13,13,,13,13,"{""acceptable_zones"": [""zone_c""], ""age_max"": 48, ""age_min"": 33, ""conversations"": null, ""emotional_availability"": null, ""has_children"": false, ""lifestyle"": null, ""partner_children"": ""any"", ""partner_smoking"": ""no_smoking"", ""relationship_goal"": null, ""relationship_pace"": null, ""relationship_structure"": ""monogamous"", ""relocate"": null, ""schedule"": [""weekend_day""], ""smoking"": ""yes"", ""space_for_relationship"": null, ""wants_children"": ""no"", ""who_to_meet"": [""non_binary""]}","{""acceptable_zones"": ""observed"", ""age_max"": ""observed"", ""age_min"": ""observed"", ""conversations"": ""not_asked"", ""emotional_availability"": ""not_asked"", ""has_children"": ""observed"", ""lifestyle"": ""not_asked"", ""partner_children"": ""observed"", ""partner_smoking"": ""observed"", ""relationship_goal"": ""not_asked"", ""relationship_pace"": ""not_asked"", ""relationship_structure"": ""observed"", ""relocate"": ""not_asked"", ""schedule"": ""observed"", ""smoking"": ""observed"", ""space_for_relationship"": ""not_asked"", ""wants_children"": ""observed"", ""who_to_meet"": ""observed""}","{""acceptable_zones"": 13, ""age_max"": 13, ""age_min"": 13, ""conversations"": null, ""emotional_availability"": null, ""has_children"": 13, ""lifestyle"": null, ""partner_children"": 13, ""partner_smoking"": 13, ""relationship_goal"": null, ""relationship_pace"": null, ""relationship_structure"": 13, ""relocate"": null, ""schedule"": 13, ""smoking"": 13, ""space_for_relationship"": null, ""wants_children"": 13, ""who_to_meet"": 13}"
syn_f9e707da91075d8d0c6a87d99a1389e6,public_08,24,woman,zone_d,True,synthetic_questionnaire,True,0,"[""zone_d""]",28,18,,,False,,no_children,any,,,non_monogamous,,"[""weekend_day"", ""weekend_evening""]",no,,unsure,"[""woman""]",observed,observed,observed,not_asked,not_asked,observed,not_asked,observed,observed,not_asked,not_asked,observed,not_asked,observed,observed,not_asked,observed,observed,13,13,13,,,13,,13,13,,,13,,13,13,,13,13,"{""acceptable_zones"": [""zone_d""], ""age_max"": 28, ""age_min"": 18, ""conversations"": null, ""emotional_availability"": null, ""has_children"": false, ""lifestyle"": null, ""partner_children"": ""no_children"", ""partner_smoking"": ""any"", ""relationship_goal"": null, ""relationship_pace"": null, ""relationship_structure"": ""non_monogamous"", ""relocate"": null, ""schedule"": [""weekend_day"", ""weekend_evening""], ""smoking"": ""no"", ""space_for_relationship"": null, ""wants_children"": ""unsure"", ""who_to_meet"": [""woman""]}","{""acceptable_zones"": ""observed"", ""age_max"": ""observed"", ""age_min"": ""observed"", ""conversations"": ""not_asked"", ""emotional_availability"": ""not_asked"", ""has_children"": ""observed"", ""lifestyle"": ""not_asked"", ""partner_children"": ""observed"", ""partner_smoking"": ""observed"", ""relationship_goal"": ""not_asked"", ""relationship_pace"": ""not_asked"", ""relationship_structure"": ""observed"", ""relocate"": ""not_asked"", ""schedule"": ""observed"", ""smoking"": ""observed"", ""space_for_relationship"": ""not_asked"", ""wants_children"": ""observed"", ""who_to_meet"": ""observed""}","{""acceptable_zones"": 13, ""age_max"": 13, ""age_min"": 13, ""conversations"": null, ""emotional_availability"": null, ""has_children"": 13, ""lifestyle"": null, ""partner_children"": 13, ""partner_smoking"": 13, ""relationship_goal"": null, ""relationship_pace"": null, ""relationship_structure"": 13, ""relocate"": null, ""schedule"": 13, ""smoking"": 13, ""space_for_relationship"": null, ""wants_children"": 13, ""who_to_meet"": 13}"
syn_2f8c459a5b01837c6646f0a205ecd462,public_08,26,man,zone_a,False,synthetic_questionnaire,True,8,"[""zone_a"", ""zone_d""]",30,18,ideas,taking_time,False,social,any,any,long_term,quick,monogamous,unsure,"[""weekend_evening"", ""weekend_day"", ""weekday_evening""]",no,ample,yes,"[""woman""]",observed,observed,observed,observed,observed,observed,observed,observed,observed,observed,observed,observed,observed,observed,observed,observed,observed,observed,8,8,8,8,8,8,8,8,8,8,8,8,8,8,8,8,8,8,"{""acceptable_zones"": [""zone_a"", ""zone_d""], ""age_max"": 30, ""age_min"": 18, ""conversations"": ""ideas"", ""emotional_availability"": ""taking_time"", ""has_children"": false, ""lifestyle"": ""social"", ""partner_children"": ""any"", ""partner_smoking"": ""any"", ""relationship_goal"": ""long_term"", ""relationship_pace"": ""quick"", ""relationship_structure"": ""monogamous"", ""relocate"": ""unsure"", ""schedule"": [""weekend_evening"", ""weekend_day"", ""weekday_evening""], ""smoking"": ""no"", ""space_for_relationship"": ""ample"", ""wants_children"": ""yes"", ""who_to_meet"": [""woman""]}","{""acceptable_zones"": ""observed"", ""age_max"": ""observed"", ""age_min"": ""observed"", ""conversations"": ""observed"", ""emotional_availability"": ""observed"", ""has_children"": ""observed"", ""lifestyle"": ""observed"", ""partner_children"": ""observed"", ""partner_smoking"": ""observed"", ""relationship_goal"": ""observed"", ""relationship_pace"": ""observed"", ""relationship_structure"": ""observed"", ""relocate"": ""observed"", ""schedule"": ""observed"", ""smoking"": ""observed"", ""space_for_relationship"": ""observed"", ""wants_children"": ""observed"", ""who_to_meet"": ""observed""}","{""acceptable_zones"": 8, ""age_max"": 8, ""age_min"": 8, ""conversations"": 8, ""emotional_availability"": 8, ""has_children"": 8, ""lifestyle"": 8, ""partner_children"": 8, ""partner_smoking"": 8, ""relationship_goal"": 8, ""relationship_pace"": 8, ""relationship_structure"": 8, ""relocate"": 8, ""schedule"": 8, ""smoking"": 8, ""space_for_relationship"": 8, ""wants_children"": 8, ""who_to_meet"": 8}"
syn_9d086f92bd9196465b05e7fa7b78cab4,public_08,29,man,zone_a,False,synthetic_questionnaire,True,0,"[""zone_a"", ""zone_d""]",37,22,playful,taking_time,False,social,no_children,any,exploring,quick,monogamous,unsure,"[""weekend_evening"", ""weekend_day"", ""weekday_evening""]",no,moderate,yes,"[""non_binary"", ""man"", ""woman""]",observed,observed,observed,observed,observed,observed,observed,observed,observed,observed,observed,observed,observed,observed,observed,observed,observed,observed,0,0,0,0,0,0,0,0,0,0,0,0,0,0,0,0,0,0,"{""acceptable_zones"": [""zone_a"", ""zone_d""], ""age_max"": 37, ""age_min"": 22, ""conversations"": ""playful"", ""emotional_availability"": ""taking_time"", ""has_children"": false, ""lifestyle"": ""social"", ""partner_children"": ""no_children"", ""partner_smoking"": ""any"", ""relationship_goal"": ""exploring"", ""relationship_pace"": ""quick"", ""relationship_structure"": ""monogamous"", ""relocate"": ""unsure"", ""schedule"": [""weekend_evening"", ""weekend_day"", ""weekday_evening""], ""smoking"": ""no"", ""space_for_relationship"": ""moderate"", ""wants_children"": ""yes"", ""who_to_meet"": [""non_binary"", ""man"", ""woman""]}","{""acceptable_zones"": ""observed"", ""age_max"": ""observed"", ""age_min"": ""observed"", ""conversations"": ""observed"", ""emotional_availability"": ""observed"", ""has_children"": ""observed"", ""lifestyle"": ""observed"", ""partner_children"": ""observed"", ""partner_smoking"": ""observed"", ""relationship_goal"": ""observed"", ""relationship_pace"": ""observed"", ""relationship_structure"": ""observed"", ""relocate"": ""observed"", ""schedule"": ""observed"", ""smoking"": ""observed"", ""space_for_relationship"": ""observed"", ""wants_children"": ""observed"", ""who_to_meet"": ""observed""}","{""acceptable_zones"": 0, ""age_max"": 0, ""age_min"": 0, ""conversations"": 0, ""emotional_availability"": 0, ""has_children"": 0, ""lifestyle"": 0, ""partner_children"": 0, ""partner_smoking"": 0, ""relationship_goal"": 0, ""relationship_pace"": 0, ""relationship_structure"": 0, ""relocate"": 0, ""schedule"": 0, ""smoking"": 0, ""space_for_relationship"": 0, ""wants_children"": 0, ""who_to_meet"": 0}"
syn_2b3ef8c7271689cbeb282c81bfc06fda,public_08,28,man,zone_a,True,synthetic_questionnaire,True,12,,,,ideas,,,social,,,,,,,,,,,"[""non_binary""]",not_asked,not_asked,not_asked,observed,declined,not_asked,observed,declined,not_asked,not_asked,not_asked,not_asked,not_asked,not_asked,not_asked,not_asked,not_asked,observed,,,,12,,,12,,,,,,,,,,,12,"{""acceptable_zones"": null, ""age_max"": null, ""age_min"": null, ""conversations"": ""ideas"", ""emotional_availability"": null, ""has_children"": null, ""lifestyle"": ""social"", ""partner_children"": null, ""partner_smoking"": null, ""relationship_goal"": null, ""relationship_pace"": null, ""relationship_structure"": null, ""relocate"": null, ""schedule"": null, ""smoking"": null, ""space_for_relationship"": null, ""wants_children"": null, ""who_to_meet"": [""non_binary""]}","{""acceptable_zones"": ""not_asked"", ""age_max"": ""not_asked"", ""age_min"": ""not_asked"", ""conversations"": ""observed"", ""emotional_availability"": ""declined"", ""has_children"": ""not_asked"", ""lifestyle"": ""observed"", ""partner_children"": ""declined"", ""partner_smoking"": ""not_asked"", ""relationship_goal"": ""not_asked"", ""relationship_pace"": ""not_asked"", ""relationship_structure"": ""not_asked"", ""relocate"": ""not_asked"", ""schedule"": ""not_asked"", ""smoking"": ""not_asked"", ""space_for_relationship"": ""not_asked"", ""wants_children"": ""not_asked"", ""who_to_meet"": ""observed""}","{""acceptable_zones"": null, ""age_max"": null, ""age_min"": null, ""conversations"": 12, ""emotional_availability"": null, ""has_children"": null, ""lifestyle"": 12, ""partner_children"": null, ""partner_smoking"": null, ""relationship_goal"": null, ""relationship_pace"": null, ""relationship_structure"": null, ""relocate"": null, ""schedule"": null, ""smoking"": null, ""space_for_relationship"": null, ""wants_children"": null, ""who_to_meet"": 12}"
syn_2171138583f561d1f0f863382d5fe1e7,public_08,31,woman,zone_d,False,synthetic_questionnaire,True,0,,38,,,ready,,,,,,,,,,,,,,not_asked,observed,not_asked,declined,observed,declined,not_asked,not_asked,not_asked,not_asked,not_asked,not_asked,not_asked,not_asked,not_asked,not_asked,not_asked,not_asked,,0,,,0,,,,,,,,,,,,,,"{""acceptable_zones"": null, ""age_max"": 38, ""age_min"": null, ""conversations"": null, ""emotional_availability"": ""ready"", ""has_children"": null, ""lifestyle"": null, ""partner_children"": null, ""partner_smoking"": null, ""relationship_goal"": null, ""relationship_pace"": null, ""relationship_structure"": null, ""relocate"": null, ""schedule"": null, ""smoking"": null, ""space_for_relationship"": null, ""wants_children"": null, ""who_to_meet"": null}","{""acceptable_zones"": ""not_asked"", ""age_max"": ""observed"", ""age_min"": ""not_asked"", ""conversations"": ""declined"", ""emotional_availability"": ""observed"", ""has_children"": ""declined"", ""lifestyle"": ""not_asked"", ""partner_children"": ""not_asked"", ""partner_smoking"": ""not_asked"", ""relationship_goal"": ""not_asked"", ""relationship_pace"": ""not_asked"", ""relationship_structure"": ""not_asked"", ""relocate"": ""not_asked"", ""schedule"": ""not_asked"", ""smoking"": ""not_asked"", ""space_for_relationship"": ""not_asked"", ""wants_children"": ""not_asked"", ""who_to_meet"": ""not_asked""}","{""acceptable_zones"": null, ""age_max"": 0, ""age_min"": null, ""conversations"": null, ""emotional_availability"": 0, ""has_children"": null, ""lifestyle"": null, ""partner_children"": null, ""partner_smoking"": null, ""relationship_goal"": null, ""relationship_pace"": null, ""relationship_structure"": null, ""relocate"": null, ""schedule"": null, ""smoking"": null, ""space_for_relationship"": null, ""wants_children"": null, ""who_to_meet"": null}"
syn_37c08e445f55d98bf0bf590d25f23cf0,public_08,23,man,zone_c,True,synthetic_questionnaire,True,0,"[""zone_c"", ""zone_b""]",32,18,practical,taking_time,False,social,no_children,no_smoking,exploring,slow,monogamous,yes,"[""weekday_evening"", ""weekend_day""]",occasionally,limited,yes,"[""man""]",observed,observed,observed,observed,observed,observed,observed,observed,observed,observed,observed,observed,observed,observed,observed,observed,observed,observed,0,0,0,0,0,0,0,0,0,0,0,0,0,0,0,0,0,0,"{""acceptable_zones"": [""zone_c"", ""zone_b""], ""age_max"": 32, ""age_min"": 18, ""conversations"": ""practical"", ""emotional_availability"": ""taking_time"", ""has_children"": false, ""lifestyle"": ""social"", ""partner_children"": ""no_children"", ""partner_smoking"": ""no_smoking"", ""relationship_goal"": ""exploring"", ""relationship_pace"": ""slow"", ""relationship_structure"": ""monogamous"", ""relocate"": ""yes"", ""schedule"": [""weekday_evening"", ""weekend_day""], ""smoking"": ""occasionally"", ""space_for_relationship"": ""limited"", ""wants_children"": ""yes"", ""who_to_meet"": [""man""]}","{""acceptable_zones"": ""observed"", ""age_max"": ""observed"", ""age_min"": ""observed"", ""conversations"": ""observed"", ""emotional_availability"": ""observed"", ""has_children"": ""observed"", ""lifestyle"": ""observed"", ""partner_children"": ""observed"", ""partner_smoking"": ""observed"", ""relationship_goal"": ""observed"", ""relationship_pace"": ""observed"", ""relationship_structure"": ""observed"", ""relocate"": ""observed"", ""schedule"": ""observed"", ""smoking"": ""observed"", ""space_for_relationship"": ""observed"", ""wants_children"": ""observed"", ""who_to_meet"": ""observed""}","{""acceptable_zones"": 0, ""age_max"": 0, ""age_min"": 0, ""conversations"": 0, ""emotional_availability"": 0, ""has_children"": 0, ""lifestyle"": 0, ""partner_children"": 0, ""partner_smoking"": 0, ""relationship_goal"": 0, ""relationship_pace"": 0, ""relationship_structure"": 0, ""relocate"": 0, ""schedule"": 0, ""smoking"": 0, ""space_for_relationship"": 0, ""wants_children"": 0, ""who_to_meet"": 0}"
syn_4b70c34cd7bb18cbd6035cf42b4d53c4,public_08,23,woman,zone_b,True,synthetic_questionnaire,True,11,"[""zone_b""]",31,19,playful,ready,False,social,any,any,exploring,quick,monogamous,unsure,"[""weekend_day""]",no,ample,no,"[""woman""]",observed,observed,observed,observed,observed,observed,observed,observed,observed,observed,observed,observed,observed,observed,observed,observed,observed,observed,11,11,11,11,11,11,11,11,11,11,11,11,11,11,11,11,11,11,"{""acceptable_zones"": [""zone_b""], ""age_max"": 31, ""age_min"": 19, ""conversations"": ""playful"", ""emotional_availability"": ""ready"", ""has_children"": false, ""lifestyle"": ""social"", ""partner_children"": ""any"", ""partner_smoking"": ""any"", ""relationship_goal"": ""exploring"", ""relationship_pace"": ""quick"", ""relationship_structure"": ""monogamous"", ""relocate"": ""unsure"", ""schedule"": [""weekend_day""], ""smoking"": ""no"", ""space_for_relationship"": ""ample"", ""wants_children"": ""no"", ""who_to_meet"": [""woman""]}","{""acceptable_zones"": ""observed"", ""age_max"": ""observed"", ""age_min"": ""observed"", ""conversations"": ""observed"", ""emotional_availability"": ""observed"", ""has_children"": ""observed"", ""lifestyle"": ""observed"", ""partner_children"": ""observed"", ""partner_smoking"": ""observed"", ""relationship_goal"": ""observed"", ""relationship_pace"": ""observed"", ""relationship_structure"": ""observed"", ""relocate"": ""observed"", ""schedule"": ""observed"", ""smoking"": ""observed"", ""space_for_relationship"": ""observed"", ""wants_children"": ""observed"", ""who_to_meet"": ""observed""}","{""acceptable_zones"": 11, ""age_max"": 11, ""age_min"": 11, ""conversations"": 11, ""emotional_availability"": 11, ""has_children"": 11, ""lifestyle"": 11, ""partner_children"": 11, ""partner_smoking"": 11, ""relationship_goal"": 11, ""relationship_pace"": 11, ""relationship_structure"": 11, ""relocate"": 11, ""schedule"": 11, ""smoking"": 11, ""space_for_relationship"": 11, ""wants_children"": 11, ""who_to_meet"": 11}"
syn_1bf4f770353090b3038dbac5c3073f26,public_08,40,woman,zone_a,True,synthetic_questionnaire,True,14,"[""zone_a""]",46,33,,,False,quiet,any,no_smoking,,,monogamous,,"[""weekend_day""]",no,,yes,"[""woman"", ""man""]",observed,observed,observed,not_asked,not_asked,observed,observed,observed,observed,not_asked,not_asked,observed,not_asked,observed,observed,declined,observed,observed,14,14,14,,,14,14,14,14,,,14,,14,14,,14,14,"{""acceptable_zones"": [""zone_a""], ""age_max"": 46, ""age_min"": 33, ""conversations"": null, ""emotional_availability"": null, ""has_children"": false, ""lifestyle"": ""quiet"", ""partner_children"": ""any"", ""partner_smoking"": ""no_smoking"", ""relationship_goal"": null, ""relationship_pace"": null, ""relationship_structure"": ""monogamous"", ""relocate"": null, ""schedule"": [""weekend_day""], ""smoking"": ""no"", ""space_for_relationship"": null, ""wants_children"": ""yes"", ""who_to_meet"": [""woman"", ""man""]}","{""acceptable_zones"": ""observed"", ""age_max"": ""observed"", ""age_min"": ""observed"", ""conversations"": ""not_asked"", ""emotional_availability"": ""not_asked"", ""has_children"": ""observed"", ""lifestyle"": ""observed"", ""partner_children"": ""observed"", ""partner_smoking"": ""observed"", ""relationship_goal"": ""not_asked"", ""relationship_pace"": ""not_asked"", ""relationship_structure"": ""observed"", ""relocate"": ""not_asked"", ""schedule"": ""observed"", ""smoking"": ""observed"", ""space_for_relationship"": ""declined"", ""wants_children"": ""observed"", ""who_to_meet"": ""observed""}","{""acceptable_zones"": 14, ""age_max"": 14, ""age_min"": 14, ""conversations"": null, ""emotional_availability"": null, ""has_children"": 14, ""lifestyle"": 14, ""partner_children"": 14, ""partner_smoking"": 14, ""relationship_goal"": null, ""relationship_pace"": null, ""relationship_structure"": 14, ""relocate"": null, ""schedule"": 14, ""smoking"": 14, ""space_for_relationship"": null, ""wants_children"": 14, ""who_to_meet"": 14}"
syn_6db0d49a5ae5e480e8d064efd489f686,public_08,38,man,zone_b,True,synthetic_questionnaire,True,5,"[""zone_b""]",48,29,,,False,,no_children,any,,,monogamous,,"[""weekend_evening"", ""weekday_evening"", ""weekend_day""]",yes,,yes,"[""woman""]",observed,observed,observed,not_asked,not_asked,observed,not_asked,observed,observed,not_asked,not_asked,observed,not_asked,observed,observed,not_asked,observed,observed,13,13,13,,,13,,13,13,,,13,,13,13,,13,13,"{""acceptable_zones"": [""zone_b""], ""age_max"": 48, ""age_min"": 29, ""conversations"": null, ""emotional_availability"": null, ""has_children"": false, ""lifestyle"": null, ""partner_children"": ""no_children"", ""partner_smoking"": ""any"", ""relationship_goal"": null, ""relationship_pace"": null, ""relationship_structure"": ""monogamous"", ""relocate"": null, ""schedule"": [""weekend_evening"", ""weekday_evening"", ""weekend_day""], ""smoking"": ""yes"", ""space_for_relationship"": null, ""wants_children"": ""yes"", ""who_to_meet"": [""woman""]}","{""acceptable_zones"": ""observed"", ""age_max"": ""observed"", ""age_min"": ""observed"", ""conversations"": ""not_asked"", ""emotional_availability"": ""not_asked"", ""has_children"": ""observed"", ""lifestyle"": ""not_asked"", ""partner_children"": ""observed"", ""partner_smoking"": ""observed"", ""relationship_goal"": ""not_asked"", ""relationship_pace"": ""not_asked"", ""relationship_structure"": ""observed"", ""relocate"": ""not_asked"", ""schedule"": ""observed"", ""smoking"": ""observed"", ""space_for_relationship"": ""not_asked"", ""wants_children"": ""observed"", ""who_to_meet"": ""observed""}","{""acceptable_zones"": 13, ""age_max"": 13, ""age_min"": 13, ""conversations"": null, ""emotional_availability"": null, ""has_children"": 13, ""lifestyle"": null, ""partner_children"": 13, ""partner_smoking"": 13, ""relationship_goal"": null, ""relationship_pace"": null, ""relationship_structure"": 13, ""relocate"": null, ""schedule"": 13, ""smoking"": 13, ""space_for_relationship"": null, ""wants_children"": 13, ""who_to_meet"": 13}"
syn_81b6dc556725bb103d0ca09df52049ea,public_08,33,woman,zone_a,True,synthetic_questionnaire,True,0,,,,,,,,,,,,monogamous,,,no,,,,not_asked,not_asked,not_asked,not_asked,not_asked,declined,not_asked,not_asked,not_asked,not_asked,not_asked,observed,not_asked,not_asked,observed,not_asked,not_asked,not_asked,,,,,,,,,,,,0,,,0,,,,"{""acceptable_zones"": null, ""age_max"": null, ""age_min"": null, ""conversations"": null, ""emotional_availability"": null, ""has_children"": null, ""lifestyle"": null, ""partner_children"": null, ""partner_smoking"": null, ""relationship_goal"": null, ""relationship_pace"": null, ""relationship_structure"": ""monogamous"", ""relocate"": null, ""schedule"": null, ""smoking"": ""no"", ""space_for_relationship"": null, ""wants_children"": null, ""who_to_meet"": null}","{""acceptable_zones"": ""not_asked"", ""age_max"": ""not_asked"", ""age_min"": ""not_asked"", ""conversations"": ""not_asked"", ""emotional_availability"": ""not_asked"", ""has_children"": ""declined"", ""lifestyle"": ""not_asked"", ""partner_children"": ""not_asked"", ""partner_smoking"": ""not_asked"", ""relationship_goal"": ""not_asked"", ""relationship_pace"": ""not_asked"", ""relationship_structure"": ""observed"", ""relocate"": ""not_asked"", ""schedule"": ""not_asked"", ""smoking"": ""observed"", ""space_for_relationship"": ""not_asked"", ""wants_children"": ""not_asked"", ""who_to_meet"": ""not_asked""}","{""acceptable_zones"": null, ""age_max"": null, ""age_min"": null, ""conversations"": null, ""emotional_availability"": null, ""has_children"": null, ""lifestyle"": null, ""partner_children"": null, ""partner_smoking"": null, ""relationship_goal"": null, ""relationship_pace"": null, ""relationship_structure"": 0, ""relocate"": null, ""schedule"": null, ""smoking"": 0, ""space_for_relationship"": null, ""wants_children"": null, ""who_to_meet"": null}"
syn_ac908e117263d182ba1667043439b10a,public_08,37,woman,zone_a,False,synthetic_questionnaire,True,0,"[""zone_a""]",45,28,,,False,,any,no_smoking,,,monogamous,,"[""weekend_day"", ""weekend_evening"", ""weekday_evening""]",no,,no,"[""non_binary"", ""man"", ""woman""]",observed,observed,observed,not_asked,not_asked,observed,not_asked,observed,observed,not_asked,not_asked,observed,not_asked,observed,observed,not_asked,observed,observed,14,14,14,,,14,,14,14,,,14,,14,14,,14,14,"{""acceptable_zones"": [""zone_a""], ""age_max"": 45, ""age_min"": 28, ""conversations"": null, ""emotional_availability"": null, ""has_children"": false, ""lifestyle"": null, ""partner_children"": ""any"", ""partner_smoking"": ""no_smoking"", ""relationship_goal"": null, ""relationship_pace"": null, ""relationship_structure"": ""monogamous"", ""relocate"": null, ""schedule"": [""weekend_day"", ""weekend_evening"", ""weekday_evening""], ""smoking"": ""no"", ""space_for_relationship"": null, ""wants_children"": ""no"", ""who_to_meet"": [""non_binary"", ""man"", ""woman""]}","{""acceptable_zones"": ""observed"", ""age_max"": ""observed"", ""age_min"": ""observed"", ""conversations"": ""not_asked"", ""emotional_availability"": ""not_asked"", ""has_children"": ""observed"", ""lifestyle"": ""not_asked"", ""partner_children"": ""observed"", ""partner_smoking"": ""observed"", ""relationship_goal"": ""not_asked"", ""relationship_pace"": ""not_asked"", ""relationship_structure"": ""observed"", ""relocate"": ""not_asked"", ""schedule"": ""observed"", ""smoking"": ""observed"", ""space_for_relationship"": ""not_asked"", ""wants_children"": ""observed"", ""who_to_meet"": ""observed""}","{""acceptable_zones"": 14, ""age_max"": 14, ""age_min"": 14, ""conversations"": null, ""emotional_availability"": null, ""has_children"": 14, ""lifestyle"": null, ""partner_children"": 14, ""partner_smoking"": 14, ""relationship_goal"": null, ""relationship_pace"": null, ""relationship_structure"": 14, ""relocate"": null, ""schedule"": 14, ""smoking"": 14, ""space_for_relationship"": null, ""wants_children"": 14, ""who_to_meet"": 14}"
syn_d9cf6a9463b3e7d2c256003a743c9554,public_08,41,man,zone_c,True,synthetic_questionnaire,True,20,"[""zone_c""]",,,,,,quiet,,,,,,,,,,,,observed,not_asked,not_asked,declined,not_asked,not_asked,observed,not_asked,not_asked,not_asked,not_asked,not_asked,not_asked,declined,not_asked,declined,not_asked,not_asked,20,,,,,,20,,,,,,,,,,,,"{""acceptable_zones"": [""zone_c""], ""age_max"": null, ""age_min"": null, ""conversations"": null, ""emotional_availability"": null, ""has_children"": null, ""lifestyle"": ""quiet"", ""partner_children"": null, ""partner_smoking"": null, ""relationship_goal"": null, ""relationship_pace"": null, ""relationship_structure"": null, ""relocate"": null, ""schedule"": null, ""smoking"": null, ""space_for_relationship"": null, ""wants_children"": null, ""who_to_meet"": null}","{""acceptable_zones"": ""observed"", ""age_max"": ""not_asked"", ""age_min"": ""not_asked"", ""conversations"": ""declined"", ""emotional_availability"": ""not_asked"", ""has_children"": ""not_asked"", ""lifestyle"": ""observed"", ""partner_children"": ""not_asked"", ""partner_smoking"": ""not_asked"", ""relationship_goal"": ""not_asked"", ""relationship_pace"": ""not_asked"", ""relationship_structure"": ""not_asked"", ""relocate"": ""not_asked"", ""schedule"": ""declined"", ""smoking"": ""not_asked"", ""space_for_relationship"": ""declined"", ""wants_children"": ""not_asked"", ""who_to_meet"": ""not_asked""}","{""acceptable_zones"": 20, ""age_max"": null, ""age_min"": null, ""conversations"": null, ""emotional_availability"": null, ""has_children"": null, ""lifestyle"": 20, ""partner_children"": null, ""partner_smoking"": null, ""relationship_goal"": null, ""relationship_pace"": null, ""relationship_structure"": null, ""relocate"": null, ""schedule"": null, ""smoking"": null, ""space_for_relationship"": null, ""wants_children"": null, ""who_to_meet"": null}"
syn_ade85ea94873bbf3448c74a619d69d4f,public_08,46,woman,zone_a,True,synthetic_questionnaire,True,0,"[""zone_a""]",55,41,,ready,False,,no_children,any,,,monogamous,,"[""weekend_evening""]",no,,no,"[""woman""]",observed,observed,observed,not_asked,observed,observed,not_asked,observed,observed,declined,not_asked,observed,not_asked,observed,observed,not_asked,observed,observed,14,14,14,,0,14,,14,14,,,14,,14,14,,14,14,"{""acceptable_zones"": [""zone_a""], ""age_max"": 55, ""age_min"": 41, ""conversations"": null, ""emotional_availability"": ""ready"", ""has_children"": false, ""lifestyle"": null, ""partner_children"": ""no_children"", ""partner_smoking"": ""any"", ""relationship_goal"": null, ""relationship_pace"": null, ""relationship_structure"": ""monogamous"", ""relocate"": null, ""schedule"": [""weekend_evening""], ""smoking"": ""no"", ""space_for_relationship"": null, ""wants_children"": ""no"", ""who_to_meet"": [""woman""]}","{""acceptable_zones"": ""observed"", ""age_max"": ""observed"", ""age_min"": ""observed"", ""conversations"": ""not_asked"", ""emotional_availability"": ""observed"", ""has_children"": ""observed"", ""lifestyle"": ""not_asked"", ""partner_children"": ""observed"", ""partner_smoking"": ""observed"", ""relationship_goal"": ""declined"", ""relationship_pace"": ""not_asked"", ""relationship_structure"": ""observed"", ""relocate"": ""not_asked"", ""schedule"": ""observed"", ""smoking"": ""observed"", ""space_for_relationship"": ""not_asked"", ""wants_children"": ""observed"", ""who_to_meet"": ""observed""}","{""acceptable_zones"": 14, ""age_max"": 14, ""age_min"": 14, ""conversations"": null, ""emotional_availability"": 0, ""has_children"": 14, ""lifestyle"": null, ""partner_children"": 14, ""partner_smoking"": 14, ""relationship_goal"": null, ""relationship_pace"": null, ""relationship_structure"": 14, ""relocate"": null, ""schedule"": 14, ""smoking"": 14, ""space_for_relationship"": null, ""wants_children"": 14, ""who_to_meet"": 14}"
syn_cb02a4a051bb050189ec710cb46a2e8a,public_08,24,man,zone_d,True,synthetic_questionnaire,True,0,"[""zone_d""]",34,21,,,False,,any,no_smoking,,,monogamous,,"[""weekend_day"", ""weekday_evening"", ""weekend_evening""]",no,,yes,"[""man""]",observed,observed,observed,not_asked,not_asked,observed,not_asked,observed,observed,declined,declined,observed,not_asked,observed,observed,not_asked,observed,observed,14,14,14,,,14,,14,14,,,14,,14,14,,14,14,"{""acceptable_zones"": [""zone_d""], ""age_max"": 34, ""age_min"": 21, ""conversations"": null, ""emotional_availability"": null, ""has_children"": false, ""lifestyle"": null, ""partner_children"": ""any"", ""partner_smoking"": ""no_smoking"", ""relationship_goal"": null, ""relationship_pace"": null, ""relationship_structure"": ""monogamous"", ""relocate"": null, ""schedule"": [""weekend_day"", ""weekday_evening"", ""weekend_evening""], ""smoking"": ""no"", ""space_for_relationship"": null, ""wants_children"": ""yes"", ""who_to_meet"": [""man""]}","{""acceptable_zones"": ""observed"", ""age_max"": ""observed"", ""age_min"": ""observed"", ""conversations"": ""not_asked"", ""emotional_availability"": ""not_asked"", ""has_children"": ""observed"", ""lifestyle"": ""not_asked"", ""partner_children"": ""observed"", ""partner_smoking"": ""observed"", ""relationship_goal"": ""declined"", ""relationship_pace"": ""declined"", ""relationship_structure"": ""observed"", ""relocate"": ""not_asked"", ""schedule"": ""observed"", ""smoking"": ""observed"", ""space_for_relationship"": ""not_asked"", ""wants_children"": ""observed"", ""who_to_meet"": ""observed""}","{""acceptable_zones"": 14, ""age_max"": 14, ""age_min"": 14, ""conversations"": null, ""emotional_availability"": null, ""has_children"": 14, ""lifestyle"": null, ""partner_children"": 14, ""partner_smoking"": 14, ""relationship_goal"": null, ""relationship_pace"": null, ""relationship_structure"": 14, ""relocate"": null, ""schedule"": 14, ""smoking"": 14, ""space_for_relationship"": null, ""wants_children"": 14, ""who_to_meet"": 14}"
syn_f3c121acdc4afa0b749b279fce60ae7b,public_08,34,woman,zone_a,False,synthetic_questionnaire,True,0,"[""zone_a""]",40,24,ideas,ready,False,mixed,any,no_smoking,exploring,steady,monogamous,yes,"[""weekend_evening"", ""weekend_day""]",no,moderate,unsure,"[""woman"", ""non_binary""]",observed,observed,observed,observed,observed,observed,observed,observed,observed,observed,observed,observed,observed,observed,observed,observed,observed,observed,0,0,0,0,0,0,0,0,0,0,0,0,0,0,0,0,0,0,"{""acceptable_zones"": [""zone_a""], ""age_max"": 40, ""age_min"": 24, ""conversations"": ""ideas"", ""emotional_availability"": ""ready"", ""has_children"": false, ""lifestyle"": ""mixed"", ""partner_children"": ""any"", ""partner_smoking"": ""no_smoking"", ""relationship_goal"": ""exploring"", ""relationship_pace"": ""steady"", ""relationship_structure"": ""monogamous"", ""relocate"": ""yes"", ""schedule"": [""weekend_evening"", ""weekend_day""], ""smoking"": ""no"", ""space_for_relationship"": ""moderate"", ""wants_children"": ""unsure"", ""who_to_meet"": [""woman"", ""non_binary""]}","{""acceptable_zones"": ""observed"", ""age_max"": ""observed"", ""age_min"": ""observed"", ""conversations"": ""observed"", ""emotional_availability"": ""observed"", ""has_children"": ""observed"", ""lifestyle"": ""observed"", ""partner_children"": ""observed"", ""partner_smoking"": ""observed"", ""relationship_goal"": ""observed"", ""relationship_pace"": ""observed"", ""relationship_structure"": ""observed"", ""relocate"": ""observed"", ""schedule"": ""observed"", ""smoking"": ""observed"", ""space_for_relationship"": ""observed"", ""wants_children"": ""observed"", ""who_to_meet"": ""observed""}","{""acceptable_zones"": 0, ""age_max"": 0, ""age_min"": 0, ""conversations"": 0, ""emotional_availability"": 0, ""has_children"": 0, ""lifestyle"": 0, ""partner_children"": 0, ""partner_smoking"": 0, ""relationship_goal"": 0, ""relationship_pace"": 0, ""relationship_structure"": 0, ""relocate"": 0, ""schedule"": 0, ""smoking"": 0, ""space_for_relationship"": 0, ""wants_children"": 0, ""who_to_meet"": 0}"
