member_id,age,gender,city,synthetic,qa_age_range,qa_conversations,qa_emotional_availability,qa_gender,qa_has_children,qa_lifestyle,qa_location,qa_partner_children,qa_partner_smoking,qa_relationship_goal,qa_relationship_pace,qa_relationship_structure,qa_relocate,qa_schedule,qa_smoking,qa_space_for_relationship,qa_wants_children,qa_who_to_meet,questionnaire_answers_json
syn_5acbe650d38a1821d0daec8e3a7b0649,23,woman,zone_b,True,18-28,playful,ready,woman,No,social,zone_b,Prefer not to,Not compatible for me,long_term,steady,Monogamous,unsure,"weekday_evening, weekend_evening, weekend_day",Occasionally,limited,I would like children,"non-binary people, women","{""age_range"": ""18-28"", ""conversations"": ""playful"", ""emotional_availability"": ""ready"", ""gender"": ""woman"", ""has_children"": ""No"", ""lifestyle"": ""social"", ""location"": ""zone_b"", ""partner_children"": ""Prefer not to"", ""partner_smoking"": ""Not compatible for me"", ""relationship_goal"": ""long_term"", ""relationship_pace"": ""steady"", ""relationship_structure"": ""Monogamous"", ""relocate"": ""unsure"", ""schedule"": ""weekday_evening, weekend_evening, weekend_day"", ""smoking"": ""Occasionally"", ""space_for_relationship"": ""limited"", ""wants_children"": ""I would like children"", ""who_to_meet"": ""non-binary people, women""}"
syn_ed4e7eb482d418640963dbcdfcf4c470,21,woman,zone_b,True,18-24,ideas,taking_time,woman,No,quiet,zone_b,Prefer not to,Open to it,exploring,quick,Monogamous,no,weekend_evening,No,limited,I would like children,men,"{""age_range"": ""18-24"", ""conversations"": ""ideas"", ""emotional_availability"": ""taking_time"", ""gender"": ""woman"", ""has_children"": ""No"", ""lifestyle"": ""quiet"", ""location"": ""zone_b"", ""partner_children"": ""Prefer not to"", ""partner_smoking"": ""Open to it"", ""relationship_goal"": ""exploring"", ""relationship_pace"": ""quick"", ""relationship_structure"": ""Monogamous"", ""relocate"": ""no"", ""schedule"": ""weekend_evening"", ""smoking"": ""No"", ""space_for_relationship"": ""limited"", ""wants_children"": ""I would like children"", ""who_to_meet"": ""men""}"
syn_796c9c2477746fd33b82191fdfe78612,27,woman,zone_a,True,,,,woman,,,zone_a,,,,steady,,,,,limited,,,"{""gender"": ""woman"", ""location"": ""zone_a"", ""relationship_pace"": ""steady"", ""space_for_relationship"": ""limited""}"
syn_b7189cec127fd9b575ec557d09c17ff0,44,woman,zone_a,True,35-51,,,woman,Yes,,zone_a,Prefer not to,Open to it,,,Monogamous,,"weekend_evening, weekend_day, weekday_evening",No,,Unsure,men,"{""age_range"": ""35-51"", ""gender"": ""woman"", ""has_children"": ""Yes"", ""location"": ""zone_a"", ""partner_children"": ""Prefer not to"", ""partner_smoking"": ""Open to it"", ""relationship_structure"": ""Monogamous"", ""schedule"": ""weekend_evening, weekend_day, weekday_evening"", ""smoking"": ""No"", ""wants_children"": ""Unsure"", ""who_to_meet"": ""men""}"
syn_ffe1a1dc70e28184043b6405f6aff1fa,41,man,zone_b,True,,,,man,,,zone_b,,,,,,no,,,,,,"{""gender"": ""man"", ""location"": ""zone_b"", ""relocate"": ""no""}"
syn_981275ffbb7478bb785412a106287375,38,woman,zone_c,True,,,,woman,,,zone_c,,,,,,,,,moderate,,,"{""gender"": ""woman"", ""location"": ""zone_c"", ""space_for_relationship"": ""moderate""}"
syn_143c0778852901795c46c1f373c65c3c,33,man,zone_a,True,27-40,playful,taking_time,man,No,quiet,zone_a,Open to it,Not compatible for me,long_term,slow,Monogamous,unsure,"weekend_evening, weekend_day, weekday_evening",Occasionally,moderate,I do not want children,women,"{""age_range"": ""27-40"", ""conversations"": ""playful"", ""emotional_availability"": ""taking_time"", ""gender"": ""man"", ""has_children"": ""No"", ""lifestyle"": ""quiet"", ""location"": ""zone_a"", ""partner_children"": ""Open to it"", ""partner_smoking"": ""Not compatible for me"", ""relationship_goal"": ""long_term"", ""relationship_pace"": ""slow"", ""relationship_structure"": ""Monogamous"", ""relocate"": ""unsure"", ""schedule"": ""weekend_evening, weekend_day, weekday_evening"", ""smoking"": ""Occasionally"", ""space_for_relationship"": ""moderate"", ""wants_children"": ""I do not want children"", ""who_to_meet"": ""women""}"
syn_46409215425ee058834d4beb862e24fb,38,non_binary,zone_a,True,35-48,playful,taking_time,non_binary,No,quiet,zone_a,Open to it,Not compatible for me,long_term,steady,Monogamous,no,"weekday_evening, weekend_evening",No,ample,I would like children,non-binary people,"{""age_range"": ""35-48"", ""conversations"": ""playful"", ""emotional_availability"": ""taking_time"", ""gender"": ""non_binary"", ""has_children"": ""No"", ""lifestyle"": ""quiet"", ""location"": ""zone_a"", ""partner_children"": ""Open to it"", ""partner_smoking"": ""Not compatible for me"", ""relationship_goal"": ""long_term"", ""relationship_pace"": ""steady"", ""relationship_structure"": ""Monogamous"", ""relocate"": ""no"", ""schedule"": ""weekday_evening, weekend_evening"", ""smoking"": ""No"", ""space_for_relationship"": ""ample"", ""wants_children"": ""I would like children"", ""who_to_meet"": ""non-binary people""}"
syn_db4acd6c6260e792af03a15364bca244,33,man,zone_c,True,29-40,ideas,ready,man,No,social,zone_c,Open to it,Not compatible for me,long_term,slow,Monogamous,unsure,weekend_day,Occasionally,limited,Unsure,men,"{""age_range"": ""29-40"", ""conversations"": ""ideas"", ""emotional_availability"": ""ready"", ""gender"": ""man"", ""has_children"": ""No"", ""lifestyle"": ""social"", ""location"": ""zone_c"", ""partner_children"": ""Open to it"", ""partner_smoking"": ""Not compatible for me"", ""relationship_goal"": ""long_term"", ""relationship_pace"": ""slow"", ""relationship_structure"": ""Monogamous"", ""relocate"": ""unsure"", ""schedule"": ""weekend_day"", ""smoking"": ""Occasionally"", ""space_for_relationship"": ""limited"", ""wants_children"": ""Unsure"", ""who_to_meet"": ""men""}"
syn_1e9c40174de309ddf3be76153dfef886,42,man,zone_a,True,39-51,,,man,Yes,,zone_a,Prefer not to,Not compatible for me,,,Monogamous,,"weekend_evening, weekend_day",No,,I would like children,non-binary people,"{""age_range"": ""39-51"", ""gender"": ""man"", ""has_children"": ""Yes"", ""location"": ""zone_a"", ""partner_children"": ""Prefer not to"", ""partner_smoking"": ""Not compatible for me"", ""relationship_structure"": ""Monogamous"", ""schedule"": ""weekend_evening, weekend_day"", ""smoking"": ""No"", ""wants_children"": ""I would like children"", ""who_to_meet"": ""non-binary people""}"
syn_bc9fbd2b360e431d5f0f50a8af6f49d1,25,man,zone_a,True,18-33,,,man,No,,zone_a,Open to it,Not compatible for me,long_term,steady,Monogamous,no,"weekend_day, weekday_evening",No,,I would like children,non-binary people,"{""age_range"": ""18-33"", ""gender"": ""man"", ""has_children"": ""No"", ""location"": ""zone_a"", ""partner_children"": ""Open to it"", ""partner_smoking"": ""Not compatible for me"", ""relationship_goal"": ""long_term"", ""relationship_pace"": ""steady"", ""relationship_structure"": ""Monogamous"", ""relocate"": ""no"", ""schedule"": ""weekend_day, weekday_evening"", ""smoking"": ""No"", ""wants_children"": ""I would like children"", ""who_to_meet"": ""non-binary people""}"
syn_d311bc5258724467c67d187273bc43ea,37,man,zone_b,True,,,,man,,,zone_b,,,,,,,,No,,,,"{""gender"": ""man"", ""location"": ""zone_b"", ""smoking"": ""No""}"
syn_6b260c3f68402193a6138919aeb018d2,34,woman,zone_a,True,26-44,,,woman,Yes,,zone_a,Open to it,Not compatible for me,,,Monogamous,,"weekday_evening, weekend_day",No,,I would like children,women,"{""age_range"": ""26-44"", ""gender"": ""woman"", ""has_children"": ""Yes"", ""location"": ""zone_a"", ""partner_children"": ""Open to it"", ""partner_smoking"": ""Not compatible for me"", ""relationship_structure"": ""Monogamous"", ""schedule"": ""weekday_evening, weekend_day"", ""smoking"": ""No"", ""wants_children"": ""I would like children"", ""who_to_meet"": ""women""}"
syn_bc3e3dd9e610f359b070f731bb9c367a,22,woman,zone_a,True,18-30,,,woman,No,mixed,zone_a,Prefer not to,Open to it,,,Monogamous,,weekend_day,No,,I would like children,women,"{""age_range"": ""18-30"", ""gender"": ""woman"", ""has_children"": ""No"", ""lifestyle"": ""mixed"", ""location"": ""zone_a"", ""partner_children"": ""Prefer not to"", ""partner_smoking"": ""Open to it"", ""relationship_structure"": ""Monogamous"", ""schedule"": ""weekend_day"", ""smoking"": ""No"", ""wants_children"": ""I would like children"", ""who_to_meet"": ""women""}"
syn_858f693d4dc04c5e564c4ca6914de36d,31,non_binary,zone_a,True,28-37,ideas,taking_time,non_binary,Yes,social,zone_a,Prefer not to,Open to it,exploring,slow,Monogamous,unsure,"weekend_day, weekend_evening, weekday_evening",No,limited,Unsure,non-binary people,"{""age_range"": ""28-37"", ""conversations"": ""ideas"", ""emotional_availability"": ""taking_time"", ""gender"": ""non_binary"", ""has_children"": ""Yes"", ""lifestyle"": ""social"", ""location"": ""zone_a"", ""partner_children"": ""Prefer not to"", ""partner_smoking"": ""Open to it"", ""relationship_goal"": ""exploring"", ""relationship_pace"": ""slow"", ""relationship_structure"": ""Monogamous"", ""relocate"": ""unsure"", ""schedule"": ""weekend_day, weekend_evening, weekday_evening"", ""smoking"": ""No"", ""space_for_relationship"": ""limited"", ""wants_children"": ""Unsure"", ""who_to_meet"": ""non-binary people""}"
syn_30b5de8befc10b42555a7671fc9e2ece,24,woman,zone_a,True,,,,woman,,,zone_a,,,,,,,,,,,,"{""gender"": ""woman"", ""location"": ""zone_a""}"
syn_68048de1eba321da254e2b084c370e73,35,man,zone_a,True,31-39,stories,taking_time,man,No,social,zone_a,Prefer not to,Open to it,long_term,quick,Monogamous,yes,weekday_evening,No,moderate,I do not want children,women,"{""age_range"": ""31-39"", ""conversations"": ""stories"", ""emotional_availability"": ""taking_time"", ""gender"": ""man"", ""has_children"": ""No"", ""lifestyle"": ""social"", ""location"": ""zone_a"", ""partner_children"": ""Prefer not to"", ""partner_smoking"": ""Open to it"", ""relationship_goal"": ""long_term"", ""relationship_pace"": ""quick"", ""relationship_structure"": ""Monogamous"", ""relocate"": ""yes"", ""schedule"": ""weekday_evening"", ""smoking"": ""No"", ""space_for_relationship"": ""moderate"", ""wants_children"": ""I do not want children"", ""who_to_meet"": ""women""}"
syn_a0799ea27a26309ab48700433516ef6a,23,woman,zone_a,True,,stories,,woman,,,zone_a,,,,,,unsure,,,,,,"{""conversations"": ""stories"", ""gender"": ""woman"", ""location"": ""zone_a"", ""relocate"": ""unsure""}"
syn_ddfa6c6f9827bdad5532aae15a6e6be8,41,woman,zone_c,True,,,,woman,,,zone_c,,Not compatible for me,,,,,,,,I would like children,,"{""gender"": ""woman"", ""location"": ""zone_c"", ""partner_smoking"": ""Not compatible for me"", ""wants_children"": ""I would like children""}"
syn_5b77bd2c13b6c9a0b0cea1fc559fb301,25,man,zone_a,True,,,,man,,,zone_a,Open to it,Open to it,,,,,,,,,,"{""gender"": ""man"", ""location"": ""zone_a"", ""partner_children"": ""Open to it"", ""partner_smoking"": ""Open to it""}"
syn_ca77b0f9f23e42d68751a89b1159dd35,33,woman,zone_a,True,,,,woman,,quiet,zone_a,,,,,,,,,,,,"{""gender"": ""woman"", ""lifestyle"": ""quiet"", ""location"": ""zone_a""}"
syn_c0f02141a44746e6db4abcc8f0fc4362,39,woman,zone_c,True,31-48,,,woman,No,,zone_c,Prefer not to,Not compatible for me,long_term,,Monogamous,yes,weekend_day,No,,I do not want children,non-binary people,"{""age_range"": ""31-48"", ""gender"": ""woman"", ""has_children"": ""No"", ""location"": ""zone_c"", ""partner_children"": ""Prefer not to"", ""partner_smoking"": ""Not compatible for me"", ""relationship_goal"": ""long_term"", ""relationship_structure"": ""Monogamous"", ""relocate"": ""yes"", ""schedule"": ""weekend_day"", ""smoking"": ""No"", ""wants_children"": ""I do not want children"", ""who_to_meet"": ""non-binary people""}"
syn_cad6e37bd1d9e0bc49cf018a5f0627bb,31,man,zone_b,True,27-38,,,man,No,,zone_b,Prefer not to,Open to it,,,Monogamous,,"weekday_evening, weekend_day, weekend_evening",Occasionally,,I do not want children,"men, women","{""age_range"": ""27-38"", ""gender"": ""man"", ""has_children"": ""No"", ""location"": ""zone_b"", ""partner_children"": ""Prefer not to"", ""partner_smoking"": ""Open to it"", ""relationship_structure"": ""Monogamous"", ""schedule"": ""weekday_evening, weekend_day, weekend_evening"", ""smoking"": ""Occasionally"", ""wants_children"": ""I do not want children"", ""who_to_meet"": ""men, women""}"
syn_670635a62c76432bca45c623e3e58c9c,34,woman,zone_c,True,,,,woman,No,,zone_c,,,,,,,,Occasionally,,,,"{""gender"": ""woman"", ""has_children"": ""No"", ""location"": ""zone_c"", ""smoking"": ""Occasionally""}"
syn_585e804fe1bce1931439a37ab424921c,36,non_binary,zone_c,True,,,,non_binary,No,,zone_c,,,,,,yes,,No,,,,"{""gender"": ""non_binary"", ""has_children"": ""No"", ""location"": ""zone_c"", ""relocate"": ""yes"", ""smoking"": ""No""}"
syn_4569b9ec65aeb2796c3a867e4a7d2e20,24,man,zone_a,True,18-30,playful,ready,man,No,mixed,zone_a,Open to it,Open to it,exploring,steady,Monogamous,yes,"weekday_evening, weekend_day, weekend_evening",No,ample,I would like children,non-binary people,"{""age_range"": ""18-30"", ""conversations"": ""playful"", ""emotional_availability"": ""ready"", ""gender"": ""man"", ""has_children"": ""No"", ""lifestyle"": ""mixed"", ""location"": ""zone_a"", ""partner_children"": ""Open to it"", ""partner_smoking"": ""Open to it"", ""relationship_goal"": ""exploring"", ""relationship_pace"": ""steady"", ""relationship_structure"": ""Monogamous"", ""relocate"": ""yes"", ""schedule"": ""weekday_evening, weekend_day, weekend_evening"", ""smoking"": ""No"", ""space_for_relationship"": ""ample"", ""wants_children"": ""I would like children"", ""who_to_meet"": ""non-binary people""}"
syn_8fff8b8f55779b7f42f7fb75a1e1af9f,31,woman,zone_a,True,25-37,playful,ready,woman,No,mixed,zone_a,Open to it,Not compatible for me,long_term,steady,Monogamous,no,"weekend_day, weekday_evening",Occasionally,moderate,I do not want children,"non-binary people, women","{""age_range"": ""25-37"", ""conversations"": ""playful"", ""emotional_availability"": ""ready"", ""gender"": ""woman"", ""has_children"": ""No"", ""lifestyle"": ""mixed"", ""location"": ""zone_a"", ""partner_children"": ""Open to it"", ""partner_smoking"": ""Not compatible for me"", ""relationship_goal"": ""long_term"", ""relationship_pace"": ""steady"", ""relationship_structure"": ""Monogamous"", ""relocate"": ""no"", ""schedule"": ""weekend_day, weekday_evening"", ""smoking"": ""Occasionally"", ""space_for_relationship"": ""moderate"", ""wants_children"": ""I do not want children"", ""who_to_meet"": ""non-binary people, women""}"
syn_143223feec0ef80e4f2baf284187005e,22,woman,zone_b,True,,,,woman,,,zone_b,,,,,,no,,,,,,"{""gender"": ""woman"", ""location"": ""zone_b"", ""relocate"": ""no""}"
syn_9c526f3d5f791d337ca8e6ac45bb1f25,36,man,zone_a,True,31-40,playful,taking_time,man,No,quiet,zone_a,Prefer not to,Open to it,long_term,slow,Monogamous,no,"weekday_evening, weekend_evening",No,limited,I do not want children,men,"{""age_range"": ""31-40"", ""conversations"": ""playful"", ""emotional_availability"": ""taking_time"", ""gender"": ""man"", ""has_children"": ""No"", ""lifestyle"": ""quiet"", ""location"": ""zone_a"", ""partner_children"": ""Prefer not to"", ""partner_smoking"": ""Open to it"", ""relationship_goal"": ""long_term"", ""relationship_pace"": ""slow"", ""relationship_structure"": ""Monogamous"", ""relocate"": ""no"", ""schedule"": ""weekday_evening, weekend_evening"", ""smoking"": ""No"", ""space_for_relationship"": ""limited"", ""wants_children"": ""I do not want children"", ""who_to_meet"": ""men""}"
syn_23f23d1ae9a94c654773bd477be4937e,35,woman,zone_a,True,28-42,,,woman,No,,zone_a,Open to it,Open to it,,,Monogamous,unsure,"weekend_day, weekday_evening",Occasionally,,Unsure,"non-binary people, women","{""age_range"": ""28-42"", ""gender"": ""woman"", ""has_children"": ""No"", ""location"": ""zone_a"", ""partner_children"": ""Open to it"", ""partner_smoking"": ""Open to it"", ""relationship_structure"": ""Monogamous"", ""relocate"": ""unsure"", ""schedule"": ""weekend_day, weekday_evening"", ""smoking"": ""Occasionally"", ""wants_children"": ""Unsure"", ""who_to_meet"": ""non-binary people, women""}"
syn_c4700d0fc84da082e5eea1e9a2e26618,28,woman,zone_b,True,21-37,,,woman,,,zone_b,,,,,,yes,,,,,,"{""age_range"": ""21-37"", ""gender"": ""woman"", ""location"": ""zone_b"", ""relocate"": ""yes""}"
syn_72a1a9cbd89d3b0ef3b544c818185db2,45,man,zone_b,True,39-53,,,man,No,,zone_b,Open to it,Not compatible for me,,,Monogamous,,weekend_evening,No,,I would like children,women,"{""age_range"": ""39-53"", ""gender"": ""man"", ""has_children"": ""No"", ""location"": ""zone_b"", ""partner_children"": ""Open to it"", ""partner_smoking"": ""Not compatible for me"", ""relationship_structure"": ""Monogamous"", ""schedule"": ""weekend_evening"", ""smoking"": ""No"", ""wants_children"": ""I would like children"", ""who_to_meet"": ""women""}"
syn_b73d6268ee2e2f9a2e26941083c54fce,40,woman,zone_a,True,,,,woman,,,zone_a,,,,,Monogamous,,,,,,,"{""gender"": ""woman"", ""location"": ""zone_a"", ""relationship_structure"": ""Monogamous""}"
syn_c86c02e5edfd6e7429f95f845b57aa6b,36,non_binary,zone_c,True,28-39,stories,taking_time,non_binary,No,mixed,zone_c,Open to it,Not compatible for me,long_term,quick,Monogamous,no,weekday_evening,No,ample,Unsure,men,"{""age_range"": ""28-39"", ""conversations"": ""stories"", ""emotional_availability"": ""taking_time"", ""gender"": ""non_binary"", ""has_children"": ""No"", ""lifestyle"": ""mixed"", ""location"": ""zone_c"", ""partner_children"": ""Open to it"", ""partner_smoking"": ""Not compatible for me"", ""relationship_goal"": ""long_term"", ""relationship_pace"": ""quick"", ""relationship_structure"": ""Monogamous"", ""relocate"": ""no"", ""schedule"": ""weekday_evening"", ""smoking"": ""No"", ""space_for_relationship"": ""ample"", ""wants_children"": ""Unsure"", ""who_to_meet"": ""men""}"
syn_6e5fd30f8a9329e37442ce77046435af,36,man,zone_b,True,,,,man,,,zone_b,Prefer not to,,,,,,,,ample,,,"{""gender"": ""man"", ""location"": ""zone_b"", ""partner_children"": ""Prefer not to"", ""space_for_relationship"": ""ample""}"
syn_c194fd7da94bd493ca0fbb7af9292f87,40,woman,zone_a,True,33-46,ideas,taking_time,woman,No,mixed,zone_a,Prefer not to,Open to it,long_term,steady,Monogamous,unsure,weekend_day,No,moderate,I do not want children,women,"{""age_range"": ""33-46"", ""conversations"": ""ideas"", ""emotional_availability"": ""taking_time"", ""gender"": ""woman"", ""has_children"": ""No"", ""lifestyle"": ""mixed"", ""location"": ""zone_a"", ""partner_children"": ""Prefer not to"", ""partner_smoking"": ""Open to it"", ""relationship_goal"": ""long_term"", ""relationship_pace"": ""steady"", ""relationship_structure"": ""Monogamous"", ""relocate"": ""unsure"", ""schedule"": ""weekend_day"", ""smoking"": ""No"", ""space_for_relationship"": ""moderate"", ""wants_children"": ""I do not want children"", ""who_to_meet"": ""women""}"
syn_b8f0cd4732fcc1ff2d159d7072e30812,43,man,zone_c,True,38-52,,,man,No,,zone_c,Prefer not to,Open to it,,,Monogamous,,weekend_evening,No,,Unsure,women,"{""age_range"": ""38-52"", ""gender"": ""man"", ""has_children"": ""No"", ""location"": ""zone_c"", ""partner_children"": ""Prefer not to"", ""partner_smoking"": ""Open to it"", ""relationship_structure"": ""Monogamous"", ""schedule"": ""weekend_evening"", ""smoking"": ""No"", ""wants_children"": ""Unsure"", ""who_to_meet"": ""women""}"
syn_cd5f026e7a1e6aa931fc5f43bde3d0ae,37,woman,zone_a,True,,,ready,woman,,,zone_a,,,,,,,,,,,"men, women","{""emotional_availability"": ""ready"", ""gender"": ""woman"", ""location"": ""zone_a"", ""who_to_meet"": ""men, women""}"
syn_8cce995176d98b8b6646897cf0f53a9d,37,man,zone_c,True,,,ready,man,,,zone_c,,,,,,,,No,,,,"{""emotional_availability"": ""ready"", ""gender"": ""man"", ""location"": ""zone_c"", ""smoking"": ""No""}"
syn_e3d51d88f0ee0846012f3b2a14a103bf,34,man,zone_a,True,,,taking_time,man,,,zone_a,,,,slow,,,,,,,,"{""emotional_availability"": ""taking_time"", ""gender"": ""man"", ""location"": ""zone_a"", ""relationship_pace"": ""slow""}"
syn_1b66924385a0aad575019733a44f6d3e,23,woman,zone_a,True,,,,woman,,social,zone_a,,,,,,,,,,,,"{""gender"": ""woman"", ""lifestyle"": ""social"", ""location"": ""zone_a""}"
syn_a837e0319658e86fe58b2e5d519903e4,34,man,zone_a,True,,,,man,,,zone_a,,,,,,,,,,,,"{""gender"": ""man"", ""location"": ""zone_a""}"
syn_5f6c29836e0388e7c42b3d18e524a667,21,woman,zone_b,True,18-24,stories,taking_time,woman,No,mixed,zone_b,Open to it,Open to it,long_term,steady,Ethically non-monogamous,no,"weekend_evening, weekend_day",No,moderate,Unsure,men,"{""age_range"": ""18-24"", ""conversations"": ""stories"", ""emotional_availability"": ""taking_time"", ""gender"": ""woman"", ""has_children"": ""No"", ""lifestyle"": ""mixed"", ""location"": ""zone_b"", ""partner_children"": ""Open to it"", ""partner_smoking"": ""Open to it"", ""relationship_goal"": ""long_term"", ""relationship_pace"": ""steady"", ""relationship_structure"": ""Ethically non-monogamous"", ""relocate"": ""no"", ""schedule"": ""weekend_evening, weekend_day"", ""smoking"": ""No"", ""space_for_relationship"": ""moderate"", ""wants_children"": ""Unsure"", ""who_to_meet"": ""men""}"
syn_7d44ad51b3b123e8de3dee7e37f7f324,23,man,zone_b,True,20-30,playful,ready,man,No,mixed,zone_b,Prefer not to,Open to it,exploring,quick,Ethically non-monogamous,no,"weekday_evening, weekend_day, weekend_evening",Occasionally,limited,I would like children,men,"{""age_range"": ""20-30"", ""conversations"": ""playful"", ""emotional_availability"": ""ready"", ""gender"": ""man"", ""has_children"": ""No"", ""lifestyle"": ""mixed"", ""location"": ""zone_b"", ""partner_children"": ""Prefer not to"", ""partner_smoking"": ""Open to it"", ""relationship_goal"": ""exploring"", ""relationship_pace"": ""quick"", ""relationship_structure"": ""Ethically non-monogamous"", ""relocate"": ""no"", ""schedule"": ""weekday_evening, weekend_day, weekend_evening"", ""smoking"": ""Occasionally"", ""space_for_relationship"": ""limited"", ""wants_children"": ""I would like children"", ""who_to_meet"": ""men""}"
syn_91edf82d6d948fc6b9255a86bd065059,35,woman,zone_a,True,29-45,stories,taking_time,woman,No,mixed,zone_a,Open to it,Open to it,exploring,slow,Monogamous,unsure,weekend_day,Occasionally,limited,I would like children,women,"{""age_range"": ""29-45"", ""conversations"": ""stories"", ""emotional_availability"": ""taking_time"", ""gender"": ""woman"", ""has_children"": ""No"", ""lifestyle"": ""mixed"", ""location"": ""zone_a"", ""partner_children"": ""Open to it"", ""partner_smoking"": ""Open to it"", ""relationship_goal"": ""exploring"", ""relationship_pace"": ""slow"", ""relationship_structure"": ""Monogamous"", ""relocate"": ""unsure"", ""schedule"": ""weekend_day"", ""smoking"": ""Occasionally"", ""space_for_relationship"": ""limited"", ""wants_children"": ""I would like children"", ""who_to_meet"": ""women""}"
syn_6cf57c56271909b318b18e5932b3f2c7,25,man,zone_d,True,18-28,,,man,No,mixed,zone_d,Prefer not to,Open to it,,steady,Monogamous,,"weekend_day, weekend_evening",No,,I do not want children,non-binary people,"{""age_range"": ""18-28"", ""gender"": ""man"", ""has_children"": ""No"", ""lifestyle"": ""mixed"", ""location"": ""zone_d"", ""partner_children"": ""Prefer not to"", ""partner_smoking"": ""Open to it"", ""relationship_pace"": ""steady"", ""relationship_structure"": ""Monogamous"", ""schedule"": ""weekend_day, weekend_evening"", ""smoking"": ""No"", ""wants_children"": ""I do not want children"", ""who_to_meet"": ""non-binary people""}"
syn_845542023752fea3e0a95d952278eabf,21,woman,zone_a,True,18-29,practical,ready,woman,No,mixed,zone_a,Open to it,Open to it,long_term,steady,Monogamous,unsure,"weekend_evening, weekday_evening, weekend_day",No,ample,Unsure,women,"{""age_range"": ""18-29"", ""conversations"": ""practical"", ""emotional_availability"": ""ready"", ""gender"": ""woman"", ""has_children"": ""No"", ""lifestyle"": ""mixed"", ""location"": ""zone_a"", ""partner_children"": ""Open to it"", ""partner_smoking"": ""Open to it"", ""relationship_goal"": ""long_term"", ""relationship_pace"": ""steady"", ""relationship_structure"": ""Monogamous"", ""relocate"": ""unsure"", ""schedule"": ""weekend_evening, weekday_evening, weekend_day"", ""smoking"": ""No"", ""space_for_relationship"": ""ample"", ""wants_children"": ""Unsure"", ""who_to_meet"": ""women""}"
syn_27dd499b3303858a0bfb437016a44d31,41,woman,zone_a,True,,,,woman,,,zone_a,Prefer not to,,exploring,,,,,,,,,"{""gender"": ""woman"", ""location"": ""zone_a"", ""partner_children"": ""Prefer not to"", ""relationship_goal"": ""exploring""}"
syn_ca316cba7509bebf3cf26dca97244104,42,man,zone_c,True,33-50,ideas,ready,man,No,mixed,zone_c,Open to it,Open to it,exploring,steady,Monogamous,yes,"weekend_evening, weekday_evening",No,moderate,Unsure,women,"{""age_range"": ""33-50"", ""conversations"": ""ideas"", ""emotional_availability"": ""ready"", ""gender"": ""man"", ""has_children"": ""No"", ""lifestyle"": ""mixed"", ""location"": ""zone_c"", ""partner_children"": ""Open to it"", ""partner_smoking"": ""Open to it"", ""relationship_goal"": ""exploring"", ""relationship_pace"": ""steady"", ""relationship_structure"": ""Monogamous"", ""relocate"": ""yes"", ""schedule"": ""weekend_evening, weekday_evening"", ""smoking"": ""No"", ""space_for_relationship"": ""moderate"", ""wants_children"": ""Unsure"", ""who_to_meet"": ""women""}"
syn_3c07c75bfaca888c574a485e5ca7fce0,24,woman,zone_a,True,18-33,,,woman,No,,zone_a,Prefer not to,Not compatible for me,,,Monogamous,,"weekday_evening, weekend_day, weekend_evening",No,,I do not want children,"men, women","{""age_range"": ""18-33"", ""gender"": ""woman"", ""has_children"": ""No"", ""location"": ""zone_a"", ""partner_children"": ""Prefer not to"", ""partner_smoking"": ""Not compatible for me"", ""relationship_structure"": ""Monogamous"", ""schedule"": ""weekday_evening, weekend_day, weekend_evening"", ""smoking"": ""No"", ""wants_children"": ""I do not want children"", ""who_to_meet"": ""men, women""}"
syn_aee99d2c1c02c3ef180feb8da75f2519,41,man,zone_a,True,,,,man,,,zone_a,,,,,,,,,moderate,I would like children,,"{""gender"": ""man"", ""location"": ""zone_a"", ""space_for_relationship"": ""moderate"", ""wants_children"": ""I would like children""}"
syn_36c1018b3e565107e4781665ebe460c3,31,man,zone_a,True,,,,man,,,zone_a,,Open to it,long_term,,,,,,,,,"{""gender"": ""man"", ""location"": ""zone_a"", ""partner_smoking"": ""Open to it"", ""relationship_goal"": ""long_term""}"
syn_88c3fcf0670ae03b6a7e1df45928a0e0,42,man,zone_b,True,,,taking_time,man,,,zone_b,,,,steady,Monogamous,,,,,,,"{""emotional_availability"": ""taking_time"", ""gender"": ""man"", ""location"": ""zone_b"", ""relationship_pace"": ""steady"", ""relationship_structure"": ""Monogamous""}"
syn_ed6982cbc86b0053b5189c674b8c7b83,21,man,zone_a,True,18-25,practical,taking_time,man,No,mixed,zone_a,Open to it,Not compatible for me,exploring,steady,Monogamous,yes,weekend_day,No,ample,Unsure,men,"{""age_range"": ""18-25"", ""conversations"": ""practical"", ""emotional_availability"": ""taking_time"", ""gender"": ""man"", ""has_children"": ""No"", ""lifestyle"": ""mixed"", ""location"": ""zone_a"", ""partner_children"": ""Open to it"", ""partner_smoking"": ""Not compatible for me"", ""relationship_goal"": ""exploring"", ""relationship_pace"": ""steady"", ""relationship_structure"": ""Monogamous"", ""relocate"": ""yes"", ""schedule"": ""weekend_day"", ""smoking"": ""No"", ""space_for_relationship"": ""ample"", ""wants_children"": ""Unsure"", ""who_to_meet"": ""men""}"
syn_b0939bf25de9cb7f28a16f000d721d1c,28,man,zone_c,True,18-38,ideas,ready,man,No,social,zone_c,Open to it,Open to it,long_term,steady,Ethically non-monogamous,unsure,"weekend_evening, weekday_evening",No,limited,I do not want children,"men, women","{""age_range"": ""18-38"", ""conversations"": ""ideas"", ""emotional_availability"": ""ready"", ""gender"": ""man"", ""has_children"": ""No"", ""lifestyle"": ""social"", ""location"": ""zone_c"", ""partner_children"": ""Open to it"", ""partner_smoking"": ""Open to it"", ""relationship_goal"": ""long_term"", ""relationship_pace"": ""steady"", ""relationship_structure"": ""Ethically non-monogamous"", ""relocate"": ""unsure"", ""schedule"": ""weekend_evening, weekday_evening"", ""smoking"": ""No"", ""space_for_relationship"": ""limited"", ""wants_children"": ""I do not want children"", ""who_to_meet"": ""men, women""}"
syn_9f450b3d28fe8338f79bf097860016eb,36,woman,zone_b,True,29-39,,ready,woman,Yes,,zone_b,Prefer not to,Not compatible for me,,,Monogamous,,weekday_evening,Occasionally,,I do not want children,women,"{""age_range"": ""29-39"", ""emotional_availability"": ""ready"", ""gender"": ""woman"", ""has_children"": ""Yes"", ""location"": ""zone_b"", ""partner_children"": ""Prefer not to"", ""partner_smoking"": ""Not compatible for me"", ""relationship_structure"": ""Monogamous"", ""schedule"": ""weekday_evening"", ""smoking"": ""Occasionally"", ""wants_children"": ""I do not want children"", ""who_to_meet"": ""women""}"
syn_69eda2f4f8f85d6d4e53872801876cd8,33,man,zone_a,True,,,,man,No,,zone_a,,,,,,,,,,,,"{""gender"": ""man"", ""has_children"": ""No"", ""location"": ""zone_a""}"
syn_4ed80ff87af81574909dec319319211f,37,man,zone_a,True,,,,man,,,zone_a,,Not compatible for me,,,,yes,,,,,women,"{""gender"": ""man"", ""location"": ""zone_a"", ""partner_smoking"": ""Not compatible for me"", ""relocate"": ""yes"", ""who_to_meet"": ""women""}"
syn_7b9bf24e279dde6ac438d28af1182c64,33,man,zone_b,True,29-38,playful,taking_time,man,No,mixed,zone_b,Prefer not to,Open to it,long_term,slow,Monogamous,unsure,weekday_evening,No,limited,I do not want children,"non-binary people, women, men","{""age_range"": ""29-38"", ""conversations"": ""playful"", ""emotional_availability"": ""taking_time"", ""gender"": ""man"", ""has_children"": ""No"", ""lifestyle"": ""mixed"", ""location"": ""zone_b"", ""partner_children"": ""Prefer not to"", ""partner_smoking"": ""Open to it"", ""relationship_goal"": ""long_term"", ""relationship_pace"": ""slow"", ""relationship_structure"": ""Monogamous"", ""relocate"": ""unsure"", ""schedule"": ""weekday_evening"", ""smoking"": ""No"", ""space_for_relationship"": ""limited"", ""wants_children"": ""I do not want children"", ""who_to_meet"": ""non-binary people, women, men""}"
syn_df16c6f346f89ac9b5c0e68e9f89ee78,25,woman,zone_a,True,22-33,,,woman,No,,zone_a,Open to it,Not compatible for me,,,Monogamous,,weekend_day,No,,I would like children,non-binary people,"{""age_range"": ""22-33"", ""gender"": ""woman"", ""has_children"": ""No"", ""location"": ""zone_a"", ""partner_children"": ""Open to it"", ""partner_smoking"": ""Not compatible for me"", ""relationship_structure"": ""Monogamous"", ""schedule"": ""weekend_day"", ""smoking"": ""No"", ""wants_children"": ""I would like children"", ""who_to_meet"": ""non-binary people""}"
syn_40fb0b1ea6de9d0b01896a503063f863,23,man,zone_a,True,,,,man,,,zone_a,,,,steady,,,weekday_evening,,,,,"{""gender"": ""man"", ""location"": ""zone_a"", ""relationship_pace"": ""steady"", ""schedule"": ""weekday_evening""}"
syn_ba7b624bbb107aa5a676805531bb72de,24,woman,zone_a,True,18-27,,taking_time,woman,No,,zone_a,Prefer not to,Not compatible for me,,,Monogamous,,"weekday_evening, weekend_evening",No,,Unsure,non-binary people,"{""age_range"": ""18-27"", ""emotional_availability"": ""taking_time"", ""gender"": ""woman"", ""has_children"": ""No"", ""location"": ""zone_a"", ""partner_children"": ""Prefer not to"", ""partner_smoking"": ""Not compatible for me"", ""relationship_structure"": ""Monogamous"", ""schedule"": ""weekday_evening, weekend_evening"", ""smoking"": ""No"", ""wants_children"": ""Unsure"", ""who_to_meet"": ""non-binary people""}"
syn_62dab0098cad45f793d91bcd7ac17cfe,39,woman,zone_c,True,,practical,,woman,,,zone_c,,,,,,,,,,,,"{""conversations"": ""practical"", ""gender"": ""woman"", ""location"": ""zone_c""}"
syn_0c709f8b3259fe59be1b27351ac7d809,46,woman,zone_a,True,38-54,,,woman,No,,zone_a,Open to it,Not compatible for me,,slow,Monogamous,,"weekday_evening, weekend_day, weekend_evening",Yes,ample,I do not want children,women,"{""age_range"": ""38-54"", ""gender"": ""woman"", ""has_children"": ""No"", ""location"": ""zone_a"", ""partner_children"": ""Open to it"", ""partner_smoking"": ""Not compatible for me"", ""relationship_pace"": ""slow"", ""relationship_structure"": ""Monogamous"", ""schedule"": ""weekday_evening, weekend_day, weekend_evening"", ""smoking"": ""Yes"", ""space_for_relationship"": ""ample"", ""wants_children"": ""I do not want children"", ""who_to_meet"": ""women""}"
syn_2fc03f7a6f1ff7a173ab2c3bae7b1afc,46,man,zone_a,True,,,,man,,,zone_a,,,,,,,,,,,,"{""gender"": ""man"", ""location"": ""zone_a""}"
syn_336f17275b2148e91da95ece04f828f7,25,woman,zone_b,True,19-34,,,woman,No,,zone_b,Prefer not to,Not compatible for me,,,Monogamous,,"weekend_day, weekend_evening",No,,I would like children,non-binary people,"{""age_range"": ""19-34"", ""gender"": ""woman"", ""has_children"": ""No"", ""location"": ""zone_b"", ""partner_children"": ""Prefer not to"", ""partner_smoking"": ""Not compatible for me"", ""relationship_structure"": ""Monogamous"", ""schedule"": ""weekend_day, weekend_evening"", ""smoking"": ""No"", ""wants_children"": ""I would like children"", ""who_to_meet"": ""non-binary people""}"
syn_cee2c4eac024ca3248562daa05e002b5,33,woman,zone_d,True,28-39,,,woman,No,,zone_d,Open to it,Not compatible for me,exploring,,Monogamous,,"weekday_evening, weekend_evening",No,,Unsure,non-binary people,"{""age_range"": ""28-39"", ""gender"": ""woman"", ""has_children"": ""No"", ""location"": ""zone_d"", ""partner_children"": ""Open to it"", ""partner_smoking"": ""Not compatible for me"", ""relationship_goal"": ""exploring"", ""relationship_structure"": ""Monogamous"", ""schedule"": ""weekday_evening, weekend_evening"", ""smoking"": ""No"", ""wants_children"": ""Unsure"", ""who_to_meet"": ""non-binary people""}"
syn_ae94e39d79018cfbaead4178dfba523a,32,man,zone_d,True,24-42,ideas,ready,man,No,quiet,zone_d,Prefer not to,Not compatible for me,long_term,steady,Monogamous,no,"weekday_evening, weekend_evening",No,ample,I would like children,men,"{""age_range"": ""24-42"", ""conversations"": ""ideas"", ""emotional_availability"": ""ready"", ""gender"": ""man"", ""has_children"": ""No"", ""lifestyle"": ""quiet"", ""location"": ""zone_d"", ""partner_children"": ""Prefer not to"", ""partner_smoking"": ""Not compatible for me"", ""relationship_goal"": ""long_term"", ""relationship_pace"": ""steady"", ""relationship_structure"": ""Monogamous"", ""relocate"": ""no"", ""schedule"": ""weekday_evening, weekend_evening"", ""smoking"": ""No"", ""space_for_relationship"": ""ample"", ""wants_children"": ""I would like children"", ""who_to_meet"": ""men""}"
syn_10f09201189b30c0799374b18e8a5e9a,27,man,zone_a,True,20-37,ideas,ready,man,No,quiet,zone_a,Prefer not to,Open to it,long_term,steady,Monogamous,unsure,"weekday_evening, weekend_day",No,ample,I would like children,"men, non-binary people, women","{""age_range"": ""20-37"", ""conversations"": ""ideas"", ""emotional_availability"": ""ready"", ""gender"": ""man"", ""has_children"": ""No"", ""lifestyle"": ""quiet"", ""location"": ""zone_a"", ""partner_children"": ""Prefer not to"", ""partner_smoking"": ""Open to it"", ""relationship_goal"": ""long_term"", ""relationship_pace"": ""steady"", ""relationship_structure"": ""Monogamous"", ""relocate"": ""unsure"", ""schedule"": ""weekday_evening, weekend_day"", ""smoking"": ""No"", ""space_for_relationship"": ""ample"", ""wants_children"": ""I would like children"", ""who_to_meet"": ""men, non-binary people, women""}"
syn_3116acff46ddb88da5ab15d9b0689845,46,woman,zone_a,True,38-55,playful,ready,woman,No,quiet,zone_a,Prefer not to,Not compatible for me,exploring,slow,Monogamous,yes,weekday_evening,No,moderate,Unsure,"women, men","{""age_range"": ""38-55"", ""conversations"": ""playful"", ""emotional_availability"": ""ready"", ""gender"": ""woman"", ""has_children"": ""No"", ""lifestyle"": ""quiet"", ""location"": ""zone_a"", ""partner_children"": ""Prefer not to"", ""partner_smoking"": ""Not compatible for me"", ""relationship_goal"": ""exploring"", ""relationship_pace"": ""slow"", ""relationship_structure"": ""Monogamous"", ""relocate"": ""yes"", ""schedule"": ""weekday_evening"", ""smoking"": ""No"", ""space_for_relationship"": ""moderate"", ""wants_children"": ""Unsure"", ""who_to_meet"": ""women, men""}"
syn_ee8009f2857fc96f2389a84aa6958b7e,22,man,zone_a,True,,,,man,,,zone_a,Open to it,,,,Monogamous,,"weekday_evening, weekend_day, weekend_evening",,,,,"{""gender"": ""man"", ""location"": ""zone_a"", ""partner_children"": ""Open to it"", ""relationship_structure"": ""Monogamous"", ""schedule"": ""weekday_evening, weekend_day, weekend_evening""}"
syn_b595de4e1e7ac367d2a85ae09da282a9,35,woman,zone_b,True,29-42,,ready,woman,No,,zone_b,Prefer not to,Not compatible for me,,,Monogamous,,weekend_day,Occasionally,,I do not want children,"women, men, non-binary people","{""age_range"": ""29-42"", ""emotional_availability"": ""ready"", ""gender"": ""woman"", ""has_children"": ""No"", ""location"": ""zone_b"", ""partner_children"": ""Prefer not to"", ""partner_smoking"": ""Not compatible for me"", ""relationship_structure"": ""Monogamous"", ""schedule"": ""weekend_day"", ""smoking"": ""Occasionally"", ""wants_children"": ""I do not want children"", ""who_to_meet"": ""women, men, non-binary people""}"
syn_d1466cfc82f39251348c76bf51d2d3fa,46,woman,zone_a,True,39-50,,,woman,No,,zone_a,Prefer not to,Open to it,,,Monogamous,,"weekday_evening, weekend_day",No,,I would like children,women,"{""age_range"": ""39-50"", ""gender"": ""woman"", ""has_children"": ""No"", ""location"": ""zone_a"", ""partner_children"": ""Prefer not to"", ""partner_smoking"": ""Open to it"", ""relationship_structure"": ""Monogamous"", ""schedule"": ""weekday_evening, weekend_day"", ""smoking"": ""No"", ""wants_children"": ""I would like children"", ""who_to_meet"": ""women""}"
syn_c2d71b063c9f03b2099d1b9f4538a24c,38,woman,zone_a,True,,,,woman,,,zone_a,Open to it,Not compatible for me,,,,yes,,,,,,"{""gender"": ""woman"", ""location"": ""zone_a"", ""partner_children"": ""Open to it"", ""partner_smoking"": ""Not compatible for me"", ""relocate"": ""yes""}"
syn_d6ab4bc89aebbfac893b5ebede88544c,23,man,zone_b,True,18-29,,,man,No,,zone_b,Prefer not to,Not compatible for me,,,Monogamous,,"weekend_day, weekend_evening, weekday_evening",No,,I would like children,non-binary people,"{""age_range"": ""18-29"", ""gender"": ""man"", ""has_children"": ""No"", ""location"": ""zone_b"", ""partner_children"": ""Prefer not to"", ""partner_smoking"": ""Not compatible for me"", ""relationship_structure"": ""Monogamous"", ""schedule"": ""weekend_day, weekend_evening, weekday_evening"", ""smoking"": ""No"", ""wants_children"": ""I would like children"", ""who_to_meet"": ""non-binary people""}"
syn_7ea74c04290c21f62d75f3c1a9c699ef,24,woman,zone_c,True,,stories,,woman,,,zone_c,,Not compatible for me,,slow,,,,,,,,"{""conversations"": ""stories"", ""gender"": ""woman"", ""location"": ""zone_c"", ""partner_smoking"": ""Not compatible for me"", ""relationship_pace"": ""slow""}"
syn_62dccb2516261f704ef3c2c392d8db92,21,woman,zone_b,True,18-28,,,woman,No,quiet,zone_b,Prefer not to,Not compatible for me,,,Ethically non-monogamous,,weekend_evening,No,,I do not want children,non-binary people,"{""age_range"": ""18-28"", ""gender"": ""woman"", ""has_children"": ""No"", ""lifestyle"": ""quiet"", ""location"": ""zone_b"", ""partner_children"": ""Prefer not to"", ""partner_smoking"": ""Not compatible for me"", ""relationship_structure"": ""Ethically non-monogamous"", ""schedule"": ""weekend_evening"", ""smoking"": ""No"", ""wants_children"": ""I do not want children"", ""who_to_meet"": ""non-binary people""}"
syn_f1631b1775570862d6ed7d723105ebb7,32,woman,zone_b,True,,,,woman,,,zone_b,Prefer not to,,,,,,,,,,,"{""gender"": ""woman"", ""location"": ""zone_b"", ""partner_children"": ""Prefer not to""}"
syn_2ad37ad41c890c3fda8d9c496395dddb,36,woman,zone_b,True,31-43,,,woman,Yes,,zone_b,Prefer not to,Open to it,,,Monogamous,,weekend_evening,No,,I do not want children,"women, men","{""age_range"": ""31-43"", ""gender"": ""woman"", ""has_children"": ""Yes"", ""location"": ""zone_b"", ""partner_children"": ""Prefer not to"", ""partner_smoking"": ""Open to it"", ""relationship_structure"": ""Monogamous"", ""schedule"": ""weekend_evening"", ""smoking"": ""No"", ""wants_children"": ""I do not want children"", ""who_to_meet"": ""women, men""}"
syn_cefbb639ff3d2c3772dd590d22f27f85,21,woman,zone_c,True,18-25,,,woman,No,,zone_c,Prefer not to,Open to it,,,Monogamous,,"weekday_evening, weekend_day",No,,Unsure,women,"{""age_range"": ""18-25"", ""gender"": ""woman"", ""has_children"": ""No"", ""location"": ""zone_c"", ""partner_children"": ""Prefer not to"", ""partner_smoking"": ""Open to it"", ""relationship_structure"": ""Monogamous"", ""schedule"": ""weekday_evening, weekend_day"", ""smoking"": ""No"", ""wants_children"": ""Unsure"", ""who_to_meet"": ""women""}"
syn_e3c0da5b3c5546e3da1f4ab3ef45696b,35,man,zone_a,True,27-43,,,man,No,,zone_a,Open to it,Open to it,,,Monogamous,,weekday_evening,No,,I would like children,"non-binary people, women, men","{""age_range"": ""27-43"", ""gender"": ""man"", ""has_children"": ""No"", ""location"": ""zone_a"", ""partner_children"": ""Open to it"", ""partner_smoking"": ""Open to it"", ""relationship_structure"": ""Monogamous"", ""schedule"": ""weekday_evening"", ""smoking"": ""No"", ""wants_children"": ""I would like children"", ""who_to_meet"": ""non-binary people, women, men""}"
syn_be2d49a854b1cb629fdaa43ac171504b,39,man,zone_a,True,36-45,,,man,No,,zone_a,Open to it,Open to it,,,Ethically non-monogamous,,"weekend_day, weekend_evening",No,,I would like children,men,"{""age_range"": ""36-45"", ""gender"": ""man"", ""has_children"": ""No"", ""location"": ""zone_a"", ""partner_children"": ""Open to it"", ""partner_smoking"": ""Open to it"", ""relationship_structure"": ""Ethically non-monogamous"", ""schedule"": ""weekend_day, weekend_evening"", ""smoking"": ""No"", ""wants_children"": ""I would like children"", ""who_to_meet"": ""men""}"
syn_506f5686c1f2c5c96179dcea961ff5b7,28,man,zone_c,True,24-32,playful,taking_time,man,No,mixed,zone_c,Open to it,Open to it,long_term,steady,Monogamous,unsure,"weekend_evening, weekend_day",No,ample,Unsure,men,"{""age_range"": ""24-32"", ""conversations"": ""playful"", ""emotional_availability"": ""taking_time"", ""gender"": ""man"", ""has_children"": ""No"", ""lifestyle"": ""mixed"", ""location"": ""zone_c"", ""partner_children"": ""Open to it"", ""partner_smoking"": ""Open to it"", ""relationship_goal"": ""long_term"", ""relationship_pace"": ""steady"", ""relationship_structure"": ""Monogamous"", ""relocate"": ""unsure"", ""schedule"": ""weekend_evening, weekend_day"", ""smoking"": ""No"", ""space_for_relationship"": ""ample"", ""wants_children"": ""Unsure"", ""who_to_meet"": ""men""}"
syn_7a9e23ca73107c8e37822bab3f148664,34,woman,zone_c,True,,,,woman,,,zone_c,,,,,,,"weekday_evening, weekend_evening, weekend_day",,,,,"{""gender"": ""woman"", ""location"": ""zone_c"", ""schedule"": ""weekday_evening, weekend_evening, weekend_day""}"
syn_c1b12023c2b3df940b4c01de5a7bf0cf,44,woman,zone_b,True,34-50,stories,taking_time,woman,No,mixed,zone_b,Open to it,Not compatible for me,long_term,slow,Monogamous,yes,"weekday_evening, weekend_evening",No,ample,I do not want children,"men, non-binary people, women","{""age_range"": ""34-50"", ""conversations"": ""stories"", ""emotional_availability"": ""taking_time"", ""gender"": ""woman"", ""has_children"": ""No"", ""lifestyle"": ""mixed"", ""location"": ""zone_b"", ""partner_children"": ""Open to it"", ""partner_smoking"": ""Not compatible for me"", ""relationship_goal"": ""long_term"", ""relationship_pace"": ""slow"", ""relationship_structure"": ""Monogamous"", ""relocate"": ""yes"", ""schedule"": ""weekday_evening, weekend_evening"", ""smoking"": ""No"", ""space_for_relationship"": ""ample"", ""wants_children"": ""I do not want children"", ""who_to_meet"": ""men, non-binary people, women""}"
syn_82d77a18032fac7c4dd80b7f11895e11,38,man,zone_b,True,29-41,,,man,No,,zone_b,Prefer not to,Open to it,,,Monogamous,,"weekend_day, weekend_evening",No,,I would like children,men,"{""age_range"": ""29-41"", ""gender"": ""man"", ""has_children"": ""No"", ""location"": ""zone_b"", ""partner_children"": ""Prefer not to"", ""partner_smoking"": ""Open to it"", ""relationship_structure"": ""Monogamous"", ""schedule"": ""weekend_day, weekend_evening"", ""smoking"": ""No"", ""wants_children"": ""I would like children"", ""who_to_meet"": ""men""}"
syn_1d3083dd7b841a30ba21d61462275178,21,woman,zone_a,True,18-28,playful,,woman,No,,zone_a,Open to it,Open to it,,,Ethically non-monogamous,,weekend_day,No,,Unsure,women,"{""age_range"": ""18-28"", ""conversations"": ""playful"", ""gender"": ""woman"", ""has_children"": ""No"", ""location"": ""zone_a"", ""partner_children"": ""Open to it"", ""partner_smoking"": ""Open to it"", ""relationship_structure"": ""Ethically non-monogamous"", ""schedule"": ""weekend_day"", ""smoking"": ""No"", ""wants_children"": ""Unsure"", ""who_to_meet"": ""women""}"
syn_c4b5bdc0bc69886ead60e7acbe3682d2,38,woman,zone_a,True,31-41,,,woman,No,,zone_a,Prefer not to,Open to it,,,Monogamous,,"weekend_evening, weekday_evening",No,,Unsure,"non-binary people, men, women","{""age_range"": ""31-41"", ""gender"": ""woman"", ""has_children"": ""No"", ""location"": ""zone_a"", ""partner_children"": ""Prefer not to"", ""partner_smoking"": ""Open to it"", ""relationship_structure"": ""Monogamous"", ""schedule"": ""weekend_evening, weekday_evening"", ""smoking"": ""No"", ""wants_children"": ""Unsure"", ""who_to_meet"": ""non-binary people, men, women""}"
syn_dab60326cf2bdffb13cbfe06a64b0410,42,woman,zone_a,True,33-48,practical,,woman,No,,zone_a,Open to it,Not compatible for me,,,Monogamous,,"weekend_evening, weekday_evening",No,moderate,I do not want children,non-binary people,"{""age_range"": ""33-48"", ""conversations"": ""practical"", ""gender"": ""woman"", ""has_children"": ""No"", ""location"": ""zone_a"", ""partner_children"": ""Open to it"", ""partner_smoking"": ""Not compatible for me"", ""relationship_structure"": ""Monogamous"", ""schedule"": ""weekend_evening, weekday_evening"", ""smoking"": ""No"", ""space_for_relationship"": ""moderate"", ""wants_children"": ""I do not want children"", ""who_to_meet"": ""non-binary people""}"
syn_d6813e53d1b1f2e94025d83acb5ad73b,32,man,zone_a,True,,,,man,,,zone_a,,,,,,,,,,,men,"{""gender"": ""man"", ""location"": ""zone_a"", ""who_to_meet"": ""men""}"
syn_9c493583c81ce47f35a6d6c5579918dc,35,woman,zone_b,True,,,,woman,,,zone_b,Prefer not to,,,,,,,,,,,"{""gender"": ""woman"", ""location"": ""zone_b"", ""partner_children"": ""Prefer not to""}"
syn_9dc3a5eac3591712b30dae187c9241c9,41,woman,zone_a,True,38-51,,,woman,No,,zone_a,Prefer not to,Open to it,,,Monogamous,,"weekend_evening, weekend_day",No,,I would like children,women,"{""age_range"": ""38-51"", ""gender"": ""woman"", ""has_children"": ""No"", ""location"": ""zone_a"", ""partner_children"": ""Prefer not to"", ""partner_smoking"": ""Open to it"", ""relationship_structure"": ""Monogamous"", ""schedule"": ""weekend_evening, weekend_day"", ""smoking"": ""No"", ""wants_children"": ""I would like children"", ""who_to_meet"": ""women""}"
syn_c8168fd74d73ad54c6f871036d120f00,40,man,zone_a,True,,,,man,,,zone_a,,,,,,,"weekend_evening, weekend_day",,,,,"{""gender"": ""man"", ""location"": ""zone_a"", ""schedule"": ""weekend_evening, weekend_day""}"
syn_d9d799b5872fe2ce0188df87b10cee95,32,man,zone_a,True,,,,man,,,zone_a,,,long_term,,,,"weekend_day, weekday_evening, weekend_evening",,,I would like children,,"{""gender"": ""man"", ""location"": ""zone_a"", ""relationship_goal"": ""long_term"", ""schedule"": ""weekend_day, weekday_evening, weekend_evening"", ""wants_children"": ""I would like children""}"
syn_e70d3c4f1e660624b9845df3b8768dea,46,man,zone_a,True,,,,man,,social,zone_a,,,,,,,,,,,,"{""gender"": ""man"", ""lifestyle"": ""social"", ""location"": ""zone_a""}"
syn_bb9ae005f6eda18d83741f91ce978ea7,24,man,zone_b,True,,stories,,man,,,zone_b,,,,,Monogamous,,,,,,,"{""conversations"": ""stories"", ""gender"": ""man"", ""location"": ""zone_b"", ""relationship_structure"": ""Monogamous""}"
syn_d6c107c4b905f822d30abe1ad4e37527,40,woman,zone_a,True,34-43,practical,taking_time,woman,No,social,zone_a,Prefer not to,Not compatible for me,long_term,slow,Monogamous,no,"weekend_evening, weekday_evening",No,ample,I would like children,women,"{""age_range"": ""34-43"", ""conversations"": ""practical"", ""emotional_availability"": ""taking_time"", ""gender"": ""woman"", ""has_children"": ""No"", ""lifestyle"": ""social"", ""location"": ""zone_a"", ""partner_children"": ""Prefer not to"", ""partner_smoking"": ""Not compatible for me"", ""relationship_goal"": ""long_term"", ""relationship_pace"": ""slow"", ""relationship_structure"": ""Monogamous"", ""relocate"": ""no"", ""schedule"": ""weekend_evening, weekday_evening"", ""smoking"": ""No"", ""space_for_relationship"": ""ample"", ""wants_children"": ""I would like children"", ""who_to_meet"": ""women""}"
syn_9cd29f813a0c3f41ec396ea6de024b96,29,man,zone_c,True,24-36,,,man,No,quiet,zone_c,Open to it,Not compatible for me,,,Ethically non-monogamous,,weekend_day,No,ample,I would like children,"men, non-binary people","{""age_range"": ""24-36"", ""gender"": ""man"", ""has_children"": ""No"", ""lifestyle"": ""quiet"", ""location"": ""zone_c"", ""partner_children"": ""Open to it"", ""partner_smoking"": ""Not compatible for me"", ""relationship_structure"": ""Ethically non-monogamous"", ""schedule"": ""weekend_day"", ""smoking"": ""No"", ""space_for_relationship"": ""ample"", ""wants_children"": ""I would like children"", ""who_to_meet"": ""men, non-binary people""}"
syn_19b40b0a1d97aeea75e5e8d7a463751c,23,woman,zone_a,True,18-33,practical,taking_time,woman,No,mixed,zone_a,Open to it,Open to it,exploring,slow,Monogamous,unsure,"weekday_evening, weekend_evening",No,limited,Unsure,"non-binary people, men, women","{""age_range"": ""18-33"", ""conversations"": ""practical"", ""emotional_availability"": ""taking_time"", ""gender"": ""woman"", ""has_children"": ""No"", ""lifestyle"": ""mixed"", ""location"": ""zone_a"", ""partner_children"": ""Open to it"", ""partner_smoking"": ""Open to it"", ""relationship_goal"": ""exploring"", ""relationship_pace"": ""slow"", ""relationship_structure"": ""Monogamous"", ""relocate"": ""unsure"", ""schedule"": ""weekday_evening, weekend_evening"", ""smoking"": ""No"", ""space_for_relationship"": ""limited"", ""wants_children"": ""Unsure"", ""who_to_meet"": ""non-binary people, men, women""}"
syn_12c7cb677b331024461e39406742da8e,41,man,zone_a,True,32-45,stories,ready,man,No,social,zone_a,Prefer not to,Not compatible for me,exploring,quick,Monogamous,yes,"weekend_day, weekday_evening",No,moderate,Unsure,men,"{""age_range"": ""32-45"", ""conversations"": ""stories"", ""emotional_availability"": ""ready"", ""gender"": ""man"", ""has_children"": ""No"", ""lifestyle"": ""social"", ""location"": ""zone_a"", ""partner_children"": ""Prefer not to"", ""partner_smoking"": ""Not compatible for me"", ""relationship_goal"": ""exploring"", ""relationship_pace"": ""quick"", ""relationship_structure"": ""Monogamous"", ""relocate"": ""yes"", ""schedule"": ""weekend_day, weekday_evening"", ""smoking"": ""No"", ""space_for_relationship"": ""moderate"", ""wants_children"": ""Unsure"", ""who_to_meet"": ""men""}"
syn_a83b1060fcdafb1c0800dee3ceaaaee4,21,man,zone_c,True,18-30,ideas,taking_time,man,Yes,mixed,zone_c,Prefer not to,Open to it,exploring,steady,Monogamous,unsure,"weekend_evening, weekday_evening",Occasionally,limited,I would like children,women,"{""age_range"": ""18-30"", ""conversations"": ""ideas"", ""emotional_availability"": ""taking_time"", ""gender"": ""man"", ""has_children"": ""Yes"", ""lifestyle"": ""mixed"", ""location"": ""zone_c"", ""partner_children"": ""Prefer not to"", ""partner_smoking"": ""Open to it"", ""relationship_goal"": ""exploring"", ""relationship_pace"": ""steady"", ""relationship_structure"": ""Monogamous"", ""relocate"": ""unsure"", ""schedule"": ""weekend_evening, weekday_evening"", ""smoking"": ""Occasionally"", ""space_for_relationship"": ""limited"", ""wants_children"": ""I would like children"", ""who_to_meet"": ""women""}"
syn_b2c53716395a465db12ec8b344311b53,26,woman,zone_b,True,,,,woman,No,,zone_b,,,,,Monogamous,,,,,,,"{""gender"": ""woman"", ""has_children"": ""No"", ""location"": ""zone_b"", ""relationship_structure"": ""Monogamous""}"
syn_cf83d3a6a8ccf268165e15a300754f2c,25,man,zone_d,True,,,,man,,,zone_d,,,,,,no,,,,,,"{""gender"": ""man"", ""location"": ""zone_d"", ""relocate"": ""no""}"
syn_cc026958ed7c938cd4ae1d8da903d341,40,man,zone_a,True,31-44,practical,taking_time,man,No,,zone_a,Open to it,Open to it,,quick,Monogamous,,"weekend_day, weekday_evening",Occasionally,,I do not want children,"women, non-binary people, men","{""age_range"": ""31-44"", ""conversations"": ""practical"", ""emotional_availability"": ""taking_time"", ""gender"": ""man"", ""has_children"": ""No"", ""location"": ""zone_a"", ""partner_children"": ""Open to it"", ""partner_smoking"": ""Open to it"", ""relationship_pace"": ""quick"", ""relationship_structure"": ""Monogamous"", ""schedule"": ""weekend_day, weekday_evening"", ""smoking"": ""Occasionally"", ""wants_children"": ""I do not want children"", ""who_to_meet"": ""women, non-binary people, men""}"
syn_7f25b8e1b3b12d00a48d2c9bf170c8c0,32,woman,zone_a,True,23-39,,,woman,No,mixed,zone_a,Prefer not to,Open to it,,,Ethically non-monogamous,,"weekday_evening, weekend_evening, weekend_day",Occasionally,,Unsure,women,"{""age_range"": ""23-39"", ""gender"": ""woman"", ""has_children"": ""No"", ""lifestyle"": ""mixed"", ""location"": ""zone_a"", ""partner_children"": ""Prefer not to"", ""partner_smoking"": ""Open to it"", ""relationship_structure"": ""Ethically non-monogamous"", ""schedule"": ""weekday_evening, weekend_evening, weekend_day"", ""smoking"": ""Occasionally"", ""wants_children"": ""Unsure"", ""who_to_meet"": ""women""}"
syn_4683ec17f32cbf01bf061822c27505c6,31,man,zone_c,True,,,,man,,,zone_c,,,exploring,,,unsure,,,,Unsure,,"{""gender"": ""man"", ""location"": ""zone_c"", ""relationship_goal"": ""exploring"", ""relocate"": ""unsure"", ""wants_children"": ""Unsure""}"
syn_c35478d2f5a73ae0e398b26616306d2b,24,woman,zone_a,True,19-28,,ready,woman,No,quiet,zone_a,Open to it,Not compatible for me,,,Monogamous,,"weekend_day, weekend_evening, weekday_evening",No,,I would like children,non-binary people,"{""age_range"": ""19-28"", ""emotional_availability"": ""ready"", ""gender"": ""woman"", ""has_children"": ""No"", ""lifestyle"": ""quiet"", ""location"": ""zone_a"", ""partner_children"": ""Open to it"", ""partner_smoking"": ""Not compatible for me"", ""relationship_structure"": ""Monogamous"", ""schedule"": ""weekend_day, weekend_evening, weekday_evening"", ""smoking"": ""No"", ""wants_children"": ""I would like children"", ""who_to_meet"": ""non-binary people""}"
syn_c3543a6e4224572bef55ecf655033d60,38,woman,zone_a,True,31-44,,,woman,No,,zone_a,Open to it,Open to it,,,Monogamous,,weekday_evening,No,,I do not want children,"non-binary people, women","{""age_range"": ""31-44"", ""gender"": ""woman"", ""has_children"": ""No"", ""location"": ""zone_a"", ""partner_children"": ""Open to it"", ""partner_smoking"": ""Open to it"", ""relationship_structure"": ""Monogamous"", ""schedule"": ""weekday_evening"", ""smoking"": ""No"", ""wants_children"": ""I do not want children"", ""who_to_meet"": ""non-binary people, women""}"
syn_029cbdec760d3bbf204e186df1fc36c0,41,woman,zone_a,True,,,,woman,,,zone_a,,,,,,,,,limited,,,"{""gender"": ""woman"", ""location"": ""zone_a"", ""space_for_relationship"": ""limited""}"
syn_60baf3acdcffb71d555c54c207f24848,36,woman,zone_b,True,30-44,practical,ready,woman,No,social,zone_b,Prefer not to,Open to it,exploring,quick,Monogamous,no,"weekend_evening, weekday_evening, weekend_day",No,moderate,I do not want children,men,"{""age_range"": ""30-44"", ""conversations"": ""practical"", ""emotional_availability"": ""ready"", ""gender"": ""woman"", ""has_children"": ""No"", ""lifestyle"": ""social"", ""location"": ""zone_b"", ""partner_children"": ""Prefer not to"", ""partner_smoking"": ""Open to it"", ""relationship_goal"": ""exploring"", ""relationship_pace"": ""quick"", ""relationship_structure"": ""Monogamous"", ""relocate"": ""no"", ""schedule"": ""weekend_evening, weekday_evening, weekend_day"", ""smoking"": ""No"", ""space_for_relationship"": ""moderate"", ""wants_children"": ""I do not want children"", ""who_to_meet"": ""men""}"
syn_d9e5f482f8671eebc18105f6872c72f6,24,woman,zone_b,True,18-34,,,woman,No,,zone_b,Open to it,Open to it,,,Monogamous,,"weekday_evening, weekend_day, weekend_evening",No,,I would like children,men,"{""age_range"": ""18-34"", ""gender"": ""woman"", ""has_children"": ""No"", ""location"": ""zone_b"", ""partner_children"": ""Open to it"", ""partner_smoking"": ""Open to it"", ""relationship_structure"": ""Monogamous"", ""schedule"": ""weekday_evening, weekend_day, weekend_evening"", ""smoking"": ""No"", ""wants_children"": ""I would like children"", ""who_to_meet"": ""men""}"
syn_0c67573b1f57ba2825bf71fc8122d2c9,21,woman,zone_a,True,18-30,stories,taking_time,woman,No,social,zone_a,Prefer not to,Not compatible for me,exploring,quick,Monogamous,unsure,weekend_day,Occasionally,moderate,Unsure,"men, women","{""age_range"": ""18-30"", ""conversations"": ""stories"", ""emotional_availability"": ""taking_time"", ""gender"": ""woman"", ""has_children"": ""No"", ""lifestyle"": ""social"", ""location"": ""zone_a"", ""partner_children"": ""Prefer not to"", ""partner_smoking"": ""Not compatible for me"", ""relationship_goal"": ""exploring"", ""relationship_pace"": ""quick"", ""relationship_structure"": ""Monogamous"", ""relocate"": ""unsure"", ""schedule"": ""weekend_day"", ""smoking"": ""Occasionally"", ""space_for_relationship"": ""moderate"", ""wants_children"": ""Unsure"", ""who_to_meet"": ""men, women""}"
syn_01a6242c3a65de35ebcd35458913b673,29,man,zone_a,True,22-37,,,man,No,,zone_a,Prefer not to,Not compatible for me,,,Monogamous,,"weekend_evening, weekday_evening, weekend_day",No,,Unsure,non-binary people,"{""age_range"": ""22-37"", ""gender"": ""man"", ""has_children"": ""No"", ""location"": ""zone_a"", ""partner_children"": ""Prefer not to"", ""partner_smoking"": ""Not compatible for me"", ""relationship_structure"": ""Monogamous"", ""schedule"": ""weekend_evening, weekday_evening, weekend_day"", ""smoking"": ""No"", ""wants_children"": ""Unsure"", ""who_to_meet"": ""non-binary people""}"
syn_696b66c05ca2e4d0171b0fe607c6fddd,39,woman,zone_b,True,,,,woman,,,zone_b,,,,,,,,No,,,,"{""gender"": ""woman"", ""location"": ""zone_b"", ""smoking"": ""No""}"
syn_b4f0140f7e7ef90dc21c19b672848b1e,46,woman,zone_b,True,38-52,,,woman,,,zone_b,,,long_term,slow,,unsure,,,,,,"{""age_range"": ""38-52"", ""gender"": ""woman"", ""location"": ""zone_b"", ""relationship_goal"": ""long_term"", ""relationship_pace"": ""slow"", ""relocate"": ""unsure""}"
syn_87db96a232ef49a4ec0f5dd92a3fb02b,44,woman,zone_a,True,40-53,,,woman,No,,zone_a,Open to it,Not compatible for me,,,Ethically non-monogamous,,weekend_day,No,,Unsure,"women, men","{""age_range"": ""40-53"", ""gender"": ""woman"", ""has_children"": ""No"", ""location"": ""zone_a"", ""partner_children"": ""Open to it"", ""partner_smoking"": ""Not compatible for me"", ""relationship_structure"": ""Ethically non-monogamous"", ""schedule"": ""weekend_day"", ""smoking"": ""No"", ""wants_children"": ""Unsure"", ""who_to_meet"": ""women, men""}"
syn_30ba3a1e3e6b2a2f2131e44acc2a383e,23,man,zone_a,True,,,,man,,,zone_a,,,,,Monogamous,,,,,,,"{""gender"": ""man"", ""location"": ""zone_a"", ""relationship_structure"": ""Monogamous""}"
syn_f817902838aff65475bbfae99761b4d7,41,woman,zone_a,True,,,,woman,,,zone_a,,,,,,,,,,Unsure,"men, women","{""gender"": ""woman"", ""location"": ""zone_a"", ""wants_children"": ""Unsure"", ""who_to_meet"": ""men, women""}"
syn_aeddb91a9f349c1352ed37589cb6b5f3,26,woman,zone_b,True,18-30,,,woman,No,,zone_b,Open to it,Not compatible for me,,,Monogamous,,"weekend_evening, weekend_day",No,,Unsure,men,"{""age_range"": ""18-30"", ""gender"": ""woman"", ""has_children"": ""No"", ""location"": ""zone_b"", ""partner_children"": ""Open to it"", ""partner_smoking"": ""Not compatible for me"", ""relationship_structure"": ""Monogamous"", ""schedule"": ""weekend_evening, weekend_day"", ""smoking"": ""No"", ""wants_children"": ""Unsure"", ""who_to_meet"": ""men""}"
syn_db7f24c2503c7b92338c00e1fd3b3f01,28,woman,zone_a,True,24-31,ideas,taking_time,woman,Yes,quiet,zone_a,Prefer not to,Not compatible for me,long_term,slow,Monogamous,unsure,"weekday_evening, weekend_day",Occasionally,moderate,I would like children,non-binary people,"{""age_range"": ""24-31"", ""conversations"": ""ideas"", ""emotional_availability"": ""taking_time"", ""gender"": ""woman"", ""has_children"": ""Yes"", ""lifestyle"": ""quiet"", ""location"": ""zone_a"", ""partner_children"": ""Prefer not to"", ""partner_smoking"": ""Not compatible for me"", ""relationship_goal"": ""long_term"", ""relationship_pace"": ""slow"", ""relationship_structure"": ""Monogamous"", ""relocate"": ""unsure"", ""schedule"": ""weekday_evening, weekend_day"", ""smoking"": ""Occasionally"", ""space_for_relationship"": ""moderate"", ""wants_children"": ""I would like children"", ""who_to_meet"": ""non-binary people""}"
syn_084fb3cd1d3faba776e927c1d1ff5a94,33,woman,zone_a,True,,,,woman,,,zone_a,,,,,Monogamous,,"weekend_evening, weekend_day, weekday_evening",Occasionally,,,,"{""gender"": ""woman"", ""location"": ""zone_a"", ""relationship_structure"": ""Monogamous"", ""schedule"": ""weekend_evening, weekend_day, weekday_evening"", ""smoking"": ""Occasionally""}"
syn_09e5c8f65bc3162da867eb43ca213565,36,woman,zone_a,True,32-44,ideas,ready,woman,Yes,social,zone_a,Open to it,Not compatible for me,exploring,steady,Monogamous,unsure,"weekend_evening, weekday_evening, weekend_day",Occasionally,limited,I do not want children,men,"{""age_range"": ""32-44"", ""conversations"": ""ideas"", ""emotional_availability"": ""ready"", ""gender"": ""woman"", ""has_children"": ""Yes"", ""lifestyle"": ""social"", ""location"": ""zone_a"", ""partner_children"": ""Open to it"", ""partner_smoking"": ""Not compatible for me"", ""relationship_goal"": ""exploring"", ""relationship_pace"": ""steady"", ""relationship_structure"": ""Monogamous"", ""relocate"": ""unsure"", ""schedule"": ""weekend_evening, weekday_evening, weekend_day"", ""smoking"": ""Occasionally"", ""space_for_relationship"": ""limited"", ""wants_children"": ""I do not want children"", ""who_to_meet"": ""men""}"
syn_17895386586fedd09a1b3d05cc9d6595,40,man,zone_a,True,,,,man,,,zone_a,,,,,,,,,,,,"{""gender"": ""man"", ""location"": ""zone_a""}"
syn_183bb774ad44a73092ce2e584080f692,24,man,zone_c,True,18-28,,,man,No,,zone_c,Prefer not to,Not compatible for me,,,Monogamous,,"weekend_day, weekend_evening, weekday_evening",No,,I would like children,non-binary people,"{""age_range"": ""18-28"", ""gender"": ""man"", ""has_children"": ""No"", ""location"": ""zone_c"", ""partner_children"": ""Prefer not to"", ""partner_smoking"": ""Not compatible for me"", ""relationship_structure"": ""Monogamous"", ""schedule"": ""weekend_day, weekend_evening, weekday_evening"", ""smoking"": ""No"", ""wants_children"": ""I would like children"", ""who_to_meet"": ""non-binary people""}"
syn_e93014fcbde73d2035ed675e7b6c0242,31,woman,zone_d,True,26-36,stories,taking_time,woman,No,social,zone_d,Open to it,Not compatible for me,exploring,steady,Ethically non-monogamous,no,"weekend_evening, weekend_day, weekday_evening",No,moderate,I would like children,non-binary people,"{""age_range"": ""26-36"", ""conversations"": ""stories"", ""emotional_availability"": ""taking_time"", ""gender"": ""woman"", ""has_children"": ""No"", ""lifestyle"": ""social"", ""location"": ""zone_d"", ""partner_children"": ""Open to it"", ""partner_smoking"": ""Not compatible for me"", ""relationship_goal"": ""exploring"", ""relationship_pace"": ""steady"", ""relationship_structure"": ""Ethically non-monogamous"", ""relocate"": ""no"", ""schedule"": ""weekend_evening, weekend_day, weekday_evening"", ""smoking"": ""No"", ""space_for_relationship"": ""moderate"", ""wants_children"": ""I would like children"", ""who_to_meet"": ""non-binary people""}"
syn_e514c8d641c46dd1710790c43bedbf58,35,man,zone_a,True,27-43,practical,ready,man,Yes,quiet,zone_a,Open to it,Not compatible for me,exploring,steady,Monogamous,yes,"weekend_day, weekday_evening",No,ample,I do not want children,"men, non-binary people","{""age_range"": ""27-43"", ""conversations"": ""practical"", ""emotional_availability"": ""ready"", ""gender"": ""man"", ""has_children"": ""Yes"", ""lifestyle"": ""quiet"", ""location"": ""zone_a"", ""partner_children"": ""Open to it"", ""partner_smoking"": ""Not compatible for me"", ""relationship_goal"": ""exploring"", ""relationship_pace"": ""steady"", ""relationship_structure"": ""Monogamous"", ""relocate"": ""yes"", ""schedule"": ""weekend_day, weekday_evening"", ""smoking"": ""No"", ""space_for_relationship"": ""ample"", ""wants_children"": ""I do not want children"", ""who_to_meet"": ""men, non-binary people""}"
syn_d8e6bd14c9e126c049ddb975e2922a8d,24,non_binary,zone_a,True,18-33,,,non_binary,Yes,,zone_a,Open to it,Open to it,,,Ethically non-monogamous,,"weekday_evening, weekend_day",Occasionally,,Unsure,non-binary people,"{""age_range"": ""18-33"", ""gender"": ""non_binary"", ""has_children"": ""Yes"", ""location"": ""zone_a"", ""partner_children"": ""Open to it"", ""partner_smoking"": ""Open to it"", ""relationship_structure"": ""Ethically non-monogamous"", ""schedule"": ""weekday_evening, weekend_day"", ""smoking"": ""Occasionally"", ""wants_children"": ""Unsure"", ""who_to_meet"": ""non-binary people""}"
syn_437552fa534edce08b4262dec2f0aa73,23,woman,zone_a,True,18-26,ideas,ready,woman,Yes,mixed,zone_a,Open to it,Open to it,exploring,steady,Monogamous,no,"weekend_evening, weekend_day",Occasionally,limited,I do not want children,non-binary people,"{""age_range"": ""18-26"", ""conversations"": ""ideas"", ""emotional_availability"": ""ready"", ""gender"": ""woman"", ""has_children"": ""Yes"", ""lifestyle"": ""mixed"", ""location"": ""zone_a"", ""partner_children"": ""Open to it"", ""partner_smoking"": ""Open to it"", ""relationship_goal"": ""exploring"", ""relationship_pace"": ""steady"", ""relationship_structure"": ""Monogamous"", ""relocate"": ""no"", ""schedule"": ""weekend_evening, weekend_day"", ""smoking"": ""Occasionally"", ""space_for_relationship"": ""limited"", ""wants_children"": ""I do not want children"", ""who_to_meet"": ""non-binary people""}"
syn_06ba6f7d72f8688dfbf905553694d72a,28,man,zone_a,True,24-37,stories,,man,No,,zone_a,Open to it,Open to it,,,Monogamous,,weekend_day,Occasionally,,I would like children,"non-binary people, women","{""age_range"": ""24-37"", ""conversations"": ""stories"", ""gender"": ""man"", ""has_children"": ""No"", ""location"": ""zone_a"", ""partner_children"": ""Open to it"", ""partner_smoking"": ""Open to it"", ""relationship_structure"": ""Monogamous"", ""schedule"": ""weekend_day"", ""smoking"": ""Occasionally"", ""wants_children"": ""I would like children"", ""who_to_meet"": ""non-binary people, women""}"
syn_5c265bef9e7a2f52d889fab63552189e,41,man,zone_a,True,37-48,,,man,,,zone_a,,,,,,,,No,,,women,"{""age_range"": ""37-48"", ""gender"": ""man"", ""location"": ""zone_a"", ""smoking"": ""No"", ""who_to_meet"": ""women""}"
syn_c37ed3cb30d8a92e348dc5b9d02cf437,41,woman,zone_a,True,33-45,,,woman,No,social,zone_a,Prefer not to,Not compatible for me,,,Monogamous,,"weekend_day, weekend_evening, weekday_evening",No,,I do not want children,"men, women","{""age_range"": ""33-45"", ""gender"": ""woman"", ""has_children"": ""No"", ""lifestyle"": ""social"", ""location"": ""zone_a"", ""partner_children"": ""Prefer not to"", ""partner_smoking"": ""Not compatible for me"", ""relationship_structure"": ""Monogamous"", ""schedule"": ""weekend_day, weekend_evening, weekday_evening"", ""smoking"": ""No"", ""wants_children"": ""I do not want children"", ""who_to_meet"": ""men, women""}"
syn_3f9c1827cb864c5d12dc69a25f49db9d,24,woman,zone_a,True,,,,woman,,social,zone_a,,,,,,,,,,I do not want children,,"{""gender"": ""woman"", ""lifestyle"": ""social"", ""location"": ""zone_a"", ""wants_children"": ""I do not want children""}"
syn_85b535df57eebcca250380cae7aa5c07,30,woman,zone_c,True,,,,woman,,,zone_c,,,,,,,,,,I would like children,women,"{""gender"": ""woman"", ""location"": ""zone_c"", ""wants_children"": ""I would like children"", ""who_to_meet"": ""women""}"
syn_efb19670521f74297939b880bb1f3a02,46,woman,zone_a,True,,,,woman,No,,zone_a,Prefer not to,,,,,unsure,,,,,,"{""gender"": ""woman"", ""has_children"": ""No"", ""location"": ""zone_a"", ""partner_children"": ""Prefer not to"", ""relocate"": ""unsure""}"
syn_a3993b24a51f7f881e7dfd69d3590b94,40,woman,zone_c,True,31-47,,,woman,No,,zone_c,Prefer not to,Not compatible for me,,,Monogamous,,weekend_day,No,,Unsure,women,"{""age_range"": ""31-47"", ""gender"": ""woman"", ""has_children"": ""No"", ""location"": ""zone_c"", ""partner_children"": ""Prefer not to"", ""partner_smoking"": ""Not compatible for me"", ""relationship_structure"": ""Monogamous"", ""schedule"": ""weekend_day"", ""smoking"": ""No"", ""wants_children"": ""Unsure"", ""who_to_meet"": ""women""}"
syn_d356f8360333d03ba81e16a8e22b7ca1,46,man,zone_a,True,37-55,,,man,No,,zone_a,Open to it,Not compatible for me,,,Monogamous,,"weekday_evening, weekend_evening",No,,Unsure,women,"{""age_range"": ""37-55"", ""gender"": ""man"", ""has_children"": ""No"", ""location"": ""zone_a"", ""partner_children"": ""Open to it"", ""partner_smoking"": ""Not compatible for me"", ""relationship_structure"": ""Monogamous"", ""schedule"": ""weekday_evening, weekend_evening"", ""smoking"": ""No"", ""wants_children"": ""Unsure"", ""who_to_meet"": ""women""}"
syn_66ed2d85c5c6dd954258ddc72411f25f,40,woman,zone_c,True,35-50,playful,ready,woman,No,quiet,zone_c,Open to it,Not compatible for me,long_term,steady,Monogamous,no,"weekend_evening, weekday_evening, weekend_day",Occasionally,ample,I do not want children,women,"{""age_range"": ""35-50"", ""conversations"": ""playful"", ""emotional_availability"": ""ready"", ""gender"": ""woman"", ""has_children"": ""No"", ""lifestyle"": ""quiet"", ""location"": ""zone_c"", ""partner_children"": ""Open to it"", ""partner_smoking"": ""Not compatible for me"", ""relationship_goal"": ""long_term"", ""relationship_pace"": ""steady"", ""relationship_structure"": ""Monogamous"", ""relocate"": ""no"", ""schedule"": ""weekend_evening, weekday_evening, weekend_day"", ""smoking"": ""Occasionally"", ""space_for_relationship"": ""ample"", ""wants_children"": ""I do not want children"", ""who_to_meet"": ""women""}"
syn_43d18aa30bcadd41bf9573fdb20f40b5,34,non_binary,zone_a,True,31-42,,,non_binary,Yes,,zone_a,Open to it,Not compatible for me,exploring,,Monogamous,unsure,"weekend_day, weekday_evening",Occasionally,,I would like children,"non-binary people, men, women","{""age_range"": ""31-42"", ""gender"": ""non_binary"", ""has_children"": ""Yes"", ""location"": ""zone_a"", ""partner_children"": ""Open to it"", ""partner_smoking"": ""Not compatible for me"", ""relationship_goal"": ""exploring"", ""relationship_structure"": ""Monogamous"", ""relocate"": ""unsure"", ""schedule"": ""weekend_day, weekday_evening"", ""smoking"": ""Occasionally"", ""wants_children"": ""I would like children"", ""who_to_meet"": ""non-binary people, men, women""}"
syn_2bf2fd0019c2352ca972600964c3caec,22,non_binary,zone_b,True,,,,non_binary,,,zone_b,,,,,,,,,limited,,,"{""gender"": ""non_binary"", ""location"": ""zone_b"", ""space_for_relationship"": ""limited""}"
syn_b47198feb5761c7d8b4c8515c4bccd8e,29,woman,zone_d,True,24-33,stories,,woman,No,,zone_d,Prefer not to,Not compatible for me,,steady,Monogamous,,weekend_evening,No,,I would like children,non-binary people,"{""age_range"": ""24-33"", ""conversations"": ""stories"", ""gender"": ""woman"", ""has_children"": ""No"", ""location"": ""zone_d"", ""partner_children"": ""Prefer not to"", ""partner_smoking"": ""Not compatible for me"", ""relationship_pace"": ""steady"", ""relationship_structure"": ""Monogamous"", ""schedule"": ""weekend_evening"", ""smoking"": ""No"", ""wants_children"": ""I would like children"", ""who_to_meet"": ""non-binary people""}"
syn_af0dc6779fdaf3311a049163f1bbf8b3,23,man,zone_a,True,18-32,,,man,No,,zone_a,Open to it,Not compatible for me,exploring,,Monogamous,,weekend_evening,No,,I do not want children,"women, men","{""age_range"": ""18-32"", ""gender"": ""man"", ""has_children"": ""No"", ""location"": ""zone_a"", ""partner_children"": ""Open to it"", ""partner_smoking"": ""Not compatible for me"", ""relationship_goal"": ""exploring"", ""relationship_structure"": ""Monogamous"", ""schedule"": ""weekend_evening"", ""smoking"": ""No"", ""wants_children"": ""I do not want children"", ""who_to_meet"": ""women, men""}"
syn_e873c9ddc3b41ec81c488e1c46adf54a,24,woman,zone_a,True,18-33,,,woman,No,mixed,zone_a,Open to it,Open to it,,,Monogamous,,"weekend_day, weekend_evening",No,,I do not want children,men,"{""age_range"": ""18-33"", ""gender"": ""woman"", ""has_children"": ""No"", ""lifestyle"": ""mixed"", ""location"": ""zone_a"", ""partner_children"": ""Open to it"", ""partner_smoking"": ""Open to it"", ""relationship_structure"": ""Monogamous"", ""schedule"": ""weekend_day, weekend_evening"", ""smoking"": ""No"", ""wants_children"": ""I do not want children"", ""who_to_meet"": ""men""}"
syn_c2544d09bd92a01bc2e4c33b9a70d485,26,woman,zone_b,True,21-29,practical,taking_time,woman,No,mixed,zone_b,Open to it,Open to it,exploring,steady,Ethically non-monogamous,no,weekday_evening,No,moderate,I do not want children,men,"{""age_range"": ""21-29"", ""conversations"": ""practical"", ""emotional_availability"": ""taking_time"", ""gender"": ""woman"", ""has_children"": ""No"", ""lifestyle"": ""mixed"", ""location"": ""zone_b"", ""partner_children"": ""Open to it"", ""partner_smoking"": ""Open to it"", ""relationship_goal"": ""exploring"", ""relationship_pace"": ""steady"", ""relationship_structure"": ""Ethically non-monogamous"", ""relocate"": ""no"", ""schedule"": ""weekday_evening"", ""smoking"": ""No"", ""space_for_relationship"": ""moderate"", ""wants_children"": ""I do not want children"", ""who_to_meet"": ""men""}"
syn_a9729439f089932d8652e5ad633a99f9,42,woman,zone_b,True,,,,woman,,,zone_b,Prefer not to,Open to it,,,,,"weekend_evening, weekday_evening",,,,,"{""gender"": ""woman"", ""location"": ""zone_b"", ""partner_children"": ""Prefer not to"", ""partner_smoking"": ""Open to it"", ""schedule"": ""weekend_evening, weekday_evening""}"
syn_792d57380c89bfae24709f7ed802d099,39,non_binary,zone_b,True,32-43,stories,ready,non_binary,No,quiet,zone_b,Open to it,Open to it,exploring,quick,Monogamous,yes,weekend_day,No,limited,Unsure,"non-binary people, women, men","{""age_range"": ""32-43"", ""conversations"": ""stories"", ""emotional_availability"": ""ready"", ""gender"": ""non_binary"", ""has_children"": ""No"", ""lifestyle"": ""quiet"", ""location"": ""zone_b"", ""partner_children"": ""Open to it"", ""partner_smoking"": ""Open to it"", ""relationship_goal"": ""exploring"", ""relationship_pace"": ""quick"", ""relationship_structure"": ""Monogamous"", ""relocate"": ""yes"", ""schedule"": ""weekend_day"", ""smoking"": ""No"", ""space_for_relationship"": ""limited"", ""wants_children"": ""Unsure"", ""who_to_meet"": ""non-binary people, women, men""}"
syn_cd3f6ee51fb25a90916bcf47d8ad8de2,46,man,zone_a,True,40-52,ideas,taking_time,man,No,social,zone_a,Open to it,Not compatible for me,exploring,steady,Monogamous,no,"weekend_day, weekend_evening, weekday_evening",No,limited,I would like children,non-binary people,"{""age_range"": ""40-52"", ""conversations"": ""ideas"", ""emotional_availability"": ""taking_time"", ""gender"": ""man"", ""has_children"": ""No"", ""lifestyle"": ""social"", ""location"": ""zone_a"", ""partner_children"": ""Open to it"", ""partner_smoking"": ""Not compatible for me"", ""relationship_goal"": ""exploring"", ""relationship_pace"": ""steady"", ""relationship_structure"": ""Monogamous"", ""relocate"": ""no"", ""schedule"": ""weekend_day, weekend_evening, weekday_evening"", ""smoking"": ""No"", ""space_for_relationship"": ""limited"", ""wants_children"": ""I would like children"", ""who_to_meet"": ""non-binary people""}"
syn_9472d5e1967a21205590fcfcdde82aa3,24,man,zone_b,True,18-29,practical,ready,man,No,social,zone_b,Open to it,Open to it,exploring,slow,Monogamous,yes,"weekday_evening, weekend_evening",No,moderate,I do not want children,"women, non-binary people, men","{""age_range"": ""18-29"", ""conversations"": ""practical"", ""emotional_availability"": ""ready"", ""gender"": ""man"", ""has_children"": ""No"", ""lifestyle"": ""social"", ""location"": ""zone_b"", ""partner_children"": ""Open to it"", ""partner_smoking"": ""Open to it"", ""relationship_goal"": ""exploring"", ""relationship_pace"": ""slow"", ""relationship_structure"": ""Monogamous"", ""relocate"": ""yes"", ""schedule"": ""weekday_evening, weekend_evening"", ""smoking"": ""No"", ""space_for_relationship"": ""moderate"", ""wants_children"": ""I do not want children"", ""who_to_meet"": ""women, non-binary people, men""}"
syn_5b242a61c88c1cea8363d28a1dbe7285,34,non_binary,zone_a,True,,,,non_binary,,,zone_a,,,,,,no,,,,,,"{""gender"": ""non_binary"", ""location"": ""zone_a"", ""relocate"": ""no""}"
syn_ae24dd7b53ae9c7bdd1abda2b5c82668,43,woman,zone_a,True,33-46,ideas,taking_time,woman,No,quiet,zone_a,Open to it,Open to it,long_term,slow,Monogamous,yes,"weekend_evening, weekend_day",No,limited,I do not want children,non-binary people,"{""age_range"": ""33-46"", ""conversations"": ""ideas"", ""emotional_availability"": ""taking_time"", ""gender"": ""woman"", ""has_children"": ""No"", ""lifestyle"": ""quiet"", ""location"": ""zone_a"", ""partner_children"": ""Open to it"", ""partner_smoking"": ""Open to it"", ""relationship_goal"": ""long_term"", ""relationship_pace"": ""slow"", ""relationship_structure"": ""Monogamous"", ""relocate"": ""yes"", ""schedule"": ""weekend_evening, weekend_day"", ""smoking"": ""No"", ""space_for_relationship"": ""limited"", ""wants_children"": ""I do not want children"", ""who_to_meet"": ""non-binary people""}"
syn_3e7ffb5ba91f6e62e376c3ffa2b1a15b,28,man,zone_a,True,21-34,ideas,ready,man,No,quiet,zone_a,Open to it,Open to it,long_term,slow,Ethically non-monogamous,yes,weekend_day,No,ample,Unsure,"women, non-binary people","{""age_range"": ""21-34"", ""conversations"": ""ideas"", ""emotional_availability"": ""ready"", ""gender"": ""man"", ""has_children"": ""No"", ""lifestyle"": ""quiet"", ""location"": ""zone_a"", ""partner_children"": ""Open to it"", ""partner_smoking"": ""Open to it"", ""relationship_goal"": ""long_term"", ""relationship_pace"": ""slow"", ""relationship_structure"": ""Ethically non-monogamous"", ""relocate"": ""yes"", ""schedule"": ""weekend_day"", ""smoking"": ""No"", ""space_for_relationship"": ""ample"", ""wants_children"": ""Unsure"", ""who_to_meet"": ""women, non-binary people""}"
syn_698ae6596a92f86c09128d621970af1f,45,woman,zone_a,True,35-54,playful,taking_time,woman,Yes,quiet,zone_a,Open to it,Open to it,long_term,slow,Monogamous,unsure,weekend_day,No,ample,I do not want children,non-binary people,"{""age_range"": ""35-54"", ""conversations"": ""playful"", ""emotional_availability"": ""taking_time"", ""gender"": ""woman"", ""has_children"": ""Yes"", ""lifestyle"": ""quiet"", ""location"": ""zone_a"", ""partner_children"": ""Open to it"", ""partner_smoking"": ""Open to it"", ""relationship_goal"": ""long_term"", ""relationship_pace"": ""slow"", ""relationship_structure"": ""Monogamous"", ""relocate"": ""unsure"", ""schedule"": ""weekend_day"", ""smoking"": ""No"", ""space_for_relationship"": ""ample"", ""wants_children"": ""I do not want children"", ""who_to_meet"": ""non-binary people""}"
syn_bda9d491f3a1ebc16373e68fe51badb8,45,man,zone_a,True,,,,man,,,zone_a,,,,,,,,,,,,"{""gender"": ""man"", ""location"": ""zone_a""}"
syn_c3bc08570f83f153e75bee12c83a6e77,34,man,zone_b,True,24-37,practical,,man,No,,zone_b,Prefer not to,Not compatible for me,,,Monogamous,,"weekend_day, weekend_evening, weekday_evening",Yes,,I would like children,men,"{""age_range"": ""24-37"", ""conversations"": ""practical"", ""gender"": ""man"", ""has_children"": ""No"", ""location"": ""zone_b"", ""partner_children"": ""Prefer not to"", ""partner_smoking"": ""Not compatible for me"", ""relationship_structure"": ""Monogamous"", ""schedule"": ""weekend_day, weekend_evening, weekday_evening"", ""smoking"": ""Yes"", ""wants_children"": ""I would like children"", ""who_to_meet"": ""men""}"
syn_12972c7fbbeec3d81a4c4510a6e2aef1,37,man,zone_a,True,28-43,playful,taking_time,man,No,mixed,zone_a,Open to it,Open to it,exploring,steady,Monogamous,no,weekend_evening,Occasionally,ample,Unsure,"women, non-binary people","{""age_range"": ""28-43"", ""conversations"": ""playful"", ""emotional_availability"": ""taking_time"", ""gender"": ""man"", ""has_children"": ""No"", ""lifestyle"": ""mixed"", ""location"": ""zone_a"", ""partner_children"": ""Open to it"", ""partner_smoking"": ""Open to it"", ""relationship_goal"": ""exploring"", ""relationship_pace"": ""steady"", ""relationship_structure"": ""Monogamous"", ""relocate"": ""no"", ""schedule"": ""weekend_evening"", ""smoking"": ""Occasionally"", ""space_for_relationship"": ""ample"", ""wants_children"": ""Unsure"", ""who_to_meet"": ""women, non-binary people""}"
syn_da3823379e36eaf825533774f2a7ccf9,34,man,zone_b,True,26-39,,,man,No,,zone_b,Prefer not to,Open to it,,slow,Monogamous,,"weekday_evening, weekend_evening",No,limited,Unsure,women,"{""age_range"": ""26-39"", ""gender"": ""man"", ""has_children"": ""No"", ""location"": ""zone_b"", ""partner_children"": ""Prefer not to"", ""partner_smoking"": ""Open to it"", ""relationship_pace"": ""slow"", ""relationship_structure"": ""Monogamous"", ""schedule"": ""weekday_evening, weekend_evening"", ""smoking"": ""No"", ""space_for_relationship"": ""limited"", ""wants_children"": ""Unsure"", ""who_to_meet"": ""women""}"
syn_1b600d8ff74ab72a2750f3abe08263f3,27,woman,zone_b,True,,,taking_time,woman,,,zone_b,,,,,,,,,ample,,,"{""emotional_availability"": ""taking_time"", ""gender"": ""woman"", ""location"": ""zone_b"", ""space_for_relationship"": ""ample""}"
syn_f2be4aea8706ad1475bf0a6418de1300,21,woman,zone_a,True,18-29,,,woman,No,,zone_a,Prefer not to,Not compatible for me,,,Monogamous,yes,"weekend_day, weekend_evening",No,,I would like children,men,"{""age_range"": ""18-29"", ""gender"": ""woman"", ""has_children"": ""No"", ""location"": ""zone_a"", ""partner_children"": ""Prefer not to"", ""partner_smoking"": ""Not compatible for me"", ""relationship_structure"": ""Monogamous"", ""relocate"": ""yes"", ""schedule"": ""weekend_day, weekend_evening"", ""smoking"": ""No"", ""wants_children"": ""I would like children"", ""who_to_meet"": ""men""}"
syn_b0130f6985a31b1b90759224fa046b2e,25,man,zone_c,True,,,ready,man,,,zone_c,,,,,,,,,,,,"{""emotional_availability"": ""ready"", ""gender"": ""man"", ""location"": ""zone_c""}"
syn_552d078577a182440484279b7e489a4b,33,woman,zone_a,True,30-36,stories,ready,woman,No,mixed,zone_a,Prefer not to,Not compatible for me,long_term,slow,Ethically non-monogamous,no,"weekend_day, weekend_evening",No,ample,I would like children,"men, non-binary people","{""age_range"": ""30-36"", ""conversations"": ""stories"", ""emotional_availability"": ""ready"", ""gender"": ""woman"", ""has_children"": ""No"", ""lifestyle"": ""mixed"", ""location"": ""zone_a"", ""partner_children"": ""Prefer not to"", ""partner_smoking"": ""Not compatible for me"", ""relationship_goal"": ""long_term"", ""relationship_pace"": ""slow"", ""relationship_structure"": ""Ethically non-monogamous"", ""relocate"": ""no"", ""schedule"": ""weekend_day, weekend_evening"", ""smoking"": ""No"", ""space_for_relationship"": ""ample"", ""wants_children"": ""I would like children"", ""who_to_meet"": ""men, non-binary people""}"
syn_945773a5b00778ef79b1d42992df3c41,26,non_binary,zone_a,True,,,,non_binary,,,zone_a,,,long_term,,,,,,,,,"{""gender"": ""non_binary"", ""location"": ""zone_a"", ""relationship_goal"": ""long_term""}"
syn_a966d2a759aaab55616acf336990caeb,25,woman,zone_b,True,,playful,,woman,,,zone_b,,,,slow,,,,,,,,"{""conversations"": ""playful"", ""gender"": ""woman"", ""location"": ""zone_b"", ""relationship_pace"": ""slow""}"
syn_72c5f776ad35fbed0106ae5b3e02565d,29,man,zone_a,True,23-34,stories,taking_time,man,No,mixed,zone_a,Open to it,Not compatible for me,exploring,steady,Monogamous,unsure,"weekday_evening, weekend_evening",No,ample,I would like children,men,"{""age_range"": ""23-34"", ""conversations"": ""stories"", ""emotional_availability"": ""taking_time"", ""gender"": ""man"", ""has_children"": ""No"", ""lifestyle"": ""mixed"", ""location"": ""zone_a"", ""partner_children"": ""Open to it"", ""partner_smoking"": ""Not compatible for me"", ""relationship_goal"": ""exploring"", ""relationship_pace"": ""steady"", ""relationship_structure"": ""Monogamous"", ""relocate"": ""unsure"", ""schedule"": ""weekday_evening, weekend_evening"", ""smoking"": ""No"", ""space_for_relationship"": ""ample"", ""wants_children"": ""I would like children"", ""who_to_meet"": ""men""}"
syn_e3ae94c9163f229b06afa29afb5f91e4,43,man,zone_a,True,39-52,playful,ready,man,No,quiet,zone_a,Prefer not to,Not compatible for me,exploring,slow,Monogamous,yes,"weekday_evening, weekend_evening",No,moderate,Unsure,men,"{""age_range"": ""39-52"", ""conversations"": ""playful"", ""emotional_availability"": ""ready"", ""gender"": ""man"", ""has_children"": ""No"", ""lifestyle"": ""quiet"", ""location"": ""zone_a"", ""partner_children"": ""Prefer not to"", ""partner_smoking"": ""Not compatible for me"", ""relationship_goal"": ""exploring"", ""relationship_pace"": ""slow"", ""relationship_structure"": ""Monogamous"", ""relocate"": ""yes"", ""schedule"": ""weekday_evening, weekend_evening"", ""smoking"": ""No"", ""space_for_relationship"": ""moderate"", ""wants_children"": ""Unsure"", ""who_to_meet"": ""men""}"
syn_8a66ed480ae629f3e5a474726b94ace7,35,woman,zone_a,True,32-42,stories,ready,woman,No,mixed,zone_a,Open to it,Open to it,long_term,slow,Monogamous,yes,"weekend_evening, weekday_evening",No,limited,Unsure,"women, non-binary people","{""age_range"": ""32-42"", ""conversations"": ""stories"", ""emotional_availability"": ""ready"", ""gender"": ""woman"", ""has_children"": ""No"", ""lifestyle"": ""mixed"", ""location"": ""zone_a"", ""partner_children"": ""Open to it"", ""partner_smoking"": ""Open to it"", ""relationship_goal"": ""long_term"", ""relationship_pace"": ""slow"", ""relationship_structure"": ""Monogamous"", ""relocate"": ""yes"", ""schedule"": ""weekend_evening, weekday_evening"", ""smoking"": ""No"", ""space_for_relationship"": ""limited"", ""wants_children"": ""Unsure"", ""who_to_meet"": ""women, non-binary people""}"
syn_3172eb6a138918c0ec1b3a6be40cdc8c,38,man,zone_b,True,,,taking_time,man,No,,zone_b,,,,,,,,,limited,,,"{""emotional_availability"": ""taking_time"", ""gender"": ""man"", ""has_children"": ""No"", ""location"": ""zone_b"", ""space_for_relationship"": ""limited""}"
syn_d1d432a7706d2824dfbd6a790a201ae8,22,woman,zone_c,True,18-32,,,woman,No,,zone_c,Prefer not to,Open to it,,,Monogamous,,weekday_evening,No,,Unsure,"non-binary people, women","{""age_range"": ""18-32"", ""gender"": ""woman"", ""has_children"": ""No"", ""location"": ""zone_c"", ""partner_children"": ""Prefer not to"", ""partner_smoking"": ""Open to it"", ""relationship_structure"": ""Monogamous"", ""schedule"": ""weekday_evening"", ""smoking"": ""No"", ""wants_children"": ""Unsure"", ""who_to_meet"": ""non-binary people, women""}"
syn_fd09deb8f5da5d48b9d195107582fa8d,29,woman,zone_c,True,19-38,stories,taking_time,woman,No,social,zone_c,Open to it,Open to it,exploring,steady,Monogamous,unsure,"weekend_day, weekday_evening",No,moderate,I would like children,women,"{""age_range"": ""19-38"", ""conversations"": ""stories"", ""emotional_availability"": ""taking_time"", ""gender"": ""woman"", ""has_children"": ""No"", ""lifestyle"": ""social"", ""location"": ""zone_c"", ""partner_children"": ""Open to it"", ""partner_smoking"": ""Open to it"", ""relationship_goal"": ""exploring"", ""relationship_pace"": ""steady"", ""relationship_structure"": ""Monogamous"", ""relocate"": ""unsure"", ""schedule"": ""weekend_day, weekday_evening"", ""smoking"": ""No"", ""space_for_relationship"": ""moderate"", ""wants_children"": ""I would like children"", ""who_to_meet"": ""women""}"
syn_dd533ecc841591d3aeb6f406a7584c16,30,man,zone_a,True,27-37,stories,ready,man,Yes,social,zone_a,Prefer not to,Open to it,exploring,quick,Monogamous,no,weekend_day,No,moderate,Unsure,women,"{""age_range"": ""27-37"", ""conversations"": ""stories"", ""emotional_availability"": ""ready"", ""gender"": ""man"", ""has_children"": ""Yes"", ""lifestyle"": ""social"", ""location"": ""zone_a"", ""partner_children"": ""Prefer not to"", ""partner_smoking"": ""Open to it"", ""relationship_goal"": ""exploring"", ""relationship_pace"": ""quick"", ""relationship_structure"": ""Monogamous"", ""relocate"": ""no"", ""schedule"": ""weekend_day"", ""smoking"": ""No"", ""space_for_relationship"": ""moderate"", ""wants_children"": ""Unsure"", ""who_to_meet"": ""women""}"
syn_908fd7f2b642f6ecd61bdb92419c4dd1,27,man,zone_b,True,23-35,,,man,No,,zone_b,Open to it,Not compatible for me,,,Monogamous,,"weekend_day, weekday_evening, weekend_evening",Occasionally,,Unsure,"men, non-binary people","{""age_range"": ""23-35"", ""gender"": ""man"", ""has_children"": ""No"", ""location"": ""zone_b"", ""partner_children"": ""Open to it"", ""partner_smoking"": ""Not compatible for me"", ""relationship_structure"": ""Monogamous"", ""schedule"": ""weekend_day, weekday_evening, weekend_evening"", ""smoking"": ""Occasionally"", ""wants_children"": ""Unsure"", ""who_to_meet"": ""men, non-binary people""}"
syn_51e0577f5526afca2bb10283a7973be8,37,man,zone_a,True,,,,man,,,zone_a,Prefer not to,,,,,,,,,,,"{""gender"": ""man"", ""location"": ""zone_a"", ""partner_children"": ""Prefer not to""}"
syn_fceb07e10e27737824dd733b01c50d8e,33,man,zone_a,True,26-42,practical,taking_time,man,No,mixed,zone_a,Open to it,Open to it,exploring,slow,Monogamous,unsure,"weekday_evening, weekend_day, weekend_evening",No,limited,I would like children,"men, non-binary people","{""age_range"": ""26-42"", ""conversations"": ""practical"", ""emotional_availability"": ""taking_time"", ""gender"": ""man"", ""has_children"": ""No"", ""lifestyle"": ""mixed"", ""location"": ""zone_a"", ""partner_children"": ""Open to it"", ""partner_smoking"": ""Open to it"", ""relationship_goal"": ""exploring"", ""relationship_pace"": ""slow"", ""relationship_structure"": ""Monogamous"", ""relocate"": ""unsure"", ""schedule"": ""weekday_evening, weekend_day, weekend_evening"", ""smoking"": ""No"", ""space_for_relationship"": ""limited"", ""wants_children"": ""I would like children"", ""who_to_meet"": ""men, non-binary people""}"
syn_849853f77e32f35ff142de07f1bdadb1,40,woman,zone_a,True,,playful,,woman,No,,zone_a,,,,,,,,,,,,"{""conversations"": ""playful"", ""gender"": ""woman"", ""has_children"": ""No"", ""location"": ""zone_a""}"
syn_9e07d5863de0ee899da79bf677dda36d,35,woman,zone_a,True,25-38,,,woman,No,,zone_a,Open to it,Open to it,long_term,,Monogamous,,weekday_evening,No,,I do not want children,non-binary people,"{""age_range"": ""25-38"", ""gender"": ""woman"", ""has_children"": ""No"", ""location"": ""zone_a"", ""partner_children"": ""Open to it"", ""partner_smoking"": ""Open to it"", ""relationship_goal"": ""long_term"", ""relationship_structure"": ""Monogamous"", ""schedule"": ""weekday_evening"", ""smoking"": ""No"", ""wants_children"": ""I do not want children"", ""who_to_meet"": ""non-binary people""}"
syn_858d8469dd15142f352d256de613dca7,22,woman,zone_b,True,18-26,stories,ready,woman,No,mixed,zone_b,Prefer not to,Not compatible for me,exploring,quick,Ethically non-monogamous,no,weekend_evening,No,moderate,I would like children,non-binary people,"{""age_range"": ""18-26"", ""conversations"": ""stories"", ""emotional_availability"": ""ready"", ""gender"": ""woman"", ""has_children"": ""No"", ""lifestyle"": ""mixed"", ""location"": ""zone_b"", ""partner_children"": ""Prefer not to"", ""partner_smoking"": ""Not compatible for me"", ""relationship_goal"": ""exploring"", ""relationship_pace"": ""quick"", ""relationship_structure"": ""Ethically non-monogamous"", ""relocate"": ""no"", ""schedule"": ""weekend_evening"", ""smoking"": ""No"", ""space_for_relationship"": ""moderate"", ""wants_children"": ""I would like children"", ""who_to_meet"": ""non-binary people""}"
syn_fd970782ddeb0ce579e8d17af6e4502a,45,woman,zone_a,True,,,,woman,,,zone_a,,,exploring,,Monogamous,,,No,,,,"{""gender"": ""woman"", ""location"": ""zone_a"", ""relationship_goal"": ""exploring"", ""relationship_structure"": ""Monogamous"", ""smoking"": ""No""}"
syn_405778e77863457c897b01bb1fbb3ef8,26,woman,zone_a,True,18-36,stories,ready,woman,No,mixed,zone_a,Prefer not to,Open to it,long_term,slow,Monogamous,unsure,weekend_evening,Occasionally,limited,I would like children,men,"{""age_range"": ""18-36"", ""conversations"": ""stories"", ""emotional_availability"": ""ready"", ""gender"": ""woman"", ""has_children"": ""No"", ""lifestyle"": ""mixed"", ""location"": ""zone_a"", ""partner_children"": ""Prefer not to"", ""partner_smoking"": ""Open to it"", ""relationship_goal"": ""long_term"", ""relationship_pace"": ""slow"", ""relationship_structure"": ""Monogamous"", ""relocate"": ""unsure"", ""schedule"": ""weekend_evening"", ""smoking"": ""Occasionally"", ""space_for_relationship"": ""limited"", ""wants_children"": ""I would like children"", ""who_to_meet"": ""men""}"
syn_828229eec01e85ad92da5adb24b00092,44,man,zone_c,True,40-54,stories,taking_time,man,No,quiet,zone_c,Prefer not to,Open to it,long_term,slow,Monogamous,yes,"weekend_day, weekend_evening",No,limited,I do not want children,"men, non-binary people","{""age_range"": ""40-54"", ""conversations"": ""stories"", ""emotional_availability"": ""taking_time"", ""gender"": ""man"", ""has_children"": ""No"", ""lifestyle"": ""quiet"", ""location"": ""zone_c"", ""partner_children"": ""Prefer not to"", ""partner_smoking"": ""Open to it"", ""relationship_goal"": ""long_term"", ""relationship_pace"": ""slow"", ""relationship_structure"": ""Monogamous"", ""relocate"": ""yes"", ""schedule"": ""weekend_day, weekend_evening"", ""smoking"": ""No"", ""space_for_relationship"": ""limited"", ""wants_children"": ""I do not want children"", ""who_to_meet"": ""men, non-binary people""}"
syn_b9f68294d202797558ba7ce459baff71,25,man,zone_a,True,22-34,,,man,No,,zone_a,Open to it,Open to it,,,Monogamous,unsure,"weekend_evening, weekend_day",Occasionally,,Unsure,men,"{""age_range"": ""22-34"", ""gender"": ""man"", ""has_children"": ""No"", ""location"": ""zone_a"", ""partner_children"": ""Open to it"", ""partner_smoking"": ""Open to it"", ""relationship_structure"": ""Monogamous"", ""relocate"": ""unsure"", ""schedule"": ""weekend_evening, weekend_day"", ""smoking"": ""Occasionally"", ""wants_children"": ""Unsure"", ""who_to_meet"": ""men""}"
syn_1c6ea263eb606de3b5c827174bfa4361,25,man,zone_a,True,18-32,,,man,No,,zone_a,Open to it,Not compatible for me,,,Monogamous,,weekend_evening,No,,I would like children,non-binary people,"{""age_range"": ""18-32"", ""gender"": ""man"", ""has_children"": ""No"", ""location"": ""zone_a"", ""partner_children"": ""Open to it"", ""partner_smoking"": ""Not compatible for me"", ""relationship_structure"": ""Monogamous"", ""schedule"": ""weekend_evening"", ""smoking"": ""No"", ""wants_children"": ""I would like children"", ""who_to_meet"": ""non-binary people""}"
syn_16031023433a6025b2b0247a88e54e3b,45,man,zone_b,True,42-51,stories,ready,man,No,mixed,zone_b,Prefer not to,Not compatible for me,exploring,slow,Monogamous,yes,weekend_day,No,moderate,I do not want children,"women, non-binary people","{""age_range"": ""42-51"", ""conversations"": ""stories"", ""emotional_availability"": ""ready"", ""gender"": ""man"", ""has_children"": ""No"", ""lifestyle"": ""mixed"", ""location"": ""zone_b"", ""partner_children"": ""Prefer not to"", ""partner_smoking"": ""Not compatible for me"", ""relationship_goal"": ""exploring"", ""relationship_pace"": ""slow"", ""relationship_structure"": ""Monogamous"", ""relocate"": ""yes"", ""schedule"": ""weekend_day"", ""smoking"": ""No"", ""space_for_relationship"": ""moderate"", ""wants_children"": ""I do not want children"", ""who_to_meet"": ""women, non-binary people""}"
syn_9e2b83520a604298ac7ac3ca4ed3a65c,41,man,zone_a,True,36-47,,,man,No,,zone_a,Prefer not to,Open to it,,,Monogamous,,"weekday_evening, weekend_day, weekend_evening",Occasionally,,Unsure,"men, women, non-binary people","{""age_range"": ""36-47"", ""gender"": ""man"", ""has_children"": ""No"", ""location"": ""zone_a"", ""partner_children"": ""Prefer not to"", ""partner_smoking"": ""Open to it"", ""relationship_structure"": ""Monogamous"", ""schedule"": ""weekday_evening, weekend_day, weekend_evening"", ""smoking"": ""Occasionally"", ""wants_children"": ""Unsure"", ""who_to_meet"": ""men, women, non-binary people""}"
syn_907e211f9ac8b9aa952628781a837c78,28,man,zone_a,True,22-38,stories,taking_time,man,No,,zone_a,Prefer not to,Open to it,,,Monogamous,,weekend_day,No,,I would like children,men,"{""age_range"": ""22-38"", ""conversations"": ""stories"", ""emotional_availability"": ""taking_time"", ""gender"": ""man"", ""has_children"": ""No"", ""location"": ""zone_a"", ""partner_children"": ""Prefer not to"", ""partner_smoking"": ""Open to it"", ""relationship_structure"": ""Monogamous"", ""schedule"": ""weekend_day"", ""smoking"": ""No"", ""wants_children"": ""I would like children"", ""who_to_meet"": ""men""}"
syn_c701df12da749db46be838bc30598d3c,32,woman,zone_a,True,24-40,ideas,ready,woman,No,social,zone_a,Open to it,Not compatible for me,long_term,slow,Monogamous,unsure,"weekday_evening, weekend_day",No,limited,I would like children,"women, non-binary people, men","{""age_range"": ""24-40"", ""conversations"": ""ideas"", ""emotional_availability"": ""ready"", ""gender"": ""woman"", ""has_children"": ""No"", ""lifestyle"": ""social"", ""location"": ""zone_a"", ""partner_children"": ""Open to it"", ""partner_smoking"": ""Not compatible for me"", ""relationship_goal"": ""long_term"", ""relationship_pace"": ""slow"", ""relationship_structure"": ""Monogamous"", ""relocate"": ""unsure"", ""schedule"": ""weekday_evening, weekend_day"", ""smoking"": ""No"", ""space_for_relationship"": ""limited"", ""wants_children"": ""I would like children"", ""who_to_meet"": ""women, non-binary people, men""}"
syn_f444cfa15ea2aa9ddffeb6396e16492f,23,man,zone_d,True,18-29,playful,taking_time,man,No,quiet,zone_d,Prefer not to,Open to it,long_term,steady,Monogamous,yes,"weekend_day, weekend_evening, weekday_evening",No,moderate,I would like children,non-binary people,"{""age_range"": ""18-29"", ""conversations"": ""playful"", ""emotional_availability"": ""taking_time"", ""gender"": ""man"", ""has_children"": ""No"", ""lifestyle"": ""quiet"", ""location"": ""zone_d"", ""partner_children"": ""Prefer not to"", ""partner_smoking"": ""Open to it"", ""relationship_goal"": ""long_term"", ""relationship_pace"": ""steady"", ""relationship_structure"": ""Monogamous"", ""relocate"": ""yes"", ""schedule"": ""weekend_day, weekend_evening, weekday_evening"", ""smoking"": ""No"", ""space_for_relationship"": ""moderate"", ""wants_children"": ""I would like children"", ""who_to_meet"": ""non-binary people""}"
syn_dc57825b73c698a351c1edc339da702a,42,woman,zone_c,True,33-48,,,woman,No,,zone_c,Open to it,Not compatible for me,,,Monogamous,,weekend_day,Yes,,I do not want children,non-binary people,"{""age_range"": ""33-48"", ""gender"": ""woman"", ""has_children"": ""No"", ""location"": ""zone_c"", ""partner_children"": ""Open to it"", ""partner_smoking"": ""Not compatible for me"", ""relationship_structure"": ""Monogamous"", ""schedule"": ""weekend_day"", ""smoking"": ""Yes"", ""wants_children"": ""I do not want children"", ""who_to_meet"": ""non-binary people""}"
syn_f9e707da91075d8d0c6a87d99a1389e6,24,woman,zone_d,True,18-28,,,woman,No,,zone_d,Prefer not to,Open to it,,,Ethically non-monogamous,,"weekend_day, weekend_evening",No,,Unsure,women,"{""age_range"": ""18-28"", ""gender"": ""woman"", ""has_children"": ""No"", ""location"": ""zone_d"", ""partner_children"": ""Prefer not to"", ""partner_smoking"": ""Open to it"", ""relationship_structure"": ""Ethically non-monogamous"", ""schedule"": ""weekend_day, weekend_evening"", ""smoking"": ""No"", ""wants_children"": ""Unsure"", ""who_to_meet"": ""women""}"
syn_2f8c459a5b01837c6646f0a205ecd462,26,man,zone_a,True,18-30,ideas,taking_time,man,No,social,zone_a,Open to it,Open to it,long_term,quick,Monogamous,unsure,"weekend_evening, weekend_day, weekday_evening",No,ample,I would like children,women,"{""age_range"": ""18-30"", ""conversations"": ""ideas"", ""emotional_availability"": ""taking_time"", ""gender"": ""man"", ""has_children"": ""No"", ""lifestyle"": ""social"", ""location"": ""zone_a"", ""partner_children"": ""Open to it"", ""partner_smoking"": ""Open to it"", ""relationship_goal"": ""long_term"", ""relationship_pace"": ""quick"", ""relationship_structure"": ""Monogamous"", ""relocate"": ""unsure"", ""schedule"": ""weekend_evening, weekend_day, weekday_evening"", ""smoking"": ""No"", ""space_for_relationship"": ""ample"", ""wants_children"": ""I would like children"", ""who_to_meet"": ""women""}"
syn_9d086f92bd9196465b05e7fa7b78cab4,29,man,zone_a,True,22-37,playful,taking_time,man,No,social,zone_a,Prefer not to,Open to it,exploring,quick,Monogamous,unsure,"weekend_evening, weekend_day, weekday_evening",No,moderate,I would like children,"non-binary people, men, women","{""age_range"": ""22-37"", ""conversations"": ""playful"", ""emotional_availability"": ""taking_time"", ""gender"": ""man"", ""has_children"": ""No"", ""lifestyle"": ""social"", ""location"": ""zone_a"", ""partner_children"": ""Prefer not to"", ""partner_smoking"": ""Open to it"", ""relationship_goal"": ""exploring"", ""relationship_pace"": ""quick"", ""relationship_structure"": ""Monogamous"", ""relocate"": ""unsure"", ""schedule"": ""weekend_evening, weekend_day, weekday_evening"", ""smoking"": ""No"", ""space_for_relationship"": ""moderate"", ""wants_children"": ""I would like children"", ""who_to_meet"": ""non-binary people, men, women""}"
syn_2b3ef8c7271689cbeb282c81bfc06fda,28,man,zone_a,True,,ideas,,man,,social,zone_a,,,,,,,,,,,non-binary people,"{""conversations"": ""ideas"", ""gender"": ""man"", ""lifestyle"": ""social"", ""location"": ""zone_a"", ""who_to_meet"": ""non-binary people""}"
syn_2171138583f561d1f0f863382d5fe1e7,31,woman,zone_d,True,,,ready,woman,,,zone_d,,,,,,,,,,,,"{""emotional_availability"": ""ready"", ""gender"": ""woman"", ""location"": ""zone_d""}"
syn_37c08e445f55d98bf0bf590d25f23cf0,23,man,zone_c,True,18-32,practical,taking_time,man,No,social,zone_c,Prefer not to,Not compatible for me,exploring,slow,Monogamous,yes,"weekday_evening, weekend_day",Occasionally,limited,I would like children,men,"{""age_range"": ""18-32"", ""conversations"": ""practical"", ""emotional_availability"": ""taking_time"", ""gender"": ""man"", ""has_children"": ""No"", ""lifestyle"": ""social"", ""location"": ""zone_c"", ""partner_children"": ""Prefer not to"", ""partner_smoking"": ""Not compatible for me"", ""relationship_goal"": ""exploring"", ""relationship_pace"": ""slow"", ""relationship_structure"": ""Monogamous"", ""relocate"": ""yes"", ""schedule"": ""weekday_evening, weekend_day"", ""smoking"": ""Occasionally"", ""space_for_relationship"": ""limited"", ""wants_children"": ""I would like children"", ""who_to_meet"": ""men""}"
syn_4b70c34cd7bb18cbd6035cf42b4d53c4,23,woman,zone_b,True,19-31,playful,ready,woman,No,social,zone_b,Open to it,Open to it,exploring,quick,Monogamous,unsure,weekend_day,No,ample,I do not want children,women,"{""age_range"": ""19-31"", ""conversations"": ""playful"", ""emotional_availability"": ""ready"", ""gender"": ""woman"", ""has_children"": ""No"", ""lifestyle"": ""social"", ""location"": ""zone_b"", ""partner_children"": ""Open to it"", ""partner_smoking"": ""Open to it"", ""relationship_goal"": ""exploring"", ""relationship_pace"": ""quick"", ""relationship_structure"": ""Monogamous"", ""relocate"": ""unsure"", ""schedule"": ""weekend_day"", ""smoking"": ""No"", ""space_for_relationship"": ""ample"", ""wants_children"": ""I do not want children"", ""who_to_meet"": ""women""}"
syn_1bf4f770353090b3038dbac5c3073f26,40,woman,zone_a,True,33-46,,,woman,No,quiet,zone_a,Open to it,Not compatible for me,,,Monogamous,,weekend_day,No,,I would like children,"women, men","{""age_range"": ""33-46"", ""gender"": ""woman"", ""has_children"": ""No"", ""lifestyle"": ""quiet"", ""location"": ""zone_a"", ""partner_children"": ""Open to it"", ""partner_smoking"": ""Not compatible for me"", ""relationship_structure"": ""Monogamous"", ""schedule"": ""weekend_day"", ""smoking"": ""No"", ""wants_children"": ""I would like children"", ""who_to_meet"": ""women, men""}"
syn_6db0d49a5ae5e480e8d064efd489f686,38,man,zone_b,True,29-48,,,man,No,,zone_b,Prefer not to,Open to it,,,Monogamous,,"weekend_evening, weekday_evening, weekend_day",Yes,,I would like children,women,"{""age_range"": ""29-48"", ""gender"": ""man"", ""has_children"": ""No"", ""location"": ""zone_b"", ""partner_children"": ""Prefer not to"", ""partner_smoking"": ""Open to it"", ""relationship_structure"": ""Monogamous"", ""schedule"": ""weekend_evening, weekday_evening, weekend_day"", ""smoking"": ""Yes"", ""wants_children"": ""I would like children"", ""who_to_meet"": ""women""}"
syn_81b6dc556725bb103d0ca09df52049ea,33,woman,zone_a,True,,,,woman,,,zone_a,,,,,Monogamous,,,No,,,,"{""gender"": ""woman"", ""location"": ""zone_a"", ""relationship_structure"": ""Monogamous"", ""smoking"": ""No""}"
syn_ac908e117263d182ba1667043439b10a,37,woman,zone_a,True,28-45,,,woman,No,,zone_a,Open to it,Not compatible for me,,,Monogamous,,"weekend_day, weekend_evening, weekday_evening",No,,I do not want children,"non-binary people, men, women","{""age_range"": ""28-45"", ""gender"": ""woman"", ""has_children"": ""No"", ""location"": ""zone_a"", ""partner_children"": ""Open to it"", ""partner_smoking"": ""Not compatible for me"", ""relationship_structure"": ""Monogamous"", ""schedule"": ""weekend_day, weekend_evening, weekday_evening"", ""smoking"": ""No"", ""wants_children"": ""I do not want children"", ""who_to_meet"": ""non-binary people, men, women""}"
syn_d9cf6a9463b3e7d2c256003a743c9554,41,man,zone_c,True,,,,man,,quiet,zone_c,,,,,,,,,,,,"{""gender"": ""man"", ""lifestyle"": ""quiet"", ""location"": ""zone_c""}"
syn_ade85ea94873bbf3448c74a619d69d4f,46,woman,zone_a,True,41-55,,ready,woman,No,,zone_a,Prefer not to,Open to it,,,Monogamous,,weekend_evening,No,,I do not want children,women,"{""age_range"": ""41-55"", ""emotional_availability"": ""ready"", ""gender"": ""woman"", ""has_children"": ""No"", ""location"": ""zone_a"", ""partner_children"": ""Prefer not to"", ""partner_smoking"": ""Open to it"", ""relationship_structure"": ""Monogamous"", ""schedule"": ""weekend_evening"", ""smoking"": ""No"", ""wants_children"": ""I do not want children"", ""who_to_meet"": ""women""}"
syn_cb02a4a051bb050189ec710cb46a2e8a,24,man,zone_d,True,21-34,,,man,No,,zone_d,Open to it,Not compatible for me,,,Monogamous,,"weekend_day, weekday_evening, weekend_evening",No,,I would like children,men,"{""age_range"": ""21-34"", ""gender"": ""man"", ""has_children"": ""No"", ""location"": ""zone_d"", ""partner_children"": ""Open to it"", ""partner_smoking"": ""Not compatible for me"", ""relationship_structure"": ""Monogamous"", ""schedule"": ""weekend_day, weekday_evening, weekend_evening"", ""smoking"": ""No"", ""wants_children"": ""I would like children"", ""who_to_meet"": ""men""}"
syn_f3c121acdc4afa0b749b279fce60ae7b,34,woman,zone_a,True,24-40,ideas,ready,woman,No,mixed,zone_a,Open to it,Not compatible for me,exploring,steady,Monogamous,yes,"weekend_evening, weekend_day",No,moderate,Unsure,"women, non-binary people","{""age_range"": ""24-40"", ""conversations"": ""ideas"", ""emotional_availability"": ""ready"", ""gender"": ""woman"", ""has_children"": ""No"", ""lifestyle"": ""mixed"", ""location"": ""zone_a"", ""partner_children"": ""Open to it"", ""partner_smoking"": ""Not compatible for me"", ""relationship_goal"": ""exploring"", ""relationship_pace"": ""steady"", ""relationship_structure"": ""Monogamous"", ""relocate"": ""yes"", ""schedule"": ""weekend_evening, weekend_day"", ""smoking"": ""No"", ""space_for_relationship"": ""moderate"", ""wants_children"": ""Unsure"", ""who_to_meet"": ""women, non-binary people""}"
