member_id,age,gender,city,synthetic,qa_age_range,qa_conversations,qa_emotional_availability,qa_gender,qa_has_children,qa_lifestyle,qa_location,qa_partner_children,qa_partner_smoking,qa_relationship_goal,qa_relationship_pace,qa_relationship_structure,qa_relocate,qa_schedule,qa_smoking,qa_space_for_relationship,qa_wants_children,qa_who_to_meet,questionnaire_answers_json
syn_3d77683b704738740b9c6ab04accd89d,25,woman,zone_a,True,18-29,playful,ready,woman,No,mixed,zone_a,Open to it,Open to it,exploring,steady,Monogamous,no,"weekday_evening, weekend_evening",No,limited,I do not want children,"men, women","{""age_range"": ""18-29"", ""conversations"": ""playful"", ""emotional_availability"": ""ready"", ""gender"": ""woman"", ""has_children"": ""No"", ""lifestyle"": ""mixed"", ""location"": ""zone_a"", ""partner_children"": ""Open to it"", ""partner_smoking"": ""Open to it"", ""relationship_goal"": ""exploring"", ""relationship_pace"": ""steady"", ""relationship_structure"": ""Monogamous"", ""relocate"": ""no"", ""schedule"": ""weekday_evening, weekend_evening"", ""smoking"": ""No"", ""space_for_relationship"": ""limited"", ""wants_children"": ""I do not want children"", ""who_to_meet"": ""men, women""}"
syn_14fd44220d5f56e0d4f017a3598f84ae,44,woman,zone_b,True,39-48,ideas,taking_time,woman,Yes,quiet,zone_b,Prefer not to,Not compatible for me,long_term,steady,Monogamous,unsure,weekend_evening,No,limited,I would like children,men,"{""age_range"": ""39-48"", ""conversations"": ""ideas"", ""emotional_availability"": ""taking_time"", ""gender"": ""woman"", ""has_children"": ""Yes"", ""lifestyle"": ""quiet"", ""location"": ""zone_b"", ""partner_children"": ""Prefer not to"", ""partner_smoking"": ""Not compatible for me"", ""relationship_goal"": ""long_term"", ""relationship_pace"": ""steady"", ""relationship_structure"": ""Monogamous"", ""relocate"": ""unsure"", ""schedule"": ""weekend_evening"", ""smoking"": ""No"", ""space_for_relationship"": ""limited"", ""wants_children"": ""I would like children"", ""who_to_meet"": ""men""}"
syn_5ce6b2e9e14c9edec4853b5492ef6cff,22,woman,zone_b,True,18-29,,,woman,,,zone_b,,,,,Monogamous,,,Occasionally,,,,"{""age_range"": ""18-29"", ""gender"": ""woman"", ""location"": ""zone_b"", ""relationship_structure"": ""Monogamous"", ""smoking"": ""Occasionally""}"
syn_ea1944eabf76fcfc92500830c916cccc,26,man,zone_a,True,20-31,playful,taking_time,man,No,quiet,zone_a,Open to it,Open to it,exploring,quick,Monogamous,yes,"weekend_day, weekday_evening, weekend_evening",No,ample,I do not want children,women,"{""age_range"": ""20-31"", ""conversations"": ""playful"", ""emotional_availability"": ""taking_time"", ""gender"": ""man"", ""has_children"": ""No"", ""lifestyle"": ""quiet"", ""location"": ""zone_a"", ""partner_children"": ""Open to it"", ""partner_smoking"": ""Open to it"", ""relationship_goal"": ""exploring"", ""relationship_pace"": ""quick"", ""relationship_structure"": ""Monogamous"", ""relocate"": ""yes"", ""schedule"": ""weekend_day, weekday_evening, weekend_evening"", ""smoking"": ""No"", ""space_for_relationship"": ""ample"", ""wants_children"": ""I do not want children"", ""who_to_meet"": ""women""}"
syn_b8600a93ecee035eed6fe95dfbc09ea9,26,woman,zone_b,True,,,,woman,,,zone_b,,,,,,,,,,,,"{""gender"": ""woman"", ""location"": ""zone_b""}"
syn_cb3ff8321b992e7a53732e6fb99b3061,22,woman,zone_b,True,18-30,playful,ready,woman,Yes,mixed,zone_b,Prefer not to,Not compatible for me,long_term,quick,Monogamous,no,weekend_day,Occasionally,moderate,I do not want children,women,"{""age_range"": ""18-30"", ""conversations"": ""playful"", ""emotional_availability"": ""ready"", ""gender"": ""woman"", ""has_children"": ""Yes"", ""lifestyle"": ""mixed"", ""location"": ""zone_b"", ""partner_children"": ""Prefer not to"", ""partner_smoking"": ""Not compatible for me"", ""relationship_goal"": ""long_term"", ""relationship_pace"": ""quick"", ""relationship_structure"": ""Monogamous"", ""relocate"": ""no"", ""schedule"": ""weekend_day"", ""smoking"": ""Occasionally"", ""space_for_relationship"": ""moderate"", ""wants_children"": ""I do not want children"", ""who_to_meet"": ""women""}"
syn_a39f1db58aa063e9cb09f196f213c7e7,34,woman,zone_c,True,,,,woman,,social,zone_c,,,,,,,,,,,,"{""gender"": ""woman"", ""lifestyle"": ""social"", ""location"": ""zone_c""}"
syn_27c524af60771d3e88451cee90e8fdfc,42,man,zone_d,True,39-45,,,man,Yes,,zone_d,Prefer not to,Open to it,,,Monogamous,,weekend_day,Occasionally,,Unsure,non-binary people,"{""age_range"": ""39-45"", ""gender"": ""man"", ""has_children"": ""Yes"", ""location"": ""zone_d"", ""partner_children"": ""Prefer not to"", ""partner_smoking"": ""Open to it"", ""relationship_structure"": ""Monogamous"", ""schedule"": ""weekend_day"", ""smoking"": ""Occasionally"", ""wants_children"": ""Unsure"", ""who_to_meet"": ""non-binary people""}"
syn_237ac6c0a8d95e5c196851b211bc642f,38,man,zone_a,True,,,,man,,,zone_a,,,,,,,,,,,,"{""gender"": ""man"", ""location"": ""zone_a""}"
syn_d82850164982ae00ef31276d17e27e43,41,woman,zone_c,True,34-48,,taking_time,woman,Yes,,zone_c,Open to it,Not compatible for me,,,Monogamous,,"weekend_day, weekend_evening",No,,I do not want children,non-binary people,"{""age_range"": ""34-48"", ""emotional_availability"": ""taking_time"", ""gender"": ""woman"", ""has_children"": ""Yes"", ""location"": ""zone_c"", ""partner_children"": ""Open to it"", ""partner_smoking"": ""Not compatible for me"", ""relationship_structure"": ""Monogamous"", ""schedule"": ""weekend_day, weekend_evening"", ""smoking"": ""No"", ""wants_children"": ""I do not want children"", ""who_to_meet"": ""non-binary people""}"
syn_c48dcbce4947952ae6405ef3d38cfa6a,24,woman,zone_a,True,,stories,,woman,,mixed,zone_a,,,,,,,,,moderate,Unsure,,"{""conversations"": ""stories"", ""gender"": ""woman"", ""lifestyle"": ""mixed"", ""location"": ""zone_a"", ""space_for_relationship"": ""moderate"", ""wants_children"": ""Unsure""}"
syn_786fd20a1d2dc32af6b455a58d594f6b,35,woman,zone_b,True,30-44,playful,ready,woman,No,mixed,zone_b,Prefer not to,Not compatible for me,long_term,slow,Ethically non-monogamous,unsure,"weekend_evening, weekday_evening",No,moderate,I do not want children,men,"{""age_range"": ""30-44"", ""conversations"": ""playful"", ""emotional_availability"": ""ready"", ""gender"": ""woman"", ""has_children"": ""No"", ""lifestyle"": ""mixed"", ""location"": ""zone_b"", ""partner_children"": ""Prefer not to"", ""partner_smoking"": ""Not compatible for me"", ""relationship_goal"": ""long_term"", ""relationship_pace"": ""slow"", ""relationship_structure"": ""Ethically non-monogamous"", ""relocate"": ""unsure"", ""schedule"": ""weekend_evening, weekday_evening"", ""smoking"": ""No"", ""space_for_relationship"": ""moderate"", ""wants_children"": ""I do not want children"", ""who_to_meet"": ""men""}"
syn_86645b39a0e577f9c1ab9e0adb3d4ceb,32,man,zone_b,True,23-35,,,man,No,,zone_b,Open to it,Not compatible for me,,,Monogamous,,weekend_evening,No,,I do not want children,non-binary people,"{""age_range"": ""23-35"", ""gender"": ""man"", ""has_children"": ""No"", ""location"": ""zone_b"", ""partner_children"": ""Open to it"", ""partner_smoking"": ""Not compatible for me"", ""relationship_structure"": ""Monogamous"", ""schedule"": ""weekend_evening"", ""smoking"": ""No"", ""wants_children"": ""I do not want children"", ""who_to_meet"": ""non-binary people""}"
syn_1060f8789d9efed5c96b62750c60a10c,35,woman,zone_a,True,32-41,playful,taking_time,woman,No,quiet,zone_a,Prefer not to,Open to it,exploring,steady,Monogamous,unsure,"weekend_evening, weekend_day",No,moderate,I would like children,women,"{""age_range"": ""32-41"", ""conversations"": ""playful"", ""emotional_availability"": ""taking_time"", ""gender"": ""woman"", ""has_children"": ""No"", ""lifestyle"": ""quiet"", ""location"": ""zone_a"", ""partner_children"": ""Prefer not to"", ""partner_smoking"": ""Open to it"", ""relationship_goal"": ""exploring"", ""relationship_pace"": ""steady"", ""relationship_structure"": ""Monogamous"", ""relocate"": ""unsure"", ""schedule"": ""weekend_evening, weekend_day"", ""smoking"": ""No"", ""space_for_relationship"": ""moderate"", ""wants_children"": ""I would like children"", ""who_to_meet"": ""women""}"
syn_ba431e6b146bb164bfd5a47e0f4ad5fc,33,woman,zone_a,True,,,,woman,,,zone_a,,,,,,,,Occasionally,,,,"{""gender"": ""woman"", ""location"": ""zone_a"", ""smoking"": ""Occasionally""}"
syn_eba75cba86b2852f0600f883301abdb6,35,woman,zone_a,True,,,,woman,,,zone_a,,,long_term,,Monogamous,unsure,,,,,,"{""gender"": ""woman"", ""location"": ""zone_a"", ""relationship_goal"": ""long_term"", ""relationship_structure"": ""Monogamous"", ""relocate"": ""unsure""}"
syn_d575caff2f7b071eadd02469edffbfbc,42,woman,zone_a,True,33-49,,,woman,No,,zone_a,Open to it,Not compatible for me,,,Monogamous,,weekday_evening,No,,I do not want children,women,"{""age_range"": ""33-49"", ""gender"": ""woman"", ""has_children"": ""No"", ""location"": ""zone_a"", ""partner_children"": ""Open to it"", ""partner_smoking"": ""Not compatible for me"", ""relationship_structure"": ""Monogamous"", ""schedule"": ""weekday_evening"", ""smoking"": ""No"", ""wants_children"": ""I do not want children"", ""who_to_meet"": ""women""}"
syn_fa7c24955e283049d85df1fbb450d74b,39,woman,zone_a,True,31-42,,,woman,No,,zone_a,Prefer not to,Not compatible for me,,,Monogamous,,"weekend_day, weekend_evening",Occasionally,,Unsure,"non-binary people, men","{""age_range"": ""31-42"", ""gender"": ""woman"", ""has_children"": ""No"", ""location"": ""zone_a"", ""partner_children"": ""Prefer not to"", ""partner_smoking"": ""Not compatible for me"", ""relationship_structure"": ""Monogamous"", ""schedule"": ""weekend_day, weekend_evening"", ""smoking"": ""Occasionally"", ""wants_children"": ""Unsure"", ""who_to_meet"": ""non-binary people, men""}"
syn_7991c13315834cd4562e98bb3b780697,22,man,zone_a,True,,practical,,man,,,zone_a,,,,,,no,,,,Unsure,,"{""conversations"": ""practical"", ""gender"": ""man"", ""location"": ""zone_a"", ""relocate"": ""no"", ""wants_children"": ""Unsure""}"
syn_4743d11afcdb7f6b8da308f8a865acca,35,woman,zone_b,True,31-41,,,woman,No,,zone_b,Open to it,Not compatible for me,,,Ethically non-monogamous,no,"weekend_evening, weekend_day",No,,Unsure,women,"{""age_range"": ""31-41"", ""gender"": ""woman"", ""has_children"": ""No"", ""location"": ""zone_b"", ""partner_children"": ""Open to it"", ""partner_smoking"": ""Not compatible for me"", ""relationship_structure"": ""Ethically non-monogamous"", ""relocate"": ""no"", ""schedule"": ""weekend_evening, weekend_day"", ""smoking"": ""No"", ""wants_children"": ""Unsure"", ""who_to_meet"": ""women""}"
syn_fed4e04146d0a9982d64d616bcbe5188,28,woman,zone_a,True,,,,woman,,,zone_a,,,,,,,,,,,,"{""gender"": ""woman"", ""location"": ""zone_a""}"
syn_aa06f094a7797a8e7e3af1758bb97356,28,woman,zone_a,True,,,,woman,,,zone_a,,,,,Monogamous,,,,,,,"{""gender"": ""woman"", ""location"": ""zone_a"", ""relationship_structure"": ""Monogamous""}"
syn_28ae87cd79eb66e215ba129d922c7c0b,22,non_binary,zone_b,True,18-27,stories,taking_time,non_binary,No,mixed,zone_b,Prefer not to,Not compatible for me,exploring,steady,Monogamous,no,"weekend_evening, weekend_day, weekday_evening",No,ample,Unsure,non-binary people,"{""age_range"": ""18-27"", ""conversations"": ""stories"", ""emotional_availability"": ""taking_time"", ""gender"": ""non_binary"", ""has_children"": ""No"", ""lifestyle"": ""mixed"", ""location"": ""zone_b"", ""partner_children"": ""Prefer not to"", ""partner_smoking"": ""Not compatible for me"", ""relationship_goal"": ""exploring"", ""relationship_pace"": ""steady"", ""relationship_structure"": ""Monogamous"", ""relocate"": ""no"", ""schedule"": ""weekend_evening, weekend_day, weekday_evening"", ""smoking"": ""No"", ""space_for_relationship"": ""ample"", ""wants_children"": ""Unsure"", ""who_to_meet"": ""non-binary people""}"
syn_9c7c9200bd69eb3de6297f81570e2093,28,man,zone_b,True,19-34,,,man,No,,zone_b,Open to it,Not compatible for me,,,Monogamous,no,"weekend_day, weekend_evening, weekday_evening",No,,I do not want children,"women, men","{""age_range"": ""19-34"", ""gender"": ""man"", ""has_children"": ""No"", ""location"": ""zone_b"", ""partner_children"": ""Open to it"", ""partner_smoking"": ""Not compatible for me"", ""relationship_structure"": ""Monogamous"", ""relocate"": ""no"", ""schedule"": ""weekend_day, weekend_evening, weekday_evening"", ""smoking"": ""No"", ""wants_children"": ""I do not want children"", ""who_to_meet"": ""women, men""}"
syn_71dfefbca34c0ca9cdc80c0e9816a0db,42,woman,zone_c,True,,,,woman,,,zone_c,,,,,,,,,,,,"{""gender"": ""woman"", ""location"": ""zone_c""}"
syn_e167d47f9a6da56a4d5759c2f482cf45,42,woman,zone_a,True,35-51,stories,taking_time,woman,No,quiet,zone_a,Prefer not to,Open to it,long_term,slow,Monogamous,yes,weekend_evening,No,limited,I do not want children,women,"{""age_range"": ""35-51"", ""conversations"": ""stories"", ""emotional_availability"": ""taking_time"", ""gender"": ""woman"", ""has_children"": ""No"", ""lifestyle"": ""quiet"", ""location"": ""zone_a"", ""partner_children"": ""Prefer not to"", ""partner_smoking"": ""Open to it"", ""relationship_goal"": ""long_term"", ""relationship_pace"": ""slow"", ""relationship_structure"": ""Monogamous"", ""relocate"": ""yes"", ""schedule"": ""weekend_evening"", ""smoking"": ""No"", ""space_for_relationship"": ""limited"", ""wants_children"": ""I do not want children"", ""who_to_meet"": ""women""}"
syn_954eea336cf58b771bb42ef5e50176fe,38,man,zone_d,True,29-45,ideas,ready,man,No,mixed,zone_d,Open to it,Open to it,long_term,slow,Monogamous,unsure,"weekend_evening, weekday_evening, weekend_day",No,ample,I do not want children,"men, women","{""age_range"": ""29-45"", ""conversations"": ""ideas"", ""emotional_availability"": ""ready"", ""gender"": ""man"", ""has_children"": ""No"", ""lifestyle"": ""mixed"", ""location"": ""zone_d"", ""partner_children"": ""Open to it"", ""partner_smoking"": ""Open to it"", ""relationship_goal"": ""long_term"", ""relationship_pace"": ""slow"", ""relationship_structure"": ""Monogamous"", ""relocate"": ""unsure"", ""schedule"": ""weekend_evening, weekday_evening, weekend_day"", ""smoking"": ""No"", ""space_for_relationship"": ""ample"", ""wants_children"": ""I do not want children"", ""who_to_meet"": ""men, women""}"
syn_611b4f999018ab87c5e4f02fdd3b8e35,36,man,zone_b,True,32-42,ideas,ready,man,No,social,zone_b,Open to it,Not compatible for me,exploring,slow,Monogamous,unsure,"weekend_evening, weekend_day",No,ample,Unsure,"non-binary people, men, women","{""age_range"": ""32-42"", ""conversations"": ""ideas"", ""emotional_availability"": ""ready"", ""gender"": ""man"", ""has_children"": ""No"", ""lifestyle"": ""social"", ""location"": ""zone_b"", ""partner_children"": ""Open to it"", ""partner_smoking"": ""Not compatible for me"", ""relationship_goal"": ""exploring"", ""relationship_pace"": ""slow"", ""relationship_structure"": ""Monogamous"", ""relocate"": ""unsure"", ""schedule"": ""weekend_evening, weekend_day"", ""smoking"": ""No"", ""space_for_relationship"": ""ample"", ""wants_children"": ""Unsure"", ""who_to_meet"": ""non-binary people, men, women""}"
syn_45f211c179c9f9f2a6427fc608fc1f4f,31,woman,zone_b,True,,,,woman,,,zone_b,Prefer not to,,,,,,,,,,,"{""gender"": ""woman"", ""location"": ""zone_b"", ""partner_children"": ""Prefer not to""}"
syn_bd0da7490dd4056c725bb09b0c2d96db,39,man,zone_c,True,,,,man,,,zone_c,,,,,,,,No,limited,,,"{""gender"": ""man"", ""location"": ""zone_c"", ""smoking"": ""No"", ""space_for_relationship"": ""limited""}"
syn_15b34bf9b1a2a09abdbb8098859db4d6,45,man,zone_b,True,,,,man,,,zone_b,,,,,,,,,,,men,"{""gender"": ""man"", ""location"": ""zone_b"", ""who_to_meet"": ""men""}"
syn_84678ce338afaea457e03995df9782ec,42,man,zone_a,True,37-45,practical,taking_time,man,No,quiet,zone_a,Open to it,Not compatible for me,exploring,slow,Monogamous,yes,weekday_evening,No,moderate,Unsure,women,"{""age_range"": ""37-45"", ""conversations"": ""practical"", ""emotional_availability"": ""taking_time"", ""gender"": ""man"", ""has_children"": ""No"", ""lifestyle"": ""quiet"", ""location"": ""zone_a"", ""partner_children"": ""Open to it"", ""partner_smoking"": ""Not compatible for me"", ""relationship_goal"": ""exploring"", ""relationship_pace"": ""slow"", ""relationship_structure"": ""Monogamous"", ""relocate"": ""yes"", ""schedule"": ""weekday_evening"", ""smoking"": ""No"", ""space_for_relationship"": ""moderate"", ""wants_children"": ""Unsure"", ""who_to_meet"": ""women""}"
syn_48fe540526532891b1e5f0061d1d7fae,34,man,zone_b,True,25-44,,,man,,quiet,zone_b,,,,,Monogamous,,,,,,,"{""age_range"": ""25-44"", ""gender"": ""man"", ""lifestyle"": ""quiet"", ""location"": ""zone_b"", ""relationship_structure"": ""Monogamous""}"
syn_759580f12b6a670da4cc7c0d58bb9adf,45,man,zone_c,True,,,,man,,,zone_c,,,,,,,,,,,,"{""gender"": ""man"", ""location"": ""zone_c""}"
syn_01816ca4da2480b531cd84161c0e38f6,24,woman,zone_a,True,21-33,playful,ready,woman,No,quiet,zone_a,Prefer not to,Not compatible for me,exploring,steady,Monogamous,yes,weekday_evening,No,limited,I would like children,non-binary people,"{""age_range"": ""21-33"", ""conversations"": ""playful"", ""emotional_availability"": ""ready"", ""gender"": ""woman"", ""has_children"": ""No"", ""lifestyle"": ""quiet"", ""location"": ""zone_a"", ""partner_children"": ""Prefer not to"", ""partner_smoking"": ""Not compatible for me"", ""relationship_goal"": ""exploring"", ""relationship_pace"": ""steady"", ""relationship_structure"": ""Monogamous"", ""relocate"": ""yes"", ""schedule"": ""weekday_evening"", ""smoking"": ""No"", ""space_for_relationship"": ""limited"", ""wants_children"": ""I would like children"", ""who_to_meet"": ""non-binary people""}"
syn_98e94a52f25112977ad37af1219acaa2,39,man,zone_a,True,30-42,ideas,taking_time,man,No,social,zone_a,Prefer not to,Open to it,exploring,quick,Monogamous,yes,"weekend_evening, weekend_day, weekday_evening",No,limited,I do not want children,women,"{""age_range"": ""30-42"", ""conversations"": ""ideas"", ""emotional_availability"": ""taking_time"", ""gender"": ""man"", ""has_children"": ""No"", ""lifestyle"": ""social"", ""location"": ""zone_a"", ""partner_children"": ""Prefer not to"", ""partner_smoking"": ""Open to it"", ""relationship_goal"": ""exploring"", ""relationship_pace"": ""quick"", ""relationship_structure"": ""Monogamous"", ""relocate"": ""yes"", ""schedule"": ""weekend_evening, weekend_day, weekday_evening"", ""smoking"": ""No"", ""space_for_relationship"": ""limited"", ""wants_children"": ""I do not want children"", ""who_to_meet"": ""women""}"
syn_b2abd96ee53a27f2c5e59d6561761225,40,man,zone_a,True,34-47,playful,taking_time,man,No,quiet,zone_a,Open to it,Not compatible for me,exploring,slow,Monogamous,yes,"weekend_evening, weekend_day",No,limited,I do not want children,"women, men","{""age_range"": ""34-47"", ""conversations"": ""playful"", ""emotional_availability"": ""taking_time"", ""gender"": ""man"", ""has_children"": ""No"", ""lifestyle"": ""quiet"", ""location"": ""zone_a"", ""partner_children"": ""Open to it"", ""partner_smoking"": ""Not compatible for me"", ""relationship_goal"": ""exploring"", ""relationship_pace"": ""slow"", ""relationship_structure"": ""Monogamous"", ""relocate"": ""yes"", ""schedule"": ""weekend_evening, weekend_day"", ""smoking"": ""No"", ""space_for_relationship"": ""limited"", ""wants_children"": ""I do not want children"", ""who_to_meet"": ""women, men""}"
syn_c9a4ff69e51dbb357d46cac1e6d72ff1,46,man,zone_d,True,,,,man,,quiet,zone_d,,,,,,,"weekend_day, weekend_evening, weekday_evening",,,,,"{""gender"": ""man"", ""lifestyle"": ""quiet"", ""location"": ""zone_d"", ""schedule"": ""weekend_day, weekend_evening, weekday_evening""}"
syn_3bb0358f91b3fbdf4028dfb699bb977b,35,woman,zone_c,True,,,,woman,,,zone_c,,,,,,,,,,,,"{""gender"": ""woman"", ""location"": ""zone_c""}"
syn_c8034c0767d19d4a7a8516be577f5a49,42,man,zone_a,True,36-45,practical,,man,No,,zone_a,Open to it,Not compatible for me,,,Monogamous,,"weekend_evening, weekday_evening",Occasionally,limited,I do not want children,men,"{""age_range"": ""36-45"", ""conversations"": ""practical"", ""gender"": ""man"", ""has_children"": ""No"", ""location"": ""zone_a"", ""partner_children"": ""Open to it"", ""partner_smoking"": ""Not compatible for me"", ""relationship_structure"": ""Monogamous"", ""schedule"": ""weekend_evening, weekday_evening"", ""smoking"": ""Occasionally"", ""space_for_relationship"": ""limited"", ""wants_children"": ""I do not want children"", ""who_to_meet"": ""men""}"
syn_bad2fdc90dbe24ee16e966f51e2d4445,43,man,zone_b,True,,,,man,,,zone_b,,,,,,,,Yes,,,,"{""gender"": ""man"", ""location"": ""zone_b"", ""smoking"": ""Yes""}"
syn_f3292a7d8b8962cc5ec50446dcdd1b7e,46,man,zone_a,True,43-50,playful,,man,No,,zone_a,Prefer not to,Not compatible for me,,,Monogamous,,"weekend_day, weekday_evening, weekend_evening",No,,I do not want children,"men, non-binary people","{""age_range"": ""43-50"", ""conversations"": ""playful"", ""gender"": ""man"", ""has_children"": ""No"", ""location"": ""zone_a"", ""partner_children"": ""Prefer not to"", ""partner_smoking"": ""Not compatible for me"", ""relationship_structure"": ""Monogamous"", ""schedule"": ""weekend_day, weekday_evening, weekend_evening"", ""smoking"": ""No"", ""wants_children"": ""I do not want children"", ""who_to_meet"": ""men, non-binary people""}"
syn_e6d8f0851c850de77efa67a3ebecc6ca,30,man,zone_a,True,,,,man,,,zone_a,,,,steady,,no,,,,,,"{""gender"": ""man"", ""location"": ""zone_a"", ""relationship_pace"": ""steady"", ""relocate"": ""no""}"
syn_565ecc085ea0a7603e173b98afdd2efd,46,woman,zone_a,True,41-55,,,woman,Yes,,zone_a,Open to it,Not compatible for me,,,Monogamous,,"weekday_evening, weekend_day, weekend_evening",No,limited,I would like children,non-binary people,"{""age_range"": ""41-55"", ""gender"": ""woman"", ""has_children"": ""Yes"", ""location"": ""zone_a"", ""partner_children"": ""Open to it"", ""partner_smoking"": ""Not compatible for me"", ""relationship_structure"": ""Monogamous"", ""schedule"": ""weekday_evening, weekend_day, weekend_evening"", ""smoking"": ""No"", ""space_for_relationship"": ""limited"", ""wants_children"": ""I would like children"", ""who_to_meet"": ""non-binary people""}"
syn_3ab0834b2f20728569913ff8bdf497c2,28,woman,zone_a,True,,,,woman,,,zone_a,,Open to it,,,,,,Yes,,I do not want children,men,"{""gender"": ""woman"", ""location"": ""zone_a"", ""partner_smoking"": ""Open to it"", ""smoking"": ""Yes"", ""wants_children"": ""I do not want children"", ""who_to_meet"": ""men""}"
syn_4bb5eeb51fdfbc379c2b9089a2850da5,24,non_binary,zone_a,True,,,,non_binary,,,zone_a,,,,,,,,,,,,"{""gender"": ""non_binary"", ""location"": ""zone_a""}"
syn_4cdd431972871007799df36f158abb2b,42,man,zone_a,True,39-45,,,man,No,,zone_a,Prefer not to,Not compatible for me,,,Monogamous,,"weekend_evening, weekday_evening",Occasionally,,I would like children,women,"{""age_range"": ""39-45"", ""gender"": ""man"", ""has_children"": ""No"", ""location"": ""zone_a"", ""partner_children"": ""Prefer not to"", ""partner_smoking"": ""Not compatible for me"", ""relationship_structure"": ""Monogamous"", ""schedule"": ""weekend_evening, weekday_evening"", ""smoking"": ""Occasionally"", ""wants_children"": ""I would like children"", ""who_to_meet"": ""women""}"
syn_2640db16caaaa59c746ccdd73e414769,33,man,zone_a,True,26-38,,,man,No,,zone_a,Prefer not to,Not compatible for me,,,Monogamous,,"weekend_evening, weekday_evening",No,,Unsure,women,"{""age_range"": ""26-38"", ""gender"": ""man"", ""has_children"": ""No"", ""location"": ""zone_a"", ""partner_children"": ""Prefer not to"", ""partner_smoking"": ""Not compatible for me"", ""relationship_structure"": ""Monogamous"", ""schedule"": ""weekend_evening, weekday_evening"", ""smoking"": ""No"", ""wants_children"": ""Unsure"", ""who_to_meet"": ""women""}"
syn_31b5b656f14d66c10a517e4530f34094,40,man,zone_a,True,37-43,,,man,No,mixed,zone_a,Prefer not to,Not compatible for me,,quick,Monogamous,,weekend_evening,No,,I do not want children,men,"{""age_range"": ""37-43"", ""gender"": ""man"", ""has_children"": ""No"", ""lifestyle"": ""mixed"", ""location"": ""zone_a"", ""partner_children"": ""Prefer not to"", ""partner_smoking"": ""Not compatible for me"", ""relationship_pace"": ""quick"", ""relationship_structure"": ""Monogamous"", ""schedule"": ""weekend_evening"", ""smoking"": ""No"", ""wants_children"": ""I do not want children"", ""who_to_meet"": ""men""}"
syn_a9c5ea5a5b35df82c6e4cc4a44fa35ca,22,woman,zone_b,True,18-31,playful,taking_time,woman,No,social,zone_b,Open to it,Open to it,exploring,steady,Monogamous,yes,"weekend_day, weekday_evening, weekend_evening",Occasionally,ample,I do not want children,women,"{""age_range"": ""18-31"", ""conversations"": ""playful"", ""emotional_availability"": ""taking_time"", ""gender"": ""woman"", ""has_children"": ""No"", ""lifestyle"": ""social"", ""location"": ""zone_b"", ""partner_children"": ""Open to it"", ""partner_smoking"": ""Open to it"", ""relationship_goal"": ""exploring"", ""relationship_pace"": ""steady"", ""relationship_structure"": ""Monogamous"", ""relocate"": ""yes"", ""schedule"": ""weekend_day, weekday_evening, weekend_evening"", ""smoking"": ""Occasionally"", ""space_for_relationship"": ""ample"", ""wants_children"": ""I do not want children"", ""who_to_meet"": ""women""}"
syn_267510ccd8255ac3385e255aa4ca55f9,45,man,zone_d,True,,,,man,,,zone_d,,,,,Monogamous,,,,,,,"{""gender"": ""man"", ""location"": ""zone_d"", ""relationship_structure"": ""Monogamous""}"
syn_ad1547288de60c2f84bd1fe85c1dc6f8,32,woman,zone_b,True,23-40,,,woman,,,zone_b,Prefer not to,,,,,,,,moderate,,,"{""age_range"": ""23-40"", ""gender"": ""woman"", ""location"": ""zone_b"", ""partner_children"": ""Prefer not to"", ""space_for_relationship"": ""moderate""}"
syn_18329274ef644612aea9c6943287ac5e,44,man,zone_b,True,,,,man,,,zone_b,,,,slow,,,,,,,,"{""gender"": ""man"", ""location"": ""zone_b"", ""relationship_pace"": ""slow""}"
syn_3e31ee54b5c6410836bf96e80cdf4e36,37,woman,zone_a,True,32-44,practical,taking_time,woman,No,mixed,zone_a,Prefer not to,Not compatible for me,exploring,quick,Monogamous,yes,weekday_evening,No,ample,Unsure,"men, women","{""age_range"": ""32-44"", ""conversations"": ""practical"", ""emotional_availability"": ""taking_time"", ""gender"": ""woman"", ""has_children"": ""No"", ""lifestyle"": ""mixed"", ""location"": ""zone_a"", ""partner_children"": ""Prefer not to"", ""partner_smoking"": ""Not compatible for me"", ""relationship_goal"": ""exploring"", ""relationship_pace"": ""quick"", ""relationship_structure"": ""Monogamous"", ""relocate"": ""yes"", ""schedule"": ""weekday_evening"", ""smoking"": ""No"", ""space_for_relationship"": ""ample"", ""wants_children"": ""Unsure"", ""who_to_meet"": ""men, women""}"
syn_2bc5690d46aeb0b365b1d446f6126f3a,43,woman,zone_a,True,,stories,,woman,,,zone_a,,,,,Monogamous,,,,,,,"{""conversations"": ""stories"", ""gender"": ""woman"", ""location"": ""zone_a"", ""relationship_structure"": ""Monogamous""}"
syn_49184f8377e25febace8f0eb14ebfb2c,25,non_binary,zone_a,True,19-31,stories,ready,non_binary,No,social,zone_a,Open to it,Not compatible for me,exploring,quick,Monogamous,unsure,"weekend_evening, weekend_day",No,limited,I would like children,"non-binary people, men","{""age_range"": ""19-31"", ""conversations"": ""stories"", ""emotional_availability"": ""ready"", ""gender"": ""non_binary"", ""has_children"": ""No"", ""lifestyle"": ""social"", ""location"": ""zone_a"", ""partner_children"": ""Open to it"", ""partner_smoking"": ""Not compatible for me"", ""relationship_goal"": ""exploring"", ""relationship_pace"": ""quick"", ""relationship_structure"": ""Monogamous"", ""relocate"": ""unsure"", ""schedule"": ""weekend_evening, weekend_day"", ""smoking"": ""No"", ""space_for_relationship"": ""limited"", ""wants_children"": ""I would like children"", ""who_to_meet"": ""non-binary people, men""}"
syn_7bb6795c2c8c8da6b0b5047cb270b6a2,41,non_binary,zone_b,True,,,,non_binary,No,,zone_b,,,,,Monogamous,,,,,,,"{""gender"": ""non_binary"", ""has_children"": ""No"", ""location"": ""zone_b"", ""relationship_structure"": ""Monogamous""}"
syn_e02f6a883c0601314be61b0a920b7ac1,25,man,zone_b,True,18-28,,,man,No,,zone_b,Open to it,Not compatible for me,,,Monogamous,,"weekday_evening, weekend_day",No,,Unsure,women,"{""age_range"": ""18-28"", ""gender"": ""man"", ""has_children"": ""No"", ""location"": ""zone_b"", ""partner_children"": ""Open to it"", ""partner_smoking"": ""Not compatible for me"", ""relationship_structure"": ""Monogamous"", ""schedule"": ""weekday_evening, weekend_day"", ""smoking"": ""No"", ""wants_children"": ""Unsure"", ""who_to_meet"": ""women""}"
syn_92562a5628605fa73b27b051a0a80c6d,35,woman,zone_c,True,,,,woman,,,zone_c,,,,,Ethically non-monogamous,,"weekend_day, weekend_evening, weekday_evening",No,,,,"{""gender"": ""woman"", ""location"": ""zone_c"", ""relationship_structure"": ""Ethically non-monogamous"", ""schedule"": ""weekend_day, weekend_evening, weekday_evening"", ""smoking"": ""No""}"
syn_dbf08804602b20900c33d44284e4b3a7,25,man,zone_a,True,18-28,,,man,No,,zone_a,Open to it,Not compatible for me,,,Monogamous,no,weekday_evening,No,,I do not want children,non-binary people,"{""age_range"": ""18-28"", ""gender"": ""man"", ""has_children"": ""No"", ""location"": ""zone_a"", ""partner_children"": ""Open to it"", ""partner_smoking"": ""Not compatible for me"", ""relationship_structure"": ""Monogamous"", ""relocate"": ""no"", ""schedule"": ""weekday_evening"", ""smoking"": ""No"", ""wants_children"": ""I do not want children"", ""who_to_meet"": ""non-binary people""}"
syn_5584fd09f63d2ec1a9b85e771606c617,22,man,zone_a,True,,,,man,,,zone_a,Open to it,,,,,,,,,Unsure,,"{""gender"": ""man"", ""location"": ""zone_a"", ""partner_children"": ""Open to it"", ""wants_children"": ""Unsure""}"
syn_144a731e5f6fbba895bb43400c8e21ac,21,man,zone_a,True,18-25,,,man,No,,zone_a,Open to it,Open to it,,,Monogamous,,"weekend_day, weekend_evening, weekday_evening",No,,I would like children,"women, men, non-binary people","{""age_range"": ""18-25"", ""gender"": ""man"", ""has_children"": ""No"", ""location"": ""zone_a"", ""partner_children"": ""Open to it"", ""partner_smoking"": ""Open to it"", ""relationship_structure"": ""Monogamous"", ""schedule"": ""weekend_day, weekend_evening, weekday_evening"", ""smoking"": ""No"", ""wants_children"": ""I would like children"", ""who_to_meet"": ""women, men, non-binary people""}"
syn_ca4ebbf1f6b1a6530862a9b58dd79c12,44,woman,zone_a,True,38-54,practical,ready,woman,No,social,zone_a,Prefer not to,Open to it,exploring,steady,Monogamous,yes,weekday_evening,No,limited,Unsure,women,"{""age_range"": ""38-54"", ""conversations"": ""practical"", ""emotional_availability"": ""ready"", ""gender"": ""woman"", ""has_children"": ""No"", ""lifestyle"": ""social"", ""location"": ""zone_a"", ""partner_children"": ""Prefer not to"", ""partner_smoking"": ""Open to it"", ""relationship_goal"": ""exploring"", ""relationship_pace"": ""steady"", ""relationship_structure"": ""Monogamous"", ""relocate"": ""yes"", ""schedule"": ""weekday_evening"", ""smoking"": ""No"", ""space_for_relationship"": ""limited"", ""wants_children"": ""Unsure"", ""who_to_meet"": ""women""}"
syn_c01785501e1046e518de997168177549,37,non_binary,zone_a,True,,,,non_binary,,,zone_a,,,,,,,,,,,,"{""gender"": ""non_binary"", ""location"": ""zone_a""}"
syn_d79f8912b62eda42f1d1fedb4a0692de,22,woman,zone_b,True,18-26,stories,ready,woman,Yes,social,zone_b,Open to it,Not compatible for me,long_term,quick,Monogamous,no,"weekday_evening, weekend_day",No,moderate,Unsure,"non-binary people, women, men","{""age_range"": ""18-26"", ""conversations"": ""stories"", ""emotional_availability"": ""ready"", ""gender"": ""woman"", ""has_children"": ""Yes"", ""lifestyle"": ""social"", ""location"": ""zone_b"", ""partner_children"": ""Open to it"", ""partner_smoking"": ""Not compatible for me"", ""relationship_goal"": ""long_term"", ""relationship_pace"": ""quick"", ""relationship_structure"": ""Monogamous"", ""relocate"": ""no"", ""schedule"": ""weekday_evening, weekend_day"", ""smoking"": ""No"", ""space_for_relationship"": ""moderate"", ""wants_children"": ""Unsure"", ""who_to_meet"": ""non-binary people, women, men""}"
syn_8822c0e572de1d1e4198b13b049635d8,34,woman,zone_a,True,31-37,,,woman,Yes,,zone_a,Open to it,Open to it,,,Monogamous,unsure,"weekend_day, weekend_evening, weekday_evening",No,,I do not want children,non-binary people,"{""age_range"": ""31-37"", ""gender"": ""woman"", ""has_children"": ""Yes"", ""location"": ""zone_a"", ""partner_children"": ""Open to it"", ""partner_smoking"": ""Open to it"", ""relationship_structure"": ""Monogamous"", ""relocate"": ""unsure"", ""schedule"": ""weekend_day, weekend_evening, weekday_evening"", ""smoking"": ""No"", ""wants_children"": ""I do not want children"", ""who_to_meet"": ""non-binary people""}"
syn_e01ac751b18577fb87cd8bd30466431a,43,woman,zone_b,True,36-49,,,woman,No,,zone_b,Open to it,Open to it,,,Monogamous,,weekday_evening,Occasionally,,Unsure,"women, non-binary people","{""age_range"": ""36-49"", ""gender"": ""woman"", ""has_children"": ""No"", ""location"": ""zone_b"", ""partner_children"": ""Open to it"", ""partner_smoking"": ""Open to it"", ""relationship_structure"": ""Monogamous"", ""schedule"": ""weekday_evening"", ""smoking"": ""Occasionally"", ""wants_children"": ""Unsure"", ""who_to_meet"": ""women, non-binary people""}"
syn_3897f1b0cc5984c872766b78ee052e7e,30,man,zone_b,True,26-33,practical,taking_time,man,No,social,zone_b,Prefer not to,Open to it,long_term,quick,Monogamous,no,"weekend_evening, weekday_evening, weekend_day",Occasionally,ample,I do not want children,"women, men","{""age_range"": ""26-33"", ""conversations"": ""practical"", ""emotional_availability"": ""taking_time"", ""gender"": ""man"", ""has_children"": ""No"", ""lifestyle"": ""social"", ""location"": ""zone_b"", ""partner_children"": ""Prefer not to"", ""partner_smoking"": ""Open to it"", ""relationship_goal"": ""long_term"", ""relationship_pace"": ""quick"", ""relationship_structure"": ""Monogamous"", ""relocate"": ""no"", ""schedule"": ""weekend_evening, weekday_evening, weekend_day"", ""smoking"": ""Occasionally"", ""space_for_relationship"": ""ample"", ""wants_children"": ""I do not want children"", ""who_to_meet"": ""women, men""}"
syn_5a5595b3e18a3d3c16eaf95913a7ea93,46,woman,zone_a,True,,,,woman,,mixed,zone_a,,,,,,,,,,,,"{""gender"": ""woman"", ""lifestyle"": ""mixed"", ""location"": ""zone_a""}"
syn_0762071899f970108e97e5f879f23b60,42,man,zone_a,True,34-47,ideas,taking_time,man,No,mixed,zone_a,Open to it,Open to it,exploring,steady,Monogamous,yes,weekend_evening,Occasionally,ample,I would like children,"women, men","{""age_range"": ""34-47"", ""conversations"": ""ideas"", ""emotional_availability"": ""taking_time"", ""gender"": ""man"", ""has_children"": ""No"", ""lifestyle"": ""mixed"", ""location"": ""zone_a"", ""partner_children"": ""Open to it"", ""partner_smoking"": ""Open to it"", ""relationship_goal"": ""exploring"", ""relationship_pace"": ""steady"", ""relationship_structure"": ""Monogamous"", ""relocate"": ""yes"", ""schedule"": ""weekend_evening"", ""smoking"": ""Occasionally"", ""space_for_relationship"": ""ample"", ""wants_children"": ""I would like children"", ""who_to_meet"": ""women, men""}"
syn_c40cfb64ca29a0af4f43672ee4c6138d,42,man,zone_a,True,32-46,,,man,No,,zone_a,Prefer not to,Not compatible for me,,,Monogamous,,weekend_evening,No,,Unsure,"men, non-binary people, women","{""age_range"": ""32-46"", ""gender"": ""man"", ""has_children"": ""No"", ""location"": ""zone_a"", ""partner_children"": ""Prefer not to"", ""partner_smoking"": ""Not compatible for me"", ""relationship_structure"": ""Monogamous"", ""schedule"": ""weekend_evening"", ""smoking"": ""No"", ""wants_children"": ""Unsure"", ""who_to_meet"": ""men, non-binary people, women""}"
syn_956258f63f2ac3bd71c28f871db7fc37,43,woman,zone_a,True,,,,woman,No,,zone_a,,Open to it,,,,,,,,,,"{""gender"": ""woman"", ""has_children"": ""No"", ""location"": ""zone_a"", ""partner_smoking"": ""Open to it""}"
syn_6c599d2f5004fb8846e74bbdcc914a4e,29,man,zone_a,True,,,,man,,,zone_a,,,,,,yes,,,ample,,,"{""gender"": ""man"", ""location"": ""zone_a"", ""relocate"": ""yes"", ""space_for_relationship"": ""ample""}"
syn_abd64af0283ffaed7c1a7178c9b82b06,31,woman,zone_a,True,,stories,,woman,,,zone_a,Open to it,,,,,,,,,,,"{""conversations"": ""stories"", ""gender"": ""woman"", ""location"": ""zone_a"", ""partner_children"": ""Open to it""}"
syn_24d43b3ab35a910d8bc5d95567437bbf,29,man,zone_c,True,22-32,playful,ready,man,Yes,social,zone_c,Prefer not to,Open to it,exploring,slow,Monogamous,yes,"weekend_evening, weekend_day",No,moderate,I do not want children,"non-binary people, women","{""age_range"": ""22-32"", ""conversations"": ""playful"", ""emotional_availability"": ""ready"", ""gender"": ""man"", ""has_children"": ""Yes"", ""lifestyle"": ""social"", ""location"": ""zone_c"", ""partner_children"": ""Prefer not to"", ""partner_smoking"": ""Open to it"", ""relationship_goal"": ""exploring"", ""relationship_pace"": ""slow"", ""relationship_structure"": ""Monogamous"", ""relocate"": ""yes"", ""schedule"": ""weekend_evening, weekend_day"", ""smoking"": ""No"", ""space_for_relationship"": ""moderate"", ""wants_children"": ""I do not want children"", ""who_to_meet"": ""non-binary people, women""}"
syn_78f72d93ac182e959338610c9ef20c33,31,man,zone_a,True,24-35,,,man,No,,zone_a,Prefer not to,Open to it,,,Monogamous,,"weekend_evening, weekday_evening, weekend_day",No,,I do not want children,men,"{""age_range"": ""24-35"", ""gender"": ""man"", ""has_children"": ""No"", ""location"": ""zone_a"", ""partner_children"": ""Prefer not to"", ""partner_smoking"": ""Open to it"", ""relationship_structure"": ""Monogamous"", ""schedule"": ""weekend_evening, weekday_evening, weekend_day"", ""smoking"": ""No"", ""wants_children"": ""I do not want children"", ""who_to_meet"": ""men""}"
syn_f0fc617fb887bb02742188e27a6cedd1,26,man,zone_b,True,,,,man,,,zone_b,,,,quick,,,,,,,,"{""gender"": ""man"", ""location"": ""zone_b"", ""relationship_pace"": ""quick""}"
syn_5b7f75f90462850621f83c044d1d73fc,45,non_binary,zone_a,True,,,,non_binary,,,zone_a,,,,,,,,,,,men,"{""gender"": ""non_binary"", ""location"": ""zone_a"", ""who_to_meet"": ""men""}"
syn_fd41191020e81449486bd66d57f5a965,22,man,zone_a,True,19-31,practical,taking_time,man,No,social,zone_a,Prefer not to,Not compatible for me,long_term,slow,Monogamous,unsure,weekend_day,No,moderate,I would like children,non-binary people,"{""age_range"": ""19-31"", ""conversations"": ""practical"", ""emotional_availability"": ""taking_time"", ""gender"": ""man"", ""has_children"": ""No"", ""lifestyle"": ""social"", ""location"": ""zone_a"", ""partner_children"": ""Prefer not to"", ""partner_smoking"": ""Not compatible for me"", ""relationship_goal"": ""long_term"", ""relationship_pace"": ""slow"", ""relationship_structure"": ""Monogamous"", ""relocate"": ""unsure"", ""schedule"": ""weekend_day"", ""smoking"": ""No"", ""space_for_relationship"": ""moderate"", ""wants_children"": ""I would like children"", ""who_to_meet"": ""non-binary people""}"
syn_aff3636eea88cc36389ab342322d1b80,25,man,zone_b,True,,,,man,,,zone_b,,,exploring,,,,,,,,,"{""gender"": ""man"", ""location"": ""zone_b"", ""relationship_goal"": ""exploring""}"
syn_4fa874d7bbb15debb13c26bd8848dbd7,26,woman,zone_a,True,18-31,,,woman,Yes,,zone_a,Open to it,Not compatible for me,,,Monogamous,,weekend_evening,No,,Unsure,men,"{""age_range"": ""18-31"", ""gender"": ""woman"", ""has_children"": ""Yes"", ""location"": ""zone_a"", ""partner_children"": ""Open to it"", ""partner_smoking"": ""Not compatible for me"", ""relationship_structure"": ""Monogamous"", ""schedule"": ""weekend_evening"", ""smoking"": ""No"", ""wants_children"": ""Unsure"", ""who_to_meet"": ""men""}"
syn_df3b42bf60bed5a6adda3b4807a79fe3,43,man,zone_d,True,34-53,,taking_time,man,No,,zone_d,Open to it,Not compatible for me,,,Monogamous,,"weekend_evening, weekday_evening",No,,Unsure,men,"{""age_range"": ""34-53"", ""emotional_availability"": ""taking_time"", ""gender"": ""man"", ""has_children"": ""No"", ""location"": ""zone_d"", ""partner_children"": ""Open to it"", ""partner_smoking"": ""Not compatible for me"", ""relationship_structure"": ""Monogamous"", ""schedule"": ""weekend_evening, weekday_evening"", ""smoking"": ""No"", ""wants_children"": ""Unsure"", ""who_to_meet"": ""men""}"
syn_a4de8bb0451caa4b23ce4900ae2ea2ae,42,woman,zone_d,True,37-51,ideas,ready,woman,No,quiet,zone_d,Prefer not to,Open to it,exploring,quick,Monogamous,yes,"weekday_evening, weekend_evening",No,limited,Unsure,"non-binary people, women, men","{""age_range"": ""37-51"", ""conversations"": ""ideas"", ""emotional_availability"": ""ready"", ""gender"": ""woman"", ""has_children"": ""No"", ""lifestyle"": ""quiet"", ""location"": ""zone_d"", ""partner_children"": ""Prefer not to"", ""partner_smoking"": ""Open to it"", ""relationship_goal"": ""exploring"", ""relationship_pace"": ""quick"", ""relationship_structure"": ""Monogamous"", ""relocate"": ""yes"", ""schedule"": ""weekday_evening, weekend_evening"", ""smoking"": ""No"", ""space_for_relationship"": ""limited"", ""wants_children"": ""Unsure"", ""who_to_meet"": ""non-binary people, women, men""}"
syn_4405c95a56a5400ca5b3859256c7deef,33,man,zone_c,True,27-43,,,man,No,,zone_c,Open to it,Open to it,,,Monogamous,,"weekend_day, weekend_evening, weekday_evening",No,,Unsure,non-binary people,"{""age_range"": ""27-43"", ""gender"": ""man"", ""has_children"": ""No"", ""location"": ""zone_c"", ""partner_children"": ""Open to it"", ""partner_smoking"": ""Open to it"", ""relationship_structure"": ""Monogamous"", ""schedule"": ""weekend_day, weekend_evening, weekday_evening"", ""smoking"": ""No"", ""wants_children"": ""Unsure"", ""who_to_meet"": ""non-binary people""}"
syn_6fe83c7ff5e97710dbc341718e46bcd6,39,woman,zone_a,True,36-44,practical,taking_time,woman,No,mixed,zone_a,Open to it,Not compatible for me,exploring,slow,Ethically non-monogamous,yes,weekend_evening,No,limited,Unsure,women,"{""age_range"": ""36-44"", ""conversations"": ""practical"", ""emotional_availability"": ""taking_time"", ""gender"": ""woman"", ""has_children"": ""No"", ""lifestyle"": ""mixed"", ""location"": ""zone_a"", ""partner_children"": ""Open to it"", ""partner_smoking"": ""Not compatible for me"", ""relationship_goal"": ""exploring"", ""relationship_pace"": ""slow"", ""relationship_structure"": ""Ethically non-monogamous"", ""relocate"": ""yes"", ""schedule"": ""weekend_evening"", ""smoking"": ""No"", ""space_for_relationship"": ""limited"", ""wants_children"": ""Unsure"", ""who_to_meet"": ""women""}"
syn_399815501e1007dfb1a713ea80f0e372,26,woman,zone_a,True,18-31,stories,taking_time,woman,No,quiet,zone_a,Prefer not to,Not compatible for me,long_term,quick,Monogamous,no,"weekend_day, weekday_evening",No,limited,I do not want children,women,"{""age_range"": ""18-31"", ""conversations"": ""stories"", ""emotional_availability"": ""taking_time"", ""gender"": ""woman"", ""has_children"": ""No"", ""lifestyle"": ""quiet"", ""location"": ""zone_a"", ""partner_children"": ""Prefer not to"", ""partner_smoking"": ""Not compatible for me"", ""relationship_goal"": ""long_term"", ""relationship_pace"": ""quick"", ""relationship_structure"": ""Monogamous"", ""relocate"": ""no"", ""schedule"": ""weekend_day, weekday_evening"", ""smoking"": ""No"", ""space_for_relationship"": ""limited"", ""wants_children"": ""I do not want children"", ""who_to_meet"": ""women""}"
syn_9b9eb23ba1764bf3ee3eb6b3427a9f87,34,man,zone_b,True,30-40,stories,taking_time,man,No,social,zone_b,Open to it,Open to it,long_term,slow,Monogamous,unsure,weekday_evening,No,limited,I would like children,"non-binary people, women, men","{""age_range"": ""30-40"", ""conversations"": ""stories"", ""emotional_availability"": ""taking_time"", ""gender"": ""man"", ""has_children"": ""No"", ""lifestyle"": ""social"", ""location"": ""zone_b"", ""partner_children"": ""Open to it"", ""partner_smoking"": ""Open to it"", ""relationship_goal"": ""long_term"", ""relationship_pace"": ""slow"", ""relationship_structure"": ""Monogamous"", ""relocate"": ""unsure"", ""schedule"": ""weekday_evening"", ""smoking"": ""No"", ""space_for_relationship"": ""limited"", ""wants_children"": ""I would like children"", ""who_to_meet"": ""non-binary people, women, men""}"
syn_417aab129d07252e7523b04ddd848aaa,21,man,zone_b,True,18-24,stories,ready,man,No,quiet,zone_b,Prefer not to,Not compatible for me,exploring,steady,Monogamous,no,weekend_evening,Occasionally,ample,I do not want children,women,"{""age_range"": ""18-24"", ""conversations"": ""stories"", ""emotional_availability"": ""ready"", ""gender"": ""man"", ""has_children"": ""No"", ""lifestyle"": ""quiet"", ""location"": ""zone_b"", ""partner_children"": ""Prefer not to"", ""partner_smoking"": ""Not compatible for me"", ""relationship_goal"": ""exploring"", ""relationship_pace"": ""steady"", ""relationship_structure"": ""Monogamous"", ""relocate"": ""no"", ""schedule"": ""weekend_evening"", ""smoking"": ""Occasionally"", ""space_for_relationship"": ""ample"", ""wants_children"": ""I do not want children"", ""who_to_meet"": ""women""}"
syn_23fefada2c5b19650602df9e452b270c,27,woman,zone_a,True,19-33,,,woman,No,,zone_a,Prefer not to,Not compatible for me,,quick,Monogamous,,"weekend_evening, weekday_evening",No,,I would like children,women,"{""age_range"": ""19-33"", ""gender"": ""woman"", ""has_children"": ""No"", ""location"": ""zone_a"", ""partner_children"": ""Prefer not to"", ""partner_smoking"": ""Not compatible for me"", ""relationship_pace"": ""quick"", ""relationship_structure"": ""Monogamous"", ""schedule"": ""weekend_evening, weekday_evening"", ""smoking"": ""No"", ""wants_children"": ""I would like children"", ""who_to_meet"": ""women""}"
syn_be2c7e294013c733ac073fd0d21f3423,42,man,zone_c,True,,ideas,,man,,,zone_c,,,,steady,,,,,,,,"{""conversations"": ""ideas"", ""gender"": ""man"", ""location"": ""zone_c"", ""relationship_pace"": ""steady""}"
syn_92bc461db5199d18402828ef1512b58c,42,woman,zone_a,True,32-45,stories,taking_time,woman,No,social,zone_a,Prefer not to,Open to it,long_term,slow,Monogamous,no,"weekend_evening, weekday_evening",No,moderate,I would like children,"women, men","{""age_range"": ""32-45"", ""conversations"": ""stories"", ""emotional_availability"": ""taking_time"", ""gender"": ""woman"", ""has_children"": ""No"", ""lifestyle"": ""social"", ""location"": ""zone_a"", ""partner_children"": ""Prefer not to"", ""partner_smoking"": ""Open to it"", ""relationship_goal"": ""long_term"", ""relationship_pace"": ""slow"", ""relationship_structure"": ""Monogamous"", ""relocate"": ""no"", ""schedule"": ""weekend_evening, weekday_evening"", ""smoking"": ""No"", ""space_for_relationship"": ""moderate"", ""wants_children"": ""I would like children"", ""who_to_meet"": ""women, men""}"
syn_9fa7dea552910d4a7e578e38347deaf4,29,man,zone_a,True,,,,man,No,,zone_a,,,,steady,,,,,,,men,"{""gender"": ""man"", ""has_children"": ""No"", ""location"": ""zone_a"", ""relationship_pace"": ""steady"", ""who_to_meet"": ""men""}"
syn_f2e79f8642e5542b23972d216bee6c9a,40,man,zone_c,True,35-45,,taking_time,man,No,,zone_c,Prefer not to,Not compatible for me,,steady,Ethically non-monogamous,,"weekend_evening, weekday_evening",No,,I do not want children,"men, women","{""age_range"": ""35-45"", ""emotional_availability"": ""taking_time"", ""gender"": ""man"", ""has_children"": ""No"", ""location"": ""zone_c"", ""partner_children"": ""Prefer not to"", ""partner_smoking"": ""Not compatible for me"", ""relationship_pace"": ""steady"", ""relationship_structure"": ""Ethically non-monogamous"", ""schedule"": ""weekend_evening, weekday_evening"", ""smoking"": ""No"", ""wants_children"": ""I do not want children"", ""who_to_meet"": ""men, women""}"
syn_50ea39299a1dd7bb8168828cf1cf5f09,40,woman,zone_a,True,33-50,,,woman,Yes,,zone_a,Prefer not to,Not compatible for me,,steady,Monogamous,,"weekday_evening, weekend_day",No,,I would like children,non-binary people,"{""age_range"": ""33-50"", ""gender"": ""woman"", ""has_children"": ""Yes"", ""location"": ""zone_a"", ""partner_children"": ""Prefer not to"", ""partner_smoking"": ""Not compatible for me"", ""relationship_pace"": ""steady"", ""relationship_structure"": ""Monogamous"", ""schedule"": ""weekday_evening, weekend_day"", ""smoking"": ""No"", ""wants_children"": ""I would like children"", ""who_to_meet"": ""non-binary people""}"
syn_ca393031cc9c77939d82390aa8fa8cdc,22,woman,zone_a,True,18-26,ideas,ready,woman,No,mixed,zone_a,Prefer not to,Not compatible for me,exploring,steady,Ethically non-monogamous,yes,weekend_day,No,limited,I would like children,women,"{""age_range"": ""18-26"", ""conversations"": ""ideas"", ""emotional_availability"": ""ready"", ""gender"": ""woman"", ""has_children"": ""No"", ""lifestyle"": ""mixed"", ""location"": ""zone_a"", ""partner_children"": ""Prefer not to"", ""partner_smoking"": ""Not compatible for me"", ""relationship_goal"": ""exploring"", ""relationship_pace"": ""steady"", ""relationship_structure"": ""Ethically non-monogamous"", ""relocate"": ""yes"", ""schedule"": ""weekend_day"", ""smoking"": ""No"", ""space_for_relationship"": ""limited"", ""wants_children"": ""I would like children"", ""who_to_meet"": ""women""}"
syn_0b80567ead9de969ae02722c928b76e6,30,woman,zone_a,True,,,,woman,,,zone_a,,,,,Ethically non-monogamous,,,,,,,"{""gender"": ""woman"", ""location"": ""zone_a"", ""relationship_structure"": ""Ethically non-monogamous""}"
syn_e6877263afb61e122bf9e421645d7e22,38,non_binary,zone_a,True,,,ready,non_binary,,,zone_a,,,,slow,,,,,,,,"{""emotional_availability"": ""ready"", ""gender"": ""non_binary"", ""location"": ""zone_a"", ""relationship_pace"": ""slow""}"
syn_758804484523f18afae309e81e2f638e,43,man,zone_b,True,,,,man,,,zone_b,,Open to it,,,,,weekend_day,,,,,"{""gender"": ""man"", ""location"": ""zone_b"", ""partner_smoking"": ""Open to it"", ""schedule"": ""weekend_day""}"
syn_0921d5d4fa5efe86afea36e97bbd22cb,39,woman,zone_a,True,,,,woman,,,zone_a,,,,,,,,,,,,"{""gender"": ""woman"", ""location"": ""zone_a""}"
syn_fe848a0f29f2f6689a79b64a9bd16b2a,34,woman,zone_a,True,31-37,ideas,ready,woman,No,quiet,zone_a,Open to it,Not compatible for me,exploring,quick,Monogamous,yes,weekday_evening,No,limited,Unsure,men,"{""age_range"": ""31-37"", ""conversations"": ""ideas"", ""emotional_availability"": ""ready"", ""gender"": ""woman"", ""has_children"": ""No"", ""lifestyle"": ""quiet"", ""location"": ""zone_a"", ""partner_children"": ""Open to it"", ""partner_smoking"": ""Not compatible for me"", ""relationship_goal"": ""exploring"", ""relationship_pace"": ""quick"", ""relationship_structure"": ""Monogamous"", ""relocate"": ""yes"", ""schedule"": ""weekday_evening"", ""smoking"": ""No"", ""space_for_relationship"": ""limited"", ""wants_children"": ""Unsure"", ""who_to_meet"": ""men""}"
syn_aed3ea7e30e283ce82b4f69158763acd,35,man,zone_b,True,29-44,practical,taking_time,man,No,social,zone_b,Prefer not to,Not compatible for me,long_term,steady,Monogamous,yes,"weekend_day, weekend_evening",No,ample,I would like children,"men, non-binary people","{""age_range"": ""29-44"", ""conversations"": ""practical"", ""emotional_availability"": ""taking_time"", ""gender"": ""man"", ""has_children"": ""No"", ""lifestyle"": ""social"", ""location"": ""zone_b"", ""partner_children"": ""Prefer not to"", ""partner_smoking"": ""Not compatible for me"", ""relationship_goal"": ""long_term"", ""relationship_pace"": ""steady"", ""relationship_structure"": ""Monogamous"", ""relocate"": ""yes"", ""schedule"": ""weekend_day, weekend_evening"", ""smoking"": ""No"", ""space_for_relationship"": ""ample"", ""wants_children"": ""I would like children"", ""who_to_meet"": ""men, non-binary people""}"
syn_d8bc26b013d3c09839c15aeb5f6b8cb2,22,man,zone_c,True,18-27,playful,ready,man,No,social,zone_c,Prefer not to,Open to it,long_term,quick,Ethically non-monogamous,no,"weekend_day, weekday_evening",Occasionally,moderate,Unsure,women,"{""age_range"": ""18-27"", ""conversations"": ""playful"", ""emotional_availability"": ""ready"", ""gender"": ""man"", ""has_children"": ""No"", ""lifestyle"": ""social"", ""location"": ""zone_c"", ""partner_children"": ""Prefer not to"", ""partner_smoking"": ""Open to it"", ""relationship_goal"": ""long_term"", ""relationship_pace"": ""quick"", ""relationship_structure"": ""Ethically non-monogamous"", ""relocate"": ""no"", ""schedule"": ""weekend_day, weekday_evening"", ""smoking"": ""Occasionally"", ""space_for_relationship"": ""moderate"", ""wants_children"": ""Unsure"", ""who_to_meet"": ""women""}"
syn_ee1b22e21a2ba67e42ee44263820977d,36,woman,zone_a,True,29-46,,,woman,No,,zone_a,Open to it,Open to it,,,Monogamous,,"weekend_day, weekday_evening",Yes,limited,Unsure,women,"{""age_range"": ""29-46"", ""gender"": ""woman"", ""has_children"": ""No"", ""location"": ""zone_a"", ""partner_children"": ""Open to it"", ""partner_smoking"": ""Open to it"", ""relationship_structure"": ""Monogamous"", ""schedule"": ""weekend_day, weekday_evening"", ""smoking"": ""Yes"", ""space_for_relationship"": ""limited"", ""wants_children"": ""Unsure"", ""who_to_meet"": ""women""}"
syn_0e1fe175a9527ff92f59598e685cc7ee,42,woman,zone_a,True,36-52,,,woman,No,,zone_a,Open to it,Not compatible for me,,,Ethically non-monogamous,,"weekend_evening, weekend_day, weekday_evening",No,,I would like children,non-binary people,"{""age_range"": ""36-52"", ""gender"": ""woman"", ""has_children"": ""No"", ""location"": ""zone_a"", ""partner_children"": ""Open to it"", ""partner_smoking"": ""Not compatible for me"", ""relationship_structure"": ""Ethically non-monogamous"", ""schedule"": ""weekend_evening, weekend_day, weekday_evening"", ""smoking"": ""No"", ""wants_children"": ""I would like children"", ""who_to_meet"": ""non-binary people""}"
syn_38f8ebc282c05a5fabb341e9d0c0cb4d,25,man,zone_a,True,,,,man,,,zone_a,,,,,,,,,,,women,"{""gender"": ""man"", ""location"": ""zone_a"", ""who_to_meet"": ""women""}"
syn_ec5bdd9c90d5129edad23f7776d655d4,34,man,zone_a,True,,,,man,,,zone_a,,,,,Monogamous,,,Yes,,,,"{""gender"": ""man"", ""location"": ""zone_a"", ""relationship_structure"": ""Monogamous"", ""smoking"": ""Yes""}"
syn_a18815494442272660d4a49dc9ebbe5b,35,man,zone_b,True,31-41,ideas,taking_time,man,No,quiet,zone_b,Prefer not to,Not compatible for me,exploring,slow,Monogamous,no,weekend_evening,Occasionally,ample,I would like children,non-binary people,"{""age_range"": ""31-41"", ""conversations"": ""ideas"", ""emotional_availability"": ""taking_time"", ""gender"": ""man"", ""has_children"": ""No"", ""lifestyle"": ""quiet"", ""location"": ""zone_b"", ""partner_children"": ""Prefer not to"", ""partner_smoking"": ""Not compatible for me"", ""relationship_goal"": ""exploring"", ""relationship_pace"": ""slow"", ""relationship_structure"": ""Monogamous"", ""relocate"": ""no"", ""schedule"": ""weekend_evening"", ""smoking"": ""Occasionally"", ""space_for_relationship"": ""ample"", ""wants_children"": ""I would like children"", ""who_to_meet"": ""non-binary people""}"
syn_7fead21b4bacec69a251e78421c2e96b,41,non_binary,zone_c,True,,,,non_binary,,,zone_c,,,,steady,,,,,,,,"{""gender"": ""non_binary"", ""location"": ""zone_c"", ""relationship_pace"": ""steady""}"
syn_abb3f40510dd35a326d13a8f57aa0299,22,non_binary,zone_c,True,18-31,,,non_binary,No,,zone_c,Prefer not to,Open to it,,,Monogamous,,"weekend_evening, weekend_day",No,,I would like children,non-binary people,"{""age_range"": ""18-31"", ""gender"": ""non_binary"", ""has_children"": ""No"", ""location"": ""zone_c"", ""partner_children"": ""Prefer not to"", ""partner_smoking"": ""Open to it"", ""relationship_structure"": ""Monogamous"", ""schedule"": ""weekend_evening, weekend_day"", ""smoking"": ""No"", ""wants_children"": ""I would like children"", ""who_to_meet"": ""non-binary people""}"
syn_59905c9f292ee47d97bf1312a5fcaf13,21,woman,zone_b,True,18-24,stories,taking_time,woman,No,mixed,zone_b,Prefer not to,Open to it,exploring,slow,Ethically non-monogamous,yes,"weekday_evening, weekend_day, weekend_evening",Yes,ample,I would like children,women,"{""age_range"": ""18-24"", ""conversations"": ""stories"", ""emotional_availability"": ""taking_time"", ""gender"": ""woman"", ""has_children"": ""No"", ""lifestyle"": ""mixed"", ""location"": ""zone_b"", ""partner_children"": ""Prefer not to"", ""partner_smoking"": ""Open to it"", ""relationship_goal"": ""exploring"", ""relationship_pace"": ""slow"", ""relationship_structure"": ""Ethically non-monogamous"", ""relocate"": ""yes"", ""schedule"": ""weekday_evening, weekend_day, weekend_evening"", ""smoking"": ""Yes"", ""space_for_relationship"": ""ample"", ""wants_children"": ""I would like children"", ""who_to_meet"": ""women""}"
syn_e81c2b2e2a7abaa4d982c68ee0d9e649,31,woman,zone_b,True,28-37,playful,ready,woman,No,social,zone_b,Open to it,Not compatible for me,long_term,quick,Monogamous,yes,"weekend_evening, weekend_day, weekday_evening",Occasionally,limited,I do not want children,non-binary people,"{""age_range"": ""28-37"", ""conversations"": ""playful"", ""emotional_availability"": ""ready"", ""gender"": ""woman"", ""has_children"": ""No"", ""lifestyle"": ""social"", ""location"": ""zone_b"", ""partner_children"": ""Open to it"", ""partner_smoking"": ""Not compatible for me"", ""relationship_goal"": ""long_term"", ""relationship_pace"": ""quick"", ""relationship_structure"": ""Monogamous"", ""relocate"": ""yes"", ""schedule"": ""weekend_evening, weekend_day, weekday_evening"", ""smoking"": ""Occasionally"", ""space_for_relationship"": ""limited"", ""wants_children"": ""I do not want children"", ""who_to_meet"": ""non-binary people""}"
syn_3a65b9f12645a89741bff7ef7d1e4e8f,32,man,zone_c,True,,,,man,,,zone_c,,,,,,,weekend_day,,,,,"{""gender"": ""man"", ""location"": ""zone_c"", ""schedule"": ""weekend_day""}"
syn_c522ab8effc0d0aea1b702381cbbd5e8,25,woman,zone_a,True,18-31,,,woman,Yes,,zone_a,Open to it,Not compatible for me,exploring,,Monogamous,,"weekend_evening, weekday_evening",No,,I do not want children,non-binary people,"{""age_range"": ""18-31"", ""gender"": ""woman"", ""has_children"": ""Yes"", ""location"": ""zone_a"", ""partner_children"": ""Open to it"", ""partner_smoking"": ""Not compatible for me"", ""relationship_goal"": ""exploring"", ""relationship_structure"": ""Monogamous"", ""schedule"": ""weekend_evening, weekday_evening"", ""smoking"": ""No"", ""wants_children"": ""I do not want children"", ""who_to_meet"": ""non-binary people""}"
syn_3756e1ffedb7967d50244b9a9878b275,39,non_binary,zone_a,True,,,,non_binary,,,zone_a,,,,,,,,,,,,"{""gender"": ""non_binary"", ""location"": ""zone_a""}"
syn_45e42e4c0c71b023b9c360f922081b70,40,man,zone_b,True,,playful,,man,,,zone_b,,,,,,,,No,,,,"{""conversations"": ""playful"", ""gender"": ""man"", ""location"": ""zone_b"", ""smoking"": ""No""}"
syn_245d5b3d2f3176dc1ffb4b3fe03e2d89,30,man,zone_b,True,21-34,,,man,No,,zone_b,Open to it,Open to it,,,Monogamous,,"weekend_evening, weekend_day, weekday_evening",No,,I would like children,non-binary people,"{""age_range"": ""21-34"", ""gender"": ""man"", ""has_children"": ""No"", ""location"": ""zone_b"", ""partner_children"": ""Open to it"", ""partner_smoking"": ""Open to it"", ""relationship_structure"": ""Monogamous"", ""schedule"": ""weekend_evening, weekend_day, weekday_evening"", ""smoking"": ""No"", ""wants_children"": ""I would like children"", ""who_to_meet"": ""non-binary people""}"
syn_443a630b3ca8086f7d67ec70eed08f1f,31,non_binary,zone_a,True,21-36,,,non_binary,No,,zone_a,Prefer not to,Not compatible for me,,,Monogamous,,weekend_day,No,,I do not want children,men,"{""age_range"": ""21-36"", ""gender"": ""non_binary"", ""has_children"": ""No"", ""location"": ""zone_a"", ""partner_children"": ""Prefer not to"", ""partner_smoking"": ""Not compatible for me"", ""relationship_structure"": ""Monogamous"", ""schedule"": ""weekend_day"", ""smoking"": ""No"", ""wants_children"": ""I do not want children"", ""who_to_meet"": ""men""}"
syn_1fab3f903e7e09a11b8affb5bdc69d99,21,woman,zone_b,True,18-24,ideas,ready,woman,No,,zone_b,Open to it,Open to it,,,Monogamous,,"weekend_day, weekday_evening",No,,Unsure,non-binary people,"{""age_range"": ""18-24"", ""conversations"": ""ideas"", ""emotional_availability"": ""ready"", ""gender"": ""woman"", ""has_children"": ""No"", ""location"": ""zone_b"", ""partner_children"": ""Open to it"", ""partner_smoking"": ""Open to it"", ""relationship_structure"": ""Monogamous"", ""schedule"": ""weekend_day, weekday_evening"", ""smoking"": ""No"", ""wants_children"": ""Unsure"", ""who_to_meet"": ""non-binary people""}"
syn_74dd88b307dc5ec0cdb2258f78f8e0cc,42,woman,zone_b,True,36-48,stories,taking_time,woman,No,social,zone_b,Prefer not to,Not compatible for me,exploring,slow,Monogamous,yes,"weekday_evening, weekend_evening",No,ample,I would like children,non-binary people,"{""age_range"": ""36-48"", ""conversations"": ""stories"", ""emotional_availability"": ""taking_time"", ""gender"": ""woman"", ""has_children"": ""No"", ""lifestyle"": ""social"", ""location"": ""zone_b"", ""partner_children"": ""Prefer not to"", ""partner_smoking"": ""Not compatible for me"", ""relationship_goal"": ""exploring"", ""relationship_pace"": ""slow"", ""relationship_structure"": ""Monogamous"", ""relocate"": ""yes"", ""schedule"": ""weekday_evening, weekend_evening"", ""smoking"": ""No"", ""space_for_relationship"": ""ample"", ""wants_children"": ""I would like children"", ""who_to_meet"": ""non-binary people""}"
syn_b64bd556cb5e8b8e907989f58a78859a,37,woman,zone_a,True,34-44,,,woman,No,,zone_a,Open to it,Open to it,,,Ethically non-monogamous,,weekend_day,No,,I do not want children,men,"{""age_range"": ""34-44"", ""gender"": ""woman"", ""has_children"": ""No"", ""location"": ""zone_a"", ""partner_children"": ""Open to it"", ""partner_smoking"": ""Open to it"", ""relationship_structure"": ""Ethically non-monogamous"", ""schedule"": ""weekend_day"", ""smoking"": ""No"", ""wants_children"": ""I do not want children"", ""who_to_meet"": ""men""}"
syn_fc97c5ac8a004415b4bdfb8ae82fda7b,33,woman,zone_a,True,,,,woman,,,zone_a,Open to it,,,steady,,,,,,,,"{""gender"": ""woman"", ""location"": ""zone_a"", ""partner_children"": ""Open to it"", ""relationship_pace"": ""steady""}"
syn_73b5c4d3964c3332b1c0a37817ed390e,42,man,zone_c,True,,,,man,,,zone_c,,,,,,,weekend_day,,,,,"{""gender"": ""man"", ""location"": ""zone_c"", ""schedule"": ""weekend_day""}"
syn_bc0a0129a81304a8b5e02870858a57ac,43,woman,zone_a,True,39-48,practical,ready,woman,No,quiet,zone_a,Open to it,Not compatible for me,exploring,quick,Monogamous,unsure,"weekday_evening, weekend_day, weekend_evening",Yes,moderate,Unsure,men,"{""age_range"": ""39-48"", ""conversations"": ""practical"", ""emotional_availability"": ""ready"", ""gender"": ""woman"", ""has_children"": ""No"", ""lifestyle"": ""quiet"", ""location"": ""zone_a"", ""partner_children"": ""Open to it"", ""partner_smoking"": ""Not compatible for me"", ""relationship_goal"": ""exploring"", ""relationship_pace"": ""quick"", ""relationship_structure"": ""Monogamous"", ""relocate"": ""unsure"", ""schedule"": ""weekday_evening, weekend_day, weekend_evening"", ""smoking"": ""Yes"", ""space_for_relationship"": ""moderate"", ""wants_children"": ""Unsure"", ""who_to_meet"": ""men""}"
syn_72fa7f3a49551b8406189406fe067a80,21,man,zone_a,True,18-28,playful,,man,No,,zone_a,Prefer not to,Open to it,,steady,Monogamous,,"weekend_evening, weekend_day, weekday_evening",No,,Unsure,"women, non-binary people","{""age_range"": ""18-28"", ""conversations"": ""playful"", ""gender"": ""man"", ""has_children"": ""No"", ""location"": ""zone_a"", ""partner_children"": ""Prefer not to"", ""partner_smoking"": ""Open to it"", ""relationship_pace"": ""steady"", ""relationship_structure"": ""Monogamous"", ""schedule"": ""weekend_evening, weekend_day, weekday_evening"", ""smoking"": ""No"", ""wants_children"": ""Unsure"", ""who_to_meet"": ""women, non-binary people""}"
syn_875b1c6c5a3cd40c806ef3512722833e,34,man,zone_a,True,24-44,,,man,No,,zone_a,Open to it,Open to it,,,Monogamous,,"weekend_evening, weekday_evening",No,,I would like children,men,"{""age_range"": ""24-44"", ""gender"": ""man"", ""has_children"": ""No"", ""location"": ""zone_a"", ""partner_children"": ""Open to it"", ""partner_smoking"": ""Open to it"", ""relationship_structure"": ""Monogamous"", ""schedule"": ""weekend_evening, weekday_evening"", ""smoking"": ""No"", ""wants_children"": ""I would like children"", ""who_to_meet"": ""men""}"
syn_c2f85495a9b5f2462882cadfd0e7d797,34,woman,zone_a,True,,,,woman,,,zone_a,Prefer not to,,,,,,,No,,I would like children,,"{""gender"": ""woman"", ""location"": ""zone_a"", ""partner_children"": ""Prefer not to"", ""smoking"": ""No"", ""wants_children"": ""I would like children""}"
syn_f37b7db2cd4e3caf99dcada45326ece7,31,woman,zone_b,True,22-37,,ready,woman,No,,zone_b,Prefer not to,Open to it,,,Monogamous,,"weekend_day, weekend_evening",No,,I do not want children,men,"{""age_range"": ""22-37"", ""emotional_availability"": ""ready"", ""gender"": ""woman"", ""has_children"": ""No"", ""location"": ""zone_b"", ""partner_children"": ""Prefer not to"", ""partner_smoking"": ""Open to it"", ""relationship_structure"": ""Monogamous"", ""schedule"": ""weekend_day, weekend_evening"", ""smoking"": ""No"", ""wants_children"": ""I do not want children"", ""who_to_meet"": ""men""}"
syn_a7c8bcd25931438ab1bb7738b4502628,27,man,zone_c,True,,,,man,,,zone_c,,Open to it,,,,no,,,,,,"{""gender"": ""man"", ""location"": ""zone_c"", ""partner_smoking"": ""Open to it"", ""relocate"": ""no""}"
syn_7ced31fcb0b3bd40a02865a74a6fcb92,36,man,zone_a,True,,,,man,,,zone_a,,,,steady,,,,,ample,,"non-binary people, men","{""gender"": ""man"", ""location"": ""zone_a"", ""relationship_pace"": ""steady"", ""space_for_relationship"": ""ample"", ""who_to_meet"": ""non-binary people, men""}"
syn_f28444f6832dc70ff65b79d31ac79374,22,woman,zone_a,True,,,,woman,,,zone_a,,,,,,,,,,,,"{""gender"": ""woman"", ""location"": ""zone_a""}"
syn_8c39122a398b4fbbc69c4483b741a20a,42,woman,zone_b,True,32-48,,,woman,No,mixed,zone_b,Prefer not to,Open to it,,,Monogamous,,"weekday_evening, weekend_evening",Occasionally,ample,Unsure,"women, men","{""age_range"": ""32-48"", ""gender"": ""woman"", ""has_children"": ""No"", ""lifestyle"": ""mixed"", ""location"": ""zone_b"", ""partner_children"": ""Prefer not to"", ""partner_smoking"": ""Open to it"", ""relationship_structure"": ""Monogamous"", ""schedule"": ""weekday_evening, weekend_evening"", ""smoking"": ""Occasionally"", ""space_for_relationship"": ""ample"", ""wants_children"": ""Unsure"", ""who_to_meet"": ""women, men""}"
syn_b923a686ac867c0fccf2c9cc2cbde8c7,32,woman,zone_b,True,26-41,practical,ready,woman,No,social,zone_b,Open to it,Open to it,long_term,quick,Monogamous,unsure,"weekday_evening, weekend_day, weekend_evening",No,limited,I would like children,men,"{""age_range"": ""26-41"", ""conversations"": ""practical"", ""emotional_availability"": ""ready"", ""gender"": ""woman"", ""has_children"": ""No"", ""lifestyle"": ""social"", ""location"": ""zone_b"", ""partner_children"": ""Open to it"", ""partner_smoking"": ""Open to it"", ""relationship_goal"": ""long_term"", ""relationship_pace"": ""quick"", ""relationship_structure"": ""Monogamous"", ""relocate"": ""unsure"", ""schedule"": ""weekday_evening, weekend_day, weekend_evening"", ""smoking"": ""No"", ""space_for_relationship"": ""limited"", ""wants_children"": ""I would like children"", ""who_to_meet"": ""men""}"
syn_601ffd25b3471b188497aaeb8c401a99,37,woman,zone_b,True,,,,woman,,,zone_b,,,,,,,,,,,,"{""gender"": ""woman"", ""location"": ""zone_b""}"
syn_46153b3e21490c0dcdddff4ea33fa5d1,44,man,zone_a,True,40-51,stories,taking_time,man,No,mixed,zone_a,Open to it,Open to it,long_term,slow,Monogamous,no,"weekend_day, weekday_evening, weekend_evening",No,ample,Unsure,non-binary people,"{""age_range"": ""40-51"", ""conversations"": ""stories"", ""emotional_availability"": ""taking_time"", ""gender"": ""man"", ""has_children"": ""No"", ""lifestyle"": ""mixed"", ""location"": ""zone_a"", ""partner_children"": ""Open to it"", ""partner_smoking"": ""Open to it"", ""relationship_goal"": ""long_term"", ""relationship_pace"": ""slow"", ""relationship_structure"": ""Monogamous"", ""relocate"": ""no"", ""schedule"": ""weekend_day, weekday_evening, weekend_evening"", ""smoking"": ""No"", ""space_for_relationship"": ""ample"", ""wants_children"": ""Unsure"", ""who_to_meet"": ""non-binary people""}"
syn_154fa2c92626e9e40e5ef8d9410be038,31,woman,zone_a,True,,,,woman,,,zone_a,Prefer not to,,exploring,slow,,,,,,,,"{""gender"": ""woman"", ""location"": ""zone_a"", ""partner_children"": ""Prefer not to"", ""relationship_goal"": ""exploring"", ""relationship_pace"": ""slow""}"
syn_a005fdbc59c75076c16892b788a008e3,41,woman,zone_a,True,38-44,,,woman,No,,zone_a,Prefer not to,Not compatible for me,,slow,Monogamous,,"weekend_day, weekday_evening",Occasionally,ample,Unsure,women,"{""age_range"": ""38-44"", ""gender"": ""woman"", ""has_children"": ""No"", ""location"": ""zone_a"", ""partner_children"": ""Prefer not to"", ""partner_smoking"": ""Not compatible for me"", ""relationship_pace"": ""slow"", ""relationship_structure"": ""Monogamous"", ""schedule"": ""weekend_day, weekday_evening"", ""smoking"": ""Occasionally"", ""space_for_relationship"": ""ample"", ""wants_children"": ""Unsure"", ""who_to_meet"": ""women""}"
syn_6059c77c74085abb0912206d06d0d0b7,37,man,zone_c,True,,,,man,,,zone_c,,Open to it,,,,,,,,I would like children,"women, men","{""gender"": ""man"", ""location"": ""zone_c"", ""partner_smoking"": ""Open to it"", ""wants_children"": ""I would like children"", ""who_to_meet"": ""women, men""}"
syn_ba5b3cf28cc23e4a97fa0612a8050df5,21,man,zone_c,True,,,,man,,social,zone_c,,,,,,,,,,,,"{""gender"": ""man"", ""lifestyle"": ""social"", ""location"": ""zone_c""}"
syn_4f6aec2c794cd3961ebf9d3a11200acd,33,man,zone_a,True,,,,man,,,zone_a,,,long_term,,,,,,limited,,,"{""gender"": ""man"", ""location"": ""zone_a"", ""relationship_goal"": ""long_term"", ""space_for_relationship"": ""limited""}"
syn_dfe8a9f8760648c148c2e43eb19b89de,29,woman,zone_c,True,,,,woman,,,zone_c,,,,,,,"weekday_evening, weekend_evening, weekend_day",,,I would like children,,"{""gender"": ""woman"", ""location"": ""zone_c"", ""schedule"": ""weekday_evening, weekend_evening, weekend_day"", ""wants_children"": ""I would like children""}"
syn_cb1c9f942f4b1ab3b19ee7dd1e296b38,37,non_binary,zone_c,True,,,,non_binary,,,zone_c,,,,,,,,,,,,"{""gender"": ""non_binary"", ""location"": ""zone_c""}"
syn_f5ccf31a85de7020de1b076ea0b50771,37,woman,zone_a,True,,,,woman,,,zone_a,,,,,,,,,,,,"{""gender"": ""woman"", ""location"": ""zone_a""}"
syn_e836fb28ced1bf9e54b493ea49972457,33,woman,zone_a,True,25-36,,,woman,No,,zone_a,Open to it,Not compatible for me,,,Monogamous,,weekend_day,Occasionally,,I would like children,men,"{""age_range"": ""25-36"", ""gender"": ""woman"", ""has_children"": ""No"", ""location"": ""zone_a"", ""partner_children"": ""Open to it"", ""partner_smoking"": ""Not compatible for me"", ""relationship_structure"": ""Monogamous"", ""schedule"": ""weekend_day"", ""smoking"": ""Occasionally"", ""wants_children"": ""I would like children"", ""who_to_meet"": ""men""}"
syn_b00f09229a4149e198530c2561164346,35,man,zone_a,True,,,,man,,,zone_a,,Open to it,,,,,,,,,,"{""gender"": ""man"", ""location"": ""zone_a"", ""partner_smoking"": ""Open to it""}"
syn_6a0a70e102a42456541ad3688e00967c,38,woman,zone_a,True,32-48,,,woman,Yes,,zone_a,Open to it,Open to it,,quick,Monogamous,,weekend_evening,No,,Unsure,men,"{""age_range"": ""32-48"", ""gender"": ""woman"", ""has_children"": ""Yes"", ""location"": ""zone_a"", ""partner_children"": ""Open to it"", ""partner_smoking"": ""Open to it"", ""relationship_pace"": ""quick"", ""relationship_structure"": ""Monogamous"", ""schedule"": ""weekend_evening"", ""smoking"": ""No"", ""wants_children"": ""Unsure"", ""who_to_meet"": ""men""}"
syn_66d753d6a14f2fe4a18597cf6cf37ddb,22,man,zone_a,True,,,,man,,,zone_a,,,,,,,,No,,I do not want children,,"{""gender"": ""man"", ""location"": ""zone_a"", ""smoking"": ""No"", ""wants_children"": ""I do not want children""}"
syn_01639d571d85dc2ea9a0bad313cbb6fa,34,woman,zone_a,True,30-41,stories,ready,woman,Yes,quiet,zone_a,Open to it,Open to it,exploring,steady,Monogamous,unsure,"weekend_day, weekend_evening",No,ample,I would like children,"men, non-binary people","{""age_range"": ""30-41"", ""conversations"": ""stories"", ""emotional_availability"": ""ready"", ""gender"": ""woman"", ""has_children"": ""Yes"", ""lifestyle"": ""quiet"", ""location"": ""zone_a"", ""partner_children"": ""Open to it"", ""partner_smoking"": ""Open to it"", ""relationship_goal"": ""exploring"", ""relationship_pace"": ""steady"", ""relationship_structure"": ""Monogamous"", ""relocate"": ""unsure"", ""schedule"": ""weekend_day, weekend_evening"", ""smoking"": ""No"", ""space_for_relationship"": ""ample"", ""wants_children"": ""I would like children"", ""who_to_meet"": ""men, non-binary people""}"
syn_7943db275fb55131bbdb6929da1bc57f,21,woman,zone_a,True,18-30,playful,ready,woman,No,quiet,zone_a,Open to it,Not compatible for me,exploring,slow,Monogamous,yes,weekday_evening,No,limited,Unsure,women,"{""age_range"": ""18-30"", ""conversations"": ""playful"", ""emotional_availability"": ""ready"", ""gender"": ""woman"", ""has_children"": ""No"", ""lifestyle"": ""quiet"", ""location"": ""zone_a"", ""partner_children"": ""Open to it"", ""partner_smoking"": ""Not compatible for me"", ""relationship_goal"": ""exploring"", ""relationship_pace"": ""slow"", ""relationship_structure"": ""Monogamous"", ""relocate"": ""yes"", ""schedule"": ""weekday_evening"", ""smoking"": ""No"", ""space_for_relationship"": ""limited"", ""wants_children"": ""Unsure"", ""who_to_meet"": ""women""}"
syn_572733bbeb649bcd629f40c406bb38a5,42,man,zone_a,True,35-50,,,man,Yes,,zone_a,Open to it,Not compatible for me,,,Monogamous,,"weekend_evening, weekday_evening, weekend_day",No,,I do not want children,men,"{""age_range"": ""35-50"", ""gender"": ""man"", ""has_children"": ""Yes"", ""location"": ""zone_a"", ""partner_children"": ""Open to it"", ""partner_smoking"": ""Not compatible for me"", ""relationship_structure"": ""Monogamous"", ""schedule"": ""weekend_evening, weekday_evening, weekend_day"", ""smoking"": ""No"", ""wants_children"": ""I do not want children"", ""who_to_meet"": ""men""}"
syn_395b967214926c08e0140e09fe6780da,38,woman,zone_a,True,33-42,playful,taking_time,woman,Yes,quiet,zone_a,Open to it,Open to it,exploring,slow,Monogamous,no,"weekday_evening, weekend_day, weekend_evening",No,ample,Unsure,men,"{""age_range"": ""33-42"", ""conversations"": ""playful"", ""emotional_availability"": ""taking_time"", ""gender"": ""woman"", ""has_children"": ""Yes"", ""lifestyle"": ""quiet"", ""location"": ""zone_a"", ""partner_children"": ""Open to it"", ""partner_smoking"": ""Open to it"", ""relationship_goal"": ""exploring"", ""relationship_pace"": ""slow"", ""relationship_structure"": ""Monogamous"", ""relocate"": ""no"", ""schedule"": ""weekday_evening, weekend_day, weekend_evening"", ""smoking"": ""No"", ""space_for_relationship"": ""ample"", ""wants_children"": ""Unsure"", ""who_to_meet"": ""men""}"
syn_899dc40289039e438025aa0395b0976f,28,man,zone_c,True,,,,man,,social,zone_c,,,,,,,weekend_day,,,,,"{""gender"": ""man"", ""lifestyle"": ""social"", ""location"": ""zone_c"", ""schedule"": ""weekend_day""}"
syn_af959818947df43f7875faa2039989b1,28,man,zone_a,True,,,taking_time,man,,,zone_a,,,,,,,,,,,,"{""emotional_availability"": ""taking_time"", ""gender"": ""man"", ""location"": ""zone_a""}"
syn_7ea24ae1bc6dd1bf483a695694b4de60,45,man,zone_a,True,38-48,practical,,man,Yes,,zone_a,Prefer not to,Not compatible for me,,,Monogamous,,"weekend_evening, weekday_evening",No,,Unsure,"men, women, non-binary people","{""age_range"": ""38-48"", ""conversations"": ""practical"", ""gender"": ""man"", ""has_children"": ""Yes"", ""location"": ""zone_a"", ""partner_children"": ""Prefer not to"", ""partner_smoking"": ""Not compatible for me"", ""relationship_structure"": ""Monogamous"", ""schedule"": ""weekend_evening, weekday_evening"", ""smoking"": ""No"", ""wants_children"": ""Unsure"", ""who_to_meet"": ""men, women, non-binary people""}"
syn_c37cfe90971bfa9a2ae256492019c60c,43,woman,zone_b,True,37-49,,,woman,No,,zone_b,Open to it,Not compatible for me,,,Monogamous,,"weekday_evening, weekend_evening",Occasionally,,Unsure,women,"{""age_range"": ""37-49"", ""gender"": ""woman"", ""has_children"": ""No"", ""location"": ""zone_b"", ""partner_children"": ""Open to it"", ""partner_smoking"": ""Not compatible for me"", ""relationship_structure"": ""Monogamous"", ""schedule"": ""weekday_evening, weekend_evening"", ""smoking"": ""Occasionally"", ""wants_children"": ""Unsure"", ""who_to_meet"": ""women""}"
syn_b4e4ce7c2881670a12de4cc507059e9e,37,man,zone_b,True,30-40,stories,ready,man,No,quiet,zone_b,Prefer not to,Not compatible for me,long_term,steady,Monogamous,yes,"weekend_day, weekday_evening",Occasionally,limited,I would like children,men,"{""age_range"": ""30-40"", ""conversations"": ""stories"", ""emotional_availability"": ""ready"", ""gender"": ""man"", ""has_children"": ""No"", ""lifestyle"": ""quiet"", ""location"": ""zone_b"", ""partner_children"": ""Prefer not to"", ""partner_smoking"": ""Not compatible for me"", ""relationship_goal"": ""long_term"", ""relationship_pace"": ""steady"", ""relationship_structure"": ""Monogamous"", ""relocate"": ""yes"", ""schedule"": ""weekend_day, weekday_evening"", ""smoking"": ""Occasionally"", ""space_for_relationship"": ""limited"", ""wants_children"": ""I would like children"", ""who_to_meet"": ""men""}"
syn_90b20ab529b035956cabd80f2914222c,46,woman,zone_a,True,,,,woman,,,zone_a,,,,,,,,,,,,"{""gender"": ""woman"", ""location"": ""zone_a""}"
syn_52bea84dd5f87d01e4cb9f99f1d15eeb,22,woman,zone_b,True,18-28,ideas,taking_time,woman,No,social,zone_b,Prefer not to,Not compatible for me,exploring,quick,Monogamous,yes,weekend_evening,No,moderate,Unsure,"non-binary people, women, men","{""age_range"": ""18-28"", ""conversations"": ""ideas"", ""emotional_availability"": ""taking_time"", ""gender"": ""woman"", ""has_children"": ""No"", ""lifestyle"": ""social"", ""location"": ""zone_b"", ""partner_children"": ""Prefer not to"", ""partner_smoking"": ""Not compatible for me"", ""relationship_goal"": ""exploring"", ""relationship_pace"": ""quick"", ""relationship_structure"": ""Monogamous"", ""relocate"": ""yes"", ""schedule"": ""weekend_evening"", ""smoking"": ""No"", ""space_for_relationship"": ""moderate"", ""wants_children"": ""Unsure"", ""who_to_meet"": ""non-binary people, women, men""}"
syn_e42956bd3ad3d0ab962031c145e0e8f5,45,non_binary,zone_a,True,36-54,,,non_binary,No,,zone_a,Open to it,Not compatible for me,,quick,Monogamous,,"weekend_evening, weekday_evening, weekend_day",No,,I would like children,men,"{""age_range"": ""36-54"", ""gender"": ""non_binary"", ""has_children"": ""No"", ""location"": ""zone_a"", ""partner_children"": ""Open to it"", ""partner_smoking"": ""Not compatible for me"", ""relationship_pace"": ""quick"", ""relationship_structure"": ""Monogamous"", ""schedule"": ""weekend_evening, weekday_evening, weekend_day"", ""smoking"": ""No"", ""wants_children"": ""I would like children"", ""who_to_meet"": ""men""}"
syn_107ad6c4147c5cb645061a2979f74e3a,29,man,zone_c,True,,,,man,,,zone_c,,,,,,,,,,,,"{""gender"": ""man"", ""location"": ""zone_c""}"
syn_abc2784933f4c824d0787f6bc2387218,28,man,zone_c,True,22-34,,,man,No,,zone_c,Open to it,Open to it,,,Monogamous,,weekday_evening,No,,I do not want children,men,"{""age_range"": ""22-34"", ""gender"": ""man"", ""has_children"": ""No"", ""location"": ""zone_c"", ""partner_children"": ""Open to it"", ""partner_smoking"": ""Open to it"", ""relationship_structure"": ""Monogamous"", ""schedule"": ""weekday_evening"", ""smoking"": ""No"", ""wants_children"": ""I do not want children"", ""who_to_meet"": ""men""}"
syn_9c140ae8d2d6c9a3ee6c2db2dd2c6b9c,27,woman,zone_a,True,21-33,,,woman,No,,zone_a,Prefer not to,Not compatible for me,,,Monogamous,,weekend_day,Occasionally,,I would like children,non-binary people,"{""age_range"": ""21-33"", ""gender"": ""woman"", ""has_children"": ""No"", ""location"": ""zone_a"", ""partner_children"": ""Prefer not to"", ""partner_smoking"": ""Not compatible for me"", ""relationship_structure"": ""Monogamous"", ""schedule"": ""weekend_day"", ""smoking"": ""Occasionally"", ""wants_children"": ""I would like children"", ""who_to_meet"": ""non-binary people""}"
syn_c917b2bc447673d74236e7a2dd16c6e6,30,woman,zone_c,True,,,,woman,No,,zone_c,,,,,,,,,,I do not want children,,"{""gender"": ""woman"", ""has_children"": ""No"", ""location"": ""zone_c"", ""wants_children"": ""I do not want children""}"
syn_80477fea849604e146069caac1cbd7a3,39,man,zone_a,True,,,,man,No,,zone_a,,,,,,,,,,,,"{""gender"": ""man"", ""has_children"": ""No"", ""location"": ""zone_a""}"
syn_a0b2947cb481f86d55618ddadbd44f63,40,man,zone_a,True,,,,man,,,zone_a,,,,,,,,,,,,"{""gender"": ""man"", ""location"": ""zone_a""}"
syn_4fe3ee745aa0a0513d715c1f5e333848,46,woman,zone_a,True,37-51,,,woman,No,,zone_a,Open to it,Open to it,exploring,,Monogamous,yes,"weekend_day, weekday_evening",No,,Unsure,men,"{""age_range"": ""37-51"", ""gender"": ""woman"", ""has_children"": ""No"", ""location"": ""zone_a"", ""partner_children"": ""Open to it"", ""partner_smoking"": ""Open to it"", ""relationship_goal"": ""exploring"", ""relationship_structure"": ""Monogamous"", ""relocate"": ""yes"", ""schedule"": ""weekend_day, weekday_evening"", ""smoking"": ""No"", ""wants_children"": ""Unsure"", ""who_to_meet"": ""men""}"
syn_03337154da48057c40de9e9d5daf2498,37,man,zone_a,True,31-41,playful,ready,man,No,social,zone_a,Open to it,Open to it,exploring,slow,Monogamous,yes,weekend_day,No,ample,I would like children,non-binary people,"{""age_range"": ""31-41"", ""conversations"": ""playful"", ""emotional_availability"": ""ready"", ""gender"": ""man"", ""has_children"": ""No"", ""lifestyle"": ""social"", ""location"": ""zone_a"", ""partner_children"": ""Open to it"", ""partner_smoking"": ""Open to it"", ""relationship_goal"": ""exploring"", ""relationship_pace"": ""slow"", ""relationship_structure"": ""Monogamous"", ""relocate"": ""yes"", ""schedule"": ""weekend_day"", ""smoking"": ""No"", ""space_for_relationship"": ""ample"", ""wants_children"": ""I would like children"", ""who_to_meet"": ""non-binary people""}"
syn_938533b6ed1b3352a3eeee11e0e010f7,28,man,zone_b,True,23-33,ideas,,man,No,social,zone_b,Open to it,Not compatible for me,,,Monogamous,,"weekday_evening, weekend_evening, weekend_day",No,,I do not want children,"non-binary people, women, men","{""age_range"": ""23-33"", ""conversations"": ""ideas"", ""gender"": ""man"", ""has_children"": ""No"", ""lifestyle"": ""social"", ""location"": ""zone_b"", ""partner_children"": ""Open to it"", ""partner_smoking"": ""Not compatible for me"", ""relationship_structure"": ""Monogamous"", ""schedule"": ""weekday_evening, weekend_evening, weekend_day"", ""smoking"": ""No"", ""wants_children"": ""I do not want children"", ""who_to_meet"": ""non-binary people, women, men""}"
syn_83dec6ec1106acd6206f7a0f53acda95,38,man,zone_a,True,,,,man,No,,zone_a,,,,,,,,,ample,,,"{""gender"": ""man"", ""has_children"": ""No"", ""location"": ""zone_a"", ""space_for_relationship"": ""ample""}"
syn_49aa062858abc6e6de8783ba7f24bef3,43,man,zone_b,True,35-48,ideas,ready,man,No,social,zone_b,Prefer not to,Open to it,long_term,quick,Monogamous,yes,"weekend_day, weekend_evening, weekday_evening",No,moderate,Unsure,non-binary people,"{""age_range"": ""35-48"", ""conversations"": ""ideas"", ""emotional_availability"": ""ready"", ""gender"": ""man"", ""has_children"": ""No"", ""lifestyle"": ""social"", ""location"": ""zone_b"", ""partner_children"": ""Prefer not to"", ""partner_smoking"": ""Open to it"", ""relationship_goal"": ""long_term"", ""relationship_pace"": ""quick"", ""relationship_structure"": ""Monogamous"", ""relocate"": ""yes"", ""schedule"": ""weekend_day, weekend_evening, weekday_evening"", ""smoking"": ""No"", ""space_for_relationship"": ""moderate"", ""wants_children"": ""Unsure"", ""who_to_meet"": ""non-binary people""}"
syn_06c6a93d496d809575d704f32cbdca19,28,woman,zone_a,True,19-38,,,woman,No,,zone_a,Open to it,Not compatible for me,,,Monogamous,unsure,"weekend_evening, weekday_evening",No,moderate,Unsure,"non-binary people, men","{""age_range"": ""19-38"", ""gender"": ""woman"", ""has_children"": ""No"", ""location"": ""zone_a"", ""partner_children"": ""Open to it"", ""partner_smoking"": ""Not compatible for me"", ""relationship_structure"": ""Monogamous"", ""relocate"": ""unsure"", ""schedule"": ""weekend_evening, weekday_evening"", ""smoking"": ""No"", ""space_for_relationship"": ""moderate"", ""wants_children"": ""Unsure"", ""who_to_meet"": ""non-binary people, men""}"
syn_366a357dac719d4d13550d2f27a903ec,40,man,zone_b,True,30-46,ideas,taking_time,man,No,social,zone_b,Open to it,Open to it,exploring,quick,Monogamous,yes,"weekend_day, weekend_evening, weekday_evening",Occasionally,limited,Unsure,non-binary people,"{""age_range"": ""30-46"", ""conversations"": ""ideas"", ""emotional_availability"": ""taking_time"", ""gender"": ""man"", ""has_children"": ""No"", ""lifestyle"": ""social"", ""location"": ""zone_b"", ""partner_children"": ""Open to it"", ""partner_smoking"": ""Open to it"", ""relationship_goal"": ""exploring"", ""relationship_pace"": ""quick"", ""relationship_structure"": ""Monogamous"", ""relocate"": ""yes"", ""schedule"": ""weekend_day, weekend_evening, weekday_evening"", ""smoking"": ""Occasionally"", ""space_for_relationship"": ""limited"", ""wants_children"": ""Unsure"", ""who_to_meet"": ""non-binary people""}"
syn_1b184e95022de898923462253f4ad12b,22,woman,zone_a,True,,,,woman,,,zone_a,,,,,Monogamous,,,,,,,"{""gender"": ""woman"", ""location"": ""zone_a"", ""relationship_structure"": ""Monogamous""}"
syn_2498b1dc356de003c3825324d212befd,30,man,zone_a,True,26-38,practical,ready,man,No,social,zone_a,Prefer not to,Open to it,exploring,steady,Monogamous,unsure,weekday_evening,No,limited,I do not want children,"non-binary people, men, women","{""age_range"": ""26-38"", ""conversations"": ""practical"", ""emotional_availability"": ""ready"", ""gender"": ""man"", ""has_children"": ""No"", ""lifestyle"": ""social"", ""location"": ""zone_a"", ""partner_children"": ""Prefer not to"", ""partner_smoking"": ""Open to it"", ""relationship_goal"": ""exploring"", ""relationship_pace"": ""steady"", ""relationship_structure"": ""Monogamous"", ""relocate"": ""unsure"", ""schedule"": ""weekday_evening"", ""smoking"": ""No"", ""space_for_relationship"": ""limited"", ""wants_children"": ""I do not want children"", ""who_to_meet"": ""non-binary people, men, women""}"
syn_ecbd3bbd6e4c680ef019ea1a697e69b1,27,man,zone_a,True,23-31,,,man,No,,zone_a,Open to it,Not compatible for me,,,Monogamous,,weekend_day,Occasionally,,Unsure,non-binary people,"{""age_range"": ""23-31"", ""gender"": ""man"", ""has_children"": ""No"", ""location"": ""zone_a"", ""partner_children"": ""Open to it"", ""partner_smoking"": ""Not compatible for me"", ""relationship_structure"": ""Monogamous"", ""schedule"": ""weekend_day"", ""smoking"": ""Occasionally"", ""wants_children"": ""Unsure"", ""who_to_meet"": ""non-binary people""}"
syn_57ac2de59c20dfd75914b386872baec8,45,woman,zone_a,True,36-53,,,woman,No,,zone_a,Open to it,Open to it,,,Monogamous,,weekday_evening,No,ample,I would like children,non-binary people,"{""age_range"": ""36-53"", ""gender"": ""woman"", ""has_children"": ""No"", ""location"": ""zone_a"", ""partner_children"": ""Open to it"", ""partner_smoking"": ""Open to it"", ""relationship_structure"": ""Monogamous"", ""schedule"": ""weekday_evening"", ""smoking"": ""No"", ""space_for_relationship"": ""ample"", ""wants_children"": ""I would like children"", ""who_to_meet"": ""non-binary people""}"
syn_b1d3de98197343cbb4b948b466737fc1,45,man,zone_a,True,36-50,,,man,No,,zone_a,Open to it,Open to it,,,Ethically non-monogamous,unsure,"weekend_day, weekend_evening, weekday_evening",No,limited,I would like children,"non-binary people, women, men","{""age_range"": ""36-50"", ""gender"": ""man"", ""has_children"": ""No"", ""location"": ""zone_a"", ""partner_children"": ""Open to it"", ""partner_smoking"": ""Open to it"", ""relationship_structure"": ""Ethically non-monogamous"", ""relocate"": ""unsure"", ""schedule"": ""weekend_day, weekend_evening, weekday_evening"", ""smoking"": ""No"", ""space_for_relationship"": ""limited"", ""wants_children"": ""I would like children"", ""who_to_meet"": ""non-binary people, women, men""}"
syn_664d91e54ac84101c9455adeb1f76e58,30,man,zone_a,True,22-40,playful,taking_time,man,No,mixed,zone_a,Open to it,Open to it,long_term,quick,Monogamous,no,"weekend_evening, weekend_day, weekday_evening",No,moderate,Unsure,"men, women","{""age_range"": ""22-40"", ""conversations"": ""playful"", ""emotional_availability"": ""taking_time"", ""gender"": ""man"", ""has_children"": ""No"", ""lifestyle"": ""mixed"", ""location"": ""zone_a"", ""partner_children"": ""Open to it"", ""partner_smoking"": ""Open to it"", ""relationship_goal"": ""long_term"", ""relationship_pace"": ""quick"", ""relationship_structure"": ""Monogamous"", ""relocate"": ""no"", ""schedule"": ""weekend_evening, weekend_day, weekday_evening"", ""smoking"": ""No"", ""space_for_relationship"": ""moderate"", ""wants_children"": ""Unsure"", ""who_to_meet"": ""men, women""}"
syn_079e4c66c002f01360d6eac90cbb7f10,26,woman,zone_c,True,,,,woman,,,zone_c,,,,,,,,,,,,"{""gender"": ""woman"", ""location"": ""zone_c""}"
syn_10f4706b1205e110708474233073766f,42,man,zone_c,True,,,,man,,,zone_c,,,,,,,,,,,,"{""gender"": ""man"", ""location"": ""zone_c""}"
syn_a9522305356dba8541a258a4a5ff316d,43,woman,zone_a,True,36-51,ideas,taking_time,woman,Yes,mixed,zone_a,Prefer not to,Not compatible for me,long_term,quick,Monogamous,no,"weekend_evening, weekend_day",Occasionally,moderate,I would like children,men,"{""age_range"": ""36-51"", ""conversations"": ""ideas"", ""emotional_availability"": ""taking_time"", ""gender"": ""woman"", ""has_children"": ""Yes"", ""lifestyle"": ""mixed"", ""location"": ""zone_a"", ""partner_children"": ""Prefer not to"", ""partner_smoking"": ""Not compatible for me"", ""relationship_goal"": ""long_term"", ""relationship_pace"": ""quick"", ""relationship_structure"": ""Monogamous"", ""relocate"": ""no"", ""schedule"": ""weekend_evening, weekend_day"", ""smoking"": ""Occasionally"", ""space_for_relationship"": ""moderate"", ""wants_children"": ""I would like children"", ""who_to_meet"": ""men""}"
syn_730902ccb1e8843f663686decde0103d,42,woman,zone_a,True,38-50,stories,ready,woman,No,quiet,zone_a,Prefer not to,Open to it,long_term,steady,Ethically non-monogamous,unsure,weekend_evening,Occasionally,ample,I would like children,"non-binary people, women","{""age_range"": ""38-50"", ""conversations"": ""stories"", ""emotional_availability"": ""ready"", ""gender"": ""woman"", ""has_children"": ""No"", ""lifestyle"": ""quiet"", ""location"": ""zone_a"", ""partner_children"": ""Prefer not to"", ""partner_smoking"": ""Open to it"", ""relationship_goal"": ""long_term"", ""relationship_pace"": ""steady"", ""relationship_structure"": ""Ethically non-monogamous"", ""relocate"": ""unsure"", ""schedule"": ""weekend_evening"", ""smoking"": ""Occasionally"", ""space_for_relationship"": ""ample"", ""wants_children"": ""I would like children"", ""who_to_meet"": ""non-binary people, women""}"
syn_8dca0eb1396466d541b4cb63c7698d9e,46,man,zone_d,True,36-55,playful,,man,Yes,,zone_d,Open to it,Open to it,,,Ethically non-monogamous,,"weekend_evening, weekend_day, weekday_evening",No,,I do not want children,men,"{""age_range"": ""36-55"", ""conversations"": ""playful"", ""gender"": ""man"", ""has_children"": ""Yes"", ""location"": ""zone_d"", ""partner_children"": ""Open to it"", ""partner_smoking"": ""Open to it"", ""relationship_structure"": ""Ethically non-monogamous"", ""schedule"": ""weekend_evening, weekend_day, weekday_evening"", ""smoking"": ""No"", ""wants_children"": ""I do not want children"", ""who_to_meet"": ""men""}"
syn_28da624569efb20e864cd88321526064,43,man,zone_a,True,,,,man,,,zone_a,,,exploring,,,,,,,,,"{""gender"": ""man"", ""location"": ""zone_a"", ""relationship_goal"": ""exploring""}"
syn_e2e181499dcf7908fdef35663b9adb7e,39,woman,zone_c,True,33-43,playful,taking_time,woman,No,quiet,zone_c,Open to it,Not compatible for me,long_term,slow,Monogamous,yes,"weekend_day, weekday_evening, weekend_evening",Yes,ample,Unsure,women,"{""age_range"": ""33-43"", ""conversations"": ""playful"", ""emotional_availability"": ""taking_time"", ""gender"": ""woman"", ""has_children"": ""No"", ""lifestyle"": ""quiet"", ""location"": ""zone_c"", ""partner_children"": ""Open to it"", ""partner_smoking"": ""Not compatible for me"", ""relationship_goal"": ""long_term"", ""relationship_pace"": ""slow"", ""relationship_structure"": ""Monogamous"", ""relocate"": ""yes"", ""schedule"": ""weekend_day, weekday_evening, weekend_evening"", ""smoking"": ""Yes"", ""space_for_relationship"": ""ample"", ""wants_children"": ""Unsure"", ""who_to_meet"": ""women""}"
syn_6a6823ceee9dd6b79387201ffb471503,23,man,zone_a,True,18-28,playful,ready,man,No,quiet,zone_a,Open to it,Not compatible for me,exploring,slow,Ethically non-monogamous,unsure,"weekend_day, weekend_evening, weekday_evening",No,ample,Unsure,women,"{""age_range"": ""18-28"", ""conversations"": ""playful"", ""emotional_availability"": ""ready"", ""gender"": ""man"", ""has_children"": ""No"", ""lifestyle"": ""quiet"", ""location"": ""zone_a"", ""partner_children"": ""Open to it"", ""partner_smoking"": ""Not compatible for me"", ""relationship_goal"": ""exploring"", ""relationship_pace"": ""slow"", ""relationship_structure"": ""Ethically non-monogamous"", ""relocate"": ""unsure"", ""schedule"": ""weekend_day, weekend_evening, weekday_evening"", ""smoking"": ""No"", ""space_for_relationship"": ""ample"", ""wants_children"": ""Unsure"", ""who_to_meet"": ""women""}"
syn_8e937cd663d14a374d74504b2167f196,36,man,zone_a,True,30-42,,,man,Yes,mixed,zone_a,Open to it,Not compatible for me,,,Monogamous,,"weekend_day, weekday_evening, weekend_evening",Occasionally,moderate,I do not want children,non-binary people,"{""age_range"": ""30-42"", ""gender"": ""man"", ""has_children"": ""Yes"", ""lifestyle"": ""mixed"", ""location"": ""zone_a"", ""partner_children"": ""Open to it"", ""partner_smoking"": ""Not compatible for me"", ""relationship_structure"": ""Monogamous"", ""schedule"": ""weekend_day, weekday_evening, weekend_evening"", ""smoking"": ""Occasionally"", ""space_for_relationship"": ""moderate"", ""wants_children"": ""I do not want children"", ""who_to_meet"": ""non-binary people""}"
syn_42eb68220981f755046bf98b450377e3,21,man,zone_a,True,18-25,,,man,No,,zone_a,Open to it,Open to it,,,Ethically non-monogamous,,"weekend_day, weekday_evening, weekend_evening",No,,I would like children,"women, non-binary people, men","{""age_range"": ""18-25"", ""gender"": ""man"", ""has_children"": ""No"", ""location"": ""zone_a"", ""partner_children"": ""Open to it"", ""partner_smoking"": ""Open to it"", ""relationship_structure"": ""Ethically non-monogamous"", ""schedule"": ""weekend_day, weekday_evening, weekend_evening"", ""smoking"": ""No"", ""wants_children"": ""I would like children"", ""who_to_meet"": ""women, non-binary people, men""}"
syn_8b671418e39d54beeba99d9a5d38fe6d,23,woman,zone_c,True,18-32,stories,ready,woman,No,quiet,zone_c,Open to it,Open to it,exploring,slow,Monogamous,unsure,"weekend_day, weekend_evening",No,ample,Unsure,women,"{""age_range"": ""18-32"", ""conversations"": ""stories"", ""emotional_availability"": ""ready"", ""gender"": ""woman"", ""has_children"": ""No"", ""lifestyle"": ""quiet"", ""location"": ""zone_c"", ""partner_children"": ""Open to it"", ""partner_smoking"": ""Open to it"", ""relationship_goal"": ""exploring"", ""relationship_pace"": ""slow"", ""relationship_structure"": ""Monogamous"", ""relocate"": ""unsure"", ""schedule"": ""weekend_day, weekend_evening"", ""smoking"": ""No"", ""space_for_relationship"": ""ample"", ""wants_children"": ""Unsure"", ""who_to_meet"": ""women""}"
syn_86a30dc2536f37c5d0a2a5cb696eb072,27,man,zone_a,True,,,,man,,,zone_a,,,,,Monogamous,,,,,,,"{""gender"": ""man"", ""location"": ""zone_a"", ""relationship_structure"": ""Monogamous""}"
syn_823dd9a33a6d0b232085b88f25d4b92b,37,man,zone_a,True,,,,man,,,zone_a,Prefer not to,,,,,,,,limited,,,"{""gender"": ""man"", ""location"": ""zone_a"", ""partner_children"": ""Prefer not to"", ""space_for_relationship"": ""limited""}"
syn_a86e57ed18a5f9ff6d38198f151236ec,37,man,zone_a,True,,,,man,,,zone_a,,,,,,,,,,,,"{""gender"": ""man"", ""location"": ""zone_a""}"
syn_bd7ac000c71df28fa0ee9fd90081ab7c,37,man,zone_a,True,,,,man,,,zone_a,,,,,,,,,,,,"{""gender"": ""man"", ""location"": ""zone_a""}"
syn_c0a3d94528ea4032ce611009fcbac175,33,man,zone_d,True,,,,man,,social,zone_d,,,,,,,,,,,,"{""gender"": ""man"", ""lifestyle"": ""social"", ""location"": ""zone_d""}"
syn_5a23a537897a87e452157802beeeb09e,24,man,zone_a,True,18-33,,ready,man,No,,zone_a,Open to it,Open to it,exploring,,Monogamous,,weekend_day,No,,I would like children,"men, women","{""age_range"": ""18-33"", ""emotional_availability"": ""ready"", ""gender"": ""man"", ""has_children"": ""No"", ""location"": ""zone_a"", ""partner_children"": ""Open to it"", ""partner_smoking"": ""Open to it"", ""relationship_goal"": ""exploring"", ""relationship_structure"": ""Monogamous"", ""schedule"": ""weekend_day"", ""smoking"": ""No"", ""wants_children"": ""I would like children"", ""who_to_meet"": ""men, women""}"
syn_a6ac730a7422dc42e543fc3d84f9da31,34,man,zone_a,True,27-37,practical,taking_time,man,No,mixed,zone_a,Open to it,Not compatible for me,exploring,steady,Monogamous,unsure,"weekend_evening, weekend_day",No,moderate,Unsure,non-binary people,"{""age_range"": ""27-37"", ""conversations"": ""practical"", ""emotional_availability"": ""taking_time"", ""gender"": ""man"", ""has_children"": ""No"", ""lifestyle"": ""mixed"", ""location"": ""zone_a"", ""partner_children"": ""Open to it"", ""partner_smoking"": ""Not compatible for me"", ""relationship_goal"": ""exploring"", ""relationship_pace"": ""steady"", ""relationship_structure"": ""Monogamous"", ""relocate"": ""unsure"", ""schedule"": ""weekend_evening, weekend_day"", ""smoking"": ""No"", ""space_for_relationship"": ""moderate"", ""wants_children"": ""Unsure"", ""who_to_meet"": ""non-binary people""}"
syn_9765e449ae215cfcc69e599f86ffbd9f,32,man,zone_b,True,,,,man,,,zone_b,,,exploring,,,,,,,,,"{""gender"": ""man"", ""location"": ""zone_b"", ""relationship_goal"": ""exploring""}"
syn_d6b73be38eda52db3025a5b96af5b58e,37,non_binary,zone_a,True,31-43,ideas,taking_time,non_binary,No,mixed,zone_a,Open to it,Open to it,long_term,quick,Ethically non-monogamous,no,weekend_day,No,ample,I would like children,women,"{""age_range"": ""31-43"", ""conversations"": ""ideas"", ""emotional_availability"": ""taking_time"", ""gender"": ""non_binary"", ""has_children"": ""No"", ""lifestyle"": ""mixed"", ""location"": ""zone_a"", ""partner_children"": ""Open to it"", ""partner_smoking"": ""Open to it"", ""relationship_goal"": ""long_term"", ""relationship_pace"": ""quick"", ""relationship_structure"": ""Ethically non-monogamous"", ""relocate"": ""no"", ""schedule"": ""weekend_day"", ""smoking"": ""No"", ""space_for_relationship"": ""ample"", ""wants_children"": ""I would like children"", ""who_to_meet"": ""women""}"
syn_bf058d621c18e8c309413475a63439c0,22,woman,zone_b,True,18-31,playful,taking_time,woman,No,social,zone_b,Open to it,Open to it,long_term,slow,Monogamous,yes,"weekend_day, weekday_evening",Occasionally,moderate,Unsure,non-binary people,"{""age_range"": ""18-31"", ""conversations"": ""playful"", ""emotional_availability"": ""taking_time"", ""gender"": ""woman"", ""has_children"": ""No"", ""lifestyle"": ""social"", ""location"": ""zone_b"", ""partner_children"": ""Open to it"", ""partner_smoking"": ""Open to it"", ""relationship_goal"": ""long_term"", ""relationship_pace"": ""slow"", ""relationship_structure"": ""Monogamous"", ""relocate"": ""yes"", ""schedule"": ""weekend_day, weekday_evening"", ""smoking"": ""Occasionally"", ""space_for_relationship"": ""moderate"", ""wants_children"": ""Unsure"", ""who_to_meet"": ""non-binary people""}"
syn_5101ee98621b0a0aa0efcc363c546da1,30,woman,zone_b,True,21-39,playful,taking_time,woman,No,quiet,zone_b,Open to it,Open to it,long_term,steady,Monogamous,unsure,"weekday_evening, weekend_evening",Occasionally,moderate,Unsure,women,"{""age_range"": ""21-39"", ""conversations"": ""playful"", ""emotional_availability"": ""taking_time"", ""gender"": ""woman"", ""has_children"": ""No"", ""lifestyle"": ""quiet"", ""location"": ""zone_b"", ""partner_children"": ""Open to it"", ""partner_smoking"": ""Open to it"", ""relationship_goal"": ""long_term"", ""relationship_pace"": ""steady"", ""relationship_structure"": ""Monogamous"", ""relocate"": ""unsure"", ""schedule"": ""weekday_evening, weekend_evening"", ""smoking"": ""Occasionally"", ""space_for_relationship"": ""moderate"", ""wants_children"": ""Unsure"", ""who_to_meet"": ""women""}"
syn_2cbc418ebac399b8bd636a099732065d,46,man,zone_b,True,42-51,,,man,No,,zone_b,Prefer not to,Open to it,,,Monogamous,,weekday_evening,Occasionally,,I would like children,women,"{""age_range"": ""42-51"", ""gender"": ""man"", ""has_children"": ""No"", ""location"": ""zone_b"", ""partner_children"": ""Prefer not to"", ""partner_smoking"": ""Open to it"", ""relationship_structure"": ""Monogamous"", ""schedule"": ""weekday_evening"", ""smoking"": ""Occasionally"", ""wants_children"": ""I would like children"", ""who_to_meet"": ""women""}"
