dataset,episode_id,day,user_a,user_b,eligibility,soft_score,hard_confidence,decision_type,selected
public_01,public_01_day_3,3,syn_6f243cc46db344937a9a55d12b2ee6ba,syn_2c58ea5d2ea2e4555f06d987546aaf99,FEASIBLE,0.0,1.0,EXPLORATION,1
public_01,public_01_day_3,3,syn_6f243cc46db344937a9a55d12b2ee6ba,syn_337d765b9764b8a2ee932deabdac71bc,FEASIBLE,0.0,1.0,EXPLORATION,0
public_01,public_01_day_4,4,syn_ee6abfe4319122c923a1a5aad57e66d6,syn_c430220c3b380c7f5245206579ef8b20,FEASIBLE,0.7,1.0,EXPLORATION,1
public_01,public_01_day_4,4,syn_1e8bad18a1c14d863cef63a9970d8344,syn_6cfb88f980ceab7343e2bdd152490fdd,FEASIBLE,0.15000000000000002,1.0,EXPLORATION,1
public_01,public_01_day_4,4,syn_6f243cc46db344937a9a55d12b2ee6ba,syn_2c58ea5d2ea2e4555f06d987546aaf99,FEASIBLE,0.0,1.0,EXPLOITATION,1
public_01,public_01_day_4,4,syn_ee6abfe4319122c923a1a5aad57e66d6,syn_337d765b9764b8a2ee932deabdac71bc,FEASIBLE,0.45,1.0,EXPLORATION,0
public_01,public_01_day_4,4,syn_b4622763ed1476794c24ad8f6e66b7a6,syn_c430220c3b380c7f5245206579ef8b20,FEASIBLE,0.35,1.0,EXPLORATION,0
public_01,public_01_day_4,4,syn_6f243cc46db344937a9a55d12b2ee6ba,syn_337d765b9764b8a2ee932deabdac71bc,FEASIBLE,0.0,1.0,EXPLORATION,0
public_01,public_01_day_5,5,syn_ee6abfe4319122c923a1a5aad57e66d6,syn_c430220c3b380c7f5245206579ef8b20,FEASIBLE,0.7,1.0,EXPLOITATION,1
public_01,public_01_day_5,5,syn_1e8bad18a1c14d863cef63a9970d8344,syn_6cfb88f980ceab7343e2bdd152490fdd,FEASIBLE,0.15000000000000002,1.0,EXPLOITATION,1
public_01,public_01_day_5,5,syn_6f243cc46db344937a9a55d12b2ee6ba,syn_2c58ea5d2ea2e4555f06d987546aaf99,FEASIBLE,0.0,1.0,EXPLOITATION,1
public_01,public_01_day_5,5,syn_ee6abfe4319122c923a1a5aad57e66d6,syn_337d765b9764b8a2ee932deabdac71bc,FEASIBLE,0.45,1.0,EXPLORATION,0
public_01,public_01_day_5,5,syn_b4622763ed1476794c24ad8f6e66b7a6,syn_c430220c3b380c7f5245206579ef8b20,FEASIBLE,0.35,1.0,EXPLORATION,0
public_01,public_01_day_5,5,syn_6f243cc46db344937a9a55d12b2ee6ba,syn_337d765b9764b8a2ee932deabdac71bc,FEASIBLE,0.0,1.0,EXPLORATION,0
public_01,public_01_day_6,6,syn_ee6abfe4319122c923a1a5aad57e66d6,syn_c430220c3b380c7f5245206579ef8b20,FEASIBLE,0.7,1.0,EXPLOITATION,1
public_01,public_01_day_6,6,syn_aad7734833bf13651bfa0ea1773077e3,syn_6214069ad878006480ec8a15e3ea4d73,FEASIBLE,0.6499999999999999,1.0,EXPLORATION,1
public_01,public_01_day_6,6,syn_1e8bad18a1c14d863cef63a9970d8344,syn_6cfb88f980ceab7343e2bdd152490fdd,FEASIBLE,0.15000000000000002,1.0,EXPLOITATION,1
public_01,public_01_day_6,6,syn_6f243cc46db344937a9a55d12b2ee6ba,syn_337d765b9764b8a2ee932deabdac71bc,FEASIBLE,0.0,1.0,EXPLORATION,1
public_01,public_01_day_6,6,syn_ee6abfe4319122c923a1a5aad57e66d6,syn_337d765b9764b8a2ee932deabdac71bc,FEASIBLE,0.45,1.0,EXPLORATION,0
public_01,public_01_day_6,6,syn_b4622763ed1476794c24ad8f6e66b7a6,syn_c430220c3b380c7f5245206579ef8b20,FEASIBLE,0.35,1.0,EXPLORATION,0
public_01,public_01_day_6,6,syn_6214069ad878006480ec8a15e3ea4d73,syn_f147f878931a307b02955c4cc72badc4,FEASIBLE,0.25,1.0,EXPLORATION,0
public_01,public_01_day_6,6,syn_1e8bad18a1c14d863cef63a9970d8344,syn_69f65ca7fbcaa6bd4af36a54d5392e15,FEASIBLE,0.0,1.0,EXPLORATION,0
public_01,public_01_day_6,6,syn_41c413cc05ebffa5a48edf51e8b5f41c,syn_6214069ad878006480ec8a15e3ea4d73,FEASIBLE,0.0,1.0,EXPLORATION,0
public_01,public_01_day_7,7,syn_ee6abfe4319122c923a1a5aad57e66d6,syn_c430220c3b380c7f5245206579ef8b20,FEASIBLE,0.7,1.0,EXPLOITATION,1
public_01,public_01_day_7,7,syn_aad7734833bf13651bfa0ea1773077e3,syn_6214069ad878006480ec8a15e3ea4d73,FEASIBLE,0.6499999999999999,1.0,EXPLOITATION,1
public_01,public_01_day_7,7,syn_1e8bad18a1c14d863cef63a9970d8344,syn_6cfb88f980ceab7343e2bdd152490fdd,FEASIBLE,0.15000000000000002,1.0,EXPLOITATION,1
public_01,public_01_day_7,7,syn_6f243cc46db344937a9a55d12b2ee6ba,syn_337d765b9764b8a2ee932deabdac71bc,FEASIBLE,0.0,1.0,EXPLOITATION,1
public_01,public_01_day_7,7,syn_ee6abfe4319122c923a1a5aad57e66d6,syn_337d765b9764b8a2ee932deabdac71bc,FEASIBLE,0.45,1.0,EXPLORATION,0
public_01,public_01_day_7,7,syn_b4622763ed1476794c24ad8f6e66b7a6,syn_c430220c3b380c7f5245206579ef8b20,FEASIBLE,0.35,1.0,EXPLORATION,0
public_01,public_01_day_7,7,syn_6214069ad878006480ec8a15e3ea4d73,syn_f147f878931a307b02955c4cc72badc4,FEASIBLE,0.25,1.0,EXPLORATION,0
public_01,public_01_day_7,7,syn_1e8bad18a1c14d863cef63a9970d8344,syn_69f65ca7fbcaa6bd4af36a54d5392e15,FEASIBLE,0.0,1.0,EXPLORATION,0
public_01,public_01_day_7,7,syn_41c413cc05ebffa5a48edf51e8b5f41c,syn_6214069ad878006480ec8a15e3ea4d73,FEASIBLE,0.0,1.0,EXPLORATION,0
public_01,public_01_day_8,8,syn_c8173f9ff896f70b35273e7528e0a64f,syn_0b5739186226003ae4ee382252b03e24,FEASIBLE,0.6499999999999999,1.0,EXPLORATION,1
public_01,public_01_day_8,8,syn_ee6abfe4319122c923a1a5aad57e66d6,syn_337d765b9764b8a2ee932deabdac71bc,FEASIBLE,0.45,1.0,EXPLORATION,1
public_01,public_01_day_8,8,syn_6f243cc46db344937a9a55d12b2ee6ba,syn_337d765b9764b8a2ee932deabdac71bc,FEASIBLE,0.0,1.0,EXPLOITATION,0
public_01,public_01_day_9,9,syn_c8173f9ff896f70b35273e7528e0a64f,syn_0b5739186226003ae4ee382252b03e24,FEASIBLE,0.6499999999999999,1.0,EXPLOITATION,1
public_01,public_01_day_10,10,syn_c8173f9ff896f70b35273e7528e0a64f,syn_0b5739186226003ae4ee382252b03e24,FEASIBLE,0.6499999999999999,1.0,EXPLOITATION,1
public_01,public_01_day_11,11,syn_c8173f9ff896f70b35273e7528e0a64f,syn_0b5739186226003ae4ee382252b03e24,FEASIBLE,0.6499999999999999,1.0,EXPLOITATION,1
public_01,public_01_day_11,11,syn_51c3093687ec35fc141741284be4579c,syn_3e94cf4755a04dc34451e7870d909bfb,FEASIBLE,0.3,1.0,EXPLORATION,1
public_01,public_01_day_11,11,syn_a9c181161ee8f96a7dda3ab35860d64a,syn_8ce7b7a126e840e21f92c19cbec28b18,FEASIBLE,0.0,1.0,EXPLORATION,1
public_01,public_01_day_11,11,syn_3069ccc1a6f38d323719e2cbc6f59227,syn_4604a63804f7f7a1e9080fbb4433cece,FEASIBLE,0.0,1.0,EXPLORATION,1
public_01,public_01_day_11,11,syn_3e94cf4755a04dc34451e7870d909bfb,syn_c6c9ae5038330a59cbdfa233e5fdeca4,FEASIBLE,0.05,1.0,EXPLORATION,0
public_01,public_01_day_12,12,syn_c8173f9ff896f70b35273e7528e0a64f,syn_0b5739186226003ae4ee382252b03e24,FEASIBLE,0.6499999999999999,1.0,EXPLOITATION,1
public_01,public_01_day_12,12,syn_51c3093687ec35fc141741284be4579c,syn_3e94cf4755a04dc34451e7870d909bfb,FEASIBLE,0.3,1.0,EXPLOITATION,1
public_01,public_01_day_12,12,syn_1590c7c7e61f068af7c1b8fe352500bc,syn_cfd27ca6495326d0508ba804ba64f5ca,FEASIBLE,0.2,1.0,EXPLORATION,1
public_01,public_01_day_12,12,syn_a9c181161ee8f96a7dda3ab35860d64a,syn_8ce7b7a126e840e21f92c19cbec28b18,FEASIBLE,0.0,1.0,EXPLOITATION,1
public_01,public_01_day_12,12,syn_3069ccc1a6f38d323719e2cbc6f59227,syn_4604a63804f7f7a1e9080fbb4433cece,FEASIBLE,0.0,1.0,EXPLOITATION,1
public_01,public_01_day_12,12,syn_55f5be77b53c2ba09e4b6e525c1db2e4,syn_9932dfb7889c4acac1c6b78ec2b3fbe2,FEASIBLE,0.0,1.0,EXPLORATION,1
public_01,public_01_day_12,12,syn_3e94cf4755a04dc34451e7870d909bfb,syn_c6c9ae5038330a59cbdfa233e5fdeca4,FEASIBLE,0.05,1.0,EXPLORATION,0
public_01,public_01_day_12,12,syn_fb32b8618bad355de272dc79ff6569b7,syn_1590c7c7e61f068af7c1b8fe352500bc,FEASIBLE,0.0,1.0,EXPLORATION,0
public_01,public_01_day_12,12,syn_55f5be77b53c2ba09e4b6e525c1db2e4,syn_4604a63804f7f7a1e9080fbb4433cece,FEASIBLE,0.0,1.0,EXPLORATION,0
public_01,public_01_day_12,12,syn_4604a63804f7f7a1e9080fbb4433cece,syn_9932dfb7889c4acac1c6b78ec2b3fbe2,FEASIBLE,0.0,1.0,EXPLOITATION,0
public_01,public_01_day_13,13,syn_6f243cc46db344937a9a55d12b2ee6ba,syn_d3927dfb4ba1444e5c3b6e48d99aac7c,FEASIBLE,1.0,1.0,EXPLORATION,1
public_01,public_01_day_13,13,syn_51c3093687ec35fc141741284be4579c,syn_3e94cf4755a04dc34451e7870d909bfb,FEASIBLE,0.3,1.0,EXPLOITATION,1
public_01,public_01_day_13,13,syn_1590c7c7e61f068af7c1b8fe352500bc,syn_cfd27ca6495326d0508ba804ba64f5ca,FEASIBLE,0.2,1.0,EXPLOITATION,1
public_01,public_01_day_13,13,syn_1e8bad18a1c14d863cef63a9970d8344,syn_69f65ca7fbcaa6bd4af36a54d5392e15,FEASIBLE,0.0,1.0,EXPLORATION,1
public_01,public_01_day_13,13,syn_a9c181161ee8f96a7dda3ab35860d64a,syn_8ce7b7a126e840e21f92c19cbec28b18,FEASIBLE,0.0,1.0,EXPLOITATION,1
public_01,public_01_day_13,13,syn_3069ccc1a6f38d323719e2cbc6f59227,syn_4604a63804f7f7a1e9080fbb4433cece,FEASIBLE,0.0,1.0,EXPLOITATION,1
public_01,public_01_day_13,13,syn_55f5be77b53c2ba09e4b6e525c1db2e4,syn_bd58a8686e319b00ca603fc2518d8660,FEASIBLE,0.0,1.0,EXPLOITATION,1
public_01,public_01_day_13,13,syn_382d179a81216a999064306113e8d5ce,syn_ce55981e45ac6f27b30673e97f790453,FEASIBLE,0.0,1.0,EXPLORATION,1
public_01,public_01_day_13,13,syn_3e94cf4755a04dc34451e7870d909bfb,syn_c6c9ae5038330a59cbdfa233e5fdeca4,FEASIBLE,0.05,1.0,EXPLORATION,0
public_01,public_01_day_13,13,syn_fb32b8618bad355de272dc79ff6569b7,syn_1590c7c7e61f068af7c1b8fe352500bc,FEASIBLE,0.0,1.0,EXPLORATION,0
public_01,public_01_day_13,13,syn_3069ccc1a6f38d323719e2cbc6f59227,syn_bd58a8686e319b00ca603fc2518d8660,FEASIBLE,0.0,1.0,EXPLOITATION,0
public_01,public_01_day_13,13,syn_55f5be77b53c2ba09e4b6e525c1db2e4,syn_4604a63804f7f7a1e9080fbb4433cece,FEASIBLE,0.0,1.0,EXPLOITATION,0
public_01,public_01_day_13,13,syn_55f5be77b53c2ba09e4b6e525c1db2e4,syn_9932dfb7889c4acac1c6b78ec2b3fbe2,FEASIBLE,0.0,1.0,EXPLOITATION,0
public_01,public_01_day_13,13,syn_382d179a81216a999064306113e8d5ce,syn_d3927dfb4ba1444e5c3b6e48d99aac7c,FEASIBLE,0.0,1.0,EXPLORATION,0
public_01,public_01_day_13,13,syn_4604a63804f7f7a1e9080fbb4433cece,syn_bd58a8686e319b00ca603fc2518d8660,FEASIBLE,0.0,1.0,EXPLOITATION,0
public_01,public_01_day_13,13,syn_4604a63804f7f7a1e9080fbb4433cece,syn_9932dfb7889c4acac1c6b78ec2b3fbe2,FEASIBLE,0.0,1.0,EXPLOITATION,0
public_01,public_01_day_13,13,syn_bd58a8686e319b00ca603fc2518d8660,syn_9932dfb7889c4acac1c6b78ec2b3fbe2,FEASIBLE,0.0,1.0,EXPLOITATION,0
public_01,public_01_day_14,14,syn_6f243cc46db344937a9a55d12b2ee6ba,syn_d3927dfb4ba1444e5c3b6e48d99aac7c,FEASIBLE,1.0,1.0,EXPLOITATION,1
public_01,public_01_day_14,14,syn_51c3093687ec35fc141741284be4579c,syn_3e94cf4755a04dc34451e7870d909bfb,FEASIBLE,0.3,1.0,EXPLOITATION,1
public_01,public_01_day_14,14,syn_1590c7c7e61f068af7c1b8fe352500bc,syn_cfd27ca6495326d0508ba804ba64f5ca,FEASIBLE,0.2,1.0,EXPLOITATION,1
public_01,public_01_day_14,14,syn_1e8bad18a1c14d863cef63a9970d8344,syn_69f65ca7fbcaa6bd4af36a54d5392e15,FEASIBLE,0.0,1.0,EXPLOITATION,1
public_01,public_01_day_14,14,syn_a9c181161ee8f96a7dda3ab35860d64a,syn_8ce7b7a126e840e21f92c19cbec28b18,FEASIBLE,0.0,1.0,EXPLOITATION,1
public_01,public_01_day_14,14,syn_2c58ea5d2ea2e4555f06d987546aaf99,syn_6017efd3cd8e375efdd4db43ec2dc45b,FEASIBLE,0.0,1.0,EXPLOITATION,1
public_01,public_01_day_14,14,syn_3069ccc1a6f38d323719e2cbc6f59227,syn_4604a63804f7f7a1e9080fbb4433cece,FEASIBLE,0.0,1.0,EXPLOITATION,1
public_01,public_01_day_14,14,syn_55f5be77b53c2ba09e4b6e525c1db2e4,syn_bd58a8686e319b00ca603fc2518d8660,FEASIBLE,0.0,1.0,EXPLOITATION,1
public_01,public_01_day_14,14,syn_382d179a81216a999064306113e8d5ce,syn_ce55981e45ac6f27b30673e97f790453,FEASIBLE,0.0,1.0,EXPLOITATION,1
public_01,public_01_day_14,14,syn_3e94cf4755a04dc34451e7870d909bfb,syn_c6c9ae5038330a59cbdfa233e5fdeca4,FEASIBLE,0.05,1.0,EXPLORATION,0
public_01,public_01_day_14,14,syn_fb32b8618bad355de272dc79ff6569b7,syn_1590c7c7e61f068af7c1b8fe352500bc,FEASIBLE,0.0,1.0,EXPLORATION,0
public_01,public_01_day_14,14,syn_6f243cc46db344937a9a55d12b2ee6ba,syn_2c58ea5d2ea2e4555f06d987546aaf99,FEASIBLE,0.0,1.0,EXPLOITATION,0
public_01,public_01_day_14,14,syn_3069ccc1a6f38d323719e2cbc6f59227,syn_bd58a8686e319b00ca603fc2518d8660,FEASIBLE,0.0,1.0,EXPLOITATION,0
public_01,public_01_day_14,14,syn_55f5be77b53c2ba09e4b6e525c1db2e4,syn_4604a63804f7f7a1e9080fbb4433cece,FEASIBLE,0.0,1.0,EXPLOITATION,0
public_01,public_01_day_14,14,syn_55f5be77b53c2ba09e4b6e525c1db2e4,syn_9932dfb7889c4acac1c6b78ec2b3fbe2,FEASIBLE,0.0,1.0,EXPLOITATION,0
public_01,public_01_day_14,14,syn_382d179a81216a999064306113e8d5ce,syn_d3927dfb4ba1444e5c3b6e48d99aac7c,FEASIBLE,0.0,1.0,EXPLORATION,0
public_01,public_01_day_14,14,syn_4604a63804f7f7a1e9080fbb4433cece,syn_bd58a8686e319b00ca603fc2518d8660,FEASIBLE,0.0,1.0,EXPLOITATION,0
public_01,public_01_day_14,14,syn_4604a63804f7f7a1e9080fbb4433cece,syn_9932dfb7889c4acac1c6b78ec2b3fbe2,FEASIBLE,0.0,1.0,EXPLOITATION,0
public_01,public_01_day_14,14,syn_bd58a8686e319b00ca603fc2518d8660,syn_9932dfb7889c4acac1c6b78ec2b3fbe2,FEASIBLE,0.0,1.0,EXPLOITATION,0
public_01,public_01_day_15,15,syn_6f243cc46db344937a9a55d12b2ee6ba,syn_d3927dfb4ba1444e5c3b6e48d99aac7c,FEASIBLE,1.0,1.0,EXPLOITATION,1
public_01,public_01_day_15,15,syn_51c3093687ec35fc141741284be4579c,syn_3e94cf4755a04dc34451e7870d909bfb,FEASIBLE,0.3,1.0,EXPLOITATION,1
public_01,public_01_day_15,15,syn_1590c7c7e61f068af7c1b8fe352500bc,syn_cfd27ca6495326d0508ba804ba64f5ca,FEASIBLE,0.2,1.0,EXPLOITATION,1
public_01,public_01_day_15,15,syn_1e8bad18a1c14d863cef63a9970d8344,syn_69f65ca7fbcaa6bd4af36a54d5392e15,FEASIBLE,0.0,1.0,EXPLOITATION,1
public_01,public_01_day_15,15,syn_a9c181161ee8f96a7dda3ab35860d64a,syn_8ce7b7a126e840e21f92c19cbec28b18,FEASIBLE,0.0,1.0,EXPLOITATION,1
public_01,public_01_day_15,15,syn_2c58ea5d2ea2e4555f06d987546aaf99,syn_6017efd3cd8e375efdd4db43ec2dc45b,FEASIBLE,0.0,1.0,EXPLOITATION,1
public_01,public_01_day_15,15,syn_55f5be77b53c2ba09e4b6e525c1db2e4,syn_9932dfb7889c4acac1c6b78ec2b3fbe2,FEASIBLE,0.0,1.0,EXPLOITATION,1
public_01,public_01_day_15,15,syn_3e94cf4755a04dc34451e7870d909bfb,syn_c6c9ae5038330a59cbdfa233e5fdeca4,FEASIBLE,0.05,1.0,EXPLORATION,0
public_01,public_01_day_15,15,syn_fb32b8618bad355de272dc79ff6569b7,syn_1590c7c7e61f068af7c1b8fe352500bc,FEASIBLE,0.0,1.0,EXPLORATION,0
public_01,public_01_day_15,15,syn_6f243cc46db344937a9a55d12b2ee6ba,syn_2c58ea5d2ea2e4555f06d987546aaf99,FEASIBLE,0.0,1.0,EXPLOITATION,0
public_01,public_01_day_16,16,syn_6f243cc46db344937a9a55d12b2ee6ba,syn_d3927dfb4ba1444e5c3b6e48d99aac7c,FEASIBLE,1.0,1.0,EXPLOITATION,1
public_01,public_01_day_16,16,syn_3c8584c1f25243303edf1fcc0a7848b8,syn_ce55981e45ac6f27b30673e97f790453,FEASIBLE,0.65,1.0,EXPLOITATION,1
public_01,public_01_day_16,16,syn_aad7734833bf13651bfa0ea1773077e3,syn_6214069ad878006480ec8a15e3ea4d73,FEASIBLE,0.6499999999999999,1.0,EXPLOITATION,1
public_01,public_01_day_16,16,syn_c8173f9ff896f70b35273e7528e0a64f,syn_0b5739186226003ae4ee382252b03e24,FEASIBLE,0.6499999999999999,1.0,EXPLOITATION,1
public_01,public_01_day_16,16,syn_55f5be77b53c2ba09e4b6e525c1db2e4,syn_6cfb88f980ceab7343e2bdd152490fdd,FEASIBLE,0.55,1.0,EXPLORATION,1
public_01,public_01_day_16,16,syn_b4622763ed1476794c24ad8f6e66b7a6,syn_c430220c3b380c7f5245206579ef8b20,FEASIBLE,0.35,1.0,EXPLORATION,1
public_01,public_01_day_16,16,syn_4bae37c3b69c792c35e1731394f0f149,syn_cb5ccb4d0ef4b2baee21637f3c7c12bb,FEASIBLE,0.35,1.0,EXPLORATION,1
public_01,public_01_day_16,16,syn_51c3093687ec35fc141741284be4579c,syn_3e94cf4755a04dc34451e7870d909bfb,FEASIBLE,0.3,1.0,EXPLOITATION,1
public_01,public_01_day_16,16,syn_1e8bad18a1c14d863cef63a9970d8344,syn_69f65ca7fbcaa6bd4af36a54d5392e15,FEASIBLE,0.0,1.0,EXPLOITATION,1
public_01,public_01_day_16,16,syn_e79da0d36035d273f913520318d5706f,syn_34c9159d0d07971f677bbb253b5bbcf0,FEASIBLE,0.0,1.0,EXPLORATION,1
public_01,public_01_day_16,16,syn_a9c181161ee8f96a7dda3ab35860d64a,syn_8ce7b7a126e840e21f92c19cbec28b18,FEASIBLE,0.0,1.0,EXPLOITATION,1
public_01,public_01_day_16,16,syn_2c58ea5d2ea2e4555f06d987546aaf99,syn_6017efd3cd8e375efdd4db43ec2dc45b,FEASIBLE,0.0,1.0,EXPLOITATION,1
public_01,public_01_day_16,16,syn_3c8584c1f25243303edf1fcc0a7848b8,syn_6cfb88f980ceab7343e2bdd152490fdd,FEASIBLE,0.5499999999999999,1.0,EXPLOITATION,0
public_01,public_01_day_16,16,syn_4bae37c3b69c792c35e1731394f0f149,syn_c8173f9ff896f70b35273e7528e0a64f,FEASIBLE,0.44999999999999996,1.0,EXPLORATION,0
public_01,public_01_day_16,16,syn_6214069ad878006480ec8a15e3ea4d73,syn_f147f878931a307b02955c4cc72badc4,FEASIBLE,0.25,1.0,EXPLOITATION,0
public_01,public_01_day_16,16,syn_1e8bad18a1c14d863cef63a9970d8344,syn_6cfb88f980ceab7343e2bdd152490fdd,FEASIBLE,0.15000000000000002,1.0,EXPLOITATION,0
public_01,public_01_day_16,16,syn_3e94cf4755a04dc34451e7870d909bfb,syn_c6c9ae5038330a59cbdfa233e5fdeca4,FEASIBLE,0.05,1.0,EXPLORATION,0
public_01,public_01_day_16,16,syn_1e8bad18a1c14d863cef63a9970d8344,syn_3c8584c1f25243303edf1fcc0a7848b8,FEASIBLE,0.05,1.0,EXPLORATION,0
public_01,public_01_day_16,16,syn_cb5ccb4d0ef4b2baee21637f3c7c12bb,syn_c8173f9ff896f70b35273e7528e0a64f,FEASIBLE,0.05,1.0,EXPLORATION,0
public_01,public_01_day_16,16,syn_2ace6829562f1903e1273758af37a3b0,syn_3c8584c1f25243303edf1fcc0a7848b8,FEASIBLE,0.0,1.0,EXPLORATION,0
public_01,public_01_day_16,16,syn_e79da0d36035d273f913520318d5706f,syn_3b757727e68e22909b699b106b31fe72,FEASIBLE,0.0,1.0,EXPLORATION,0
public_01,public_01_day_16,16,syn_6f243cc46db344937a9a55d12b2ee6ba,syn_3c8584c1f25243303edf1fcc0a7848b8,FEASIBLE,0.0,1.0,EXPLOITATION,0
public_01,public_01_day_16,16,syn_6f243cc46db344937a9a55d12b2ee6ba,syn_2c58ea5d2ea2e4555f06d987546aaf99,FEASIBLE,0.0,1.0,EXPLOITATION,0
public_01,public_01_day_16,16,syn_3c8584c1f25243303edf1fcc0a7848b8,syn_69f65ca7fbcaa6bd4af36a54d5392e15,FEASIBLE,0.0,1.0,EXPLORATION,0
public_01,public_01_day_16,16,syn_3c8584c1f25243303edf1fcc0a7848b8,syn_f2c9c85da65191c936890b9a52ca3841,FEASIBLE,0.0,1.0,EXPLORATION,0
public_01,public_01_day_16,16,syn_55f5be77b53c2ba09e4b6e525c1db2e4,syn_9932dfb7889c4acac1c6b78ec2b3fbe2,FEASIBLE,0.0,1.0,EXPLOITATION,0
public_01,public_01_day_16,16,syn_6cfb88f980ceab7343e2bdd152490fdd,syn_9932dfb7889c4acac1c6b78ec2b3fbe2,FEASIBLE,0.0,1.0,EXPLOITATION,0
public_01,public_01_day_16,16,syn_6cfb88f980ceab7343e2bdd152490fdd,syn_f2c9c85da65191c936890b9a52ca3841,FEASIBLE,0.0,1.0,EXPLOITATION,0
public_01,public_01_day_17,17,syn_97c9450dbb229dd5ed181a5065471e8c,syn_6774330328f6d2ac379ccb6fa733c323,FEASIBLE,1.0,1.0,EXPLORATION,1
public_01,public_01_day_17,17,syn_15c58533d97d59cd8fa8f6889005853b,syn_6214069ad878006480ec8a15e3ea4d73,FEASIBLE,1.0,1.0,EXPLORATION,1
public_01,public_01_day_17,17,syn_c8173f9ff896f70b35273e7528e0a64f,syn_0b5739186226003ae4ee382252b03e24,FEASIBLE,0.6499999999999999,1.0,EXPLOITATION,1
public_01,public_01_day_17,17,syn_b4622763ed1476794c24ad8f6e66b7a6,syn_c430220c3b380c7f5245206579ef8b20,FEASIBLE,0.35,1.0,EXPLOITATION,1
public_01,public_01_day_17,17,syn_4bae37c3b69c792c35e1731394f0f149,syn_cb5ccb4d0ef4b2baee21637f3c7c12bb,FEASIBLE,0.35,1.0,EXPLOITATION,1
public_01,public_01_day_17,17,syn_da0425280e817cf099af8abcdd9116bf,syn_c6c9ae5038330a59cbdfa233e5fdeca4,FEASIBLE,0.35,1.0,EXPLOITATION,1
public_01,public_01_day_17,17,syn_1e8bad18a1c14d863cef63a9970d8344,syn_69f65ca7fbcaa6bd4af36a54d5392e15,FEASIBLE,0.0,1.0,EXPLOITATION,1
public_01,public_01_day_17,17,syn_e79da0d36035d273f913520318d5706f,syn_34c9159d0d07971f677bbb253b5bbcf0,FEASIBLE,0.0,1.0,EXPLOITATION,1
public_01,public_01_day_17,17,syn_a9c181161ee8f96a7dda3ab35860d64a,syn_8ce7b7a126e840e21f92c19cbec28b18,FEASIBLE,0.0,1.0,EXPLOITATION,1
public_01,public_01_day_17,17,syn_382d179a81216a999064306113e8d5ce,syn_d3927dfb4ba1444e5c3b6e48d99aac7c,FEASIBLE,0.0,1.0,EXPLORATION,1
public_01,public_01_day_17,17,syn_aad7734833bf13651bfa0ea1773077e3,syn_6214069ad878006480ec8a15e3ea4d73,FEASIBLE,0.6499999999999999,1.0,EXPLOITATION,0
public_01,public_01_day_17,17,syn_4bae37c3b69c792c35e1731394f0f149,syn_c8173f9ff896f70b35273e7528e0a64f,FEASIBLE,0.44999999999999996,1.0,EXPLORATION,0
public_01,public_01_day_17,17,syn_6214069ad878006480ec8a15e3ea4d73,syn_f147f878931a307b02955c4cc72badc4,FEASIBLE,0.25,1.0,EXPLOITATION,0
public_01,public_01_day_17,17,syn_cb5ccb4d0ef4b2baee21637f3c7c12bb,syn_c8173f9ff896f70b35273e7528e0a64f,FEASIBLE,0.05,1.0,EXPLORATION,0
public_01,public_01_day_17,17,syn_2ace6829562f1903e1273758af37a3b0,syn_15c58533d97d59cd8fa8f6889005853b,FEASIBLE,0.0,1.0,EXPLORATION,0
public_01,public_01_day_17,17,syn_1e8bad18a1c14d863cef63a9970d8344,syn_15c58533d97d59cd8fa8f6889005853b,FEASIBLE,0.0,1.0,EXPLORATION,0
public_01,public_01_day_17,17,syn_e79da0d36035d273f913520318d5706f,syn_3b757727e68e22909b699b106b31fe72,FEASIBLE,0.0,1.0,EXPLORATION,0
public_01,public_01_day_17,17,syn_97c9450dbb229dd5ed181a5065471e8c,syn_382d179a81216a999064306113e8d5ce,FEASIBLE,0.0,1.0,EXPLOITATION,0
public_01,public_01_day_17,17,syn_2cb5d144832cd66b91adb378e774cb37,syn_da0425280e817cf099af8abcdd9116bf,FEASIBLE,0.0,1.0,EXPLORATION,0
public_01,public_01_day_17,17,syn_382d179a81216a999064306113e8d5ce,syn_15c58533d97d59cd8fa8f6889005853b,FEASIBLE,0.0,1.0,EXPLORATION,0
public_01,public_01_day_18,18,syn_97c9450dbb229dd5ed181a5065471e8c,syn_6774330328f6d2ac379ccb6fa733c323,FEASIBLE,1.0,1.0,EXPLOITATION,1
public_01,public_01_day_18,18,syn_15c58533d97d59cd8fa8f6889005853b,syn_6214069ad878006480ec8a15e3ea4d73,FEASIBLE,1.0,1.0,EXPLOITATION,1
public_01,public_01_day_18,18,syn_c8173f9ff896f70b35273e7528e0a64f,syn_0b5739186226003ae4ee382252b03e24,FEASIBLE,0.6499999999999999,1.0,EXPLOITATION,1
public_01,public_01_day_18,18,syn_b4622763ed1476794c24ad8f6e66b7a6,syn_c430220c3b380c7f5245206579ef8b20,FEASIBLE,0.35,1.0,EXPLOITATION,1
public_01,public_01_day_18,18,syn_4bae37c3b69c792c35e1731394f0f149,syn_cb5ccb4d0ef4b2baee21637f3c7c12bb,FEASIBLE,0.35,1.0,EXPLOITATION,1
public_01,public_01_day_18,18,syn_da0425280e817cf099af8abcdd9116bf,syn_c6c9ae5038330a59cbdfa233e5fdeca4,FEASIBLE,0.35,1.0,EXPLOITATION,1
public_01,public_01_day_18,18,syn_1e8bad18a1c14d863cef63a9970d8344,syn_69f65ca7fbcaa6bd4af36a54d5392e15,FEASIBLE,0.0,1.0,EXPLOITATION,1
public_01,public_01_day_18,18,syn_e79da0d36035d273f913520318d5706f,syn_34c9159d0d07971f677bbb253b5bbcf0,FEASIBLE,0.0,1.0,EXPLOITATION,1
public_01,public_01_day_18,18,syn_a9c181161ee8f96a7dda3ab35860d64a,syn_8ce7b7a126e840e21f92c19cbec28b18,FEASIBLE,0.0,1.0,EXPLOITATION,1
public_01,public_01_day_18,18,syn_382d179a81216a999064306113e8d5ce,syn_d3927dfb4ba1444e5c3b6e48d99aac7c,FEASIBLE,0.0,1.0,EXPLOITATION,1
public_01,public_01_day_18,18,syn_aad7734833bf13651bfa0ea1773077e3,syn_6214069ad878006480ec8a15e3ea4d73,FEASIBLE,0.6499999999999999,1.0,EXPLOITATION,0
public_01,public_01_day_18,18,syn_4bae37c3b69c792c35e1731394f0f149,syn_c8173f9ff896f70b35273e7528e0a64f,FEASIBLE,0.44999999999999996,1.0,EXPLORATION,0
public_01,public_01_day_18,18,syn_6214069ad878006480ec8a15e3ea4d73,syn_f147f878931a307b02955c4cc72badc4,FEASIBLE,0.25,1.0,EXPLOITATION,0
public_01,public_01_day_18,18,syn_cb5ccb4d0ef4b2baee21637f3c7c12bb,syn_c8173f9ff896f70b35273e7528e0a64f,FEASIBLE,0.05,1.0,EXPLORATION,0
public_01,public_01_day_18,18,syn_2ace6829562f1903e1273758af37a3b0,syn_15c58533d97d59cd8fa8f6889005853b,FEASIBLE,0.0,1.0,EXPLORATION,0
public_01,public_01_day_18,18,syn_1e8bad18a1c14d863cef63a9970d8344,syn_15c58533d97d59cd8fa8f6889005853b,FEASIBLE,0.0,1.0,EXPLORATION,0
public_01,public_01_day_18,18,syn_e79da0d36035d273f913520318d5706f,syn_3b757727e68e22909b699b106b31fe72,FEASIBLE,0.0,1.0,EXPLORATION,0
public_01,public_01_day_18,18,syn_97c9450dbb229dd5ed181a5065471e8c,syn_382d179a81216a999064306113e8d5ce,FEASIBLE,0.0,1.0,EXPLOITATION,0
public_01,public_01_day_18,18,syn_2cb5d144832cd66b91adb378e774cb37,syn_da0425280e817cf099af8abcdd9116bf,FEASIBLE,0.0,1.0,EXPLORATION,0
public_01,public_01_day_18,18,syn_382d179a81216a999064306113e8d5ce,syn_15c58533d97d59cd8fa8f6889005853b,FEASIBLE,0.0,1.0,EXPLORATION,0
public_01,public_01_day_19,19,syn_97c9450dbb229dd5ed181a5065471e8c,syn_6774330328f6d2ac379ccb6fa733c323,FEASIBLE,1.0,1.0,EXPLOITATION,1
public_01,public_01_day_19,19,syn_15c58533d97d59cd8fa8f6889005853b,syn_6214069ad878006480ec8a15e3ea4d73,FEASIBLE,1.0,1.0,EXPLOITATION,1
public_01,public_01_day_19,19,syn_c8173f9ff896f70b35273e7528e0a64f,syn_0b5739186226003ae4ee382252b03e24,FEASIBLE,0.6499999999999999,1.0,EXPLOITATION,1
public_01,public_01_day_19,19,syn_4bae37c3b69c792c35e1731394f0f149,syn_cb5ccb4d0ef4b2baee21637f3c7c12bb,FEASIBLE,0.35,1.0,EXPLOITATION,1
public_01,public_01_day_19,19,syn_da0425280e817cf099af8abcdd9116bf,syn_c6c9ae5038330a59cbdfa233e5fdeca4,FEASIBLE,0.35,1.0,EXPLOITATION,1
public_01,public_01_day_19,19,syn_1e8bad18a1c14d863cef63a9970d8344,syn_69f65ca7fbcaa6bd4af36a54d5392e15,FEASIBLE,0.0,1.0,EXPLOITATION,1
public_01,public_01_day_19,19,syn_e79da0d36035d273f913520318d5706f,syn_34c9159d0d07971f677bbb253b5bbcf0,FEASIBLE,0.0,1.0,EXPLOITATION,1
public_01,public_01_day_19,19,syn_a9c181161ee8f96a7dda3ab35860d64a,syn_8ce7b7a126e840e21f92c19cbec28b18,FEASIBLE,0.0,1.0,EXPLOITATION,1
public_01,public_01_day_19,19,syn_382d179a81216a999064306113e8d5ce,syn_d3927dfb4ba1444e5c3b6e48d99aac7c,FEASIBLE,0.0,1.0,EXPLOITATION,1
public_01,public_01_day_19,19,syn_aad7734833bf13651bfa0ea1773077e3,syn_6214069ad878006480ec8a15e3ea4d73,FEASIBLE,0.6499999999999999,1.0,EXPLOITATION,0
public_01,public_01_day_19,19,syn_4bae37c3b69c792c35e1731394f0f149,syn_c8173f9ff896f70b35273e7528e0a64f,FEASIBLE,0.44999999999999996,1.0,EXPLORATION,0
public_01,public_01_day_19,19,syn_6214069ad878006480ec8a15e3ea4d73,syn_f147f878931a307b02955c4cc72badc4,FEASIBLE,0.25,1.0,EXPLOITATION,0
public_01,public_01_day_19,19,syn_cb5ccb4d0ef4b2baee21637f3c7c12bb,syn_c8173f9ff896f70b35273e7528e0a64f,FEASIBLE,0.05,1.0,EXPLORATION,0
public_01,public_01_day_19,19,syn_2ace6829562f1903e1273758af37a3b0,syn_15c58533d97d59cd8fa8f6889005853b,FEASIBLE,0.0,1.0,EXPLORATION,0
public_01,public_01_day_19,19,syn_1e8bad18a1c14d863cef63a9970d8344,syn_15c58533d97d59cd8fa8f6889005853b,FEASIBLE,0.0,1.0,EXPLORATION,0
public_01,public_01_day_19,19,syn_e79da0d36035d273f913520318d5706f,syn_3b757727e68e22909b699b106b31fe72,FEASIBLE,0.0,1.0,EXPLORATION,0
public_01,public_01_day_19,19,syn_97c9450dbb229dd5ed181a5065471e8c,syn_382d179a81216a999064306113e8d5ce,FEASIBLE,0.0,1.0,EXPLOITATION,0
public_01,public_01_day_19,19,syn_2cb5d144832cd66b91adb378e774cb37,syn_da0425280e817cf099af8abcdd9116bf,FEASIBLE,0.0,1.0,EXPLORATION,0
public_01,public_01_day_19,19,syn_382d179a81216a999064306113e8d5ce,syn_15c58533d97d59cd8fa8f6889005853b,FEASIBLE,0.0,1.0,EXPLORATION,0
public_01,public_01_day_20,20,syn_97c9450dbb229dd5ed181a5065471e8c,syn_6774330328f6d2ac379ccb6fa733c323,FEASIBLE,1.0,1.0,EXPLOITATION,1
public_01,public_01_day_20,20,syn_15c58533d97d59cd8fa8f6889005853b,syn_6214069ad878006480ec8a15e3ea4d73,FEASIBLE,1.0,1.0,EXPLOITATION,1
public_01,public_01_day_20,20,syn_c8173f9ff896f70b35273e7528e0a64f,syn_0b5739186226003ae4ee382252b03e24,FEASIBLE,0.6499999999999999,1.0,EXPLOITATION,1
public_01,public_01_day_20,20,syn_51c3093687ec35fc141741284be4579c,syn_da0425280e817cf099af8abcdd9116bf,FEASIBLE,0.35,1.0,EXPLORATION,1
public_01,public_01_day_20,20,syn_4bae37c3b69c792c35e1731394f0f149,syn_cb5ccb4d0ef4b2baee21637f3c7c12bb,FEASIBLE,0.35,1.0,EXPLOITATION,1
public_01,public_01_day_20,20,syn_3e94cf4755a04dc34451e7870d909bfb,syn_c6c9ae5038330a59cbdfa233e5fdeca4,FEASIBLE,0.05,1.0,EXPLORATION,1
public_01,public_01_day_20,20,syn_1e8bad18a1c14d863cef63a9970d8344,syn_69f65ca7fbcaa6bd4af36a54d5392e15,FEASIBLE,0.0,1.0,EXPLOITATION,1
public_01,public_01_day_20,20,syn_e79da0d36035d273f913520318d5706f,syn_34c9159d0d07971f677bbb253b5bbcf0,FEASIBLE,0.0,1.0,EXPLOITATION,1
public_01,public_01_day_20,20,syn_a9c181161ee8f96a7dda3ab35860d64a,syn_8ce7b7a126e840e21f92c19cbec28b18,FEASIBLE,0.0,1.0,EXPLOITATION,1
public_01,public_01_day_20,20,syn_382d179a81216a999064306113e8d5ce,syn_d3927dfb4ba1444e5c3b6e48d99aac7c,FEASIBLE,0.0,1.0,EXPLOITATION,1
public_01,public_01_day_20,20,syn_aad7734833bf13651bfa0ea1773077e3,syn_6214069ad878006480ec8a15e3ea4d73,FEASIBLE,0.6499999999999999,1.0,EXPLOITATION,0
public_01,public_01_day_20,20,syn_4bae37c3b69c792c35e1731394f0f149,syn_c8173f9ff896f70b35273e7528e0a64f,FEASIBLE,0.44999999999999996,1.0,EXPLORATION,0
public_01,public_01_day_20,20,syn_da0425280e817cf099af8abcdd9116bf,syn_c6c9ae5038330a59cbdfa233e5fdeca4,FEASIBLE,0.35,1.0,EXPLOITATION,0
public_01,public_01_day_20,20,syn_51c3093687ec35fc141741284be4579c,syn_3e94cf4755a04dc34451e7870d909bfb,FEASIBLE,0.3,1.0,EXPLOITATION,0
public_01,public_01_day_20,20,syn_6214069ad878006480ec8a15e3ea4d73,syn_f147f878931a307b02955c4cc72badc4,FEASIBLE,0.25,1.0,EXPLOITATION,0
public_01,public_01_day_20,20,syn_cb5ccb4d0ef4b2baee21637f3c7c12bb,syn_c8173f9ff896f70b35273e7528e0a64f,FEASIBLE,0.05,1.0,EXPLORATION,0
public_01,public_01_day_20,20,syn_2ace6829562f1903e1273758af37a3b0,syn_15c58533d97d59cd8fa8f6889005853b,FEASIBLE,0.0,1.0,EXPLORATION,0
public_01,public_01_day_20,20,syn_1e8bad18a1c14d863cef63a9970d8344,syn_15c58533d97d59cd8fa8f6889005853b,FEASIBLE,0.0,1.0,EXPLORATION,0
public_01,public_01_day_20,20,syn_e79da0d36035d273f913520318d5706f,syn_3b757727e68e22909b699b106b31fe72,FEASIBLE,0.0,1.0,EXPLORATION,0
public_01,public_01_day_20,20,syn_97c9450dbb229dd5ed181a5065471e8c,syn_382d179a81216a999064306113e8d5ce,FEASIBLE,0.0,1.0,EXPLOITATION,0
public_01,public_01_day_20,20,syn_2cb5d144832cd66b91adb378e774cb37,syn_da0425280e817cf099af8abcdd9116bf,FEASIBLE,0.0,1.0,EXPLORATION,0
public_01,public_01_day_20,20,syn_382d179a81216a999064306113e8d5ce,syn_15c58533d97d59cd8fa8f6889005853b,FEASIBLE,0.0,1.0,EXPLORATION,0
public_01,public_01_day_21,21,syn_c430220c3b380c7f5245206579ef8b20,syn_dac6ff4452913f2419cdedcc570879e7,FEASIBLE,1.0,1.0,EXPLOITATION,1
public_01,public_01_day_21,21,syn_97c9450dbb229dd5ed181a5065471e8c,syn_6774330328f6d2ac379ccb6fa733c323,FEASIBLE,1.0,1.0,EXPLOITATION,1
public_01,public_01_day_21,21,syn_15c58533d97d59cd8fa8f6889005853b,syn_6214069ad878006480ec8a15e3ea4d73,FEASIBLE,1.0,1.0,EXPLOITATION,1
public_01,public_01_day_21,21,syn_55f5be77b53c2ba09e4b6e525c1db2e4,syn_6cfb88f980ceab7343e2bdd152490fdd,FEASIBLE,0.55,1.0,EXPLOITATION,1
public_01,public_01_day_21,21,syn_51c3093687ec35fc141741284be4579c,syn_da0425280e817cf099af8abcdd9116bf,FEASIBLE,0.35,1.0,EXPLOITATION,1
public_01,public_01_day_21,21,syn_ff08099ce3f31cccc83bab0bdfe3f334,syn_848942b9908ff818fa6fb497f438e33b,FEASIBLE,0.15000000000000002,1.0,EXPLORATION,1
public_01,public_01_day_21,21,syn_3e94cf4755a04dc34451e7870d909bfb,syn_c6c9ae5038330a59cbdfa233e5fdeca4,FEASIBLE,0.05,1.0,EXPLOITATION,1
public_01,public_01_day_21,21,syn_1e8bad18a1c14d863cef63a9970d8344,syn_69f65ca7fbcaa6bd4af36a54d5392e15,FEASIBLE,0.0,1.0,EXPLOITATION,1
public_01,public_01_day_21,21,syn_e79da0d36035d273f913520318d5706f,syn_34c9159d0d07971f677bbb253b5bbcf0,FEASIBLE,0.0,1.0,EXPLOITATION,1
public_01,public_01_day_21,21,syn_a9c181161ee8f96a7dda3ab35860d64a,syn_8ce7b7a126e840e21f92c19cbec28b18,FEASIBLE,0.0,1.0,EXPLOITATION,1
public_01,public_01_day_21,21,syn_382d179a81216a999064306113e8d5ce,syn_d3927dfb4ba1444e5c3b6e48d99aac7c,FEASIBLE,0.0,1.0,EXPLOITATION,1
public_01,public_01_day_21,21,syn_aad7734833bf13651bfa0ea1773077e3,syn_6214069ad878006480ec8a15e3ea4d73,FEASIBLE,0.6499999999999999,1.0,EXPLOITATION,0
public_01,public_01_day_21,21,syn_b4622763ed1476794c24ad8f6e66b7a6,syn_c430220c3b380c7f5245206579ef8b20,FEASIBLE,0.35,1.0,EXPLOITATION,0
public_01,public_01_day_21,21,syn_da0425280e817cf099af8abcdd9116bf,syn_c6c9ae5038330a59cbdfa233e5fdeca4,FEASIBLE,0.35,1.0,EXPLOITATION,0
public_01,public_01_day_21,21,syn_51c3093687ec35fc141741284be4579c,syn_3e94cf4755a04dc34451e7870d909bfb,FEASIBLE,0.3,1.0,EXPLOITATION,0
public_01,public_01_day_21,21,syn_6214069ad878006480ec8a15e3ea4d73,syn_f147f878931a307b02955c4cc72badc4,FEASIBLE,0.25,1.0,EXPLOITATION,0
public_01,public_01_day_21,21,syn_1e8bad18a1c14d863cef63a9970d8344,syn_6cfb88f980ceab7343e2bdd152490fdd,FEASIBLE,0.15000000000000002,1.0,EXPLOITATION,0
public_01,public_01_day_21,21,syn_ff08099ce3f31cccc83bab0bdfe3f334,syn_95978ca6beef92cdc4b127a48f00725c,FEASIBLE,0.05,1.0,EXPLORATION,0
public_01,public_01_day_21,21,syn_2ace6829562f1903e1273758af37a3b0,syn_15c58533d97d59cd8fa8f6889005853b,FEASIBLE,0.0,1.0,EXPLORATION,0
public_01,public_01_day_21,21,syn_3e94cf4755a04dc34451e7870d909bfb,syn_dac6ff4452913f2419cdedcc570879e7,FEASIBLE,0.0,1.0,EXPLORATION,0
public_01,public_01_day_21,21,syn_1e8bad18a1c14d863cef63a9970d8344,syn_15c58533d97d59cd8fa8f6889005853b,FEASIBLE,0.0,1.0,EXPLORATION,0
public_01,public_01_day_21,21,syn_e79da0d36035d273f913520318d5706f,syn_3b757727e68e22909b699b106b31fe72,FEASIBLE,0.0,1.0,EXPLORATION,0
public_01,public_01_day_21,21,syn_97c9450dbb229dd5ed181a5065471e8c,syn_382d179a81216a999064306113e8d5ce,FEASIBLE,0.0,1.0,EXPLOITATION,0
public_01,public_01_day_21,21,syn_97c9450dbb229dd5ed181a5065471e8c,syn_dac6ff4452913f2419cdedcc570879e7,FEASIBLE,0.0,1.0,EXPLOITATION,0
public_01,public_01_day_21,21,syn_2cb5d144832cd66b91adb378e774cb37,syn_da0425280e817cf099af8abcdd9116bf,FEASIBLE,0.0,1.0,EXPLORATION,0
public_01,public_01_day_21,21,syn_ff08099ce3f31cccc83bab0bdfe3f334,syn_f10a21c702c75eb4b59db90ff12c282f,FEASIBLE,0.0,1.0,EXPLORATION,0
public_01,public_01_day_21,21,syn_55f5be77b53c2ba09e4b6e525c1db2e4,syn_9932dfb7889c4acac1c6b78ec2b3fbe2,FEASIBLE,0.0,1.0,EXPLOITATION,0
public_01,public_01_day_21,21,syn_382d179a81216a999064306113e8d5ce,syn_15c58533d97d59cd8fa8f6889005853b,FEASIBLE,0.0,1.0,EXPLORATION,0
public_01,public_01_day_21,21,syn_da0425280e817cf099af8abcdd9116bf,syn_dac6ff4452913f2419cdedcc570879e7,FEASIBLE,0.0,1.0,EXPLORATION,0
public_01,public_01_day_21,21,syn_dac6ff4452913f2419cdedcc570879e7,syn_15c58533d97d59cd8fa8f6889005853b,FEASIBLE,0.0,1.0,EXPLORATION,0
public_01,public_01_day_21,21,syn_dac6ff4452913f2419cdedcc570879e7,syn_d3927dfb4ba1444e5c3b6e48d99aac7c,FEASIBLE,0.0,1.0,EXPLOITATION,0
public_01,public_01_day_21,21,syn_6cfb88f980ceab7343e2bdd152490fdd,syn_9932dfb7889c4acac1c6b78ec2b3fbe2,FEASIBLE,0.0,1.0,EXPLOITATION,0
public_01,public_01_day_21,21,syn_6cfb88f980ceab7343e2bdd152490fdd,syn_f2c9c85da65191c936890b9a52ca3841,FEASIBLE,0.0,1.0,EXPLOITATION,0
public_01,public_01_day_22,22,syn_c430220c3b380c7f5245206579ef8b20,syn_dac6ff4452913f2419cdedcc570879e7,FEASIBLE,1.0,1.0,EXPLOITATION,1
public_01,public_01_day_22,22,syn_97c9450dbb229dd5ed181a5065471e8c,syn_6774330328f6d2ac379ccb6fa733c323,FEASIBLE,1.0,1.0,EXPLOITATION,1
public_01,public_01_day_22,22,syn_15c58533d97d59cd8fa8f6889005853b,syn_6214069ad878006480ec8a15e3ea4d73,FEASIBLE,1.0,1.0,EXPLOITATION,1
public_01,public_01_day_22,22,syn_55f5be77b53c2ba09e4b6e525c1db2e4,syn_6cfb88f980ceab7343e2bdd152490fdd,FEASIBLE,0.55,1.0,EXPLOITATION,1
public_01,public_01_day_22,22,syn_51c3093687ec35fc141741284be4579c,syn_da0425280e817cf099af8abcdd9116bf,FEASIBLE,0.35,1.0,EXPLOITATION,1
public_01,public_01_day_22,22,syn_ff08099ce3f31cccc83bab0bdfe3f334,syn_848942b9908ff818fa6fb497f438e33b,FEASIBLE,0.15000000000000002,1.0,EXPLOITATION,1
public_01,public_01_day_22,22,syn_3e94cf4755a04dc34451e7870d909bfb,syn_c6c9ae5038330a59cbdfa233e5fdeca4,FEASIBLE,0.05,1.0,EXPLOITATION,1
public_01,public_01_day_22,22,syn_1e8bad18a1c14d863cef63a9970d8344,syn_69f65ca7fbcaa6bd4af36a54d5392e15,FEASIBLE,0.0,1.0,EXPLOITATION,1
public_01,public_01_day_22,22,syn_e79da0d36035d273f913520318d5706f,syn_34c9159d0d07971f677bbb253b5bbcf0,FEASIBLE,0.0,1.0,EXPLOITATION,1
public_01,public_01_day_22,22,syn_a9c181161ee8f96a7dda3ab35860d64a,syn_8ce7b7a126e840e21f92c19cbec28b18,FEASIBLE,0.0,1.0,EXPLOITATION,1
public_01,public_01_day_22,22,syn_382d179a81216a999064306113e8d5ce,syn_d3927dfb4ba1444e5c3b6e48d99aac7c,FEASIBLE,0.0,1.0,EXPLOITATION,1
public_01,public_01_day_22,22,syn_aad7734833bf13651bfa0ea1773077e3,syn_6214069ad878006480ec8a15e3ea4d73,FEASIBLE,0.6499999999999999,1.0,EXPLOITATION,0
public_01,public_01_day_22,22,syn_b4622763ed1476794c24ad8f6e66b7a6,syn_c430220c3b380c7f5245206579ef8b20,FEASIBLE,0.35,1.0,EXPLOITATION,0
public_01,public_01_day_22,22,syn_da0425280e817cf099af8abcdd9116bf,syn_c6c9ae5038330a59cbdfa233e5fdeca4,FEASIBLE,0.35,1.0,EXPLOITATION,0
public_01,public_01_day_22,22,syn_51c3093687ec35fc141741284be4579c,syn_3e94cf4755a04dc34451e7870d909bfb,FEASIBLE,0.3,1.0,EXPLOITATION,0
public_01,public_01_day_22,22,syn_6214069ad878006480ec8a15e3ea4d73,syn_f147f878931a307b02955c4cc72badc4,FEASIBLE,0.25,1.0,EXPLOITATION,0
public_01,public_01_day_22,22,syn_1e8bad18a1c14d863cef63a9970d8344,syn_6cfb88f980ceab7343e2bdd152490fdd,FEASIBLE,0.15000000000000002,1.0,EXPLOITATION,0
public_01,public_01_day_22,22,syn_ff08099ce3f31cccc83bab0bdfe3f334,syn_95978ca6beef92cdc4b127a48f00725c,FEASIBLE,0.05,1.0,EXPLOITATION,0
public_01,public_01_day_22,22,syn_2ace6829562f1903e1273758af37a3b0,syn_15c58533d97d59cd8fa8f6889005853b,FEASIBLE,0.0,1.0,EXPLORATION,0
public_01,public_01_day_22,22,syn_3e94cf4755a04dc34451e7870d909bfb,syn_dac6ff4452913f2419cdedcc570879e7,FEASIBLE,0.0,1.0,EXPLORATION,0
public_01,public_01_day_22,22,syn_1e8bad18a1c14d863cef63a9970d8344,syn_15c58533d97d59cd8fa8f6889005853b,FEASIBLE,0.0,1.0,EXPLORATION,0
public_01,public_01_day_22,22,syn_e79da0d36035d273f913520318d5706f,syn_3b757727e68e22909b699b106b31fe72,FEASIBLE,0.0,1.0,EXPLORATION,0
public_01,public_01_day_22,22,syn_97c9450dbb229dd5ed181a5065471e8c,syn_382d179a81216a999064306113e8d5ce,FEASIBLE,0.0,1.0,EXPLOITATION,0
public_01,public_01_day_22,22,syn_97c9450dbb229dd5ed181a5065471e8c,syn_dac6ff4452913f2419cdedcc570879e7,FEASIBLE,0.0,1.0,EXPLOITATION,0
public_01,public_01_day_22,22,syn_2cb5d144832cd66b91adb378e774cb37,syn_da0425280e817cf099af8abcdd9116bf,FEASIBLE,0.0,1.0,EXPLORATION,0
public_01,public_01_day_22,22,syn_ff08099ce3f31cccc83bab0bdfe3f334,syn_f10a21c702c75eb4b59db90ff12c282f,FEASIBLE,0.0,1.0,EXPLORATION,0
public_01,public_01_day_22,22,syn_55f5be77b53c2ba09e4b6e525c1db2e4,syn_9932dfb7889c4acac1c6b78ec2b3fbe2,FEASIBLE,0.0,1.0,EXPLOITATION,0
public_01,public_01_day_22,22,syn_382d179a81216a999064306113e8d5ce,syn_15c58533d97d59cd8fa8f6889005853b,FEASIBLE,0.0,1.0,EXPLORATION,0
public_01,public_01_day_22,22,syn_da0425280e817cf099af8abcdd9116bf,syn_dac6ff4452913f2419cdedcc570879e7,FEASIBLE,0.0,1.0,EXPLORATION,0
public_01,public_01_day_22,22,syn_dac6ff4452913f2419cdedcc570879e7,syn_15c58533d97d59cd8fa8f6889005853b,FEASIBLE,0.0,1.0,EXPLORATION,0
public_01,public_01_day_22,22,syn_dac6ff4452913f2419cdedcc570879e7,syn_d3927dfb4ba1444e5c3b6e48d99aac7c,FEASIBLE,0.0,1.0,EXPLOITATION,0
public_01,public_01_day_22,22,syn_6cfb88f980ceab7343e2bdd152490fdd,syn_9932dfb7889c4acac1c6b78ec2b3fbe2,FEASIBLE,0.0,1.0,EXPLOITATION,0
public_01,public_01_day_22,22,syn_6cfb88f980ceab7343e2bdd152490fdd,syn_f2c9c85da65191c936890b9a52ca3841,FEASIBLE,0.0,1.0,EXPLOITATION,0
public_01,public_01_day_23,23,syn_c430220c3b380c7f5245206579ef8b20,syn_dac6ff4452913f2419cdedcc570879e7,FEASIBLE,1.0,1.0,EXPLOITATION,1
public_01,public_01_day_23,23,syn_3c8584c1f25243303edf1fcc0a7848b8,syn_ce55981e45ac6f27b30673e97f790453,FEASIBLE,0.65,1.0,EXPLOITATION,1
public_01,public_01_day_23,23,syn_1590c7c7e61f068af7c1b8fe352500bc,syn_ff08099ce3f31cccc83bab0bdfe3f334,FEASIBLE,0.6,1.0,EXPLORATION,1
public_01,public_01_day_23,23,syn_55f5be77b53c2ba09e4b6e525c1db2e4,syn_6cfb88f980ceab7343e2bdd152490fdd,FEASIBLE,0.55,1.0,EXPLOITATION,1
public_01,public_01_day_23,23,syn_51c3093687ec35fc141741284be4579c,syn_da0425280e817cf099af8abcdd9116bf,FEASIBLE,0.35,1.0,EXPLOITATION,1
public_01,public_01_day_23,23,syn_3e94cf4755a04dc34451e7870d909bfb,syn_c6c9ae5038330a59cbdfa233e5fdeca4,FEASIBLE,0.05,1.0,EXPLOITATION,1
public_01,public_01_day_23,23,syn_fb32b8618bad355de272dc79ff6569b7,syn_848942b9908ff818fa6fb497f438e33b,FEASIBLE,0.0,1.0,EXPLORATION,1
public_01,public_01_day_23,23,syn_1e8bad18a1c14d863cef63a9970d8344,syn_69f65ca7fbcaa6bd4af36a54d5392e15,FEASIBLE,0.0,1.0,EXPLOITATION,1
public_01,public_01_day_23,23,syn_6f243cc46db344937a9a55d12b2ee6ba,syn_2c58ea5d2ea2e4555f06d987546aaf99,FEASIBLE,0.0,1.0,EXPLOITATION,1
public_01,public_01_day_23,23,syn_a9c181161ee8f96a7dda3ab35860d64a,syn_8ce7b7a126e840e21f92c19cbec28b18,FEASIBLE,0.0,1.0,EXPLOITATION,1
public_01,public_01_day_23,23,syn_3c8584c1f25243303edf1fcc0a7848b8,syn_dac6ff4452913f2419cdedcc570879e7,FEASIBLE,1.0,1.0,EXPLORATION,0
public_01,public_01_day_23,23,syn_dac6ff4452913f2419cdedcc570879e7,syn_ce55981e45ac6f27b30673e97f790453,FEASIBLE,1.0,1.0,EXPLOITATION,0
public_01,public_01_day_23,23,syn_3c8584c1f25243303edf1fcc0a7848b8,syn_6cfb88f980ceab7343e2bdd152490fdd,FEASIBLE,0.5499999999999999,1.0,EXPLOITATION,0
public_01,public_01_day_23,23,syn_b4622763ed1476794c24ad8f6e66b7a6,syn_c430220c3b380c7f5245206579ef8b20,FEASIBLE,0.35,1.0,EXPLOITATION,0
public_01,public_01_day_23,23,syn_da0425280e817cf099af8abcdd9116bf,syn_c6c9ae5038330a59cbdfa233e5fdeca4,FEASIBLE,0.35,1.0,EXPLOITATION,0
public_01,public_01_day_23,23,syn_51c3093687ec35fc141741284be4579c,syn_3e94cf4755a04dc34451e7870d909bfb,FEASIBLE,0.3,1.0,EXPLOITATION,0
public_01,public_01_day_23,23,syn_1590c7c7e61f068af7c1b8fe352500bc,syn_cfd27ca6495326d0508ba804ba64f5ca,FEASIBLE,0.2,1.0,EXPLOITATION,0
public_01,public_01_day_23,23,syn_1e8bad18a1c14d863cef63a9970d8344,syn_6cfb88f980ceab7343e2bdd152490fdd,FEASIBLE,0.15000000000000002,1.0,EXPLOITATION,0
public_01,public_01_day_23,23,syn_ff08099ce3f31cccc83bab0bdfe3f334,syn_848942b9908ff818fa6fb497f438e33b,FEASIBLE,0.15000000000000002,1.0,EXPLOITATION,0
public_01,public_01_day_23,23,syn_1e8bad18a1c14d863cef63a9970d8344,syn_3c8584c1f25243303edf1fcc0a7848b8,FEASIBLE,0.05,1.0,EXPLORATION,0
public_01,public_01_day_23,23,syn_ff08099ce3f31cccc83bab0bdfe3f334,syn_95978ca6beef92cdc4b127a48f00725c,FEASIBLE,0.05,1.0,EXPLOITATION,0
public_01,public_01_day_23,23,syn_2ace6829562f1903e1273758af37a3b0,syn_3c8584c1f25243303edf1fcc0a7848b8,FEASIBLE,0.0,1.0,EXPLORATION,0
public_01,public_01_day_23,23,syn_3e94cf4755a04dc34451e7870d909bfb,syn_dac6ff4452913f2419cdedcc570879e7,FEASIBLE,0.0,1.0,EXPLORATION,0
public_01,public_01_day_23,23,syn_fb32b8618bad355de272dc79ff6569b7,syn_1590c7c7e61f068af7c1b8fe352500bc,FEASIBLE,0.0,1.0,EXPLORATION,0
public_01,public_01_day_23,23,syn_fb32b8618bad355de272dc79ff6569b7,syn_ff08099ce3f31cccc83bab0bdfe3f334,FEASIBLE,0.0,1.0,EXPLORATION,0
public_01,public_01_day_23,23,syn_6f243cc46db344937a9a55d12b2ee6ba,syn_3c8584c1f25243303edf1fcc0a7848b8,FEASIBLE,0.0,1.0,EXPLOITATION,0
public_01,public_01_day_23,23,syn_3c8584c1f25243303edf1fcc0a7848b8,syn_69f65ca7fbcaa6bd4af36a54d5392e15,FEASIBLE,0.0,1.0,EXPLORATION,0
public_01,public_01_day_23,23,syn_3c8584c1f25243303edf1fcc0a7848b8,syn_f2c9c85da65191c936890b9a52ca3841,FEASIBLE,0.0,1.0,EXPLORATION,0
public_01,public_01_day_23,23,syn_2c58ea5d2ea2e4555f06d987546aaf99,syn_6017efd3cd8e375efdd4db43ec2dc45b,FEASIBLE,0.0,1.0,EXPLOITATION,0
public_01,public_01_day_23,23,syn_2cb5d144832cd66b91adb378e774cb37,syn_da0425280e817cf099af8abcdd9116bf,FEASIBLE,0.0,1.0,EXPLORATION,0
public_01,public_01_day_23,23,syn_ff08099ce3f31cccc83bab0bdfe3f334,syn_f10a21c702c75eb4b59db90ff12c282f,FEASIBLE,0.0,1.0,EXPLORATION,0
public_01,public_01_day_23,23,syn_da0425280e817cf099af8abcdd9116bf,syn_dac6ff4452913f2419cdedcc570879e7,FEASIBLE,0.0,1.0,EXPLORATION,0
public_01,public_01_day_23,23,syn_6cfb88f980ceab7343e2bdd152490fdd,syn_f2c9c85da65191c936890b9a52ca3841,FEASIBLE,0.0,1.0,EXPLOITATION,0
public_01,public_01_day_24,24,syn_c430220c3b380c7f5245206579ef8b20,syn_dac6ff4452913f2419cdedcc570879e7,FEASIBLE,1.0,1.0,EXPLOITATION,1
public_01,public_01_day_24,24,syn_3c8584c1f25243303edf1fcc0a7848b8,syn_ce55981e45ac6f27b30673e97f790453,FEASIBLE,0.65,1.0,EXPLOITATION,1
public_01,public_01_day_24,24,syn_55f5be77b53c2ba09e4b6e525c1db2e4,syn_6cfb88f980ceab7343e2bdd152490fdd,FEASIBLE,0.55,1.0,EXPLOITATION,1
public_01,public_01_day_24,24,syn_51c3093687ec35fc141741284be4579c,syn_da0425280e817cf099af8abcdd9116bf,FEASIBLE,0.35,1.0,EXPLOITATION,1
public_01,public_01_day_24,24,syn_1590c7c7e61f068af7c1b8fe352500bc,syn_cfd27ca6495326d0508ba804ba64f5ca,FEASIBLE,0.2,1.0,EXPLOITATION,1
public_01,public_01_day_24,24,syn_3e94cf4755a04dc34451e7870d909bfb,syn_c6c9ae5038330a59cbdfa233e5fdeca4,FEASIBLE,0.05,1.0,EXPLOITATION,1
public_01,public_01_day_24,24,syn_1e8bad18a1c14d863cef63a9970d8344,syn_69f65ca7fbcaa6bd4af36a54d5392e15,FEASIBLE,0.0,1.0,EXPLOITATION,1
public_01,public_01_day_24,24,syn_6f243cc46db344937a9a55d12b2ee6ba,syn_2c58ea5d2ea2e4555f06d987546aaf99,FEASIBLE,0.0,1.0,EXPLOITATION,1
public_01,public_01_day_24,24,syn_a9c181161ee8f96a7dda3ab35860d64a,syn_8ce7b7a126e840e21f92c19cbec28b18,FEASIBLE,0.0,1.0,EXPLOITATION,1
public_01,public_01_day_24,24,syn_3c8584c1f25243303edf1fcc0a7848b8,syn_dac6ff4452913f2419cdedcc570879e7,FEASIBLE,1.0,1.0,EXPLORATION,0
public_01,public_01_day_24,24,syn_dac6ff4452913f2419cdedcc570879e7,syn_ce55981e45ac6f27b30673e97f790453,FEASIBLE,1.0,1.0,EXPLOITATION,0
public_01,public_01_day_24,24,syn_3c8584c1f25243303edf1fcc0a7848b8,syn_6cfb88f980ceab7343e2bdd152490fdd,FEASIBLE,0.5499999999999999,1.0,EXPLOITATION,0
public_01,public_01_day_24,24,syn_b4622763ed1476794c24ad8f6e66b7a6,syn_c430220c3b380c7f5245206579ef8b20,FEASIBLE,0.35,1.0,EXPLOITATION,0
public_01,public_01_day_24,24,syn_da0425280e817cf099af8abcdd9116bf,syn_c6c9ae5038330a59cbdfa233e5fdeca4,FEASIBLE,0.35,1.0,EXPLOITATION,0
public_01,public_01_day_24,24,syn_51c3093687ec35fc141741284be4579c,syn_3e94cf4755a04dc34451e7870d909bfb,FEASIBLE,0.3,1.0,EXPLOITATION,0
public_01,public_01_day_24,24,syn_1e8bad18a1c14d863cef63a9970d8344,syn_6cfb88f980ceab7343e2bdd152490fdd,FEASIBLE,0.15000000000000002,1.0,EXPLOITATION,0
public_01,public_01_day_24,24,syn_1e8bad18a1c14d863cef63a9970d8344,syn_3c8584c1f25243303edf1fcc0a7848b8,FEASIBLE,0.05,1.0,EXPLORATION,0
public_01,public_01_day_24,24,syn_2ace6829562f1903e1273758af37a3b0,syn_3c8584c1f25243303edf1fcc0a7848b8,FEASIBLE,0.0,1.0,EXPLORATION,0
public_01,public_01_day_24,24,syn_3e94cf4755a04dc34451e7870d909bfb,syn_dac6ff4452913f2419cdedcc570879e7,FEASIBLE,0.0,1.0,EXPLORATION,0
public_01,public_01_day_24,24,syn_fb32b8618bad355de272dc79ff6569b7,syn_1590c7c7e61f068af7c1b8fe352500bc,FEASIBLE,0.0,1.0,EXPLORATION,0
public_01,public_01_day_24,24,syn_6f243cc46db344937a9a55d12b2ee6ba,syn_3c8584c1f25243303edf1fcc0a7848b8,FEASIBLE,0.0,1.0,EXPLOITATION,0
public_01,public_01_day_24,24,syn_3c8584c1f25243303edf1fcc0a7848b8,syn_69f65ca7fbcaa6bd4af36a54d5392e15,FEASIBLE,0.0,1.0,EXPLORATION,0
public_01,public_01_day_24,24,syn_3c8584c1f25243303edf1fcc0a7848b8,syn_f2c9c85da65191c936890b9a52ca3841,FEASIBLE,0.0,1.0,EXPLORATION,0
public_01,public_01_day_24,24,syn_2c58ea5d2ea2e4555f06d987546aaf99,syn_6017efd3cd8e375efdd4db43ec2dc45b,FEASIBLE,0.0,1.0,EXPLOITATION,0
public_01,public_01_day_24,24,syn_2cb5d144832cd66b91adb378e774cb37,syn_da0425280e817cf099af8abcdd9116bf,FEASIBLE,0.0,1.0,EXPLORATION,0
public_01,public_01_day_24,24,syn_da0425280e817cf099af8abcdd9116bf,syn_dac6ff4452913f2419cdedcc570879e7,FEASIBLE,0.0,1.0,EXPLORATION,0
public_01,public_01_day_24,24,syn_6cfb88f980ceab7343e2bdd152490fdd,syn_f2c9c85da65191c936890b9a52ca3841,FEASIBLE,0.0,1.0,EXPLOITATION,0
public_01,public_01_day_25,25,syn_c430220c3b380c7f5245206579ef8b20,syn_dac6ff4452913f2419cdedcc570879e7,FEASIBLE,1.0,1.0,EXPLOITATION,1
public_01,public_01_day_25,25,syn_1590c7c7e61f068af7c1b8fe352500bc,syn_cfd27ca6495326d0508ba804ba64f5ca,FEASIBLE,0.2,1.0,EXPLOITATION,1
public_01,public_01_day_25,25,syn_3e94cf4755a04dc34451e7870d909bfb,syn_c6c9ae5038330a59cbdfa233e5fdeca4,FEASIBLE,0.05,1.0,EXPLOITATION,1
public_01,public_01_day_25,25,syn_6f243cc46db344937a9a55d12b2ee6ba,syn_2c58ea5d2ea2e4555f06d987546aaf99,FEASIBLE,0.0,1.0,EXPLOITATION,1
public_01,public_01_day_25,25,syn_a9c181161ee8f96a7dda3ab35860d64a,syn_8ce7b7a126e840e21f92c19cbec28b18,FEASIBLE,0.0,1.0,EXPLOITATION,1
public_01,public_01_day_25,25,syn_dac6ff4452913f2419cdedcc570879e7,syn_ce55981e45ac6f27b30673e97f790453,FEASIBLE,1.0,1.0,EXPLOITATION,0
public_01,public_01_day_25,25,syn_b4622763ed1476794c24ad8f6e66b7a6,syn_c430220c3b380c7f5245206579ef8b20,FEASIBLE,0.35,1.0,EXPLOITATION,0
public_01,public_01_day_25,25,syn_3e94cf4755a04dc34451e7870d909bfb,syn_dac6ff4452913f2419cdedcc570879e7,FEASIBLE,0.0,1.0,EXPLORATION,0
public_01,public_01_day_25,25,syn_fb32b8618bad355de272dc79ff6569b7,syn_1590c7c7e61f068af7c1b8fe352500bc,FEASIBLE,0.0,1.0,EXPLORATION,0
public_01,public_01_day_25,25,syn_2c58ea5d2ea2e4555f06d987546aaf99,syn_6017efd3cd8e375efdd4db43ec2dc45b,FEASIBLE,0.0,1.0,EXPLOITATION,0
public_01,public_01_day_26,26,syn_6f243cc46db344937a9a55d12b2ee6ba,syn_d3927dfb4ba1444e5c3b6e48d99aac7c,FEASIBLE,1.0,1.0,EXPLOITATION,1
public_01,public_01_day_26,26,syn_c430220c3b380c7f5245206579ef8b20,syn_dac6ff4452913f2419cdedcc570879e7,FEASIBLE,1.0,1.0,EXPLOITATION,1
public_01,public_01_day_26,26,syn_1590c7c7e61f068af7c1b8fe352500bc,syn_cfd27ca6495326d0508ba804ba64f5ca,FEASIBLE,0.2,1.0,EXPLOITATION,1
public_01,public_01_day_26,26,syn_3e94cf4755a04dc34451e7870d909bfb,syn_c6c9ae5038330a59cbdfa233e5fdeca4,FEASIBLE,0.05,1.0,EXPLOITATION,1
public_01,public_01_day_26,26,syn_a9c181161ee8f96a7dda3ab35860d64a,syn_8ce7b7a126e840e21f92c19cbec28b18,FEASIBLE,0.0,1.0,EXPLOITATION,1
public_01,public_01_day_26,26,syn_2c58ea5d2ea2e4555f06d987546aaf99,syn_6017efd3cd8e375efdd4db43ec2dc45b,FEASIBLE,0.0,1.0,EXPLOITATION,1
public_01,public_01_day_26,26,syn_382d179a81216a999064306113e8d5ce,syn_ce55981e45ac6f27b30673e97f790453,FEASIBLE,0.0,1.0,EXPLOITATION,1
public_01,public_01_day_26,26,syn_dac6ff4452913f2419cdedcc570879e7,syn_ce55981e45ac6f27b30673e97f790453,FEASIBLE,1.0,1.0,EXPLOITATION,0
public_01,public_01_day_26,26,syn_b4622763ed1476794c24ad8f6e66b7a6,syn_c430220c3b380c7f5245206579ef8b20,FEASIBLE,0.35,1.0,EXPLOITATION,0
public_01,public_01_day_26,26,syn_3e94cf4755a04dc34451e7870d909bfb,syn_dac6ff4452913f2419cdedcc570879e7,FEASIBLE,0.0,1.0,EXPLORATION,0
public_01,public_01_day_26,26,syn_fb32b8618bad355de272dc79ff6569b7,syn_1590c7c7e61f068af7c1b8fe352500bc,FEASIBLE,0.0,1.0,EXPLORATION,0
public_01,public_01_day_26,26,syn_6f243cc46db344937a9a55d12b2ee6ba,syn_2c58ea5d2ea2e4555f06d987546aaf99,FEASIBLE,0.0,1.0,EXPLOITATION,0
public_01,public_01_day_26,26,syn_382d179a81216a999064306113e8d5ce,syn_d3927dfb4ba1444e5c3b6e48d99aac7c,FEASIBLE,0.0,1.0,EXPLOITATION,0
public_01,public_01_day_26,26,syn_dac6ff4452913f2419cdedcc570879e7,syn_d3927dfb4ba1444e5c3b6e48d99aac7c,FEASIBLE,0.0,1.0,EXPLOITATION,0
public_01,public_01_day_27,27,syn_6f243cc46db344937a9a55d12b2ee6ba,syn_d3927dfb4ba1444e5c3b6e48d99aac7c,FEASIBLE,1.0,1.0,EXPLOITATION,1
public_01,public_01_day_27,27,syn_c8173f9ff896f70b35273e7528e0a64f,syn_0b5739186226003ae4ee382252b03e24,FEASIBLE,0.6499999999999999,1.0,EXPLOITATION,1
public_01,public_01_day_27,27,syn_51c3093687ec35fc141741284be4579c,syn_da0425280e817cf099af8abcdd9116bf,FEASIBLE,0.35,1.0,EXPLOITATION,1
public_01,public_01_day_27,27,syn_b4622763ed1476794c24ad8f6e66b7a6,syn_c430220c3b380c7f5245206579ef8b20,FEASIBLE,0.35,1.0,EXPLOITATION,1
public_01,public_01_day_27,27,syn_4bae37c3b69c792c35e1731394f0f149,syn_cb5ccb4d0ef4b2baee21637f3c7c12bb,FEASIBLE,0.35,1.0,EXPLOITATION,1
public_01,public_01_day_27,27,syn_1590c7c7e61f068af7c1b8fe352500bc,syn_cfd27ca6495326d0508ba804ba64f5ca,FEASIBLE,0.2,1.0,EXPLOITATION,1
public_01,public_01_day_27,27,syn_3e94cf4755a04dc34451e7870d909bfb,syn_c6c9ae5038330a59cbdfa233e5fdeca4,FEASIBLE,0.05,1.0,EXPLOITATION,1
public_01,public_01_day_27,27,syn_1e8bad18a1c14d863cef63a9970d8344,syn_69f65ca7fbcaa6bd4af36a54d5392e15,FEASIBLE,0.0,1.0,EXPLOITATION,1
public_01,public_01_day_27,27,syn_a9c181161ee8f96a7dda3ab35860d64a,syn_8ce7b7a126e840e21f92c19cbec28b18,FEASIBLE,0.0,1.0,EXPLOITATION,1
public_01,public_01_day_27,27,syn_2c58ea5d2ea2e4555f06d987546aaf99,syn_6017efd3cd8e375efdd4db43ec2dc45b,FEASIBLE,0.0,1.0,EXPLOITATION,1
public_01,public_01_day_27,27,syn_3069ccc1a6f38d323719e2cbc6f59227,syn_bd58a8686e319b00ca603fc2518d8660,FEASIBLE,0.0,1.0,EXPLOITATION,1
public_01,public_01_day_27,27,syn_41c413cc05ebffa5a48edf51e8b5f41c,syn_49e3e49b02ef389261d13172be7c8611,FEASIBLE,0.0,1.0,EXPLOITATION,1
public_01,public_01_day_27,27,syn_4bae37c3b69c792c35e1731394f0f149,syn_c8173f9ff896f70b35273e7528e0a64f,FEASIBLE,0.44999999999999996,1.0,EXPLORATION,0
public_01,public_01_day_27,27,syn_da0425280e817cf099af8abcdd9116bf,syn_c6c9ae5038330a59cbdfa233e5fdeca4,FEASIBLE,0.35,1.0,EXPLOITATION,0
public_01,public_01_day_27,27,syn_51c3093687ec35fc141741284be4579c,syn_3e94cf4755a04dc34451e7870d909bfb,FEASIBLE,0.3,1.0,EXPLOITATION,0
public_01,public_01_day_27,27,syn_cb5ccb4d0ef4b2baee21637f3c7c12bb,syn_c8173f9ff896f70b35273e7528e0a64f,FEASIBLE,0.05,1.0,EXPLORATION,0
public_01,public_01_day_27,27,syn_fb32b8618bad355de272dc79ff6569b7,syn_1590c7c7e61f068af7c1b8fe352500bc,FEASIBLE,0.0,1.0,EXPLORATION,0
public_01,public_01_day_27,27,syn_6f243cc46db344937a9a55d12b2ee6ba,syn_2c58ea5d2ea2e4555f06d987546aaf99,FEASIBLE,0.0,1.0,EXPLOITATION,0
public_01,public_01_day_27,27,syn_2cb5d144832cd66b91adb378e774cb37,syn_da0425280e817cf099af8abcdd9116bf,FEASIBLE,0.0,1.0,EXPLORATION,0
public_01,public_01_day_27,27,syn_55f5be77b53c2ba09e4b6e525c1db2e4,syn_bd58a8686e319b00ca603fc2518d8660,FEASIBLE,0.0,1.0,EXPLOITATION,0
public_01,public_01_day_27,27,syn_382d179a81216a999064306113e8d5ce,syn_d3927dfb4ba1444e5c3b6e48d99aac7c,FEASIBLE,0.0,1.0,EXPLOITATION,0
public_01,public_01_day_28,28,syn_6f243cc46db344937a9a55d12b2ee6ba,syn_d3927dfb4ba1444e5c3b6e48d99aac7c,FEASIBLE,1.0,1.0,EXPLOITATION,1
public_01,public_01_day_28,28,syn_c430220c3b380c7f5245206579ef8b20,syn_dac6ff4452913f2419cdedcc570879e7,FEASIBLE,1.0,1.0,EXPLOITATION,1
public_01,public_01_day_28,28,syn_15c58533d97d59cd8fa8f6889005853b,syn_6214069ad878006480ec8a15e3ea4d73,FEASIBLE,1.0,1.0,EXPLOITATION,1
public_01,public_01_day_28,28,syn_c8173f9ff896f70b35273e7528e0a64f,syn_0b5739186226003ae4ee382252b03e24,FEASIBLE,0.6499999999999999,1.0,EXPLOITATION,1
public_01,public_01_day_28,28,syn_51c3093687ec35fc141741284be4579c,syn_da0425280e817cf099af8abcdd9116bf,FEASIBLE,0.35,1.0,EXPLOITATION,1
public_01,public_01_day_28,28,syn_4bae37c3b69c792c35e1731394f0f149,syn_cb5ccb4d0ef4b2baee21637f3c7c12bb,FEASIBLE,0.35,1.0,EXPLOITATION,1
public_01,public_01_day_28,28,syn_1590c7c7e61f068af7c1b8fe352500bc,syn_cfd27ca6495326d0508ba804ba64f5ca,FEASIBLE,0.2,1.0,EXPLOITATION,1
public_01,public_01_day_28,28,syn_3e94cf4755a04dc34451e7870d909bfb,syn_c6c9ae5038330a59cbdfa233e5fdeca4,FEASIBLE,0.05,1.0,EXPLOITATION,1
public_01,public_01_day_28,28,syn_1e8bad18a1c14d863cef63a9970d8344,syn_69f65ca7fbcaa6bd4af36a54d5392e15,FEASIBLE,0.0,1.0,EXPLOITATION,1
public_01,public_01_day_28,28,syn_a9c181161ee8f96a7dda3ab35860d64a,syn_8ce7b7a126e840e21f92c19cbec28b18,FEASIBLE,0.0,1.0,EXPLOITATION,1
public_01,public_01_day_28,28,syn_2c58ea5d2ea2e4555f06d987546aaf99,syn_6017efd3cd8e375efdd4db43ec2dc45b,FEASIBLE,0.0,1.0,EXPLOITATION,1
public_01,public_01_day_28,28,syn_3069ccc1a6f38d323719e2cbc6f59227,syn_bd58a8686e319b00ca603fc2518d8660,FEASIBLE,0.0,1.0,EXPLOITATION,1
public_01,public_01_day_28,28,syn_41c413cc05ebffa5a48edf51e8b5f41c,syn_49e3e49b02ef389261d13172be7c8611,FEASIBLE,0.0,1.0,EXPLOITATION,1
public_01,public_01_day_28,28,syn_382d179a81216a999064306113e8d5ce,syn_ce55981e45ac6f27b30673e97f790453,FEASIBLE,0.0,1.0,EXPLOITATION,1
public_01,public_01_day_28,28,syn_dac6ff4452913f2419cdedcc570879e7,syn_ce55981e45ac6f27b30673e97f790453,FEASIBLE,1.0,1.0,EXPLOITATION,0
public_01,public_01_day_28,28,syn_aad7734833bf13651bfa0ea1773077e3,syn_6214069ad878006480ec8a15e3ea4d73,FEASIBLE,0.6499999999999999,1.0,EXPLOITATION,0
public_01,public_01_day_28,28,syn_4bae37c3b69c792c35e1731394f0f149,syn_c8173f9ff896f70b35273e7528e0a64f,FEASIBLE,0.44999999999999996,1.0,EXPLORATION,0
public_01,public_01_day_28,28,syn_b4622763ed1476794c24ad8f6e66b7a6,syn_c430220c3b380c7f5245206579ef8b20,FEASIBLE,0.35,1.0,EXPLOITATION,0
public_01,public_01_day_28,28,syn_da0425280e817cf099af8abcdd9116bf,syn_c6c9ae5038330a59cbdfa233e5fdeca4,FEASIBLE,0.35,1.0,EXPLOITATION,0
public_01,public_01_day_28,28,syn_51c3093687ec35fc141741284be4579c,syn_3e94cf4755a04dc34451e7870d909bfb,FEASIBLE,0.3,1.0,EXPLOITATION,0
public_01,public_01_day_28,28,syn_6214069ad878006480ec8a15e3ea4d73,syn_f147f878931a307b02955c4cc72badc4,FEASIBLE,0.25,1.0,EXPLOITATION,0
public_01,public_01_day_28,28,syn_cb5ccb4d0ef4b2baee21637f3c7c12bb,syn_c8173f9ff896f70b35273e7528e0a64f,FEASIBLE,0.05,1.0,EXPLORATION,0
public_01,public_01_day_28,28,syn_2ace6829562f1903e1273758af37a3b0,syn_15c58533d97d59cd8fa8f6889005853b,FEASIBLE,0.0,1.0,EXPLORATION,0
public_01,public_01_day_28,28,syn_3e94cf4755a04dc34451e7870d909bfb,syn_dac6ff4452913f2419cdedcc570879e7,FEASIBLE,0.0,1.0,EXPLORATION,0
public_01,public_01_day_28,28,syn_fb32b8618bad355de272dc79ff6569b7,syn_1590c7c7e61f068af7c1b8fe352500bc,FEASIBLE,0.0,1.0,EXPLORATION,0
public_01,public_01_day_28,28,syn_1e8bad18a1c14d863cef63a9970d8344,syn_15c58533d97d59cd8fa8f6889005853b,FEASIBLE,0.0,1.0,EXPLORATION,0
public_01,public_01_day_28,28,syn_6f243cc46db344937a9a55d12b2ee6ba,syn_2c58ea5d2ea2e4555f06d987546aaf99,FEASIBLE,0.0,1.0,EXPLOITATION,0
public_01,public_01_day_28,28,syn_6f243cc46db344937a9a55d12b2ee6ba,syn_15c58533d97d59cd8fa8f6889005853b,FEASIBLE,0.0,1.0,EXPLORATION,0
public_01,public_01_day_28,28,syn_2cb5d144832cd66b91adb378e774cb37,syn_da0425280e817cf099af8abcdd9116bf,FEASIBLE,0.0,1.0,EXPLORATION,0
public_01,public_01_day_28,28,syn_41c413cc05ebffa5a48edf51e8b5f41c,syn_6214069ad878006480ec8a15e3ea4d73,FEASIBLE,0.0,1.0,EXPLOITATION,0
public_01,public_01_day_28,28,syn_55f5be77b53c2ba09e4b6e525c1db2e4,syn_bd58a8686e319b00ca603fc2518d8660,FEASIBLE,0.0,1.0,EXPLOITATION,0
public_01,public_01_day_28,28,syn_382d179a81216a999064306113e8d5ce,syn_15c58533d97d59cd8fa8f6889005853b,FEASIBLE,0.0,1.0,EXPLORATION,0
public_01,public_01_day_28,28,syn_382d179a81216a999064306113e8d5ce,syn_d3927dfb4ba1444e5c3b6e48d99aac7c,FEASIBLE,0.0,1.0,EXPLOITATION,0
public_01,public_01_day_28,28,syn_da0425280e817cf099af8abcdd9116bf,syn_dac6ff4452913f2419cdedcc570879e7,FEASIBLE,0.0,1.0,EXPLORATION,0
public_01,public_01_day_28,28,syn_dac6ff4452913f2419cdedcc570879e7,syn_15c58533d97d59cd8fa8f6889005853b,FEASIBLE,0.0,1.0,EXPLORATION,0
public_01,public_01_day_28,28,syn_dac6ff4452913f2419cdedcc570879e7,syn_d3927dfb4ba1444e5c3b6e48d99aac7c,FEASIBLE,0.0,1.0,EXPLOITATION,0
public_01,public_01_day_30,30,syn_6f243cc46db344937a9a55d12b2ee6ba,syn_d3927dfb4ba1444e5c3b6e48d99aac7c,FEASIBLE,1.0,1.0,EXPLOITATION,1
public_01,public_01_day_30,30,syn_c430220c3b380c7f5245206579ef8b20,syn_dac6ff4452913f2419cdedcc570879e7,FEASIBLE,1.0,1.0,EXPLOITATION,1
public_01,public_01_day_30,30,syn_97c9450dbb229dd5ed181a5065471e8c,syn_6774330328f6d2ac379ccb6fa733c323,FEASIBLE,1.0,1.0,EXPLOITATION,1
public_01,public_01_day_30,30,syn_15c58533d97d59cd8fa8f6889005853b,syn_6214069ad878006480ec8a15e3ea4d73,FEASIBLE,1.0,1.0,EXPLOITATION,1
public_01,public_01_day_30,30,syn_c8173f9ff896f70b35273e7528e0a64f,syn_0b5739186226003ae4ee382252b03e24,FEASIBLE,0.6499999999999999,1.0,EXPLOITATION,1
public_01,public_01_day_30,30,syn_51c3093687ec35fc141741284be4579c,syn_da0425280e817cf099af8abcdd9116bf,FEASIBLE,0.35,1.0,EXPLOITATION,1
public_01,public_01_day_30,30,syn_4bae37c3b69c792c35e1731394f0f149,syn_cb5ccb4d0ef4b2baee21637f3c7c12bb,FEASIBLE,0.35,1.0,EXPLOITATION,1
public_01,public_01_day_30,30,syn_1590c7c7e61f068af7c1b8fe352500bc,syn_cfd27ca6495326d0508ba804ba64f5ca,FEASIBLE,0.2,1.0,EXPLOITATION,1
public_01,public_01_day_30,30,syn_3e94cf4755a04dc34451e7870d909bfb,syn_c6c9ae5038330a59cbdfa233e5fdeca4,FEASIBLE,0.05,1.0,EXPLOITATION,1
public_01,public_01_day_30,30,syn_aad7734833bf13651bfa0ea1773077e3,syn_017980b80fe495ad006acf9b65a6fcc3,FEASIBLE,0.0,1.0,EXPLORATION,1
public_01,public_01_day_30,30,syn_1e8bad18a1c14d863cef63a9970d8344,syn_69f65ca7fbcaa6bd4af36a54d5392e15,FEASIBLE,0.0,1.0,EXPLOITATION,1
public_01,public_01_day_30,30,syn_a9c181161ee8f96a7dda3ab35860d64a,syn_8ce7b7a126e840e21f92c19cbec28b18,FEASIBLE,0.0,1.0,EXPLOITATION,1
public_01,public_01_day_30,30,syn_2c58ea5d2ea2e4555f06d987546aaf99,syn_6017efd3cd8e375efdd4db43ec2dc45b,FEASIBLE,0.0,1.0,EXPLOITATION,1
public_01,public_01_day_30,30,syn_3069ccc1a6f38d323719e2cbc6f59227,syn_bd58a8686e319b00ca603fc2518d8660,FEASIBLE,0.0,1.0,EXPLOITATION,1
public_01,public_01_day_30,30,syn_41c413cc05ebffa5a48edf51e8b5f41c,syn_49e3e49b02ef389261d13172be7c8611,FEASIBLE,0.0,1.0,EXPLOITATION,1
public_01,public_01_day_30,30,syn_382d179a81216a999064306113e8d5ce,syn_ce55981e45ac6f27b30673e97f790453,FEASIBLE,0.0,1.0,EXPLOITATION,1
public_01,public_01_day_30,30,syn_dac6ff4452913f2419cdedcc570879e7,syn_ce55981e45ac6f27b30673e97f790453,FEASIBLE,1.0,1.0,EXPLOITATION,0
public_01,public_01_day_30,30,syn_aad7734833bf13651bfa0ea1773077e3,syn_6214069ad878006480ec8a15e3ea4d73,FEASIBLE,0.6499999999999999,1.0,EXPLOITATION,0
public_01,public_01_day_30,30,syn_4bae37c3b69c792c35e1731394f0f149,syn_c8173f9ff896f70b35273e7528e0a64f,FEASIBLE,0.44999999999999996,1.0,EXPLORATION,0
public_01,public_01_day_30,30,syn_b4622763ed1476794c24ad8f6e66b7a6,syn_c430220c3b380c7f5245206579ef8b20,FEASIBLE,0.35,1.0,EXPLOITATION,0
public_01,public_01_day_30,30,syn_da0425280e817cf099af8abcdd9116bf,syn_c6c9ae5038330a59cbdfa233e5fdeca4,FEASIBLE,0.35,1.0,EXPLOITATION,0
public_01,public_01_day_30,30,syn_51c3093687ec35fc141741284be4579c,syn_3e94cf4755a04dc34451e7870d909bfb,FEASIBLE,0.3,1.0,EXPLOITATION,0
public_01,public_01_day_30,30,syn_6214069ad878006480ec8a15e3ea4d73,syn_f147f878931a307b02955c4cc72badc4,FEASIBLE,0.25,1.0,EXPLOITATION,0
public_01,public_01_day_30,30,syn_cb5ccb4d0ef4b2baee21637f3c7c12bb,syn_c8173f9ff896f70b35273e7528e0a64f,FEASIBLE,0.05,1.0,EXPLORATION,0
public_01,public_01_day_30,30,syn_2ace6829562f1903e1273758af37a3b0,syn_15c58533d97d59cd8fa8f6889005853b,FEASIBLE,0.0,1.0,EXPLORATION,0
public_01,public_01_day_30,30,syn_3e94cf4755a04dc34451e7870d909bfb,syn_dac6ff4452913f2419cdedcc570879e7,FEASIBLE,0.0,1.0,EXPLORATION,0
public_01,public_01_day_30,30,syn_fb32b8618bad355de272dc79ff6569b7,syn_1590c7c7e61f068af7c1b8fe352500bc,FEASIBLE,0.0,1.0,EXPLORATION,0
public_01,public_01_day_30,30,syn_1e8bad18a1c14d863cef63a9970d8344,syn_15c58533d97d59cd8fa8f6889005853b,FEASIBLE,0.0,1.0,EXPLORATION,0
public_01,public_01_day_30,30,syn_6f243cc46db344937a9a55d12b2ee6ba,syn_2c58ea5d2ea2e4555f06d987546aaf99,FEASIBLE,0.0,1.0,EXPLOITATION,0
public_01,public_01_day_30,30,syn_6f243cc46db344937a9a55d12b2ee6ba,syn_15c58533d97d59cd8fa8f6889005853b,FEASIBLE,0.0,1.0,EXPLORATION,0
public_01,public_01_day_30,30,syn_97c9450dbb229dd5ed181a5065471e8c,syn_382d179a81216a999064306113e8d5ce,FEASIBLE,0.0,1.0,EXPLOITATION,0
public_01,public_01_day_30,30,syn_97c9450dbb229dd5ed181a5065471e8c,syn_dac6ff4452913f2419cdedcc570879e7,FEASIBLE,0.0,1.0,EXPLOITATION,0
public_01,public_01_day_30,30,syn_97c9450dbb229dd5ed181a5065471e8c,syn_017980b80fe495ad006acf9b65a6fcc3,FEASIBLE,0.0,1.0,EXPLOITATION,0
public_01,public_01_day_30,30,syn_2cb5d144832cd66b91adb378e774cb37,syn_da0425280e817cf099af8abcdd9116bf,FEASIBLE,0.0,1.0,EXPLORATION,0
public_01,public_01_day_30,30,syn_41c413cc05ebffa5a48edf51e8b5f41c,syn_6214069ad878006480ec8a15e3ea4d73,FEASIBLE,0.0,1.0,EXPLOITATION,0
public_01,public_01_day_30,30,syn_41c413cc05ebffa5a48edf51e8b5f41c,syn_017980b80fe495ad006acf9b65a6fcc3,FEASIBLE,0.0,1.0,EXPLOITATION,0
public_01,public_01_day_30,30,syn_55f5be77b53c2ba09e4b6e525c1db2e4,syn_bd58a8686e319b00ca603fc2518d8660,FEASIBLE,0.0,1.0,EXPLOITATION,0
public_01,public_01_day_30,30,syn_382d179a81216a999064306113e8d5ce,syn_15c58533d97d59cd8fa8f6889005853b,FEASIBLE,0.0,1.0,EXPLORATION,0
public_01,public_01_day_30,30,syn_382d179a81216a999064306113e8d5ce,syn_d3927dfb4ba1444e5c3b6e48d99aac7c,FEASIBLE,0.0,1.0,EXPLOITATION,0
public_01,public_01_day_30,30,syn_da0425280e817cf099af8abcdd9116bf,syn_dac6ff4452913f2419cdedcc570879e7,FEASIBLE,0.0,1.0,EXPLORATION,0
public_01,public_01_day_30,30,syn_dac6ff4452913f2419cdedcc570879e7,syn_15c58533d97d59cd8fa8f6889005853b,FEASIBLE,0.0,1.0,EXPLORATION,0
public_01,public_01_day_30,30,syn_dac6ff4452913f2419cdedcc570879e7,syn_d3927dfb4ba1444e5c3b6e48d99aac7c,FEASIBLE,0.0,1.0,EXPLOITATION,0
public_01,public_01_day_30,30,syn_017980b80fe495ad006acf9b65a6fcc3,syn_d3927dfb4ba1444e5c3b6e48d99aac7c,FEASIBLE,0.0,1.0,EXPLOITATION,0
public_01,public_01_day_30,30,syn_017980b80fe495ad006acf9b65a6fcc3,syn_f147f878931a307b02955c4cc72badc4,FEASIBLE,0.0,1.0,EXPLOITATION,0
public_01,public_01_day_31,31,syn_6f243cc46db344937a9a55d12b2ee6ba,syn_d3927dfb4ba1444e5c3b6e48d99aac7c,FEASIBLE,1.0,1.0,EXPLOITATION,1
public_01,public_01_day_31,31,syn_c430220c3b380c7f5245206579ef8b20,syn_dac6ff4452913f2419cdedcc570879e7,FEASIBLE,1.0,1.0,EXPLOITATION,1
public_01,public_01_day_31,31,syn_97c9450dbb229dd5ed181a5065471e8c,syn_6774330328f6d2ac379ccb6fa733c323,FEASIBLE,1.0,1.0,EXPLOITATION,1
public_01,public_01_day_31,31,syn_15c58533d97d59cd8fa8f6889005853b,syn_6214069ad878006480ec8a15e3ea4d73,FEASIBLE,1.0,1.0,EXPLOITATION,1
public_01,public_01_day_31,31,syn_c8173f9ff896f70b35273e7528e0a64f,syn_0b5739186226003ae4ee382252b03e24,FEASIBLE,0.6499999999999999,1.0,EXPLOITATION,1
public_01,public_01_day_31,31,syn_51c3093687ec35fc141741284be4579c,syn_da0425280e817cf099af8abcdd9116bf,FEASIBLE,0.35,1.0,EXPLOITATION,1
public_01,public_01_day_31,31,syn_4bae37c3b69c792c35e1731394f0f149,syn_cb5ccb4d0ef4b2baee21637f3c7c12bb,FEASIBLE,0.35,1.0,EXPLOITATION,1
public_01,public_01_day_31,31,syn_1590c7c7e61f068af7c1b8fe352500bc,syn_cfd27ca6495326d0508ba804ba64f5ca,FEASIBLE,0.2,1.0,EXPLOITATION,1
public_01,public_01_day_31,31,syn_3e94cf4755a04dc34451e7870d909bfb,syn_c6c9ae5038330a59cbdfa233e5fdeca4,FEASIBLE,0.05,1.0,EXPLOITATION,1
public_01,public_01_day_31,31,syn_aad7734833bf13651bfa0ea1773077e3,syn_017980b80fe495ad006acf9b65a6fcc3,FEASIBLE,0.0,1.0,EXPLOITATION,1
public_01,public_01_day_31,31,syn_1e8bad18a1c14d863cef63a9970d8344,syn_69f65ca7fbcaa6bd4af36a54d5392e15,FEASIBLE,0.0,1.0,EXPLOITATION,1
public_01,public_01_day_31,31,syn_e79da0d36035d273f913520318d5706f,syn_34c9159d0d07971f677bbb253b5bbcf0,FEASIBLE,0.0,1.0,EXPLOITATION,1
public_01,public_01_day_31,31,syn_a9c181161ee8f96a7dda3ab35860d64a,syn_8ce7b7a126e840e21f92c19cbec28b18,FEASIBLE,0.0,1.0,EXPLOITATION,1
public_01,public_01_day_31,31,syn_2c58ea5d2ea2e4555f06d987546aaf99,syn_6017efd3cd8e375efdd4db43ec2dc45b,FEASIBLE,0.0,1.0,EXPLOITATION,1
public_01,public_01_day_31,31,syn_3069ccc1a6f38d323719e2cbc6f59227,syn_bd58a8686e319b00ca603fc2518d8660,FEASIBLE,0.0,1.0,EXPLOITATION,1
public_01,public_01_day_31,31,syn_41c413cc05ebffa5a48edf51e8b5f41c,syn_49e3e49b02ef389261d13172be7c8611,FEASIBLE,0.0,1.0,EXPLOITATION,1
public_01,public_01_day_31,31,syn_382d179a81216a999064306113e8d5ce,syn_ce55981e45ac6f27b30673e97f790453,FEASIBLE,0.0,1.0,EXPLOITATION,1
public_01,public_01_day_31,31,syn_dac6ff4452913f2419cdedcc570879e7,syn_ce55981e45ac6f27b30673e97f790453,FEASIBLE,1.0,1.0,EXPLOITATION,0
public_01,public_01_day_31,31,syn_aad7734833bf13651bfa0ea1773077e3,syn_6214069ad878006480ec8a15e3ea4d73,FEASIBLE,0.6499999999999999,1.0,EXPLOITATION,0
public_01,public_01_day_31,31,syn_4bae37c3b69c792c35e1731394f0f149,syn_c8173f9ff896f70b35273e7528e0a64f,FEASIBLE,0.44999999999999996,1.0,EXPLORATION,0
public_01,public_01_day_31,31,syn_b4622763ed1476794c24ad8f6e66b7a6,syn_c430220c3b380c7f5245206579ef8b20,FEASIBLE,0.35,1.0,EXPLOITATION,0
public_01,public_01_day_31,31,syn_da0425280e817cf099af8abcdd9116bf,syn_c6c9ae5038330a59cbdfa233e5fdeca4,FEASIBLE,0.35,1.0,EXPLOITATION,0
public_01,public_01_day_31,31,syn_51c3093687ec35fc141741284be4579c,syn_3e94cf4755a04dc34451e7870d909bfb,FEASIBLE,0.3,1.0,EXPLOITATION,0
public_01,public_01_day_31,31,syn_6214069ad878006480ec8a15e3ea4d73,syn_f147f878931a307b02955c4cc72badc4,FEASIBLE,0.25,1.0,EXPLOITATION,0
public_01,public_01_day_31,31,syn_cb5ccb4d0ef4b2baee21637f3c7c12bb,syn_c8173f9ff896f70b35273e7528e0a64f,FEASIBLE,0.05,1.0,EXPLORATION,0
public_01,public_01_day_31,31,syn_2ace6829562f1903e1273758af37a3b0,syn_15c58533d97d59cd8fa8f6889005853b,FEASIBLE,0.0,1.0,EXPLORATION,0
public_01,public_01_day_31,31,syn_3e94cf4755a04dc34451e7870d909bfb,syn_dac6ff4452913f2419cdedcc570879e7,FEASIBLE,0.0,1.0,EXPLORATION,0
public_01,public_01_day_31,31,syn_fb32b8618bad355de272dc79ff6569b7,syn_1590c7c7e61f068af7c1b8fe352500bc,FEASIBLE,0.0,1.0,EXPLORATION,0
public_01,public_01_day_31,31,syn_1e8bad18a1c14d863cef63a9970d8344,syn_15c58533d97d59cd8fa8f6889005853b,FEASIBLE,0.0,1.0,EXPLORATION,0
public_01,public_01_day_31,31,syn_e79da0d36035d273f913520318d5706f,syn_3b757727e68e22909b699b106b31fe72,FEASIBLE,0.0,1.0,EXPLORATION,0
public_01,public_01_day_31,31,syn_6f243cc46db344937a9a55d12b2ee6ba,syn_2c58ea5d2ea2e4555f06d987546aaf99,FEASIBLE,0.0,1.0,EXPLOITATION,0
public_01,public_01_day_31,31,syn_6f243cc46db344937a9a55d12b2ee6ba,syn_15c58533d97d59cd8fa8f6889005853b,FEASIBLE,0.0,1.0,EXPLORATION,0
public_01,public_01_day_31,31,syn_97c9450dbb229dd5ed181a5065471e8c,syn_382d179a81216a999064306113e8d5ce,FEASIBLE,0.0,1.0,EXPLOITATION,0
public_01,public_01_day_31,31,syn_97c9450dbb229dd5ed181a5065471e8c,syn_dac6ff4452913f2419cdedcc570879e7,FEASIBLE,0.0,1.0,EXPLOITATION,0
public_01,public_01_day_31,31,syn_97c9450dbb229dd5ed181a5065471e8c,syn_017980b80fe495ad006acf9b65a6fcc3,FEASIBLE,0.0,1.0,EXPLOITATION,0
public_01,public_01_day_31,31,syn_2cb5d144832cd66b91adb378e774cb37,syn_da0425280e817cf099af8abcdd9116bf,FEASIBLE,0.0,1.0,EXPLORATION,0
public_01,public_01_day_31,31,syn_41c413cc05ebffa5a48edf51e8b5f41c,syn_6214069ad878006480ec8a15e3ea4d73,FEASIBLE,0.0,1.0,EXPLOITATION,0
public_01,public_01_day_31,31,syn_41c413cc05ebffa5a48edf51e8b5f41c,syn_017980b80fe495ad006acf9b65a6fcc3,FEASIBLE,0.0,1.0,EXPLOITATION,0
public_01,public_01_day_31,31,syn_55f5be77b53c2ba09e4b6e525c1db2e4,syn_bd58a8686e319b00ca603fc2518d8660,FEASIBLE,0.0,1.0,EXPLOITATION,0
public_01,public_01_day_31,31,syn_382d179a81216a999064306113e8d5ce,syn_15c58533d97d59cd8fa8f6889005853b,FEASIBLE,0.0,1.0,EXPLORATION,0
public_01,public_01_day_31,31,syn_382d179a81216a999064306113e8d5ce,syn_d3927dfb4ba1444e5c3b6e48d99aac7c,FEASIBLE,0.0,1.0,EXPLOITATION,0
public_01,public_01_day_31,31,syn_da0425280e817cf099af8abcdd9116bf,syn_dac6ff4452913f2419cdedcc570879e7,FEASIBLE,0.0,1.0,EXPLOITATION,0
public_01,public_01_day_31,31,syn_dac6ff4452913f2419cdedcc570879e7,syn_15c58533d97d59cd8fa8f6889005853b,FEASIBLE,0.0,1.0,EXPLORATION,0
public_01,public_01_day_31,31,syn_dac6ff4452913f2419cdedcc570879e7,syn_d3927dfb4ba1444e5c3b6e48d99aac7c,FEASIBLE,0.0,1.0,EXPLOITATION,0
public_01,public_01_day_31,31,syn_017980b80fe495ad006acf9b65a6fcc3,syn_d3927dfb4ba1444e5c3b6e48d99aac7c,FEASIBLE,0.0,1.0,EXPLOITATION,0
public_01,public_01_day_31,31,syn_017980b80fe495ad006acf9b65a6fcc3,syn_f147f878931a307b02955c4cc72badc4,FEASIBLE,0.0,1.0,EXPLOITATION,0
public_01,public_01_day_32,32,syn_6f243cc46db344937a9a55d12b2ee6ba,syn_d3927dfb4ba1444e5c3b6e48d99aac7c,FEASIBLE,1.0,1.0,EXPLOITATION,1
public_01,public_01_day_32,32,syn_c430220c3b380c7f5245206579ef8b20,syn_dac6ff4452913f2419cdedcc570879e7,FEASIBLE,1.0,1.0,EXPLOITATION,1
public_01,public_01_day_32,32,syn_97c9450dbb229dd5ed181a5065471e8c,syn_6774330328f6d2ac379ccb6fa733c323,FEASIBLE,1.0,1.0,EXPLOITATION,1
public_01,public_01_day_32,32,syn_15c58533d97d59cd8fa8f6889005853b,syn_6214069ad878006480ec8a15e3ea4d73,FEASIBLE,1.0,1.0,EXPLOITATION,1
public_01,public_01_day_32,32,syn_c8173f9ff896f70b35273e7528e0a64f,syn_0b5739186226003ae4ee382252b03e24,FEASIBLE,0.6499999999999999,1.0,EXPLOITATION,1
public_01,public_01_day_32,32,syn_1590c7c7e61f068af7c1b8fe352500bc,syn_ff08099ce3f31cccc83bab0bdfe3f334,FEASIBLE,0.6,1.0,EXPLOITATION,1
public_01,public_01_day_32,32,syn_51c3093687ec35fc141741284be4579c,syn_da0425280e817cf099af8abcdd9116bf,FEASIBLE,0.35,1.0,EXPLOITATION,1
public_01,public_01_day_32,32,syn_4bae37c3b69c792c35e1731394f0f149,syn_cb5ccb4d0ef4b2baee21637f3c7c12bb,FEASIBLE,0.35,1.0,EXPLOITATION,1
public_01,public_01_day_32,32,syn_3e94cf4755a04dc34451e7870d909bfb,syn_c6c9ae5038330a59cbdfa233e5fdeca4,FEASIBLE,0.05,1.0,EXPLOITATION,1
public_01,public_01_day_32,32,syn_fb32b8618bad355de272dc79ff6569b7,syn_848942b9908ff818fa6fb497f438e33b,FEASIBLE,0.0,1.0,EXPLOITATION,1
public_01,public_01_day_32,32,syn_aad7734833bf13651bfa0ea1773077e3,syn_017980b80fe495ad006acf9b65a6fcc3,FEASIBLE,0.0,1.0,EXPLOITATION,1
public_01,public_01_day_32,32,syn_1e8bad18a1c14d863cef63a9970d8344,syn_69f65ca7fbcaa6bd4af36a54d5392e15,FEASIBLE,0.0,1.0,EXPLOITATION,1
public_01,public_01_day_32,32,syn_e79da0d36035d273f913520318d5706f,syn_34c9159d0d07971f677bbb253b5bbcf0,FEASIBLE,0.0,1.0,EXPLOITATION,1
public_01,public_01_day_32,32,syn_a9c181161ee8f96a7dda3ab35860d64a,syn_8ce7b7a126e840e21f92c19cbec28b18,FEASIBLE,0.0,1.0,EXPLOITATION,1
public_01,public_01_day_32,32,syn_2c58ea5d2ea2e4555f06d987546aaf99,syn_6017efd3cd8e375efdd4db43ec2dc45b,FEASIBLE,0.0,1.0,EXPLOITATION,1
public_01,public_01_day_32,32,syn_3069ccc1a6f38d323719e2cbc6f59227,syn_bd58a8686e319b00ca603fc2518d8660,FEASIBLE,0.0,1.0,EXPLOITATION,1
public_01,public_01_day_32,32,syn_41c413cc05ebffa5a48edf51e8b5f41c,syn_49e3e49b02ef389261d13172be7c8611,FEASIBLE,0.0,1.0,EXPLOITATION,1
public_01,public_01_day_32,32,syn_382d179a81216a999064306113e8d5ce,syn_ce55981e45ac6f27b30673e97f790453,FEASIBLE,0.0,1.0,EXPLOITATION,1
public_01,public_01_day_32,32,syn_dac6ff4452913f2419cdedcc570879e7,syn_ce55981e45ac6f27b30673e97f790453,FEASIBLE,1.0,1.0,EXPLOITATION,0
public_01,public_01_day_32,32,syn_aad7734833bf13651bfa0ea1773077e3,syn_6214069ad878006480ec8a15e3ea4d73,FEASIBLE,0.6499999999999999,1.0,EXPLOITATION,0
public_01,public_01_day_32,32,syn_4bae37c3b69c792c35e1731394f0f149,syn_c8173f9ff896f70b35273e7528e0a64f,FEASIBLE,0.44999999999999996,1.0,EXPLORATION,0
public_01,public_01_day_32,32,syn_b4622763ed1476794c24ad8f6e66b7a6,syn_c430220c3b380c7f5245206579ef8b20,FEASIBLE,0.35,1.0,EXPLOITATION,0
public_01,public_01_day_32,32,syn_da0425280e817cf099af8abcdd9116bf,syn_c6c9ae5038330a59cbdfa233e5fdeca4,FEASIBLE,0.35,1.0,EXPLOITATION,0
public_01,public_01_day_32,32,syn_51c3093687ec35fc141741284be4579c,syn_3e94cf4755a04dc34451e7870d909bfb,FEASIBLE,0.3,1.0,EXPLOITATION,0
public_01,public_01_day_32,32,syn_6214069ad878006480ec8a15e3ea4d73,syn_f147f878931a307b02955c4cc72badc4,FEASIBLE,0.25,1.0,EXPLOITATION,0
public_01,public_01_day_32,32,syn_1590c7c7e61f068af7c1b8fe352500bc,syn_cfd27ca6495326d0508ba804ba64f5ca,FEASIBLE,0.2,1.0,EXPLOITATION,0
public_01,public_01_day_32,32,syn_ff08099ce3f31cccc83bab0bdfe3f334,syn_848942b9908ff818fa6fb497f438e33b,FEASIBLE,0.15000000000000002,1.0,EXPLOITATION,0
public_01,public_01_day_32,32,syn_ff08099ce3f31cccc83bab0bdfe3f334,syn_95978ca6beef92cdc4b127a48f00725c,FEASIBLE,0.05,1.0,EXPLOITATION,0
public_01,public_01_day_32,32,syn_cb5ccb4d0ef4b2baee21637f3c7c12bb,syn_c8173f9ff896f70b35273e7528e0a64f,FEASIBLE,0.05,1.0,EXPLORATION,0
public_01,public_01_day_32,32,syn_2ace6829562f1903e1273758af37a3b0,syn_15c58533d97d59cd8fa8f6889005853b,FEASIBLE,0.0,1.0,EXPLORATION,0
public_01,public_01_day_32,32,syn_3e94cf4755a04dc34451e7870d909bfb,syn_dac6ff4452913f2419cdedcc570879e7,FEASIBLE,0.0,1.0,EXPLORATION,0
public_01,public_01_day_32,32,syn_fb32b8618bad355de272dc79ff6569b7,syn_1590c7c7e61f068af7c1b8fe352500bc,FEASIBLE,0.0,1.0,EXPLORATION,0
public_01,public_01_day_32,32,syn_fb32b8618bad355de272dc79ff6569b7,syn_ff08099ce3f31cccc83bab0bdfe3f334,FEASIBLE,0.0,1.0,EXPLORATION,0
public_01,public_01_day_32,32,syn_1e8bad18a1c14d863cef63a9970d8344,syn_15c58533d97d59cd8fa8f6889005853b,FEASIBLE,0.0,1.0,EXPLORATION,0
public_01,public_01_day_32,32,syn_e79da0d36035d273f913520318d5706f,syn_3b757727e68e22909b699b106b31fe72,FEASIBLE,0.0,1.0,EXPLORATION,0
public_01,public_01_day_32,32,syn_6f243cc46db344937a9a55d12b2ee6ba,syn_2c58ea5d2ea2e4555f06d987546aaf99,FEASIBLE,0.0,1.0,EXPLOITATION,0
public_01,public_01_day_32,32,syn_6f243cc46db344937a9a55d12b2ee6ba,syn_15c58533d97d59cd8fa8f6889005853b,FEASIBLE,0.0,1.0,EXPLORATION,0
public_01,public_01_day_32,32,syn_97c9450dbb229dd5ed181a5065471e8c,syn_382d179a81216a999064306113e8d5ce,FEASIBLE,0.0,1.0,EXPLOITATION,0
public_01,public_01_day_32,32,syn_97c9450dbb229dd5ed181a5065471e8c,syn_dac6ff4452913f2419cdedcc570879e7,FEASIBLE,0.0,1.0,EXPLOITATION,0
public_01,public_01_day_32,32,syn_97c9450dbb229dd5ed181a5065471e8c,syn_017980b80fe495ad006acf9b65a6fcc3,FEASIBLE,0.0,1.0,EXPLOITATION,0
public_01,public_01_day_32,32,syn_2cb5d144832cd66b91adb378e774cb37,syn_da0425280e817cf099af8abcdd9116bf,FEASIBLE,0.0,1.0,EXPLORATION,0
public_01,public_01_day_32,32,syn_ff08099ce3f31cccc83bab0bdfe3f334,syn_f10a21c702c75eb4b59db90ff12c282f,FEASIBLE,0.0,1.0,EXPLORATION,0
public_01,public_01_day_32,32,syn_41c413cc05ebffa5a48edf51e8b5f41c,syn_6214069ad878006480ec8a15e3ea4d73,FEASIBLE,0.0,1.0,EXPLOITATION,0
public_01,public_01_day_32,32,syn_41c413cc05ebffa5a48edf51e8b5f41c,syn_017980b80fe495ad006acf9b65a6fcc3,FEASIBLE,0.0,1.0,EXPLOITATION,0
public_01,public_01_day_32,32,syn_55f5be77b53c2ba09e4b6e525c1db2e4,syn_bd58a8686e319b00ca603fc2518d8660,FEASIBLE,0.0,1.0,EXPLOITATION,0
public_01,public_01_day_32,32,syn_382d179a81216a999064306113e8d5ce,syn_15c58533d97d59cd8fa8f6889005853b,FEASIBLE,0.0,1.0,EXPLORATION,0
public_01,public_01_day_32,32,syn_382d179a81216a999064306113e8d5ce,syn_d3927dfb4ba1444e5c3b6e48d99aac7c,FEASIBLE,0.0,1.0,EXPLOITATION,0
public_01,public_01_day_32,32,syn_da0425280e817cf099af8abcdd9116bf,syn_dac6ff4452913f2419cdedcc570879e7,FEASIBLE,0.0,1.0,EXPLOITATION,0
public_01,public_01_day_32,32,syn_dac6ff4452913f2419cdedcc570879e7,syn_15c58533d97d59cd8fa8f6889005853b,FEASIBLE,0.0,1.0,EXPLORATION,0
public_01,public_01_day_32,32,syn_dac6ff4452913f2419cdedcc570879e7,syn_d3927dfb4ba1444e5c3b6e48d99aac7c,FEASIBLE,0.0,1.0,EXPLOITATION,0
public_01,public_01_day_32,32,syn_017980b80fe495ad006acf9b65a6fcc3,syn_d3927dfb4ba1444e5c3b6e48d99aac7c,FEASIBLE,0.0,1.0,EXPLOITATION,0
public_01,public_01_day_32,32,syn_017980b80fe495ad006acf9b65a6fcc3,syn_f147f878931a307b02955c4cc72badc4,FEASIBLE,0.0,1.0,EXPLOITATION,0
public_01,public_01_day_34,34,syn_6f243cc46db344937a9a55d12b2ee6ba,syn_d3927dfb4ba1444e5c3b6e48d99aac7c,FEASIBLE,1.0,1.0,EXPLOITATION,1
public_01,public_01_day_34,34,syn_c430220c3b380c7f5245206579ef8b20,syn_dac6ff4452913f2419cdedcc570879e7,FEASIBLE,1.0,1.0,EXPLOITATION,1
public_01,public_01_day_34,34,syn_97c9450dbb229dd5ed181a5065471e8c,syn_6774330328f6d2ac379ccb6fa733c323,FEASIBLE,1.0,1.0,EXPLOITATION,1
public_01,public_01_day_34,34,syn_15c58533d97d59cd8fa8f6889005853b,syn_6214069ad878006480ec8a15e3ea4d73,FEASIBLE,1.0,1.0,EXPLOITATION,1
public_01,public_01_day_34,34,syn_c8173f9ff896f70b35273e7528e0a64f,syn_0b5739186226003ae4ee382252b03e24,FEASIBLE,0.6499999999999999,1.0,EXPLOITATION,1
public_01,public_01_day_34,34,syn_1590c7c7e61f068af7c1b8fe352500bc,syn_ff08099ce3f31cccc83bab0bdfe3f334,FEASIBLE,0.6,1.0,EXPLOITATION,1
public_01,public_01_day_34,34,syn_51c3093687ec35fc141741284be4579c,syn_da0425280e817cf099af8abcdd9116bf,FEASIBLE,0.35,1.0,EXPLOITATION,1
public_01,public_01_day_34,34,syn_4bae37c3b69c792c35e1731394f0f149,syn_cb5ccb4d0ef4b2baee21637f3c7c12bb,FEASIBLE,0.35,1.0,EXPLOITATION,1
public_01,public_01_day_34,34,syn_3e94cf4755a04dc34451e7870d909bfb,syn_c6c9ae5038330a59cbdfa233e5fdeca4,FEASIBLE,0.05,1.0,EXPLOITATION,1
public_01,public_01_day_34,34,syn_fb32b8618bad355de272dc79ff6569b7,syn_848942b9908ff818fa6fb497f438e33b,FEASIBLE,0.0,1.0,EXPLOITATION,1
public_01,public_01_day_34,34,syn_aad7734833bf13651bfa0ea1773077e3,syn_017980b80fe495ad006acf9b65a6fcc3,FEASIBLE,0.0,1.0,EXPLOITATION,1
public_01,public_01_day_34,34,syn_1e8bad18a1c14d863cef63a9970d8344,syn_69f65ca7fbcaa6bd4af36a54d5392e15,FEASIBLE,0.0,1.0,EXPLOITATION,1
public_01,public_01_day_34,34,syn_e79da0d36035d273f913520318d5706f,syn_34c9159d0d07971f677bbb253b5bbcf0,FEASIBLE,0.0,1.0,EXPLOITATION,1
public_01,public_01_day_34,34,syn_a9c181161ee8f96a7dda3ab35860d64a,syn_8ce7b7a126e840e21f92c19cbec28b18,FEASIBLE,0.0,1.0,EXPLOITATION,1
public_01,public_01_day_34,34,syn_2c58ea5d2ea2e4555f06d987546aaf99,syn_6017efd3cd8e375efdd4db43ec2dc45b,FEASIBLE,0.0,1.0,EXPLOITATION,1
public_01,public_01_day_34,34,syn_3069ccc1a6f38d323719e2cbc6f59227,syn_bd58a8686e319b00ca603fc2518d8660,FEASIBLE,0.0,1.0,EXPLOITATION,1
public_01,public_01_day_34,34,syn_41c413cc05ebffa5a48edf51e8b5f41c,syn_49e3e49b02ef389261d13172be7c8611,FEASIBLE,0.0,1.0,EXPLOITATION,1
public_01,public_01_day_34,34,syn_382d179a81216a999064306113e8d5ce,syn_ce55981e45ac6f27b30673e97f790453,FEASIBLE,0.0,1.0,EXPLOITATION,1
public_01,public_01_day_34,34,syn_dac6ff4452913f2419cdedcc570879e7,syn_ce55981e45ac6f27b30673e97f790453,FEASIBLE,1.0,1.0,EXPLOITATION,0
public_01,public_01_day_34,34,syn_aad7734833bf13651bfa0ea1773077e3,syn_6214069ad878006480ec8a15e3ea4d73,FEASIBLE,0.6499999999999999,1.0,EXPLOITATION,0
public_01,public_01_day_34,34,syn_4bae37c3b69c792c35e1731394f0f149,syn_c8173f9ff896f70b35273e7528e0a64f,FEASIBLE,0.44999999999999996,1.0,EXPLORATION,0
public_01,public_01_day_34,34,syn_b4622763ed1476794c24ad8f6e66b7a6,syn_c430220c3b380c7f5245206579ef8b20,FEASIBLE,0.35,1.0,EXPLOITATION,0
public_01,public_01_day_34,34,syn_da0425280e817cf099af8abcdd9116bf,syn_c6c9ae5038330a59cbdfa233e5fdeca4,FEASIBLE,0.35,1.0,EXPLOITATION,0
public_01,public_01_day_34,34,syn_51c3093687ec35fc141741284be4579c,syn_3e94cf4755a04dc34451e7870d909bfb,FEASIBLE,0.3,1.0,EXPLOITATION,0
public_01,public_01_day_34,34,syn_6214069ad878006480ec8a15e3ea4d73,syn_f147f878931a307b02955c4cc72badc4,FEASIBLE,0.25,1.0,EXPLOITATION,0
public_01,public_01_day_34,34,syn_1590c7c7e61f068af7c1b8fe352500bc,syn_cfd27ca6495326d0508ba804ba64f5ca,FEASIBLE,0.2,1.0,EXPLOITATION,0
public_01,public_01_day_34,34,syn_ff08099ce3f31cccc83bab0bdfe3f334,syn_848942b9908ff818fa6fb497f438e33b,FEASIBLE,0.15000000000000002,1.0,EXPLOITATION,0
public_01,public_01_day_34,34,syn_ff08099ce3f31cccc83bab0bdfe3f334,syn_95978ca6beef92cdc4b127a48f00725c,FEASIBLE,0.05,1.0,EXPLOITATION,0
public_01,public_01_day_34,34,syn_cb5ccb4d0ef4b2baee21637f3c7c12bb,syn_c8173f9ff896f70b35273e7528e0a64f,FEASIBLE,0.05,1.0,EXPLORATION,0
public_01,public_01_day_34,34,syn_2ace6829562f1903e1273758af37a3b0,syn_15c58533d97d59cd8fa8f6889005853b,FEASIBLE,0.0,1.0,EXPLORATION,0
public_01,public_01_day_34,34,syn_3e94cf4755a04dc34451e7870d909bfb,syn_dac6ff4452913f2419cdedcc570879e7,FEASIBLE,0.0,1.0,EXPLORATION,0
public_01,public_01_day_34,34,syn_fb32b8618bad355de272dc79ff6569b7,syn_1590c7c7e61f068af7c1b8fe352500bc,FEASIBLE,0.0,1.0,EXPLORATION,0
public_01,public_01_day_34,34,syn_fb32b8618bad355de272dc79ff6569b7,syn_ff08099ce3f31cccc83bab0bdfe3f334,FEASIBLE,0.0,1.0,EXPLORATION,0
public_01,public_01_day_34,34,syn_1e8bad18a1c14d863cef63a9970d8344,syn_15c58533d97d59cd8fa8f6889005853b,FEASIBLE,0.0,1.0,EXPLORATION,0
public_01,public_01_day_34,34,syn_e79da0d36035d273f913520318d5706f,syn_3b757727e68e22909b699b106b31fe72,FEASIBLE,0.0,1.0,EXPLORATION,0
public_01,public_01_day_34,34,syn_6f243cc46db344937a9a55d12b2ee6ba,syn_2c58ea5d2ea2e4555f06d987546aaf99,FEASIBLE,0.0,1.0,EXPLOITATION,0
public_01,public_01_day_34,34,syn_6f243cc46db344937a9a55d12b2ee6ba,syn_15c58533d97d59cd8fa8f6889005853b,FEASIBLE,0.0,1.0,EXPLORATION,0
public_01,public_01_day_34,34,syn_97c9450dbb229dd5ed181a5065471e8c,syn_382d179a81216a999064306113e8d5ce,FEASIBLE,0.0,1.0,EXPLOITATION,0
public_01,public_01_day_34,34,syn_97c9450dbb229dd5ed181a5065471e8c,syn_dac6ff4452913f2419cdedcc570879e7,FEASIBLE,0.0,1.0,EXPLOITATION,0
public_01,public_01_day_34,34,syn_97c9450dbb229dd5ed181a5065471e8c,syn_017980b80fe495ad006acf9b65a6fcc3,FEASIBLE,0.0,1.0,EXPLOITATION,0
public_01,public_01_day_34,34,syn_2cb5d144832cd66b91adb378e774cb37,syn_da0425280e817cf099af8abcdd9116bf,FEASIBLE,0.0,1.0,EXPLORATION,0
public_01,public_01_day_34,34,syn_ff08099ce3f31cccc83bab0bdfe3f334,syn_f10a21c702c75eb4b59db90ff12c282f,FEASIBLE,0.0,1.0,EXPLORATION,0
public_01,public_01_day_34,34,syn_41c413cc05ebffa5a48edf51e8b5f41c,syn_6214069ad878006480ec8a15e3ea4d73,FEASIBLE,0.0,1.0,EXPLOITATION,0
public_01,public_01_day_34,34,syn_41c413cc05ebffa5a48edf51e8b5f41c,syn_017980b80fe495ad006acf9b65a6fcc3,FEASIBLE,0.0,1.0,EXPLOITATION,0
public_01,public_01_day_34,34,syn_55f5be77b53c2ba09e4b6e525c1db2e4,syn_bd58a8686e319b00ca603fc2518d8660,FEASIBLE,0.0,1.0,EXPLOITATION,0
public_01,public_01_day_34,34,syn_382d179a81216a999064306113e8d5ce,syn_15c58533d97d59cd8fa8f6889005853b,FEASIBLE,0.0,1.0,EXPLORATION,0
public_01,public_01_day_34,34,syn_382d179a81216a999064306113e8d5ce,syn_d3927dfb4ba1444e5c3b6e48d99aac7c,FEASIBLE,0.0,1.0,EXPLOITATION,0
public_01,public_01_day_34,34,syn_da0425280e817cf099af8abcdd9116bf,syn_dac6ff4452913f2419cdedcc570879e7,FEASIBLE,0.0,1.0,EXPLOITATION,0
public_01,public_01_day_34,34,syn_dac6ff4452913f2419cdedcc570879e7,syn_15c58533d97d59cd8fa8f6889005853b,FEASIBLE,0.0,1.0,EXPLORATION,0
public_01,public_01_day_34,34,syn_dac6ff4452913f2419cdedcc570879e7,syn_d3927dfb4ba1444e5c3b6e48d99aac7c,FEASIBLE,0.0,1.0,EXPLOITATION,0
public_01,public_01_day_34,34,syn_017980b80fe495ad006acf9b65a6fcc3,syn_d3927dfb4ba1444e5c3b6e48d99aac7c,FEASIBLE,0.0,1.0,EXPLOITATION,0
public_01,public_01_day_34,34,syn_017980b80fe495ad006acf9b65a6fcc3,syn_f147f878931a307b02955c4cc72badc4,FEASIBLE,0.0,1.0,EXPLOITATION,0
public_02,public_02_day_1,1,syn_ad946c4e2d51c4381a00d6a3a07c8f5c,syn_a6e1e3157ea05a77655d69145cb9340c,FEASIBLE,0.0,1.0,EXPLORATION,1
public_02,public_02_day_2,2,syn_ad946c4e2d51c4381a00d6a3a07c8f5c,syn_a6e1e3157ea05a77655d69145cb9340c,FEASIBLE,0.0,1.0,EXPLOITATION,1
public_02,public_02_day_3,3,syn_9a6819069e54f8e26098a5a7064afa51,syn_5901d252ec94242330ca03c8dfdc084c,FEASIBLE,0.3,1.0,EXPLORATION,1
public_02,public_02_day_3,3,syn_ad946c4e2d51c4381a00d6a3a07c8f5c,syn_a6e1e3157ea05a77655d69145cb9340c,FEASIBLE,0.0,1.0,EXPLOITATION,1
public_02,public_02_day_4,4,syn_9a6819069e54f8e26098a5a7064afa51,syn_5901d252ec94242330ca03c8dfdc084c,FEASIBLE,0.3,1.0,EXPLOITATION,1
public_02,public_02_day_4,4,syn_6edbeb8274e40517866227d17ad53adf,syn_514d26a6c970dbaed9dfb5971b92fd98,FEASIBLE,0.2,1.0,EXPLORATION,1
public_02,public_02_day_4,4,syn_ad946c4e2d51c4381a00d6a3a07c8f5c,syn_a6e1e3157ea05a77655d69145cb9340c,FEASIBLE,0.0,1.0,EXPLOITATION,1
public_02,public_02_day_4,4,syn_fe315b98117e4d81e77e76cdab5582b5,syn_469fe83e4a99f3d77981a1c1f7ea5386,FEASIBLE,0.0,1.0,EXPLORATION,1
public_02,public_02_day_5,5,syn_9a6819069e54f8e26098a5a7064afa51,syn_5901d252ec94242330ca03c8dfdc084c,FEASIBLE,0.3,1.0,EXPLOITATION,1
public_02,public_02_day_5,5,syn_6edbeb8274e40517866227d17ad53adf,syn_514d26a6c970dbaed9dfb5971b92fd98,FEASIBLE,0.2,1.0,EXPLOITATION,1
public_02,public_02_day_5,5,syn_ad946c4e2d51c4381a00d6a3a07c8f5c,syn_a6e1e3157ea05a77655d69145cb9340c,FEASIBLE,0.0,1.0,EXPLOITATION,1
public_02,public_02_day_5,5,syn_fe315b98117e4d81e77e76cdab5582b5,syn_469fe83e4a99f3d77981a1c1f7ea5386,FEASIBLE,0.0,1.0,EXPLOITATION,1
public_02,public_02_day_6,6,syn_9a6819069e54f8e26098a5a7064afa51,syn_5901d252ec94242330ca03c8dfdc084c,FEASIBLE,0.3,1.0,EXPLOITATION,1
public_02,public_02_day_6,6,syn_6edbeb8274e40517866227d17ad53adf,syn_514d26a6c970dbaed9dfb5971b92fd98,FEASIBLE,0.2,1.0,EXPLOITATION,1
public_02,public_02_day_6,6,syn_ad946c4e2d51c4381a00d6a3a07c8f5c,syn_a6e1e3157ea05a77655d69145cb9340c,FEASIBLE,0.0,1.0,EXPLOITATION,1
public_02,public_02_day_6,6,syn_fe315b98117e4d81e77e76cdab5582b5,syn_469fe83e4a99f3d77981a1c1f7ea5386,FEASIBLE,0.0,1.0,EXPLOITATION,1
public_02,public_02_day_6,6,syn_85bf11e712d179c418ccdfa063ffd5d7,syn_86a700b706a3f9d202eeee624e20ac53,FEASIBLE,0.0,1.0,EXPLORATION,1
public_02,public_02_day_7,7,syn_c317705f90a517571b63aec42fee59d2,syn_5901d252ec94242330ca03c8dfdc084c,FEASIBLE,0.35,1.0,EXPLORATION,1
public_02,public_02_day_7,7,syn_6edbeb8274e40517866227d17ad53adf,syn_514d26a6c970dbaed9dfb5971b92fd98,FEASIBLE,0.2,1.0,EXPLOITATION,1
public_02,public_02_day_7,7,syn_ad946c4e2d51c4381a00d6a3a07c8f5c,syn_a6e1e3157ea05a77655d69145cb9340c,FEASIBLE,0.0,1.0,EXPLOITATION,1
public_02,public_02_day_7,7,syn_f08a7eab3954c329d97b8ca6d495c410,syn_d16420689fdde7c0d35d130797ca9e5f,FEASIBLE,0.0,1.0,EXPLORATION,1
public_02,public_02_day_7,7,syn_fe315b98117e4d81e77e76cdab5582b5,syn_469fe83e4a99f3d77981a1c1f7ea5386,FEASIBLE,0.0,1.0,EXPLOITATION,1
public_02,public_02_day_7,7,syn_576b0b21e0dbd7a6bfdf295c4ff7fad8,syn_3a86f4a1b6a07735508a880e428bee60,FEASIBLE,0.0,1.0,EXPLORATION,1
public_02,public_02_day_7,7,syn_85bf11e712d179c418ccdfa063ffd5d7,syn_86a700b706a3f9d202eeee624e20ac53,FEASIBLE,0.0,1.0,EXPLOITATION,1
public_02,public_02_day_7,7,syn_9a6819069e54f8e26098a5a7064afa51,syn_5901d252ec94242330ca03c8dfdc084c,FEASIBLE,0.3,1.0,EXPLOITATION,0
public_02,public_02_day_7,7,syn_514d26a6c970dbaed9dfb5971b92fd98,syn_d16420689fdde7c0d35d130797ca9e5f,FEASIBLE,0.05,1.0,EXPLORATION,0
public_02,public_02_day_8,8,syn_32297fb064c264489c9e4039876f24ba,syn_e77fb3ea136541875ef0d0ed5153426c,FEASIBLE,1.0,1.0,EXPLORATION,1
public_02,public_02_day_8,8,syn_6edbeb8274e40517866227d17ad53adf,syn_514d26a6c970dbaed9dfb5971b92fd98,FEASIBLE,0.2,1.0,EXPLOITATION,1
public_02,public_02_day_8,8,syn_c85c5f4b0c079ca8e30677ea1c7ee178,syn_2056609e060881f2404b3e6d30d72b1b,FEASIBLE,0.0,1.0,EXPLORATION,1
public_02,public_02_day_8,8,syn_f57a076753e50d87788a9f182f1fb641,syn_7cc830bf46268a150ea841a6aeac8371,FEASIBLE,0.0,1.0,EXPLORATION,1
public_02,public_02_day_8,8,syn_ad946c4e2d51c4381a00d6a3a07c8f5c,syn_a6e1e3157ea05a77655d69145cb9340c,FEASIBLE,0.0,1.0,EXPLOITATION,1
public_02,public_02_day_8,8,syn_f08a7eab3954c329d97b8ca6d495c410,syn_d16420689fdde7c0d35d130797ca9e5f,FEASIBLE,0.0,1.0,EXPLOITATION,1
public_02,public_02_day_8,8,syn_fe315b98117e4d81e77e76cdab5582b5,syn_469fe83e4a99f3d77981a1c1f7ea5386,FEASIBLE,0.0,1.0,EXPLOITATION,1
public_02,public_02_day_8,8,syn_576b0b21e0dbd7a6bfdf295c4ff7fad8,syn_8a5ab5e24cf1da571d7fc224290b5d55,FEASIBLE,0.0,1.0,EXPLORATION,1
public_02,public_02_day_8,8,syn_85bf11e712d179c418ccdfa063ffd5d7,syn_86a700b706a3f9d202eeee624e20ac53,FEASIBLE,0.0,1.0,EXPLOITATION,1
public_02,public_02_day_8,8,syn_576b0b21e0dbd7a6bfdf295c4ff7fad8,syn_e77fb3ea136541875ef0d0ed5153426c,FEASIBLE,1.0,1.0,EXPLORATION,0
public_02,public_02_day_8,8,syn_32297fb064c264489c9e4039876f24ba,syn_df55510630c387a8332959160eec8e4b,FEASIBLE,0.22222222222222227,1.0,EXPLORATION,0
public_02,public_02_day_8,8,syn_514d26a6c970dbaed9dfb5971b92fd98,syn_d16420689fdde7c0d35d130797ca9e5f,FEASIBLE,0.05,1.0,EXPLORATION,0
public_02,public_02_day_8,8,syn_fe315b98117e4d81e77e76cdab5582b5,syn_7cc830bf46268a150ea841a6aeac8371,FEASIBLE,0.0,1.0,EXPLORATION,0
public_02,public_02_day_8,8,syn_fe315b98117e4d81e77e76cdab5582b5,syn_df55510630c387a8332959160eec8e4b,FEASIBLE,0.0,1.0,EXPLOITATION,0
public_02,public_02_day_8,8,syn_32297fb064c264489c9e4039876f24ba,syn_576b0b21e0dbd7a6bfdf295c4ff7fad8,FEASIBLE,0.0,1.0,EXPLORATION,0
public_02,public_02_day_8,8,syn_32297fb064c264489c9e4039876f24ba,syn_7cc830bf46268a150ea841a6aeac8371,FEASIBLE,0.0,1.0,EXPLORATION,0
public_02,public_02_day_8,8,syn_576b0b21e0dbd7a6bfdf295c4ff7fad8,syn_7cc830bf46268a150ea841a6aeac8371,FEASIBLE,0.0,1.0,EXPLORATION,0
public_02,public_02_day_8,8,syn_576b0b21e0dbd7a6bfdf295c4ff7fad8,syn_df55510630c387a8332959160eec8e4b,FEASIBLE,0.0,1.0,EXPLOITATION,0
public_02,public_02_day_8,8,syn_576b0b21e0dbd7a6bfdf295c4ff7fad8,syn_3a86f4a1b6a07735508a880e428bee60,FEASIBLE,0.0,1.0,EXPLOITATION,0
public_02,public_02_day_8,8,syn_7cc830bf46268a150ea841a6aeac8371,syn_8a5ab5e24cf1da571d7fc224290b5d55,FEASIBLE,0.0,1.0,EXPLORATION,0
public_02,public_02_day_8,8,syn_7cc830bf46268a150ea841a6aeac8371,syn_df55510630c387a8332959160eec8e4b,FEASIBLE,0.0,1.0,EXPLOITATION,0
public_02,public_02_day_8,8,syn_7cc830bf46268a150ea841a6aeac8371,syn_3a86f4a1b6a07735508a880e428bee60,FEASIBLE,0.0,1.0,EXPLOITATION,0
public_02,public_02_day_8,8,syn_8a5ab5e24cf1da571d7fc224290b5d55,syn_df55510630c387a8332959160eec8e4b,FEASIBLE,0.0,1.0,EXPLOITATION,0
public_02,public_02_day_9,9,syn_32297fb064c264489c9e4039876f24ba,syn_e77fb3ea136541875ef0d0ed5153426c,FEASIBLE,1.0,1.0,EXPLOITATION,1
public_02,public_02_day_9,9,syn_c58e8eb0c882695da0ed7627b3275fe8,syn_3ebeda0df1a2553d085d9f96dac06445,FEASIBLE,0.75,1.0,EXPLORATION,1
public_02,public_02_day_9,9,syn_964b47ce9e65d08b24ac9115da831a47,syn_ec903125e9aaa8d948d4e78ea201cb07,FEASIBLE,0.65,1.0,EXPLORATION,1
public_02,public_02_day_9,9,syn_9780271663b2599273144f180e877968,syn_df2351b216e9b989fdcdb980be123864,FEASIBLE,0.5,1.0,EXPLORATION,1
public_02,public_02_day_9,9,syn_6edbeb8274e40517866227d17ad53adf,syn_514d26a6c970dbaed9dfb5971b92fd98,FEASIBLE,0.2,1.0,EXPLOITATION,1
public_02,public_02_day_9,9,syn_c85c5f4b0c079ca8e30677ea1c7ee178,syn_2056609e060881f2404b3e6d30d72b1b,FEASIBLE,0.0,1.0,EXPLOITATION,1
public_02,public_02_day_9,9,syn_f57a076753e50d87788a9f182f1fb641,syn_7cc830bf46268a150ea841a6aeac8371,FEASIBLE,0.0,1.0,EXPLOITATION,1
public_02,public_02_day_9,9,syn_ad946c4e2d51c4381a00d6a3a07c8f5c,syn_a6e1e3157ea05a77655d69145cb9340c,FEASIBLE,0.0,1.0,EXPLOITATION,1
public_02,public_02_day_9,9,syn_f08a7eab3954c329d97b8ca6d495c410,syn_d16420689fdde7c0d35d130797ca9e5f,FEASIBLE,0.0,1.0,EXPLOITATION,1
public_02,public_02_day_9,9,syn_fe315b98117e4d81e77e76cdab5582b5,syn_df1fff6e0e3735985e36ea3e3c6864fe,FEASIBLE,0.0,1.0,EXPLOITATION,1
public_02,public_02_day_9,9,syn_576b0b21e0dbd7a6bfdf295c4ff7fad8,syn_8a5ab5e24cf1da571d7fc224290b5d55,FEASIBLE,0.0,1.0,EXPLOITATION,1
public_02,public_02_day_9,9,syn_85bf11e712d179c418ccdfa063ffd5d7,syn_86a700b706a3f9d202eeee624e20ac53,FEASIBLE,0.0,1.0,EXPLOITATION,1
public_02,public_02_day_9,9,syn_576b0b21e0dbd7a6bfdf295c4ff7fad8,syn_e77fb3ea136541875ef0d0ed5153426c,FEASIBLE,1.0,1.0,EXPLORATION,0
public_02,public_02_day_9,9,syn_4ab039bc016a7f9170528808204c430f,syn_e77fb3ea136541875ef0d0ed5153426c,FEASIBLE,0.85,1.0,EXPLORATION,0
public_02,public_02_day_9,9,syn_32297fb064c264489c9e4039876f24ba,syn_df55510630c387a8332959160eec8e4b,FEASIBLE,0.22222222222222227,1.0,EXPLORATION,0
public_02,public_02_day_9,9,syn_514d26a6c970dbaed9dfb5971b92fd98,syn_d16420689fdde7c0d35d130797ca9e5f,FEASIBLE,0.05,1.0,EXPLORATION,0
public_02,public_02_day_9,9,syn_c58e8eb0c882695da0ed7627b3275fe8,syn_dd56e893d452e71919601782ed0489cc,FEASIBLE,0.0,1.0,EXPLORATION,0
public_02,public_02_day_9,9,syn_fe315b98117e4d81e77e76cdab5582b5,syn_7cc830bf46268a150ea841a6aeac8371,FEASIBLE,0.0,1.0,EXPLOITATION,0
public_02,public_02_day_9,9,syn_fe315b98117e4d81e77e76cdab5582b5,syn_469fe83e4a99f3d77981a1c1f7ea5386,FEASIBLE,0.0,1.0,EXPLOITATION,0
public_02,public_02_day_9,9,syn_fe315b98117e4d81e77e76cdab5582b5,syn_df55510630c387a8332959160eec8e4b,FEASIBLE,0.0,1.0,EXPLOITATION,0
public_02,public_02_day_9,9,syn_32297fb064c264489c9e4039876f24ba,syn_576b0b21e0dbd7a6bfdf295c4ff7fad8,FEASIBLE,0.0,1.0,EXPLORATION,0
public_02,public_02_day_9,9,syn_32297fb064c264489c9e4039876f24ba,syn_7cc830bf46268a150ea841a6aeac8371,FEASIBLE,0.0,1.0,EXPLORATION,0
public_02,public_02_day_9,9,syn_576b0b21e0dbd7a6bfdf295c4ff7fad8,syn_7cc830bf46268a150ea841a6aeac8371,FEASIBLE,0.0,1.0,EXPLOITATION,0
public_02,public_02_day_9,9,syn_576b0b21e0dbd7a6bfdf295c4ff7fad8,syn_df55510630c387a8332959160eec8e4b,FEASIBLE,0.0,1.0,EXPLOITATION,0
public_02,public_02_day_9,9,syn_576b0b21e0dbd7a6bfdf295c4ff7fad8,syn_3a86f4a1b6a07735508a880e428bee60,FEASIBLE,0.0,1.0,EXPLOITATION,0
public_02,public_02_day_9,9,syn_7cc830bf46268a150ea841a6aeac8371,syn_8a5ab5e24cf1da571d7fc224290b5d55,FEASIBLE,0.0,1.0,EXPLOITATION,0
public_02,public_02_day_9,9,syn_7cc830bf46268a150ea841a6aeac8371,syn_df55510630c387a8332959160eec8e4b,FEASIBLE,0.0,1.0,EXPLOITATION,0
public_02,public_02_day_9,9,syn_7cc830bf46268a150ea841a6aeac8371,syn_3a86f4a1b6a07735508a880e428bee60,FEASIBLE,0.0,1.0,EXPLOITATION,0
public_02,public_02_day_9,9,syn_8a5ab5e24cf1da571d7fc224290b5d55,syn_df55510630c387a8332959160eec8e4b,FEASIBLE,0.0,1.0,EXPLOITATION,0
public_02,public_02_day_9,9,syn_df1fff6e0e3735985e36ea3e3c6864fe,syn_469fe83e4a99f3d77981a1c1f7ea5386,FEASIBLE,0.0,1.0,EXPLOITATION,0
public_02,public_02_day_9,9,syn_df1fff6e0e3735985e36ea3e3c6864fe,syn_3a86f4a1b6a07735508a880e428bee60,FEASIBLE,0.0,1.0,EXPLOITATION,0
public_02,public_02_day_10,10,syn_32297fb064c264489c9e4039876f24ba,syn_e77fb3ea136541875ef0d0ed5153426c,FEASIBLE,1.0,1.0,EXPLOITATION,1
public_02,public_02_day_10,10,syn_c58e8eb0c882695da0ed7627b3275fe8,syn_3ebeda0df1a2553d085d9f96dac06445,FEASIBLE,0.75,1.0,EXPLOITATION,1
public_02,public_02_day_10,10,syn_964b47ce9e65d08b24ac9115da831a47,syn_ec903125e9aaa8d948d4e78ea201cb07,FEASIBLE,0.65,1.0,EXPLOITATION,1
public_02,public_02_day_10,10,syn_9780271663b2599273144f180e877968,syn_df2351b216e9b989fdcdb980be123864,FEASIBLE,0.5,1.0,EXPLOITATION,1
public_02,public_02_day_10,10,syn_c85c5f4b0c079ca8e30677ea1c7ee178,syn_2056609e060881f2404b3e6d30d72b1b,FEASIBLE,0.0,1.0,EXPLOITATION,1
public_02,public_02_day_10,10,syn_f57a076753e50d87788a9f182f1fb641,syn_7cc830bf46268a150ea841a6aeac8371,FEASIBLE,0.0,1.0,EXPLOITATION,1
public_02,public_02_day_10,10,syn_ad946c4e2d51c4381a00d6a3a07c8f5c,syn_a6e1e3157ea05a77655d69145cb9340c,FEASIBLE,0.0,1.0,EXPLOITATION,1
public_02,public_02_day_10,10,syn_fe315b98117e4d81e77e76cdab5582b5,syn_df1fff6e0e3735985e36ea3e3c6864fe,FEASIBLE,0.0,1.0,EXPLOITATION,1
public_02,public_02_day_10,10,syn_576b0b21e0dbd7a6bfdf295c4ff7fad8,syn_df55510630c387a8332959160eec8e4b,FEASIBLE,0.0,1.0,EXPLOITATION,1
public_02,public_02_day_10,10,syn_85bf11e712d179c418ccdfa063ffd5d7,syn_86a700b706a3f9d202eeee624e20ac53,FEASIBLE,0.0,1.0,EXPLOITATION,1
public_02,public_02_day_10,10,syn_576b0b21e0dbd7a6bfdf295c4ff7fad8,syn_e77fb3ea136541875ef0d0ed5153426c,FEASIBLE,1.0,1.0,EXPLORATION,0
public_02,public_02_day_10,10,syn_4ab039bc016a7f9170528808204c430f,syn_e77fb3ea136541875ef0d0ed5153426c,FEASIBLE,0.85,1.0,EXPLORATION,0
public_02,public_02_day_10,10,syn_32297fb064c264489c9e4039876f24ba,syn_df55510630c387a8332959160eec8e4b,FEASIBLE,0.22222222222222227,1.0,EXPLORATION,0
public_02,public_02_day_10,10,syn_c58e8eb0c882695da0ed7627b3275fe8,syn_dd56e893d452e71919601782ed0489cc,FEASIBLE,0.0,1.0,EXPLORATION,0
public_02,public_02_day_10,10,syn_fe315b98117e4d81e77e76cdab5582b5,syn_7cc830bf46268a150ea841a6aeac8371,FEASIBLE,0.0,1.0,EXPLOITATION,0
public_02,public_02_day_10,10,syn_fe315b98117e4d81e77e76cdab5582b5,syn_469fe83e4a99f3d77981a1c1f7ea5386,FEASIBLE,0.0,1.0,EXPLOITATION,0
public_02,public_02_day_10,10,syn_fe315b98117e4d81e77e76cdab5582b5,syn_df55510630c387a8332959160eec8e4b,FEASIBLE,0.0,1.0,EXPLOITATION,0
public_02,public_02_day_10,10,syn_32297fb064c264489c9e4039876f24ba,syn_576b0b21e0dbd7a6bfdf295c4ff7fad8,FEASIBLE,0.0,1.0,EXPLORATION,0
public_02,public_02_day_10,10,syn_32297fb064c264489c9e4039876f24ba,syn_7cc830bf46268a150ea841a6aeac8371,FEASIBLE,0.0,1.0,EXPLORATION,0
public_02,public_02_day_10,10,syn_576b0b21e0dbd7a6bfdf295c4ff7fad8,syn_7cc830bf46268a150ea841a6aeac8371,FEASIBLE,0.0,1.0,EXPLOITATION,0
public_02,public_02_day_10,10,syn_576b0b21e0dbd7a6bfdf295c4ff7fad8,syn_3a86f4a1b6a07735508a880e428bee60,FEASIBLE,0.0,1.0,EXPLOITATION,0
public_02,public_02_day_10,10,syn_7cc830bf46268a150ea841a6aeac8371,syn_df55510630c387a8332959160eec8e4b,FEASIBLE,0.0,1.0,EXPLOITATION,0
public_02,public_02_day_10,10,syn_7cc830bf46268a150ea841a6aeac8371,syn_3a86f4a1b6a07735508a880e428bee60,FEASIBLE,0.0,1.0,EXPLOITATION,0
public_02,public_02_day_10,10,syn_df1fff6e0e3735985e36ea3e3c6864fe,syn_469fe83e4a99f3d77981a1c1f7ea5386,FEASIBLE,0.0,1.0,EXPLOITATION,0
public_02,public_02_day_10,10,syn_df1fff6e0e3735985e36ea3e3c6864fe,syn_3a86f4a1b6a07735508a880e428bee60,FEASIBLE,0.0,1.0,EXPLOITATION,0
public_02,public_02_day_11,11,syn_32297fb064c264489c9e4039876f24ba,syn_e77fb3ea136541875ef0d0ed5153426c,FEASIBLE,1.0,1.0,EXPLOITATION,1
public_02,public_02_day_11,11,syn_c58e8eb0c882695da0ed7627b3275fe8,syn_3ebeda0df1a2553d085d9f96dac06445,FEASIBLE,0.75,1.0,EXPLOITATION,1
public_02,public_02_day_11,11,syn_964b47ce9e65d08b24ac9115da831a47,syn_ec903125e9aaa8d948d4e78ea201cb07,FEASIBLE,0.65,1.0,EXPLOITATION,1
public_02,public_02_day_11,11,syn_9780271663b2599273144f180e877968,syn_df2351b216e9b989fdcdb980be123864,FEASIBLE,0.5,1.0,EXPLOITATION,1
public_02,public_02_day_11,11,syn_c85c5f4b0c079ca8e30677ea1c7ee178,syn_2056609e060881f2404b3e6d30d72b1b,FEASIBLE,0.0,1.0,EXPLOITATION,1
public_02,public_02_day_11,11,syn_74e0a24f3a3b7f2fbfe2298b202d08bc,syn_7cc830bf46268a150ea841a6aeac8371,FEASIBLE,0.0,1.0,EXPLORATION,1
public_02,public_02_day_11,11,syn_ad946c4e2d51c4381a00d6a3a07c8f5c,syn_a6e1e3157ea05a77655d69145cb9340c,FEASIBLE,0.0,1.0,EXPLOITATION,1
public_02,public_02_day_11,11,syn_fe315b98117e4d81e77e76cdab5582b5,syn_df55510630c387a8332959160eec8e4b,FEASIBLE,0.0,1.0,EXPLOITATION,1
public_02,public_02_day_11,11,syn_576b0b21e0dbd7a6bfdf295c4ff7fad8,syn_3a86f4a1b6a07735508a880e428bee60,FEASIBLE,0.0,1.0,EXPLOITATION,1
public_02,public_02_day_11,11,syn_85bf11e712d179c418ccdfa063ffd5d7,syn_86a700b706a3f9d202eeee624e20ac53,FEASIBLE,0.0,1.0,EXPLOITATION,1
public_02,public_02_day_11,11,syn_576b0b21e0dbd7a6bfdf295c4ff7fad8,syn_e77fb3ea136541875ef0d0ed5153426c,FEASIBLE,1.0,1.0,EXPLORATION,0
public_02,public_02_day_11,11,syn_32297fb064c264489c9e4039876f24ba,syn_df55510630c387a8332959160eec8e4b,FEASIBLE,0.22222222222222227,1.0,EXPLORATION,0
public_02,public_02_day_11,11,syn_c58e8eb0c882695da0ed7627b3275fe8,syn_dd56e893d452e71919601782ed0489cc,FEASIBLE,0.0,1.0,EXPLORATION,0
public_02,public_02_day_11,11,syn_fe315b98117e4d81e77e76cdab5582b5,syn_7cc830bf46268a150ea841a6aeac8371,FEASIBLE,0.0,1.0,EXPLOITATION,0
public_02,public_02_day_11,11,syn_32297fb064c264489c9e4039876f24ba,syn_576b0b21e0dbd7a6bfdf295c4ff7fad8,FEASIBLE,0.0,1.0,EXPLORATION,0
public_02,public_02_day_11,11,syn_32297fb064c264489c9e4039876f24ba,syn_7cc830bf46268a150ea841a6aeac8371,FEASIBLE,0.0,1.0,EXPLORATION,0
public_02,public_02_day_11,11,syn_576b0b21e0dbd7a6bfdf295c4ff7fad8,syn_7cc830bf46268a150ea841a6aeac8371,FEASIBLE,0.0,1.0,EXPLOITATION,0
public_02,public_02_day_11,11,syn_576b0b21e0dbd7a6bfdf295c4ff7fad8,syn_df55510630c387a8332959160eec8e4b,FEASIBLE,0.0,1.0,EXPLOITATION,0
public_02,public_02_day_11,11,syn_7cc830bf46268a150ea841a6aeac8371,syn_df55510630c387a8332959160eec8e4b,FEASIBLE,0.0,1.0,EXPLOITATION,0
public_02,public_02_day_11,11,syn_7cc830bf46268a150ea841a6aeac8371,syn_3a86f4a1b6a07735508a880e428bee60,FEASIBLE,0.0,1.0,EXPLOITATION,0
public_02,public_02_day_12,12,syn_964b47ce9e65d08b24ac9115da831a47,syn_ec903125e9aaa8d948d4e78ea201cb07,FEASIBLE,0.65,1.0,EXPLOITATION,1
public_02,public_02_day_12,12,syn_9780271663b2599273144f180e877968,syn_df2351b216e9b989fdcdb980be123864,FEASIBLE,0.5,1.0,EXPLOITATION,1
public_02,public_02_day_12,12,syn_c317705f90a517571b63aec42fee59d2,syn_5901d252ec94242330ca03c8dfdc084c,FEASIBLE,0.35,1.0,EXPLOITATION,1
public_02,public_02_day_12,12,syn_6edbeb8274e40517866227d17ad53adf,syn_514d26a6c970dbaed9dfb5971b92fd98,FEASIBLE,0.2,1.0,EXPLOITATION,1
public_02,public_02_day_12,12,syn_c85c5f4b0c079ca8e30677ea1c7ee178,syn_2056609e060881f2404b3e6d30d72b1b,FEASIBLE,0.0,1.0,EXPLOITATION,1
public_02,public_02_day_12,12,syn_ad946c4e2d51c4381a00d6a3a07c8f5c,syn_a6e1e3157ea05a77655d69145cb9340c,FEASIBLE,0.0,1.0,EXPLOITATION,1
public_02,public_02_day_12,12,syn_f08a7eab3954c329d97b8ca6d495c410,syn_d16420689fdde7c0d35d130797ca9e5f,FEASIBLE,0.0,1.0,EXPLOITATION,1
public_02,public_02_day_12,12,syn_85bf11e712d179c418ccdfa063ffd5d7,syn_86a700b706a3f9d202eeee624e20ac53,FEASIBLE,0.0,1.0,EXPLOITATION,1
public_02,public_02_day_12,12,syn_9a6819069e54f8e26098a5a7064afa51,syn_5901d252ec94242330ca03c8dfdc084c,FEASIBLE,0.3,1.0,EXPLOITATION,0
public_02,public_02_day_12,12,syn_514d26a6c970dbaed9dfb5971b92fd98,syn_d16420689fdde7c0d35d130797ca9e5f,FEASIBLE,0.05,1.0,EXPLORATION,0
public_02,public_02_day_13,13,syn_4ab039bc016a7f9170528808204c430f,syn_9e3068d8d35b9eefda160e3de29ef47f,FEASIBLE,0.8,1.0,EXPLORATION,1
public_02,public_02_day_13,13,syn_964b47ce9e65d08b24ac9115da831a47,syn_ec903125e9aaa8d948d4e78ea201cb07,FEASIBLE,0.65,1.0,EXPLOITATION,1
public_02,public_02_day_13,13,syn_9780271663b2599273144f180e877968,syn_df2351b216e9b989fdcdb980be123864,FEASIBLE,0.5,1.0,EXPLOITATION,1
public_02,public_02_day_13,13,syn_c317705f90a517571b63aec42fee59d2,syn_5901d252ec94242330ca03c8dfdc084c,FEASIBLE,0.35,1.0,EXPLOITATION,1
public_02,public_02_day_13,13,syn_6edbeb8274e40517866227d17ad53adf,syn_514d26a6c970dbaed9dfb5971b92fd98,FEASIBLE,0.2,1.0,EXPLOITATION,1
public_02,public_02_day_13,13,syn_c85c5f4b0c079ca8e30677ea1c7ee178,syn_2056609e060881f2404b3e6d30d72b1b,FEASIBLE,0.0,1.0,EXPLOITATION,1
public_02,public_02_day_13,13,syn_f08a7eab3954c329d97b8ca6d495c410,syn_d16420689fdde7c0d35d130797ca9e5f,FEASIBLE,0.0,1.0,EXPLOITATION,1
public_02,public_02_day_13,13,syn_85bf11e712d179c418ccdfa063ffd5d7,syn_86a700b706a3f9d202eeee624e20ac53,FEASIBLE,0.0,1.0,EXPLOITATION,1
public_02,public_02_day_13,13,syn_4ab039bc016a7f9170528808204c430f,syn_9330dd62ae5cb5c88131d62847ed361f,FEASIBLE,0.4,1.0,EXPLORATION,0
public_02,public_02_day_13,13,syn_9a6819069e54f8e26098a5a7064afa51,syn_5901d252ec94242330ca03c8dfdc084c,FEASIBLE,0.3,1.0,EXPLOITATION,0
public_02,public_02_day_13,13,syn_9e3068d8d35b9eefda160e3de29ef47f,syn_9330dd62ae5cb5c88131d62847ed361f,FEASIBLE,0.2,1.0,EXPLORATION,0
public_02,public_02_day_13,13,syn_514d26a6c970dbaed9dfb5971b92fd98,syn_d16420689fdde7c0d35d130797ca9e5f,FEASIBLE,0.05,1.0,EXPLORATION,0
public_02,public_02_day_14,14,syn_4ab039bc016a7f9170528808204c430f,syn_9e3068d8d35b9eefda160e3de29ef47f,FEASIBLE,0.8,1.0,EXPLOITATION,1
public_02,public_02_day_14,14,syn_964b47ce9e65d08b24ac9115da831a47,syn_ec903125e9aaa8d948d4e78ea201cb07,FEASIBLE,0.65,1.0,EXPLOITATION,1
public_02,public_02_day_14,14,syn_9780271663b2599273144f180e877968,syn_df2351b216e9b989fdcdb980be123864,FEASIBLE,0.5,1.0,EXPLOITATION,1
public_02,public_02_day_14,14,syn_c317705f90a517571b63aec42fee59d2,syn_df55510630c387a8332959160eec8e4b,FEASIBLE,0.4,1.0,EXPLORATION,1
public_02,public_02_day_14,14,syn_9a6819069e54f8e26098a5a7064afa51,syn_5901d252ec94242330ca03c8dfdc084c,FEASIBLE,0.3,1.0,EXPLOITATION,1
public_02,public_02_day_14,14,syn_6edbeb8274e40517866227d17ad53adf,syn_514d26a6c970dbaed9dfb5971b92fd98,FEASIBLE,0.2,1.0,EXPLOITATION,1
public_02,public_02_day_14,14,syn_c85c5f4b0c079ca8e30677ea1c7ee178,syn_2056609e060881f2404b3e6d30d72b1b,FEASIBLE,0.0,1.0,EXPLOITATION,1
public_02,public_02_day_14,14,syn_f57a076753e50d87788a9f182f1fb641,syn_c47b1ab16d66c1d488e705e8255ebb01,FEASIBLE,0.0,1.0,EXPLOITATION,1
public_02,public_02_day_14,14,syn_f08a7eab3954c329d97b8ca6d495c410,syn_d16420689fdde7c0d35d130797ca9e5f,FEASIBLE,0.0,1.0,EXPLOITATION,1
public_02,public_02_day_14,14,syn_85bf11e712d179c418ccdfa063ffd5d7,syn_86a700b706a3f9d202eeee624e20ac53,FEASIBLE,0.0,1.0,EXPLOITATION,1
public_02,public_02_day_14,14,syn_4ab039bc016a7f9170528808204c430f,syn_9330dd62ae5cb5c88131d62847ed361f,FEASIBLE,0.4,1.0,EXPLORATION,0
public_02,public_02_day_14,14,syn_c317705f90a517571b63aec42fee59d2,syn_5901d252ec94242330ca03c8dfdc084c,FEASIBLE,0.35,1.0,EXPLOITATION,0
public_02,public_02_day_14,14,syn_32297fb064c264489c9e4039876f24ba,syn_df55510630c387a8332959160eec8e4b,FEASIBLE,0.22222222222222227,1.0,EXPLORATION,0
public_02,public_02_day_14,14,syn_9e3068d8d35b9eefda160e3de29ef47f,syn_9330dd62ae5cb5c88131d62847ed361f,FEASIBLE,0.2,1.0,EXPLORATION,0
public_02,public_02_day_14,14,syn_514d26a6c970dbaed9dfb5971b92fd98,syn_d16420689fdde7c0d35d130797ca9e5f,FEASIBLE,0.05,1.0,EXPLORATION,0
public_02,public_02_day_14,14,syn_fe315b98117e4d81e77e76cdab5582b5,syn_df55510630c387a8332959160eec8e4b,FEASIBLE,0.0,1.0,EXPLOITATION,0
public_02,public_02_day_15,15,syn_74655d9a89e1bc132109f53eefcfff70,syn_8a5ab5e24cf1da571d7fc224290b5d55,FEASIBLE,1.0,1.0,EXPLORATION,1
public_02,public_02_day_15,15,syn_4ab039bc016a7f9170528808204c430f,syn_9e3068d8d35b9eefda160e3de29ef47f,FEASIBLE,0.8,1.0,EXPLOITATION,1
public_02,public_02_day_15,15,syn_964b47ce9e65d08b24ac9115da831a47,syn_ec903125e9aaa8d948d4e78ea201cb07,FEASIBLE,0.65,1.0,EXPLOITATION,1
public_02,public_02_day_15,15,syn_9780271663b2599273144f180e877968,syn_df2351b216e9b989fdcdb980be123864,FEASIBLE,0.5,1.0,EXPLOITATION,1
public_02,public_02_day_15,15,syn_c317705f90a517571b63aec42fee59d2,syn_df55510630c387a8332959160eec8e4b,FEASIBLE,0.4,1.0,EXPLOITATION,1
public_02,public_02_day_15,15,syn_9a6819069e54f8e26098a5a7064afa51,syn_5901d252ec94242330ca03c8dfdc084c,FEASIBLE,0.3,1.0,EXPLOITATION,1
public_02,public_02_day_15,15,syn_6edbeb8274e40517866227d17ad53adf,syn_514d26a6c970dbaed9dfb5971b92fd98,FEASIBLE,0.2,1.0,EXPLOITATION,1
public_02,public_02_day_15,15,syn_c85c5f4b0c079ca8e30677ea1c7ee178,syn_2056609e060881f2404b3e6d30d72b1b,FEASIBLE,0.0,1.0,EXPLOITATION,1
public_02,public_02_day_15,15,syn_f57a076753e50d87788a9f182f1fb641,syn_c47b1ab16d66c1d488e705e8255ebb01,FEASIBLE,0.0,1.0,EXPLOITATION,1
public_02,public_02_day_15,15,syn_f08a7eab3954c329d97b8ca6d495c410,syn_d16420689fdde7c0d35d130797ca9e5f,FEASIBLE,0.0,1.0,EXPLOITATION,1
public_02,public_02_day_15,15,syn_85bf11e712d179c418ccdfa063ffd5d7,syn_86a700b706a3f9d202eeee624e20ac53,FEASIBLE,0.0,1.0,EXPLOITATION,1
public_02,public_02_day_15,15,syn_c317705f90a517571b63aec42fee59d2,syn_5901d252ec94242330ca03c8dfdc084c,FEASIBLE,0.35,1.0,EXPLOITATION,0
public_02,public_02_day_15,15,syn_32297fb064c264489c9e4039876f24ba,syn_df55510630c387a8332959160eec8e4b,FEASIBLE,0.22222222222222227,1.0,EXPLORATION,0
public_02,public_02_day_15,15,syn_514d26a6c970dbaed9dfb5971b92fd98,syn_d16420689fdde7c0d35d130797ca9e5f,FEASIBLE,0.05,1.0,EXPLORATION,0
public_02,public_02_day_15,15,syn_fe315b98117e4d81e77e76cdab5582b5,syn_df55510630c387a8332959160eec8e4b,FEASIBLE,0.0,1.0,EXPLOITATION,0
public_02,public_02_day_15,15,syn_8a5ab5e24cf1da571d7fc224290b5d55,syn_6842f6631c6d8aa01c669d8772ab7814,FEASIBLE,0.0,1.0,EXPLOITATION,0
public_02,public_02_day_15,15,syn_8a5ab5e24cf1da571d7fc224290b5d55,syn_df55510630c387a8332959160eec8e4b,FEASIBLE,0.0,1.0,EXPLOITATION,0
public_02,public_02_day_15,15,syn_6842f6631c6d8aa01c669d8772ab7814,syn_ec903125e9aaa8d948d4e78ea201cb07,FEASIBLE,0.0,1.0,EXPLORATION,0
public_02,public_02_day_15,15,syn_df55510630c387a8332959160eec8e4b,syn_1ff70ea44da32881e17a2dfea1ff3ca3,FEASIBLE,0.0,1.0,EXPLORATION,0
public_02,public_02_day_16,16,syn_74655d9a89e1bc132109f53eefcfff70,syn_8a5ab5e24cf1da571d7fc224290b5d55,FEASIBLE,1.0,1.0,EXPLOITATION,1
public_02,public_02_day_16,16,syn_4ab039bc016a7f9170528808204c430f,syn_9e3068d8d35b9eefda160e3de29ef47f,FEASIBLE,0.8,1.0,EXPLOITATION,1
public_02,public_02_day_16,16,syn_964b47ce9e65d08b24ac9115da831a47,syn_ec903125e9aaa8d948d4e78ea201cb07,FEASIBLE,0.65,1.0,EXPLOITATION,1
public_02,public_02_day_16,16,syn_9780271663b2599273144f180e877968,syn_df2351b216e9b989fdcdb980be123864,FEASIBLE,0.5,1.0,EXPLOITATION,1
public_02,public_02_day_16,16,syn_123815248e2a76967ece217db6a1c911,syn_df55510630c387a8332959160eec8e4b,FEASIBLE,0.5,1.0,EXPLORATION,1
public_02,public_02_day_16,16,syn_c317705f90a517571b63aec42fee59d2,syn_5901d252ec94242330ca03c8dfdc084c,FEASIBLE,0.35,1.0,EXPLOITATION,1
public_02,public_02_day_16,16,syn_6edbeb8274e40517866227d17ad53adf,syn_514d26a6c970dbaed9dfb5971b92fd98,FEASIBLE,0.2,1.0,EXPLOITATION,1
public_02,public_02_day_16,16,syn_c85c5f4b0c079ca8e30677ea1c7ee178,syn_2056609e060881f2404b3e6d30d72b1b,FEASIBLE,0.0,1.0,EXPLOITATION,1
public_02,public_02_day_16,16,syn_f57a076753e50d87788a9f182f1fb641,syn_c47b1ab16d66c1d488e705e8255ebb01,FEASIBLE,0.0,1.0,EXPLOITATION,1
public_02,public_02_day_16,16,syn_ad946c4e2d51c4381a00d6a3a07c8f5c,syn_a6e1e3157ea05a77655d69145cb9340c,FEASIBLE,0.0,1.0,EXPLOITATION,1
public_02,public_02_day_16,16,syn_f08a7eab3954c329d97b8ca6d495c410,syn_d16420689fdde7c0d35d130797ca9e5f,FEASIBLE,0.0,1.0,EXPLOITATION,1
public_02,public_02_day_16,16,syn_85bf11e712d179c418ccdfa063ffd5d7,syn_86a700b706a3f9d202eeee624e20ac53,FEASIBLE,0.0,1.0,EXPLOITATION,1
public_02,public_02_day_16,16,syn_c317705f90a517571b63aec42fee59d2,syn_df55510630c387a8332959160eec8e4b,FEASIBLE,0.4,1.0,EXPLOITATION,0
public_02,public_02_day_16,16,syn_9a6819069e54f8e26098a5a7064afa51,syn_5901d252ec94242330ca03c8dfdc084c,FEASIBLE,0.3,1.0,EXPLOITATION,0
public_02,public_02_day_16,16,syn_32297fb064c264489c9e4039876f24ba,syn_df55510630c387a8332959160eec8e4b,FEASIBLE,0.22222222222222227,1.0,EXPLORATION,0
public_02,public_02_day_16,16,syn_514d26a6c970dbaed9dfb5971b92fd98,syn_d16420689fdde7c0d35d130797ca9e5f,FEASIBLE,0.05,1.0,EXPLORATION,0
public_02,public_02_day_16,16,syn_ad946c4e2d51c4381a00d6a3a07c8f5c,syn_ac51d3efb980280e5357ef62f0295996,FEASIBLE,0.0,1.0,EXPLORATION,0
public_02,public_02_day_16,16,syn_fe315b98117e4d81e77e76cdab5582b5,syn_df55510630c387a8332959160eec8e4b,FEASIBLE,0.0,1.0,EXPLOITATION,0
public_02,public_02_day_16,16,syn_8a5ab5e24cf1da571d7fc224290b5d55,syn_6842f6631c6d8aa01c669d8772ab7814,FEASIBLE,0.0,1.0,EXPLOITATION,0
public_02,public_02_day_16,16,syn_8a5ab5e24cf1da571d7fc224290b5d55,syn_df55510630c387a8332959160eec8e4b,FEASIBLE,0.0,1.0,EXPLOITATION,0
public_02,public_02_day_16,16,syn_6842f6631c6d8aa01c669d8772ab7814,syn_ec903125e9aaa8d948d4e78ea201cb07,FEASIBLE,0.0,1.0,EXPLORATION,0
public_02,public_02_day_16,16,syn_df55510630c387a8332959160eec8e4b,syn_1ff70ea44da32881e17a2dfea1ff3ca3,FEASIBLE,0.0,1.0,EXPLORATION,0
public_02,public_02_day_17,17,syn_b648b44d01cd5170c0828409a2384c3a,syn_5fe81c19774479c8dabc6a4cfda80478,FEASIBLE,1.0,1.0,EXPLOITATION,1
public_02,public_02_day_17,17,syn_74655d9a89e1bc132109f53eefcfff70,syn_8a5ab5e24cf1da571d7fc224290b5d55,FEASIBLE,1.0,1.0,EXPLOITATION,1
public_02,public_02_day_17,17,syn_32297fb064c264489c9e4039876f24ba,syn_e77fb3ea136541875ef0d0ed5153426c,FEASIBLE,1.0,1.0,EXPLOITATION,1
public_02,public_02_day_17,17,syn_4ab039bc016a7f9170528808204c430f,syn_9e3068d8d35b9eefda160e3de29ef47f,FEASIBLE,0.8,1.0,EXPLOITATION,1
public_02,public_02_day_17,17,syn_964b47ce9e65d08b24ac9115da831a47,syn_ec903125e9aaa8d948d4e78ea201cb07,FEASIBLE,0.65,1.0,EXPLOITATION,1
public_02,public_02_day_17,17,syn_9780271663b2599273144f180e877968,syn_df2351b216e9b989fdcdb980be123864,FEASIBLE,0.5,1.0,EXPLOITATION,1
public_02,public_02_day_17,17,syn_123815248e2a76967ece217db6a1c911,syn_df55510630c387a8332959160eec8e4b,FEASIBLE,0.5,1.0,EXPLOITATION,1
public_02,public_02_day_17,17,syn_c317705f90a517571b63aec42fee59d2,syn_5901d252ec94242330ca03c8dfdc084c,FEASIBLE,0.35,1.0,EXPLOITATION,1
public_02,public_02_day_17,17,syn_6edbeb8274e40517866227d17ad53adf,syn_514d26a6c970dbaed9dfb5971b92fd98,FEASIBLE,0.2,1.0,EXPLOITATION,1
public_02,public_02_day_17,17,syn_d75df7ee5c1faa9f52135cb13ccc38b7,syn_f7b44afc75607f2f2733766a3e903373,FEASIBLE,0.0,1.0,EXPLOITATION,1
public_02,public_02_day_17,17,syn_c85c5f4b0c079ca8e30677ea1c7ee178,syn_2056609e060881f2404b3e6d30d72b1b,FEASIBLE,0.0,1.0,EXPLOITATION,1
public_02,public_02_day_17,17,syn_f57a076753e50d87788a9f182f1fb641,syn_c47b1ab16d66c1d488e705e8255ebb01,FEASIBLE,0.0,1.0,EXPLOITATION,1
public_02,public_02_day_17,17,syn_ad946c4e2d51c4381a00d6a3a07c8f5c,syn_a6e1e3157ea05a77655d69145cb9340c,FEASIBLE,0.0,1.0,EXPLOITATION,1
public_02,public_02_day_17,17,syn_f08a7eab3954c329d97b8ca6d495c410,syn_d16420689fdde7c0d35d130797ca9e5f,FEASIBLE,0.0,1.0,EXPLOITATION,1
public_02,public_02_day_17,17,syn_576b0b21e0dbd7a6bfdf295c4ff7fad8,syn_1ff70ea44da32881e17a2dfea1ff3ca3,FEASIBLE,0.0,1.0,EXPLORATION,1
public_02,public_02_day_17,17,syn_576b0b21e0dbd7a6bfdf295c4ff7fad8,syn_e77fb3ea136541875ef0d0ed5153426c,FEASIBLE,1.0,1.0,EXPLORATION,0
public_02,public_02_day_17,17,syn_4ab039bc016a7f9170528808204c430f,syn_e77fb3ea136541875ef0d0ed5153426c,FEASIBLE,0.85,1.0,EXPLOITATION,0
public_02,public_02_day_17,17,syn_c317705f90a517571b63aec42fee59d2,syn_df55510630c387a8332959160eec8e4b,FEASIBLE,0.4,1.0,EXPLOITATION,0
public_02,public_02_day_17,17,syn_9a6819069e54f8e26098a5a7064afa51,syn_5901d252ec94242330ca03c8dfdc084c,FEASIBLE,0.3,1.0,EXPLOITATION,0
public_02,public_02_day_17,17,syn_32297fb064c264489c9e4039876f24ba,syn_df55510630c387a8332959160eec8e4b,FEASIBLE,0.22222222222222227,1.0,EXPLORATION,0
public_02,public_02_day_17,17,syn_514d26a6c970dbaed9dfb5971b92fd98,syn_d16420689fdde7c0d35d130797ca9e5f,FEASIBLE,0.05,1.0,EXPLORATION,0
public_02,public_02_day_17,17,syn_123815248e2a76967ece217db6a1c911,syn_576b0b21e0dbd7a6bfdf295c4ff7fad8,FEASIBLE,0.0,1.0,EXPLORATION,0
public_02,public_02_day_17,17,syn_ad946c4e2d51c4381a00d6a3a07c8f5c,syn_ac51d3efb980280e5357ef62f0295996,FEASIBLE,0.0,1.0,EXPLORATION,0
public_02,public_02_day_17,17,syn_a68f501e9c1069329ec78eaead07c015,syn_f7b44afc75607f2f2733766a3e903373,FEASIBLE,0.0,1.0,EXPLORATION,0
public_02,public_02_day_17,17,syn_fe315b98117e4d81e77e76cdab5582b5,syn_df55510630c387a8332959160eec8e4b,FEASIBLE,0.0,1.0,EXPLOITATION,0
public_02,public_02_day_17,17,syn_32297fb064c264489c9e4039876f24ba,syn_576b0b21e0dbd7a6bfdf295c4ff7fad8,FEASIBLE,0.0,1.0,EXPLORATION,0
public_02,public_02_day_17,17,syn_576b0b21e0dbd7a6bfdf295c4ff7fad8,syn_8a5ab5e24cf1da571d7fc224290b5d55,FEASIBLE,0.0,1.0,EXPLOITATION,0
public_02,public_02_day_17,17,syn_576b0b21e0dbd7a6bfdf295c4ff7fad8,syn_df55510630c387a8332959160eec8e4b,FEASIBLE,0.0,1.0,EXPLOITATION,0
public_02,public_02_day_17,17,syn_8a5ab5e24cf1da571d7fc224290b5d55,syn_6842f6631c6d8aa01c669d8772ab7814,FEASIBLE,0.0,1.0,EXPLOITATION,0
public_02,public_02_day_17,17,syn_8a5ab5e24cf1da571d7fc224290b5d55,syn_df55510630c387a8332959160eec8e4b,FEASIBLE,0.0,1.0,EXPLOITATION,0
public_02,public_02_day_17,17,syn_514d26a6c970dbaed9dfb5971b92fd98,syn_f7b44afc75607f2f2733766a3e903373,FEASIBLE,0.0,1.0,EXPLOITATION,0
public_02,public_02_day_17,17,syn_6842f6631c6d8aa01c669d8772ab7814,syn_ec903125e9aaa8d948d4e78ea201cb07,FEASIBLE,0.0,1.0,EXPLORATION,0
public_02,public_02_day_17,17,syn_df55510630c387a8332959160eec8e4b,syn_1ff70ea44da32881e17a2dfea1ff3ca3,FEASIBLE,0.0,1.0,EXPLORATION,0
public_02,public_02_day_18,18,syn_b648b44d01cd5170c0828409a2384c3a,syn_5fe81c19774479c8dabc6a4cfda80478,FEASIBLE,1.0,1.0,EXPLOITATION,1
public_02,public_02_day_18,18,syn_32297fb064c264489c9e4039876f24ba,syn_e77fb3ea136541875ef0d0ed5153426c,FEASIBLE,1.0,1.0,EXPLOITATION,1
public_02,public_02_day_18,18,syn_4ab039bc016a7f9170528808204c430f,syn_9e3068d8d35b9eefda160e3de29ef47f,FEASIBLE,0.8,1.0,EXPLOITATION,1
public_02,public_02_day_18,18,syn_9780271663b2599273144f180e877968,syn_df2351b216e9b989fdcdb980be123864,FEASIBLE,0.5,1.0,EXPLOITATION,1
public_02,public_02_day_18,18,syn_123815248e2a76967ece217db6a1c911,syn_df55510630c387a8332959160eec8e4b,FEASIBLE,0.5,1.0,EXPLOITATION,1
public_02,public_02_day_18,18,syn_c317705f90a517571b63aec42fee59d2,syn_5901d252ec94242330ca03c8dfdc084c,FEASIBLE,0.35,1.0,EXPLOITATION,1
public_02,public_02_day_18,18,syn_6edbeb8274e40517866227d17ad53adf,syn_514d26a6c970dbaed9dfb5971b92fd98,FEASIBLE,0.2,1.0,EXPLOITATION,1
public_02,public_02_day_18,18,syn_d75df7ee5c1faa9f52135cb13ccc38b7,syn_f7b44afc75607f2f2733766a3e903373,FEASIBLE,0.0,1.0,EXPLOITATION,1
public_02,public_02_day_18,18,syn_c85c5f4b0c079ca8e30677ea1c7ee178,syn_2056609e060881f2404b3e6d30d72b1b,FEASIBLE,0.0,1.0,EXPLOITATION,1
public_02,public_02_day_18,18,syn_f57a076753e50d87788a9f182f1fb641,syn_c47b1ab16d66c1d488e705e8255ebb01,FEASIBLE,0.0,1.0,EXPLOITATION,1
public_02,public_02_day_18,18,syn_ad946c4e2d51c4381a00d6a3a07c8f5c,syn_a6e1e3157ea05a77655d69145cb9340c,FEASIBLE,0.0,1.0,EXPLOITATION,1
public_02,public_02_day_18,18,syn_d1d40e5694a83bf50c52e9b5a1c72bcf,syn_02599d522c48ce7f9d47ca93ce0e969b,FEASIBLE,0.0,1.0,EXPLOITATION,1
public_02,public_02_day_18,18,syn_f08a7eab3954c329d97b8ca6d495c410,syn_d16420689fdde7c0d35d130797ca9e5f,FEASIBLE,0.0,1.0,EXPLOITATION,1
public_02,public_02_day_18,18,syn_576b0b21e0dbd7a6bfdf295c4ff7fad8,syn_1ff70ea44da32881e17a2dfea1ff3ca3,FEASIBLE,0.0,1.0,EXPLOITATION,1
public_02,public_02_day_18,18,syn_576b0b21e0dbd7a6bfdf295c4ff7fad8,syn_e77fb3ea136541875ef0d0ed5153426c,FEASIBLE,1.0,1.0,EXPLORATION,0
public_02,public_02_day_18,18,syn_4ab039bc016a7f9170528808204c430f,syn_e77fb3ea136541875ef0d0ed5153426c,FEASIBLE,0.85,1.0,EXPLOITATION,0
public_02,public_02_day_18,18,syn_c317705f90a517571b63aec42fee59d2,syn_df55510630c387a8332959160eec8e4b,FEASIBLE,0.4,1.0,EXPLOITATION,0
public_02,public_02_day_18,18,syn_9a6819069e54f8e26098a5a7064afa51,syn_5901d252ec94242330ca03c8dfdc084c,FEASIBLE,0.3,1.0,EXPLOITATION,0
public_02,public_02_day_18,18,syn_32297fb064c264489c9e4039876f24ba,syn_df55510630c387a8332959160eec8e4b,FEASIBLE,0.22222222222222227,1.0,EXPLORATION,0
public_02,public_02_day_18,18,syn_514d26a6c970dbaed9dfb5971b92fd98,syn_d16420689fdde7c0d35d130797ca9e5f,FEASIBLE,0.05,1.0,EXPLORATION,0
public_02,public_02_day_18,18,syn_123815248e2a76967ece217db6a1c911,syn_576b0b21e0dbd7a6bfdf295c4ff7fad8,FEASIBLE,0.0,1.0,EXPLORATION,0
public_02,public_02_day_18,18,syn_4ab039bc016a7f9170528808204c430f,syn_02599d522c48ce7f9d47ca93ce0e969b,FEASIBLE,0.0,1.0,EXPLOITATION,0
public_02,public_02_day_18,18,syn_ad946c4e2d51c4381a00d6a3a07c8f5c,syn_ac51d3efb980280e5357ef62f0295996,FEASIBLE,0.0,1.0,EXPLORATION,0
public_02,public_02_day_18,18,syn_a68f501e9c1069329ec78eaead07c015,syn_f7b44afc75607f2f2733766a3e903373,FEASIBLE,0.0,1.0,EXPLORATION,0
public_02,public_02_day_18,18,syn_fe315b98117e4d81e77e76cdab5582b5,syn_df55510630c387a8332959160eec8e4b,FEASIBLE,0.0,1.0,EXPLOITATION,0
public_02,public_02_day_18,18,syn_32297fb064c264489c9e4039876f24ba,syn_576b0b21e0dbd7a6bfdf295c4ff7fad8,FEASIBLE,0.0,1.0,EXPLORATION,0
public_02,public_02_day_18,18,syn_576b0b21e0dbd7a6bfdf295c4ff7fad8,syn_df55510630c387a8332959160eec8e4b,FEASIBLE,0.0,1.0,EXPLOITATION,0
public_02,public_02_day_18,18,syn_514d26a6c970dbaed9dfb5971b92fd98,syn_f7b44afc75607f2f2733766a3e903373,FEASIBLE,0.0,1.0,EXPLOITATION,0
public_02,public_02_day_18,18,syn_df55510630c387a8332959160eec8e4b,syn_1ff70ea44da32881e17a2dfea1ff3ca3,FEASIBLE,0.0,1.0,EXPLORATION,0
public_02,public_02_day_19,19,syn_b648b44d01cd5170c0828409a2384c3a,syn_5fe81c19774479c8dabc6a4cfda80478,FEASIBLE,1.0,1.0,EXPLOITATION,1
public_02,public_02_day_19,19,syn_32297fb064c264489c9e4039876f24ba,syn_e77fb3ea136541875ef0d0ed5153426c,FEASIBLE,1.0,1.0,EXPLOITATION,1
public_02,public_02_day_19,19,syn_9780271663b2599273144f180e877968,syn_df2351b216e9b989fdcdb980be123864,FEASIBLE,0.5,1.0,EXPLOITATION,1
public_02,public_02_day_19,19,syn_123815248e2a76967ece217db6a1c911,syn_df55510630c387a8332959160eec8e4b,FEASIBLE,0.5,1.0,EXPLOITATION,1
public_02,public_02_day_19,19,syn_c317705f90a517571b63aec42fee59d2,syn_5901d252ec94242330ca03c8dfdc084c,FEASIBLE,0.35,1.0,EXPLOITATION,1
public_02,public_02_day_19,19,syn_6edbeb8274e40517866227d17ad53adf,syn_514d26a6c970dbaed9dfb5971b92fd98,FEASIBLE,0.2,1.0,EXPLOITATION,1
public_02,public_02_day_19,19,syn_d75df7ee5c1faa9f52135cb13ccc38b7,syn_f7b44afc75607f2f2733766a3e903373,FEASIBLE,0.0,1.0,EXPLOITATION,1
public_02,public_02_day_19,19,syn_c85c5f4b0c079ca8e30677ea1c7ee178,syn_2056609e060881f2404b3e6d30d72b1b,FEASIBLE,0.0,1.0,EXPLOITATION,1
public_02,public_02_day_19,19,syn_f57a076753e50d87788a9f182f1fb641,syn_c47b1ab16d66c1d488e705e8255ebb01,FEASIBLE,0.0,1.0,EXPLOITATION,1
public_02,public_02_day_19,19,syn_ad946c4e2d51c4381a00d6a3a07c8f5c,syn_a6e1e3157ea05a77655d69145cb9340c,FEASIBLE,0.0,1.0,EXPLOITATION,1
public_02,public_02_day_19,19,syn_f08a7eab3954c329d97b8ca6d495c410,syn_d16420689fdde7c0d35d130797ca9e5f,FEASIBLE,0.0,1.0,EXPLOITATION,1
public_02,public_02_day_19,19,syn_576b0b21e0dbd7a6bfdf295c4ff7fad8,syn_1ff70ea44da32881e17a2dfea1ff3ca3,FEASIBLE,0.0,1.0,EXPLOITATION,1
public_02,public_02_day_19,19,syn_e6cc7ae09a87200ef93018c566b517f2,syn_8efbdba2e69c3948ce821a428e72ec36,FEASIBLE,0.0,1.0,EXPLOITATION,1
public_02,public_02_day_19,19,syn_576b0b21e0dbd7a6bfdf295c4ff7fad8,syn_e77fb3ea136541875ef0d0ed5153426c,FEASIBLE,1.0,1.0,EXPLORATION,0
public_02,public_02_day_19,19,syn_c317705f90a517571b63aec42fee59d2,syn_df55510630c387a8332959160eec8e4b,FEASIBLE,0.4,1.0,EXPLOITATION,0
public_02,public_02_day_19,19,syn_9a6819069e54f8e26098a5a7064afa51,syn_5901d252ec94242330ca03c8dfdc084c,FEASIBLE,0.3,1.0,EXPLOITATION,0
public_02,public_02_day_19,19,syn_32297fb064c264489c9e4039876f24ba,syn_df55510630c387a8332959160eec8e4b,FEASIBLE,0.22222222222222227,1.0,EXPLORATION,0
public_02,public_02_day_19,19,syn_514d26a6c970dbaed9dfb5971b92fd98,syn_d16420689fdde7c0d35d130797ca9e5f,FEASIBLE,0.05,1.0,EXPLORATION,0
public_02,public_02_day_19,19,syn_123815248e2a76967ece217db6a1c911,syn_576b0b21e0dbd7a6bfdf295c4ff7fad8,FEASIBLE,0.0,1.0,EXPLORATION,0
public_02,public_02_day_19,19,syn_ad946c4e2d51c4381a00d6a3a07c8f5c,syn_ac51d3efb980280e5357ef62f0295996,FEASIBLE,0.0,1.0,EXPLORATION,0
public_02,public_02_day_19,19,syn_a68f501e9c1069329ec78eaead07c015,syn_f7b44afc75607f2f2733766a3e903373,FEASIBLE,0.0,1.0,EXPLORATION,0
public_02,public_02_day_19,19,syn_fe315b98117e4d81e77e76cdab5582b5,syn_df55510630c387a8332959160eec8e4b,FEASIBLE,0.0,1.0,EXPLOITATION,0
public_02,public_02_day_19,19,syn_32297fb064c264489c9e4039876f24ba,syn_576b0b21e0dbd7a6bfdf295c4ff7fad8,FEASIBLE,0.0,1.0,EXPLORATION,0
public_02,public_02_day_19,19,syn_576b0b21e0dbd7a6bfdf295c4ff7fad8,syn_df55510630c387a8332959160eec8e4b,FEASIBLE,0.0,1.0,EXPLOITATION,0
public_02,public_02_day_19,19,syn_514d26a6c970dbaed9dfb5971b92fd98,syn_f7b44afc75607f2f2733766a3e903373,FEASIBLE,0.0,1.0,EXPLOITATION,0
public_02,public_02_day_19,19,syn_df55510630c387a8332959160eec8e4b,syn_1ff70ea44da32881e17a2dfea1ff3ca3,FEASIBLE,0.0,1.0,EXPLORATION,0
public_02,public_02_day_20,20,syn_b648b44d01cd5170c0828409a2384c3a,syn_5fe81c19774479c8dabc6a4cfda80478,FEASIBLE,1.0,1.0,EXPLOITATION,1
public_02,public_02_day_20,20,syn_32297fb064c264489c9e4039876f24ba,syn_e77fb3ea136541875ef0d0ed5153426c,FEASIBLE,1.0,1.0,EXPLOITATION,1
public_02,public_02_day_20,20,syn_c58e8eb0c882695da0ed7627b3275fe8,syn_3ebeda0df1a2553d085d9f96dac06445,FEASIBLE,0.75,1.0,EXPLOITATION,1
public_02,public_02_day_20,20,syn_9780271663b2599273144f180e877968,syn_df2351b216e9b989fdcdb980be123864,FEASIBLE,0.5,1.0,EXPLOITATION,1
public_02,public_02_day_20,20,syn_9a6819069e54f8e26098a5a7064afa51,syn_5901d252ec94242330ca03c8dfdc084c,FEASIBLE,0.3,1.0,EXPLOITATION,1
public_02,public_02_day_20,20,syn_6edbeb8274e40517866227d17ad53adf,syn_514d26a6c970dbaed9dfb5971b92fd98,FEASIBLE,0.2,1.0,EXPLOITATION,1
public_02,public_02_day_20,20,syn_d75df7ee5c1faa9f52135cb13ccc38b7,syn_f7b44afc75607f2f2733766a3e903373,FEASIBLE,0.0,1.0,EXPLOITATION,1
public_02,public_02_day_20,20,syn_c85c5f4b0c079ca8e30677ea1c7ee178,syn_2056609e060881f2404b3e6d30d72b1b,FEASIBLE,0.0,1.0,EXPLOITATION,1
public_02,public_02_day_20,20,syn_f57a076753e50d87788a9f182f1fb641,syn_c47b1ab16d66c1d488e705e8255ebb01,FEASIBLE,0.0,1.0,EXPLOITATION,1
public_02,public_02_day_20,20,syn_ad946c4e2d51c4381a00d6a3a07c8f5c,syn_a6e1e3157ea05a77655d69145cb9340c,FEASIBLE,0.0,1.0,EXPLOITATION,1
public_02,public_02_day_20,20,syn_f08a7eab3954c329d97b8ca6d495c410,syn_d16420689fdde7c0d35d130797ca9e5f,FEASIBLE,0.0,1.0,EXPLOITATION,1
public_02,public_02_day_20,20,syn_514d26a6c970dbaed9dfb5971b92fd98,syn_d16420689fdde7c0d35d130797ca9e5f,FEASIBLE,0.05,1.0,EXPLORATION,0
public_02,public_02_day_20,20,syn_c58e8eb0c882695da0ed7627b3275fe8,syn_dd56e893d452e71919601782ed0489cc,FEASIBLE,0.0,1.0,EXPLORATION,0
public_02,public_02_day_20,20,syn_ad946c4e2d51c4381a00d6a3a07c8f5c,syn_ac51d3efb980280e5357ef62f0295996,FEASIBLE,0.0,1.0,EXPLORATION,0
public_02,public_02_day_20,20,syn_a68f501e9c1069329ec78eaead07c015,syn_f7b44afc75607f2f2733766a3e903373,FEASIBLE,0.0,1.0,EXPLORATION,0
public_02,public_02_day_20,20,syn_514d26a6c970dbaed9dfb5971b92fd98,syn_f7b44afc75607f2f2733766a3e903373,FEASIBLE,0.0,1.0,EXPLOITATION,0
public_02,public_02_day_21,21,syn_b648b44d01cd5170c0828409a2384c3a,syn_5fe81c19774479c8dabc6a4cfda80478,FEASIBLE,1.0,1.0,EXPLOITATION,1
public_02,public_02_day_21,21,syn_32297fb064c264489c9e4039876f24ba,syn_e77fb3ea136541875ef0d0ed5153426c,FEASIBLE,1.0,1.0,EXPLOITATION,1
public_02,public_02_day_21,21,syn_c58e8eb0c882695da0ed7627b3275fe8,syn_3ebeda0df1a2553d085d9f96dac06445,FEASIBLE,0.75,1.0,EXPLOITATION,1
public_02,public_02_day_21,21,syn_9780271663b2599273144f180e877968,syn_df2351b216e9b989fdcdb980be123864,FEASIBLE,0.5,1.0,EXPLOITATION,1
public_02,public_02_day_21,21,syn_9a6819069e54f8e26098a5a7064afa51,syn_5901d252ec94242330ca03c8dfdc084c,FEASIBLE,0.3,1.0,EXPLOITATION,1
public_02,public_02_day_21,21,syn_6edbeb8274e40517866227d17ad53adf,syn_514d26a6c970dbaed9dfb5971b92fd98,FEASIBLE,0.2,1.0,EXPLOITATION,1
public_02,public_02_day_21,21,syn_d75df7ee5c1faa9f52135cb13ccc38b7,syn_f7b44afc75607f2f2733766a3e903373,FEASIBLE,0.0,1.0,EXPLOITATION,1
public_02,public_02_day_21,21,syn_c85c5f4b0c079ca8e30677ea1c7ee178,syn_2056609e060881f2404b3e6d30d72b1b,FEASIBLE,0.0,1.0,EXPLOITATION,1
public_02,public_02_day_21,21,syn_f57a076753e50d87788a9f182f1fb641,syn_c47b1ab16d66c1d488e705e8255ebb01,FEASIBLE,0.0,1.0,EXPLOITATION,1
public_02,public_02_day_21,21,syn_f08a7eab3954c329d97b8ca6d495c410,syn_d16420689fdde7c0d35d130797ca9e5f,FEASIBLE,0.0,1.0,EXPLOITATION,1
public_02,public_02_day_21,21,syn_514d26a6c970dbaed9dfb5971b92fd98,syn_d16420689fdde7c0d35d130797ca9e5f,FEASIBLE,0.05,1.0,EXPLORATION,0
public_02,public_02_day_21,21,syn_c58e8eb0c882695da0ed7627b3275fe8,syn_dd56e893d452e71919601782ed0489cc,FEASIBLE,0.0,1.0,EXPLORATION,0
public_02,public_02_day_21,21,syn_a68f501e9c1069329ec78eaead07c015,syn_f7b44afc75607f2f2733766a3e903373,FEASIBLE,0.0,1.0,EXPLORATION,0
public_02,public_02_day_21,21,syn_514d26a6c970dbaed9dfb5971b92fd98,syn_f7b44afc75607f2f2733766a3e903373,FEASIBLE,0.0,1.0,EXPLOITATION,0
public_02,public_02_day_22,22,syn_b648b44d01cd5170c0828409a2384c3a,syn_5fe81c19774479c8dabc6a4cfda80478,FEASIBLE,1.0,1.0,EXPLOITATION,1
public_02,public_02_day_22,22,syn_32297fb064c264489c9e4039876f24ba,syn_e77fb3ea136541875ef0d0ed5153426c,FEASIBLE,1.0,1.0,EXPLOITATION,1
public_02,public_02_day_22,22,syn_c58e8eb0c882695da0ed7627b3275fe8,syn_3ebeda0df1a2553d085d9f96dac06445,FEASIBLE,0.75,1.0,EXPLOITATION,1
public_02,public_02_day_22,22,syn_9780271663b2599273144f180e877968,syn_df2351b216e9b989fdcdb980be123864,FEASIBLE,0.5,1.0,EXPLOITATION,1
public_02,public_02_day_22,22,syn_9a6819069e54f8e26098a5a7064afa51,syn_5901d252ec94242330ca03c8dfdc084c,FEASIBLE,0.3,1.0,EXPLOITATION,1
public_02,public_02_day_22,22,syn_6edbeb8274e40517866227d17ad53adf,syn_514d26a6c970dbaed9dfb5971b92fd98,FEASIBLE,0.2,1.0,EXPLOITATION,1
public_02,public_02_day_22,22,syn_d75df7ee5c1faa9f52135cb13ccc38b7,syn_f7b44afc75607f2f2733766a3e903373,FEASIBLE,0.0,1.0,EXPLOITATION,1
public_02,public_02_day_22,22,syn_f57a076753e50d87788a9f182f1fb641,syn_c47b1ab16d66c1d488e705e8255ebb01,FEASIBLE,0.0,1.0,EXPLOITATION,1
public_02,public_02_day_22,22,syn_f08a7eab3954c329d97b8ca6d495c410,syn_d16420689fdde7c0d35d130797ca9e5f,FEASIBLE,0.0,1.0,EXPLOITATION,1
public_02,public_02_day_22,22,syn_514d26a6c970dbaed9dfb5971b92fd98,syn_d16420689fdde7c0d35d130797ca9e5f,FEASIBLE,0.05,1.0,EXPLORATION,0
public_02,public_02_day_22,22,syn_c58e8eb0c882695da0ed7627b3275fe8,syn_dd56e893d452e71919601782ed0489cc,FEASIBLE,0.0,1.0,EXPLORATION,0
public_02,public_02_day_22,22,syn_a68f501e9c1069329ec78eaead07c015,syn_f7b44afc75607f2f2733766a3e903373,FEASIBLE,0.0,1.0,EXPLORATION,0
public_02,public_02_day_22,22,syn_514d26a6c970dbaed9dfb5971b92fd98,syn_f7b44afc75607f2f2733766a3e903373,FEASIBLE,0.0,1.0,EXPLOITATION,0
public_02,public_02_day_23,23,syn_b648b44d01cd5170c0828409a2384c3a,syn_5fe81c19774479c8dabc6a4cfda80478,FEASIBLE,1.0,1.0,EXPLOITATION,1
public_02,public_02_day_23,23,syn_c58e8eb0c882695da0ed7627b3275fe8,syn_3ebeda0df1a2553d085d9f96dac06445,FEASIBLE,0.75,1.0,EXPLOITATION,1
public_02,public_02_day_23,23,syn_9780271663b2599273144f180e877968,syn_df2351b216e9b989fdcdb980be123864,FEASIBLE,0.5,1.0,EXPLOITATION,1
public_02,public_02_day_23,23,syn_4ab039bc016a7f9170528808204c430f,syn_9330dd62ae5cb5c88131d62847ed361f,FEASIBLE,0.4,1.0,EXPLOITATION,1
public_02,public_02_day_23,23,syn_9a6819069e54f8e26098a5a7064afa51,syn_5901d252ec94242330ca03c8dfdc084c,FEASIBLE,0.3,1.0,EXPLOITATION,1
public_02,public_02_day_23,23,syn_f57a076753e50d87788a9f182f1fb641,syn_c47b1ab16d66c1d488e705e8255ebb01,FEASIBLE,0.0,1.0,EXPLOITATION,1
public_02,public_02_day_23,23,syn_d1d40e5694a83bf50c52e9b5a1c72bcf,syn_02599d522c48ce7f9d47ca93ce0e969b,FEASIBLE,0.0,1.0,EXPLOITATION,1
public_02,public_02_day_23,23,syn_f08a7eab3954c329d97b8ca6d495c410,syn_d16420689fdde7c0d35d130797ca9e5f,FEASIBLE,0.0,1.0,EXPLOITATION,1
public_02,public_02_day_23,23,syn_0645957284c487c64ad77f70f4198680,syn_6b287023da72ef6cb9c29b0f5643870d,FEASIBLE,0.0,1.0,EXPLOITATION,1
public_02,public_02_day_23,23,syn_e6cc7ae09a87200ef93018c566b517f2,syn_8efbdba2e69c3948ce821a428e72ec36,FEASIBLE,0.0,1.0,EXPLOITATION,1
public_02,public_02_day_23,23,syn_c58e8eb0c882695da0ed7627b3275fe8,syn_dd56e893d452e71919601782ed0489cc,FEASIBLE,0.0,1.0,EXPLORATION,0
public_02,public_02_day_23,23,syn_4ab039bc016a7f9170528808204c430f,syn_02599d522c48ce7f9d47ca93ce0e969b,FEASIBLE,0.0,1.0,EXPLOITATION,0
public_02,public_02_day_24,24,syn_b648b44d01cd5170c0828409a2384c3a,syn_5fe81c19774479c8dabc6a4cfda80478,FEASIBLE,1.0,1.0,EXPLOITATION,1
public_02,public_02_day_24,24,syn_c58e8eb0c882695da0ed7627b3275fe8,syn_3ebeda0df1a2553d085d9f96dac06445,FEASIBLE,0.75,1.0,EXPLOITATION,1
public_02,public_02_day_24,24,syn_9780271663b2599273144f180e877968,syn_df2351b216e9b989fdcdb980be123864,FEASIBLE,0.5,1.0,EXPLOITATION,1
public_02,public_02_day_24,24,syn_4ab039bc016a7f9170528808204c430f,syn_9330dd62ae5cb5c88131d62847ed361f,FEASIBLE,0.4,1.0,EXPLOITATION,1
public_02,public_02_day_24,24,syn_9a6819069e54f8e26098a5a7064afa51,syn_5901d252ec94242330ca03c8dfdc084c,FEASIBLE,0.3,1.0,EXPLOITATION,1
public_02,public_02_day_24,24,syn_f57a076753e50d87788a9f182f1fb641,syn_c47b1ab16d66c1d488e705e8255ebb01,FEASIBLE,0.0,1.0,EXPLOITATION,1
public_02,public_02_day_24,24,syn_d1d40e5694a83bf50c52e9b5a1c72bcf,syn_02599d522c48ce7f9d47ca93ce0e969b,FEASIBLE,0.0,1.0,EXPLOITATION,1
public_02,public_02_day_24,24,syn_f08a7eab3954c329d97b8ca6d495c410,syn_d16420689fdde7c0d35d130797ca9e5f,FEASIBLE,0.0,1.0,EXPLOITATION,1
public_02,public_02_day_24,24,syn_0645957284c487c64ad77f70f4198680,syn_6b287023da72ef6cb9c29b0f5643870d,FEASIBLE,0.0,1.0,EXPLOITATION,1
public_02,public_02_day_24,24,syn_e6cc7ae09a87200ef93018c566b517f2,syn_8efbdba2e69c3948ce821a428e72ec36,FEASIBLE,0.0,1.0,EXPLOITATION,1
public_02,public_02_day_24,24,syn_c58e8eb0c882695da0ed7627b3275fe8,syn_dd56e893d452e71919601782ed0489cc,FEASIBLE,0.0,1.0,EXPLORATION,0
public_02,public_02_day_24,24,syn_4ab039bc016a7f9170528808204c430f,syn_02599d522c48ce7f9d47ca93ce0e969b,FEASIBLE,0.0,1.0,EXPLOITATION,0
public_02,public_02_day_25,25,syn_b648b44d01cd5170c0828409a2384c3a,syn_5fe81c19774479c8dabc6a4cfda80478,FEASIBLE,1.0,1.0,EXPLOITATION,1
public_02,public_02_day_25,25,syn_c58e8eb0c882695da0ed7627b3275fe8,syn_3ebeda0df1a2553d085d9f96dac06445,FEASIBLE,0.75,1.0,EXPLOITATION,1
public_02,public_02_day_25,25,syn_9780271663b2599273144f180e877968,syn_df2351b216e9b989fdcdb980be123864,FEASIBLE,0.5,1.0,EXPLOITATION,1
public_02,public_02_day_25,25,syn_4ab039bc016a7f9170528808204c430f,syn_9330dd62ae5cb5c88131d62847ed361f,FEASIBLE,0.4,1.0,EXPLOITATION,1
public_02,public_02_day_25,25,syn_9a6819069e54f8e26098a5a7064afa51,syn_5901d252ec94242330ca03c8dfdc084c,FEASIBLE,0.3,1.0,EXPLOITATION,1
public_02,public_02_day_25,25,syn_74e0a24f3a3b7f2fbfe2298b202d08bc,syn_7cc830bf46268a150ea841a6aeac8371,FEASIBLE,0.0,1.0,EXPLOITATION,1
public_02,public_02_day_25,25,syn_f57a076753e50d87788a9f182f1fb641,syn_c47b1ab16d66c1d488e705e8255ebb01,FEASIBLE,0.0,1.0,EXPLOITATION,1
public_02,public_02_day_25,25,syn_d1d40e5694a83bf50c52e9b5a1c72bcf,syn_02599d522c48ce7f9d47ca93ce0e969b,FEASIBLE,0.0,1.0,EXPLOITATION,1
public_02,public_02_day_25,25,syn_f08a7eab3954c329d97b8ca6d495c410,syn_d16420689fdde7c0d35d130797ca9e5f,FEASIBLE,0.0,1.0,EXPLOITATION,1
public_02,public_02_day_25,25,syn_0645957284c487c64ad77f70f4198680,syn_6b287023da72ef6cb9c29b0f5643870d,FEASIBLE,0.0,1.0,EXPLOITATION,1
public_02,public_02_day_25,25,syn_e6cc7ae09a87200ef93018c566b517f2,syn_8efbdba2e69c3948ce821a428e72ec36,FEASIBLE,0.0,1.0,EXPLOITATION,1
public_02,public_02_day_25,25,syn_c58e8eb0c882695da0ed7627b3275fe8,syn_dd56e893d452e71919601782ed0489cc,FEASIBLE,0.0,1.0,EXPLORATION,0
public_02,public_02_day_25,25,syn_4ab039bc016a7f9170528808204c430f,syn_02599d522c48ce7f9d47ca93ce0e969b,FEASIBLE,0.0,1.0,EXPLOITATION,0
public_02,public_02_day_25,25,syn_f57a076753e50d87788a9f182f1fb641,syn_7cc830bf46268a150ea841a6aeac8371,FEASIBLE,0.0,1.0,EXPLOITATION,0
public_02,public_02_day_25,25,syn_fe315b98117e4d81e77e76cdab5582b5,syn_7cc830bf46268a150ea841a6aeac8371,FEASIBLE,0.0,1.0,EXPLOITATION,0
public_02,public_02_day_25,25,syn_32297fb064c264489c9e4039876f24ba,syn_7cc830bf46268a150ea841a6aeac8371,FEASIBLE,0.0,1.0,EXPLORATION,0
public_02,public_02_day_25,25,syn_7cc830bf46268a150ea841a6aeac8371,syn_1653cc8b5bd51e5da9b32ad68410ff2a,FEASIBLE,0.0,1.0,EXPLOITATION,0
public_02,public_02_day_25,25,syn_7cc830bf46268a150ea841a6aeac8371,syn_1ff70ea44da32881e17a2dfea1ff3ca3,FEASIBLE,0.0,1.0,EXPLOITATION,0
public_02,public_02_day_25,25,syn_7cc830bf46268a150ea841a6aeac8371,syn_3a86f4a1b6a07735508a880e428bee60,FEASIBLE,0.0,1.0,EXPLOITATION,0
public_02,public_02_day_26,26,syn_b648b44d01cd5170c0828409a2384c3a,syn_5fe81c19774479c8dabc6a4cfda80478,FEASIBLE,1.0,1.0,EXPLOITATION,1
public_02,public_02_day_26,26,syn_4ab039bc016a7f9170528808204c430f,syn_9e3068d8d35b9eefda160e3de29ef47f,FEASIBLE,0.8,1.0,EXPLOITATION,1
public_02,public_02_day_26,26,syn_c58e8eb0c882695da0ed7627b3275fe8,syn_3ebeda0df1a2553d085d9f96dac06445,FEASIBLE,0.75,1.0,EXPLOITATION,1
public_02,public_02_day_26,26,syn_9780271663b2599273144f180e877968,syn_df2351b216e9b989fdcdb980be123864,FEASIBLE,0.5,1.0,EXPLOITATION,1
public_02,public_02_day_26,26,syn_c317705f90a517571b63aec42fee59d2,syn_df55510630c387a8332959160eec8e4b,FEASIBLE,0.4,1.0,EXPLOITATION,1
public_02,public_02_day_26,26,syn_9a6819069e54f8e26098a5a7064afa51,syn_5901d252ec94242330ca03c8dfdc084c,FEASIBLE,0.3,1.0,EXPLOITATION,1
public_02,public_02_day_26,26,syn_6edbeb8274e40517866227d17ad53adf,syn_514d26a6c970dbaed9dfb5971b92fd98,FEASIBLE,0.2,1.0,EXPLOITATION,1
public_02,public_02_day_26,26,syn_d75df7ee5c1faa9f52135cb13ccc38b7,syn_f7b44afc75607f2f2733766a3e903373,FEASIBLE,0.0,1.0,EXPLOITATION,1
public_02,public_02_day_26,26,syn_c85c5f4b0c079ca8e30677ea1c7ee178,syn_2056609e060881f2404b3e6d30d72b1b,FEASIBLE,0.0,1.0,EXPLOITATION,1
public_02,public_02_day_26,26,syn_74e0a24f3a3b7f2fbfe2298b202d08bc,syn_7cc830bf46268a150ea841a6aeac8371,FEASIBLE,0.0,1.0,EXPLOITATION,1
public_02,public_02_day_26,26,syn_f57a076753e50d87788a9f182f1fb641,syn_c47b1ab16d66c1d488e705e8255ebb01,FEASIBLE,0.0,1.0,EXPLOITATION,1
public_02,public_02_day_26,26,syn_d1d40e5694a83bf50c52e9b5a1c72bcf,syn_02599d522c48ce7f9d47ca93ce0e969b,FEASIBLE,0.0,1.0,EXPLOITATION,1
public_02,public_02_day_26,26,syn_f08a7eab3954c329d97b8ca6d495c410,syn_d16420689fdde7c0d35d130797ca9e5f,FEASIBLE,0.0,1.0,EXPLOITATION,1
public_02,public_02_day_26,26,syn_0645957284c487c64ad77f70f4198680,syn_6b287023da72ef6cb9c29b0f5643870d,FEASIBLE,0.0,1.0,EXPLOITATION,1
public_02,public_02_day_26,26,syn_e6cc7ae09a87200ef93018c566b517f2,syn_8efbdba2e69c3948ce821a428e72ec36,FEASIBLE,0.0,1.0,EXPLOITATION,1
public_02,public_02_day_26,26,syn_4ab039bc016a7f9170528808204c430f,syn_9330dd62ae5cb5c88131d62847ed361f,FEASIBLE,0.4,1.0,EXPLOITATION,0
public_02,public_02_day_26,26,syn_c317705f90a517571b63aec42fee59d2,syn_5901d252ec94242330ca03c8dfdc084c,FEASIBLE,0.35,1.0,EXPLOITATION,0
public_02,public_02_day_26,26,syn_c317705f90a517571b63aec42fee59d2,syn_4387e89fdb0f8be8ba5e37551b474d67,FEASIBLE,0.25,1.0,EXPLORATION,0
public_02,public_02_day_26,26,syn_32297fb064c264489c9e4039876f24ba,syn_df55510630c387a8332959160eec8e4b,FEASIBLE,0.22222222222222227,1.0,EXPLORATION,0
public_02,public_02_day_26,26,syn_9e3068d8d35b9eefda160e3de29ef47f,syn_9330dd62ae5cb5c88131d62847ed361f,FEASIBLE,0.2,1.0,EXPLOITATION,0
public_02,public_02_day_26,26,syn_514d26a6c970dbaed9dfb5971b92fd98,syn_d16420689fdde7c0d35d130797ca9e5f,FEASIBLE,0.05,1.0,EXPLORATION,0
public_02,public_02_day_26,26,syn_c58e8eb0c882695da0ed7627b3275fe8,syn_dd56e893d452e71919601782ed0489cc,FEASIBLE,0.0,1.0,EXPLORATION,0
public_02,public_02_day_26,26,syn_4ab039bc016a7f9170528808204c430f,syn_02599d522c48ce7f9d47ca93ce0e969b,FEASIBLE,0.0,1.0,EXPLOITATION,0
public_02,public_02_day_26,26,syn_f57a076753e50d87788a9f182f1fb641,syn_7cc830bf46268a150ea841a6aeac8371,FEASIBLE,0.0,1.0,EXPLOITATION,0
public_02,public_02_day_26,26,syn_a68f501e9c1069329ec78eaead07c015,syn_f7b44afc75607f2f2733766a3e903373,FEASIBLE,0.0,1.0,EXPLORATION,0
public_02,public_02_day_26,26,syn_c317705f90a517571b63aec42fee59d2,syn_7cc830bf46268a150ea841a6aeac8371,FEASIBLE,0.0,1.0,EXPLOITATION,0
public_02,public_02_day_26,26,syn_fe315b98117e4d81e77e76cdab5582b5,syn_7cc830bf46268a150ea841a6aeac8371,FEASIBLE,0.0,1.0,EXPLOITATION,0
public_02,public_02_day_26,26,syn_fe315b98117e4d81e77e76cdab5582b5,syn_df55510630c387a8332959160eec8e4b,FEASIBLE,0.0,1.0,EXPLOITATION,0
public_02,public_02_day_26,26,syn_32297fb064c264489c9e4039876f24ba,syn_7cc830bf46268a150ea841a6aeac8371,FEASIBLE,0.0,1.0,EXPLORATION,0
public_02,public_02_day_26,26,syn_7cc830bf46268a150ea841a6aeac8371,syn_1653cc8b5bd51e5da9b32ad68410ff2a,FEASIBLE,0.0,1.0,EXPLOITATION,0
public_02,public_02_day_26,26,syn_7cc830bf46268a150ea841a6aeac8371,syn_df55510630c387a8332959160eec8e4b,FEASIBLE,0.0,1.0,EXPLOITATION,0
public_02,public_02_day_26,26,syn_7cc830bf46268a150ea841a6aeac8371,syn_1ff70ea44da32881e17a2dfea1ff3ca3,FEASIBLE,0.0,1.0,EXPLOITATION,0
public_02,public_02_day_26,26,syn_7cc830bf46268a150ea841a6aeac8371,syn_3a86f4a1b6a07735508a880e428bee60,FEASIBLE,0.0,1.0,EXPLOITATION,0
public_02,public_02_day_26,26,syn_514d26a6c970dbaed9dfb5971b92fd98,syn_f7b44afc75607f2f2733766a3e903373,FEASIBLE,0.0,1.0,EXPLOITATION,0
public_02,public_02_day_26,26,syn_df55510630c387a8332959160eec8e4b,syn_1ff70ea44da32881e17a2dfea1ff3ca3,FEASIBLE,0.0,1.0,EXPLORATION,0
public_02,public_02_day_27,27,syn_b648b44d01cd5170c0828409a2384c3a,syn_5fe81c19774479c8dabc6a4cfda80478,FEASIBLE,1.0,1.0,EXPLOITATION,1
public_02,public_02_day_27,27,syn_c58e8eb0c882695da0ed7627b3275fe8,syn_3ebeda0df1a2553d085d9f96dac06445,FEASIBLE,0.75,1.0,EXPLOITATION,1
public_02,public_02_day_27,27,syn_9780271663b2599273144f180e877968,syn_df2351b216e9b989fdcdb980be123864,FEASIBLE,0.5,1.0,EXPLOITATION,1
public_02,public_02_day_27,27,syn_c317705f90a517571b63aec42fee59d2,syn_df55510630c387a8332959160eec8e4b,FEASIBLE,0.4,1.0,EXPLOITATION,1
public_02,public_02_day_27,27,syn_9a6819069e54f8e26098a5a7064afa51,syn_5901d252ec94242330ca03c8dfdc084c,FEASIBLE,0.3,1.0,EXPLOITATION,1
public_02,public_02_day_27,27,syn_6edbeb8274e40517866227d17ad53adf,syn_514d26a6c970dbaed9dfb5971b92fd98,FEASIBLE,0.2,1.0,EXPLOITATION,1
public_02,public_02_day_27,27,syn_d75df7ee5c1faa9f52135cb13ccc38b7,syn_f7b44afc75607f2f2733766a3e903373,FEASIBLE,0.0,1.0,EXPLOITATION,1
public_02,public_02_day_27,27,syn_c85c5f4b0c079ca8e30677ea1c7ee178,syn_2056609e060881f2404b3e6d30d72b1b,FEASIBLE,0.0,1.0,EXPLOITATION,1
public_02,public_02_day_27,27,syn_74e0a24f3a3b7f2fbfe2298b202d08bc,syn_7cc830bf46268a150ea841a6aeac8371,FEASIBLE,0.0,1.0,EXPLOITATION,1
public_02,public_02_day_27,27,syn_f57a076753e50d87788a9f182f1fb641,syn_c47b1ab16d66c1d488e705e8255ebb01,FEASIBLE,0.0,1.0,EXPLOITATION,1
public_02,public_02_day_27,27,syn_d1d40e5694a83bf50c52e9b5a1c72bcf,syn_02599d522c48ce7f9d47ca93ce0e969b,FEASIBLE,0.0,1.0,EXPLOITATION,1
public_02,public_02_day_27,27,syn_f08a7eab3954c329d97b8ca6d495c410,syn_d16420689fdde7c0d35d130797ca9e5f,FEASIBLE,0.0,1.0,EXPLOITATION,1
public_02,public_02_day_27,27,syn_0645957284c487c64ad77f70f4198680,syn_6b287023da72ef6cb9c29b0f5643870d,FEASIBLE,0.0,1.0,EXPLOITATION,1
public_02,public_02_day_27,27,syn_e6cc7ae09a87200ef93018c566b517f2,syn_8efbdba2e69c3948ce821a428e72ec36,FEASIBLE,0.0,1.0,EXPLOITATION,1
public_02,public_02_day_27,27,syn_c317705f90a517571b63aec42fee59d2,syn_5901d252ec94242330ca03c8dfdc084c,FEASIBLE,0.35,1.0,EXPLOITATION,0
public_02,public_02_day_27,27,syn_c317705f90a517571b63aec42fee59d2,syn_4387e89fdb0f8be8ba5e37551b474d67,FEASIBLE,0.25,1.0,EXPLORATION,0
public_02,public_02_day_27,27,syn_32297fb064c264489c9e4039876f24ba,syn_df55510630c387a8332959160eec8e4b,FEASIBLE,0.22222222222222227,1.0,EXPLORATION,0
public_02,public_02_day_27,27,syn_514d26a6c970dbaed9dfb5971b92fd98,syn_d16420689fdde7c0d35d130797ca9e5f,FEASIBLE,0.05,1.0,EXPLORATION,0
public_02,public_02_day_27,27,syn_c58e8eb0c882695da0ed7627b3275fe8,syn_dd56e893d452e71919601782ed0489cc,FEASIBLE,0.0,1.0,EXPLORATION,0
public_02,public_02_day_27,27,syn_f57a076753e50d87788a9f182f1fb641,syn_7cc830bf46268a150ea841a6aeac8371,FEASIBLE,0.0,1.0,EXPLOITATION,0
public_02,public_02_day_27,27,syn_a68f501e9c1069329ec78eaead07c015,syn_f7b44afc75607f2f2733766a3e903373,FEASIBLE,0.0,1.0,EXPLORATION,0
public_02,public_02_day_27,27,syn_c317705f90a517571b63aec42fee59d2,syn_7cc830bf46268a150ea841a6aeac8371,FEASIBLE,0.0,1.0,EXPLOITATION,0
public_02,public_02_day_27,27,syn_fe315b98117e4d81e77e76cdab5582b5,syn_7cc830bf46268a150ea841a6aeac8371,FEASIBLE,0.0,1.0,EXPLOITATION,0
public_02,public_02_day_27,27,syn_fe315b98117e4d81e77e76cdab5582b5,syn_df55510630c387a8332959160eec8e4b,FEASIBLE,0.0,1.0,EXPLOITATION,0
public_02,public_02_day_27,27,syn_32297fb064c264489c9e4039876f24ba,syn_7cc830bf46268a150ea841a6aeac8371,FEASIBLE,0.0,1.0,EXPLORATION,0
public_02,public_02_day_27,27,syn_7cc830bf46268a150ea841a6aeac8371,syn_1653cc8b5bd51e5da9b32ad68410ff2a,FEASIBLE,0.0,1.0,EXPLOITATION,0
public_02,public_02_day_27,27,syn_7cc830bf46268a150ea841a6aeac8371,syn_df55510630c387a8332959160eec8e4b,FEASIBLE,0.0,1.0,EXPLOITATION,0
public_02,public_02_day_27,27,syn_7cc830bf46268a150ea841a6aeac8371,syn_1ff70ea44da32881e17a2dfea1ff3ca3,FEASIBLE,0.0,1.0,EXPLOITATION,0
public_02,public_02_day_27,27,syn_7cc830bf46268a150ea841a6aeac8371,syn_3a86f4a1b6a07735508a880e428bee60,FEASIBLE,0.0,1.0,EXPLOITATION,0
public_02,public_02_day_27,27,syn_514d26a6c970dbaed9dfb5971b92fd98,syn_f7b44afc75607f2f2733766a3e903373,FEASIBLE,0.0,1.0,EXPLOITATION,0
public_02,public_02_day_27,27,syn_df55510630c387a8332959160eec8e4b,syn_1ff70ea44da32881e17a2dfea1ff3ca3,FEASIBLE,0.0,1.0,EXPLORATION,0
public_02,public_02_day_28,28,syn_b648b44d01cd5170c0828409a2384c3a,syn_5fe81c19774479c8dabc6a4cfda80478,FEASIBLE,1.0,1.0,EXPLOITATION,1
public_02,public_02_day_28,28,syn_c58e8eb0c882695da0ed7627b3275fe8,syn_3ebeda0df1a2553d085d9f96dac06445,FEASIBLE,0.75,1.0,EXPLOITATION,1
public_02,public_02_day_28,28,syn_9780271663b2599273144f180e877968,syn_df2351b216e9b989fdcdb980be123864,FEASIBLE,0.5,1.0,EXPLOITATION,1
public_02,public_02_day_28,28,syn_9a6819069e54f8e26098a5a7064afa51,syn_5901d252ec94242330ca03c8dfdc084c,FEASIBLE,0.3,1.0,EXPLOITATION,1
public_02,public_02_day_28,28,syn_6edbeb8274e40517866227d17ad53adf,syn_514d26a6c970dbaed9dfb5971b92fd98,FEASIBLE,0.2,1.0,EXPLOITATION,1
public_02,public_02_day_28,28,syn_d75df7ee5c1faa9f52135cb13ccc38b7,syn_f7b44afc75607f2f2733766a3e903373,FEASIBLE,0.0,1.0,EXPLOITATION,1
public_02,public_02_day_28,28,syn_c85c5f4b0c079ca8e30677ea1c7ee178,syn_2056609e060881f2404b3e6d30d72b1b,FEASIBLE,0.0,1.0,EXPLOITATION,1
public_02,public_02_day_28,28,syn_f57a076753e50d87788a9f182f1fb641,syn_c47b1ab16d66c1d488e705e8255ebb01,FEASIBLE,0.0,1.0,EXPLOITATION,1
public_02,public_02_day_28,28,syn_d1d40e5694a83bf50c52e9b5a1c72bcf,syn_02599d522c48ce7f9d47ca93ce0e969b,FEASIBLE,0.0,1.0,EXPLOITATION,1
public_02,public_02_day_28,28,syn_f08a7eab3954c329d97b8ca6d495c410,syn_d16420689fdde7c0d35d130797ca9e5f,FEASIBLE,0.0,1.0,EXPLOITATION,1
public_02,public_02_day_28,28,syn_0645957284c487c64ad77f70f4198680,syn_6b287023da72ef6cb9c29b0f5643870d,FEASIBLE,0.0,1.0,EXPLOITATION,1
public_02,public_02_day_28,28,syn_e6cc7ae09a87200ef93018c566b517f2,syn_8efbdba2e69c3948ce821a428e72ec36,FEASIBLE,0.0,1.0,EXPLOITATION,1
public_02,public_02_day_28,28,syn_514d26a6c970dbaed9dfb5971b92fd98,syn_d16420689fdde7c0d35d130797ca9e5f,FEASIBLE,0.05,1.0,EXPLORATION,0
public_02,public_02_day_28,28,syn_c58e8eb0c882695da0ed7627b3275fe8,syn_dd56e893d452e71919601782ed0489cc,FEASIBLE,0.0,1.0,EXPLORATION,0
public_02,public_02_day_28,28,syn_a68f501e9c1069329ec78eaead07c015,syn_f7b44afc75607f2f2733766a3e903373,FEASIBLE,0.0,1.0,EXPLORATION,0
public_02,public_02_day_28,28,syn_514d26a6c970dbaed9dfb5971b92fd98,syn_f7b44afc75607f2f2733766a3e903373,FEASIBLE,0.0,1.0,EXPLOITATION,0
public_02,public_02_day_29,29,syn_b648b44d01cd5170c0828409a2384c3a,syn_5fe81c19774479c8dabc6a4cfda80478,FEASIBLE,1.0,1.0,EXPLOITATION,1
public_02,public_02_day_29,29,syn_c58e8eb0c882695da0ed7627b3275fe8,syn_3ebeda0df1a2553d085d9f96dac06445,FEASIBLE,0.75,1.0,EXPLOITATION,1
public_02,public_02_day_29,29,syn_9780271663b2599273144f180e877968,syn_df2351b216e9b989fdcdb980be123864,FEASIBLE,0.5,1.0,EXPLOITATION,1
public_02,public_02_day_29,29,syn_9a6819069e54f8e26098a5a7064afa51,syn_5901d252ec94242330ca03c8dfdc084c,FEASIBLE,0.3,1.0,EXPLOITATION,1
public_02,public_02_day_29,29,syn_6edbeb8274e40517866227d17ad53adf,syn_514d26a6c970dbaed9dfb5971b92fd98,FEASIBLE,0.2,1.0,EXPLOITATION,1
public_02,public_02_day_29,29,syn_d75df7ee5c1faa9f52135cb13ccc38b7,syn_f7b44afc75607f2f2733766a3e903373,FEASIBLE,0.0,1.0,EXPLOITATION,1
public_02,public_02_day_29,29,syn_c85c5f4b0c079ca8e30677ea1c7ee178,syn_2056609e060881f2404b3e6d30d72b1b,FEASIBLE,0.0,1.0,EXPLOITATION,1
public_02,public_02_day_29,29,syn_f57a076753e50d87788a9f182f1fb641,syn_c47b1ab16d66c1d488e705e8255ebb01,FEASIBLE,0.0,1.0,EXPLOITATION,1
public_02,public_02_day_29,29,syn_d1d40e5694a83bf50c52e9b5a1c72bcf,syn_02599d522c48ce7f9d47ca93ce0e969b,FEASIBLE,0.0,1.0,EXPLOITATION,1
public_02,public_02_day_29,29,syn_f08a7eab3954c329d97b8ca6d495c410,syn_d16420689fdde7c0d35d130797ca9e5f,FEASIBLE,0.0,1.0,EXPLOITATION,1
public_02,public_02_day_29,29,syn_0645957284c487c64ad77f70f4198680,syn_6b287023da72ef6cb9c29b0f5643870d,FEASIBLE,0.0,1.0,EXPLOITATION,1
public_02,public_02_day_29,29,syn_e6cc7ae09a87200ef93018c566b517f2,syn_8efbdba2e69c3948ce821a428e72ec36,FEASIBLE,0.0,1.0,EXPLOITATION,1
public_02,public_02_day_29,29,syn_514d26a6c970dbaed9dfb5971b92fd98,syn_d16420689fdde7c0d35d130797ca9e5f,FEASIBLE,0.05,1.0,EXPLORATION,0
public_02,public_02_day_29,29,syn_c58e8eb0c882695da0ed7627b3275fe8,syn_dd56e893d452e71919601782ed0489cc,FEASIBLE,0.0,1.0,EXPLORATION,0
public_02,public_02_day_29,29,syn_a68f501e9c1069329ec78eaead07c015,syn_f7b44afc75607f2f2733766a3e903373,FEASIBLE,0.0,1.0,EXPLORATION,0
public_02,public_02_day_29,29,syn_514d26a6c970dbaed9dfb5971b92fd98,syn_f7b44afc75607f2f2733766a3e903373,FEASIBLE,0.0,1.0,EXPLOITATION,0
public_02,public_02_day_30,30,syn_b648b44d01cd5170c0828409a2384c3a,syn_5fe81c19774479c8dabc6a4cfda80478,FEASIBLE,1.0,1.0,EXPLOITATION,1
public_02,public_02_day_30,30,syn_32297fb064c264489c9e4039876f24ba,syn_e77fb3ea136541875ef0d0ed5153426c,FEASIBLE,1.0,1.0,EXPLOITATION,1
public_02,public_02_day_30,30,syn_4ab039bc016a7f9170528808204c430f,syn_9e3068d8d35b9eefda160e3de29ef47f,FEASIBLE,0.8,1.0,EXPLOITATION,1
public_02,public_02_day_30,30,syn_c58e8eb0c882695da0ed7627b3275fe8,syn_3ebeda0df1a2553d085d9f96dac06445,FEASIBLE,0.75,1.0,EXPLOITATION,1
public_02,public_02_day_30,30,syn_9780271663b2599273144f180e877968,syn_df2351b216e9b989fdcdb980be123864,FEASIBLE,0.5,1.0,EXPLOITATION,1
public_02,public_02_day_30,30,syn_123815248e2a76967ece217db6a1c911,syn_df55510630c387a8332959160eec8e4b,FEASIBLE,0.5,1.0,EXPLOITATION,1
public_02,public_02_day_30,30,syn_9a6819069e54f8e26098a5a7064afa51,syn_5901d252ec94242330ca03c8dfdc084c,FEASIBLE,0.3,1.0,EXPLOITATION,1
public_02,public_02_day_30,30,syn_6edbeb8274e40517866227d17ad53adf,syn_514d26a6c970dbaed9dfb5971b92fd98,FEASIBLE,0.2,1.0,EXPLOITATION,1
public_02,public_02_day_30,30,syn_d75df7ee5c1faa9f52135cb13ccc38b7,syn_f7b44afc75607f2f2733766a3e903373,FEASIBLE,0.0,1.0,EXPLOITATION,1
public_02,public_02_day_30,30,syn_c85c5f4b0c079ca8e30677ea1c7ee178,syn_2056609e060881f2404b3e6d30d72b1b,FEASIBLE,0.0,1.0,EXPLOITATION,1
public_02,public_02_day_30,30,syn_f57a076753e50d87788a9f182f1fb641,syn_c47b1ab16d66c1d488e705e8255ebb01,FEASIBLE,0.0,1.0,EXPLOITATION,1
public_02,public_02_day_30,30,syn_d1d40e5694a83bf50c52e9b5a1c72bcf,syn_02599d522c48ce7f9d47ca93ce0e969b,FEASIBLE,0.0,1.0,EXPLOITATION,1
public_02,public_02_day_30,30,syn_f08a7eab3954c329d97b8ca6d495c410,syn_d16420689fdde7c0d35d130797ca9e5f,FEASIBLE,0.0,1.0,EXPLOITATION,1
public_02,public_02_day_30,30,syn_0645957284c487c64ad77f70f4198680,syn_6b287023da72ef6cb9c29b0f5643870d,FEASIBLE,0.0,1.0,EXPLOITATION,1
public_02,public_02_day_30,30,syn_e6cc7ae09a87200ef93018c566b517f2,syn_8efbdba2e69c3948ce821a428e72ec36,FEASIBLE,0.0,1.0,EXPLOITATION,1
public_02,public_02_day_30,30,syn_4ab039bc016a7f9170528808204c430f,syn_e77fb3ea136541875ef0d0ed5153426c,FEASIBLE,0.85,1.0,EXPLOITATION,0
public_02,public_02_day_30,30,syn_4ab039bc016a7f9170528808204c430f,syn_9330dd62ae5cb5c88131d62847ed361f,FEASIBLE,0.4,1.0,EXPLOITATION,0
public_02,public_02_day_30,30,syn_32297fb064c264489c9e4039876f24ba,syn_df55510630c387a8332959160eec8e4b,FEASIBLE,0.22222222222222227,1.0,EXPLORATION,0
public_02,public_02_day_30,30,syn_9e3068d8d35b9eefda160e3de29ef47f,syn_9330dd62ae5cb5c88131d62847ed361f,FEASIBLE,0.2,1.0,EXPLOITATION,0
public_02,public_02_day_30,30,syn_514d26a6c970dbaed9dfb5971b92fd98,syn_d16420689fdde7c0d35d130797ca9e5f,FEASIBLE,0.05,1.0,EXPLORATION,0
public_02,public_02_day_30,30,syn_c58e8eb0c882695da0ed7627b3275fe8,syn_dd56e893d452e71919601782ed0489cc,FEASIBLE,0.0,1.0,EXPLORATION,0
public_02,public_02_day_30,30,syn_4ab039bc016a7f9170528808204c430f,syn_02599d522c48ce7f9d47ca93ce0e969b,FEASIBLE,0.0,1.0,EXPLOITATION,0
public_02,public_02_day_30,30,syn_a68f501e9c1069329ec78eaead07c015,syn_f7b44afc75607f2f2733766a3e903373,FEASIBLE,0.0,1.0,EXPLORATION,0
public_02,public_02_day_30,30,syn_fe315b98117e4d81e77e76cdab5582b5,syn_df55510630c387a8332959160eec8e4b,FEASIBLE,0.0,1.0,EXPLOITATION,0
public_02,public_02_day_30,30,syn_514d26a6c970dbaed9dfb5971b92fd98,syn_f7b44afc75607f2f2733766a3e903373,FEASIBLE,0.0,1.0,EXPLOITATION,0
public_02,public_02_day_33,33,syn_b648b44d01cd5170c0828409a2384c3a,syn_5fe81c19774479c8dabc6a4cfda80478,FEASIBLE,1.0,1.0,EXPLOITATION,1
public_02,public_02_day_33,33,syn_32297fb064c264489c9e4039876f24ba,syn_e77fb3ea136541875ef0d0ed5153426c,FEASIBLE,1.0,1.0,EXPLOITATION,1
public_02,public_02_day_33,33,syn_4ab039bc016a7f9170528808204c430f,syn_9e3068d8d35b9eefda160e3de29ef47f,FEASIBLE,0.8,1.0,EXPLOITATION,1
public_02,public_02_day_33,33,syn_c58e8eb0c882695da0ed7627b3275fe8,syn_3ebeda0df1a2553d085d9f96dac06445,FEASIBLE,0.75,1.0,EXPLOITATION,1
public_02,public_02_day_33,33,syn_9780271663b2599273144f180e877968,syn_df2351b216e9b989fdcdb980be123864,FEASIBLE,0.5,1.0,EXPLOITATION,1
public_02,public_02_day_33,33,syn_123815248e2a76967ece217db6a1c911,syn_df55510630c387a8332959160eec8e4b,FEASIBLE,0.5,1.0,EXPLOITATION,1
public_02,public_02_day_33,33,syn_9a6819069e54f8e26098a5a7064afa51,syn_5901d252ec94242330ca03c8dfdc084c,FEASIBLE,0.3,1.0,EXPLOITATION,1
public_02,public_02_day_33,33,syn_6edbeb8274e40517866227d17ad53adf,syn_514d26a6c970dbaed9dfb5971b92fd98,FEASIBLE,0.2,1.0,EXPLOITATION,1
public_02,public_02_day_33,33,syn_d75df7ee5c1faa9f52135cb13ccc38b7,syn_f7b44afc75607f2f2733766a3e903373,FEASIBLE,0.0,1.0,EXPLOITATION,1
public_02,public_02_day_33,33,syn_c85c5f4b0c079ca8e30677ea1c7ee178,syn_2056609e060881f2404b3e6d30d72b1b,FEASIBLE,0.0,1.0,EXPLOITATION,1
public_02,public_02_day_33,33,syn_f57a076753e50d87788a9f182f1fb641,syn_c47b1ab16d66c1d488e705e8255ebb01,FEASIBLE,0.0,1.0,EXPLOITATION,1
public_02,public_02_day_33,33,syn_d1d40e5694a83bf50c52e9b5a1c72bcf,syn_02599d522c48ce7f9d47ca93ce0e969b,FEASIBLE,0.0,1.0,EXPLOITATION,1
public_02,public_02_day_33,33,syn_f08a7eab3954c329d97b8ca6d495c410,syn_d16420689fdde7c0d35d130797ca9e5f,FEASIBLE,0.0,1.0,EXPLOITATION,1
public_02,public_02_day_33,33,syn_0645957284c487c64ad77f70f4198680,syn_6b287023da72ef6cb9c29b0f5643870d,FEASIBLE,0.0,1.0,EXPLOITATION,1
public_02,public_02_day_33,33,syn_e6cc7ae09a87200ef93018c566b517f2,syn_8efbdba2e69c3948ce821a428e72ec36,FEASIBLE,0.0,1.0,EXPLOITATION,1
public_02,public_02_day_33,33,syn_4ab039bc016a7f9170528808204c430f,syn_e77fb3ea136541875ef0d0ed5153426c,FEASIBLE,0.85,1.0,EXPLOITATION,0
public_02,public_02_day_33,33,syn_4ab039bc016a7f9170528808204c430f,syn_9330dd62ae5cb5c88131d62847ed361f,FEASIBLE,0.4,1.0,EXPLOITATION,0
public_02,public_02_day_33,33,syn_32297fb064c264489c9e4039876f24ba,syn_df55510630c387a8332959160eec8e4b,FEASIBLE,0.22222222222222227,1.0,EXPLORATION,0
public_02,public_02_day_33,33,syn_9e3068d8d35b9eefda160e3de29ef47f,syn_9330dd62ae5cb5c88131d62847ed361f,FEASIBLE,0.2,1.0,EXPLOITATION,0
public_02,public_02_day_33,33,syn_514d26a6c970dbaed9dfb5971b92fd98,syn_d16420689fdde7c0d35d130797ca9e5f,FEASIBLE,0.05,1.0,EXPLORATION,0
public_02,public_02_day_33,33,syn_c58e8eb0c882695da0ed7627b3275fe8,syn_dd56e893d452e71919601782ed0489cc,FEASIBLE,0.0,1.0,EXPLORATION,0
public_02,public_02_day_33,33,syn_4ab039bc016a7f9170528808204c430f,syn_02599d522c48ce7f9d47ca93ce0e969b,FEASIBLE,0.0,1.0,EXPLOITATION,0
public_02,public_02_day_33,33,syn_a68f501e9c1069329ec78eaead07c015,syn_f7b44afc75607f2f2733766a3e903373,FEASIBLE,0.0,1.0,EXPLORATION,0
public_02,public_02_day_33,33,syn_fe315b98117e4d81e77e76cdab5582b5,syn_df55510630c387a8332959160eec8e4b,FEASIBLE,0.0,1.0,EXPLOITATION,0
public_02,public_02_day_33,33,syn_514d26a6c970dbaed9dfb5971b92fd98,syn_f7b44afc75607f2f2733766a3e903373,FEASIBLE,0.0,1.0,EXPLOITATION,0
public_02,public_02_day_34,34,syn_b648b44d01cd5170c0828409a2384c3a,syn_5fe81c19774479c8dabc6a4cfda80478,FEASIBLE,1.0,1.0,EXPLOITATION,1
public_02,public_02_day_34,34,syn_32297fb064c264489c9e4039876f24ba,syn_e77fb3ea136541875ef0d0ed5153426c,FEASIBLE,1.0,1.0,EXPLOITATION,1
public_02,public_02_day_34,34,syn_4ab039bc016a7f9170528808204c430f,syn_9e3068d8d35b9eefda160e3de29ef47f,FEASIBLE,0.8,1.0,EXPLOITATION,1
public_02,public_02_day_34,34,syn_c58e8eb0c882695da0ed7627b3275fe8,syn_3ebeda0df1a2553d085d9f96dac06445,FEASIBLE,0.75,1.0,EXPLOITATION,1
public_02,public_02_day_34,34,syn_9780271663b2599273144f180e877968,syn_df2351b216e9b989fdcdb980be123864,FEASIBLE,0.5,1.0,EXPLOITATION,1
public_02,public_02_day_34,34,syn_123815248e2a76967ece217db6a1c911,syn_df55510630c387a8332959160eec8e4b,FEASIBLE,0.5,1.0,EXPLOITATION,1
public_02,public_02_day_34,34,syn_9a6819069e54f8e26098a5a7064afa51,syn_5901d252ec94242330ca03c8dfdc084c,FEASIBLE,0.3,1.0,EXPLOITATION,1
public_02,public_02_day_34,34,syn_6edbeb8274e40517866227d17ad53adf,syn_514d26a6c970dbaed9dfb5971b92fd98,FEASIBLE,0.2,1.0,EXPLOITATION,1
public_02,public_02_day_34,34,syn_d75df7ee5c1faa9f52135cb13ccc38b7,syn_f7b44afc75607f2f2733766a3e903373,FEASIBLE,0.0,1.0,EXPLOITATION,1
public_02,public_02_day_34,34,syn_c85c5f4b0c079ca8e30677ea1c7ee178,syn_2056609e060881f2404b3e6d30d72b1b,FEASIBLE,0.0,1.0,EXPLOITATION,1
public_02,public_02_day_34,34,syn_f57a076753e50d87788a9f182f1fb641,syn_c47b1ab16d66c1d488e705e8255ebb01,FEASIBLE,0.0,1.0,EXPLOITATION,1
public_02,public_02_day_34,34,syn_d1d40e5694a83bf50c52e9b5a1c72bcf,syn_02599d522c48ce7f9d47ca93ce0e969b,FEASIBLE,0.0,1.0,EXPLOITATION,1
public_02,public_02_day_34,34,syn_f08a7eab3954c329d97b8ca6d495c410,syn_d16420689fdde7c0d35d130797ca9e5f,FEASIBLE,0.0,1.0,EXPLOITATION,1
public_02,public_02_day_34,34,syn_0645957284c487c64ad77f70f4198680,syn_6b287023da72ef6cb9c29b0f5643870d,FEASIBLE,0.0,1.0,EXPLOITATION,1
public_02,public_02_day_34,34,syn_e6cc7ae09a87200ef93018c566b517f2,syn_8efbdba2e69c3948ce821a428e72ec36,FEASIBLE,0.0,1.0,EXPLOITATION,1
public_02,public_02_day_34,34,syn_4ab039bc016a7f9170528808204c430f,syn_e77fb3ea136541875ef0d0ed5153426c,FEASIBLE,0.85,1.0,EXPLOITATION,0
public_02,public_02_day_34,34,syn_4ab039bc016a7f9170528808204c430f,syn_9330dd62ae5cb5c88131d62847ed361f,FEASIBLE,0.4,1.0,EXPLOITATION,0
public_02,public_02_day_34,34,syn_32297fb064c264489c9e4039876f24ba,syn_df55510630c387a8332959160eec8e4b,FEASIBLE,0.22222222222222227,1.0,EXPLORATION,0
public_02,public_02_day_34,34,syn_9e3068d8d35b9eefda160e3de29ef47f,syn_9330dd62ae5cb5c88131d62847ed361f,FEASIBLE,0.2,1.0,EXPLOITATION,0
public_02,public_02_day_34,34,syn_514d26a6c970dbaed9dfb5971b92fd98,syn_d16420689fdde7c0d35d130797ca9e5f,FEASIBLE,0.05,1.0,EXPLORATION,0
public_02,public_02_day_34,34,syn_c58e8eb0c882695da0ed7627b3275fe8,syn_dd56e893d452e71919601782ed0489cc,FEASIBLE,0.0,1.0,EXPLORATION,0
public_02,public_02_day_34,34,syn_4ab039bc016a7f9170528808204c430f,syn_02599d522c48ce7f9d47ca93ce0e969b,FEASIBLE,0.0,1.0,EXPLOITATION,0
public_02,public_02_day_34,34,syn_a68f501e9c1069329ec78eaead07c015,syn_f7b44afc75607f2f2733766a3e903373,FEASIBLE,0.0,1.0,EXPLORATION,0
public_02,public_02_day_34,34,syn_fe315b98117e4d81e77e76cdab5582b5,syn_df55510630c387a8332959160eec8e4b,FEASIBLE,0.0,1.0,EXPLOITATION,0
public_02,public_02_day_34,34,syn_514d26a6c970dbaed9dfb5971b92fd98,syn_f7b44afc75607f2f2733766a3e903373,FEASIBLE,0.0,1.0,EXPLOITATION,0
public_02,public_02_day_35,35,syn_b648b44d01cd5170c0828409a2384c3a,syn_5fe81c19774479c8dabc6a4cfda80478,FEASIBLE,1.0,1.0,EXPLOITATION,1
public_02,public_02_day_35,35,syn_32297fb064c264489c9e4039876f24ba,syn_e77fb3ea136541875ef0d0ed5153426c,FEASIBLE,1.0,1.0,EXPLOITATION,1
public_02,public_02_day_35,35,syn_4ab039bc016a7f9170528808204c430f,syn_9e3068d8d35b9eefda160e3de29ef47f,FEASIBLE,0.8,1.0,EXPLOITATION,1
public_02,public_02_day_35,35,syn_c58e8eb0c882695da0ed7627b3275fe8,syn_3ebeda0df1a2553d085d9f96dac06445,FEASIBLE,0.75,1.0,EXPLOITATION,1
public_02,public_02_day_35,35,syn_9780271663b2599273144f180e877968,syn_df2351b216e9b989fdcdb980be123864,FEASIBLE,0.5,1.0,EXPLOITATION,1
public_02,public_02_day_35,35,syn_123815248e2a76967ece217db6a1c911,syn_df55510630c387a8332959160eec8e4b,FEASIBLE,0.5,1.0,EXPLOITATION,1
public_02,public_02_day_35,35,syn_9a6819069e54f8e26098a5a7064afa51,syn_5901d252ec94242330ca03c8dfdc084c,FEASIBLE,0.3,1.0,EXPLOITATION,1
public_02,public_02_day_35,35,syn_6edbeb8274e40517866227d17ad53adf,syn_514d26a6c970dbaed9dfb5971b92fd98,FEASIBLE,0.2,1.0,EXPLOITATION,1
public_02,public_02_day_35,35,syn_d75df7ee5c1faa9f52135cb13ccc38b7,syn_f7b44afc75607f2f2733766a3e903373,FEASIBLE,0.0,1.0,EXPLOITATION,1
public_02,public_02_day_35,35,syn_c85c5f4b0c079ca8e30677ea1c7ee178,syn_2056609e060881f2404b3e6d30d72b1b,FEASIBLE,0.0,1.0,EXPLOITATION,1
public_02,public_02_day_35,35,syn_f57a076753e50d87788a9f182f1fb641,syn_c47b1ab16d66c1d488e705e8255ebb01,FEASIBLE,0.0,1.0,EXPLOITATION,1
public_02,public_02_day_35,35,syn_d1d40e5694a83bf50c52e9b5a1c72bcf,syn_02599d522c48ce7f9d47ca93ce0e969b,FEASIBLE,0.0,1.0,EXPLOITATION,1
public_02,public_02_day_35,35,syn_f08a7eab3954c329d97b8ca6d495c410,syn_d16420689fdde7c0d35d130797ca9e5f,FEASIBLE,0.0,1.0,EXPLOITATION,1
public_02,public_02_day_35,35,syn_0645957284c487c64ad77f70f4198680,syn_6b287023da72ef6cb9c29b0f5643870d,FEASIBLE,0.0,1.0,EXPLOITATION,1
public_02,public_02_day_35,35,syn_e6cc7ae09a87200ef93018c566b517f2,syn_8efbdba2e69c3948ce821a428e72ec36,FEASIBLE,0.0,1.0,EXPLOITATION,1
public_02,public_02_day_35,35,syn_4ab039bc016a7f9170528808204c430f,syn_e77fb3ea136541875ef0d0ed5153426c,FEASIBLE,0.85,1.0,EXPLOITATION,0
public_02,public_02_day_35,35,syn_4ab039bc016a7f9170528808204c430f,syn_9330dd62ae5cb5c88131d62847ed361f,FEASIBLE,0.4,1.0,EXPLOITATION,0
public_02,public_02_day_35,35,syn_32297fb064c264489c9e4039876f24ba,syn_df55510630c387a8332959160eec8e4b,FEASIBLE,0.22222222222222227,1.0,EXPLORATION,0
public_02,public_02_day_35,35,syn_9e3068d8d35b9eefda160e3de29ef47f,syn_9330dd62ae5cb5c88131d62847ed361f,FEASIBLE,0.2,1.0,EXPLOITATION,0
public_02,public_02_day_35,35,syn_514d26a6c970dbaed9dfb5971b92fd98,syn_d16420689fdde7c0d35d130797ca9e5f,FEASIBLE,0.05,1.0,EXPLORATION,0
public_02,public_02_day_35,35,syn_c58e8eb0c882695da0ed7627b3275fe8,syn_dd56e893d452e71919601782ed0489cc,FEASIBLE,0.0,1.0,EXPLORATION,0
public_02,public_02_day_35,35,syn_4ab039bc016a7f9170528808204c430f,syn_02599d522c48ce7f9d47ca93ce0e969b,FEASIBLE,0.0,1.0,EXPLOITATION,0
public_02,public_02_day_35,35,syn_a68f501e9c1069329ec78eaead07c015,syn_f7b44afc75607f2f2733766a3e903373,FEASIBLE,0.0,1.0,EXPLORATION,0
public_02,public_02_day_35,35,syn_fe315b98117e4d81e77e76cdab5582b5,syn_df55510630c387a8332959160eec8e4b,FEASIBLE,0.0,1.0,EXPLOITATION,0
public_02,public_02_day_35,35,syn_514d26a6c970dbaed9dfb5971b92fd98,syn_f7b44afc75607f2f2733766a3e903373,FEASIBLE,0.0,1.0,EXPLOITATION,0
public_02,public_02_day_36,36,syn_b648b44d01cd5170c0828409a2384c3a,syn_5fe81c19774479c8dabc6a4cfda80478,FEASIBLE,1.0,1.0,EXPLOITATION,1
public_02,public_02_day_36,36,syn_32297fb064c264489c9e4039876f24ba,syn_e77fb3ea136541875ef0d0ed5153426c,FEASIBLE,1.0,1.0,EXPLOITATION,1
public_02,public_02_day_36,36,syn_4ab039bc016a7f9170528808204c430f,syn_9e3068d8d35b9eefda160e3de29ef47f,FEASIBLE,0.8,1.0,EXPLOITATION,1
public_02,public_02_day_36,36,syn_c58e8eb0c882695da0ed7627b3275fe8,syn_3ebeda0df1a2553d085d9f96dac06445,FEASIBLE,0.75,1.0,EXPLOITATION,1
public_02,public_02_day_36,36,syn_9780271663b2599273144f180e877968,syn_df2351b216e9b989fdcdb980be123864,FEASIBLE,0.5,1.0,EXPLOITATION,1
public_02,public_02_day_36,36,syn_123815248e2a76967ece217db6a1c911,syn_df55510630c387a8332959160eec8e4b,FEASIBLE,0.5,1.0,EXPLOITATION,1
public_02,public_02_day_36,36,syn_c317705f90a517571b63aec42fee59d2,syn_5901d252ec94242330ca03c8dfdc084c,FEASIBLE,0.35,1.0,EXPLOITATION,1
public_02,public_02_day_36,36,syn_6edbeb8274e40517866227d17ad53adf,syn_514d26a6c970dbaed9dfb5971b92fd98,FEASIBLE,0.2,1.0,EXPLOITATION,1
public_02,public_02_day_36,36,syn_d75df7ee5c1faa9f52135cb13ccc38b7,syn_f7b44afc75607f2f2733766a3e903373,FEASIBLE,0.0,1.0,EXPLOITATION,1
public_02,public_02_day_36,36,syn_c85c5f4b0c079ca8e30677ea1c7ee178,syn_2056609e060881f2404b3e6d30d72b1b,FEASIBLE,0.0,1.0,EXPLOITATION,1
public_02,public_02_day_36,36,syn_74e0a24f3a3b7f2fbfe2298b202d08bc,syn_7cc830bf46268a150ea841a6aeac8371,FEASIBLE,0.0,1.0,EXPLOITATION,1
public_02,public_02_day_36,36,syn_f57a076753e50d87788a9f182f1fb641,syn_c47b1ab16d66c1d488e705e8255ebb01,FEASIBLE,0.0,1.0,EXPLOITATION,1
public_02,public_02_day_36,36,syn_d1d40e5694a83bf50c52e9b5a1c72bcf,syn_02599d522c48ce7f9d47ca93ce0e969b,FEASIBLE,0.0,1.0,EXPLOITATION,1
public_02,public_02_day_36,36,syn_f08a7eab3954c329d97b8ca6d495c410,syn_d16420689fdde7c0d35d130797ca9e5f,FEASIBLE,0.0,1.0,EXPLOITATION,1
public_02,public_02_day_36,36,syn_576b0b21e0dbd7a6bfdf295c4ff7fad8,syn_1653cc8b5bd51e5da9b32ad68410ff2a,FEASIBLE,0.0,1.0,EXPLOITATION,1
public_02,public_02_day_36,36,syn_0645957284c487c64ad77f70f4198680,syn_6b287023da72ef6cb9c29b0f5643870d,FEASIBLE,0.0,1.0,EXPLOITATION,1
public_02,public_02_day_36,36,syn_e6cc7ae09a87200ef93018c566b517f2,syn_8efbdba2e69c3948ce821a428e72ec36,FEASIBLE,0.0,1.0,EXPLOITATION,1
public_02,public_02_day_36,36,syn_576b0b21e0dbd7a6bfdf295c4ff7fad8,syn_e77fb3ea136541875ef0d0ed5153426c,FEASIBLE,1.0,1.0,EXPLORATION,0
public_02,public_02_day_36,36,syn_4ab039bc016a7f9170528808204c430f,syn_e77fb3ea136541875ef0d0ed5153426c,FEASIBLE,0.85,1.0,EXPLOITATION,0
public_02,public_02_day_36,36,syn_4ab039bc016a7f9170528808204c430f,syn_9330dd62ae5cb5c88131d62847ed361f,FEASIBLE,0.4,1.0,EXPLOITATION,0
public_02,public_02_day_36,36,syn_c317705f90a517571b63aec42fee59d2,syn_df55510630c387a8332959160eec8e4b,FEASIBLE,0.4,1.0,EXPLOITATION,0
public_02,public_02_day_36,36,syn_9a6819069e54f8e26098a5a7064afa51,syn_5901d252ec94242330ca03c8dfdc084c,FEASIBLE,0.3,1.0,EXPLOITATION,0
public_02,public_02_day_36,36,syn_c317705f90a517571b63aec42fee59d2,syn_4387e89fdb0f8be8ba5e37551b474d67,FEASIBLE,0.25,1.0,EXPLORATION,0
public_02,public_02_day_36,36,syn_32297fb064c264489c9e4039876f24ba,syn_df55510630c387a8332959160eec8e4b,FEASIBLE,0.22222222222222227,1.0,EXPLORATION,0
public_02,public_02_day_36,36,syn_9e3068d8d35b9eefda160e3de29ef47f,syn_9330dd62ae5cb5c88131d62847ed361f,FEASIBLE,0.2,1.0,EXPLOITATION,0
public_02,public_02_day_36,36,syn_514d26a6c970dbaed9dfb5971b92fd98,syn_d16420689fdde7c0d35d130797ca9e5f,FEASIBLE,0.05,1.0,EXPLORATION,0
public_02,public_02_day_36,36,syn_c58e8eb0c882695da0ed7627b3275fe8,syn_dd56e893d452e71919601782ed0489cc,FEASIBLE,0.0,1.0,EXPLORATION,0
public_02,public_02_day_36,36,syn_123815248e2a76967ece217db6a1c911,syn_576b0b21e0dbd7a6bfdf295c4ff7fad8,FEASIBLE,0.0,1.0,EXPLORATION,0
public_02,public_02_day_36,36,syn_123815248e2a76967ece217db6a1c911,syn_7cc830bf46268a150ea841a6aeac8371,FEASIBLE,0.0,1.0,EXPLORATION,0
public_02,public_02_day_36,36,syn_4ab039bc016a7f9170528808204c430f,syn_02599d522c48ce7f9d47ca93ce0e969b,FEASIBLE,0.0,1.0,EXPLOITATION,0
public_02,public_02_day_36,36,syn_f57a076753e50d87788a9f182f1fb641,syn_7cc830bf46268a150ea841a6aeac8371,FEASIBLE,0.0,1.0,EXPLOITATION,0
public_02,public_02_day_36,36,syn_a68f501e9c1069329ec78eaead07c015,syn_f7b44afc75607f2f2733766a3e903373,FEASIBLE,0.0,1.0,EXPLORATION,0
public_02,public_02_day_36,36,syn_c317705f90a517571b63aec42fee59d2,syn_7cc830bf46268a150ea841a6aeac8371,FEASIBLE,0.0,1.0,EXPLOITATION,0
public_02,public_02_day_36,36,syn_fe315b98117e4d81e77e76cdab5582b5,syn_7cc830bf46268a150ea841a6aeac8371,FEASIBLE,0.0,1.0,EXPLOITATION,0
public_02,public_02_day_36,36,syn_fe315b98117e4d81e77e76cdab5582b5,syn_df55510630c387a8332959160eec8e4b,FEASIBLE,0.0,1.0,EXPLOITATION,0
public_02,public_02_day_36,36,syn_32297fb064c264489c9e4039876f24ba,syn_576b0b21e0dbd7a6bfdf295c4ff7fad8,FEASIBLE,0.0,1.0,EXPLORATION,0
public_02,public_02_day_36,36,syn_32297fb064c264489c9e4039876f24ba,syn_7cc830bf46268a150ea841a6aeac8371,FEASIBLE,0.0,1.0,EXPLORATION,0
public_02,public_02_day_36,36,syn_576b0b21e0dbd7a6bfdf295c4ff7fad8,syn_7cc830bf46268a150ea841a6aeac8371,FEASIBLE,0.0,1.0,EXPLOITATION,0
public_02,public_02_day_36,36,syn_576b0b21e0dbd7a6bfdf295c4ff7fad8,syn_df55510630c387a8332959160eec8e4b,FEASIBLE,0.0,1.0,EXPLOITATION,0
public_02,public_02_day_36,36,syn_576b0b21e0dbd7a6bfdf295c4ff7fad8,syn_1ff70ea44da32881e17a2dfea1ff3ca3,FEASIBLE,0.0,1.0,EXPLOITATION,0
public_02,public_02_day_36,36,syn_7cc830bf46268a150ea841a6aeac8371,syn_1653cc8b5bd51e5da9b32ad68410ff2a,FEASIBLE,0.0,1.0,EXPLOITATION,0
public_02,public_02_day_36,36,syn_7cc830bf46268a150ea841a6aeac8371,syn_df55510630c387a8332959160eec8e4b,FEASIBLE,0.0,1.0,EXPLOITATION,0
public_02,public_02_day_36,36,syn_7cc830bf46268a150ea841a6aeac8371,syn_1ff70ea44da32881e17a2dfea1ff3ca3,FEASIBLE,0.0,1.0,EXPLOITATION,0
public_02,public_02_day_36,36,syn_514d26a6c970dbaed9dfb5971b92fd98,syn_f7b44afc75607f2f2733766a3e903373,FEASIBLE,0.0,1.0,EXPLOITATION,0
public_02,public_02_day_36,36,syn_df55510630c387a8332959160eec8e4b,syn_1ff70ea44da32881e17a2dfea1ff3ca3,FEASIBLE,0.0,1.0,EXPLORATION,0
public_03,public_03_day_1,1,syn_a705c593e6e69e8c4a02d9d99ba7d9f7,syn_1386702035718f2adc1df53d409beb16,FEASIBLE,0.15,1.0,EXPLORATION,1
public_03,public_03_day_2,2,syn_fd6cf87ce4b851c5e41c04c149e54ed0,syn_1386702035718f2adc1df53d409beb16,FEASIBLE,0.25,1.0,EXPLOITATION,1
public_03,public_03_day_2,2,syn_a705c593e6e69e8c4a02d9d99ba7d9f7,syn_1386702035718f2adc1df53d409beb16,FEASIBLE,0.15,1.0,EXPLOITATION,0
public_03,public_03_day_3,3,syn_fd6cf87ce4b851c5e41c04c149e54ed0,syn_1386702035718f2adc1df53d409beb16,FEASIBLE,0.25,1.0,EXPLOITATION,1
public_03,public_03_day_3,3,syn_a705c593e6e69e8c4a02d9d99ba7d9f7,syn_1386702035718f2adc1df53d409beb16,FEASIBLE,0.15,1.0,EXPLOITATION,0
public_03,public_03_day_4,4,syn_fd6cf87ce4b851c5e41c04c149e54ed0,syn_1386702035718f2adc1df53d409beb16,FEASIBLE,0.25,1.0,EXPLOITATION,1
public_03,public_03_day_4,4,syn_a705c593e6e69e8c4a02d9d99ba7d9f7,syn_1386702035718f2adc1df53d409beb16,FEASIBLE,0.15,1.0,EXPLOITATION,0
public_03,public_03_day_5,5,syn_8f39a65287b445d3ccf69246a7619568,syn_e4817a691db5cd5fed599dbc64460e0f,FEASIBLE,0.75,1.0,EXPLORATION,1
public_03,public_03_day_5,5,syn_f0b3737a63de7597108e36583367bbb7,syn_185239edefd298df77c057d55930fe3f,FEASIBLE,0.7,1.0,EXPLORATION,1
public_03,public_03_day_5,5,syn_fd6cf87ce4b851c5e41c04c149e54ed0,syn_1386702035718f2adc1df53d409beb16,FEASIBLE,0.25,1.0,EXPLOITATION,1
public_03,public_03_day_5,5,syn_09aef24c177ecc157fc1d4e3d3740f55,syn_185239edefd298df77c057d55930fe3f,FEASIBLE,0.5,1.0,EXPLORATION,0
public_03,public_03_day_5,5,syn_d3fa2f57e04f74262945a45190d6209a,syn_f0b3737a63de7597108e36583367bbb7,FEASIBLE,0.45,1.0,EXPLORATION,0
public_03,public_03_day_5,5,syn_a705c593e6e69e8c4a02d9d99ba7d9f7,syn_1386702035718f2adc1df53d409beb16,FEASIBLE,0.15,1.0,EXPLOITATION,0
public_03,public_03_day_5,5,syn_8f39a65287b445d3ccf69246a7619568,syn_407f3f4c2592820b9dae3d1a95298f39,FEASIBLE,0.0,1.0,EXPLORATION,0
public_03,public_03_day_5,5,syn_8f39a65287b445d3ccf69246a7619568,syn_03991bbe99548e8a5bda3e8f8f067c7b,FEASIBLE,0.0,1.0,EXPLORATION,0
public_03,public_03_day_6,6,syn_8f39a65287b445d3ccf69246a7619568,syn_e4817a691db5cd5fed599dbc64460e0f,FEASIBLE,0.75,1.0,EXPLOITATION,1
public_03,public_03_day_6,6,syn_f0b3737a63de7597108e36583367bbb7,syn_185239edefd298df77c057d55930fe3f,FEASIBLE,0.7,1.0,EXPLOITATION,1
public_03,public_03_day_6,6,syn_fd6cf87ce4b851c5e41c04c149e54ed0,syn_1386702035718f2adc1df53d409beb16,FEASIBLE,0.25,1.0,EXPLOITATION,1
public_03,public_03_day_6,6,syn_09aef24c177ecc157fc1d4e3d3740f55,syn_185239edefd298df77c057d55930fe3f,FEASIBLE,0.5,1.0,EXPLORATION,0
public_03,public_03_day_6,6,syn_d3fa2f57e04f74262945a45190d6209a,syn_f0b3737a63de7597108e36583367bbb7,FEASIBLE,0.45,1.0,EXPLORATION,0
public_03,public_03_day_6,6,syn_a705c593e6e69e8c4a02d9d99ba7d9f7,syn_1386702035718f2adc1df53d409beb16,FEASIBLE,0.15,1.0,EXPLOITATION,0
public_03,public_03_day_6,6,syn_8f39a65287b445d3ccf69246a7619568,syn_407f3f4c2592820b9dae3d1a95298f39,FEASIBLE,0.0,1.0,EXPLORATION,0
public_03,public_03_day_6,6,syn_8f39a65287b445d3ccf69246a7619568,syn_03991bbe99548e8a5bda3e8f8f067c7b,FEASIBLE,0.0,1.0,EXPLORATION,0
public_03,public_03_day_7,7,syn_8f39a65287b445d3ccf69246a7619568,syn_e4817a691db5cd5fed599dbc64460e0f,FEASIBLE,0.75,1.0,EXPLOITATION,1
public_03,public_03_day_7,7,syn_f0b3737a63de7597108e36583367bbb7,syn_185239edefd298df77c057d55930fe3f,FEASIBLE,0.7,1.0,EXPLOITATION,1
public_03,public_03_day_7,7,syn_fd6cf87ce4b851c5e41c04c149e54ed0,syn_1386702035718f2adc1df53d409beb16,FEASIBLE,0.25,1.0,EXPLOITATION,1
public_03,public_03_day_7,7,syn_09aef24c177ecc157fc1d4e3d3740f55,syn_185239edefd298df77c057d55930fe3f,FEASIBLE,0.5,1.0,EXPLORATION,0
public_03,public_03_day_7,7,syn_d3fa2f57e04f74262945a45190d6209a,syn_f0b3737a63de7597108e36583367bbb7,FEASIBLE,0.45,1.0,EXPLORATION,0
public_03,public_03_day_7,7,syn_a705c593e6e69e8c4a02d9d99ba7d9f7,syn_1386702035718f2adc1df53d409beb16,FEASIBLE,0.15,1.0,EXPLOITATION,0
public_03,public_03_day_7,7,syn_8f39a65287b445d3ccf69246a7619568,syn_407f3f4c2592820b9dae3d1a95298f39,FEASIBLE,0.0,1.0,EXPLORATION,0
public_03,public_03_day_7,7,syn_8f39a65287b445d3ccf69246a7619568,syn_03991bbe99548e8a5bda3e8f8f067c7b,FEASIBLE,0.0,1.0,EXPLORATION,0
public_03,public_03_day_8,8,syn_bdbe75f3389eeea2facac1daf3b8f54f,syn_e5d18942277d59e159571a60417084dd,FEASIBLE,0.44999999999999996,1.0,EXPLORATION,1
public_03,public_03_day_8,8,syn_142667e30eb084da04350e5d347e3b28,syn_15094d95bee0f3794505e615ef38f757,FEASIBLE,0.25,1.0,EXPLORATION,1
public_03,public_03_day_8,8,syn_b6fbb8ff4cd880418e162d8d627e308b,syn_ab856031478d06b490854365aa25908b,FEASIBLE,0.0,1.0,EXPLORATION,1
public_03,public_03_day_8,8,syn_ab856031478d06b490854365aa25908b,syn_daaf3d37d8981bbac7062269b5baad10,FEASIBLE,0.0,1.0,EXPLORATION,0
public_03,public_03_day_9,9,syn_b7f3ce4fbc9704d8bcfee59cfe0b92c8,syn_a95813bf865c1a3f3b025533d8954ddc,FEASIBLE,1.0,1.0,EXPLORATION,1
public_03,public_03_day_9,9,syn_bdbe75f3389eeea2facac1daf3b8f54f,syn_e5d18942277d59e159571a60417084dd,FEASIBLE,0.44999999999999996,1.0,EXPLOITATION,1
public_03,public_03_day_9,9,syn_fd6cf87ce4b851c5e41c04c149e54ed0,syn_1386702035718f2adc1df53d409beb16,FEASIBLE,0.25,1.0,EXPLOITATION,1
public_03,public_03_day_9,9,syn_142667e30eb084da04350e5d347e3b28,syn_15094d95bee0f3794505e615ef38f757,FEASIBLE,0.25,1.0,EXPLOITATION,1
public_03,public_03_day_9,9,syn_b6fbb8ff4cd880418e162d8d627e308b,syn_ab856031478d06b490854365aa25908b,FEASIBLE,0.0,1.0,EXPLOITATION,1
public_03,public_03_day_9,9,syn_e76bd7cf5e613585e449a6c13e24eb84,syn_6c6dd8ba55bed36a3133c316f1955dea,FEASIBLE,0.0,1.0,EXPLORATION,1
public_03,public_03_day_9,9,syn_b7f3ce4fbc9704d8bcfee59cfe0b92c8,syn_5e808b316d8d05c1f7916cd1a27849ea,FEASIBLE,0.25,1.0,EXPLORATION,0
public_03,public_03_day_9,9,syn_a705c593e6e69e8c4a02d9d99ba7d9f7,syn_1386702035718f2adc1df53d409beb16,FEASIBLE,0.15,1.0,EXPLOITATION,0
public_03,public_03_day_9,9,syn_e76bd7cf5e613585e449a6c13e24eb84,syn_e6d67192c35395af70347c1dc1630fc7,FEASIBLE,0.0,1.0,EXPLORATION,0
public_03,public_03_day_9,9,syn_ab856031478d06b490854365aa25908b,syn_daaf3d37d8981bbac7062269b5baad10,FEASIBLE,0.0,1.0,EXPLORATION,0
public_03,public_03_day_10,10,syn_b7f3ce4fbc9704d8bcfee59cfe0b92c8,syn_a95813bf865c1a3f3b025533d8954ddc,FEASIBLE,1.0,1.0,EXPLOITATION,1
public_03,public_03_day_10,10,syn_f8f2a559252b3698a0edb501cd7ae110,syn_15094d95bee0f3794505e615ef38f757,FEASIBLE,0.5882352941176471,1.0,EXPLORATION,1
public_03,public_03_day_10,10,syn_bdbe75f3389eeea2facac1daf3b8f54f,syn_e5d18942277d59e159571a60417084dd,FEASIBLE,0.44999999999999996,1.0,EXPLOITATION,1
public_03,public_03_day_10,10,syn_fd6cf87ce4b851c5e41c04c149e54ed0,syn_1386702035718f2adc1df53d409beb16,FEASIBLE,0.25,1.0,EXPLOITATION,1
public_03,public_03_day_10,10,syn_b6fbb8ff4cd880418e162d8d627e308b,syn_ab856031478d06b490854365aa25908b,FEASIBLE,0.0,1.0,EXPLOITATION,1
public_03,public_03_day_10,10,syn_142667e30eb084da04350e5d347e3b28,syn_f8f2a559252b3698a0edb501cd7ae110,FEASIBLE,0.4117647058823529,1.0,EXPLORATION,0
public_03,public_03_day_10,10,syn_b7f3ce4fbc9704d8bcfee59cfe0b92c8,syn_5e808b316d8d05c1f7916cd1a27849ea,FEASIBLE,0.25,1.0,EXPLORATION,0
public_03,public_03_day_10,10,syn_142667e30eb084da04350e5d347e3b28,syn_15094d95bee0f3794505e615ef38f757,FEASIBLE,0.25,1.0,EXPLOITATION,0
public_03,public_03_day_10,10,syn_f8f2a559252b3698a0edb501cd7ae110,syn_0dcddd397cc41379aed85d08113dccc2,FEASIBLE,0.17647058823529413,1.0,EXPLORATION,0
public_03,public_03_day_10,10,syn_a705c593e6e69e8c4a02d9d99ba7d9f7,syn_1386702035718f2adc1df53d409beb16,FEASIBLE,0.15,1.0,EXPLOITATION,0
public_03,public_03_day_10,10,syn_ab856031478d06b490854365aa25908b,syn_daaf3d37d8981bbac7062269b5baad10,FEASIBLE,0.0,1.0,EXPLORATION,0
public_03,public_03_day_11,11,syn_b7f3ce4fbc9704d8bcfee59cfe0b92c8,syn_a95813bf865c1a3f3b025533d8954ddc,FEASIBLE,1.0,1.0,EXPLOITATION,1
public_03,public_03_day_11,11,syn_f8f2a559252b3698a0edb501cd7ae110,syn_15094d95bee0f3794505e615ef38f757,FEASIBLE,0.5882352941176471,1.0,EXPLOITATION,1
public_03,public_03_day_11,11,syn_d3fa2f57e04f74262945a45190d6209a,syn_f0b3737a63de7597108e36583367bbb7,FEASIBLE,0.45,1.0,EXPLORATION,1
public_03,public_03_day_11,11,syn_bdbe75f3389eeea2facac1daf3b8f54f,syn_e5d18942277d59e159571a60417084dd,FEASIBLE,0.44999999999999996,1.0,EXPLOITATION,1
public_03,public_03_day_11,11,syn_fd6cf87ce4b851c5e41c04c149e54ed0,syn_1386702035718f2adc1df53d409beb16,FEASIBLE,0.25,1.0,EXPLOITATION,1
public_03,public_03_day_11,11,syn_b6fbb8ff4cd880418e162d8d627e308b,syn_ab856031478d06b490854365aa25908b,FEASIBLE,0.0,1.0,EXPLOITATION,1
public_03,public_03_day_11,11,syn_e76bd7cf5e613585e449a6c13e24eb84,syn_6c6dd8ba55bed36a3133c316f1955dea,FEASIBLE,0.0,1.0,EXPLOITATION,1
public_03,public_03_day_11,11,syn_31667db2fdb3a644ceaa3debec01d16a,syn_d1e9ca7f6e5beff1f3d5148215458a96,FEASIBLE,0.0,1.0,EXPLOITATION,1
public_03,public_03_day_11,11,syn_142667e30eb084da04350e5d347e3b28,syn_f8f2a559252b3698a0edb501cd7ae110,FEASIBLE,0.4117647058823529,1.0,EXPLORATION,0
public_03,public_03_day_11,11,syn_b7f3ce4fbc9704d8bcfee59cfe0b92c8,syn_5e808b316d8d05c1f7916cd1a27849ea,FEASIBLE,0.25,1.0,EXPLORATION,0
public_03,public_03_day_11,11,syn_142667e30eb084da04350e5d347e3b28,syn_15094d95bee0f3794505e615ef38f757,FEASIBLE,0.25,1.0,EXPLOITATION,0
public_03,public_03_day_11,11,syn_f8f2a559252b3698a0edb501cd7ae110,syn_0dcddd397cc41379aed85d08113dccc2,FEASIBLE,0.17647058823529413,1.0,EXPLORATION,0
public_03,public_03_day_11,11,syn_a705c593e6e69e8c4a02d9d99ba7d9f7,syn_1386702035718f2adc1df53d409beb16,FEASIBLE,0.15,1.0,EXPLOITATION,0
public_03,public_03_day_11,11,syn_e76bd7cf5e613585e449a6c13e24eb84,syn_e6d67192c35395af70347c1dc1630fc7,FEASIBLE,0.0,1.0,EXPLORATION,0
public_03,public_03_day_11,11,syn_ab856031478d06b490854365aa25908b,syn_daaf3d37d8981bbac7062269b5baad10,FEASIBLE,0.0,1.0,EXPLORATION,0
public_03,public_03_day_12,12,syn_b7f3ce4fbc9704d8bcfee59cfe0b92c8,syn_a95813bf865c1a3f3b025533d8954ddc,FEASIBLE,1.0,1.0,EXPLOITATION,1
public_03,public_03_day_12,12,syn_f8f2a559252b3698a0edb501cd7ae110,syn_15094d95bee0f3794505e615ef38f757,FEASIBLE,0.5882352941176471,1.0,EXPLOITATION,1
public_03,public_03_day_12,12,syn_d3fa2f57e04f74262945a45190d6209a,syn_f0b3737a63de7597108e36583367bbb7,FEASIBLE,0.45,1.0,EXPLOITATION,1
public_03,public_03_day_12,12,syn_bdbe75f3389eeea2facac1daf3b8f54f,syn_e5d18942277d59e159571a60417084dd,FEASIBLE,0.44999999999999996,1.0,EXPLOITATION,1
public_03,public_03_day_12,12,syn_fd6cf87ce4b851c5e41c04c149e54ed0,syn_1386702035718f2adc1df53d409beb16,FEASIBLE,0.25,1.0,EXPLOITATION,1
public_03,public_03_day_12,12,syn_f0ac5b307a3422f700d73938aa017c30,syn_ca8ec182051432927289a3155c8c0876,FEASIBLE,0.0,1.0,EXPLOITATION,1
public_03,public_03_day_12,12,syn_b6fbb8ff4cd880418e162d8d627e308b,syn_ab856031478d06b490854365aa25908b,FEASIBLE,0.0,1.0,EXPLOITATION,1
public_03,public_03_day_12,12,syn_e76bd7cf5e613585e449a6c13e24eb84,syn_6c6dd8ba55bed36a3133c316f1955dea,FEASIBLE,0.0,1.0,EXPLOITATION,1
public_03,public_03_day_12,12,syn_31667db2fdb3a644ceaa3debec01d16a,syn_d1e9ca7f6e5beff1f3d5148215458a96,FEASIBLE,0.0,1.0,EXPLOITATION,1
public_03,public_03_day_12,12,syn_eded8c2e3b856be5f61d4a96e97501e6,syn_74c3cf4067a36e0751799c4d031b3b78,FEASIBLE,0.0,1.0,EXPLORATION,1
public_03,public_03_day_12,12,syn_b7f3ce4fbc9704d8bcfee59cfe0b92c8,syn_5e808b316d8d05c1f7916cd1a27849ea,FEASIBLE,0.25,1.0,EXPLORATION,0
public_03,public_03_day_12,12,syn_b7f3ce4fbc9704d8bcfee59cfe0b92c8,syn_86283b14f5fafd238ae7d3a164ccab16,FEASIBLE,0.2,1.0,EXPLORATION,0
public_03,public_03_day_12,12,syn_f8f2a559252b3698a0edb501cd7ae110,syn_0dcddd397cc41379aed85d08113dccc2,FEASIBLE,0.17647058823529413,1.0,EXPLORATION,0
public_03,public_03_day_12,12,syn_a705c593e6e69e8c4a02d9d99ba7d9f7,syn_1386702035718f2adc1df53d409beb16,FEASIBLE,0.15,1.0,EXPLOITATION,0
public_03,public_03_day_12,12,syn_f0ac5b307a3422f700d73938aa017c30,syn_27acdff62392ec6c2f7235dc7280b1de,FEASIBLE,0.0,1.0,EXPLOITATION,0
public_03,public_03_day_12,12,syn_e76bd7cf5e613585e449a6c13e24eb84,syn_e6d67192c35395af70347c1dc1630fc7,FEASIBLE,0.0,1.0,EXPLORATION,0
public_03,public_03_day_12,12,syn_f8f2a559252b3698a0edb501cd7ae110,syn_ca8ec182051432927289a3155c8c0876,FEASIBLE,0.0,1.0,EXPLORATION,0
public_03,public_03_day_12,12,syn_eded8c2e3b856be5f61d4a96e97501e6,syn_e6d67192c35395af70347c1dc1630fc7,FEASIBLE,0.0,1.0,EXPLORATION,0
public_03,public_03_day_12,12,syn_ab856031478d06b490854365aa25908b,syn_daaf3d37d8981bbac7062269b5baad10,FEASIBLE,0.0,1.0,EXPLORATION,0
public_03,public_03_day_12,12,syn_ca8ec182051432927289a3155c8c0876,syn_27acdff62392ec6c2f7235dc7280b1de,FEASIBLE,0.0,1.0,EXPLOITATION,0
public_03,public_03_day_13,13,syn_b7f3ce4fbc9704d8bcfee59cfe0b92c8,syn_a95813bf865c1a3f3b025533d8954ddc,FEASIBLE,1.0,1.0,EXPLOITATION,1
public_03,public_03_day_13,13,syn_8f39a65287b445d3ccf69246a7619568,syn_e4817a691db5cd5fed599dbc64460e0f,FEASIBLE,0.75,1.0,EXPLOITATION,1
public_03,public_03_day_13,13,syn_f0b3737a63de7597108e36583367bbb7,syn_185239edefd298df77c057d55930fe3f,FEASIBLE,0.7,1.0,EXPLOITATION,1
public_03,public_03_day_13,13,syn_bdbe75f3389eeea2facac1daf3b8f54f,syn_e5d18942277d59e159571a60417084dd,FEASIBLE,0.44999999999999996,1.0,EXPLOITATION,1
public_03,public_03_day_13,13,syn_fd6cf87ce4b851c5e41c04c149e54ed0,syn_1386702035718f2adc1df53d409beb16,FEASIBLE,0.25,1.0,EXPLOITATION,1
public_03,public_03_day_13,13,syn_f0ac5b307a3422f700d73938aa017c30,syn_ca8ec182051432927289a3155c8c0876,FEASIBLE,0.0,1.0,EXPLOITATION,1
public_03,public_03_day_13,13,syn_7152ee7f2ce7db4b951d0a90817d6087,syn_e88e595ca7d3d829c88b8dfd1f418740,FEASIBLE,0.0,1.0,EXPLOITATION,1
public_03,public_03_day_13,13,syn_e76bd7cf5e613585e449a6c13e24eb84,syn_6c6dd8ba55bed36a3133c316f1955dea,FEASIBLE,0.0,1.0,EXPLOITATION,1
public_03,public_03_day_13,13,syn_31667db2fdb3a644ceaa3debec01d16a,syn_d1e9ca7f6e5beff1f3d5148215458a96,FEASIBLE,0.0,1.0,EXPLOITATION,1
public_03,public_03_day_13,13,syn_eded8c2e3b856be5f61d4a96e97501e6,syn_74c3cf4067a36e0751799c4d031b3b78,FEASIBLE,0.0,1.0,EXPLOITATION,1
public_03,public_03_day_13,13,syn_d3fa2f57e04f74262945a45190d6209a,syn_f0b3737a63de7597108e36583367bbb7,FEASIBLE,0.45,1.0,EXPLOITATION,0
public_03,public_03_day_13,13,syn_8f39a65287b445d3ccf69246a7619568,syn_c660a0f85f5d3d333ed60c3392f7d636,FEASIBLE,0.44999999999999996,1.0,EXPLOITATION,0
public_03,public_03_day_13,13,syn_b7f3ce4fbc9704d8bcfee59cfe0b92c8,syn_5e808b316d8d05c1f7916cd1a27849ea,FEASIBLE,0.25,1.0,EXPLORATION,0
public_03,public_03_day_13,13,syn_8f39a65287b445d3ccf69246a7619568,syn_e5d18942277d59e159571a60417084dd,FEASIBLE,0.2,1.0,EXPLOITATION,0
public_03,public_03_day_13,13,syn_b7f3ce4fbc9704d8bcfee59cfe0b92c8,syn_86283b14f5fafd238ae7d3a164ccab16,FEASIBLE,0.2,1.0,EXPLORATION,0
public_03,public_03_day_13,13,syn_a705c593e6e69e8c4a02d9d99ba7d9f7,syn_1386702035718f2adc1df53d409beb16,FEASIBLE,0.15,1.0,EXPLOITATION,0
public_03,public_03_day_13,13,syn_2794bcdcd701de82acd3e3ffcf71b3e8,syn_8f39a65287b445d3ccf69246a7619568,FEASIBLE,0.0,1.0,EXPLORATION,0
public_03,public_03_day_13,13,syn_8f39a65287b445d3ccf69246a7619568,syn_03991bbe99548e8a5bda3e8f8f067c7b,FEASIBLE,0.0,1.0,EXPLORATION,0
public_03,public_03_day_13,13,syn_f0ac5b307a3422f700d73938aa017c30,syn_27acdff62392ec6c2f7235dc7280b1de,FEASIBLE,0.0,1.0,EXPLOITATION,0
public_03,public_03_day_13,13,syn_7152ee7f2ce7db4b951d0a90817d6087,syn_97301bd229d9800eb8563ec33bc292c0,FEASIBLE,0.0,1.0,EXPLOITATION,0
public_03,public_03_day_13,13,syn_e76bd7cf5e613585e449a6c13e24eb84,syn_e6d67192c35395af70347c1dc1630fc7,FEASIBLE,0.0,1.0,EXPLORATION,0
public_03,public_03_day_13,13,syn_e88e595ca7d3d829c88b8dfd1f418740,syn_97301bd229d9800eb8563ec33bc292c0,FEASIBLE,0.0,1.0,EXPLOITATION,0
public_03,public_03_day_13,13,syn_eded8c2e3b856be5f61d4a96e97501e6,syn_e6d67192c35395af70347c1dc1630fc7,FEASIBLE,0.0,1.0,EXPLORATION,0
public_03,public_03_day_13,13,syn_185239edefd298df77c057d55930fe3f,syn_10f821e0220f9802ab3ba7d7eb630f61,FEASIBLE,0.0,1.0,EXPLORATION,0
public_03,public_03_day_13,13,syn_ca8ec182051432927289a3155c8c0876,syn_27acdff62392ec6c2f7235dc7280b1de,FEASIBLE,0.0,1.0,EXPLOITATION,0
public_03,public_03_day_14,14,syn_b7f3ce4fbc9704d8bcfee59cfe0b92c8,syn_a95813bf865c1a3f3b025533d8954ddc,FEASIBLE,1.0,1.0,EXPLOITATION,1
public_03,public_03_day_14,14,syn_8f39a65287b445d3ccf69246a7619568,syn_e4817a691db5cd5fed599dbc64460e0f,FEASIBLE,0.75,1.0,EXPLOITATION,1
public_03,public_03_day_14,14,syn_f0b3737a63de7597108e36583367bbb7,syn_185239edefd298df77c057d55930fe3f,FEASIBLE,0.7,1.0,EXPLOITATION,1
public_03,public_03_day_14,14,syn_bdbe75f3389eeea2facac1daf3b8f54f,syn_e5d18942277d59e159571a60417084dd,FEASIBLE,0.44999999999999996,1.0,EXPLOITATION,1
public_03,public_03_day_14,14,syn_fd6cf87ce4b851c5e41c04c149e54ed0,syn_1386702035718f2adc1df53d409beb16,FEASIBLE,0.25,1.0,EXPLOITATION,1
public_03,public_03_day_14,14,syn_f0ac5b307a3422f700d73938aa017c30,syn_ca8ec182051432927289a3155c8c0876,FEASIBLE,0.0,1.0,EXPLOITATION,1
public_03,public_03_day_14,14,syn_7152ee7f2ce7db4b951d0a90817d6087,syn_e88e595ca7d3d829c88b8dfd1f418740,FEASIBLE,0.0,1.0,EXPLOITATION,1
public_03,public_03_day_14,14,syn_e76bd7cf5e613585e449a6c13e24eb84,syn_6c6dd8ba55bed36a3133c316f1955dea,FEASIBLE,0.0,1.0,EXPLOITATION,1
public_03,public_03_day_14,14,syn_31667db2fdb3a644ceaa3debec01d16a,syn_d1e9ca7f6e5beff1f3d5148215458a96,FEASIBLE,0.0,1.0,EXPLOITATION,1
public_03,public_03_day_14,14,syn_eded8c2e3b856be5f61d4a96e97501e6,syn_74c3cf4067a36e0751799c4d031b3b78,FEASIBLE,0.0,1.0,EXPLOITATION,1
public_03,public_03_day_14,14,syn_d3fa2f57e04f74262945a45190d6209a,syn_f0b3737a63de7597108e36583367bbb7,FEASIBLE,0.45,1.0,EXPLOITATION,0
public_03,public_03_day_14,14,syn_8f39a65287b445d3ccf69246a7619568,syn_c660a0f85f5d3d333ed60c3392f7d636,FEASIBLE,0.44999999999999996,1.0,EXPLOITATION,0
public_03,public_03_day_14,14,syn_b7f3ce4fbc9704d8bcfee59cfe0b92c8,syn_5e808b316d8d05c1f7916cd1a27849ea,FEASIBLE,0.25,1.0,EXPLORATION,0
public_03,public_03_day_14,14,syn_8f39a65287b445d3ccf69246a7619568,syn_e5d18942277d59e159571a60417084dd,FEASIBLE,0.2,1.0,EXPLOITATION,0
public_03,public_03_day_14,14,syn_b7f3ce4fbc9704d8bcfee59cfe0b92c8,syn_86283b14f5fafd238ae7d3a164ccab16,FEASIBLE,0.2,1.0,EXPLORATION,0
public_03,public_03_day_14,14,syn_a705c593e6e69e8c4a02d9d99ba7d9f7,syn_1386702035718f2adc1df53d409beb16,FEASIBLE,0.15,1.0,EXPLOITATION,0
public_03,public_03_day_14,14,syn_2794bcdcd701de82acd3e3ffcf71b3e8,syn_8f39a65287b445d3ccf69246a7619568,FEASIBLE,0.0,1.0,EXPLORATION,0
public_03,public_03_day_14,14,syn_8f39a65287b445d3ccf69246a7619568,syn_03991bbe99548e8a5bda3e8f8f067c7b,FEASIBLE,0.0,1.0,EXPLORATION,0
public_03,public_03_day_14,14,syn_f0ac5b307a3422f700d73938aa017c30,syn_27acdff62392ec6c2f7235dc7280b1de,FEASIBLE,0.0,1.0,EXPLOITATION,0
public_03,public_03_day_14,14,syn_7152ee7f2ce7db4b951d0a90817d6087,syn_97301bd229d9800eb8563ec33bc292c0,FEASIBLE,0.0,1.0,EXPLOITATION,0
public_03,public_03_day_14,14,syn_e76bd7cf5e613585e449a6c13e24eb84,syn_e6d67192c35395af70347c1dc1630fc7,FEASIBLE,0.0,1.0,EXPLORATION,0
public_03,public_03_day_14,14,syn_e88e595ca7d3d829c88b8dfd1f418740,syn_97301bd229d9800eb8563ec33bc292c0,FEASIBLE,0.0,1.0,EXPLOITATION,0
public_03,public_03_day_14,14,syn_eded8c2e3b856be5f61d4a96e97501e6,syn_e6d67192c35395af70347c1dc1630fc7,FEASIBLE,0.0,1.0,EXPLORATION,0
public_03,public_03_day_14,14,syn_185239edefd298df77c057d55930fe3f,syn_10f821e0220f9802ab3ba7d7eb630f61,FEASIBLE,0.0,1.0,EXPLORATION,0
public_03,public_03_day_14,14,syn_ca8ec182051432927289a3155c8c0876,syn_27acdff62392ec6c2f7235dc7280b1de,FEASIBLE,0.0,1.0,EXPLOITATION,0
public_03,public_03_day_15,15,syn_407f3f4c2592820b9dae3d1a95298f39,syn_56c14f157d1f6d183dfe7a0ed5f62c18,FEASIBLE,1.0,1.0,EXPLORATION,1
public_03,public_03_day_15,15,syn_b7f3ce4fbc9704d8bcfee59cfe0b92c8,syn_a95813bf865c1a3f3b025533d8954ddc,FEASIBLE,1.0,1.0,EXPLOITATION,1
public_03,public_03_day_15,15,syn_8f39a65287b445d3ccf69246a7619568,syn_e4817a691db5cd5fed599dbc64460e0f,FEASIBLE,0.75,1.0,EXPLOITATION,1
public_03,public_03_day_15,15,syn_f0b3737a63de7597108e36583367bbb7,syn_185239edefd298df77c057d55930fe3f,FEASIBLE,0.7,1.0,EXPLOITATION,1
public_03,public_03_day_15,15,syn_3d8576cd1d963097c3fe9bc506a7f764,syn_627291d2d2016660f5252586e2e4de14,FEASIBLE,0.65,1.0,EXPLORATION,1
public_03,public_03_day_15,15,syn_bdbe75f3389eeea2facac1daf3b8f54f,syn_e5d18942277d59e159571a60417084dd,FEASIBLE,0.44999999999999996,1.0,EXPLOITATION,1
public_03,public_03_day_15,15,syn_fd6cf87ce4b851c5e41c04c149e54ed0,syn_1386702035718f2adc1df53d409beb16,FEASIBLE,0.25,1.0,EXPLOITATION,1
public_03,public_03_day_15,15,syn_f0ac5b307a3422f700d73938aa017c30,syn_ca8ec182051432927289a3155c8c0876,FEASIBLE,0.0,1.0,EXPLOITATION,1
public_03,public_03_day_15,15,syn_7152ee7f2ce7db4b951d0a90817d6087,syn_e88e595ca7d3d829c88b8dfd1f418740,FEASIBLE,0.0,1.0,EXPLOITATION,1
public_03,public_03_day_15,15,syn_3fd966eba61dc3463d3f6fcab27f1842,syn_50a5aff380654b298ad52aa8340b21ae,FEASIBLE,0.0,1.0,EXPLORATION,1
public_03,public_03_day_15,15,syn_e76bd7cf5e613585e449a6c13e24eb84,syn_6c6dd8ba55bed36a3133c316f1955dea,FEASIBLE,0.0,1.0,EXPLOITATION,1
public_03,public_03_day_15,15,syn_31667db2fdb3a644ceaa3debec01d16a,syn_d1e9ca7f6e5beff1f3d5148215458a96,FEASIBLE,0.0,1.0,EXPLOITATION,1
public_03,public_03_day_15,15,syn_8f39a65287b445d3ccf69246a7619568,syn_56c14f157d1f6d183dfe7a0ed5f62c18,FEASIBLE,0.85,1.0,EXPLORATION,0
public_03,public_03_day_15,15,syn_56c14f157d1f6d183dfe7a0ed5f62c18,syn_e4817a691db5cd5fed599dbc64460e0f,FEASIBLE,0.7,1.0,EXPLOITATION,0
public_03,public_03_day_15,15,syn_d3fa2f57e04f74262945a45190d6209a,syn_f0b3737a63de7597108e36583367bbb7,FEASIBLE,0.45,1.0,EXPLOITATION,0
public_03,public_03_day_15,15,syn_8f39a65287b445d3ccf69246a7619568,syn_c660a0f85f5d3d333ed60c3392f7d636,FEASIBLE,0.44999999999999996,1.0,EXPLOITATION,0
public_03,public_03_day_15,15,syn_f0b3737a63de7597108e36583367bbb7,syn_3d8576cd1d963097c3fe9bc506a7f764,FEASIBLE,0.39999999999999997,1.0,EXPLORATION,0
public_03,public_03_day_15,15,syn_f0b3737a63de7597108e36583367bbb7,syn_627291d2d2016660f5252586e2e4de14,FEASIBLE,0.35,1.0,EXPLORATION,0
public_03,public_03_day_15,15,syn_b7f3ce4fbc9704d8bcfee59cfe0b92c8,syn_5e808b316d8d05c1f7916cd1a27849ea,FEASIBLE,0.25,1.0,EXPLORATION,0
public_03,public_03_day_15,15,syn_50a5aff380654b298ad52aa8340b21ae,syn_3d8576cd1d963097c3fe9bc506a7f764,FEASIBLE,0.25,1.0,EXPLORATION,0
public_03,public_03_day_15,15,syn_8f39a65287b445d3ccf69246a7619568,syn_e5d18942277d59e159571a60417084dd,FEASIBLE,0.2,1.0,EXPLOITATION,0
public_03,public_03_day_15,15,syn_b7f3ce4fbc9704d8bcfee59cfe0b92c8,syn_86283b14f5fafd238ae7d3a164ccab16,FEASIBLE,0.2,1.0,EXPLORATION,0
public_03,public_03_day_15,15,syn_a705c593e6e69e8c4a02d9d99ba7d9f7,syn_1386702035718f2adc1df53d409beb16,FEASIBLE,0.15,1.0,EXPLOITATION,0
public_03,public_03_day_15,15,syn_2794bcdcd701de82acd3e3ffcf71b3e8,syn_8f39a65287b445d3ccf69246a7619568,FEASIBLE,0.0,1.0,EXPLORATION,0
public_03,public_03_day_15,15,syn_2794bcdcd701de82acd3e3ffcf71b3e8,syn_407f3f4c2592820b9dae3d1a95298f39,FEASIBLE,0.0,1.0,EXPLOITATION,0
public_03,public_03_day_15,15,syn_8f39a65287b445d3ccf69246a7619568,syn_407f3f4c2592820b9dae3d1a95298f39,FEASIBLE,0.0,1.0,EXPLORATION,0
public_03,public_03_day_15,15,syn_8f39a65287b445d3ccf69246a7619568,syn_03991bbe99548e8a5bda3e8f8f067c7b,FEASIBLE,0.0,1.0,EXPLORATION,0
public_03,public_03_day_15,15,syn_f0ac5b307a3422f700d73938aa017c30,syn_27acdff62392ec6c2f7235dc7280b1de,FEASIBLE,0.0,1.0,EXPLOITATION,0
public_03,public_03_day_15,15,syn_98c61d9099311b007ad24c187f3df689,syn_627291d2d2016660f5252586e2e4de14,FEASIBLE,0.0,1.0,EXPLORATION,0
public_03,public_03_day_15,15,syn_7152ee7f2ce7db4b951d0a90817d6087,syn_97301bd229d9800eb8563ec33bc292c0,FEASIBLE,0.0,1.0,EXPLOITATION,0
public_03,public_03_day_15,15,syn_3fd966eba61dc3463d3f6fcab27f1842,syn_7890ec61d2453731c2bed8b2c3789683,FEASIBLE,0.0,1.0,EXPLORATION,0
public_03,public_03_day_15,15,syn_3fd966eba61dc3463d3f6fcab27f1842,syn_3d8576cd1d963097c3fe9bc506a7f764,FEASIBLE,0.0,1.0,EXPLORATION,0
public_03,public_03_day_15,15,syn_e88e595ca7d3d829c88b8dfd1f418740,syn_97301bd229d9800eb8563ec33bc292c0,FEASIBLE,0.0,1.0,EXPLOITATION,0
public_03,public_03_day_15,15,syn_185239edefd298df77c057d55930fe3f,syn_10f821e0220f9802ab3ba7d7eb630f61,FEASIBLE,0.0,1.0,EXPLORATION,0
public_03,public_03_day_15,15,syn_ca8ec182051432927289a3155c8c0876,syn_27acdff62392ec6c2f7235dc7280b1de,FEASIBLE,0.0,1.0,EXPLOITATION,0
public_03,public_03_day_16,16,syn_407f3f4c2592820b9dae3d1a95298f39,syn_56c14f157d1f6d183dfe7a0ed5f62c18,FEASIBLE,1.0,1.0,EXPLOITATION,1
public_03,public_03_day_16,16,syn_fd6cf87ce4b851c5e41c04c149e54ed0,syn_1386702035718f2adc1df53d409beb16,FEASIBLE,0.25,1.0,EXPLOITATION,1
public_03,public_03_day_16,16,syn_f0ac5b307a3422f700d73938aa017c30,syn_ca8ec182051432927289a3155c8c0876,FEASIBLE,0.0,1.0,EXPLOITATION,1
public_03,public_03_day_16,16,syn_b6fbb8ff4cd880418e162d8d627e308b,syn_ab856031478d06b490854365aa25908b,FEASIBLE,0.0,1.0,EXPLOITATION,1
public_03,public_03_day_16,16,syn_e76bd7cf5e613585e449a6c13e24eb84,syn_6c6dd8ba55bed36a3133c316f1955dea,FEASIBLE,0.0,1.0,EXPLOITATION,1
public_03,public_03_day_16,16,syn_31667db2fdb3a644ceaa3debec01d16a,syn_d1e9ca7f6e5beff1f3d5148215458a96,FEASIBLE,0.0,1.0,EXPLOITATION,1
public_03,public_03_day_16,16,syn_185239edefd298df77c057d55930fe3f,syn_10f821e0220f9802ab3ba7d7eb630f61,FEASIBLE,0.0,1.0,EXPLORATION,1
public_03,public_03_day_16,16,syn_56c14f157d1f6d183dfe7a0ed5f62c18,syn_e4817a691db5cd5fed599dbc64460e0f,FEASIBLE,0.7,1.0,EXPLOITATION,0
public_03,public_03_day_16,16,syn_a705c593e6e69e8c4a02d9d99ba7d9f7,syn_1386702035718f2adc1df53d409beb16,FEASIBLE,0.15,1.0,EXPLOITATION,0
public_03,public_03_day_16,16,syn_2794bcdcd701de82acd3e3ffcf71b3e8,syn_407f3f4c2592820b9dae3d1a95298f39,FEASIBLE,0.0,1.0,EXPLOITATION,0
public_03,public_03_day_16,16,syn_f0ac5b307a3422f700d73938aa017c30,syn_27acdff62392ec6c2f7235dc7280b1de,FEASIBLE,0.0,1.0,EXPLOITATION,0
public_03,public_03_day_16,16,syn_ab856031478d06b490854365aa25908b,syn_daaf3d37d8981bbac7062269b5baad10,FEASIBLE,0.0,1.0,EXPLORATION,0
public_03,public_03_day_16,16,syn_ca8ec182051432927289a3155c8c0876,syn_27acdff62392ec6c2f7235dc7280b1de,FEASIBLE,0.0,1.0,EXPLOITATION,0
public_03,public_03_day_17,17,syn_407f3f4c2592820b9dae3d1a95298f39,syn_56c14f157d1f6d183dfe7a0ed5f62c18,FEASIBLE,1.0,1.0,EXPLOITATION,1
public_03,public_03_day_17,17,syn_fd6cf87ce4b851c5e41c04c149e54ed0,syn_1386702035718f2adc1df53d409beb16,FEASIBLE,0.25,1.0,EXPLOITATION,1
public_03,public_03_day_17,17,syn_f0ac5b307a3422f700d73938aa017c30,syn_ca8ec182051432927289a3155c8c0876,FEASIBLE,0.0,1.0,EXPLOITATION,1
public_03,public_03_day_17,17,syn_b6fbb8ff4cd880418e162d8d627e308b,syn_ab856031478d06b490854365aa25908b,FEASIBLE,0.0,1.0,EXPLOITATION,1
public_03,public_03_day_17,17,syn_e76bd7cf5e613585e449a6c13e24eb84,syn_6c6dd8ba55bed36a3133c316f1955dea,FEASIBLE,0.0,1.0,EXPLOITATION,1
public_03,public_03_day_17,17,syn_31667db2fdb3a644ceaa3debec01d16a,syn_d1e9ca7f6e5beff1f3d5148215458a96,FEASIBLE,0.0,1.0,EXPLOITATION,1
public_03,public_03_day_17,17,syn_eded8c2e3b856be5f61d4a96e97501e6,syn_74c3cf4067a36e0751799c4d031b3b78,FEASIBLE,0.0,1.0,EXPLOITATION,1
public_03,public_03_day_17,17,syn_185239edefd298df77c057d55930fe3f,syn_10f821e0220f9802ab3ba7d7eb630f61,FEASIBLE,0.0,1.0,EXPLOITATION,1
public_03,public_03_day_17,17,syn_56c14f157d1f6d183dfe7a0ed5f62c18,syn_e4817a691db5cd5fed599dbc64460e0f,FEASIBLE,0.7,1.0,EXPLOITATION,0
public_03,public_03_day_17,17,syn_a705c593e6e69e8c4a02d9d99ba7d9f7,syn_1386702035718f2adc1df53d409beb16,FEASIBLE,0.15,1.0,EXPLOITATION,0
public_03,public_03_day_17,17,syn_2794bcdcd701de82acd3e3ffcf71b3e8,syn_407f3f4c2592820b9dae3d1a95298f39,FEASIBLE,0.0,1.0,EXPLOITATION,0
public_03,public_03_day_17,17,syn_f0ac5b307a3422f700d73938aa017c30,syn_27acdff62392ec6c2f7235dc7280b1de,FEASIBLE,0.0,1.0,EXPLOITATION,0
public_03,public_03_day_17,17,syn_e76bd7cf5e613585e449a6c13e24eb84,syn_e6d67192c35395af70347c1dc1630fc7,FEASIBLE,0.0,1.0,EXPLOITATION,0
public_03,public_03_day_17,17,syn_eded8c2e3b856be5f61d4a96e97501e6,syn_e6d67192c35395af70347c1dc1630fc7,FEASIBLE,0.0,1.0,EXPLOITATION,0
public_03,public_03_day_17,17,syn_ab856031478d06b490854365aa25908b,syn_daaf3d37d8981bbac7062269b5baad10,FEASIBLE,0.0,1.0,EXPLORATION,0
public_03,public_03_day_17,17,syn_ca8ec182051432927289a3155c8c0876,syn_27acdff62392ec6c2f7235dc7280b1de,FEASIBLE,0.0,1.0,EXPLOITATION,0
public_03,public_03_day_18,18,syn_407f3f4c2592820b9dae3d1a95298f39,syn_56c14f157d1f6d183dfe7a0ed5f62c18,FEASIBLE,1.0,1.0,EXPLOITATION,1
public_03,public_03_day_18,18,syn_fd6cf87ce4b851c5e41c04c149e54ed0,syn_1386702035718f2adc1df53d409beb16,FEASIBLE,0.25,1.0,EXPLOITATION,1
public_03,public_03_day_18,18,syn_b6fbb8ff4cd880418e162d8d627e308b,syn_ab856031478d06b490854365aa25908b,FEASIBLE,0.0,1.0,EXPLOITATION,1
public_03,public_03_day_18,18,syn_7152ee7f2ce7db4b951d0a90817d6087,syn_e88e595ca7d3d829c88b8dfd1f418740,FEASIBLE,0.0,1.0,EXPLOITATION,1
public_03,public_03_day_18,18,syn_3fd966eba61dc3463d3f6fcab27f1842,syn_7890ec61d2453731c2bed8b2c3789683,FEASIBLE,0.0,1.0,EXPLORATION,1
public_03,public_03_day_18,18,syn_e76bd7cf5e613585e449a6c13e24eb84,syn_6c6dd8ba55bed36a3133c316f1955dea,FEASIBLE,0.0,1.0,EXPLOITATION,1
public_03,public_03_day_18,18,syn_31667db2fdb3a644ceaa3debec01d16a,syn_d1e9ca7f6e5beff1f3d5148215458a96,FEASIBLE,0.0,1.0,EXPLOITATION,1
public_03,public_03_day_18,18,syn_eded8c2e3b856be5f61d4a96e97501e6,syn_74c3cf4067a36e0751799c4d031b3b78,FEASIBLE,0.0,1.0,EXPLOITATION,1
public_03,public_03_day_18,18,syn_185239edefd298df77c057d55930fe3f,syn_10f821e0220f9802ab3ba7d7eb630f61,FEASIBLE,0.0,1.0,EXPLOITATION,1
public_03,public_03_day_18,18,syn_56c14f157d1f6d183dfe7a0ed5f62c18,syn_e4817a691db5cd5fed599dbc64460e0f,FEASIBLE,0.7,1.0,EXPLOITATION,0
public_03,public_03_day_18,18,syn_a705c593e6e69e8c4a02d9d99ba7d9f7,syn_1386702035718f2adc1df53d409beb16,FEASIBLE,0.15,1.0,EXPLOITATION,0
public_03,public_03_day_18,18,syn_2794bcdcd701de82acd3e3ffcf71b3e8,syn_407f3f4c2592820b9dae3d1a95298f39,FEASIBLE,0.0,1.0,EXPLOITATION,0
public_03,public_03_day_18,18,syn_7152ee7f2ce7db4b951d0a90817d6087,syn_97301bd229d9800eb8563ec33bc292c0,FEASIBLE,0.0,1.0,EXPLOITATION,0
public_03,public_03_day_18,18,syn_e76bd7cf5e613585e449a6c13e24eb84,syn_e6d67192c35395af70347c1dc1630fc7,FEASIBLE,0.0,1.0,EXPLOITATION,0
public_03,public_03_day_18,18,syn_e88e595ca7d3d829c88b8dfd1f418740,syn_97301bd229d9800eb8563ec33bc292c0,FEASIBLE,0.0,1.0,EXPLOITATION,0
public_03,public_03_day_18,18,syn_eded8c2e3b856be5f61d4a96e97501e6,syn_e6d67192c35395af70347c1dc1630fc7,FEASIBLE,0.0,1.0,EXPLOITATION,0
public_03,public_03_day_18,18,syn_ab856031478d06b490854365aa25908b,syn_daaf3d37d8981bbac7062269b5baad10,FEASIBLE,0.0,1.0,EXPLORATION,0
public_03,public_03_day_19,19,syn_407f3f4c2592820b9dae3d1a95298f39,syn_56c14f157d1f6d183dfe7a0ed5f62c18,FEASIBLE,1.0,1.0,EXPLOITATION,1
public_03,public_03_day_19,19,syn_b7f3ce4fbc9704d8bcfee59cfe0b92c8,syn_a95813bf865c1a3f3b025533d8954ddc,FEASIBLE,1.0,1.0,EXPLOITATION,1
public_03,public_03_day_19,19,syn_fd6cf87ce4b851c5e41c04c149e54ed0,syn_1386702035718f2adc1df53d409beb16,FEASIBLE,0.25,1.0,EXPLOITATION,1
public_03,public_03_day_19,19,syn_b6fbb8ff4cd880418e162d8d627e308b,syn_ab856031478d06b490854365aa25908b,FEASIBLE,0.0,1.0,EXPLOITATION,1
public_03,public_03_day_19,19,syn_7152ee7f2ce7db4b951d0a90817d6087,syn_e88e595ca7d3d829c88b8dfd1f418740,FEASIBLE,0.0,1.0,EXPLOITATION,1
public_03,public_03_day_19,19,syn_3fd966eba61dc3463d3f6fcab27f1842,syn_7890ec61d2453731c2bed8b2c3789683,FEASIBLE,0.0,1.0,EXPLOITATION,1
public_03,public_03_day_19,19,syn_e76bd7cf5e613585e449a6c13e24eb84,syn_6c6dd8ba55bed36a3133c316f1955dea,FEASIBLE,0.0,1.0,EXPLOITATION,1
public_03,public_03_day_19,19,syn_31667db2fdb3a644ceaa3debec01d16a,syn_d1e9ca7f6e5beff1f3d5148215458a96,FEASIBLE,0.0,1.0,EXPLOITATION,1
public_03,public_03_day_19,19,syn_eded8c2e3b856be5f61d4a96e97501e6,syn_74c3cf4067a36e0751799c4d031b3b78,FEASIBLE,0.0,1.0,EXPLOITATION,1
public_03,public_03_day_19,19,syn_185239edefd298df77c057d55930fe3f,syn_10f821e0220f9802ab3ba7d7eb630f61,FEASIBLE,0.0,1.0,EXPLOITATION,1
public_03,public_03_day_19,19,syn_56c14f157d1f6d183dfe7a0ed5f62c18,syn_e4817a691db5cd5fed599dbc64460e0f,FEASIBLE,0.7,1.0,EXPLOITATION,0
public_03,public_03_day_19,19,syn_b7f3ce4fbc9704d8bcfee59cfe0b92c8,syn_5e808b316d8d05c1f7916cd1a27849ea,FEASIBLE,0.25,1.0,EXPLORATION,0
public_03,public_03_day_19,19,syn_b7f3ce4fbc9704d8bcfee59cfe0b92c8,syn_86283b14f5fafd238ae7d3a164ccab16,FEASIBLE,0.2,1.0,EXPLORATION,0
public_03,public_03_day_19,19,syn_a705c593e6e69e8c4a02d9d99ba7d9f7,syn_1386702035718f2adc1df53d409beb16,FEASIBLE,0.15,1.0,EXPLOITATION,0
public_03,public_03_day_19,19,syn_2794bcdcd701de82acd3e3ffcf71b3e8,syn_407f3f4c2592820b9dae3d1a95298f39,FEASIBLE,0.0,1.0,EXPLOITATION,0
public_03,public_03_day_19,19,syn_7152ee7f2ce7db4b951d0a90817d6087,syn_97301bd229d9800eb8563ec33bc292c0,FEASIBLE,0.0,1.0,EXPLOITATION,0
public_03,public_03_day_19,19,syn_e76bd7cf5e613585e449a6c13e24eb84,syn_e6d67192c35395af70347c1dc1630fc7,FEASIBLE,0.0,1.0,EXPLOITATION,0
public_03,public_03_day_19,19,syn_e88e595ca7d3d829c88b8dfd1f418740,syn_97301bd229d9800eb8563ec33bc292c0,FEASIBLE,0.0,1.0,EXPLOITATION,0
public_03,public_03_day_19,19,syn_eded8c2e3b856be5f61d4a96e97501e6,syn_e6d67192c35395af70347c1dc1630fc7,FEASIBLE,0.0,1.0,EXPLOITATION,0
public_03,public_03_day_19,19,syn_ab856031478d06b490854365aa25908b,syn_daaf3d37d8981bbac7062269b5baad10,FEASIBLE,0.0,1.0,EXPLORATION,0
public_03,public_03_day_20,20,syn_407f3f4c2592820b9dae3d1a95298f39,syn_56c14f157d1f6d183dfe7a0ed5f62c18,FEASIBLE,1.0,1.0,EXPLOITATION,1
public_03,public_03_day_20,20,syn_b7f3ce4fbc9704d8bcfee59cfe0b92c8,syn_a95813bf865c1a3f3b025533d8954ddc,FEASIBLE,1.0,1.0,EXPLOITATION,1
public_03,public_03_day_20,20,syn_8f39a65287b445d3ccf69246a7619568,syn_e4817a691db5cd5fed599dbc64460e0f,FEASIBLE,0.75,1.0,EXPLOITATION,1
public_03,public_03_day_20,20,syn_fd6cf87ce4b851c5e41c04c149e54ed0,syn_1386702035718f2adc1df53d409beb16,FEASIBLE,0.25,1.0,EXPLOITATION,1
public_03,public_03_day_20,20,syn_b6fbb8ff4cd880418e162d8d627e308b,syn_ab856031478d06b490854365aa25908b,FEASIBLE,0.0,1.0,EXPLOITATION,1
public_03,public_03_day_20,20,syn_7152ee7f2ce7db4b951d0a90817d6087,syn_e88e595ca7d3d829c88b8dfd1f418740,FEASIBLE,0.0,1.0,EXPLOITATION,1
public_03,public_03_day_20,20,syn_3fd966eba61dc3463d3f6fcab27f1842,syn_7890ec61d2453731c2bed8b2c3789683,FEASIBLE,0.0,1.0,EXPLOITATION,1
public_03,public_03_day_20,20,syn_e76bd7cf5e613585e449a6c13e24eb84,syn_6c6dd8ba55bed36a3133c316f1955dea,FEASIBLE,0.0,1.0,EXPLOITATION,1
public_03,public_03_day_20,20,syn_31667db2fdb3a644ceaa3debec01d16a,syn_d1e9ca7f6e5beff1f3d5148215458a96,FEASIBLE,0.0,1.0,EXPLOITATION,1
public_03,public_03_day_20,20,syn_eded8c2e3b856be5f61d4a96e97501e6,syn_74c3cf4067a36e0751799c4d031b3b78,FEASIBLE,0.0,1.0,EXPLOITATION,1
public_03,public_03_day_20,20,syn_185239edefd298df77c057d55930fe3f,syn_10f821e0220f9802ab3ba7d7eb630f61,FEASIBLE,0.0,1.0,EXPLOITATION,1
public_03,public_03_day_20,20,syn_8f39a65287b445d3ccf69246a7619568,syn_56c14f157d1f6d183dfe7a0ed5f62c18,FEASIBLE,0.85,1.0,EXPLORATION,0
public_03,public_03_day_20,20,syn_56c14f157d1f6d183dfe7a0ed5f62c18,syn_e4817a691db5cd5fed599dbc64460e0f,FEASIBLE,0.7,1.0,EXPLOITATION,0
public_03,public_03_day_20,20,syn_8f39a65287b445d3ccf69246a7619568,syn_142667e30eb084da04350e5d347e3b28,FEASIBLE,0.55,1.0,EXPLORATION,0
public_03,public_03_day_20,20,syn_8f39a65287b445d3ccf69246a7619568,syn_c660a0f85f5d3d333ed60c3392f7d636,FEASIBLE,0.44999999999999996,1.0,EXPLOITATION,0
public_03,public_03_day_20,20,syn_b7f3ce4fbc9704d8bcfee59cfe0b92c8,syn_5e808b316d8d05c1f7916cd1a27849ea,FEASIBLE,0.25,1.0,EXPLORATION,0
public_03,public_03_day_20,20,syn_b7f3ce4fbc9704d8bcfee59cfe0b92c8,syn_86283b14f5fafd238ae7d3a164ccab16,FEASIBLE,0.2,1.0,EXPLORATION,0
public_03,public_03_day_20,20,syn_a705c593e6e69e8c4a02d9d99ba7d9f7,syn_1386702035718f2adc1df53d409beb16,FEASIBLE,0.15,1.0,EXPLOITATION,0
public_03,public_03_day_20,20,syn_2794bcdcd701de82acd3e3ffcf71b3e8,syn_8f39a65287b445d3ccf69246a7619568,FEASIBLE,0.0,1.0,EXPLOITATION,0
public_03,public_03_day_20,20,syn_2794bcdcd701de82acd3e3ffcf71b3e8,syn_407f3f4c2592820b9dae3d1a95298f39,FEASIBLE,0.0,1.0,EXPLOITATION,0
public_03,public_03_day_20,20,syn_8f39a65287b445d3ccf69246a7619568,syn_407f3f4c2592820b9dae3d1a95298f39,FEASIBLE,0.0,1.0,EXPLORATION,0
public_03,public_03_day_20,20,syn_8f39a65287b445d3ccf69246a7619568,syn_03991bbe99548e8a5bda3e8f8f067c7b,FEASIBLE,0.0,1.0,EXPLORATION,0
public_03,public_03_day_20,20,syn_7152ee7f2ce7db4b951d0a90817d6087,syn_97301bd229d9800eb8563ec33bc292c0,FEASIBLE,0.0,1.0,EXPLOITATION,0
public_03,public_03_day_20,20,syn_e76bd7cf5e613585e449a6c13e24eb84,syn_e6d67192c35395af70347c1dc1630fc7,FEASIBLE,0.0,1.0,EXPLOITATION,0
public_03,public_03_day_20,20,syn_e88e595ca7d3d829c88b8dfd1f418740,syn_97301bd229d9800eb8563ec33bc292c0,FEASIBLE,0.0,1.0,EXPLOITATION,0
public_03,public_03_day_20,20,syn_eded8c2e3b856be5f61d4a96e97501e6,syn_e6d67192c35395af70347c1dc1630fc7,FEASIBLE,0.0,1.0,EXPLOITATION,0
public_03,public_03_day_20,20,syn_ab856031478d06b490854365aa25908b,syn_daaf3d37d8981bbac7062269b5baad10,FEASIBLE,0.0,1.0,EXPLORATION,0
public_03,public_03_day_21,21,syn_b7f3ce4fbc9704d8bcfee59cfe0b92c8,syn_a95813bf865c1a3f3b025533d8954ddc,FEASIBLE,1.0,1.0,EXPLOITATION,1
public_03,public_03_day_21,21,syn_8f39a65287b445d3ccf69246a7619568,syn_c660a0f85f5d3d333ed60c3392f7d636,FEASIBLE,0.44999999999999996,1.0,EXPLOITATION,1
public_03,public_03_day_21,21,syn_fd6cf87ce4b851c5e41c04c149e54ed0,syn_1386702035718f2adc1df53d409beb16,FEASIBLE,0.25,1.0,EXPLOITATION,1
public_03,public_03_day_21,21,syn_7152ee7f2ce7db4b951d0a90817d6087,syn_e88e595ca7d3d829c88b8dfd1f418740,FEASIBLE,0.0,1.0,EXPLOITATION,1
public_03,public_03_day_21,21,syn_3fd966eba61dc3463d3f6fcab27f1842,syn_7890ec61d2453731c2bed8b2c3789683,FEASIBLE,0.0,1.0,EXPLOITATION,1
public_03,public_03_day_21,21,syn_e76bd7cf5e613585e449a6c13e24eb84,syn_6c6dd8ba55bed36a3133c316f1955dea,FEASIBLE,0.0,1.0,EXPLOITATION,1
public_03,public_03_day_21,21,syn_31667db2fdb3a644ceaa3debec01d16a,syn_d1e9ca7f6e5beff1f3d5148215458a96,FEASIBLE,0.0,1.0,EXPLOITATION,1
public_03,public_03_day_21,21,syn_eded8c2e3b856be5f61d4a96e97501e6,syn_74c3cf4067a36e0751799c4d031b3b78,FEASIBLE,0.0,1.0,EXPLOITATION,1
public_03,public_03_day_21,21,syn_ab856031478d06b490854365aa25908b,syn_daaf3d37d8981bbac7062269b5baad10,FEASIBLE,0.0,1.0,EXPLORATION,1
public_03,public_03_day_21,21,syn_b7f3ce4fbc9704d8bcfee59cfe0b92c8,syn_5e808b316d8d05c1f7916cd1a27849ea,FEASIBLE,0.25,1.0,EXPLORATION,0
public_03,public_03_day_21,21,syn_b7f3ce4fbc9704d8bcfee59cfe0b92c8,syn_86283b14f5fafd238ae7d3a164ccab16,FEASIBLE,0.2,1.0,EXPLORATION,0
public_03,public_03_day_21,21,syn_a705c593e6e69e8c4a02d9d99ba7d9f7,syn_1386702035718f2adc1df53d409beb16,FEASIBLE,0.15,1.0,EXPLOITATION,0
public_03,public_03_day_21,21,syn_8f39a65287b445d3ccf69246a7619568,syn_03991bbe99548e8a5bda3e8f8f067c7b,FEASIBLE,0.0,1.0,EXPLORATION,0
public_03,public_03_day_21,21,syn_7152ee7f2ce7db4b951d0a90817d6087,syn_97301bd229d9800eb8563ec33bc292c0,FEASIBLE,0.0,1.0,EXPLOITATION,0
public_03,public_03_day_21,21,syn_e76bd7cf5e613585e449a6c13e24eb84,syn_e6d67192c35395af70347c1dc1630fc7,FEASIBLE,0.0,1.0,EXPLOITATION,0
public_03,public_03_day_21,21,syn_e88e595ca7d3d829c88b8dfd1f418740,syn_97301bd229d9800eb8563ec33bc292c0,FEASIBLE,0.0,1.0,EXPLOITATION,0
public_03,public_03_day_21,21,syn_eded8c2e3b856be5f61d4a96e97501e6,syn_e6d67192c35395af70347c1dc1630fc7,FEASIBLE,0.0,1.0,EXPLOITATION,0
public_03,public_03_day_22,22,syn_b7f3ce4fbc9704d8bcfee59cfe0b92c8,syn_a95813bf865c1a3f3b025533d8954ddc,FEASIBLE,1.0,1.0,EXPLOITATION,1
public_03,public_03_day_22,22,syn_8f39a65287b445d3ccf69246a7619568,syn_c660a0f85f5d3d333ed60c3392f7d636,FEASIBLE,0.44999999999999996,1.0,EXPLOITATION,1
public_03,public_03_day_22,22,syn_fd6cf87ce4b851c5e41c04c149e54ed0,syn_1386702035718f2adc1df53d409beb16,FEASIBLE,0.25,1.0,EXPLOITATION,1
public_03,public_03_day_22,22,syn_7152ee7f2ce7db4b951d0a90817d6087,syn_e88e595ca7d3d829c88b8dfd1f418740,FEASIBLE,0.0,1.0,EXPLOITATION,1
public_03,public_03_day_22,22,syn_3fd966eba61dc3463d3f6fcab27f1842,syn_7890ec61d2453731c2bed8b2c3789683,FEASIBLE,0.0,1.0,EXPLOITATION,1
public_03,public_03_day_22,22,syn_e76bd7cf5e613585e449a6c13e24eb84,syn_6c6dd8ba55bed36a3133c316f1955dea,FEASIBLE,0.0,1.0,EXPLOITATION,1
public_03,public_03_day_22,22,syn_31667db2fdb3a644ceaa3debec01d16a,syn_d1e9ca7f6e5beff1f3d5148215458a96,FEASIBLE,0.0,1.0,EXPLOITATION,1
public_03,public_03_day_22,22,syn_eded8c2e3b856be5f61d4a96e97501e6,syn_74c3cf4067a36e0751799c4d031b3b78,FEASIBLE,0.0,1.0,EXPLOITATION,1
public_03,public_03_day_22,22,syn_ab856031478d06b490854365aa25908b,syn_daaf3d37d8981bbac7062269b5baad10,FEASIBLE,0.0,1.0,EXPLOITATION,1
public_03,public_03_day_22,22,syn_b7f3ce4fbc9704d8bcfee59cfe0b92c8,syn_5e808b316d8d05c1f7916cd1a27849ea,FEASIBLE,0.25,1.0,EXPLORATION,0
public_03,public_03_day_22,22,syn_b7f3ce4fbc9704d8bcfee59cfe0b92c8,syn_86283b14f5fafd238ae7d3a164ccab16,FEASIBLE,0.2,1.0,EXPLORATION,0
public_03,public_03_day_22,22,syn_a705c593e6e69e8c4a02d9d99ba7d9f7,syn_1386702035718f2adc1df53d409beb16,FEASIBLE,0.15,1.0,EXPLOITATION,0
public_03,public_03_day_22,22,syn_8f39a65287b445d3ccf69246a7619568,syn_03991bbe99548e8a5bda3e8f8f067c7b,FEASIBLE,0.0,1.0,EXPLORATION,0
public_03,public_03_day_22,22,syn_7152ee7f2ce7db4b951d0a90817d6087,syn_97301bd229d9800eb8563ec33bc292c0,FEASIBLE,0.0,1.0,EXPLOITATION,0
public_03,public_03_day_22,22,syn_e76bd7cf5e613585e449a6c13e24eb84,syn_e6d67192c35395af70347c1dc1630fc7,FEASIBLE,0.0,1.0,EXPLOITATION,0
public_03,public_03_day_22,22,syn_e88e595ca7d3d829c88b8dfd1f418740,syn_97301bd229d9800eb8563ec33bc292c0,FEASIBLE,0.0,1.0,EXPLOITATION,0
public_03,public_03_day_22,22,syn_eded8c2e3b856be5f61d4a96e97501e6,syn_e6d67192c35395af70347c1dc1630fc7,FEASIBLE,0.0,1.0,EXPLOITATION,0
public_03,public_03_day_23,23,syn_b7f3ce4fbc9704d8bcfee59cfe0b92c8,syn_a95813bf865c1a3f3b025533d8954ddc,FEASIBLE,1.0,1.0,EXPLOITATION,1
public_03,public_03_day_23,23,syn_8f39a65287b445d3ccf69246a7619568,syn_c660a0f85f5d3d333ed60c3392f7d636,FEASIBLE,0.44999999999999996,1.0,EXPLOITATION,1
public_03,public_03_day_23,23,syn_fd6cf87ce4b851c5e41c04c149e54ed0,syn_1386702035718f2adc1df53d409beb16,FEASIBLE,0.25,1.0,EXPLOITATION,1
public_03,public_03_day_23,23,syn_7152ee7f2ce7db4b951d0a90817d6087,syn_e88e595ca7d3d829c88b8dfd1f418740,FEASIBLE,0.0,1.0,EXPLOITATION,1
public_03,public_03_day_23,23,syn_3fd966eba61dc3463d3f6fcab27f1842,syn_7890ec61d2453731c2bed8b2c3789683,FEASIBLE,0.0,1.0,EXPLOITATION,1
public_03,public_03_day_23,23,syn_e76bd7cf5e613585e449a6c13e24eb84,syn_6c6dd8ba55bed36a3133c316f1955dea,FEASIBLE,0.0,1.0,EXPLOITATION,1
public_03,public_03_day_23,23,syn_31667db2fdb3a644ceaa3debec01d16a,syn_d1e9ca7f6e5beff1f3d5148215458a96,FEASIBLE,0.0,1.0,EXPLOITATION,1
public_03,public_03_day_23,23,syn_eded8c2e3b856be5f61d4a96e97501e6,syn_74c3cf4067a36e0751799c4d031b3b78,FEASIBLE,0.0,1.0,EXPLOITATION,1
public_03,public_03_day_23,23,syn_ab856031478d06b490854365aa25908b,syn_daaf3d37d8981bbac7062269b5baad10,FEASIBLE,0.0,1.0,EXPLOITATION,1
public_03,public_03_day_23,23,syn_b7f3ce4fbc9704d8bcfee59cfe0b92c8,syn_5e808b316d8d05c1f7916cd1a27849ea,FEASIBLE,0.25,1.0,EXPLORATION,0
public_03,public_03_day_23,23,syn_b7f3ce4fbc9704d8bcfee59cfe0b92c8,syn_86283b14f5fafd238ae7d3a164ccab16,FEASIBLE,0.2,1.0,EXPLORATION,0
public_03,public_03_day_23,23,syn_a705c593e6e69e8c4a02d9d99ba7d9f7,syn_1386702035718f2adc1df53d409beb16,FEASIBLE,0.15,1.0,EXPLOITATION,0
public_03,public_03_day_23,23,syn_8f39a65287b445d3ccf69246a7619568,syn_03991bbe99548e8a5bda3e8f8f067c7b,FEASIBLE,0.0,1.0,EXPLORATION,0
public_03,public_03_day_23,23,syn_7152ee7f2ce7db4b951d0a90817d6087,syn_97301bd229d9800eb8563ec33bc292c0,FEASIBLE,0.0,1.0,EXPLOITATION,0
public_03,public_03_day_23,23,syn_e76bd7cf5e613585e449a6c13e24eb84,syn_e6d67192c35395af70347c1dc1630fc7,FEASIBLE,0.0,1.0,EXPLOITATION,0
public_03,public_03_day_23,23,syn_e88e595ca7d3d829c88b8dfd1f418740,syn_97301bd229d9800eb8563ec33bc292c0,FEASIBLE,0.0,1.0,EXPLOITATION,0
public_03,public_03_day_23,23,syn_eded8c2e3b856be5f61d4a96e97501e6,syn_e6d67192c35395af70347c1dc1630fc7,FEASIBLE,0.0,1.0,EXPLOITATION,0
public_03,public_03_day_24,24,syn_b7f3ce4fbc9704d8bcfee59cfe0b92c8,syn_a95813bf865c1a3f3b025533d8954ddc,FEASIBLE,1.0,1.0,EXPLOITATION,1
public_03,public_03_day_24,24,syn_142667e30eb084da04350e5d347e3b28,syn_f8f2a559252b3698a0edb501cd7ae110,FEASIBLE,0.4117647058823529,1.0,EXPLOITATION,1
public_03,public_03_day_24,24,syn_fd6cf87ce4b851c5e41c04c149e54ed0,syn_1386702035718f2adc1df53d409beb16,FEASIBLE,0.25,1.0,EXPLOITATION,1
public_03,public_03_day_24,24,syn_b6fbb8ff4cd880418e162d8d627e308b,syn_ab856031478d06b490854365aa25908b,FEASIBLE,0.0,1.0,EXPLOITATION,1
public_03,public_03_day_24,24,syn_3fd966eba61dc3463d3f6fcab27f1842,syn_7890ec61d2453731c2bed8b2c3789683,FEASIBLE,0.0,1.0,EXPLOITATION,1
public_03,public_03_day_24,24,syn_e76bd7cf5e613585e449a6c13e24eb84,syn_6c6dd8ba55bed36a3133c316f1955dea,FEASIBLE,0.0,1.0,EXPLOITATION,1
public_03,public_03_day_24,24,syn_31667db2fdb3a644ceaa3debec01d16a,syn_d1e9ca7f6e5beff1f3d5148215458a96,FEASIBLE,0.0,1.0,EXPLOITATION,1
public_03,public_03_day_24,24,syn_eded8c2e3b856be5f61d4a96e97501e6,syn_74c3cf4067a36e0751799c4d031b3b78,FEASIBLE,0.0,1.0,EXPLOITATION,1
public_03,public_03_day_24,24,syn_b7f3ce4fbc9704d8bcfee59cfe0b92c8,syn_5e808b316d8d05c1f7916cd1a27849ea,FEASIBLE,0.25,1.0,EXPLORATION,0
public_03,public_03_day_24,24,syn_b7f3ce4fbc9704d8bcfee59cfe0b92c8,syn_86283b14f5fafd238ae7d3a164ccab16,FEASIBLE,0.2,1.0,EXPLORATION,0
public_03,public_03_day_24,24,syn_f8f2a559252b3698a0edb501cd7ae110,syn_0dcddd397cc41379aed85d08113dccc2,FEASIBLE,0.17647058823529413,1.0,EXPLORATION,0
public_03,public_03_day_24,24,syn_a705c593e6e69e8c4a02d9d99ba7d9f7,syn_1386702035718f2adc1df53d409beb16,FEASIBLE,0.15,1.0,EXPLOITATION,0
public_03,public_03_day_24,24,syn_e76bd7cf5e613585e449a6c13e24eb84,syn_e6d67192c35395af70347c1dc1630fc7,FEASIBLE,0.0,1.0,EXPLOITATION,0
public_03,public_03_day_24,24,syn_f8f2a559252b3698a0edb501cd7ae110,syn_ca8ec182051432927289a3155c8c0876,FEASIBLE,0.0,1.0,EXPLOITATION,0
public_03,public_03_day_24,24,syn_eded8c2e3b856be5f61d4a96e97501e6,syn_e6d67192c35395af70347c1dc1630fc7,FEASIBLE,0.0,1.0,EXPLOITATION,0
public_03,public_03_day_24,24,syn_ab856031478d06b490854365aa25908b,syn_daaf3d37d8981bbac7062269b5baad10,FEASIBLE,0.0,1.0,EXPLOITATION,0
public_03,public_03_day_25,25,syn_b7f3ce4fbc9704d8bcfee59cfe0b92c8,syn_a95813bf865c1a3f3b025533d8954ddc,FEASIBLE,1.0,1.0,EXPLOITATION,1
public_03,public_03_day_25,25,syn_142667e30eb084da04350e5d347e3b28,syn_f8f2a559252b3698a0edb501cd7ae110,FEASIBLE,0.4117647058823529,1.0,EXPLOITATION,1
public_03,public_03_day_25,25,syn_fd6cf87ce4b851c5e41c04c149e54ed0,syn_1386702035718f2adc1df53d409beb16,FEASIBLE,0.25,1.0,EXPLOITATION,1
public_03,public_03_day_25,25,syn_b6fbb8ff4cd880418e162d8d627e308b,syn_ab856031478d06b490854365aa25908b,FEASIBLE,0.0,1.0,EXPLOITATION,1
public_03,public_03_day_25,25,syn_026ffe3c500b39c39ec7c2eed36e36e3,syn_7544cf0fc4755e291401840e2f8816a4,FEASIBLE,0.0,1.0,EXPLOITATION,1
public_03,public_03_day_25,25,syn_7152ee7f2ce7db4b951d0a90817d6087,syn_99e8989458acdcc36e405dc78a4f83d9,FEASIBLE,0.0,1.0,EXPLOITATION,1
public_03,public_03_day_25,25,syn_3fd966eba61dc3463d3f6fcab27f1842,syn_7890ec61d2453731c2bed8b2c3789683,FEASIBLE,0.0,1.0,EXPLOITATION,1
public_03,public_03_day_25,25,syn_e76bd7cf5e613585e449a6c13e24eb84,syn_6c6dd8ba55bed36a3133c316f1955dea,FEASIBLE,0.0,1.0,EXPLOITATION,1
public_03,public_03_day_25,25,syn_31667db2fdb3a644ceaa3debec01d16a,syn_d1e9ca7f6e5beff1f3d5148215458a96,FEASIBLE,0.0,1.0,EXPLOITATION,1
public_03,public_03_day_25,25,syn_eded8c2e3b856be5f61d4a96e97501e6,syn_74c3cf4067a36e0751799c4d031b3b78,FEASIBLE,0.0,1.0,EXPLOITATION,1
public_03,public_03_day_25,25,syn_185239edefd298df77c057d55930fe3f,syn_10f821e0220f9802ab3ba7d7eb630f61,FEASIBLE,0.0,1.0,EXPLOITATION,1
public_03,public_03_day_25,25,syn_b7f3ce4fbc9704d8bcfee59cfe0b92c8,syn_5e808b316d8d05c1f7916cd1a27849ea,FEASIBLE,0.25,1.0,EXPLORATION,0
public_03,public_03_day_25,25,syn_b7f3ce4fbc9704d8bcfee59cfe0b92c8,syn_86283b14f5fafd238ae7d3a164ccab16,FEASIBLE,0.2,1.0,EXPLORATION,0
public_03,public_03_day_25,25,syn_f8f2a559252b3698a0edb501cd7ae110,syn_0dcddd397cc41379aed85d08113dccc2,FEASIBLE,0.17647058823529413,1.0,EXPLORATION,0
public_03,public_03_day_25,25,syn_a705c593e6e69e8c4a02d9d99ba7d9f7,syn_1386702035718f2adc1df53d409beb16,FEASIBLE,0.15,1.0,EXPLOITATION,0
public_03,public_03_day_25,25,syn_b7f3ce4fbc9704d8bcfee59cfe0b92c8,syn_99e8989458acdcc36e405dc78a4f83d9,FEASIBLE,0.0,1.0,EXPLOITATION,0
public_03,public_03_day_25,25,syn_e76bd7cf5e613585e449a6c13e24eb84,syn_e6d67192c35395af70347c1dc1630fc7,FEASIBLE,0.0,1.0,EXPLOITATION,0
public_03,public_03_day_25,25,syn_142667e30eb084da04350e5d347e3b28,syn_99e8989458acdcc36e405dc78a4f83d9,FEASIBLE,0.0,1.0,EXPLORATION,0
public_03,public_03_day_25,25,syn_99e8989458acdcc36e405dc78a4f83d9,syn_86283b14f5fafd238ae7d3a164ccab16,FEASIBLE,0.0,1.0,EXPLORATION,0
public_03,public_03_day_25,25,syn_99e8989458acdcc36e405dc78a4f83d9,syn_55412a44789880504f25ddaf9b09ae5d,FEASIBLE,0.0,1.0,EXPLOITATION,0
public_03,public_03_day_25,25,syn_f8f2a559252b3698a0edb501cd7ae110,syn_ca8ec182051432927289a3155c8c0876,FEASIBLE,0.0,1.0,EXPLOITATION,0
public_03,public_03_day_25,25,syn_eded8c2e3b856be5f61d4a96e97501e6,syn_e6d67192c35395af70347c1dc1630fc7,FEASIBLE,0.0,1.0,EXPLOITATION,0
public_03,public_03_day_25,25,syn_ab856031478d06b490854365aa25908b,syn_daaf3d37d8981bbac7062269b5baad10,FEASIBLE,0.0,1.0,EXPLOITATION,0
public_03,public_03_day_26,26,syn_b7f3ce4fbc9704d8bcfee59cfe0b92c8,syn_a95813bf865c1a3f3b025533d8954ddc,FEASIBLE,1.0,1.0,EXPLOITATION,1
public_03,public_03_day_26,26,syn_142667e30eb084da04350e5d347e3b28,syn_f8f2a559252b3698a0edb501cd7ae110,FEASIBLE,0.4117647058823529,1.0,EXPLOITATION,1
public_03,public_03_day_26,26,syn_fd6cf87ce4b851c5e41c04c149e54ed0,syn_1386702035718f2adc1df53d409beb16,FEASIBLE,0.25,1.0,EXPLOITATION,1
public_03,public_03_day_26,26,syn_b6fbb8ff4cd880418e162d8d627e308b,syn_ab856031478d06b490854365aa25908b,FEASIBLE,0.0,1.0,EXPLOITATION,1
public_03,public_03_day_26,26,syn_026ffe3c500b39c39ec7c2eed36e36e3,syn_7544cf0fc4755e291401840e2f8816a4,FEASIBLE,0.0,1.0,EXPLOITATION,1
public_03,public_03_day_26,26,syn_7152ee7f2ce7db4b951d0a90817d6087,syn_99e8989458acdcc36e405dc78a4f83d9,FEASIBLE,0.0,1.0,EXPLOITATION,1
public_03,public_03_day_26,26,syn_3fd966eba61dc3463d3f6fcab27f1842,syn_7890ec61d2453731c2bed8b2c3789683,FEASIBLE,0.0,1.0,EXPLOITATION,1
public_03,public_03_day_26,26,syn_e76bd7cf5e613585e449a6c13e24eb84,syn_6c6dd8ba55bed36a3133c316f1955dea,FEASIBLE,0.0,1.0,EXPLOITATION,1
public_03,public_03_day_26,26,syn_31667db2fdb3a644ceaa3debec01d16a,syn_d1e9ca7f6e5beff1f3d5148215458a96,FEASIBLE,0.0,1.0,EXPLOITATION,1
public_03,public_03_day_26,26,syn_eded8c2e3b856be5f61d4a96e97501e6,syn_74c3cf4067a36e0751799c4d031b3b78,FEASIBLE,0.0,1.0,EXPLOITATION,1
public_03,public_03_day_26,26,syn_185239edefd298df77c057d55930fe3f,syn_10f821e0220f9802ab3ba7d7eb630f61,FEASIBLE,0.0,1.0,EXPLOITATION,1
public_03,public_03_day_26,26,syn_b7f3ce4fbc9704d8bcfee59cfe0b92c8,syn_5e808b316d8d05c1f7916cd1a27849ea,FEASIBLE,0.25,1.0,EXPLORATION,0
public_03,public_03_day_26,26,syn_b7f3ce4fbc9704d8bcfee59cfe0b92c8,syn_86283b14f5fafd238ae7d3a164ccab16,FEASIBLE,0.2,1.0,EXPLORATION,0
public_03,public_03_day_26,26,syn_f8f2a559252b3698a0edb501cd7ae110,syn_0dcddd397cc41379aed85d08113dccc2,FEASIBLE,0.17647058823529413,1.0,EXPLORATION,0
public_03,public_03_day_26,26,syn_a705c593e6e69e8c4a02d9d99ba7d9f7,syn_1386702035718f2adc1df53d409beb16,FEASIBLE,0.15,1.0,EXPLOITATION,0
public_03,public_03_day_26,26,syn_b7f3ce4fbc9704d8bcfee59cfe0b92c8,syn_99e8989458acdcc36e405dc78a4f83d9,FEASIBLE,0.0,1.0,EXPLOITATION,0
public_03,public_03_day_26,26,syn_e76bd7cf5e613585e449a6c13e24eb84,syn_e6d67192c35395af70347c1dc1630fc7,FEASIBLE,0.0,1.0,EXPLOITATION,0
public_03,public_03_day_26,26,syn_142667e30eb084da04350e5d347e3b28,syn_99e8989458acdcc36e405dc78a4f83d9,FEASIBLE,0.0,1.0,EXPLORATION,0
public_03,public_03_day_26,26,syn_99e8989458acdcc36e405dc78a4f83d9,syn_86283b14f5fafd238ae7d3a164ccab16,FEASIBLE,0.0,1.0,EXPLORATION,0
public_03,public_03_day_26,26,syn_99e8989458acdcc36e405dc78a4f83d9,syn_55412a44789880504f25ddaf9b09ae5d,FEASIBLE,0.0,1.0,EXPLOITATION,0
public_03,public_03_day_26,26,syn_eded8c2e3b856be5f61d4a96e97501e6,syn_e6d67192c35395af70347c1dc1630fc7,FEASIBLE,0.0,1.0,EXPLOITATION,0
public_03,public_03_day_26,26,syn_ab856031478d06b490854365aa25908b,syn_daaf3d37d8981bbac7062269b5baad10,FEASIBLE,0.0,1.0,EXPLOITATION,0
public_03,public_03_day_27,27,syn_b7f3ce4fbc9704d8bcfee59cfe0b92c8,syn_a95813bf865c1a3f3b025533d8954ddc,FEASIBLE,1.0,1.0,EXPLOITATION,1
public_03,public_03_day_27,27,syn_142667e30eb084da04350e5d347e3b28,syn_f8f2a559252b3698a0edb501cd7ae110,FEASIBLE,0.4117647058823529,1.0,EXPLOITATION,1
public_03,public_03_day_27,27,syn_fd6cf87ce4b851c5e41c04c149e54ed0,syn_1386702035718f2adc1df53d409beb16,FEASIBLE,0.25,1.0,EXPLOITATION,1
public_03,public_03_day_27,27,syn_b6fbb8ff4cd880418e162d8d627e308b,syn_ab856031478d06b490854365aa25908b,FEASIBLE,0.0,1.0,EXPLOITATION,1
public_03,public_03_day_27,27,syn_026ffe3c500b39c39ec7c2eed36e36e3,syn_7544cf0fc4755e291401840e2f8816a4,FEASIBLE,0.0,1.0,EXPLOITATION,1
public_03,public_03_day_27,27,syn_7152ee7f2ce7db4b951d0a90817d6087,syn_99e8989458acdcc36e405dc78a4f83d9,FEASIBLE,0.0,1.0,EXPLOITATION,1
public_03,public_03_day_27,27,syn_3fd966eba61dc3463d3f6fcab27f1842,syn_7890ec61d2453731c2bed8b2c3789683,FEASIBLE,0.0,1.0,EXPLOITATION,1
public_03,public_03_day_27,27,syn_e76bd7cf5e613585e449a6c13e24eb84,syn_6c6dd8ba55bed36a3133c316f1955dea,FEASIBLE,0.0,1.0,EXPLOITATION,1
public_03,public_03_day_27,27,syn_31667db2fdb3a644ceaa3debec01d16a,syn_d1e9ca7f6e5beff1f3d5148215458a96,FEASIBLE,0.0,1.0,EXPLOITATION,1
public_03,public_03_day_27,27,syn_eded8c2e3b856be5f61d4a96e97501e6,syn_74c3cf4067a36e0751799c4d031b3b78,FEASIBLE,0.0,1.0,EXPLOITATION,1
public_03,public_03_day_27,27,syn_185239edefd298df77c057d55930fe3f,syn_10f821e0220f9802ab3ba7d7eb630f61,FEASIBLE,0.0,1.0,EXPLOITATION,1
public_03,public_03_day_27,27,syn_b7f3ce4fbc9704d8bcfee59cfe0b92c8,syn_5e808b316d8d05c1f7916cd1a27849ea,FEASIBLE,0.25,1.0,EXPLORATION,0
public_03,public_03_day_27,27,syn_b7f3ce4fbc9704d8bcfee59cfe0b92c8,syn_86283b14f5fafd238ae7d3a164ccab16,FEASIBLE,0.2,1.0,EXPLORATION,0
public_03,public_03_day_27,27,syn_f8f2a559252b3698a0edb501cd7ae110,syn_0dcddd397cc41379aed85d08113dccc2,FEASIBLE,0.17647058823529413,1.0,EXPLORATION,0
public_03,public_03_day_27,27,syn_a705c593e6e69e8c4a02d9d99ba7d9f7,syn_1386702035718f2adc1df53d409beb16,FEASIBLE,0.15,1.0,EXPLOITATION,0
public_03,public_03_day_27,27,syn_b7f3ce4fbc9704d8bcfee59cfe0b92c8,syn_99e8989458acdcc36e405dc78a4f83d9,FEASIBLE,0.0,1.0,EXPLOITATION,0
public_03,public_03_day_27,27,syn_e76bd7cf5e613585e449a6c13e24eb84,syn_e6d67192c35395af70347c1dc1630fc7,FEASIBLE,0.0,1.0,EXPLOITATION,0
public_03,public_03_day_27,27,syn_142667e30eb084da04350e5d347e3b28,syn_99e8989458acdcc36e405dc78a4f83d9,FEASIBLE,0.0,1.0,EXPLORATION,0
public_03,public_03_day_27,27,syn_99e8989458acdcc36e405dc78a4f83d9,syn_86283b14f5fafd238ae7d3a164ccab16,FEASIBLE,0.0,1.0,EXPLORATION,0
public_03,public_03_day_27,27,syn_99e8989458acdcc36e405dc78a4f83d9,syn_55412a44789880504f25ddaf9b09ae5d,FEASIBLE,0.0,1.0,EXPLOITATION,0
public_03,public_03_day_27,27,syn_eded8c2e3b856be5f61d4a96e97501e6,syn_e6d67192c35395af70347c1dc1630fc7,FEASIBLE,0.0,1.0,EXPLOITATION,0
public_03,public_03_day_27,27,syn_ab856031478d06b490854365aa25908b,syn_daaf3d37d8981bbac7062269b5baad10,FEASIBLE,0.0,1.0,EXPLOITATION,0
public_03,public_03_day_28,28,syn_b7f3ce4fbc9704d8bcfee59cfe0b92c8,syn_a95813bf865c1a3f3b025533d8954ddc,FEASIBLE,1.0,1.0,EXPLOITATION,1
public_03,public_03_day_28,28,syn_142667e30eb084da04350e5d347e3b28,syn_f8f2a559252b3698a0edb501cd7ae110,FEASIBLE,0.4117647058823529,1.0,EXPLOITATION,1
public_03,public_03_day_28,28,syn_fd6cf87ce4b851c5e41c04c149e54ed0,syn_1386702035718f2adc1df53d409beb16,FEASIBLE,0.25,1.0,EXPLOITATION,1
public_03,public_03_day_28,28,syn_2794bcdcd701de82acd3e3ffcf71b3e8,syn_407f3f4c2592820b9dae3d1a95298f39,FEASIBLE,0.0,1.0,EXPLOITATION,1
public_03,public_03_day_28,28,syn_b6fbb8ff4cd880418e162d8d627e308b,syn_ab856031478d06b490854365aa25908b,FEASIBLE,0.0,1.0,EXPLOITATION,1
public_03,public_03_day_28,28,syn_026ffe3c500b39c39ec7c2eed36e36e3,syn_7544cf0fc4755e291401840e2f8816a4,FEASIBLE,0.0,1.0,EXPLOITATION,1
public_03,public_03_day_28,28,syn_3fd966eba61dc3463d3f6fcab27f1842,syn_7890ec61d2453731c2bed8b2c3789683,FEASIBLE,0.0,1.0,EXPLOITATION,1
public_03,public_03_day_28,28,syn_e76bd7cf5e613585e449a6c13e24eb84,syn_6c6dd8ba55bed36a3133c316f1955dea,FEASIBLE,0.0,1.0,EXPLOITATION,1
public_03,public_03_day_28,28,syn_31667db2fdb3a644ceaa3debec01d16a,syn_d1e9ca7f6e5beff1f3d5148215458a96,FEASIBLE,0.0,1.0,EXPLOITATION,1
public_03,public_03_day_28,28,syn_eded8c2e3b856be5f61d4a96e97501e6,syn_74c3cf4067a36e0751799c4d031b3b78,FEASIBLE,0.0,1.0,EXPLOITATION,1
public_03,public_03_day_28,28,syn_185239edefd298df77c057d55930fe3f,syn_10f821e0220f9802ab3ba7d7eb630f61,FEASIBLE,0.0,1.0,EXPLOITATION,1
public_03,public_03_day_28,28,syn_b7f3ce4fbc9704d8bcfee59cfe0b92c8,syn_5e808b316d8d05c1f7916cd1a27849ea,FEASIBLE,0.25,1.0,EXPLORATION,0
public_03,public_03_day_28,28,syn_b7f3ce4fbc9704d8bcfee59cfe0b92c8,syn_86283b14f5fafd238ae7d3a164ccab16,FEASIBLE,0.2,1.0,EXPLORATION,0
public_03,public_03_day_28,28,syn_f8f2a559252b3698a0edb501cd7ae110,syn_0dcddd397cc41379aed85d08113dccc2,FEASIBLE,0.17647058823529413,1.0,EXPLORATION,0
public_03,public_03_day_28,28,syn_a705c593e6e69e8c4a02d9d99ba7d9f7,syn_1386702035718f2adc1df53d409beb16,FEASIBLE,0.15,1.0,EXPLOITATION,0
public_03,public_03_day_28,28,syn_e76bd7cf5e613585e449a6c13e24eb84,syn_e6d67192c35395af70347c1dc1630fc7,FEASIBLE,0.0,1.0,EXPLOITATION,0
public_03,public_03_day_28,28,syn_eded8c2e3b856be5f61d4a96e97501e6,syn_e6d67192c35395af70347c1dc1630fc7,FEASIBLE,0.0,1.0,EXPLOITATION,0
public_03,public_03_day_28,28,syn_ab856031478d06b490854365aa25908b,syn_daaf3d37d8981bbac7062269b5baad10,FEASIBLE,0.0,1.0,EXPLOITATION,0
public_03,public_03_day_29,29,syn_b7f3ce4fbc9704d8bcfee59cfe0b92c8,syn_a95813bf865c1a3f3b025533d8954ddc,FEASIBLE,1.0,1.0,EXPLOITATION,1
public_03,public_03_day_29,29,syn_3f469b782bd7f0895490b4ef79828abd,syn_15094d95bee0f3794505e615ef38f757,FEASIBLE,1.0,1.0,EXPLORATION,1
public_03,public_03_day_29,29,syn_fd6cf87ce4b851c5e41c04c149e54ed0,syn_1386702035718f2adc1df53d409beb16,FEASIBLE,0.25,1.0,EXPLOITATION,1
public_03,public_03_day_29,29,syn_2794bcdcd701de82acd3e3ffcf71b3e8,syn_407f3f4c2592820b9dae3d1a95298f39,FEASIBLE,0.0,1.0,EXPLOITATION,1
public_03,public_03_day_29,29,syn_b6fbb8ff4cd880418e162d8d627e308b,syn_ab856031478d06b490854365aa25908b,FEASIBLE,0.0,1.0,EXPLOITATION,1
public_03,public_03_day_29,29,syn_026ffe3c500b39c39ec7c2eed36e36e3,syn_7544cf0fc4755e291401840e2f8816a4,FEASIBLE,0.0,1.0,EXPLOITATION,1
public_03,public_03_day_29,29,syn_3fd966eba61dc3463d3f6fcab27f1842,syn_7890ec61d2453731c2bed8b2c3789683,FEASIBLE,0.0,1.0,EXPLOITATION,1
public_03,public_03_day_29,29,syn_e76bd7cf5e613585e449a6c13e24eb84,syn_6c6dd8ba55bed36a3133c316f1955dea,FEASIBLE,0.0,1.0,EXPLOITATION,1
public_03,public_03_day_29,29,syn_31667db2fdb3a644ceaa3debec01d16a,syn_d1e9ca7f6e5beff1f3d5148215458a96,FEASIBLE,0.0,1.0,EXPLOITATION,1
public_03,public_03_day_29,29,syn_e88e595ca7d3d829c88b8dfd1f418740,syn_97301bd229d9800eb8563ec33bc292c0,FEASIBLE,0.0,1.0,EXPLOITATION,1
public_03,public_03_day_29,29,syn_eded8c2e3b856be5f61d4a96e97501e6,syn_74c3cf4067a36e0751799c4d031b3b78,FEASIBLE,0.0,1.0,EXPLOITATION,1
public_03,public_03_day_29,29,syn_185239edefd298df77c057d55930fe3f,syn_10f821e0220f9802ab3ba7d7eb630f61,FEASIBLE,0.0,1.0,EXPLOITATION,1
public_03,public_03_day_29,29,syn_b7f3ce4fbc9704d8bcfee59cfe0b92c8,syn_5e808b316d8d05c1f7916cd1a27849ea,FEASIBLE,0.25,1.0,EXPLORATION,0
public_03,public_03_day_29,29,syn_142667e30eb084da04350e5d347e3b28,syn_15094d95bee0f3794505e615ef38f757,FEASIBLE,0.25,1.0,EXPLOITATION,0
public_03,public_03_day_29,29,syn_b7f3ce4fbc9704d8bcfee59cfe0b92c8,syn_86283b14f5fafd238ae7d3a164ccab16,FEASIBLE,0.2,1.0,EXPLORATION,0
public_03,public_03_day_29,29,syn_a705c593e6e69e8c4a02d9d99ba7d9f7,syn_1386702035718f2adc1df53d409beb16,FEASIBLE,0.15,1.0,EXPLOITATION,0
public_03,public_03_day_29,29,syn_e76bd7cf5e613585e449a6c13e24eb84,syn_e6d67192c35395af70347c1dc1630fc7,FEASIBLE,0.0,1.0,EXPLOITATION,0
public_03,public_03_day_29,29,syn_eded8c2e3b856be5f61d4a96e97501e6,syn_e6d67192c35395af70347c1dc1630fc7,FEASIBLE,0.0,1.0,EXPLOITATION,0
public_03,public_03_day_31,31,syn_b7f3ce4fbc9704d8bcfee59cfe0b92c8,syn_a95813bf865c1a3f3b025533d8954ddc,FEASIBLE,1.0,1.0,EXPLOITATION,1
public_03,public_03_day_31,31,syn_3f469b782bd7f0895490b4ef79828abd,syn_15094d95bee0f3794505e615ef38f757,FEASIBLE,1.0,1.0,EXPLOITATION,1
public_03,public_03_day_31,31,syn_fd6cf87ce4b851c5e41c04c149e54ed0,syn_1386702035718f2adc1df53d409beb16,FEASIBLE,0.25,1.0,EXPLOITATION,1
public_03,public_03_day_31,31,syn_2794bcdcd701de82acd3e3ffcf71b3e8,syn_407f3f4c2592820b9dae3d1a95298f39,FEASIBLE,0.0,1.0,EXPLOITATION,1
public_03,public_03_day_31,31,syn_b6fbb8ff4cd880418e162d8d627e308b,syn_ab856031478d06b490854365aa25908b,FEASIBLE,0.0,1.0,EXPLOITATION,1
public_03,public_03_day_31,31,syn_026ffe3c500b39c39ec7c2eed36e36e3,syn_7544cf0fc4755e291401840e2f8816a4,FEASIBLE,0.0,1.0,EXPLOITATION,1
public_03,public_03_day_31,31,syn_3fd966eba61dc3463d3f6fcab27f1842,syn_7890ec61d2453731c2bed8b2c3789683,FEASIBLE,0.0,1.0,EXPLOITATION,1
public_03,public_03_day_31,31,syn_e76bd7cf5e613585e449a6c13e24eb84,syn_6c6dd8ba55bed36a3133c316f1955dea,FEASIBLE,0.0,1.0,EXPLOITATION,1
public_03,public_03_day_31,31,syn_31667db2fdb3a644ceaa3debec01d16a,syn_d1e9ca7f6e5beff1f3d5148215458a96,FEASIBLE,0.0,1.0,EXPLOITATION,1
public_03,public_03_day_31,31,syn_e88e595ca7d3d829c88b8dfd1f418740,syn_97301bd229d9800eb8563ec33bc292c0,FEASIBLE,0.0,1.0,EXPLOITATION,1
public_03,public_03_day_31,31,syn_eded8c2e3b856be5f61d4a96e97501e6,syn_74c3cf4067a36e0751799c4d031b3b78,FEASIBLE,0.0,1.0,EXPLOITATION,1
public_03,public_03_day_31,31,syn_185239edefd298df77c057d55930fe3f,syn_10f821e0220f9802ab3ba7d7eb630f61,FEASIBLE,0.0,1.0,EXPLOITATION,1
public_03,public_03_day_31,31,syn_b7f3ce4fbc9704d8bcfee59cfe0b92c8,syn_5e808b316d8d05c1f7916cd1a27849ea,FEASIBLE,0.25,1.0,EXPLORATION,0
public_03,public_03_day_31,31,syn_142667e30eb084da04350e5d347e3b28,syn_15094d95bee0f3794505e615ef38f757,FEASIBLE,0.25,1.0,EXPLOITATION,0
public_03,public_03_day_31,31,syn_b7f3ce4fbc9704d8bcfee59cfe0b92c8,syn_86283b14f5fafd238ae7d3a164ccab16,FEASIBLE,0.2,1.0,EXPLORATION,0
public_03,public_03_day_31,31,syn_a705c593e6e69e8c4a02d9d99ba7d9f7,syn_1386702035718f2adc1df53d409beb16,FEASIBLE,0.15,1.0,EXPLOITATION,0
public_03,public_03_day_31,31,syn_e76bd7cf5e613585e449a6c13e24eb84,syn_e6d67192c35395af70347c1dc1630fc7,FEASIBLE,0.0,1.0,EXPLOITATION,0
public_03,public_03_day_31,31,syn_eded8c2e3b856be5f61d4a96e97501e6,syn_e6d67192c35395af70347c1dc1630fc7,FEASIBLE,0.0,1.0,EXPLOITATION,0
public_03,public_03_day_33,33,syn_b7f3ce4fbc9704d8bcfee59cfe0b92c8,syn_a95813bf865c1a3f3b025533d8954ddc,FEASIBLE,1.0,1.0,EXPLOITATION,1
public_03,public_03_day_33,33,syn_3f469b782bd7f0895490b4ef79828abd,syn_15094d95bee0f3794505e615ef38f757,FEASIBLE,1.0,1.0,EXPLOITATION,1
public_03,public_03_day_33,33,syn_8f39a65287b445d3ccf69246a7619568,syn_142667e30eb084da04350e5d347e3b28,FEASIBLE,0.55,1.0,EXPLORATION,1
public_03,public_03_day_33,33,syn_fd6cf87ce4b851c5e41c04c149e54ed0,syn_1386702035718f2adc1df53d409beb16,FEASIBLE,0.25,1.0,EXPLOITATION,1
public_03,public_03_day_33,33,syn_2794bcdcd701de82acd3e3ffcf71b3e8,syn_407f3f4c2592820b9dae3d1a95298f39,FEASIBLE,0.0,1.0,EXPLOITATION,1
public_03,public_03_day_33,33,syn_b6fbb8ff4cd880418e162d8d627e308b,syn_ab856031478d06b490854365aa25908b,FEASIBLE,0.0,1.0,EXPLOITATION,1
public_03,public_03_day_33,33,syn_026ffe3c500b39c39ec7c2eed36e36e3,syn_7544cf0fc4755e291401840e2f8816a4,FEASIBLE,0.0,1.0,EXPLOITATION,1
public_03,public_03_day_33,33,syn_3fd966eba61dc3463d3f6fcab27f1842,syn_7890ec61d2453731c2bed8b2c3789683,FEASIBLE,0.0,1.0,EXPLOITATION,1
public_03,public_03_day_33,33,syn_e76bd7cf5e613585e449a6c13e24eb84,syn_6c6dd8ba55bed36a3133c316f1955dea,FEASIBLE,0.0,1.0,EXPLOITATION,1
public_03,public_03_day_33,33,syn_31667db2fdb3a644ceaa3debec01d16a,syn_d1e9ca7f6e5beff1f3d5148215458a96,FEASIBLE,0.0,1.0,EXPLOITATION,1
public_03,public_03_day_33,33,syn_e88e595ca7d3d829c88b8dfd1f418740,syn_97301bd229d9800eb8563ec33bc292c0,FEASIBLE,0.0,1.0,EXPLOITATION,1
public_03,public_03_day_33,33,syn_eded8c2e3b856be5f61d4a96e97501e6,syn_74c3cf4067a36e0751799c4d031b3b78,FEASIBLE,0.0,1.0,EXPLOITATION,1
public_03,public_03_day_33,33,syn_185239edefd298df77c057d55930fe3f,syn_10f821e0220f9802ab3ba7d7eb630f61,FEASIBLE,0.0,1.0,EXPLOITATION,1
public_03,public_03_day_33,33,syn_8f39a65287b445d3ccf69246a7619568,syn_c660a0f85f5d3d333ed60c3392f7d636,FEASIBLE,0.44999999999999996,1.0,EXPLOITATION,0
public_03,public_03_day_33,33,syn_b7f3ce4fbc9704d8bcfee59cfe0b92c8,syn_5e808b316d8d05c1f7916cd1a27849ea,FEASIBLE,0.25,1.0,EXPLORATION,0
public_03,public_03_day_33,33,syn_142667e30eb084da04350e5d347e3b28,syn_15094d95bee0f3794505e615ef38f757,FEASIBLE,0.25,1.0,EXPLOITATION,0
public_03,public_03_day_33,33,syn_b7f3ce4fbc9704d8bcfee59cfe0b92c8,syn_86283b14f5fafd238ae7d3a164ccab16,FEASIBLE,0.2,1.0,EXPLORATION,0
public_03,public_03_day_33,33,syn_a705c593e6e69e8c4a02d9d99ba7d9f7,syn_1386702035718f2adc1df53d409beb16,FEASIBLE,0.15,1.0,EXPLOITATION,0
public_03,public_03_day_33,33,syn_8f39a65287b445d3ccf69246a7619568,syn_15094d95bee0f3794505e615ef38f757,FEASIBLE,0.05,1.0,EXPLOITATION,0
public_03,public_03_day_33,33,syn_2794bcdcd701de82acd3e3ffcf71b3e8,syn_8f39a65287b445d3ccf69246a7619568,FEASIBLE,0.0,1.0,EXPLOITATION,0
public_03,public_03_day_33,33,syn_8f39a65287b445d3ccf69246a7619568,syn_407f3f4c2592820b9dae3d1a95298f39,FEASIBLE,0.0,1.0,EXPLORATION,0
public_03,public_03_day_33,33,syn_8f39a65287b445d3ccf69246a7619568,syn_03991bbe99548e8a5bda3e8f8f067c7b,FEASIBLE,0.0,1.0,EXPLORATION,0
public_03,public_03_day_33,33,syn_e76bd7cf5e613585e449a6c13e24eb84,syn_e6d67192c35395af70347c1dc1630fc7,FEASIBLE,0.0,1.0,EXPLOITATION,0
public_03,public_03_day_33,33,syn_eded8c2e3b856be5f61d4a96e97501e6,syn_e6d67192c35395af70347c1dc1630fc7,FEASIBLE,0.0,1.0,EXPLOITATION,0
public_03,public_03_day_35,35,syn_b7f3ce4fbc9704d8bcfee59cfe0b92c8,syn_a95813bf865c1a3f3b025533d8954ddc,FEASIBLE,1.0,1.0,EXPLOITATION,1
public_03,public_03_day_35,35,syn_3f469b782bd7f0895490b4ef79828abd,syn_15094d95bee0f3794505e615ef38f757,FEASIBLE,1.0,1.0,EXPLOITATION,1
public_03,public_03_day_35,35,syn_8f39a65287b445d3ccf69246a7619568,syn_142667e30eb084da04350e5d347e3b28,FEASIBLE,0.55,1.0,EXPLOITATION,1
public_03,public_03_day_35,35,syn_fd6cf87ce4b851c5e41c04c149e54ed0,syn_1386702035718f2adc1df53d409beb16,FEASIBLE,0.25,1.0,EXPLOITATION,1
public_03,public_03_day_35,35,syn_2794bcdcd701de82acd3e3ffcf71b3e8,syn_407f3f4c2592820b9dae3d1a95298f39,FEASIBLE,0.0,1.0,EXPLOITATION,1
public_03,public_03_day_35,35,syn_f0ac5b307a3422f700d73938aa017c30,syn_ca8ec182051432927289a3155c8c0876,FEASIBLE,0.0,1.0,EXPLOITATION,1
public_03,public_03_day_35,35,syn_b6fbb8ff4cd880418e162d8d627e308b,syn_ab856031478d06b490854365aa25908b,FEASIBLE,0.0,1.0,EXPLOITATION,1
public_03,public_03_day_35,35,syn_026ffe3c500b39c39ec7c2eed36e36e3,syn_7544cf0fc4755e291401840e2f8816a4,FEASIBLE,0.0,1.0,EXPLOITATION,1
public_03,public_03_day_35,35,syn_3fd966eba61dc3463d3f6fcab27f1842,syn_7890ec61d2453731c2bed8b2c3789683,FEASIBLE,0.0,1.0,EXPLOITATION,1
public_03,public_03_day_35,35,syn_e76bd7cf5e613585e449a6c13e24eb84,syn_6c6dd8ba55bed36a3133c316f1955dea,FEASIBLE,0.0,1.0,EXPLOITATION,1
public_03,public_03_day_35,35,syn_31667db2fdb3a644ceaa3debec01d16a,syn_d1e9ca7f6e5beff1f3d5148215458a96,FEASIBLE,0.0,1.0,EXPLOITATION,1
public_03,public_03_day_35,35,syn_e88e595ca7d3d829c88b8dfd1f418740,syn_97301bd229d9800eb8563ec33bc292c0,FEASIBLE,0.0,1.0,EXPLOITATION,1
public_03,public_03_day_35,35,syn_eded8c2e3b856be5f61d4a96e97501e6,syn_74c3cf4067a36e0751799c4d031b3b78,FEASIBLE,0.0,1.0,EXPLOITATION,1
public_03,public_03_day_35,35,syn_185239edefd298df77c057d55930fe3f,syn_10f821e0220f9802ab3ba7d7eb630f61,FEASIBLE,0.0,1.0,EXPLOITATION,1
public_03,public_03_day_35,35,syn_8f39a65287b445d3ccf69246a7619568,syn_c660a0f85f5d3d333ed60c3392f7d636,FEASIBLE,0.44999999999999996,1.0,EXPLOITATION,0
public_03,public_03_day_35,35,syn_b7f3ce4fbc9704d8bcfee59cfe0b92c8,syn_5e808b316d8d05c1f7916cd1a27849ea,FEASIBLE,0.25,1.0,EXPLORATION,0
public_03,public_03_day_35,35,syn_142667e30eb084da04350e5d347e3b28,syn_15094d95bee0f3794505e615ef38f757,FEASIBLE,0.25,1.0,EXPLOITATION,0
public_03,public_03_day_35,35,syn_b7f3ce4fbc9704d8bcfee59cfe0b92c8,syn_86283b14f5fafd238ae7d3a164ccab16,FEASIBLE,0.2,1.0,EXPLORATION,0
public_03,public_03_day_35,35,syn_a705c593e6e69e8c4a02d9d99ba7d9f7,syn_1386702035718f2adc1df53d409beb16,FEASIBLE,0.15,1.0,EXPLOITATION,0
public_03,public_03_day_35,35,syn_8f39a65287b445d3ccf69246a7619568,syn_15094d95bee0f3794505e615ef38f757,FEASIBLE,0.05,1.0,EXPLOITATION,0
public_03,public_03_day_35,35,syn_2794bcdcd701de82acd3e3ffcf71b3e8,syn_8f39a65287b445d3ccf69246a7619568,FEASIBLE,0.0,1.0,EXPLOITATION,0
public_03,public_03_day_35,35,syn_8f39a65287b445d3ccf69246a7619568,syn_407f3f4c2592820b9dae3d1a95298f39,FEASIBLE,0.0,1.0,EXPLORATION,0
public_03,public_03_day_35,35,syn_8f39a65287b445d3ccf69246a7619568,syn_03991bbe99548e8a5bda3e8f8f067c7b,FEASIBLE,0.0,1.0,EXPLORATION,0
public_03,public_03_day_35,35,syn_f0ac5b307a3422f700d73938aa017c30,syn_27acdff62392ec6c2f7235dc7280b1de,FEASIBLE,0.0,1.0,EXPLOITATION,0
public_03,public_03_day_35,35,syn_e76bd7cf5e613585e449a6c13e24eb84,syn_e6d67192c35395af70347c1dc1630fc7,FEASIBLE,0.0,1.0,EXPLOITATION,0
public_03,public_03_day_35,35,syn_eded8c2e3b856be5f61d4a96e97501e6,syn_e6d67192c35395af70347c1dc1630fc7,FEASIBLE,0.0,1.0,EXPLOITATION,0
public_03,public_03_day_35,35,syn_ca8ec182051432927289a3155c8c0876,syn_27acdff62392ec6c2f7235dc7280b1de,FEASIBLE,0.0,1.0,EXPLOITATION,0
public_03,public_03_day_36,36,syn_b7f3ce4fbc9704d8bcfee59cfe0b92c8,syn_a95813bf865c1a3f3b025533d8954ddc,FEASIBLE,1.0,1.0,EXPLOITATION,1
public_03,public_03_day_36,36,syn_3f469b782bd7f0895490b4ef79828abd,syn_15094d95bee0f3794505e615ef38f757,FEASIBLE,1.0,1.0,EXPLOITATION,1
public_03,public_03_day_36,36,syn_8f39a65287b445d3ccf69246a7619568,syn_142667e30eb084da04350e5d347e3b28,FEASIBLE,0.55,1.0,EXPLOITATION,1
public_03,public_03_day_36,36,syn_fd6cf87ce4b851c5e41c04c149e54ed0,syn_1386702035718f2adc1df53d409beb16,FEASIBLE,0.25,1.0,EXPLOITATION,1
public_03,public_03_day_36,36,syn_2794bcdcd701de82acd3e3ffcf71b3e8,syn_407f3f4c2592820b9dae3d1a95298f39,FEASIBLE,0.0,1.0,EXPLOITATION,1
public_03,public_03_day_36,36,syn_f0ac5b307a3422f700d73938aa017c30,syn_ca8ec182051432927289a3155c8c0876,FEASIBLE,0.0,1.0,EXPLOITATION,1
public_03,public_03_day_36,36,syn_b6fbb8ff4cd880418e162d8d627e308b,syn_ab856031478d06b490854365aa25908b,FEASIBLE,0.0,1.0,EXPLOITATION,1
public_03,public_03_day_36,36,syn_026ffe3c500b39c39ec7c2eed36e36e3,syn_7544cf0fc4755e291401840e2f8816a4,FEASIBLE,0.0,1.0,EXPLOITATION,1
public_03,public_03_day_36,36,syn_7152ee7f2ce7db4b951d0a90817d6087,syn_e88e595ca7d3d829c88b8dfd1f418740,FEASIBLE,0.0,1.0,EXPLOITATION,1
public_03,public_03_day_36,36,syn_3fd966eba61dc3463d3f6fcab27f1842,syn_7890ec61d2453731c2bed8b2c3789683,FEASIBLE,0.0,1.0,EXPLOITATION,1
public_03,public_03_day_36,36,syn_e76bd7cf5e613585e449a6c13e24eb84,syn_6c6dd8ba55bed36a3133c316f1955dea,FEASIBLE,0.0,1.0,EXPLOITATION,1
public_03,public_03_day_36,36,syn_31667db2fdb3a644ceaa3debec01d16a,syn_d1e9ca7f6e5beff1f3d5148215458a96,FEASIBLE,0.0,1.0,EXPLOITATION,1
public_03,public_03_day_36,36,syn_99e8989458acdcc36e405dc78a4f83d9,syn_86283b14f5fafd238ae7d3a164ccab16,FEASIBLE,0.0,1.0,EXPLORATION,1
public_03,public_03_day_36,36,syn_eded8c2e3b856be5f61d4a96e97501e6,syn_74c3cf4067a36e0751799c4d031b3b78,FEASIBLE,0.0,1.0,EXPLOITATION,1
public_03,public_03_day_36,36,syn_185239edefd298df77c057d55930fe3f,syn_10f821e0220f9802ab3ba7d7eb630f61,FEASIBLE,0.0,1.0,EXPLOITATION,1
public_03,public_03_day_36,36,syn_8f39a65287b445d3ccf69246a7619568,syn_c660a0f85f5d3d333ed60c3392f7d636,FEASIBLE,0.44999999999999996,1.0,EXPLOITATION,0
public_03,public_03_day_36,36,syn_b7f3ce4fbc9704d8bcfee59cfe0b92c8,syn_5e808b316d8d05c1f7916cd1a27849ea,FEASIBLE,0.25,1.0,EXPLORATION,0
public_03,public_03_day_36,36,syn_142667e30eb084da04350e5d347e3b28,syn_15094d95bee0f3794505e615ef38f757,FEASIBLE,0.25,1.0,EXPLOITATION,0
public_03,public_03_day_36,36,syn_b7f3ce4fbc9704d8bcfee59cfe0b92c8,syn_86283b14f5fafd238ae7d3a164ccab16,FEASIBLE,0.2,1.0,EXPLORATION,0
public_03,public_03_day_36,36,syn_a705c593e6e69e8c4a02d9d99ba7d9f7,syn_1386702035718f2adc1df53d409beb16,FEASIBLE,0.15,1.0,EXPLOITATION,0
public_03,public_03_day_36,36,syn_8f39a65287b445d3ccf69246a7619568,syn_15094d95bee0f3794505e615ef38f757,FEASIBLE,0.05,1.0,EXPLOITATION,0
public_03,public_03_day_36,36,syn_2794bcdcd701de82acd3e3ffcf71b3e8,syn_8f39a65287b445d3ccf69246a7619568,FEASIBLE,0.0,1.0,EXPLOITATION,0
public_03,public_03_day_36,36,syn_8f39a65287b445d3ccf69246a7619568,syn_407f3f4c2592820b9dae3d1a95298f39,FEASIBLE,0.0,1.0,EXPLORATION,0
public_03,public_03_day_36,36,syn_8f39a65287b445d3ccf69246a7619568,syn_03991bbe99548e8a5bda3e8f8f067c7b,FEASIBLE,0.0,1.0,EXPLORATION,0
public_03,public_03_day_36,36,syn_f0ac5b307a3422f700d73938aa017c30,syn_27acdff62392ec6c2f7235dc7280b1de,FEASIBLE,0.0,1.0,EXPLOITATION,0
public_03,public_03_day_36,36,syn_7152ee7f2ce7db4b951d0a90817d6087,syn_99e8989458acdcc36e405dc78a4f83d9,FEASIBLE,0.0,1.0,EXPLOITATION,0
public_03,public_03_day_36,36,syn_7152ee7f2ce7db4b951d0a90817d6087,syn_97301bd229d9800eb8563ec33bc292c0,FEASIBLE,0.0,1.0,EXPLOITATION,0
public_03,public_03_day_36,36,syn_b7f3ce4fbc9704d8bcfee59cfe0b92c8,syn_99e8989458acdcc36e405dc78a4f83d9,FEASIBLE,0.0,1.0,EXPLOITATION,0
public_03,public_03_day_36,36,syn_e76bd7cf5e613585e449a6c13e24eb84,syn_e6d67192c35395af70347c1dc1630fc7,FEASIBLE,0.0,1.0,EXPLOITATION,0
public_03,public_03_day_36,36,syn_142667e30eb084da04350e5d347e3b28,syn_99e8989458acdcc36e405dc78a4f83d9,FEASIBLE,0.0,1.0,EXPLORATION,0
public_03,public_03_day_36,36,syn_e88e595ca7d3d829c88b8dfd1f418740,syn_97301bd229d9800eb8563ec33bc292c0,FEASIBLE,0.0,1.0,EXPLOITATION,0
public_03,public_03_day_36,36,syn_99e8989458acdcc36e405dc78a4f83d9,syn_55412a44789880504f25ddaf9b09ae5d,FEASIBLE,0.0,1.0,EXPLOITATION,0
public_03,public_03_day_36,36,syn_99e8989458acdcc36e405dc78a4f83d9,syn_97301bd229d9800eb8563ec33bc292c0,FEASIBLE,0.0,1.0,EXPLOITATION,0
public_03,public_03_day_36,36,syn_eded8c2e3b856be5f61d4a96e97501e6,syn_e6d67192c35395af70347c1dc1630fc7,FEASIBLE,0.0,1.0,EXPLOITATION,0
public_03,public_03_day_36,36,syn_ca8ec182051432927289a3155c8c0876,syn_27acdff62392ec6c2f7235dc7280b1de,FEASIBLE,0.0,1.0,EXPLOITATION,0
public_04,public_04_day_1,1,syn_849e022f628b4bab94ec91859a2eb260,syn_685afb58756b09bce56c0f7d31be8487,FEASIBLE,0.3,1.0,EXPLORATION,1
public_04,public_04_day_1,1,syn_849e022f628b4bab94ec91859a2eb260,syn_c5eaf70283619d3e612460ed0559915a,FEASIBLE,0.2,1.0,EXPLORATION,0
public_04,public_04_day_2,2,syn_849e022f628b4bab94ec91859a2eb260,syn_685afb58756b09bce56c0f7d31be8487,FEASIBLE,0.3,1.0,EXPLOITATION,1
public_04,public_04_day_2,2,syn_2ca17e374c5c610d6ebd340ad8aacd7f,syn_89ffea423f1a280a457958942f6b8ab8,FEASIBLE,0.0,1.0,EXPLORATION,1
public_04,public_04_day_2,2,syn_849e022f628b4bab94ec91859a2eb260,syn_c5eaf70283619d3e612460ed0559915a,FEASIBLE,0.2,1.0,EXPLOITATION,0
public_04,public_04_day_2,2,syn_2ca17e374c5c610d6ebd340ad8aacd7f,syn_97451abfdecc902a5de05bc02876603f,FEASIBLE,0.0,1.0,EXPLORATION,0
public_04,public_04_day_3,3,syn_849e022f628b4bab94ec91859a2eb260,syn_685afb58756b09bce56c0f7d31be8487,FEASIBLE,0.3,1.0,EXPLOITATION,1
public_04,public_04_day_3,3,syn_e453a9753947b8de3c0e1a316bed97e0,syn_1890fa287cb47cb3c40bfc072dea2831,FEASIBLE,0.0,1.0,EXPLORATION,1
public_04,public_04_day_3,3,syn_2ca17e374c5c610d6ebd340ad8aacd7f,syn_89ffea423f1a280a457958942f6b8ab8,FEASIBLE,0.0,1.0,EXPLOITATION,1
public_04,public_04_day_3,3,syn_849e022f628b4bab94ec91859a2eb260,syn_c5eaf70283619d3e612460ed0559915a,FEASIBLE,0.2,1.0,EXPLOITATION,0
public_04,public_04_day_3,3,syn_2ca17e374c5c610d6ebd340ad8aacd7f,syn_97451abfdecc902a5de05bc02876603f,FEASIBLE,0.0,1.0,EXPLORATION,0
public_04,public_04_day_4,4,syn_849e022f628b4bab94ec91859a2eb260,syn_685afb58756b09bce56c0f7d31be8487,FEASIBLE,0.3,1.0,EXPLOITATION,1
public_04,public_04_day_4,4,syn_74c35467d7d42e945b810aed798b15fd,syn_bd73b3c0ed911bba8f82e95365300148,FEASIBLE,0.0,1.0,EXPLORATION,1
public_04,public_04_day_4,4,syn_e453a9753947b8de3c0e1a316bed97e0,syn_1890fa287cb47cb3c40bfc072dea2831,FEASIBLE,0.0,1.0,EXPLOITATION,1
public_04,public_04_day_4,4,syn_2ca17e374c5c610d6ebd340ad8aacd7f,syn_89ffea423f1a280a457958942f6b8ab8,FEASIBLE,0.0,1.0,EXPLOITATION,1
public_04,public_04_day_4,4,syn_849e022f628b4bab94ec91859a2eb260,syn_c5eaf70283619d3e612460ed0559915a,FEASIBLE,0.2,1.0,EXPLOITATION,0
public_04,public_04_day_4,4,syn_2ca17e374c5c610d6ebd340ad8aacd7f,syn_97451abfdecc902a5de05bc02876603f,FEASIBLE,0.0,1.0,EXPLORATION,0
public_04,public_04_day_5,5,syn_849e022f628b4bab94ec91859a2eb260,syn_685afb58756b09bce56c0f7d31be8487,FEASIBLE,0.3,1.0,EXPLOITATION,1
public_04,public_04_day_5,5,syn_74c35467d7d42e945b810aed798b15fd,syn_bd73b3c0ed911bba8f82e95365300148,FEASIBLE,0.0,1.0,EXPLOITATION,1
public_04,public_04_day_5,5,syn_e453a9753947b8de3c0e1a316bed97e0,syn_1890fa287cb47cb3c40bfc072dea2831,FEASIBLE,0.0,1.0,EXPLOITATION,1
public_04,public_04_day_5,5,syn_2ca17e374c5c610d6ebd340ad8aacd7f,syn_89ffea423f1a280a457958942f6b8ab8,FEASIBLE,0.0,1.0,EXPLOITATION,1
public_04,public_04_day_5,5,syn_849e022f628b4bab94ec91859a2eb260,syn_c5eaf70283619d3e612460ed0559915a,FEASIBLE,0.2,1.0,EXPLOITATION,0
public_04,public_04_day_5,5,syn_2ca17e374c5c610d6ebd340ad8aacd7f,syn_97451abfdecc902a5de05bc02876603f,FEASIBLE,0.0,1.0,EXPLORATION,0
public_04,public_04_day_6,6,syn_849e022f628b4bab94ec91859a2eb260,syn_685afb58756b09bce56c0f7d31be8487,FEASIBLE,0.3,1.0,EXPLOITATION,1
public_04,public_04_day_6,6,syn_74c35467d7d42e945b810aed798b15fd,syn_bd73b3c0ed911bba8f82e95365300148,FEASIBLE,0.0,1.0,EXPLOITATION,1
public_04,public_04_day_6,6,syn_e453a9753947b8de3c0e1a316bed97e0,syn_1890fa287cb47cb3c40bfc072dea2831,FEASIBLE,0.0,1.0,EXPLOITATION,1
public_04,public_04_day_6,6,syn_2ca17e374c5c610d6ebd340ad8aacd7f,syn_89ffea423f1a280a457958942f6b8ab8,FEASIBLE,0.0,1.0,EXPLOITATION,1
public_04,public_04_day_6,6,syn_38dbdc9717d6e36a819261a8eae3e39a,syn_e7a68b664447aa1b9a47d321c285d374,FEASIBLE,0.0,1.0,EXPLORATION,1
public_04,public_04_day_6,6,syn_18e71c29fea4faa2e9521f85243b9f95,syn_073555cc4699627ce699abc314b5b131,FEASIBLE,0.0,1.0,EXPLORATION,1
public_04,public_04_day_6,6,syn_849e022f628b4bab94ec91859a2eb260,syn_c5eaf70283619d3e612460ed0559915a,FEASIBLE,0.2,1.0,EXPLOITATION,0
public_04,public_04_day_6,6,syn_74c35467d7d42e945b810aed798b15fd,syn_18e71c29fea4faa2e9521f85243b9f95,FEASIBLE,0.0,1.0,EXPLORATION,0
public_04,public_04_day_6,6,syn_2ca17e374c5c610d6ebd340ad8aacd7f,syn_97451abfdecc902a5de05bc02876603f,FEASIBLE,0.0,1.0,EXPLORATION,0
public_04,public_04_day_6,6,syn_bd73b3c0ed911bba8f82e95365300148,syn_18e71c29fea4faa2e9521f85243b9f95,FEASIBLE,0.0,1.0,EXPLORATION,0
public_04,public_04_day_6,6,syn_e7a68b664447aa1b9a47d321c285d374,syn_215e3b0145dd93a06ffef8ea4c228704,FEASIBLE,0.0,1.0,EXPLORATION,0
public_04,public_04_day_7,7,syn_26e7743051a10c35ca448232f7764c4a,syn_7d448552e3c6ed9ebe17c4fdc0aeb319,FEASIBLE,0.5,1.0,EXPLORATION,1
public_04,public_04_day_7,7,syn_849e022f628b4bab94ec91859a2eb260,syn_685afb58756b09bce56c0f7d31be8487,FEASIBLE,0.3,1.0,EXPLOITATION,1
public_04,public_04_day_7,7,syn_74c35467d7d42e945b810aed798b15fd,syn_bd73b3c0ed911bba8f82e95365300148,FEASIBLE,0.0,1.0,EXPLOITATION,1
public_04,public_04_day_7,7,syn_e453a9753947b8de3c0e1a316bed97e0,syn_1890fa287cb47cb3c40bfc072dea2831,FEASIBLE,0.0,1.0,EXPLOITATION,1
public_04,public_04_day_7,7,syn_2ca17e374c5c610d6ebd340ad8aacd7f,syn_89ffea423f1a280a457958942f6b8ab8,FEASIBLE,0.0,1.0,EXPLOITATION,1
public_04,public_04_day_7,7,syn_38dbdc9717d6e36a819261a8eae3e39a,syn_e7a68b664447aa1b9a47d321c285d374,FEASIBLE,0.0,1.0,EXPLOITATION,1
public_04,public_04_day_7,7,syn_18e71c29fea4faa2e9521f85243b9f95,syn_073555cc4699627ce699abc314b5b131,FEASIBLE,0.0,1.0,EXPLOITATION,1
public_04,public_04_day_7,7,syn_849e022f628b4bab94ec91859a2eb260,syn_c5eaf70283619d3e612460ed0559915a,FEASIBLE,0.2,1.0,EXPLOITATION,0
public_04,public_04_day_7,7,syn_26e7743051a10c35ca448232f7764c4a,syn_2cc1b7faf23b94d37ea32fc268130f4d,FEASIBLE,0.15,1.0,EXPLORATION,0
public_04,public_04_day_7,7,syn_74c35467d7d42e945b810aed798b15fd,syn_18e71c29fea4faa2e9521f85243b9f95,FEASIBLE,0.0,1.0,EXPLORATION,0
public_04,public_04_day_7,7,syn_2ca17e374c5c610d6ebd340ad8aacd7f,syn_97451abfdecc902a5de05bc02876603f,FEASIBLE,0.0,1.0,EXPLORATION,0
public_04,public_04_day_7,7,syn_bd73b3c0ed911bba8f82e95365300148,syn_18e71c29fea4faa2e9521f85243b9f95,FEASIBLE,0.0,1.0,EXPLORATION,0
public_04,public_04_day_7,7,syn_e7a68b664447aa1b9a47d321c285d374,syn_215e3b0145dd93a06ffef8ea4c228704,FEASIBLE,0.0,1.0,EXPLOITATION,0
public_04,public_04_day_7,7,syn_93ef35bd033e0f6f8d9a1712f26b9d09,syn_7d448552e3c6ed9ebe17c4fdc0aeb319,FEASIBLE,0.0,1.0,EXPLORATION,0
public_04,public_04_day_8,8,syn_1f125e068adfe453e6d646b417a74160,syn_eb8696fb693b13718b8d552d3dee6513,FEASIBLE,0.5,1.0,EXPLORATION,1
public_04,public_04_day_8,8,syn_74c35467d7d42e945b810aed798b15fd,syn_bd73b3c0ed911bba8f82e95365300148,FEASIBLE,0.0,1.0,EXPLOITATION,1
public_04,public_04_day_8,8,syn_ec05382d80bba6e4273caefd8c1c6f6d,syn_3d9c8af991bc51ab54c7c0880f2bec7d,FEASIBLE,0.0,1.0,EXPLORATION,1
public_04,public_04_day_8,8,syn_e453a9753947b8de3c0e1a316bed97e0,syn_1890fa287cb47cb3c40bfc072dea2831,FEASIBLE,0.0,1.0,EXPLOITATION,1
public_04,public_04_day_8,8,syn_2ca17e374c5c610d6ebd340ad8aacd7f,syn_89ffea423f1a280a457958942f6b8ab8,FEASIBLE,0.0,1.0,EXPLOITATION,1
public_04,public_04_day_8,8,syn_38dbdc9717d6e36a819261a8eae3e39a,syn_e7a68b664447aa1b9a47d321c285d374,FEASIBLE,0.0,1.0,EXPLOITATION,1
public_04,public_04_day_8,8,syn_18e71c29fea4faa2e9521f85243b9f95,syn_507d19d91c5d6c09cdd0d1fef4b95f62,FEASIBLE,0.0,1.0,EXPLORATION,1
public_04,public_04_day_8,8,syn_d1b5f8ee73715bd439ffdd81ad2039c1,syn_eb8696fb693b13718b8d552d3dee6513,FEASIBLE,0.2,1.0,EXPLORATION,0
public_04,public_04_day_8,8,syn_74c35467d7d42e945b810aed798b15fd,syn_18e71c29fea4faa2e9521f85243b9f95,FEASIBLE,0.0,1.0,EXPLORATION,0
public_04,public_04_day_8,8,syn_2ca17e374c5c610d6ebd340ad8aacd7f,syn_97451abfdecc902a5de05bc02876603f,FEASIBLE,0.0,1.0,EXPLORATION,0
public_04,public_04_day_8,8,syn_bd73b3c0ed911bba8f82e95365300148,syn_18e71c29fea4faa2e9521f85243b9f95,FEASIBLE,0.0,1.0,EXPLORATION,0
public_04,public_04_day_8,8,syn_18e71c29fea4faa2e9521f85243b9f95,syn_fc5ac0142c9d3d0ee6ec9e0c8dcfa904,FEASIBLE,0.0,1.0,EXPLORATION,0
public_04,public_04_day_8,8,syn_18e71c29fea4faa2e9521f85243b9f95,syn_073555cc4699627ce699abc314b5b131,FEASIBLE,0.0,1.0,EXPLOITATION,0
public_04,public_04_day_8,8,syn_e7a68b664447aa1b9a47d321c285d374,syn_215e3b0145dd93a06ffef8ea4c228704,FEASIBLE,0.0,1.0,EXPLOITATION,0
public_04,public_04_day_8,8,syn_3d9c8af991bc51ab54c7c0880f2bec7d,syn_d1b5f8ee73715bd439ffdd81ad2039c1,FEASIBLE,0.0,1.0,EXPLOITATION,0
public_04,public_04_day_9,9,syn_1f125e068adfe453e6d646b417a74160,syn_eb8696fb693b13718b8d552d3dee6513,FEASIBLE,0.5,1.0,EXPLOITATION,1
public_04,public_04_day_9,9,syn_26e7743051a10c35ca448232f7764c4a,syn_2cc1b7faf23b94d37ea32fc268130f4d,FEASIBLE,0.15,1.0,EXPLORATION,1
public_04,public_04_day_9,9,syn_74c35467d7d42e945b810aed798b15fd,syn_bd73b3c0ed911bba8f82e95365300148,FEASIBLE,0.0,1.0,EXPLOITATION,1
public_04,public_04_day_9,9,syn_ec05382d80bba6e4273caefd8c1c6f6d,syn_3d9c8af991bc51ab54c7c0880f2bec7d,FEASIBLE,0.0,1.0,EXPLOITATION,1
public_04,public_04_day_9,9,syn_e453a9753947b8de3c0e1a316bed97e0,syn_1890fa287cb47cb3c40bfc072dea2831,FEASIBLE,0.0,1.0,EXPLOITATION,1
public_04,public_04_day_9,9,syn_38dbdc9717d6e36a819261a8eae3e39a,syn_e7a68b664447aa1b9a47d321c285d374,FEASIBLE,0.0,1.0,EXPLOITATION,1
public_04,public_04_day_9,9,syn_18e71c29fea4faa2e9521f85243b9f95,syn_507d19d91c5d6c09cdd0d1fef4b95f62,FEASIBLE,0.0,1.0,EXPLOITATION,1
public_04,public_04_day_9,9,syn_d744f1c529f904c1246ab63e0e41b857,syn_fbe1b83833b2641f4b119c9986cd4b5b,FEASIBLE,0.0,1.0,EXPLOITATION,1
public_04,public_04_day_9,9,syn_d1b5f8ee73715bd439ffdd81ad2039c1,syn_eb8696fb693b13718b8d552d3dee6513,FEASIBLE,0.2,1.0,EXPLORATION,0
public_04,public_04_day_9,9,syn_74c35467d7d42e945b810aed798b15fd,syn_18e71c29fea4faa2e9521f85243b9f95,FEASIBLE,0.0,1.0,EXPLOITATION,0
public_04,public_04_day_9,9,syn_bd73b3c0ed911bba8f82e95365300148,syn_18e71c29fea4faa2e9521f85243b9f95,FEASIBLE,0.0,1.0,EXPLORATION,0
public_04,public_04_day_9,9,syn_18e71c29fea4faa2e9521f85243b9f95,syn_fc5ac0142c9d3d0ee6ec9e0c8dcfa904,FEASIBLE,0.0,1.0,EXPLORATION,0
public_04,public_04_day_9,9,syn_18e71c29fea4faa2e9521f85243b9f95,syn_073555cc4699627ce699abc314b5b131,FEASIBLE,0.0,1.0,EXPLOITATION,0
public_04,public_04_day_9,9,syn_e7a68b664447aa1b9a47d321c285d374,syn_215e3b0145dd93a06ffef8ea4c228704,FEASIBLE,0.0,1.0,EXPLOITATION,0
public_04,public_04_day_9,9,syn_3d9c8af991bc51ab54c7c0880f2bec7d,syn_d1b5f8ee73715bd439ffdd81ad2039c1,FEASIBLE,0.0,1.0,EXPLOITATION,0
public_04,public_04_day_10,10,syn_1f125e068adfe453e6d646b417a74160,syn_eb8696fb693b13718b8d552d3dee6513,FEASIBLE,0.5,1.0,EXPLOITATION,1
public_04,public_04_day_10,10,syn_849e022f628b4bab94ec91859a2eb260,syn_685afb58756b09bce56c0f7d31be8487,FEASIBLE,0.3,1.0,EXPLOITATION,1
public_04,public_04_day_10,10,syn_26e7743051a10c35ca448232f7764c4a,syn_2cc1b7faf23b94d37ea32fc268130f4d,FEASIBLE,0.15,1.0,EXPLOITATION,1
public_04,public_04_day_10,10,syn_74c35467d7d42e945b810aed798b15fd,syn_bd73b3c0ed911bba8f82e95365300148,FEASIBLE,0.0,1.0,EXPLOITATION,1
public_04,public_04_day_10,10,syn_ec05382d80bba6e4273caefd8c1c6f6d,syn_3d9c8af991bc51ab54c7c0880f2bec7d,FEASIBLE,0.0,1.0,EXPLOITATION,1
public_04,public_04_day_10,10,syn_e453a9753947b8de3c0e1a316bed97e0,syn_1890fa287cb47cb3c40bfc072dea2831,FEASIBLE,0.0,1.0,EXPLOITATION,1
public_04,public_04_day_10,10,syn_38dbdc9717d6e36a819261a8eae3e39a,syn_e7a68b664447aa1b9a47d321c285d374,FEASIBLE,0.0,1.0,EXPLOITATION,1
public_04,public_04_day_10,10,syn_18e71c29fea4faa2e9521f85243b9f95,syn_507d19d91c5d6c09cdd0d1fef4b95f62,FEASIBLE,0.0,1.0,EXPLOITATION,1
public_04,public_04_day_10,10,syn_d744f1c529f904c1246ab63e0e41b857,syn_fbe1b83833b2641f4b119c9986cd4b5b,FEASIBLE,0.0,1.0,EXPLOITATION,1
public_04,public_04_day_10,10,syn_849e022f628b4bab94ec91859a2eb260,syn_c5eaf70283619d3e612460ed0559915a,FEASIBLE,0.2,1.0,EXPLOITATION,0
public_04,public_04_day_10,10,syn_d1b5f8ee73715bd439ffdd81ad2039c1,syn_eb8696fb693b13718b8d552d3dee6513,FEASIBLE,0.2,1.0,EXPLORATION,0
public_04,public_04_day_10,10,syn_74c35467d7d42e945b810aed798b15fd,syn_18e71c29fea4faa2e9521f85243b9f95,FEASIBLE,0.0,1.0,EXPLOITATION,0
public_04,public_04_day_10,10,syn_bd73b3c0ed911bba8f82e95365300148,syn_18e71c29fea4faa2e9521f85243b9f95,FEASIBLE,0.0,1.0,EXPLORATION,0
public_04,public_04_day_10,10,syn_18e71c29fea4faa2e9521f85243b9f95,syn_fc5ac0142c9d3d0ee6ec9e0c8dcfa904,FEASIBLE,0.0,1.0,EXPLORATION,0
public_04,public_04_day_10,10,syn_18e71c29fea4faa2e9521f85243b9f95,syn_073555cc4699627ce699abc314b5b131,FEASIBLE,0.0,1.0,EXPLOITATION,0
public_04,public_04_day_10,10,syn_e7a68b664447aa1b9a47d321c285d374,syn_215e3b0145dd93a06ffef8ea4c228704,FEASIBLE,0.0,1.0,EXPLOITATION,0
public_04,public_04_day_10,10,syn_3d9c8af991bc51ab54c7c0880f2bec7d,syn_d1b5f8ee73715bd439ffdd81ad2039c1,FEASIBLE,0.0,1.0,EXPLOITATION,0
public_04,public_04_day_11,11,syn_1f125e068adfe453e6d646b417a74160,syn_eb8696fb693b13718b8d552d3dee6513,FEASIBLE,0.5,1.0,EXPLOITATION,1
public_04,public_04_day_11,11,syn_849e022f628b4bab94ec91859a2eb260,syn_685afb58756b09bce56c0f7d31be8487,FEASIBLE,0.3,1.0,EXPLOITATION,1
public_04,public_04_day_11,11,syn_26e7743051a10c35ca448232f7764c4a,syn_2cc1b7faf23b94d37ea32fc268130f4d,FEASIBLE,0.15,1.0,EXPLOITATION,1
public_04,public_04_day_11,11,syn_74c35467d7d42e945b810aed798b15fd,syn_bd73b3c0ed911bba8f82e95365300148,FEASIBLE,0.0,1.0,EXPLOITATION,1
public_04,public_04_day_11,11,syn_ec05382d80bba6e4273caefd8c1c6f6d,syn_3d9c8af991bc51ab54c7c0880f2bec7d,FEASIBLE,0.0,1.0,EXPLOITATION,1
public_04,public_04_day_11,11,syn_e453a9753947b8de3c0e1a316bed97e0,syn_1890fa287cb47cb3c40bfc072dea2831,FEASIBLE,0.0,1.0,EXPLOITATION,1
public_04,public_04_day_11,11,syn_38dbdc9717d6e36a819261a8eae3e39a,syn_e7a68b664447aa1b9a47d321c285d374,FEASIBLE,0.0,1.0,EXPLOITATION,1
public_04,public_04_day_11,11,syn_18e71c29fea4faa2e9521f85243b9f95,syn_507d19d91c5d6c09cdd0d1fef4b95f62,FEASIBLE,0.0,1.0,EXPLOITATION,1
public_04,public_04_day_11,11,syn_d744f1c529f904c1246ab63e0e41b857,syn_fbe1b83833b2641f4b119c9986cd4b5b,FEASIBLE,0.0,1.0,EXPLOITATION,1
public_04,public_04_day_11,11,syn_849e022f628b4bab94ec91859a2eb260,syn_c5eaf70283619d3e612460ed0559915a,FEASIBLE,0.2,1.0,EXPLOITATION,0
public_04,public_04_day_11,11,syn_d1b5f8ee73715bd439ffdd81ad2039c1,syn_eb8696fb693b13718b8d552d3dee6513,FEASIBLE,0.2,1.0,EXPLORATION,0
public_04,public_04_day_11,11,syn_74c35467d7d42e945b810aed798b15fd,syn_18e71c29fea4faa2e9521f85243b9f95,FEASIBLE,0.0,1.0,EXPLOITATION,0
public_04,public_04_day_11,11,syn_bd73b3c0ed911bba8f82e95365300148,syn_18e71c29fea4faa2e9521f85243b9f95,FEASIBLE,0.0,1.0,EXPLORATION,0
public_04,public_04_day_11,11,syn_18e71c29fea4faa2e9521f85243b9f95,syn_fc5ac0142c9d3d0ee6ec9e0c8dcfa904,FEASIBLE,0.0,1.0,EXPLORATION,0
public_04,public_04_day_11,11,syn_18e71c29fea4faa2e9521f85243b9f95,syn_073555cc4699627ce699abc314b5b131,FEASIBLE,0.0,1.0,EXPLOITATION,0
public_04,public_04_day_11,11,syn_e7a68b664447aa1b9a47d321c285d374,syn_215e3b0145dd93a06ffef8ea4c228704,FEASIBLE,0.0,1.0,EXPLOITATION,0
public_04,public_04_day_11,11,syn_3d9c8af991bc51ab54c7c0880f2bec7d,syn_d1b5f8ee73715bd439ffdd81ad2039c1,FEASIBLE,0.0,1.0,EXPLOITATION,0
public_04,public_04_day_12,12,syn_1f125e068adfe453e6d646b417a74160,syn_eb8696fb693b13718b8d552d3dee6513,FEASIBLE,0.5,1.0,EXPLOITATION,1
public_04,public_04_day_12,12,syn_849e022f628b4bab94ec91859a2eb260,syn_685afb58756b09bce56c0f7d31be8487,FEASIBLE,0.3,1.0,EXPLOITATION,1
public_04,public_04_day_12,12,syn_26e7743051a10c35ca448232f7764c4a,syn_2cc1b7faf23b94d37ea32fc268130f4d,FEASIBLE,0.15,1.0,EXPLOITATION,1
public_04,public_04_day_12,12,syn_74c35467d7d42e945b810aed798b15fd,syn_bd73b3c0ed911bba8f82e95365300148,FEASIBLE,0.0,1.0,EXPLOITATION,1
public_04,public_04_day_12,12,syn_ec05382d80bba6e4273caefd8c1c6f6d,syn_3d9c8af991bc51ab54c7c0880f2bec7d,FEASIBLE,0.0,1.0,EXPLOITATION,1
public_04,public_04_day_12,12,syn_38dbdc9717d6e36a819261a8eae3e39a,syn_e7a68b664447aa1b9a47d321c285d374,FEASIBLE,0.0,1.0,EXPLOITATION,1
public_04,public_04_day_12,12,syn_d744f1c529f904c1246ab63e0e41b857,syn_fbe1b83833b2641f4b119c9986cd4b5b,FEASIBLE,0.0,1.0,EXPLOITATION,1
public_04,public_04_day_12,12,syn_849e022f628b4bab94ec91859a2eb260,syn_c5eaf70283619d3e612460ed0559915a,FEASIBLE,0.2,1.0,EXPLOITATION,0
public_04,public_04_day_12,12,syn_d1b5f8ee73715bd439ffdd81ad2039c1,syn_eb8696fb693b13718b8d552d3dee6513,FEASIBLE,0.2,1.0,EXPLORATION,0
public_04,public_04_day_12,12,syn_e7a68b664447aa1b9a47d321c285d374,syn_215e3b0145dd93a06ffef8ea4c228704,FEASIBLE,0.0,1.0,EXPLOITATION,0
public_04,public_04_day_12,12,syn_3d9c8af991bc51ab54c7c0880f2bec7d,syn_d1b5f8ee73715bd439ffdd81ad2039c1,FEASIBLE,0.0,1.0,EXPLOITATION,0
public_04,public_04_day_13,13,syn_1f125e068adfe453e6d646b417a74160,syn_eb8696fb693b13718b8d552d3dee6513,FEASIBLE,0.5,1.0,EXPLOITATION,1
public_04,public_04_day_13,13,syn_849e022f628b4bab94ec91859a2eb260,syn_685afb58756b09bce56c0f7d31be8487,FEASIBLE,0.3,1.0,EXPLOITATION,1
public_04,public_04_day_13,13,syn_26e7743051a10c35ca448232f7764c4a,syn_2cc1b7faf23b94d37ea32fc268130f4d,FEASIBLE,0.15,1.0,EXPLOITATION,1
public_04,public_04_day_13,13,syn_74c35467d7d42e945b810aed798b15fd,syn_bd73b3c0ed911bba8f82e95365300148,FEASIBLE,0.0,1.0,EXPLOITATION,1
public_04,public_04_day_13,13,syn_ec05382d80bba6e4273caefd8c1c6f6d,syn_3d9c8af991bc51ab54c7c0880f2bec7d,FEASIBLE,0.0,1.0,EXPLOITATION,1
public_04,public_04_day_13,13,syn_d744f1c529f904c1246ab63e0e41b857,syn_fbe1b83833b2641f4b119c9986cd4b5b,FEASIBLE,0.0,1.0,EXPLOITATION,1
public_04,public_04_day_13,13,syn_849e022f628b4bab94ec91859a2eb260,syn_c5eaf70283619d3e612460ed0559915a,FEASIBLE,0.2,1.0,EXPLOITATION,0
public_04,public_04_day_13,13,syn_d1b5f8ee73715bd439ffdd81ad2039c1,syn_eb8696fb693b13718b8d552d3dee6513,FEASIBLE,0.2,1.0,EXPLORATION,0
public_04,public_04_day_13,13,syn_3d9c8af991bc51ab54c7c0880f2bec7d,syn_d1b5f8ee73715bd439ffdd81ad2039c1,FEASIBLE,0.0,1.0,EXPLOITATION,0
public_04,public_04_day_14,14,syn_849e022f628b4bab94ec91859a2eb260,syn_685afb58756b09bce56c0f7d31be8487,FEASIBLE,0.3,1.0,EXPLOITATION,1
public_04,public_04_day_14,14,syn_d1b5f8ee73715bd439ffdd81ad2039c1,syn_eb8696fb693b13718b8d552d3dee6513,FEASIBLE,0.2,1.0,EXPLORATION,1
public_04,public_04_day_14,14,syn_26e7743051a10c35ca448232f7764c4a,syn_2cc1b7faf23b94d37ea32fc268130f4d,FEASIBLE,0.15,1.0,EXPLOITATION,1
public_04,public_04_day_14,14,syn_74c35467d7d42e945b810aed798b15fd,syn_bd73b3c0ed911bba8f82e95365300148,FEASIBLE,0.0,1.0,EXPLOITATION,1
public_04,public_04_day_14,14,syn_ec05382d80bba6e4273caefd8c1c6f6d,syn_3d9c8af991bc51ab54c7c0880f2bec7d,FEASIBLE,0.0,1.0,EXPLOITATION,1
public_04,public_04_day_14,14,syn_83577c49b97c67fc62385886ccbc3d84,syn_397e6f808de609ed6233f67bfbbf5073,FEASIBLE,0.0,1.0,EXPLOITATION,1
public_04,public_04_day_14,14,syn_d744f1c529f904c1246ab63e0e41b857,syn_fbe1b83833b2641f4b119c9986cd4b5b,FEASIBLE,0.0,1.0,EXPLOITATION,1
public_04,public_04_day_14,14,syn_849e022f628b4bab94ec91859a2eb260,syn_c5eaf70283619d3e612460ed0559915a,FEASIBLE,0.2,1.0,EXPLOITATION,0
public_04,public_04_day_14,14,syn_3d9c8af991bc51ab54c7c0880f2bec7d,syn_d1b5f8ee73715bd439ffdd81ad2039c1,FEASIBLE,0.0,1.0,EXPLOITATION,0
public_04,public_04_day_15,15,syn_849e022f628b4bab94ec91859a2eb260,syn_685afb58756b09bce56c0f7d31be8487,FEASIBLE,0.3,1.0,EXPLOITATION,1
public_04,public_04_day_15,15,syn_26e7743051a10c35ca448232f7764c4a,syn_2cc1b7faf23b94d37ea32fc268130f4d,FEASIBLE,0.15,1.0,EXPLOITATION,1
public_04,public_04_day_15,15,syn_1f125e068adfe453e6d646b417a74160,syn_6c213fc24a6197f288499b5245666c3a,FEASIBLE,0.05,1.0,EXPLORATION,1
public_04,public_04_day_15,15,syn_83577c49b97c67fc62385886ccbc3d84,syn_397e6f808de609ed6233f67bfbbf5073,FEASIBLE,0.0,1.0,EXPLOITATION,1
public_04,public_04_day_15,15,syn_d744f1c529f904c1246ab63e0e41b857,syn_fbe1b83833b2641f4b119c9986cd4b5b,FEASIBLE,0.0,1.0,EXPLOITATION,1
public_04,public_04_day_15,15,syn_849e022f628b4bab94ec91859a2eb260,syn_c5eaf70283619d3e612460ed0559915a,FEASIBLE,0.2,1.0,EXPLOITATION,0
public_04,public_04_day_16,16,syn_4f14c897aa979fb06e0af2950b90a9ac,syn_8934e986f20fa72046c53b387930debc,FEASIBLE,0.35,1.0,EXPLORATION,1
public_04,public_04_day_16,16,syn_849e022f628b4bab94ec91859a2eb260,syn_685afb58756b09bce56c0f7d31be8487,FEASIBLE,0.3,1.0,EXPLOITATION,1
public_04,public_04_day_16,16,syn_26e7743051a10c35ca448232f7764c4a,syn_2cc1b7faf23b94d37ea32fc268130f4d,FEASIBLE,0.15,1.0,EXPLOITATION,1
public_04,public_04_day_16,16,syn_1f125e068adfe453e6d646b417a74160,syn_6c213fc24a6197f288499b5245666c3a,FEASIBLE,0.05,1.0,EXPLOITATION,1
public_04,public_04_day_16,16,syn_e453a9753947b8de3c0e1a316bed97e0,syn_1890fa287cb47cb3c40bfc072dea2831,FEASIBLE,0.0,1.0,EXPLOITATION,1
public_04,public_04_day_16,16,syn_2ca17e374c5c610d6ebd340ad8aacd7f,syn_bb1b8ff042e188373e72d8ebe921af5c,FEASIBLE,0.0,1.0,EXPLORATION,1
public_04,public_04_day_16,16,syn_83577c49b97c67fc62385886ccbc3d84,syn_397e6f808de609ed6233f67bfbbf5073,FEASIBLE,0.0,1.0,EXPLOITATION,1
public_04,public_04_day_16,16,syn_730febe55e4f2d8c3c2e7d2eb7f1c334,syn_b7e8304a5ec73d58a2bceee63ad36fa9,FEASIBLE,0.0,1.0,EXPLORATION,1
public_04,public_04_day_16,16,syn_d744f1c529f904c1246ab63e0e41b857,syn_fbe1b83833b2641f4b119c9986cd4b5b,FEASIBLE,0.0,1.0,EXPLOITATION,1
public_04,public_04_day_16,16,syn_849e022f628b4bab94ec91859a2eb260,syn_c5eaf70283619d3e612460ed0559915a,FEASIBLE,0.2,1.0,EXPLOITATION,0
public_04,public_04_day_16,16,syn_e453a9753947b8de3c0e1a316bed97e0,syn_b7e8304a5ec73d58a2bceee63ad36fa9,FEASIBLE,0.0,1.0,EXPLOITATION,0
public_04,public_04_day_16,16,syn_2ca17e374c5c610d6ebd340ad8aacd7f,syn_89ffea423f1a280a457958942f6b8ab8,FEASIBLE,0.0,1.0,EXPLOITATION,0
public_04,public_04_day_16,16,syn_2ca17e374c5c610d6ebd340ad8aacd7f,syn_97451abfdecc902a5de05bc02876603f,FEASIBLE,0.0,1.0,EXPLORATION,0
public_04,public_04_day_16,16,syn_2ca17e374c5c610d6ebd340ad8aacd7f,syn_9ed0763ad086a0bd35716d3bf3896584,FEASIBLE,0.0,1.0,EXPLOITATION,0
public_04,public_04_day_16,16,syn_1890fa287cb47cb3c40bfc072dea2831,syn_0d7df4f4bfbfc139b102f0fa6c28d929,FEASIBLE,0.0,1.0,EXPLORATION,0
public_04,public_04_day_16,16,syn_1890fa287cb47cb3c40bfc072dea2831,syn_b7e8304a5ec73d58a2bceee63ad36fa9,FEASIBLE,0.0,1.0,EXPLORATION,0
public_04,public_04_day_16,16,syn_1f125e068adfe453e6d646b417a74160,syn_1bcfca3217b37178274c5f4eb4a84d0c,FEASIBLE,0.0,1.0,EXPLOITATION,0
public_04,public_04_day_16,16,syn_fbe1b83833b2641f4b119c9986cd4b5b,syn_8934e986f20fa72046c53b387930debc,FEASIBLE,0.0,1.0,EXPLOITATION,0
public_04,public_04_day_16,16,syn_a3c439ac1b7fa162936aba04989c8567,syn_b7e8304a5ec73d58a2bceee63ad36fa9,FEASIBLE,0.0,1.0,EXPLOITATION,0
public_04,public_04_day_17,17,syn_38dbdc9717d6e36a819261a8eae3e39a,syn_bff6e65ce330f895a52d97b4e1ce0127,FEASIBLE,1.0,1.0,EXPLORATION,1
public_04,public_04_day_17,17,syn_1f125e068adfe453e6d646b417a74160,syn_eb8696fb693b13718b8d552d3dee6513,FEASIBLE,0.5,1.0,EXPLOITATION,1
public_04,public_04_day_17,17,syn_d1b5f8ee73715bd439ffdd81ad2039c1,syn_6c213fc24a6197f288499b5245666c3a,FEASIBLE,0.35,1.0,EXPLORATION,1
public_04,public_04_day_17,17,syn_4f14c897aa979fb06e0af2950b90a9ac,syn_8934e986f20fa72046c53b387930debc,FEASIBLE,0.35,1.0,EXPLOITATION,1
public_04,public_04_day_17,17,syn_849e022f628b4bab94ec91859a2eb260,syn_685afb58756b09bce56c0f7d31be8487,FEASIBLE,0.3,1.0,EXPLOITATION,1
public_04,public_04_day_17,17,syn_26e7743051a10c35ca448232f7764c4a,syn_2cc1b7faf23b94d37ea32fc268130f4d,FEASIBLE,0.15,1.0,EXPLOITATION,1
public_04,public_04_day_17,17,syn_e453a9753947b8de3c0e1a316bed97e0,syn_1890fa287cb47cb3c40bfc072dea2831,FEASIBLE,0.0,1.0,EXPLOITATION,1
public_04,public_04_day_17,17,syn_83577c49b97c67fc62385886ccbc3d84,syn_397e6f808de609ed6233f67bfbbf5073,FEASIBLE,0.0,1.0,EXPLOITATION,1
public_04,public_04_day_17,17,syn_730febe55e4f2d8c3c2e7d2eb7f1c334,syn_b7e8304a5ec73d58a2bceee63ad36fa9,FEASIBLE,0.0,1.0,EXPLOITATION,1
public_04,public_04_day_17,17,syn_d744f1c529f904c1246ab63e0e41b857,syn_fbe1b83833b2641f4b119c9986cd4b5b,FEASIBLE,0.0,1.0,EXPLOITATION,1
public_04,public_04_day_17,17,syn_e7a68b664447aa1b9a47d321c285d374,syn_215e3b0145dd93a06ffef8ea4c228704,FEASIBLE,0.0,1.0,EXPLOITATION,1
public_04,public_04_day_17,17,syn_849e022f628b4bab94ec91859a2eb260,syn_c5eaf70283619d3e612460ed0559915a,FEASIBLE,0.2,1.0,EXPLOITATION,0
public_04,public_04_day_17,17,syn_d1b5f8ee73715bd439ffdd81ad2039c1,syn_eb8696fb693b13718b8d552d3dee6513,FEASIBLE,0.2,1.0,EXPLOITATION,0
public_04,public_04_day_17,17,syn_1f125e068adfe453e6d646b417a74160,syn_6c213fc24a6197f288499b5245666c3a,FEASIBLE,0.05,1.0,EXPLOITATION,0
public_04,public_04_day_17,17,syn_e453a9753947b8de3c0e1a316bed97e0,syn_b7e8304a5ec73d58a2bceee63ad36fa9,FEASIBLE,0.0,1.0,EXPLOITATION,0
public_04,public_04_day_17,17,syn_38dbdc9717d6e36a819261a8eae3e39a,syn_e7a68b664447aa1b9a47d321c285d374,FEASIBLE,0.0,1.0,EXPLOITATION,0
public_04,public_04_day_17,17,syn_1890fa287cb47cb3c40bfc072dea2831,syn_0d7df4f4bfbfc139b102f0fa6c28d929,FEASIBLE,0.0,1.0,EXPLORATION,0
public_04,public_04_day_17,17,syn_1890fa287cb47cb3c40bfc072dea2831,syn_b7e8304a5ec73d58a2bceee63ad36fa9,FEASIBLE,0.0,1.0,EXPLORATION,0
public_04,public_04_day_17,17,syn_1f125e068adfe453e6d646b417a74160,syn_1bcfca3217b37178274c5f4eb4a84d0c,FEASIBLE,0.0,1.0,EXPLOITATION,0
public_04,public_04_day_17,17,syn_e7a68b664447aa1b9a47d321c285d374,syn_10d7008e077ff1a1dcb0109f8e94820d,FEASIBLE,0.0,1.0,EXPLOITATION,0
public_04,public_04_day_17,17,syn_fbe1b83833b2641f4b119c9986cd4b5b,syn_8934e986f20fa72046c53b387930debc,FEASIBLE,0.0,1.0,EXPLOITATION,0
public_04,public_04_day_17,17,syn_3d9c8af991bc51ab54c7c0880f2bec7d,syn_d1b5f8ee73715bd439ffdd81ad2039c1,FEASIBLE,0.0,1.0,EXPLOITATION,0
public_04,public_04_day_17,17,syn_a3c439ac1b7fa162936aba04989c8567,syn_b7e8304a5ec73d58a2bceee63ad36fa9,FEASIBLE,0.0,1.0,EXPLOITATION,0
public_04,public_04_day_17,17,syn_d1b5f8ee73715bd439ffdd81ad2039c1,syn_4596ec0d6abed93dc1418234c5791984,FEASIBLE,0.0,1.0,EXPLORATION,0
public_04,public_04_day_18,18,syn_38dbdc9717d6e36a819261a8eae3e39a,syn_bff6e65ce330f895a52d97b4e1ce0127,FEASIBLE,1.0,1.0,EXPLOITATION,1
public_04,public_04_day_18,18,syn_1f125e068adfe453e6d646b417a74160,syn_eb8696fb693b13718b8d552d3dee6513,FEASIBLE,0.5,1.0,EXPLOITATION,1
public_04,public_04_day_18,18,syn_d1b5f8ee73715bd439ffdd81ad2039c1,syn_6c213fc24a6197f288499b5245666c3a,FEASIBLE,0.35,1.0,EXPLOITATION,1
public_04,public_04_day_18,18,syn_4f14c897aa979fb06e0af2950b90a9ac,syn_8934e986f20fa72046c53b387930debc,FEASIBLE,0.35,1.0,EXPLOITATION,1
public_04,public_04_day_18,18,syn_849e022f628b4bab94ec91859a2eb260,syn_685afb58756b09bce56c0f7d31be8487,FEASIBLE,0.3,1.0,EXPLOITATION,1
public_04,public_04_day_18,18,syn_26e7743051a10c35ca448232f7764c4a,syn_2cc1b7faf23b94d37ea32fc268130f4d,FEASIBLE,0.15,1.0,EXPLOITATION,1
public_04,public_04_day_18,18,syn_524308ae64342137a0712e7da1ca7533,syn_18e71c29fea4faa2e9521f85243b9f95,FEASIBLE,0.0,1.0,EXPLOITATION,1
public_04,public_04_day_18,18,syn_e453a9753947b8de3c0e1a316bed97e0,syn_1890fa287cb47cb3c40bfc072dea2831,FEASIBLE,0.0,1.0,EXPLOITATION,1
public_04,public_04_day_18,18,syn_fc4aafa8e1d8f4e7236cd571da9c7b5d,syn_a4279277750c71af05633514f4cfd51b,FEASIBLE,0.0,1.0,EXPLORATION,1
public_04,public_04_day_18,18,syn_83577c49b97c67fc62385886ccbc3d84,syn_397e6f808de609ed6233f67bfbbf5073,FEASIBLE,0.0,1.0,EXPLOITATION,1
public_04,public_04_day_18,18,syn_730febe55e4f2d8c3c2e7d2eb7f1c334,syn_b7e8304a5ec73d58a2bceee63ad36fa9,FEASIBLE,0.0,1.0,EXPLOITATION,1
public_04,public_04_day_18,18,syn_d744f1c529f904c1246ab63e0e41b857,syn_fbe1b83833b2641f4b119c9986cd4b5b,FEASIBLE,0.0,1.0,EXPLOITATION,1
public_04,public_04_day_18,18,syn_e7a68b664447aa1b9a47d321c285d374,syn_215e3b0145dd93a06ffef8ea4c228704,FEASIBLE,0.0,1.0,EXPLOITATION,1
public_04,public_04_day_18,18,syn_114cfdbc3bf09d6b2f5a94c7afec0e45,syn_a7fc11fd0ef3e4f98b7abe8f05ba6707,FEASIBLE,0.0,1.0,EXPLORATION,1
public_04,public_04_day_18,18,syn_849e022f628b4bab94ec91859a2eb260,syn_c5eaf70283619d3e612460ed0559915a,FEASIBLE,0.2,1.0,EXPLOITATION,0
public_04,public_04_day_18,18,syn_d1b5f8ee73715bd439ffdd81ad2039c1,syn_eb8696fb693b13718b8d552d3dee6513,FEASIBLE,0.2,1.0,EXPLOITATION,0
public_04,public_04_day_18,18,syn_1f125e068adfe453e6d646b417a74160,syn_6c213fc24a6197f288499b5245666c3a,FEASIBLE,0.05,1.0,EXPLOITATION,0
public_04,public_04_day_18,18,syn_e453a9753947b8de3c0e1a316bed97e0,syn_b7e8304a5ec73d58a2bceee63ad36fa9,FEASIBLE,0.0,1.0,EXPLOITATION,0
public_04,public_04_day_18,18,syn_38dbdc9717d6e36a819261a8eae3e39a,syn_e7a68b664447aa1b9a47d321c285d374,FEASIBLE,0.0,1.0,EXPLOITATION,0
public_04,public_04_day_18,18,syn_1890fa287cb47cb3c40bfc072dea2831,syn_0d7df4f4bfbfc139b102f0fa6c28d929,FEASIBLE,0.0,1.0,EXPLORATION,0
public_04,public_04_day_18,18,syn_1890fa287cb47cb3c40bfc072dea2831,syn_b7e8304a5ec73d58a2bceee63ad36fa9,FEASIBLE,0.0,1.0,EXPLORATION,0
public_04,public_04_day_18,18,syn_a4279277750c71af05633514f4cfd51b,syn_93ef35bd033e0f6f8d9a1712f26b9d09,FEASIBLE,0.0,1.0,EXPLOITATION,0
public_04,public_04_day_18,18,syn_a4279277750c71af05633514f4cfd51b,syn_26e7743051a10c35ca448232f7764c4a,FEASIBLE,0.0,1.0,EXPLOITATION,0
public_04,public_04_day_18,18,syn_a4279277750c71af05633514f4cfd51b,syn_3d9c8af991bc51ab54c7c0880f2bec7d,FEASIBLE,0.0,1.0,EXPLOITATION,0
public_04,public_04_day_18,18,syn_a4279277750c71af05633514f4cfd51b,syn_0de2036f2832ef6e77c6772ec1537bb9,FEASIBLE,0.0,1.0,EXPLOITATION,0
public_04,public_04_day_18,18,syn_a4279277750c71af05633514f4cfd51b,syn_4f14c897aa979fb06e0af2950b90a9ac,FEASIBLE,0.0,1.0,EXPLOITATION,0
public_04,public_04_day_18,18,syn_a4279277750c71af05633514f4cfd51b,syn_6c213fc24a6197f288499b5245666c3a,FEASIBLE,0.0,1.0,EXPLOITATION,0
public_04,public_04_day_18,18,syn_a4279277750c71af05633514f4cfd51b,syn_eb8696fb693b13718b8d552d3dee6513,FEASIBLE,0.0,1.0,EXPLOITATION,0
public_04,public_04_day_18,18,syn_a4279277750c71af05633514f4cfd51b,syn_4596ec0d6abed93dc1418234c5791984,FEASIBLE,0.0,1.0,EXPLOITATION,0
public_04,public_04_day_18,18,syn_1f125e068adfe453e6d646b417a74160,syn_1bcfca3217b37178274c5f4eb4a84d0c,FEASIBLE,0.0,1.0,EXPLOITATION,0
public_04,public_04_day_18,18,syn_18e71c29fea4faa2e9521f85243b9f95,syn_507d19d91c5d6c09cdd0d1fef4b95f62,FEASIBLE,0.0,1.0,EXPLOITATION,0
public_04,public_04_day_18,18,syn_18e71c29fea4faa2e9521f85243b9f95,syn_fc5ac0142c9d3d0ee6ec9e0c8dcfa904,FEASIBLE,0.0,1.0,EXPLORATION,0
public_04,public_04_day_18,18,syn_18e71c29fea4faa2e9521f85243b9f95,syn_073555cc4699627ce699abc314b5b131,FEASIBLE,0.0,1.0,EXPLOITATION,0
public_04,public_04_day_18,18,syn_e7a68b664447aa1b9a47d321c285d374,syn_10d7008e077ff1a1dcb0109f8e94820d,FEASIBLE,0.0,1.0,EXPLOITATION,0
public_04,public_04_day_18,18,syn_fbe1b83833b2641f4b119c9986cd4b5b,syn_8934e986f20fa72046c53b387930debc,FEASIBLE,0.0,1.0,EXPLOITATION,0
public_04,public_04_day_18,18,syn_3d9c8af991bc51ab54c7c0880f2bec7d,syn_d1b5f8ee73715bd439ffdd81ad2039c1,FEASIBLE,0.0,1.0,EXPLOITATION,0
public_04,public_04_day_18,18,syn_fb8ad257c99641f70e49d416a8dd1328,syn_a7fc11fd0ef3e4f98b7abe8f05ba6707,FEASIBLE,0.0,1.0,EXPLORATION,0
public_04,public_04_day_18,18,syn_a3c439ac1b7fa162936aba04989c8567,syn_b7e8304a5ec73d58a2bceee63ad36fa9,FEASIBLE,0.0,1.0,EXPLOITATION,0
public_04,public_04_day_18,18,syn_d1b5f8ee73715bd439ffdd81ad2039c1,syn_4596ec0d6abed93dc1418234c5791984,FEASIBLE,0.0,1.0,EXPLORATION,0
public_04,public_04_day_18,18,syn_8e775b78f392e0dd2b977c464d293069,syn_a7fc11fd0ef3e4f98b7abe8f05ba6707,FEASIBLE,0.0,1.0,EXPLORATION,0
public_04,public_04_day_19,19,syn_38dbdc9717d6e36a819261a8eae3e39a,syn_bff6e65ce330f895a52d97b4e1ce0127,FEASIBLE,1.0,1.0,EXPLOITATION,1
public_04,public_04_day_19,19,syn_1f125e068adfe453e6d646b417a74160,syn_eb8696fb693b13718b8d552d3dee6513,FEASIBLE,0.5,1.0,EXPLOITATION,1
public_04,public_04_day_19,19,syn_7d1a0a5b692c6e203d9d44d074ee1415,syn_4f14c897aa979fb06e0af2950b90a9ac,FEASIBLE,0.4,1.0,EXPLORATION,1
public_04,public_04_day_19,19,syn_d1b5f8ee73715bd439ffdd81ad2039c1,syn_6c213fc24a6197f288499b5245666c3a,FEASIBLE,0.35,1.0,EXPLOITATION,1
public_04,public_04_day_19,19,syn_849e022f628b4bab94ec91859a2eb260,syn_685afb58756b09bce56c0f7d31be8487,FEASIBLE,0.3,1.0,EXPLOITATION,1
public_04,public_04_day_19,19,syn_524308ae64342137a0712e7da1ca7533,syn_18e71c29fea4faa2e9521f85243b9f95,FEASIBLE,0.0,1.0,EXPLOITATION,1
public_04,public_04_day_19,19,syn_e453a9753947b8de3c0e1a316bed97e0,syn_1890fa287cb47cb3c40bfc072dea2831,FEASIBLE,0.0,1.0,EXPLOITATION,1
public_04,public_04_day_19,19,syn_730febe55e4f2d8c3c2e7d2eb7f1c334,syn_b7e8304a5ec73d58a2bceee63ad36fa9,FEASIBLE,0.0,1.0,EXPLOITATION,1
public_04,public_04_day_19,19,syn_d744f1c529f904c1246ab63e0e41b857,syn_fbe1b83833b2641f4b119c9986cd4b5b,FEASIBLE,0.0,1.0,EXPLOITATION,1
public_04,public_04_day_19,19,syn_e7a68b664447aa1b9a47d321c285d374,syn_215e3b0145dd93a06ffef8ea4c228704,FEASIBLE,0.0,1.0,EXPLOITATION,1
public_04,public_04_day_19,19,syn_114cfdbc3bf09d6b2f5a94c7afec0e45,syn_a7fc11fd0ef3e4f98b7abe8f05ba6707,FEASIBLE,0.0,1.0,EXPLOITATION,1
public_04,public_04_day_19,19,syn_4f14c897aa979fb06e0af2950b90a9ac,syn_8934e986f20fa72046c53b387930debc,FEASIBLE,0.35,1.0,EXPLOITATION,0
public_04,public_04_day_19,19,syn_849e022f628b4bab94ec91859a2eb260,syn_c5eaf70283619d3e612460ed0559915a,FEASIBLE,0.2,1.0,EXPLOITATION,0
public_04,public_04_day_19,19,syn_d1b5f8ee73715bd439ffdd81ad2039c1,syn_eb8696fb693b13718b8d552d3dee6513,FEASIBLE,0.2,1.0,EXPLOITATION,0
public_04,public_04_day_19,19,syn_1f125e068adfe453e6d646b417a74160,syn_6c213fc24a6197f288499b5245666c3a,FEASIBLE,0.05,1.0,EXPLOITATION,0
public_04,public_04_day_19,19,syn_e453a9753947b8de3c0e1a316bed97e0,syn_b7e8304a5ec73d58a2bceee63ad36fa9,FEASIBLE,0.0,1.0,EXPLOITATION,0
public_04,public_04_day_19,19,syn_38dbdc9717d6e36a819261a8eae3e39a,syn_e7a68b664447aa1b9a47d321c285d374,FEASIBLE,0.0,1.0,EXPLOITATION,0
public_04,public_04_day_19,19,syn_1890fa287cb47cb3c40bfc072dea2831,syn_0d7df4f4bfbfc139b102f0fa6c28d929,FEASIBLE,0.0,1.0,EXPLORATION,0
public_04,public_04_day_19,19,syn_1890fa287cb47cb3c40bfc072dea2831,syn_b7e8304a5ec73d58a2bceee63ad36fa9,FEASIBLE,0.0,1.0,EXPLORATION,0
public_04,public_04_day_19,19,syn_1f125e068adfe453e6d646b417a74160,syn_1bcfca3217b37178274c5f4eb4a84d0c,FEASIBLE,0.0,1.0,EXPLOITATION,0
public_04,public_04_day_19,19,syn_18e71c29fea4faa2e9521f85243b9f95,syn_507d19d91c5d6c09cdd0d1fef4b95f62,FEASIBLE,0.0,1.0,EXPLOITATION,0
public_04,public_04_day_19,19,syn_18e71c29fea4faa2e9521f85243b9f95,syn_fc5ac0142c9d3d0ee6ec9e0c8dcfa904,FEASIBLE,0.0,1.0,EXPLORATION,0
public_04,public_04_day_19,19,syn_18e71c29fea4faa2e9521f85243b9f95,syn_073555cc4699627ce699abc314b5b131,FEASIBLE,0.0,1.0,EXPLOITATION,0
public_04,public_04_day_19,19,syn_e7a68b664447aa1b9a47d321c285d374,syn_10d7008e077ff1a1dcb0109f8e94820d,FEASIBLE,0.0,1.0,EXPLOITATION,0
public_04,public_04_day_19,19,syn_fbe1b83833b2641f4b119c9986cd4b5b,syn_8934e986f20fa72046c53b387930debc,FEASIBLE,0.0,1.0,EXPLOITATION,0
public_04,public_04_day_19,19,syn_3d9c8af991bc51ab54c7c0880f2bec7d,syn_d1b5f8ee73715bd439ffdd81ad2039c1,FEASIBLE,0.0,1.0,EXPLOITATION,0
public_04,public_04_day_19,19,syn_fb8ad257c99641f70e49d416a8dd1328,syn_a7fc11fd0ef3e4f98b7abe8f05ba6707,FEASIBLE,0.0,1.0,EXPLOITATION,0
public_04,public_04_day_19,19,syn_a3c439ac1b7fa162936aba04989c8567,syn_b7e8304a5ec73d58a2bceee63ad36fa9,FEASIBLE,0.0,1.0,EXPLOITATION,0
public_04,public_04_day_19,19,syn_d1b5f8ee73715bd439ffdd81ad2039c1,syn_4596ec0d6abed93dc1418234c5791984,FEASIBLE,0.0,1.0,EXPLORATION,0
public_04,public_04_day_19,19,syn_8e775b78f392e0dd2b977c464d293069,syn_a7fc11fd0ef3e4f98b7abe8f05ba6707,FEASIBLE,0.0,1.0,EXPLOITATION,0
public_04,public_04_day_20,20,syn_38dbdc9717d6e36a819261a8eae3e39a,syn_bff6e65ce330f895a52d97b4e1ce0127,FEASIBLE,1.0,1.0,EXPLOITATION,1
public_04,public_04_day_20,20,syn_4f14c897aa979fb06e0af2950b90a9ac,syn_1b6880c76aa4fac265ac5fd1a789e195,FEASIBLE,0.7,1.0,EXPLORATION,1
public_04,public_04_day_20,20,syn_1f125e068adfe453e6d646b417a74160,syn_eb8696fb693b13718b8d552d3dee6513,FEASIBLE,0.5,1.0,EXPLOITATION,1
public_04,public_04_day_20,20,syn_d1b5f8ee73715bd439ffdd81ad2039c1,syn_6c213fc24a6197f288499b5245666c3a,FEASIBLE,0.35,1.0,EXPLOITATION,1
public_04,public_04_day_20,20,syn_849e022f628b4bab94ec91859a2eb260,syn_685afb58756b09bce56c0f7d31be8487,FEASIBLE,0.3,1.0,EXPLOITATION,1
public_04,public_04_day_20,20,syn_74c35467d7d42e945b810aed798b15fd,syn_1adcbb975557fc57fffb9471a6ee47b1,FEASIBLE,0.0,1.0,EXPLORATION,1
public_04,public_04_day_20,20,syn_ec05382d80bba6e4273caefd8c1c6f6d,syn_3d9c8af991bc51ab54c7c0880f2bec7d,FEASIBLE,0.0,1.0,EXPLOITATION,1
public_04,public_04_day_20,20,syn_d744f1c529f904c1246ab63e0e41b857,syn_fbe1b83833b2641f4b119c9986cd4b5b,FEASIBLE,0.0,1.0,EXPLOITATION,1
public_04,public_04_day_20,20,syn_e7a68b664447aa1b9a47d321c285d374,syn_215e3b0145dd93a06ffef8ea4c228704,FEASIBLE,0.0,1.0,EXPLOITATION,1
public_04,public_04_day_20,20,syn_114cfdbc3bf09d6b2f5a94c7afec0e45,syn_a7fc11fd0ef3e4f98b7abe8f05ba6707,FEASIBLE,0.0,1.0,EXPLOITATION,1
public_04,public_04_day_20,20,syn_7d1a0a5b692c6e203d9d44d074ee1415,syn_4f14c897aa979fb06e0af2950b90a9ac,FEASIBLE,0.4,1.0,EXPLOITATION,0
public_04,public_04_day_20,20,syn_4f14c897aa979fb06e0af2950b90a9ac,syn_8934e986f20fa72046c53b387930debc,FEASIBLE,0.35,1.0,EXPLOITATION,0
public_04,public_04_day_20,20,syn_ec05382d80bba6e4273caefd8c1c6f6d,syn_1b6880c76aa4fac265ac5fd1a789e195,FEASIBLE,0.3,1.0,EXPLORATION,0
public_04,public_04_day_20,20,syn_849e022f628b4bab94ec91859a2eb260,syn_c5eaf70283619d3e612460ed0559915a,FEASIBLE,0.2,1.0,EXPLOITATION,0
public_04,public_04_day_20,20,syn_d1b5f8ee73715bd439ffdd81ad2039c1,syn_eb8696fb693b13718b8d552d3dee6513,FEASIBLE,0.2,1.0,EXPLOITATION,0
public_04,public_04_day_20,20,syn_1f125e068adfe453e6d646b417a74160,syn_6c213fc24a6197f288499b5245666c3a,FEASIBLE,0.05,1.0,EXPLOITATION,0
public_04,public_04_day_20,20,syn_7d1a0a5b692c6e203d9d44d074ee1415,syn_1b6880c76aa4fac265ac5fd1a789e195,FEASIBLE,0.0,1.0,EXPLORATION,0
public_04,public_04_day_20,20,syn_38dbdc9717d6e36a819261a8eae3e39a,syn_e7a68b664447aa1b9a47d321c285d374,FEASIBLE,0.0,1.0,EXPLOITATION,0
public_04,public_04_day_20,20,syn_1f125e068adfe453e6d646b417a74160,syn_1bcfca3217b37178274c5f4eb4a84d0c,FEASIBLE,0.0,1.0,EXPLOITATION,0
public_04,public_04_day_20,20,syn_e7a68b664447aa1b9a47d321c285d374,syn_10d7008e077ff1a1dcb0109f8e94820d,FEASIBLE,0.0,1.0,EXPLOITATION,0
public_04,public_04_day_20,20,syn_fbe1b83833b2641f4b119c9986cd4b5b,syn_8934e986f20fa72046c53b387930debc,FEASIBLE,0.0,1.0,EXPLOITATION,0
public_04,public_04_day_20,20,syn_3d9c8af991bc51ab54c7c0880f2bec7d,syn_d1b5f8ee73715bd439ffdd81ad2039c1,FEASIBLE,0.0,1.0,EXPLOITATION,0
public_04,public_04_day_20,20,syn_fb8ad257c99641f70e49d416a8dd1328,syn_a7fc11fd0ef3e4f98b7abe8f05ba6707,FEASIBLE,0.0,1.0,EXPLOITATION,0
public_04,public_04_day_20,20,syn_d1b5f8ee73715bd439ffdd81ad2039c1,syn_4596ec0d6abed93dc1418234c5791984,FEASIBLE,0.0,1.0,EXPLORATION,0
public_04,public_04_day_20,20,syn_8e775b78f392e0dd2b977c464d293069,syn_a7fc11fd0ef3e4f98b7abe8f05ba6707,FEASIBLE,0.0,1.0,EXPLOITATION,0
public_04,public_04_day_20,20,syn_8934e986f20fa72046c53b387930debc,syn_1b6880c76aa4fac265ac5fd1a789e195,FEASIBLE,0.0,1.0,EXPLORATION,0
public_04,public_04_day_21,21,syn_bd73b3c0ed911bba8f82e95365300148,syn_5fde49d24837cd3528d28b491b0dfee0,FEASIBLE,1.0,1.0,EXPLOITATION,1
public_04,public_04_day_21,21,syn_c83ea6d69287771a7423f5440eb8cb8c,syn_36db1f5d2e83246f218ddc986f80693c,FEASIBLE,1.0,1.0,EXPLOITATION,1
public_04,public_04_day_21,21,syn_1f125e068adfe453e6d646b417a74160,syn_eb8696fb693b13718b8d552d3dee6513,FEASIBLE,0.5,1.0,EXPLOITATION,1
public_04,public_04_day_21,21,syn_d1b5f8ee73715bd439ffdd81ad2039c1,syn_6c213fc24a6197f288499b5245666c3a,FEASIBLE,0.35,1.0,EXPLOITATION,1
public_04,public_04_day_21,21,syn_ec05382d80bba6e4273caefd8c1c6f6d,syn_1b6880c76aa4fac265ac5fd1a789e195,FEASIBLE,0.3,1.0,EXPLORATION,1
public_04,public_04_day_21,21,syn_849e022f628b4bab94ec91859a2eb260,syn_685afb58756b09bce56c0f7d31be8487,FEASIBLE,0.3,1.0,EXPLOITATION,1
public_04,public_04_day_21,21,syn_03eaad8b6bf2574c57e40c280d593f64,syn_0d4aeb780385fa80ff0427c0fdd07221,FEASIBLE,0.15,1.0,EXPLORATION,1
public_04,public_04_day_21,21,syn_74c35467d7d42e945b810aed798b15fd,syn_1adcbb975557fc57fffb9471a6ee47b1,FEASIBLE,0.0,1.0,EXPLOITATION,1
public_04,public_04_day_21,21,syn_e453a9753947b8de3c0e1a316bed97e0,syn_1890fa287cb47cb3c40bfc072dea2831,FEASIBLE,0.0,1.0,EXPLOITATION,1
public_04,public_04_day_21,21,syn_849e022f628b4bab94ec91859a2eb260,syn_c5eaf70283619d3e612460ed0559915a,FEASIBLE,0.2,1.0,EXPLOITATION,0
public_04,public_04_day_21,21,syn_d1b5f8ee73715bd439ffdd81ad2039c1,syn_eb8696fb693b13718b8d552d3dee6513,FEASIBLE,0.2,1.0,EXPLOITATION,0
public_04,public_04_day_21,21,syn_1f125e068adfe453e6d646b417a74160,syn_6c213fc24a6197f288499b5245666c3a,FEASIBLE,0.05,1.0,EXPLOITATION,0
public_04,public_04_day_21,21,syn_74c35467d7d42e945b810aed798b15fd,syn_bd73b3c0ed911bba8f82e95365300148,FEASIBLE,0.0,1.0,EXPLOITATION,0
public_04,public_04_day_21,21,syn_74c35467d7d42e945b810aed798b15fd,syn_5fde49d24837cd3528d28b491b0dfee0,FEASIBLE,0.0,1.0,EXPLOITATION,0
public_04,public_04_day_21,21,syn_ec05382d80bba6e4273caefd8c1c6f6d,syn_3d9c8af991bc51ab54c7c0880f2bec7d,FEASIBLE,0.0,1.0,EXPLOITATION,0
public_04,public_04_day_21,21,syn_e453a9753947b8de3c0e1a316bed97e0,syn_0d4aeb780385fa80ff0427c0fdd07221,FEASIBLE,0.0,1.0,EXPLOITATION,0
public_04,public_04_day_21,21,syn_c03868d63853ea1bff35bc0992f6de98,syn_5fde49d24837cd3528d28b491b0dfee0,FEASIBLE,0.0,1.0,EXPLOITATION,0
public_04,public_04_day_21,21,syn_1890fa287cb47cb3c40bfc072dea2831,syn_0d7df4f4bfbfc139b102f0fa6c28d929,FEASIBLE,0.0,1.0,EXPLORATION,0
public_04,public_04_day_21,21,syn_3d9c8af991bc51ab54c7c0880f2bec7d,syn_d1b5f8ee73715bd439ffdd81ad2039c1,FEASIBLE,0.0,1.0,EXPLOITATION,0
public_04,public_04_day_21,21,syn_d1b5f8ee73715bd439ffdd81ad2039c1,syn_4596ec0d6abed93dc1418234c5791984,FEASIBLE,0.0,1.0,EXPLORATION,0
public_04,public_04_day_22,22,syn_bd73b3c0ed911bba8f82e95365300148,syn_5fde49d24837cd3528d28b491b0dfee0,FEASIBLE,1.0,1.0,EXPLOITATION,1
public_04,public_04_day_22,22,syn_731849480b4c01c377ca6e6902519aba,syn_24e084798f238a279f16794b68afbddf,FEASIBLE,1.0,1.0,EXPLORATION,1
public_04,public_04_day_22,22,syn_c83ea6d69287771a7423f5440eb8cb8c,syn_36db1f5d2e83246f218ddc986f80693c,FEASIBLE,1.0,1.0,EXPLOITATION,1
public_04,public_04_day_22,22,syn_d1b5f8ee73715bd439ffdd81ad2039c1,syn_6c213fc24a6197f288499b5245666c3a,FEASIBLE,0.35,1.0,EXPLOITATION,1
public_04,public_04_day_22,22,syn_ec05382d80bba6e4273caefd8c1c6f6d,syn_1b6880c76aa4fac265ac5fd1a789e195,FEASIBLE,0.3,1.0,EXPLOITATION,1
public_04,public_04_day_22,22,syn_849e022f628b4bab94ec91859a2eb260,syn_685afb58756b09bce56c0f7d31be8487,FEASIBLE,0.3,1.0,EXPLOITATION,1
public_04,public_04_day_22,22,syn_03eaad8b6bf2574c57e40c280d593f64,syn_0d4aeb780385fa80ff0427c0fdd07221,FEASIBLE,0.15,1.0,EXPLOITATION,1
public_04,public_04_day_22,22,syn_74c35467d7d42e945b810aed798b15fd,syn_1adcbb975557fc57fffb9471a6ee47b1,FEASIBLE,0.0,1.0,EXPLOITATION,1
public_04,public_04_day_22,22,syn_321a39fae8f0dba4e3edbab774b58d93,syn_7ba96d0f0cba9592b4b83299379b202c,FEASIBLE,0.0,1.0,EXPLOITATION,1
public_04,public_04_day_22,22,syn_e453a9753947b8de3c0e1a316bed97e0,syn_1890fa287cb47cb3c40bfc072dea2831,FEASIBLE,0.0,1.0,EXPLOITATION,1
public_04,public_04_day_22,22,syn_83577c49b97c67fc62385886ccbc3d84,syn_397e6f808de609ed6233f67bfbbf5073,FEASIBLE,0.0,1.0,EXPLOITATION,1
public_04,public_04_day_22,22,syn_730febe55e4f2d8c3c2e7d2eb7f1c334,syn_b7e8304a5ec73d58a2bceee63ad36fa9,FEASIBLE,0.0,1.0,EXPLOITATION,1
public_04,public_04_day_22,22,syn_849e022f628b4bab94ec91859a2eb260,syn_c5eaf70283619d3e612460ed0559915a,FEASIBLE,0.2,1.0,EXPLOITATION,0
public_04,public_04_day_22,22,syn_d1b5f8ee73715bd439ffdd81ad2039c1,syn_eb8696fb693b13718b8d552d3dee6513,FEASIBLE,0.2,1.0,EXPLOITATION,0
public_04,public_04_day_22,22,syn_74c35467d7d42e945b810aed798b15fd,syn_bd73b3c0ed911bba8f82e95365300148,FEASIBLE,0.0,1.0,EXPLOITATION,0
public_04,public_04_day_22,22,syn_74c35467d7d42e945b810aed798b15fd,syn_5fde49d24837cd3528d28b491b0dfee0,FEASIBLE,0.0,1.0,EXPLOITATION,0
public_04,public_04_day_22,22,syn_ec05382d80bba6e4273caefd8c1c6f6d,syn_3d9c8af991bc51ab54c7c0880f2bec7d,FEASIBLE,0.0,1.0,EXPLOITATION,0
public_04,public_04_day_22,22,syn_e453a9753947b8de3c0e1a316bed97e0,syn_0d4aeb780385fa80ff0427c0fdd07221,FEASIBLE,0.0,1.0,EXPLOITATION,0
public_04,public_04_day_22,22,syn_e453a9753947b8de3c0e1a316bed97e0,syn_b7e8304a5ec73d58a2bceee63ad36fa9,FEASIBLE,0.0,1.0,EXPLOITATION,0
public_04,public_04_day_22,22,syn_c03868d63853ea1bff35bc0992f6de98,syn_5fde49d24837cd3528d28b491b0dfee0,FEASIBLE,0.0,1.0,EXPLOITATION,0
public_04,public_04_day_22,22,syn_1890fa287cb47cb3c40bfc072dea2831,syn_0d7df4f4bfbfc139b102f0fa6c28d929,FEASIBLE,0.0,1.0,EXPLORATION,0
public_04,public_04_day_22,22,syn_1890fa287cb47cb3c40bfc072dea2831,syn_b7e8304a5ec73d58a2bceee63ad36fa9,FEASIBLE,0.0,1.0,EXPLORATION,0
public_04,public_04_day_22,22,syn_397e6f808de609ed6233f67bfbbf5073,syn_24e084798f238a279f16794b68afbddf,FEASIBLE,0.0,1.0,EXPLORATION,0
public_04,public_04_day_22,22,syn_3d9c8af991bc51ab54c7c0880f2bec7d,syn_d1b5f8ee73715bd439ffdd81ad2039c1,FEASIBLE,0.0,1.0,EXPLOITATION,0
public_04,public_04_day_22,22,syn_a3c439ac1b7fa162936aba04989c8567,syn_b7e8304a5ec73d58a2bceee63ad36fa9,FEASIBLE,0.0,1.0,EXPLOITATION,0
public_04,public_04_day_22,22,syn_d1b5f8ee73715bd439ffdd81ad2039c1,syn_4596ec0d6abed93dc1418234c5791984,FEASIBLE,0.0,1.0,EXPLORATION,0
public_04,public_04_day_22,22,syn_0d4aeb780385fa80ff0427c0fdd07221,syn_b7e8304a5ec73d58a2bceee63ad36fa9,FEASIBLE,0.0,1.0,EXPLOITATION,0
public_04,public_04_day_23,23,syn_731849480b4c01c377ca6e6902519aba,syn_24e084798f238a279f16794b68afbddf,FEASIBLE,1.0,1.0,EXPLOITATION,1
public_04,public_04_day_23,23,syn_c83ea6d69287771a7423f5440eb8cb8c,syn_36db1f5d2e83246f218ddc986f80693c,FEASIBLE,1.0,1.0,EXPLOITATION,1
public_04,public_04_day_23,23,syn_1f125e068adfe453e6d646b417a74160,syn_eb8696fb693b13718b8d552d3dee6513,FEASIBLE,0.5,1.0,EXPLOITATION,1
public_04,public_04_day_23,23,syn_849e022f628b4bab94ec91859a2eb260,syn_685afb58756b09bce56c0f7d31be8487,FEASIBLE,0.3,1.0,EXPLOITATION,1
public_04,public_04_day_23,23,syn_03eaad8b6bf2574c57e40c280d593f64,syn_0d4aeb780385fa80ff0427c0fdd07221,FEASIBLE,0.15,1.0,EXPLOITATION,1
public_04,public_04_day_23,23,syn_74c35467d7d42e945b810aed798b15fd,syn_bd73b3c0ed911bba8f82e95365300148,FEASIBLE,0.0,1.0,EXPLOITATION,1
public_04,public_04_day_23,23,syn_321a39fae8f0dba4e3edbab774b58d93,syn_7ba96d0f0cba9592b4b83299379b202c,FEASIBLE,0.0,1.0,EXPLOITATION,1
public_04,public_04_day_23,23,syn_e453a9753947b8de3c0e1a316bed97e0,syn_1890fa287cb47cb3c40bfc072dea2831,FEASIBLE,0.0,1.0,EXPLOITATION,1
public_04,public_04_day_23,23,syn_83577c49b97c67fc62385886ccbc3d84,syn_397e6f808de609ed6233f67bfbbf5073,FEASIBLE,0.0,1.0,EXPLOITATION,1
public_04,public_04_day_23,23,syn_638e3707b3fd032bbac98862c7b487d7,syn_2c9bc92b3661a67a689cdd9292b72dd8,FEASIBLE,0.0,1.0,EXPLOITATION,1
public_04,public_04_day_23,23,syn_730febe55e4f2d8c3c2e7d2eb7f1c334,syn_b7e8304a5ec73d58a2bceee63ad36fa9,FEASIBLE,0.0,1.0,EXPLOITATION,1
public_04,public_04_day_23,23,syn_d55e7be8bc8def7a7ba01987a41edd23,syn_938b2288b51fb2c969f0471cd76902b4,FEASIBLE,0.0,1.0,EXPLOITATION,1
public_04,public_04_day_23,23,syn_849e022f628b4bab94ec91859a2eb260,syn_c5eaf70283619d3e612460ed0559915a,FEASIBLE,0.2,1.0,EXPLOITATION,0
public_04,public_04_day_23,23,syn_74c35467d7d42e945b810aed798b15fd,syn_1adcbb975557fc57fffb9471a6ee47b1,FEASIBLE,0.0,1.0,EXPLOITATION,0
public_04,public_04_day_23,23,syn_e453a9753947b8de3c0e1a316bed97e0,syn_0d4aeb780385fa80ff0427c0fdd07221,FEASIBLE,0.0,1.0,EXPLOITATION,0
public_04,public_04_day_23,23,syn_e453a9753947b8de3c0e1a316bed97e0,syn_b7e8304a5ec73d58a2bceee63ad36fa9,FEASIBLE,0.0,1.0,EXPLOITATION,0
public_04,public_04_day_23,23,syn_1890fa287cb47cb3c40bfc072dea2831,syn_0d7df4f4bfbfc139b102f0fa6c28d929,FEASIBLE,0.0,1.0,EXPLORATION,0
public_04,public_04_day_23,23,syn_1890fa287cb47cb3c40bfc072dea2831,syn_b7e8304a5ec73d58a2bceee63ad36fa9,FEASIBLE,0.0,1.0,EXPLORATION,0
public_04,public_04_day_23,23,syn_397e6f808de609ed6233f67bfbbf5073,syn_24e084798f238a279f16794b68afbddf,FEASIBLE,0.0,1.0,EXPLORATION,0
public_04,public_04_day_23,23,syn_a3c439ac1b7fa162936aba04989c8567,syn_b7e8304a5ec73d58a2bceee63ad36fa9,FEASIBLE,0.0,1.0,EXPLOITATION,0
public_04,public_04_day_23,23,syn_0d4aeb780385fa80ff0427c0fdd07221,syn_b7e8304a5ec73d58a2bceee63ad36fa9,FEASIBLE,0.0,1.0,EXPLOITATION,0
public_04,public_04_day_24,24,syn_bd73b3c0ed911bba8f82e95365300148,syn_5fde49d24837cd3528d28b491b0dfee0,FEASIBLE,1.0,1.0,EXPLOITATION,1
public_04,public_04_day_24,24,syn_731849480b4c01c377ca6e6902519aba,syn_24e084798f238a279f16794b68afbddf,FEASIBLE,1.0,1.0,EXPLOITATION,1
public_04,public_04_day_24,24,syn_c83ea6d69287771a7423f5440eb8cb8c,syn_36db1f5d2e83246f218ddc986f80693c,FEASIBLE,1.0,1.0,EXPLOITATION,1
public_04,public_04_day_24,24,syn_1f125e068adfe453e6d646b417a74160,syn_eb8696fb693b13718b8d552d3dee6513,FEASIBLE,0.5,1.0,EXPLOITATION,1
public_04,public_04_day_24,24,syn_849e022f628b4bab94ec91859a2eb260,syn_685afb58756b09bce56c0f7d31be8487,FEASIBLE,0.3,1.0,EXPLOITATION,1
public_04,public_04_day_24,24,syn_03eaad8b6bf2574c57e40c280d593f64,syn_0d4aeb780385fa80ff0427c0fdd07221,FEASIBLE,0.15,1.0,EXPLOITATION,1
public_04,public_04_day_24,24,syn_74c35467d7d42e945b810aed798b15fd,syn_1adcbb975557fc57fffb9471a6ee47b1,FEASIBLE,0.0,1.0,EXPLOITATION,1
public_04,public_04_day_24,24,syn_321a39fae8f0dba4e3edbab774b58d93,syn_7ba96d0f0cba9592b4b83299379b202c,FEASIBLE,0.0,1.0,EXPLOITATION,1
public_04,public_04_day_24,24,syn_e453a9753947b8de3c0e1a316bed97e0,syn_1890fa287cb47cb3c40bfc072dea2831,FEASIBLE,0.0,1.0,EXPLOITATION,1
public_04,public_04_day_24,24,syn_83577c49b97c67fc62385886ccbc3d84,syn_397e6f808de609ed6233f67bfbbf5073,FEASIBLE,0.0,1.0,EXPLOITATION,1
public_04,public_04_day_24,24,syn_638e3707b3fd032bbac98862c7b487d7,syn_2c9bc92b3661a67a689cdd9292b72dd8,FEASIBLE,0.0,1.0,EXPLOITATION,1
public_04,public_04_day_24,24,syn_730febe55e4f2d8c3c2e7d2eb7f1c334,syn_b7e8304a5ec73d58a2bceee63ad36fa9,FEASIBLE,0.0,1.0,EXPLOITATION,1
public_04,public_04_day_24,24,syn_d55e7be8bc8def7a7ba01987a41edd23,syn_938b2288b51fb2c969f0471cd76902b4,FEASIBLE,0.0,1.0,EXPLOITATION,1
public_04,public_04_day_24,24,syn_849e022f628b4bab94ec91859a2eb260,syn_c5eaf70283619d3e612460ed0559915a,FEASIBLE,0.2,1.0,EXPLOITATION,0
public_04,public_04_day_24,24,syn_74c35467d7d42e945b810aed798b15fd,syn_bd73b3c0ed911bba8f82e95365300148,FEASIBLE,0.0,1.0,EXPLOITATION,0
public_04,public_04_day_24,24,syn_74c35467d7d42e945b810aed798b15fd,syn_5fde49d24837cd3528d28b491b0dfee0,FEASIBLE,0.0,1.0,EXPLOITATION,0
public_04,public_04_day_24,24,syn_e453a9753947b8de3c0e1a316bed97e0,syn_0d4aeb780385fa80ff0427c0fdd07221,FEASIBLE,0.0,1.0,EXPLOITATION,0
public_04,public_04_day_24,24,syn_e453a9753947b8de3c0e1a316bed97e0,syn_b7e8304a5ec73d58a2bceee63ad36fa9,FEASIBLE,0.0,1.0,EXPLOITATION,0
public_04,public_04_day_24,24,syn_c03868d63853ea1bff35bc0992f6de98,syn_5fde49d24837cd3528d28b491b0dfee0,FEASIBLE,0.0,1.0,EXPLOITATION,0
public_04,public_04_day_24,24,syn_1890fa287cb47cb3c40bfc072dea2831,syn_0d7df4f4bfbfc139b102f0fa6c28d929,FEASIBLE,0.0,1.0,EXPLORATION,0
public_04,public_04_day_24,24,syn_1890fa287cb47cb3c40bfc072dea2831,syn_b7e8304a5ec73d58a2bceee63ad36fa9,FEASIBLE,0.0,1.0,EXPLORATION,0
public_04,public_04_day_24,24,syn_397e6f808de609ed6233f67bfbbf5073,syn_24e084798f238a279f16794b68afbddf,FEASIBLE,0.0,1.0,EXPLORATION,0
public_04,public_04_day_24,24,syn_a3c439ac1b7fa162936aba04989c8567,syn_b7e8304a5ec73d58a2bceee63ad36fa9,FEASIBLE,0.0,1.0,EXPLOITATION,0
public_04,public_04_day_24,24,syn_0d4aeb780385fa80ff0427c0fdd07221,syn_b7e8304a5ec73d58a2bceee63ad36fa9,FEASIBLE,0.0,1.0,EXPLOITATION,0
public_04,public_04_day_25,25,syn_bd73b3c0ed911bba8f82e95365300148,syn_5fde49d24837cd3528d28b491b0dfee0,FEASIBLE,1.0,1.0,EXPLOITATION,1
public_04,public_04_day_25,25,syn_731849480b4c01c377ca6e6902519aba,syn_24e084798f238a279f16794b68afbddf,FEASIBLE,1.0,1.0,EXPLOITATION,1
public_04,public_04_day_25,25,syn_c83ea6d69287771a7423f5440eb8cb8c,syn_36db1f5d2e83246f218ddc986f80693c,FEASIBLE,1.0,1.0,EXPLOITATION,1
public_04,public_04_day_25,25,syn_1f125e068adfe453e6d646b417a74160,syn_eb8696fb693b13718b8d552d3dee6513,FEASIBLE,0.5,1.0,EXPLOITATION,1
public_04,public_04_day_25,25,syn_849e022f628b4bab94ec91859a2eb260,syn_685afb58756b09bce56c0f7d31be8487,FEASIBLE,0.3,1.0,EXPLOITATION,1
public_04,public_04_day_25,25,syn_03eaad8b6bf2574c57e40c280d593f64,syn_0d4aeb780385fa80ff0427c0fdd07221,FEASIBLE,0.15,1.0,EXPLOITATION,1
public_04,public_04_day_25,25,syn_74c35467d7d42e945b810aed798b15fd,syn_18e71c29fea4faa2e9521f85243b9f95,FEASIBLE,0.0,1.0,EXPLOITATION,1
public_04,public_04_day_25,25,syn_321a39fae8f0dba4e3edbab774b58d93,syn_7ba96d0f0cba9592b4b83299379b202c,FEASIBLE,0.0,1.0,EXPLOITATION,1
public_04,public_04_day_25,25,syn_e453a9753947b8de3c0e1a316bed97e0,syn_1890fa287cb47cb3c40bfc072dea2831,FEASIBLE,0.0,1.0,EXPLOITATION,1
public_04,public_04_day_25,25,syn_83577c49b97c67fc62385886ccbc3d84,syn_397e6f808de609ed6233f67bfbbf5073,FEASIBLE,0.0,1.0,EXPLOITATION,1
public_04,public_04_day_25,25,syn_638e3707b3fd032bbac98862c7b487d7,syn_2c9bc92b3661a67a689cdd9292b72dd8,FEASIBLE,0.0,1.0,EXPLOITATION,1
public_04,public_04_day_25,25,syn_730febe55e4f2d8c3c2e7d2eb7f1c334,syn_b7e8304a5ec73d58a2bceee63ad36fa9,FEASIBLE,0.0,1.0,EXPLOITATION,1
public_04,public_04_day_25,25,syn_d55e7be8bc8def7a7ba01987a41edd23,syn_938b2288b51fb2c969f0471cd76902b4,FEASIBLE,0.0,1.0,EXPLOITATION,1
public_04,public_04_day_25,25,syn_849e022f628b4bab94ec91859a2eb260,syn_c5eaf70283619d3e612460ed0559915a,FEASIBLE,0.2,1.0,EXPLOITATION,0
public_04,public_04_day_25,25,syn_74c35467d7d42e945b810aed798b15fd,syn_bd73b3c0ed911bba8f82e95365300148,FEASIBLE,0.0,1.0,EXPLOITATION,0
public_04,public_04_day_25,25,syn_74c35467d7d42e945b810aed798b15fd,syn_5fde49d24837cd3528d28b491b0dfee0,FEASIBLE,0.0,1.0,EXPLOITATION,0
public_04,public_04_day_25,25,syn_74c35467d7d42e945b810aed798b15fd,syn_1adcbb975557fc57fffb9471a6ee47b1,FEASIBLE,0.0,1.0,EXPLOITATION,0
public_04,public_04_day_25,25,syn_524308ae64342137a0712e7da1ca7533,syn_18e71c29fea4faa2e9521f85243b9f95,FEASIBLE,0.0,1.0,EXPLOITATION,0
public_04,public_04_day_25,25,syn_e453a9753947b8de3c0e1a316bed97e0,syn_0d4aeb780385fa80ff0427c0fdd07221,FEASIBLE,0.0,1.0,EXPLOITATION,0
public_04,public_04_day_25,25,syn_e453a9753947b8de3c0e1a316bed97e0,syn_b7e8304a5ec73d58a2bceee63ad36fa9,FEASIBLE,0.0,1.0,EXPLOITATION,0
public_04,public_04_day_25,25,syn_c03868d63853ea1bff35bc0992f6de98,syn_5fde49d24837cd3528d28b491b0dfee0,FEASIBLE,0.0,1.0,EXPLOITATION,0
public_04,public_04_day_25,25,syn_bd73b3c0ed911bba8f82e95365300148,syn_18e71c29fea4faa2e9521f85243b9f95,FEASIBLE,0.0,1.0,EXPLOITATION,0
public_04,public_04_day_25,25,syn_1890fa287cb47cb3c40bfc072dea2831,syn_0d7df4f4bfbfc139b102f0fa6c28d929,FEASIBLE,0.0,1.0,EXPLORATION,0
public_04,public_04_day_25,25,syn_1890fa287cb47cb3c40bfc072dea2831,syn_b7e8304a5ec73d58a2bceee63ad36fa9,FEASIBLE,0.0,1.0,EXPLORATION,0
public_04,public_04_day_25,25,syn_1f125e068adfe453e6d646b417a74160,syn_1bcfca3217b37178274c5f4eb4a84d0c,FEASIBLE,0.0,1.0,EXPLOITATION,0
public_04,public_04_day_25,25,syn_18e71c29fea4faa2e9521f85243b9f95,syn_507d19d91c5d6c09cdd0d1fef4b95f62,FEASIBLE,0.0,1.0,EXPLOITATION,0
public_04,public_04_day_25,25,syn_18e71c29fea4faa2e9521f85243b9f95,syn_fc5ac0142c9d3d0ee6ec9e0c8dcfa904,FEASIBLE,0.0,1.0,EXPLOITATION,0
public_04,public_04_day_25,25,syn_18e71c29fea4faa2e9521f85243b9f95,syn_073555cc4699627ce699abc314b5b131,FEASIBLE,0.0,1.0,EXPLOITATION,0
public_04,public_04_day_25,25,syn_397e6f808de609ed6233f67bfbbf5073,syn_24e084798f238a279f16794b68afbddf,FEASIBLE,0.0,1.0,EXPLORATION,0
public_04,public_04_day_25,25,syn_a3c439ac1b7fa162936aba04989c8567,syn_b7e8304a5ec73d58a2bceee63ad36fa9,FEASIBLE,0.0,1.0,EXPLOITATION,0
public_04,public_04_day_25,25,syn_0d4aeb780385fa80ff0427c0fdd07221,syn_b7e8304a5ec73d58a2bceee63ad36fa9,FEASIBLE,0.0,1.0,EXPLOITATION,0
public_04,public_04_day_26,26,syn_bd73b3c0ed911bba8f82e95365300148,syn_5fde49d24837cd3528d28b491b0dfee0,FEASIBLE,1.0,1.0,EXPLOITATION,1
public_04,public_04_day_26,26,syn_731849480b4c01c377ca6e6902519aba,syn_24e084798f238a279f16794b68afbddf,FEASIBLE,1.0,1.0,EXPLOITATION,1
public_04,public_04_day_26,26,syn_c83ea6d69287771a7423f5440eb8cb8c,syn_36db1f5d2e83246f218ddc986f80693c,FEASIBLE,1.0,1.0,EXPLOITATION,1
public_04,public_04_day_26,26,syn_1f125e068adfe453e6d646b417a74160,syn_eb8696fb693b13718b8d552d3dee6513,FEASIBLE,0.5,1.0,EXPLOITATION,1
public_04,public_04_day_26,26,syn_ec05382d80bba6e4273caefd8c1c6f6d,syn_1b6880c76aa4fac265ac5fd1a789e195,FEASIBLE,0.3,1.0,EXPLOITATION,1
public_04,public_04_day_26,26,syn_849e022f628b4bab94ec91859a2eb260,syn_685afb58756b09bce56c0f7d31be8487,FEASIBLE,0.3,1.0,EXPLOITATION,1
public_04,public_04_day_26,26,syn_03eaad8b6bf2574c57e40c280d593f64,syn_0d4aeb780385fa80ff0427c0fdd07221,FEASIBLE,0.15,1.0,EXPLOITATION,1
public_04,public_04_day_26,26,syn_26e7743051a10c35ca448232f7764c4a,syn_2cc1b7faf23b94d37ea32fc268130f4d,FEASIBLE,0.15,1.0,EXPLOITATION,1
public_04,public_04_day_26,26,syn_74c35467d7d42e945b810aed798b15fd,syn_18e71c29fea4faa2e9521f85243b9f95,FEASIBLE,0.0,1.0,EXPLOITATION,1
public_04,public_04_day_26,26,syn_321a39fae8f0dba4e3edbab774b58d93,syn_7ba96d0f0cba9592b4b83299379b202c,FEASIBLE,0.0,1.0,EXPLOITATION,1
public_04,public_04_day_26,26,syn_e453a9753947b8de3c0e1a316bed97e0,syn_1890fa287cb47cb3c40bfc072dea2831,FEASIBLE,0.0,1.0,EXPLOITATION,1
public_04,public_04_day_26,26,syn_fc4aafa8e1d8f4e7236cd571da9c7b5d,syn_a4279277750c71af05633514f4cfd51b,FEASIBLE,0.0,1.0,EXPLOITATION,1
public_04,public_04_day_26,26,syn_83577c49b97c67fc62385886ccbc3d84,syn_397e6f808de609ed6233f67bfbbf5073,FEASIBLE,0.0,1.0,EXPLOITATION,1
public_04,public_04_day_26,26,syn_638e3707b3fd032bbac98862c7b487d7,syn_2c9bc92b3661a67a689cdd9292b72dd8,FEASIBLE,0.0,1.0,EXPLOITATION,1
public_04,public_04_day_26,26,syn_730febe55e4f2d8c3c2e7d2eb7f1c334,syn_b7e8304a5ec73d58a2bceee63ad36fa9,FEASIBLE,0.0,1.0,EXPLOITATION,1
public_04,public_04_day_26,26,syn_e7a68b664447aa1b9a47d321c285d374,syn_215e3b0145dd93a06ffef8ea4c228704,FEASIBLE,0.0,1.0,EXPLOITATION,1
public_04,public_04_day_26,26,syn_d55e7be8bc8def7a7ba01987a41edd23,syn_938b2288b51fb2c969f0471cd76902b4,FEASIBLE,0.0,1.0,EXPLOITATION,1
public_04,public_04_day_26,26,syn_849e022f628b4bab94ec91859a2eb260,syn_c5eaf70283619d3e612460ed0559915a,FEASIBLE,0.2,1.0,EXPLOITATION,0
public_04,public_04_day_26,26,syn_74c35467d7d42e945b810aed798b15fd,syn_bd73b3c0ed911bba8f82e95365300148,FEASIBLE,0.0,1.0,EXPLOITATION,0
public_04,public_04_day_26,26,syn_74c35467d7d42e945b810aed798b15fd,syn_5fde49d24837cd3528d28b491b0dfee0,FEASIBLE,0.0,1.0,EXPLOITATION,0
public_04,public_04_day_26,26,syn_74c35467d7d42e945b810aed798b15fd,syn_1adcbb975557fc57fffb9471a6ee47b1,FEASIBLE,0.0,1.0,EXPLOITATION,0
public_04,public_04_day_26,26,syn_524308ae64342137a0712e7da1ca7533,syn_18e71c29fea4faa2e9521f85243b9f95,FEASIBLE,0.0,1.0,EXPLOITATION,0
public_04,public_04_day_26,26,syn_ec05382d80bba6e4273caefd8c1c6f6d,syn_3d9c8af991bc51ab54c7c0880f2bec7d,FEASIBLE,0.0,1.0,EXPLOITATION,0
public_04,public_04_day_26,26,syn_e453a9753947b8de3c0e1a316bed97e0,syn_0d4aeb780385fa80ff0427c0fdd07221,FEASIBLE,0.0,1.0,EXPLOITATION,0
public_04,public_04_day_26,26,syn_e453a9753947b8de3c0e1a316bed97e0,syn_b7e8304a5ec73d58a2bceee63ad36fa9,FEASIBLE,0.0,1.0,EXPLOITATION,0
public_04,public_04_day_26,26,syn_c03868d63853ea1bff35bc0992f6de98,syn_5fde49d24837cd3528d28b491b0dfee0,FEASIBLE,0.0,1.0,EXPLOITATION,0
public_04,public_04_day_26,26,syn_bd73b3c0ed911bba8f82e95365300148,syn_18e71c29fea4faa2e9521f85243b9f95,FEASIBLE,0.0,1.0,EXPLOITATION,0
public_04,public_04_day_26,26,syn_1890fa287cb47cb3c40bfc072dea2831,syn_0d7df4f4bfbfc139b102f0fa6c28d929,FEASIBLE,0.0,1.0,EXPLORATION,0
public_04,public_04_day_26,26,syn_1890fa287cb47cb3c40bfc072dea2831,syn_b7e8304a5ec73d58a2bceee63ad36fa9,FEASIBLE,0.0,1.0,EXPLORATION,0
public_04,public_04_day_26,26,syn_a4279277750c71af05633514f4cfd51b,syn_731849480b4c01c377ca6e6902519aba,FEASIBLE,0.0,1.0,EXPLOITATION,0
public_04,public_04_day_26,26,syn_a4279277750c71af05633514f4cfd51b,syn_26e7743051a10c35ca448232f7764c4a,FEASIBLE,0.0,1.0,EXPLOITATION,0
public_04,public_04_day_26,26,syn_a4279277750c71af05633514f4cfd51b,syn_3d9c8af991bc51ab54c7c0880f2bec7d,FEASIBLE,0.0,1.0,EXPLOITATION,0
public_04,public_04_day_26,26,syn_a4279277750c71af05633514f4cfd51b,syn_0de2036f2832ef6e77c6772ec1537bb9,FEASIBLE,0.0,1.0,EXPLOITATION,0
public_04,public_04_day_26,26,syn_a4279277750c71af05633514f4cfd51b,syn_1b6880c76aa4fac265ac5fd1a789e195,FEASIBLE,0.0,1.0,EXPLORATION,0
public_04,public_04_day_26,26,syn_a4279277750c71af05633514f4cfd51b,syn_eb8696fb693b13718b8d552d3dee6513,FEASIBLE,0.0,1.0,EXPLOITATION,0
public_04,public_04_day_26,26,syn_a4279277750c71af05633514f4cfd51b,syn_4596ec0d6abed93dc1418234c5791984,FEASIBLE,0.0,1.0,EXPLOITATION,0
public_04,public_04_day_26,26,syn_1f125e068adfe453e6d646b417a74160,syn_1bcfca3217b37178274c5f4eb4a84d0c,FEASIBLE,0.0,1.0,EXPLOITATION,0
public_04,public_04_day_26,26,syn_18e71c29fea4faa2e9521f85243b9f95,syn_507d19d91c5d6c09cdd0d1fef4b95f62,FEASIBLE,0.0,1.0,EXPLOITATION,0
public_04,public_04_day_26,26,syn_18e71c29fea4faa2e9521f85243b9f95,syn_fc5ac0142c9d3d0ee6ec9e0c8dcfa904,FEASIBLE,0.0,1.0,EXPLOITATION,0
public_04,public_04_day_26,26,syn_18e71c29fea4faa2e9521f85243b9f95,syn_073555cc4699627ce699abc314b5b131,FEASIBLE,0.0,1.0,EXPLOITATION,0
public_04,public_04_day_26,26,syn_e7a68b664447aa1b9a47d321c285d374,syn_10d7008e077ff1a1dcb0109f8e94820d,FEASIBLE,0.0,1.0,EXPLOITATION,0
public_04,public_04_day_26,26,syn_397e6f808de609ed6233f67bfbbf5073,syn_24e084798f238a279f16794b68afbddf,FEASIBLE,0.0,1.0,EXPLORATION,0
public_04,public_04_day_26,26,syn_a3c439ac1b7fa162936aba04989c8567,syn_b7e8304a5ec73d58a2bceee63ad36fa9,FEASIBLE,0.0,1.0,EXPLOITATION,0
public_04,public_04_day_26,26,syn_0d4aeb780385fa80ff0427c0fdd07221,syn_b7e8304a5ec73d58a2bceee63ad36fa9,FEASIBLE,0.0,1.0,EXPLOITATION,0
public_04,public_04_day_27,27,syn_bd73b3c0ed911bba8f82e95365300148,syn_5fde49d24837cd3528d28b491b0dfee0,FEASIBLE,1.0,1.0,EXPLOITATION,1
public_04,public_04_day_27,27,syn_c83ea6d69287771a7423f5440eb8cb8c,syn_36db1f5d2e83246f218ddc986f80693c,FEASIBLE,1.0,1.0,EXPLOITATION,1
public_04,public_04_day_27,27,syn_1f125e068adfe453e6d646b417a74160,syn_eb8696fb693b13718b8d552d3dee6513,FEASIBLE,0.5,1.0,EXPLOITATION,1
public_04,public_04_day_27,27,syn_ec05382d80bba6e4273caefd8c1c6f6d,syn_1b6880c76aa4fac265ac5fd1a789e195,FEASIBLE,0.3,1.0,EXPLOITATION,1
public_04,public_04_day_27,27,syn_849e022f628b4bab94ec91859a2eb260,syn_685afb58756b09bce56c0f7d31be8487,FEASIBLE,0.3,1.0,EXPLOITATION,1
public_04,public_04_day_27,27,syn_26e7743051a10c35ca448232f7764c4a,syn_2cc1b7faf23b94d37ea32fc268130f4d,FEASIBLE,0.15,1.0,EXPLOITATION,1
public_04,public_04_day_27,27,syn_74c35467d7d42e945b810aed798b15fd,syn_18e71c29fea4faa2e9521f85243b9f95,FEASIBLE,0.0,1.0,EXPLOITATION,1
public_04,public_04_day_27,27,syn_321a39fae8f0dba4e3edbab774b58d93,syn_7ba96d0f0cba9592b4b83299379b202c,FEASIBLE,0.0,1.0,EXPLOITATION,1
public_04,public_04_day_27,27,syn_1890fa287cb47cb3c40bfc072dea2831,syn_0d7df4f4bfbfc139b102f0fa6c28d929,FEASIBLE,0.0,1.0,EXPLORATION,1
public_04,public_04_day_27,27,syn_83577c49b97c67fc62385886ccbc3d84,syn_397e6f808de609ed6233f67bfbbf5073,FEASIBLE,0.0,1.0,EXPLOITATION,1
public_04,public_04_day_27,27,syn_638e3707b3fd032bbac98862c7b487d7,syn_2c9bc92b3661a67a689cdd9292b72dd8,FEASIBLE,0.0,1.0,EXPLOITATION,1
public_04,public_04_day_27,27,syn_730febe55e4f2d8c3c2e7d2eb7f1c334,syn_b7e8304a5ec73d58a2bceee63ad36fa9,FEASIBLE,0.0,1.0,EXPLOITATION,1
public_04,public_04_day_27,27,syn_e7a68b664447aa1b9a47d321c285d374,syn_215e3b0145dd93a06ffef8ea4c228704,FEASIBLE,0.0,1.0,EXPLOITATION,1
public_04,public_04_day_27,27,syn_d55e7be8bc8def7a7ba01987a41edd23,syn_938b2288b51fb2c969f0471cd76902b4,FEASIBLE,0.0,1.0,EXPLOITATION,1
public_04,public_04_day_27,27,syn_849e022f628b4bab94ec91859a2eb260,syn_c5eaf70283619d3e612460ed0559915a,FEASIBLE,0.2,1.0,EXPLOITATION,0
public_04,public_04_day_27,27,syn_74c35467d7d42e945b810aed798b15fd,syn_bd73b3c0ed911bba8f82e95365300148,FEASIBLE,0.0,1.0,EXPLOITATION,0
public_04,public_04_day_27,27,syn_74c35467d7d42e945b810aed798b15fd,syn_5fde49d24837cd3528d28b491b0dfee0,FEASIBLE,0.0,1.0,EXPLOITATION,0
public_04,public_04_day_27,27,syn_74c35467d7d42e945b810aed798b15fd,syn_1adcbb975557fc57fffb9471a6ee47b1,FEASIBLE,0.0,1.0,EXPLOITATION,0
public_04,public_04_day_27,27,syn_524308ae64342137a0712e7da1ca7533,syn_18e71c29fea4faa2e9521f85243b9f95,FEASIBLE,0.0,1.0,EXPLOITATION,0
public_04,public_04_day_27,27,syn_ec05382d80bba6e4273caefd8c1c6f6d,syn_3d9c8af991bc51ab54c7c0880f2bec7d,FEASIBLE,0.0,1.0,EXPLOITATION,0
public_04,public_04_day_27,27,syn_c03868d63853ea1bff35bc0992f6de98,syn_5fde49d24837cd3528d28b491b0dfee0,FEASIBLE,0.0,1.0,EXPLOITATION,0
public_04,public_04_day_27,27,syn_bd73b3c0ed911bba8f82e95365300148,syn_18e71c29fea4faa2e9521f85243b9f95,FEASIBLE,0.0,1.0,EXPLOITATION,0
public_04,public_04_day_27,27,syn_1890fa287cb47cb3c40bfc072dea2831,syn_b7e8304a5ec73d58a2bceee63ad36fa9,FEASIBLE,0.0,1.0,EXPLORATION,0
public_04,public_04_day_27,27,syn_1f125e068adfe453e6d646b417a74160,syn_1bcfca3217b37178274c5f4eb4a84d0c,FEASIBLE,0.0,1.0,EXPLOITATION,0
public_04,public_04_day_27,27,syn_18e71c29fea4faa2e9521f85243b9f95,syn_507d19d91c5d6c09cdd0d1fef4b95f62,FEASIBLE,0.0,1.0,EXPLOITATION,0
public_04,public_04_day_27,27,syn_18e71c29fea4faa2e9521f85243b9f95,syn_fc5ac0142c9d3d0ee6ec9e0c8dcfa904,FEASIBLE,0.0,1.0,EXPLOITATION,0
public_04,public_04_day_27,27,syn_18e71c29fea4faa2e9521f85243b9f95,syn_073555cc4699627ce699abc314b5b131,FEASIBLE,0.0,1.0,EXPLOITATION,0
public_04,public_04_day_27,27,syn_e7a68b664447aa1b9a47d321c285d374,syn_10d7008e077ff1a1dcb0109f8e94820d,FEASIBLE,0.0,1.0,EXPLOITATION,0
public_04,public_04_day_27,27,syn_a3c439ac1b7fa162936aba04989c8567,syn_b7e8304a5ec73d58a2bceee63ad36fa9,FEASIBLE,0.0,1.0,EXPLOITATION,0
public_04,public_04_day_28,28,syn_bd73b3c0ed911bba8f82e95365300148,syn_5fde49d24837cd3528d28b491b0dfee0,FEASIBLE,1.0,1.0,EXPLOITATION,1
public_04,public_04_day_28,28,syn_c83ea6d69287771a7423f5440eb8cb8c,syn_36db1f5d2e83246f218ddc986f80693c,FEASIBLE,1.0,1.0,EXPLOITATION,1
public_04,public_04_day_28,28,syn_1f125e068adfe453e6d646b417a74160,syn_eb8696fb693b13718b8d552d3dee6513,FEASIBLE,0.5,1.0,EXPLOITATION,1
public_04,public_04_day_28,28,syn_ec05382d80bba6e4273caefd8c1c6f6d,syn_1b6880c76aa4fac265ac5fd1a789e195,FEASIBLE,0.3,1.0,EXPLOITATION,1
public_04,public_04_day_28,28,syn_849e022f628b4bab94ec91859a2eb260,syn_685afb58756b09bce56c0f7d31be8487,FEASIBLE,0.3,1.0,EXPLOITATION,1
public_04,public_04_day_28,28,syn_26e7743051a10c35ca448232f7764c4a,syn_2cc1b7faf23b94d37ea32fc268130f4d,FEASIBLE,0.15,1.0,EXPLOITATION,1
public_04,public_04_day_28,28,syn_321a39fae8f0dba4e3edbab774b58d93,syn_7ba96d0f0cba9592b4b83299379b202c,FEASIBLE,0.0,1.0,EXPLOITATION,1
public_04,public_04_day_28,28,syn_1890fa287cb47cb3c40bfc072dea2831,syn_0d7df4f4bfbfc139b102f0fa6c28d929,FEASIBLE,0.0,1.0,EXPLOITATION,1
public_04,public_04_day_28,28,syn_83577c49b97c67fc62385886ccbc3d84,syn_397e6f808de609ed6233f67bfbbf5073,FEASIBLE,0.0,1.0,EXPLOITATION,1
public_04,public_04_day_28,28,syn_638e3707b3fd032bbac98862c7b487d7,syn_2c9bc92b3661a67a689cdd9292b72dd8,FEASIBLE,0.0,1.0,EXPLOITATION,1
public_04,public_04_day_28,28,syn_e7a68b664447aa1b9a47d321c285d374,syn_215e3b0145dd93a06ffef8ea4c228704,FEASIBLE,0.0,1.0,EXPLOITATION,1
public_04,public_04_day_28,28,syn_d55e7be8bc8def7a7ba01987a41edd23,syn_938b2288b51fb2c969f0471cd76902b4,FEASIBLE,0.0,1.0,EXPLOITATION,1
public_04,public_04_day_28,28,syn_849e022f628b4bab94ec91859a2eb260,syn_c5eaf70283619d3e612460ed0559915a,FEASIBLE,0.2,1.0,EXPLOITATION,0
public_04,public_04_day_28,28,syn_ec05382d80bba6e4273caefd8c1c6f6d,syn_3d9c8af991bc51ab54c7c0880f2bec7d,FEASIBLE,0.0,1.0,EXPLOITATION,0
public_04,public_04_day_28,28,syn_c03868d63853ea1bff35bc0992f6de98,syn_5fde49d24837cd3528d28b491b0dfee0,FEASIBLE,0.0,1.0,EXPLOITATION,0
public_04,public_04_day_28,28,syn_1f125e068adfe453e6d646b417a74160,syn_1bcfca3217b37178274c5f4eb4a84d0c,FEASIBLE,0.0,1.0,EXPLOITATION,0
public_04,public_04_day_28,28,syn_e7a68b664447aa1b9a47d321c285d374,syn_10d7008e077ff1a1dcb0109f8e94820d,FEASIBLE,0.0,1.0,EXPLOITATION,0
public_04,public_04_day_29,29,syn_38dbdc9717d6e36a819261a8eae3e39a,syn_bff6e65ce330f895a52d97b4e1ce0127,FEASIBLE,1.0,1.0,EXPLOITATION,1
public_04,public_04_day_29,29,syn_bd73b3c0ed911bba8f82e95365300148,syn_5fde49d24837cd3528d28b491b0dfee0,FEASIBLE,1.0,1.0,EXPLOITATION,1
public_04,public_04_day_29,29,syn_c83ea6d69287771a7423f5440eb8cb8c,syn_36db1f5d2e83246f218ddc986f80693c,FEASIBLE,1.0,1.0,EXPLOITATION,1
public_04,public_04_day_29,29,syn_1f125e068adfe453e6d646b417a74160,syn_eb8696fb693b13718b8d552d3dee6513,FEASIBLE,0.5,1.0,EXPLOITATION,1
public_04,public_04_day_29,29,syn_849e022f628b4bab94ec91859a2eb260,syn_685afb58756b09bce56c0f7d31be8487,FEASIBLE,0.3,1.0,EXPLOITATION,1
public_04,public_04_day_29,29,syn_26e7743051a10c35ca448232f7764c4a,syn_2cc1b7faf23b94d37ea32fc268130f4d,FEASIBLE,0.15,1.0,EXPLOITATION,1
public_04,public_04_day_29,29,syn_ec05382d80bba6e4273caefd8c1c6f6d,syn_3d9c8af991bc51ab54c7c0880f2bec7d,FEASIBLE,0.0,1.0,EXPLOITATION,1
public_04,public_04_day_29,29,syn_1890fa287cb47cb3c40bfc072dea2831,syn_0d7df4f4bfbfc139b102f0fa6c28d929,FEASIBLE,0.0,1.0,EXPLOITATION,1
public_04,public_04_day_29,29,syn_83577c49b97c67fc62385886ccbc3d84,syn_397e6f808de609ed6233f67bfbbf5073,FEASIBLE,0.0,1.0,EXPLOITATION,1
public_04,public_04_day_29,29,syn_638e3707b3fd032bbac98862c7b487d7,syn_2c9bc92b3661a67a689cdd9292b72dd8,FEASIBLE,0.0,1.0,EXPLOITATION,1
public_04,public_04_day_29,29,syn_730febe55e4f2d8c3c2e7d2eb7f1c334,syn_b7e8304a5ec73d58a2bceee63ad36fa9,FEASIBLE,0.0,1.0,EXPLOITATION,1
public_04,public_04_day_29,29,syn_e7a68b664447aa1b9a47d321c285d374,syn_215e3b0145dd93a06ffef8ea4c228704,FEASIBLE,0.0,1.0,EXPLOITATION,1
public_04,public_04_day_29,29,syn_d55e7be8bc8def7a7ba01987a41edd23,syn_938b2288b51fb2c969f0471cd76902b4,FEASIBLE,0.0,1.0,EXPLOITATION,1
public_04,public_04_day_29,29,syn_849e022f628b4bab94ec91859a2eb260,syn_c5eaf70283619d3e612460ed0559915a,FEASIBLE,0.2,1.0,EXPLOITATION,0
public_04,public_04_day_29,29,syn_c03868d63853ea1bff35bc0992f6de98,syn_5fde49d24837cd3528d28b491b0dfee0,FEASIBLE,0.0,1.0,EXPLOITATION,0
public_04,public_04_day_29,29,syn_38dbdc9717d6e36a819261a8eae3e39a,syn_e7a68b664447aa1b9a47d321c285d374,FEASIBLE,0.0,1.0,EXPLOITATION,0
public_04,public_04_day_29,29,syn_1890fa287cb47cb3c40bfc072dea2831,syn_b7e8304a5ec73d58a2bceee63ad36fa9,FEASIBLE,0.0,1.0,EXPLOITATION,0
public_04,public_04_day_29,29,syn_1f125e068adfe453e6d646b417a74160,syn_1bcfca3217b37178274c5f4eb4a84d0c,FEASIBLE,0.0,1.0,EXPLOITATION,0
public_04,public_04_day_29,29,syn_e7a68b664447aa1b9a47d321c285d374,syn_10d7008e077ff1a1dcb0109f8e94820d,FEASIBLE,0.0,1.0,EXPLOITATION,0
public_04,public_04_day_29,29,syn_397e6f808de609ed6233f67bfbbf5073,syn_24e084798f238a279f16794b68afbddf,FEASIBLE,0.0,1.0,EXPLORATION,0
public_04,public_04_day_29,29,syn_a3c439ac1b7fa162936aba04989c8567,syn_b7e8304a5ec73d58a2bceee63ad36fa9,FEASIBLE,0.0,1.0,EXPLOITATION,0
public_04,public_04_day_30,30,syn_38dbdc9717d6e36a819261a8eae3e39a,syn_bff6e65ce330f895a52d97b4e1ce0127,FEASIBLE,1.0,1.0,EXPLOITATION,1
public_04,public_04_day_30,30,syn_bd73b3c0ed911bba8f82e95365300148,syn_5fde49d24837cd3528d28b491b0dfee0,FEASIBLE,1.0,1.0,EXPLOITATION,1
public_04,public_04_day_30,30,syn_c83ea6d69287771a7423f5440eb8cb8c,syn_36db1f5d2e83246f218ddc986f80693c,FEASIBLE,1.0,1.0,EXPLOITATION,1
public_04,public_04_day_30,30,syn_1f125e068adfe453e6d646b417a74160,syn_eb8696fb693b13718b8d552d3dee6513,FEASIBLE,0.5,1.0,EXPLOITATION,1
public_04,public_04_day_30,30,syn_849e022f628b4bab94ec91859a2eb260,syn_685afb58756b09bce56c0f7d31be8487,FEASIBLE,0.3,1.0,EXPLOITATION,1
public_04,public_04_day_30,30,syn_26e7743051a10c35ca448232f7764c4a,syn_2cc1b7faf23b94d37ea32fc268130f4d,FEASIBLE,0.15,1.0,EXPLOITATION,1
public_04,public_04_day_30,30,syn_74c35467d7d42e945b810aed798b15fd,syn_18e71c29fea4faa2e9521f85243b9f95,FEASIBLE,0.0,1.0,EXPLOITATION,1
public_04,public_04_day_30,30,syn_ec05382d80bba6e4273caefd8c1c6f6d,syn_3d9c8af991bc51ab54c7c0880f2bec7d,FEASIBLE,0.0,1.0,EXPLOITATION,1
public_04,public_04_day_30,30,syn_1890fa287cb47cb3c40bfc072dea2831,syn_0d7df4f4bfbfc139b102f0fa6c28d929,FEASIBLE,0.0,1.0,EXPLOITATION,1
public_04,public_04_day_30,30,syn_83577c49b97c67fc62385886ccbc3d84,syn_397e6f808de609ed6233f67bfbbf5073,FEASIBLE,0.0,1.0,EXPLOITATION,1
public_04,public_04_day_30,30,syn_638e3707b3fd032bbac98862c7b487d7,syn_2c9bc92b3661a67a689cdd9292b72dd8,FEASIBLE,0.0,1.0,EXPLOITATION,1
public_04,public_04_day_30,30,syn_730febe55e4f2d8c3c2e7d2eb7f1c334,syn_b7e8304a5ec73d58a2bceee63ad36fa9,FEASIBLE,0.0,1.0,EXPLOITATION,1
public_04,public_04_day_30,30,syn_e7a68b664447aa1b9a47d321c285d374,syn_215e3b0145dd93a06ffef8ea4c228704,FEASIBLE,0.0,1.0,EXPLOITATION,1
public_04,public_04_day_30,30,syn_d55e7be8bc8def7a7ba01987a41edd23,syn_938b2288b51fb2c969f0471cd76902b4,FEASIBLE,0.0,1.0,EXPLOITATION,1
public_04,public_04_day_30,30,syn_849e022f628b4bab94ec91859a2eb260,syn_c5eaf70283619d3e612460ed0559915a,FEASIBLE,0.2,1.0,EXPLOITATION,0
public_04,public_04_day_30,30,syn_74c35467d7d42e945b810aed798b15fd,syn_bd73b3c0ed911bba8f82e95365300148,FEASIBLE,0.0,1.0,EXPLOITATION,0
public_04,public_04_day_30,30,syn_74c35467d7d42e945b810aed798b15fd,syn_5fde49d24837cd3528d28b491b0dfee0,FEASIBLE,0.0,1.0,EXPLOITATION,0
public_04,public_04_day_30,30,syn_74c35467d7d42e945b810aed798b15fd,syn_1adcbb975557fc57fffb9471a6ee47b1,FEASIBLE,0.0,1.0,EXPLOITATION,0
public_04,public_04_day_30,30,syn_c03868d63853ea1bff35bc0992f6de98,syn_5fde49d24837cd3528d28b491b0dfee0,FEASIBLE,0.0,1.0,EXPLOITATION,0
public_04,public_04_day_30,30,syn_38dbdc9717d6e36a819261a8eae3e39a,syn_e7a68b664447aa1b9a47d321c285d374,FEASIBLE,0.0,1.0,EXPLOITATION,0
public_04,public_04_day_30,30,syn_bd73b3c0ed911bba8f82e95365300148,syn_18e71c29fea4faa2e9521f85243b9f95,FEASIBLE,0.0,1.0,EXPLOITATION,0
public_04,public_04_day_30,30,syn_1890fa287cb47cb3c40bfc072dea2831,syn_b7e8304a5ec73d58a2bceee63ad36fa9,FEASIBLE,0.0,1.0,EXPLOITATION,0
public_04,public_04_day_30,30,syn_1f125e068adfe453e6d646b417a74160,syn_1bcfca3217b37178274c5f4eb4a84d0c,FEASIBLE,0.0,1.0,EXPLOITATION,0
public_04,public_04_day_30,30,syn_18e71c29fea4faa2e9521f85243b9f95,syn_507d19d91c5d6c09cdd0d1fef4b95f62,FEASIBLE,0.0,1.0,EXPLOITATION,0
public_04,public_04_day_30,30,syn_18e71c29fea4faa2e9521f85243b9f95,syn_fc5ac0142c9d3d0ee6ec9e0c8dcfa904,FEASIBLE,0.0,1.0,EXPLOITATION,0
public_04,public_04_day_30,30,syn_18e71c29fea4faa2e9521f85243b9f95,syn_073555cc4699627ce699abc314b5b131,FEASIBLE,0.0,1.0,EXPLOITATION,0
public_04,public_04_day_30,30,syn_e7a68b664447aa1b9a47d321c285d374,syn_10d7008e077ff1a1dcb0109f8e94820d,FEASIBLE,0.0,1.0,EXPLOITATION,0
public_04,public_04_day_30,30,syn_397e6f808de609ed6233f67bfbbf5073,syn_24e084798f238a279f16794b68afbddf,FEASIBLE,0.0,1.0,EXPLORATION,0
public_04,public_04_day_30,30,syn_a3c439ac1b7fa162936aba04989c8567,syn_b7e8304a5ec73d58a2bceee63ad36fa9,FEASIBLE,0.0,1.0,EXPLOITATION,0
public_04,public_04_day_34,34,syn_38dbdc9717d6e36a819261a8eae3e39a,syn_bff6e65ce330f895a52d97b4e1ce0127,FEASIBLE,1.0,1.0,EXPLOITATION,1
public_04,public_04_day_34,34,syn_bd73b3c0ed911bba8f82e95365300148,syn_5fde49d24837cd3528d28b491b0dfee0,FEASIBLE,1.0,1.0,EXPLOITATION,1
public_04,public_04_day_34,34,syn_c83ea6d69287771a7423f5440eb8cb8c,syn_36db1f5d2e83246f218ddc986f80693c,FEASIBLE,1.0,1.0,EXPLOITATION,1
public_04,public_04_day_34,34,syn_1f125e068adfe453e6d646b417a74160,syn_eb8696fb693b13718b8d552d3dee6513,FEASIBLE,0.5,1.0,EXPLOITATION,1
public_04,public_04_day_34,34,syn_849e022f628b4bab94ec91859a2eb260,syn_685afb58756b09bce56c0f7d31be8487,FEASIBLE,0.3,1.0,EXPLOITATION,1
public_04,public_04_day_34,34,syn_26e7743051a10c35ca448232f7764c4a,syn_2cc1b7faf23b94d37ea32fc268130f4d,FEASIBLE,0.15,1.0,EXPLOITATION,1
public_04,public_04_day_34,34,syn_74c35467d7d42e945b810aed798b15fd,syn_18e71c29fea4faa2e9521f85243b9f95,FEASIBLE,0.0,1.0,EXPLOITATION,1
public_04,public_04_day_34,34,syn_ec05382d80bba6e4273caefd8c1c6f6d,syn_3d9c8af991bc51ab54c7c0880f2bec7d,FEASIBLE,0.0,1.0,EXPLOITATION,1
public_04,public_04_day_34,34,syn_1890fa287cb47cb3c40bfc072dea2831,syn_0d7df4f4bfbfc139b102f0fa6c28d929,FEASIBLE,0.0,1.0,EXPLOITATION,1
public_04,public_04_day_34,34,syn_83577c49b97c67fc62385886ccbc3d84,syn_397e6f808de609ed6233f67bfbbf5073,FEASIBLE,0.0,1.0,EXPLOITATION,1
public_04,public_04_day_34,34,syn_638e3707b3fd032bbac98862c7b487d7,syn_2c9bc92b3661a67a689cdd9292b72dd8,FEASIBLE,0.0,1.0,EXPLOITATION,1
public_04,public_04_day_34,34,syn_730febe55e4f2d8c3c2e7d2eb7f1c334,syn_b7e8304a5ec73d58a2bceee63ad36fa9,FEASIBLE,0.0,1.0,EXPLOITATION,1
public_04,public_04_day_34,34,syn_e7a68b664447aa1b9a47d321c285d374,syn_215e3b0145dd93a06ffef8ea4c228704,FEASIBLE,0.0,1.0,EXPLOITATION,1
public_04,public_04_day_34,34,syn_d55e7be8bc8def7a7ba01987a41edd23,syn_938b2288b51fb2c969f0471cd76902b4,FEASIBLE,0.0,1.0,EXPLOITATION,1
public_04,public_04_day_34,34,syn_849e022f628b4bab94ec91859a2eb260,syn_c5eaf70283619d3e612460ed0559915a,FEASIBLE,0.2,1.0,EXPLOITATION,0
public_04,public_04_day_34,34,syn_74c35467d7d42e945b810aed798b15fd,syn_bd73b3c0ed911bba8f82e95365300148,FEASIBLE,0.0,1.0,EXPLOITATION,0
public_04,public_04_day_34,34,syn_74c35467d7d42e945b810aed798b15fd,syn_5fde49d24837cd3528d28b491b0dfee0,FEASIBLE,0.0,1.0,EXPLOITATION,0
public_04,public_04_day_34,34,syn_74c35467d7d42e945b810aed798b15fd,syn_1adcbb975557fc57fffb9471a6ee47b1,FEASIBLE,0.0,1.0,EXPLOITATION,0
public_04,public_04_day_34,34,syn_c03868d63853ea1bff35bc0992f6de98,syn_5fde49d24837cd3528d28b491b0dfee0,FEASIBLE,0.0,1.0,EXPLOITATION,0
public_04,public_04_day_34,34,syn_38dbdc9717d6e36a819261a8eae3e39a,syn_e7a68b664447aa1b9a47d321c285d374,FEASIBLE,0.0,1.0,EXPLOITATION,0
public_04,public_04_day_34,34,syn_bd73b3c0ed911bba8f82e95365300148,syn_18e71c29fea4faa2e9521f85243b9f95,FEASIBLE,0.0,1.0,EXPLOITATION,0
public_04,public_04_day_34,34,syn_1890fa287cb47cb3c40bfc072dea2831,syn_b7e8304a5ec73d58a2bceee63ad36fa9,FEASIBLE,0.0,1.0,EXPLOITATION,0
public_04,public_04_day_34,34,syn_1f125e068adfe453e6d646b417a74160,syn_1bcfca3217b37178274c5f4eb4a84d0c,FEASIBLE,0.0,1.0,EXPLOITATION,0
public_04,public_04_day_34,34,syn_18e71c29fea4faa2e9521f85243b9f95,syn_507d19d91c5d6c09cdd0d1fef4b95f62,FEASIBLE,0.0,1.0,EXPLOITATION,0
public_04,public_04_day_34,34,syn_18e71c29fea4faa2e9521f85243b9f95,syn_fc5ac0142c9d3d0ee6ec9e0c8dcfa904,FEASIBLE,0.0,1.0,EXPLOITATION,0
public_04,public_04_day_34,34,syn_18e71c29fea4faa2e9521f85243b9f95,syn_073555cc4699627ce699abc314b5b131,FEASIBLE,0.0,1.0,EXPLOITATION,0
public_04,public_04_day_34,34,syn_e7a68b664447aa1b9a47d321c285d374,syn_10d7008e077ff1a1dcb0109f8e94820d,FEASIBLE,0.0,1.0,EXPLOITATION,0
public_04,public_04_day_34,34,syn_397e6f808de609ed6233f67bfbbf5073,syn_24e084798f238a279f16794b68afbddf,FEASIBLE,0.0,1.0,EXPLORATION,0
public_04,public_04_day_34,34,syn_a3c439ac1b7fa162936aba04989c8567,syn_b7e8304a5ec73d58a2bceee63ad36fa9,FEASIBLE,0.0,1.0,EXPLOITATION,0
public_04,public_04_day_35,35,syn_38dbdc9717d6e36a819261a8eae3e39a,syn_bff6e65ce330f895a52d97b4e1ce0127,FEASIBLE,1.0,1.0,EXPLOITATION,1
public_04,public_04_day_35,35,syn_bd73b3c0ed911bba8f82e95365300148,syn_5fde49d24837cd3528d28b491b0dfee0,FEASIBLE,1.0,1.0,EXPLOITATION,1
public_04,public_04_day_35,35,syn_731849480b4c01c377ca6e6902519aba,syn_24e084798f238a279f16794b68afbddf,FEASIBLE,1.0,1.0,EXPLOITATION,1
public_04,public_04_day_35,35,syn_c83ea6d69287771a7423f5440eb8cb8c,syn_36db1f5d2e83246f218ddc986f80693c,FEASIBLE,1.0,1.0,EXPLOITATION,1
public_04,public_04_day_35,35,syn_1f125e068adfe453e6d646b417a74160,syn_eb8696fb693b13718b8d552d3dee6513,FEASIBLE,0.5,1.0,EXPLOITATION,1
public_04,public_04_day_35,35,syn_849e022f628b4bab94ec91859a2eb260,syn_685afb58756b09bce56c0f7d31be8487,FEASIBLE,0.3,1.0,EXPLOITATION,1
public_04,public_04_day_35,35,syn_03eaad8b6bf2574c57e40c280d593f64,syn_0d4aeb780385fa80ff0427c0fdd07221,FEASIBLE,0.15,1.0,EXPLOITATION,1
public_04,public_04_day_35,35,syn_26e7743051a10c35ca448232f7764c4a,syn_2cc1b7faf23b94d37ea32fc268130f4d,FEASIBLE,0.15,1.0,EXPLOITATION,1
public_04,public_04_day_35,35,syn_74c35467d7d42e945b810aed798b15fd,syn_18e71c29fea4faa2e9521f85243b9f95,FEASIBLE,0.0,1.0,EXPLOITATION,1
public_04,public_04_day_35,35,syn_ec05382d80bba6e4273caefd8c1c6f6d,syn_3d9c8af991bc51ab54c7c0880f2bec7d,FEASIBLE,0.0,1.0,EXPLOITATION,1
public_04,public_04_day_35,35,syn_e453a9753947b8de3c0e1a316bed97e0,syn_1890fa287cb47cb3c40bfc072dea2831,FEASIBLE,0.0,1.0,EXPLOITATION,1
public_04,public_04_day_35,35,syn_7d1a0a5b692c6e203d9d44d074ee1415,syn_a4279277750c71af05633514f4cfd51b,FEASIBLE,0.0,1.0,EXPLORATION,1
public_04,public_04_day_35,35,syn_83577c49b97c67fc62385886ccbc3d84,syn_397e6f808de609ed6233f67bfbbf5073,FEASIBLE,0.0,1.0,EXPLOITATION,1
public_04,public_04_day_35,35,syn_638e3707b3fd032bbac98862c7b487d7,syn_2c9bc92b3661a67a689cdd9292b72dd8,FEASIBLE,0.0,1.0,EXPLOITATION,1
public_04,public_04_day_35,35,syn_730febe55e4f2d8c3c2e7d2eb7f1c334,syn_b7e8304a5ec73d58a2bceee63ad36fa9,FEASIBLE,0.0,1.0,EXPLOITATION,1
public_04,public_04_day_35,35,syn_e7a68b664447aa1b9a47d321c285d374,syn_215e3b0145dd93a06ffef8ea4c228704,FEASIBLE,0.0,1.0,EXPLOITATION,1
public_04,public_04_day_35,35,syn_d55e7be8bc8def7a7ba01987a41edd23,syn_938b2288b51fb2c969f0471cd76902b4,FEASIBLE,0.0,1.0,EXPLOITATION,1
public_04,public_04_day_35,35,syn_849e022f628b4bab94ec91859a2eb260,syn_c5eaf70283619d3e612460ed0559915a,FEASIBLE,0.2,1.0,EXPLOITATION,0
public_04,public_04_day_35,35,syn_74c35467d7d42e945b810aed798b15fd,syn_bd73b3c0ed911bba8f82e95365300148,FEASIBLE,0.0,1.0,EXPLOITATION,0
public_04,public_04_day_35,35,syn_74c35467d7d42e945b810aed798b15fd,syn_5fde49d24837cd3528d28b491b0dfee0,FEASIBLE,0.0,1.0,EXPLOITATION,0
public_04,public_04_day_35,35,syn_74c35467d7d42e945b810aed798b15fd,syn_1adcbb975557fc57fffb9471a6ee47b1,FEASIBLE,0.0,1.0,EXPLOITATION,0
public_04,public_04_day_35,35,syn_e453a9753947b8de3c0e1a316bed97e0,syn_0d4aeb780385fa80ff0427c0fdd07221,FEASIBLE,0.0,1.0,EXPLOITATION,0
public_04,public_04_day_35,35,syn_e453a9753947b8de3c0e1a316bed97e0,syn_b7e8304a5ec73d58a2bceee63ad36fa9,FEASIBLE,0.0,1.0,EXPLOITATION,0
public_04,public_04_day_35,35,syn_c03868d63853ea1bff35bc0992f6de98,syn_5fde49d24837cd3528d28b491b0dfee0,FEASIBLE,0.0,1.0,EXPLOITATION,0
public_04,public_04_day_35,35,syn_38dbdc9717d6e36a819261a8eae3e39a,syn_e7a68b664447aa1b9a47d321c285d374,FEASIBLE,0.0,1.0,EXPLOITATION,0
public_04,public_04_day_35,35,syn_fc4aafa8e1d8f4e7236cd571da9c7b5d,syn_a4279277750c71af05633514f4cfd51b,FEASIBLE,0.0,1.0,EXPLOITATION,0
public_04,public_04_day_35,35,syn_bd73b3c0ed911bba8f82e95365300148,syn_18e71c29fea4faa2e9521f85243b9f95,FEASIBLE,0.0,1.0,EXPLOITATION,0
public_04,public_04_day_35,35,syn_1890fa287cb47cb3c40bfc072dea2831,syn_0d7df4f4bfbfc139b102f0fa6c28d929,FEASIBLE,0.0,1.0,EXPLOITATION,0
public_04,public_04_day_35,35,syn_1890fa287cb47cb3c40bfc072dea2831,syn_b7e8304a5ec73d58a2bceee63ad36fa9,FEASIBLE,0.0,1.0,EXPLOITATION,0
public_04,public_04_day_35,35,syn_a4279277750c71af05633514f4cfd51b,syn_731849480b4c01c377ca6e6902519aba,FEASIBLE,0.0,1.0,EXPLOITATION,0
public_04,public_04_day_35,35,syn_a4279277750c71af05633514f4cfd51b,syn_93ef35bd033e0f6f8d9a1712f26b9d09,FEASIBLE,0.0,1.0,EXPLOITATION,0
public_04,public_04_day_35,35,syn_a4279277750c71af05633514f4cfd51b,syn_26e7743051a10c35ca448232f7764c4a,FEASIBLE,0.0,1.0,EXPLOITATION,0
public_04,public_04_day_35,35,syn_a4279277750c71af05633514f4cfd51b,syn_3d9c8af991bc51ab54c7c0880f2bec7d,FEASIBLE,0.0,1.0,EXPLOITATION,0
public_04,public_04_day_35,35,syn_a4279277750c71af05633514f4cfd51b,syn_0de2036f2832ef6e77c6772ec1537bb9,FEASIBLE,0.0,1.0,EXPLOITATION,0
public_04,public_04_day_35,35,syn_a4279277750c71af05633514f4cfd51b,syn_eb8696fb693b13718b8d552d3dee6513,FEASIBLE,0.0,1.0,EXPLOITATION,0
public_04,public_04_day_35,35,syn_a4279277750c71af05633514f4cfd51b,syn_4596ec0d6abed93dc1418234c5791984,FEASIBLE,0.0,1.0,EXPLOITATION,0
public_04,public_04_day_35,35,syn_1f125e068adfe453e6d646b417a74160,syn_1bcfca3217b37178274c5f4eb4a84d0c,FEASIBLE,0.0,1.0,EXPLOITATION,0
public_04,public_04_day_35,35,syn_18e71c29fea4faa2e9521f85243b9f95,syn_507d19d91c5d6c09cdd0d1fef4b95f62,FEASIBLE,0.0,1.0,EXPLOITATION,0
public_04,public_04_day_35,35,syn_18e71c29fea4faa2e9521f85243b9f95,syn_fc5ac0142c9d3d0ee6ec9e0c8dcfa904,FEASIBLE,0.0,1.0,EXPLOITATION,0
public_04,public_04_day_35,35,syn_18e71c29fea4faa2e9521f85243b9f95,syn_073555cc4699627ce699abc314b5b131,FEASIBLE,0.0,1.0,EXPLOITATION,0
public_04,public_04_day_35,35,syn_e7a68b664447aa1b9a47d321c285d374,syn_10d7008e077ff1a1dcb0109f8e94820d,FEASIBLE,0.0,1.0,EXPLOITATION,0
public_04,public_04_day_35,35,syn_397e6f808de609ed6233f67bfbbf5073,syn_24e084798f238a279f16794b68afbddf,FEASIBLE,0.0,1.0,EXPLORATION,0
public_04,public_04_day_35,35,syn_a3c439ac1b7fa162936aba04989c8567,syn_b7e8304a5ec73d58a2bceee63ad36fa9,FEASIBLE,0.0,1.0,EXPLOITATION,0
public_04,public_04_day_35,35,syn_0d4aeb780385fa80ff0427c0fdd07221,syn_b7e8304a5ec73d58a2bceee63ad36fa9,FEASIBLE,0.0,1.0,EXPLOITATION,0
public_04,public_04_day_36,36,syn_38dbdc9717d6e36a819261a8eae3e39a,syn_bff6e65ce330f895a52d97b4e1ce0127,FEASIBLE,1.0,1.0,EXPLOITATION,1
public_04,public_04_day_36,36,syn_bd73b3c0ed911bba8f82e95365300148,syn_5fde49d24837cd3528d28b491b0dfee0,FEASIBLE,1.0,1.0,EXPLOITATION,1
public_04,public_04_day_36,36,syn_731849480b4c01c377ca6e6902519aba,syn_24e084798f238a279f16794b68afbddf,FEASIBLE,1.0,1.0,EXPLOITATION,1
public_04,public_04_day_36,36,syn_c83ea6d69287771a7423f5440eb8cb8c,syn_36db1f5d2e83246f218ddc986f80693c,FEASIBLE,1.0,1.0,EXPLOITATION,1
public_04,public_04_day_36,36,syn_1f125e068adfe453e6d646b417a74160,syn_eb8696fb693b13718b8d552d3dee6513,FEASIBLE,0.5,1.0,EXPLOITATION,1
public_04,public_04_day_36,36,syn_849e022f628b4bab94ec91859a2eb260,syn_685afb58756b09bce56c0f7d31be8487,FEASIBLE,0.3,1.0,EXPLOITATION,1
public_04,public_04_day_36,36,syn_03eaad8b6bf2574c57e40c280d593f64,syn_0d4aeb780385fa80ff0427c0fdd07221,FEASIBLE,0.15,1.0,EXPLOITATION,1
public_04,public_04_day_36,36,syn_26e7743051a10c35ca448232f7764c4a,syn_2cc1b7faf23b94d37ea32fc268130f4d,FEASIBLE,0.15,1.0,EXPLOITATION,1
public_04,public_04_day_36,36,syn_74c35467d7d42e945b810aed798b15fd,syn_18e71c29fea4faa2e9521f85243b9f95,FEASIBLE,0.0,1.0,EXPLOITATION,1
public_04,public_04_day_36,36,syn_ec05382d80bba6e4273caefd8c1c6f6d,syn_3d9c8af991bc51ab54c7c0880f2bec7d,FEASIBLE,0.0,1.0,EXPLOITATION,1
public_04,public_04_day_36,36,syn_e453a9753947b8de3c0e1a316bed97e0,syn_1890fa287cb47cb3c40bfc072dea2831,FEASIBLE,0.0,1.0,EXPLOITATION,1
public_04,public_04_day_36,36,syn_7d1a0a5b692c6e203d9d44d074ee1415,syn_a4279277750c71af05633514f4cfd51b,FEASIBLE,0.0,1.0,EXPLOITATION,1
public_04,public_04_day_36,36,syn_83577c49b97c67fc62385886ccbc3d84,syn_397e6f808de609ed6233f67bfbbf5073,FEASIBLE,0.0,1.0,EXPLOITATION,1
public_04,public_04_day_36,36,syn_638e3707b3fd032bbac98862c7b487d7,syn_2c9bc92b3661a67a689cdd9292b72dd8,FEASIBLE,0.0,1.0,EXPLOITATION,1
public_04,public_04_day_36,36,syn_730febe55e4f2d8c3c2e7d2eb7f1c334,syn_b7e8304a5ec73d58a2bceee63ad36fa9,FEASIBLE,0.0,1.0,EXPLOITATION,1
public_04,public_04_day_36,36,syn_e7a68b664447aa1b9a47d321c285d374,syn_215e3b0145dd93a06ffef8ea4c228704,FEASIBLE,0.0,1.0,EXPLOITATION,1
public_04,public_04_day_36,36,syn_d55e7be8bc8def7a7ba01987a41edd23,syn_938b2288b51fb2c969f0471cd76902b4,FEASIBLE,0.0,1.0,EXPLOITATION,1
public_04,public_04_day_36,36,syn_849e022f628b4bab94ec91859a2eb260,syn_c5eaf70283619d3e612460ed0559915a,FEASIBLE,0.2,1.0,EXPLOITATION,0
public_04,public_04_day_36,36,syn_74c35467d7d42e945b810aed798b15fd,syn_bd73b3c0ed911bba8f82e95365300148,FEASIBLE,0.0,1.0,EXPLOITATION,0
public_04,public_04_day_36,36,syn_74c35467d7d42e945b810aed798b15fd,syn_5fde49d24837cd3528d28b491b0dfee0,FEASIBLE,0.0,1.0,EXPLOITATION,0
public_04,public_04_day_36,36,syn_74c35467d7d42e945b810aed798b15fd,syn_1adcbb975557fc57fffb9471a6ee47b1,FEASIBLE,0.0,1.0,EXPLOITATION,0
public_04,public_04_day_36,36,syn_524308ae64342137a0712e7da1ca7533,syn_18e71c29fea4faa2e9521f85243b9f95,FEASIBLE,0.0,1.0,EXPLOITATION,0
public_04,public_04_day_36,36,syn_e453a9753947b8de3c0e1a316bed97e0,syn_0d4aeb780385fa80ff0427c0fdd07221,FEASIBLE,0.0,1.0,EXPLOITATION,0
public_04,public_04_day_36,36,syn_e453a9753947b8de3c0e1a316bed97e0,syn_b7e8304a5ec73d58a2bceee63ad36fa9,FEASIBLE,0.0,1.0,EXPLOITATION,0
public_04,public_04_day_36,36,syn_c03868d63853ea1bff35bc0992f6de98,syn_5fde49d24837cd3528d28b491b0dfee0,FEASIBLE,0.0,1.0,EXPLOITATION,0
public_04,public_04_day_36,36,syn_38dbdc9717d6e36a819261a8eae3e39a,syn_e7a68b664447aa1b9a47d321c285d374,FEASIBLE,0.0,1.0,EXPLOITATION,0
public_04,public_04_day_36,36,syn_fc4aafa8e1d8f4e7236cd571da9c7b5d,syn_a4279277750c71af05633514f4cfd51b,FEASIBLE,0.0,1.0,EXPLOITATION,0
public_04,public_04_day_36,36,syn_bd73b3c0ed911bba8f82e95365300148,syn_18e71c29fea4faa2e9521f85243b9f95,FEASIBLE,0.0,1.0,EXPLOITATION,0
public_04,public_04_day_36,36,syn_1890fa287cb47cb3c40bfc072dea2831,syn_0d7df4f4bfbfc139b102f0fa6c28d929,FEASIBLE,0.0,1.0,EXPLOITATION,0
public_04,public_04_day_36,36,syn_1890fa287cb47cb3c40bfc072dea2831,syn_b7e8304a5ec73d58a2bceee63ad36fa9,FEASIBLE,0.0,1.0,EXPLOITATION,0
public_04,public_04_day_36,36,syn_a4279277750c71af05633514f4cfd51b,syn_731849480b4c01c377ca6e6902519aba,FEASIBLE,0.0,1.0,EXPLOITATION,0
public_04,public_04_day_36,36,syn_a4279277750c71af05633514f4cfd51b,syn_93ef35bd033e0f6f8d9a1712f26b9d09,FEASIBLE,0.0,1.0,EXPLOITATION,0
public_04,public_04_day_36,36,syn_a4279277750c71af05633514f4cfd51b,syn_26e7743051a10c35ca448232f7764c4a,FEASIBLE,0.0,1.0,EXPLOITATION,0
public_04,public_04_day_36,36,syn_a4279277750c71af05633514f4cfd51b,syn_3d9c8af991bc51ab54c7c0880f2bec7d,FEASIBLE,0.0,1.0,EXPLOITATION,0
public_04,public_04_day_36,36,syn_a4279277750c71af05633514f4cfd51b,syn_0de2036f2832ef6e77c6772ec1537bb9,FEASIBLE,0.0,1.0,EXPLOITATION,0
public_04,public_04_day_36,36,syn_a4279277750c71af05633514f4cfd51b,syn_eb8696fb693b13718b8d552d3dee6513,FEASIBLE,0.0,1.0,EXPLOITATION,0
public_04,public_04_day_36,36,syn_a4279277750c71af05633514f4cfd51b,syn_4596ec0d6abed93dc1418234c5791984,FEASIBLE,0.0,1.0,EXPLOITATION,0
public_04,public_04_day_36,36,syn_1f125e068adfe453e6d646b417a74160,syn_1bcfca3217b37178274c5f4eb4a84d0c,FEASIBLE,0.0,1.0,EXPLOITATION,0
public_04,public_04_day_36,36,syn_18e71c29fea4faa2e9521f85243b9f95,syn_507d19d91c5d6c09cdd0d1fef4b95f62,FEASIBLE,0.0,1.0,EXPLOITATION,0
public_04,public_04_day_36,36,syn_18e71c29fea4faa2e9521f85243b9f95,syn_fc5ac0142c9d3d0ee6ec9e0c8dcfa904,FEASIBLE,0.0,1.0,EXPLOITATION,0
public_04,public_04_day_36,36,syn_18e71c29fea4faa2e9521f85243b9f95,syn_073555cc4699627ce699abc314b5b131,FEASIBLE,0.0,1.0,EXPLOITATION,0
public_04,public_04_day_36,36,syn_e7a68b664447aa1b9a47d321c285d374,syn_10d7008e077ff1a1dcb0109f8e94820d,FEASIBLE,0.0,1.0,EXPLOITATION,0
public_04,public_04_day_36,36,syn_397e6f808de609ed6233f67bfbbf5073,syn_24e084798f238a279f16794b68afbddf,FEASIBLE,0.0,1.0,EXPLORATION,0
public_04,public_04_day_36,36,syn_a3c439ac1b7fa162936aba04989c8567,syn_b7e8304a5ec73d58a2bceee63ad36fa9,FEASIBLE,0.0,1.0,EXPLOITATION,0
public_04,public_04_day_36,36,syn_0d4aeb780385fa80ff0427c0fdd07221,syn_b7e8304a5ec73d58a2bceee63ad36fa9,FEASIBLE,0.0,1.0,EXPLOITATION,0
public_05,public_05_day_1,1,syn_23170a23564440a1d4402bade96fbeaa,syn_7e4f49ce22a2dc79ca61ba0bc89f0f82,FEASIBLE,0.55,1.0,EXPLORATION,1
public_05,public_05_day_1,1,syn_d972a517765f7d71a85724b9e4c75331,syn_491d2caa03074de80577fcadbbb7619c,FEASIBLE,0.0,1.0,EXPLORATION,1
public_05,public_05_day_1,1,syn_d972a517765f7d71a85724b9e4c75331,syn_578b39a83f01b0166432cb202fd75c89,FEASIBLE,0.0,1.0,EXPLORATION,0
public_05,public_05_day_2,2,syn_23170a23564440a1d4402bade96fbeaa,syn_7e4f49ce22a2dc79ca61ba0bc89f0f82,FEASIBLE,0.55,1.0,EXPLOITATION,1
public_05,public_05_day_2,2,syn_d972a517765f7d71a85724b9e4c75331,syn_491d2caa03074de80577fcadbbb7619c,FEASIBLE,0.0,1.0,EXPLOITATION,1
public_05,public_05_day_2,2,syn_d972a517765f7d71a85724b9e4c75331,syn_578b39a83f01b0166432cb202fd75c89,FEASIBLE,0.0,1.0,EXPLORATION,0
public_05,public_05_day_3,3,syn_f52d998f7b3adeed3355e5e1ddd5221d,syn_f8eb160de9f82987145dcf9bd6c14111,FEASIBLE,0.85,1.0,EXPLOITATION,1
public_05,public_05_day_3,3,syn_23170a23564440a1d4402bade96fbeaa,syn_7e4f49ce22a2dc79ca61ba0bc89f0f82,FEASIBLE,0.55,1.0,EXPLOITATION,1
public_05,public_05_day_3,3,syn_d972a517765f7d71a85724b9e4c75331,syn_491d2caa03074de80577fcadbbb7619c,FEASIBLE,0.0,1.0,EXPLOITATION,1
public_05,public_05_day_3,3,syn_f52d998f7b3adeed3355e5e1ddd5221d,syn_4a30986e184de09da4d488e6dc42ec50,FEASIBLE,0.5499999999999999,1.0,EXPLORATION,0
public_05,public_05_day_3,3,syn_3629e30d62cfc4882e782ef72b076973,syn_f52d998f7b3adeed3355e5e1ddd5221d,FEASIBLE,0.4,1.0,EXPLORATION,0
public_05,public_05_day_3,3,syn_d972a517765f7d71a85724b9e4c75331,syn_578b39a83f01b0166432cb202fd75c89,FEASIBLE,0.0,1.0,EXPLORATION,0
public_05,public_05_day_4,4,syn_f52d998f7b3adeed3355e5e1ddd5221d,syn_f8eb160de9f82987145dcf9bd6c14111,FEASIBLE,0.85,1.0,EXPLOITATION,1
public_05,public_05_day_4,4,syn_23170a23564440a1d4402bade96fbeaa,syn_7e4f49ce22a2dc79ca61ba0bc89f0f82,FEASIBLE,0.55,1.0,EXPLOITATION,1
public_05,public_05_day_4,4,syn_d972a517765f7d71a85724b9e4c75331,syn_5863c08fc3f248b07a841a4d6511e6fc,FEASIBLE,0.0,1.0,EXPLORATION,1
public_05,public_05_day_4,4,syn_f52d998f7b3adeed3355e5e1ddd5221d,syn_4a30986e184de09da4d488e6dc42ec50,FEASIBLE,0.5499999999999999,1.0,EXPLORATION,0
public_05,public_05_day_4,4,syn_3629e30d62cfc4882e782ef72b076973,syn_f52d998f7b3adeed3355e5e1ddd5221d,FEASIBLE,0.4,1.0,EXPLORATION,0
public_05,public_05_day_4,4,syn_d972a517765f7d71a85724b9e4c75331,syn_491d2caa03074de80577fcadbbb7619c,FEASIBLE,0.0,1.0,EXPLOITATION,0
public_05,public_05_day_4,4,syn_d972a517765f7d71a85724b9e4c75331,syn_578b39a83f01b0166432cb202fd75c89,FEASIBLE,0.0,1.0,EXPLORATION,0
public_05,public_05_day_5,5,syn_f52d998f7b3adeed3355e5e1ddd5221d,syn_f8eb160de9f82987145dcf9bd6c14111,FEASIBLE,0.85,1.0,EXPLOITATION,1
public_05,public_05_day_5,5,syn_daae70040111edbb049035d2a01a3d36,syn_e00e10705d734ac68710874d558dc113,FEASIBLE,0.6,1.0,EXPLORATION,1
public_05,public_05_day_5,5,syn_23170a23564440a1d4402bade96fbeaa,syn_7e4f49ce22a2dc79ca61ba0bc89f0f82,FEASIBLE,0.55,1.0,EXPLOITATION,1
public_05,public_05_day_5,5,syn_d972a517765f7d71a85724b9e4c75331,syn_5863c08fc3f248b07a841a4d6511e6fc,FEASIBLE,0.0,1.0,EXPLOITATION,1
public_05,public_05_day_5,5,syn_f52d998f7b3adeed3355e5e1ddd5221d,syn_4a30986e184de09da4d488e6dc42ec50,FEASIBLE,0.5499999999999999,1.0,EXPLORATION,0
public_05,public_05_day_5,5,syn_3629e30d62cfc4882e782ef72b076973,syn_f52d998f7b3adeed3355e5e1ddd5221d,FEASIBLE,0.4,1.0,EXPLORATION,0
public_05,public_05_day_5,5,syn_e00e10705d734ac68710874d558dc113,syn_f52d998f7b3adeed3355e5e1ddd5221d,FEASIBLE,0.1,1.0,EXPLORATION,0
public_05,public_05_day_5,5,syn_d972a517765f7d71a85724b9e4c75331,syn_491d2caa03074de80577fcadbbb7619c,FEASIBLE,0.0,1.0,EXPLOITATION,0
public_05,public_05_day_5,5,syn_d972a517765f7d71a85724b9e4c75331,syn_578b39a83f01b0166432cb202fd75c89,FEASIBLE,0.0,1.0,EXPLORATION,0
public_05,public_05_day_6,6,syn_955a8bdca2d80121eeda9df1c5b47f0d,syn_7eee6a7a0275f890ef8c6385bb0ca86e,FEASIBLE,1.0,1.0,EXPLORATION,1
public_05,public_05_day_6,6,syn_f52d998f7b3adeed3355e5e1ddd5221d,syn_f8eb160de9f82987145dcf9bd6c14111,FEASIBLE,0.85,1.0,EXPLOITATION,1
public_05,public_05_day_6,6,syn_daae70040111edbb049035d2a01a3d36,syn_e00e10705d734ac68710874d558dc113,FEASIBLE,0.6,1.0,EXPLOITATION,1
public_05,public_05_day_6,6,syn_23170a23564440a1d4402bade96fbeaa,syn_7e4f49ce22a2dc79ca61ba0bc89f0f82,FEASIBLE,0.55,1.0,EXPLOITATION,1
public_05,public_05_day_6,6,syn_b30ea3f02d38b8923b5460bfef0e7833,syn_0cc07e96f676a5d559cbc5e653e33702,FEASIBLE,0.5,1.0,EXPLORATION,1
public_05,public_05_day_6,6,syn_d972a517765f7d71a85724b9e4c75331,syn_5863c08fc3f248b07a841a4d6511e6fc,FEASIBLE,0.0,1.0,EXPLOITATION,1
public_05,public_05_day_6,6,syn_9b67b3d6b3dda13686dfab9594a9106a,syn_3ff803cc4309f41eb7e9181d17112507,FEASIBLE,0.0,1.0,EXPLOITATION,1
public_05,public_05_day_6,6,syn_32431bcfe5fcb7cce07e8b444d497c9c,syn_3788539c7c8062cd932e2b427024d8ea,FEASIBLE,0.0,1.0,EXPLOITATION,1
public_05,public_05_day_6,6,syn_daae70040111edbb049035d2a01a3d36,syn_7eee6a7a0275f890ef8c6385bb0ca86e,FEASIBLE,0.7,1.0,EXPLORATION,0
public_05,public_05_day_6,6,syn_f52d998f7b3adeed3355e5e1ddd5221d,syn_4a30986e184de09da4d488e6dc42ec50,FEASIBLE,0.5499999999999999,1.0,EXPLORATION,0
public_05,public_05_day_6,6,syn_3629e30d62cfc4882e782ef72b076973,syn_f52d998f7b3adeed3355e5e1ddd5221d,FEASIBLE,0.4,1.0,EXPLORATION,0
public_05,public_05_day_6,6,syn_7eee6a7a0275f890ef8c6385bb0ca86e,syn_f52d998f7b3adeed3355e5e1ddd5221d,FEASIBLE,0.39999999999999997,1.0,EXPLORATION,0
public_05,public_05_day_6,6,syn_e00e10705d734ac68710874d558dc113,syn_f52d998f7b3adeed3355e5e1ddd5221d,FEASIBLE,0.1,1.0,EXPLORATION,0
public_05,public_05_day_6,6,syn_d972a517765f7d71a85724b9e4c75331,syn_491d2caa03074de80577fcadbbb7619c,FEASIBLE,0.0,1.0,EXPLOITATION,0
public_05,public_05_day_6,6,syn_d972a517765f7d71a85724b9e4c75331,syn_578b39a83f01b0166432cb202fd75c89,FEASIBLE,0.0,1.0,EXPLORATION,0
public_05,public_05_day_6,6,syn_9b67b3d6b3dda13686dfab9594a9106a,syn_7eee6a7a0275f890ef8c6385bb0ca86e,FEASIBLE,0.0,1.0,EXPLORATION,0
public_05,public_05_day_6,6,syn_9b67b3d6b3dda13686dfab9594a9106a,syn_7744f96c17d970a135531692e7b1a8ce,FEASIBLE,0.0,1.0,EXPLORATION,0
public_05,public_05_day_6,6,syn_955a8bdca2d80121eeda9df1c5b47f0d,syn_3ff803cc4309f41eb7e9181d17112507,FEASIBLE,0.0,1.0,EXPLORATION,0
public_05,public_05_day_7,7,syn_955a8bdca2d80121eeda9df1c5b47f0d,syn_7eee6a7a0275f890ef8c6385bb0ca86e,FEASIBLE,1.0,1.0,EXPLOITATION,1
public_05,public_05_day_7,7,syn_f52d998f7b3adeed3355e5e1ddd5221d,syn_f8eb160de9f82987145dcf9bd6c14111,FEASIBLE,0.85,1.0,EXPLOITATION,1
public_05,public_05_day_7,7,syn_67b0f6eb14762eb08d8efed7fa00de7a,syn_6dfa6319d5843197875fd20f90b4f507,FEASIBLE,0.7499999999999999,1.0,EXPLORATION,1
public_05,public_05_day_7,7,syn_daae70040111edbb049035d2a01a3d36,syn_e00e10705d734ac68710874d558dc113,FEASIBLE,0.6,1.0,EXPLOITATION,1
public_05,public_05_day_7,7,syn_23170a23564440a1d4402bade96fbeaa,syn_7e4f49ce22a2dc79ca61ba0bc89f0f82,FEASIBLE,0.55,1.0,EXPLOITATION,1
public_05,public_05_day_7,7,syn_b30ea3f02d38b8923b5460bfef0e7833,syn_0cc07e96f676a5d559cbc5e653e33702,FEASIBLE,0.5,1.0,EXPLOITATION,1
public_05,public_05_day_7,7,syn_e4fef32cad521b8353e4ea2998891934,syn_221878d393f071a58d95cb551a7526b0,FEASIBLE,0.0,1.0,EXPLORATION,1
public_05,public_05_day_7,7,syn_d972a517765f7d71a85724b9e4c75331,syn_5863c08fc3f248b07a841a4d6511e6fc,FEASIBLE,0.0,1.0,EXPLOITATION,1
public_05,public_05_day_7,7,syn_9b67b3d6b3dda13686dfab9594a9106a,syn_3ff803cc4309f41eb7e9181d17112507,FEASIBLE,0.0,1.0,EXPLOITATION,1
public_05,public_05_day_7,7,syn_32431bcfe5fcb7cce07e8b444d497c9c,syn_3788539c7c8062cd932e2b427024d8ea,FEASIBLE,0.0,1.0,EXPLOITATION,1
public_05,public_05_day_7,7,syn_daae70040111edbb049035d2a01a3d36,syn_7eee6a7a0275f890ef8c6385bb0ca86e,FEASIBLE,0.7,1.0,EXPLORATION,0
public_05,public_05_day_7,7,syn_f52d998f7b3adeed3355e5e1ddd5221d,syn_4a30986e184de09da4d488e6dc42ec50,FEASIBLE,0.5499999999999999,1.0,EXPLOITATION,0
public_05,public_05_day_7,7,syn_3629e30d62cfc4882e782ef72b076973,syn_f52d998f7b3adeed3355e5e1ddd5221d,FEASIBLE,0.4,1.0,EXPLORATION,0
public_05,public_05_day_7,7,syn_7eee6a7a0275f890ef8c6385bb0ca86e,syn_f52d998f7b3adeed3355e5e1ddd5221d,FEASIBLE,0.39999999999999997,1.0,EXPLORATION,0
public_05,public_05_day_7,7,syn_6dfa6319d5843197875fd20f90b4f507,syn_787ad7acef13f3b493a020f929c70389,FEASIBLE,0.25,1.0,EXPLORATION,0
public_05,public_05_day_7,7,syn_e00e10705d734ac68710874d558dc113,syn_f52d998f7b3adeed3355e5e1ddd5221d,FEASIBLE,0.1,1.0,EXPLORATION,0
public_05,public_05_day_7,7,syn_d972a517765f7d71a85724b9e4c75331,syn_491d2caa03074de80577fcadbbb7619c,FEASIBLE,0.0,1.0,EXPLOITATION,0
public_05,public_05_day_7,7,syn_d972a517765f7d71a85724b9e4c75331,syn_578b39a83f01b0166432cb202fd75c89,FEASIBLE,0.0,1.0,EXPLORATION,0
public_05,public_05_day_7,7,syn_9b67b3d6b3dda13686dfab9594a9106a,syn_7eee6a7a0275f890ef8c6385bb0ca86e,FEASIBLE,0.0,1.0,EXPLORATION,0
public_05,public_05_day_7,7,syn_9b67b3d6b3dda13686dfab9594a9106a,syn_7744f96c17d970a135531692e7b1a8ce,FEASIBLE,0.0,1.0,EXPLORATION,0
public_05,public_05_day_7,7,syn_955a8bdca2d80121eeda9df1c5b47f0d,syn_3ff803cc4309f41eb7e9181d17112507,FEASIBLE,0.0,1.0,EXPLORATION,0
public_05,public_05_day_7,7,syn_f52d998f7b3adeed3355e5e1ddd5221d,syn_9fb3c613a617b17a29a795544a56781a,FEASIBLE,0.0,1.0,EXPLORATION,0
public_05,public_05_day_7,7,syn_4da096510159e7ed67bcea8df1fd9276,syn_6dfa6319d5843197875fd20f90b4f507,FEASIBLE,0.0,1.0,EXPLORATION,0
public_05,public_05_day_8,8,syn_955a8bdca2d80121eeda9df1c5b47f0d,syn_7eee6a7a0275f890ef8c6385bb0ca86e,FEASIBLE,1.0,1.0,EXPLOITATION,1
public_05,public_05_day_8,8,syn_67b0f6eb14762eb08d8efed7fa00de7a,syn_6dfa6319d5843197875fd20f90b4f507,FEASIBLE,0.7499999999999999,1.0,EXPLOITATION,1
public_05,public_05_day_8,8,syn_daae70040111edbb049035d2a01a3d36,syn_e00e10705d734ac68710874d558dc113,FEASIBLE,0.6,1.0,EXPLOITATION,1
public_05,public_05_day_8,8,syn_23170a23564440a1d4402bade96fbeaa,syn_7e4f49ce22a2dc79ca61ba0bc89f0f82,FEASIBLE,0.55,1.0,EXPLOITATION,1
public_05,public_05_day_8,8,syn_b30ea3f02d38b8923b5460bfef0e7833,syn_0cc07e96f676a5d559cbc5e653e33702,FEASIBLE,0.5,1.0,EXPLOITATION,1
public_05,public_05_day_8,8,syn_e4fef32cad521b8353e4ea2998891934,syn_221878d393f071a58d95cb551a7526b0,FEASIBLE,0.0,1.0,EXPLOITATION,1
public_05,public_05_day_8,8,syn_32431bcfe5fcb7cce07e8b444d497c9c,syn_3788539c7c8062cd932e2b427024d8ea,FEASIBLE,0.0,1.0,EXPLOITATION,1
public_05,public_05_day_8,8,syn_daae70040111edbb049035d2a01a3d36,syn_7eee6a7a0275f890ef8c6385bb0ca86e,FEASIBLE,0.7,1.0,EXPLORATION,0
public_05,public_05_day_8,8,syn_6dfa6319d5843197875fd20f90b4f507,syn_787ad7acef13f3b493a020f929c70389,FEASIBLE,0.25,1.0,EXPLORATION,0
public_05,public_05_day_8,8,syn_4da096510159e7ed67bcea8df1fd9276,syn_6dfa6319d5843197875fd20f90b4f507,FEASIBLE,0.0,1.0,EXPLORATION,0
public_05,public_05_day_9,9,syn_955a8bdca2d80121eeda9df1c5b47f0d,syn_7eee6a7a0275f890ef8c6385bb0ca86e,FEASIBLE,1.0,1.0,EXPLOITATION,1
public_05,public_05_day_9,9,syn_67b0f6eb14762eb08d8efed7fa00de7a,syn_6dfa6319d5843197875fd20f90b4f507,FEASIBLE,0.7499999999999999,1.0,EXPLOITATION,1
public_05,public_05_day_9,9,syn_daae70040111edbb049035d2a01a3d36,syn_e00e10705d734ac68710874d558dc113,FEASIBLE,0.6,1.0,EXPLOITATION,1
public_05,public_05_day_9,9,syn_23170a23564440a1d4402bade96fbeaa,syn_7e4f49ce22a2dc79ca61ba0bc89f0f82,FEASIBLE,0.55,1.0,EXPLOITATION,1
public_05,public_05_day_9,9,syn_b30ea3f02d38b8923b5460bfef0e7833,syn_0cc07e96f676a5d559cbc5e653e33702,FEASIBLE,0.5,1.0,EXPLOITATION,1
public_05,public_05_day_9,9,syn_e4fef32cad521b8353e4ea2998891934,syn_221878d393f071a58d95cb551a7526b0,FEASIBLE,0.0,1.0,EXPLOITATION,1
public_05,public_05_day_9,9,syn_9b67b3d6b3dda13686dfab9594a9106a,syn_3ff803cc4309f41eb7e9181d17112507,FEASIBLE,0.0,1.0,EXPLOITATION,1
public_05,public_05_day_9,9,syn_ccf2ffc5c3c46880ac055917f6db70d1,syn_157edf54df236ac31689f77dc50f5ff1,FEASIBLE,0.0,1.0,EXPLORATION,1
public_05,public_05_day_9,9,syn_32431bcfe5fcb7cce07e8b444d497c9c,syn_3788539c7c8062cd932e2b427024d8ea,FEASIBLE,0.0,1.0,EXPLOITATION,1
public_05,public_05_day_9,9,syn_0766aba8ddd61a47df3dbb63375de874,syn_ae494b453b2b66f7bbd82e220000b1f3,FEASIBLE,0.0,1.0,EXPLORATION,1
public_05,public_05_day_9,9,syn_daae70040111edbb049035d2a01a3d36,syn_7eee6a7a0275f890ef8c6385bb0ca86e,FEASIBLE,0.7,1.0,EXPLORATION,0
public_05,public_05_day_9,9,syn_6dfa6319d5843197875fd20f90b4f507,syn_787ad7acef13f3b493a020f929c70389,FEASIBLE,0.25,1.0,EXPLORATION,0
public_05,public_05_day_9,9,syn_9b67b3d6b3dda13686dfab9594a9106a,syn_7eee6a7a0275f890ef8c6385bb0ca86e,FEASIBLE,0.0,1.0,EXPLORATION,0
public_05,public_05_day_9,9,syn_9b67b3d6b3dda13686dfab9594a9106a,syn_7744f96c17d970a135531692e7b1a8ce,FEASIBLE,0.0,1.0,EXPLORATION,0
public_05,public_05_day_9,9,syn_955a8bdca2d80121eeda9df1c5b47f0d,syn_3ff803cc4309f41eb7e9181d17112507,FEASIBLE,0.0,1.0,EXPLORATION,0
public_05,public_05_day_10,10,syn_2f057a3c05913d701d608a8b13727219,syn_d14e8e3bc349a408cacb453a7abffef8,FEASIBLE,1.0,1.0,EXPLOITATION,1
public_05,public_05_day_10,10,syn_955a8bdca2d80121eeda9df1c5b47f0d,syn_7eee6a7a0275f890ef8c6385bb0ca86e,FEASIBLE,1.0,1.0,EXPLOITATION,1
public_05,public_05_day_10,10,syn_67b0f6eb14762eb08d8efed7fa00de7a,syn_6dfa6319d5843197875fd20f90b4f507,FEASIBLE,0.7499999999999999,1.0,EXPLOITATION,1
public_05,public_05_day_10,10,syn_daae70040111edbb049035d2a01a3d36,syn_e00e10705d734ac68710874d558dc113,FEASIBLE,0.6,1.0,EXPLOITATION,1
public_05,public_05_day_10,10,syn_23170a23564440a1d4402bade96fbeaa,syn_7e4f49ce22a2dc79ca61ba0bc89f0f82,FEASIBLE,0.55,1.0,EXPLOITATION,1
public_05,public_05_day_10,10,syn_b30ea3f02d38b8923b5460bfef0e7833,syn_0cc07e96f676a5d559cbc5e653e33702,FEASIBLE,0.5,1.0,EXPLOITATION,1
public_05,public_05_day_10,10,syn_e4fef32cad521b8353e4ea2998891934,syn_221878d393f071a58d95cb551a7526b0,FEASIBLE,0.0,1.0,EXPLOITATION,1
public_05,public_05_day_10,10,syn_9b67b3d6b3dda13686dfab9594a9106a,syn_3ff803cc4309f41eb7e9181d17112507,FEASIBLE,0.0,1.0,EXPLOITATION,1
public_05,public_05_day_10,10,syn_ccf2ffc5c3c46880ac055917f6db70d1,syn_157edf54df236ac31689f77dc50f5ff1,FEASIBLE,0.0,1.0,EXPLOITATION,1
public_05,public_05_day_10,10,syn_32431bcfe5fcb7cce07e8b444d497c9c,syn_3788539c7c8062cd932e2b427024d8ea,FEASIBLE,0.0,1.0,EXPLOITATION,1
public_05,public_05_day_10,10,syn_ddffc7d6a417e25916ed2eab0982b3c8,syn_20015b9f913e9730ed42ef967dc1d64e,FEASIBLE,0.0,1.0,EXPLORATION,1
public_05,public_05_day_10,10,syn_0766aba8ddd61a47df3dbb63375de874,syn_ae494b453b2b66f7bbd82e220000b1f3,FEASIBLE,0.0,1.0,EXPLOITATION,1
public_05,public_05_day_10,10,syn_36b3b69ccaea82d40d69f92264d42798,syn_bb7b6073c8216ea13025eadbfeb27f2c,FEASIBLE,0.0,1.0,EXPLOITATION,1
public_05,public_05_day_10,10,syn_daae70040111edbb049035d2a01a3d36,syn_7eee6a7a0275f890ef8c6385bb0ca86e,FEASIBLE,0.7,1.0,EXPLORATION,0
public_05,public_05_day_10,10,syn_daae70040111edbb049035d2a01a3d36,syn_d14e8e3bc349a408cacb453a7abffef8,FEASIBLE,0.35,1.0,EXPLOITATION,0
public_05,public_05_day_10,10,syn_6dfa6319d5843197875fd20f90b4f507,syn_787ad7acef13f3b493a020f929c70389,FEASIBLE,0.25,1.0,EXPLORATION,0
public_05,public_05_day_10,10,syn_2f057a3c05913d701d608a8b13727219,syn_7eee6a7a0275f890ef8c6385bb0ca86e,FEASIBLE,0.0,1.0,EXPLORATION,0
public_05,public_05_day_10,10,syn_9b67b3d6b3dda13686dfab9594a9106a,syn_7eee6a7a0275f890ef8c6385bb0ca86e,FEASIBLE,0.0,1.0,EXPLORATION,0
public_05,public_05_day_10,10,syn_9b67b3d6b3dda13686dfab9594a9106a,syn_7744f96c17d970a135531692e7b1a8ce,FEASIBLE,0.0,1.0,EXPLORATION,0
public_05,public_05_day_10,10,syn_955a8bdca2d80121eeda9df1c5b47f0d,syn_3ff803cc4309f41eb7e9181d17112507,FEASIBLE,0.0,1.0,EXPLORATION,0
public_05,public_05_day_10,10,syn_bb7b6073c8216ea13025eadbfeb27f2c,syn_ea8329bfa41c9122f997b0665abb1eef,FEASIBLE,0.0,1.0,EXPLORATION,0
public_05,public_05_day_11,11,syn_2f057a3c05913d701d608a8b13727219,syn_d14e8e3bc349a408cacb453a7abffef8,FEASIBLE,1.0,1.0,EXPLOITATION,1
public_05,public_05_day_11,11,syn_955a8bdca2d80121eeda9df1c5b47f0d,syn_7eee6a7a0275f890ef8c6385bb0ca86e,FEASIBLE,1.0,1.0,EXPLOITATION,1
public_05,public_05_day_11,11,syn_67b0f6eb14762eb08d8efed7fa00de7a,syn_6dfa6319d5843197875fd20f90b4f507,FEASIBLE,0.7499999999999999,1.0,EXPLOITATION,1
public_05,public_05_day_11,11,syn_daae70040111edbb049035d2a01a3d36,syn_e00e10705d734ac68710874d558dc113,FEASIBLE,0.6,1.0,EXPLOITATION,1
public_05,public_05_day_11,11,syn_23170a23564440a1d4402bade96fbeaa,syn_7e4f49ce22a2dc79ca61ba0bc89f0f82,FEASIBLE,0.55,1.0,EXPLOITATION,1
public_05,public_05_day_11,11,syn_b30ea3f02d38b8923b5460bfef0e7833,syn_0cc07e96f676a5d559cbc5e653e33702,FEASIBLE,0.5,1.0,EXPLOITATION,1
public_05,public_05_day_11,11,syn_e4fef32cad521b8353e4ea2998891934,syn_221878d393f071a58d95cb551a7526b0,FEASIBLE,0.0,1.0,EXPLOITATION,1
public_05,public_05_day_11,11,syn_9b67b3d6b3dda13686dfab9594a9106a,syn_3ff803cc4309f41eb7e9181d17112507,FEASIBLE,0.0,1.0,EXPLOITATION,1
public_05,public_05_day_11,11,syn_4f070b9e8e1937e0c4f475679f709212,syn_4e4f8a89ffdf53a7a00e056676176947,FEASIBLE,0.0,1.0,EXPLORATION,1
public_05,public_05_day_11,11,syn_ccf2ffc5c3c46880ac055917f6db70d1,syn_157edf54df236ac31689f77dc50f5ff1,FEASIBLE,0.0,1.0,EXPLOITATION,1
public_05,public_05_day_11,11,syn_32431bcfe5fcb7cce07e8b444d497c9c,syn_3788539c7c8062cd932e2b427024d8ea,FEASIBLE,0.0,1.0,EXPLOITATION,1
public_05,public_05_day_11,11,syn_ddffc7d6a417e25916ed2eab0982b3c8,syn_20015b9f913e9730ed42ef967dc1d64e,FEASIBLE,0.0,1.0,EXPLOITATION,1
public_05,public_05_day_11,11,syn_0766aba8ddd61a47df3dbb63375de874,syn_ae494b453b2b66f7bbd82e220000b1f3,FEASIBLE,0.0,1.0,EXPLOITATION,1
public_05,public_05_day_11,11,syn_36b3b69ccaea82d40d69f92264d42798,syn_bb7b6073c8216ea13025eadbfeb27f2c,FEASIBLE,0.0,1.0,EXPLOITATION,1
public_05,public_05_day_11,11,syn_daae70040111edbb049035d2a01a3d36,syn_7eee6a7a0275f890ef8c6385bb0ca86e,FEASIBLE,0.7,1.0,EXPLORATION,0
public_05,public_05_day_11,11,syn_daae70040111edbb049035d2a01a3d36,syn_d14e8e3bc349a408cacb453a7abffef8,FEASIBLE,0.35,1.0,EXPLOITATION,0
public_05,public_05_day_11,11,syn_6dfa6319d5843197875fd20f90b4f507,syn_787ad7acef13f3b493a020f929c70389,FEASIBLE,0.25,1.0,EXPLORATION,0
public_05,public_05_day_11,11,syn_2f057a3c05913d701d608a8b13727219,syn_7eee6a7a0275f890ef8c6385bb0ca86e,FEASIBLE,0.0,1.0,EXPLORATION,0
public_05,public_05_day_11,11,syn_9b67b3d6b3dda13686dfab9594a9106a,syn_7eee6a7a0275f890ef8c6385bb0ca86e,FEASIBLE,0.0,1.0,EXPLORATION,0
public_05,public_05_day_11,11,syn_9b67b3d6b3dda13686dfab9594a9106a,syn_7744f96c17d970a135531692e7b1a8ce,FEASIBLE,0.0,1.0,EXPLORATION,0
public_05,public_05_day_11,11,syn_4f070b9e8e1937e0c4f475679f709212,syn_8764c010aa61f8a9ccfb46ff1fa0b580,FEASIBLE,0.0,1.0,EXPLORATION,0
public_05,public_05_day_11,11,syn_955a8bdca2d80121eeda9df1c5b47f0d,syn_3ff803cc4309f41eb7e9181d17112507,FEASIBLE,0.0,1.0,EXPLORATION,0
public_05,public_05_day_11,11,syn_7eee6a7a0275f890ef8c6385bb0ca86e,syn_ecf32b641332b65d333f47c3978a17c0,FEASIBLE,0.0,1.0,EXPLORATION,0
public_05,public_05_day_11,11,syn_bb7b6073c8216ea13025eadbfeb27f2c,syn_ea8329bfa41c9122f997b0665abb1eef,FEASIBLE,0.0,1.0,EXPLORATION,0
public_05,public_05_day_11,11,syn_4e4f8a89ffdf53a7a00e056676176947,syn_8764c010aa61f8a9ccfb46ff1fa0b580,FEASIBLE,0.0,1.0,EXPLOITATION,0
public_05,public_05_day_12,12,syn_2f057a3c05913d701d608a8b13727219,syn_d14e8e3bc349a408cacb453a7abffef8,FEASIBLE,1.0,1.0,EXPLOITATION,1
public_05,public_05_day_12,12,syn_67b0f6eb14762eb08d8efed7fa00de7a,syn_6dfa6319d5843197875fd20f90b4f507,FEASIBLE,0.7499999999999999,1.0,EXPLOITATION,1
public_05,public_05_day_12,12,syn_23170a23564440a1d4402bade96fbeaa,syn_7e4f49ce22a2dc79ca61ba0bc89f0f82,FEASIBLE,0.55,1.0,EXPLOITATION,1
public_05,public_05_day_12,12,syn_b30ea3f02d38b8923b5460bfef0e7833,syn_0cc07e96f676a5d559cbc5e653e33702,FEASIBLE,0.5,1.0,EXPLOITATION,1
public_05,public_05_day_12,12,syn_e4fef32cad521b8353e4ea2998891934,syn_221878d393f071a58d95cb551a7526b0,FEASIBLE,0.0,1.0,EXPLOITATION,1
public_05,public_05_day_12,12,syn_b6369e410635234f5beb89e67f56ad47,syn_6c730c5a5781af7f9e2b80ea146f1771,FEASIBLE,0.0,1.0,EXPLOITATION,1
public_05,public_05_day_12,12,syn_9b67b3d6b3dda13686dfab9594a9106a,syn_3ff803cc4309f41eb7e9181d17112507,FEASIBLE,0.0,1.0,EXPLOITATION,1
public_05,public_05_day_12,12,syn_ed73a5ffcde32d3d29c33a9428f04344,syn_ae494b453b2b66f7bbd82e220000b1f3,FEASIBLE,0.0,1.0,EXPLOITATION,1
public_05,public_05_day_12,12,syn_4f070b9e8e1937e0c4f475679f709212,syn_4e4f8a89ffdf53a7a00e056676176947,FEASIBLE,0.0,1.0,EXPLOITATION,1
public_05,public_05_day_12,12,syn_ccf2ffc5c3c46880ac055917f6db70d1,syn_157edf54df236ac31689f77dc50f5ff1,FEASIBLE,0.0,1.0,EXPLOITATION,1
public_05,public_05_day_12,12,syn_32431bcfe5fcb7cce07e8b444d497c9c,syn_3788539c7c8062cd932e2b427024d8ea,FEASIBLE,0.0,1.0,EXPLOITATION,1
public_05,public_05_day_12,12,syn_ddffc7d6a417e25916ed2eab0982b3c8,syn_20015b9f913e9730ed42ef967dc1d64e,FEASIBLE,0.0,1.0,EXPLOITATION,1
public_05,public_05_day_12,12,syn_36b3b69ccaea82d40d69f92264d42798,syn_bb7b6073c8216ea13025eadbfeb27f2c,FEASIBLE,0.0,1.0,EXPLOITATION,1
public_05,public_05_day_12,12,syn_6dfa6319d5843197875fd20f90b4f507,syn_787ad7acef13f3b493a020f929c70389,FEASIBLE,0.25,1.0,EXPLORATION,0
public_05,public_05_day_12,12,syn_b6369e410635234f5beb89e67f56ad47,syn_157edf54df236ac31689f77dc50f5ff1,FEASIBLE,0.0,1.0,EXPLOITATION,0
public_05,public_05_day_12,12,syn_b6369e410635234f5beb89e67f56ad47,syn_db312ab6c0a68a9e3f8205fb47155607,FEASIBLE,0.0,1.0,EXPLORATION,0
public_05,public_05_day_12,12,syn_2f057a3c05913d701d608a8b13727219,syn_8f15f01517ad9b1f664750c54ede74a8,FEASIBLE,0.0,1.0,EXPLOITATION,0
public_05,public_05_day_12,12,syn_9b67b3d6b3dda13686dfab9594a9106a,syn_7744f96c17d970a135531692e7b1a8ce,FEASIBLE,0.0,1.0,EXPLORATION,0
public_05,public_05_day_12,12,syn_4f070b9e8e1937e0c4f475679f709212,syn_8764c010aa61f8a9ccfb46ff1fa0b580,FEASIBLE,0.0,1.0,EXPLOITATION,0
public_05,public_05_day_12,12,syn_0766aba8ddd61a47df3dbb63375de874,syn_ae494b453b2b66f7bbd82e220000b1f3,FEASIBLE,0.0,1.0,EXPLOITATION,0
public_05,public_05_day_12,12,syn_bb7b6073c8216ea13025eadbfeb27f2c,syn_ea8329bfa41c9122f997b0665abb1eef,FEASIBLE,0.0,1.0,EXPLORATION,0
public_05,public_05_day_12,12,syn_d14e8e3bc349a408cacb453a7abffef8,syn_8f15f01517ad9b1f664750c54ede74a8,FEASIBLE,0.0,1.0,EXPLORATION,0
public_05,public_05_day_12,12,syn_4e4f8a89ffdf53a7a00e056676176947,syn_8764c010aa61f8a9ccfb46ff1fa0b580,FEASIBLE,0.0,1.0,EXPLOITATION,0
public_05,public_05_day_13,13,syn_2f057a3c05913d701d608a8b13727219,syn_d14e8e3bc349a408cacb453a7abffef8,FEASIBLE,1.0,1.0,EXPLOITATION,1
public_05,public_05_day_13,13,syn_67b0f6eb14762eb08d8efed7fa00de7a,syn_6dfa6319d5843197875fd20f90b4f507,FEASIBLE,0.7499999999999999,1.0,EXPLOITATION,1
public_05,public_05_day_13,13,syn_23170a23564440a1d4402bade96fbeaa,syn_7e4f49ce22a2dc79ca61ba0bc89f0f82,FEASIBLE,0.55,1.0,EXPLOITATION,1
public_05,public_05_day_13,13,syn_b30ea3f02d38b8923b5460bfef0e7833,syn_0cc07e96f676a5d559cbc5e653e33702,FEASIBLE,0.5,1.0,EXPLOITATION,1
public_05,public_05_day_13,13,syn_e4fef32cad521b8353e4ea2998891934,syn_221878d393f071a58d95cb551a7526b0,FEASIBLE,0.0,1.0,EXPLOITATION,1
public_05,public_05_day_13,13,syn_d972a517765f7d71a85724b9e4c75331,syn_5863c08fc3f248b07a841a4d6511e6fc,FEASIBLE,0.0,1.0,EXPLOITATION,1
public_05,public_05_day_13,13,syn_b6369e410635234f5beb89e67f56ad47,syn_6c730c5a5781af7f9e2b80ea146f1771,FEASIBLE,0.0,1.0,EXPLOITATION,1
public_05,public_05_day_13,13,syn_9b67b3d6b3dda13686dfab9594a9106a,syn_3ff803cc4309f41eb7e9181d17112507,FEASIBLE,0.0,1.0,EXPLOITATION,1
public_05,public_05_day_13,13,syn_ed73a5ffcde32d3d29c33a9428f04344,syn_ae494b453b2b66f7bbd82e220000b1f3,FEASIBLE,0.0,1.0,EXPLOITATION,1
public_05,public_05_day_13,13,syn_4f070b9e8e1937e0c4f475679f709212,syn_4e4f8a89ffdf53a7a00e056676176947,FEASIBLE,0.0,1.0,EXPLOITATION,1
public_05,public_05_day_13,13,syn_ccf2ffc5c3c46880ac055917f6db70d1,syn_157edf54df236ac31689f77dc50f5ff1,FEASIBLE,0.0,1.0,EXPLOITATION,1
public_05,public_05_day_13,13,syn_32431bcfe5fcb7cce07e8b444d497c9c,syn_3788539c7c8062cd932e2b427024d8ea,FEASIBLE,0.0,1.0,EXPLOITATION,1
public_05,public_05_day_13,13,syn_ddffc7d6a417e25916ed2eab0982b3c8,syn_20015b9f913e9730ed42ef967dc1d64e,FEASIBLE,0.0,1.0,EXPLOITATION,1
public_05,public_05_day_13,13,syn_36b3b69ccaea82d40d69f92264d42798,syn_bb7b6073c8216ea13025eadbfeb27f2c,FEASIBLE,0.0,1.0,EXPLOITATION,1
public_05,public_05_day_13,13,syn_0e10d543d7c883b4d5fe21bb13c7d538,syn_5bebeccf17480908bbd31f4c4aac6692,FEASIBLE,0.0,1.0,EXPLOITATION,1
public_05,public_05_day_13,13,syn_6dfa6319d5843197875fd20f90b4f507,syn_787ad7acef13f3b493a020f929c70389,FEASIBLE,0.25,1.0,EXPLORATION,0
public_05,public_05_day_13,13,syn_d972a517765f7d71a85724b9e4c75331,syn_491d2caa03074de80577fcadbbb7619c,FEASIBLE,0.0,1.0,EXPLOITATION,0
public_05,public_05_day_13,13,syn_d972a517765f7d71a85724b9e4c75331,syn_578b39a83f01b0166432cb202fd75c89,FEASIBLE,0.0,1.0,EXPLORATION,0
public_05,public_05_day_13,13,syn_b6369e410635234f5beb89e67f56ad47,syn_157edf54df236ac31689f77dc50f5ff1,FEASIBLE,0.0,1.0,EXPLOITATION,0
public_05,public_05_day_13,13,syn_b6369e410635234f5beb89e67f56ad47,syn_db312ab6c0a68a9e3f8205fb47155607,FEASIBLE,0.0,1.0,EXPLORATION,0
public_05,public_05_day_13,13,syn_2f057a3c05913d701d608a8b13727219,syn_8f15f01517ad9b1f664750c54ede74a8,FEASIBLE,0.0,1.0,EXPLOITATION,0
public_05,public_05_day_13,13,syn_9b67b3d6b3dda13686dfab9594a9106a,syn_7744f96c17d970a135531692e7b1a8ce,FEASIBLE,0.0,1.0,EXPLORATION,0
public_05,public_05_day_13,13,syn_4f070b9e8e1937e0c4f475679f709212,syn_8764c010aa61f8a9ccfb46ff1fa0b580,FEASIBLE,0.0,1.0,EXPLOITATION,0
public_05,public_05_day_13,13,syn_0766aba8ddd61a47df3dbb63375de874,syn_ae494b453b2b66f7bbd82e220000b1f3,FEASIBLE,0.0,1.0,EXPLOITATION,0
public_05,public_05_day_13,13,syn_bb7b6073c8216ea13025eadbfeb27f2c,syn_ea8329bfa41c9122f997b0665abb1eef,FEASIBLE,0.0,1.0,EXPLORATION,0
public_05,public_05_day_13,13,syn_d14e8e3bc349a408cacb453a7abffef8,syn_8f15f01517ad9b1f664750c54ede74a8,FEASIBLE,0.0,1.0,EXPLORATION,0
public_05,public_05_day_13,13,syn_0e10d543d7c883b4d5fe21bb13c7d538,syn_18f948424eec53d257c5c8d8112eb9d1,FEASIBLE,0.0,1.0,EXPLOITATION,0
public_05,public_05_day_13,13,syn_4e4f8a89ffdf53a7a00e056676176947,syn_8764c010aa61f8a9ccfb46ff1fa0b580,FEASIBLE,0.0,1.0,EXPLOITATION,0
public_05,public_05_day_14,14,syn_2455179885e7a5cdd0d701736adad366,syn_d28061e75589e2ff0d7526ffe3542260,FEASIBLE,1.0,1.0,EXPLOITATION,1
public_05,public_05_day_14,14,syn_23170a23564440a1d4402bade96fbeaa,syn_7e4f49ce22a2dc79ca61ba0bc89f0f82,FEASIBLE,0.55,1.0,EXPLOITATION,1
public_05,public_05_day_14,14,syn_b30ea3f02d38b8923b5460bfef0e7833,syn_0cc07e96f676a5d559cbc5e653e33702,FEASIBLE,0.5,1.0,EXPLOITATION,1
public_05,public_05_day_14,14,syn_e4fef32cad521b8353e4ea2998891934,syn_221878d393f071a58d95cb551a7526b0,FEASIBLE,0.0,1.0,EXPLOITATION,1
public_05,public_05_day_14,14,syn_d972a517765f7d71a85724b9e4c75331,syn_5863c08fc3f248b07a841a4d6511e6fc,FEASIBLE,0.0,1.0,EXPLOITATION,1
public_05,public_05_day_14,14,syn_b6369e410635234f5beb89e67f56ad47,syn_6c730c5a5781af7f9e2b80ea146f1771,FEASIBLE,0.0,1.0,EXPLOITATION,1
public_05,public_05_day_14,14,syn_9b67b3d6b3dda13686dfab9594a9106a,syn_3ff803cc4309f41eb7e9181d17112507,FEASIBLE,0.0,1.0,EXPLOITATION,1
public_05,public_05_day_14,14,syn_ed73a5ffcde32d3d29c33a9428f04344,syn_ae494b453b2b66f7bbd82e220000b1f3,FEASIBLE,0.0,1.0,EXPLOITATION,1
public_05,public_05_day_14,14,syn_4f070b9e8e1937e0c4f475679f709212,syn_4e4f8a89ffdf53a7a00e056676176947,FEASIBLE,0.0,1.0,EXPLOITATION,1
public_05,public_05_day_14,14,syn_ccf2ffc5c3c46880ac055917f6db70d1,syn_157edf54df236ac31689f77dc50f5ff1,FEASIBLE,0.0,1.0,EXPLOITATION,1
public_05,public_05_day_14,14,syn_32431bcfe5fcb7cce07e8b444d497c9c,syn_3788539c7c8062cd932e2b427024d8ea,FEASIBLE,0.0,1.0,EXPLOITATION,1
public_05,public_05_day_14,14,syn_ddffc7d6a417e25916ed2eab0982b3c8,syn_20015b9f913e9730ed42ef967dc1d64e,FEASIBLE,0.0,1.0,EXPLOITATION,1
public_05,public_05_day_14,14,syn_0e10d543d7c883b4d5fe21bb13c7d538,syn_5bebeccf17480908bbd31f4c4aac6692,FEASIBLE,0.0,1.0,EXPLOITATION,1
public_05,public_05_day_14,14,syn_d972a517765f7d71a85724b9e4c75331,syn_491d2caa03074de80577fcadbbb7619c,FEASIBLE,0.0,1.0,EXPLOITATION,0
public_05,public_05_day_14,14,syn_d972a517765f7d71a85724b9e4c75331,syn_578b39a83f01b0166432cb202fd75c89,FEASIBLE,0.0,1.0,EXPLORATION,0
public_05,public_05_day_14,14,syn_b6369e410635234f5beb89e67f56ad47,syn_157edf54df236ac31689f77dc50f5ff1,FEASIBLE,0.0,1.0,EXPLOITATION,0
public_05,public_05_day_14,14,syn_b6369e410635234f5beb89e67f56ad47,syn_db312ab6c0a68a9e3f8205fb47155607,FEASIBLE,0.0,1.0,EXPLORATION,0
public_05,public_05_day_14,14,syn_9b67b3d6b3dda13686dfab9594a9106a,syn_7744f96c17d970a135531692e7b1a8ce,FEASIBLE,0.0,1.0,EXPLORATION,0
public_05,public_05_day_14,14,syn_4f070b9e8e1937e0c4f475679f709212,syn_8764c010aa61f8a9ccfb46ff1fa0b580,FEASIBLE,0.0,1.0,EXPLOITATION,0
public_05,public_05_day_14,14,syn_0766aba8ddd61a47df3dbb63375de874,syn_ae494b453b2b66f7bbd82e220000b1f3,FEASIBLE,0.0,1.0,EXPLOITATION,0
public_05,public_05_day_14,14,syn_0e10d543d7c883b4d5fe21bb13c7d538,syn_18f948424eec53d257c5c8d8112eb9d1,FEASIBLE,0.0,1.0,EXPLOITATION,0
public_05,public_05_day_14,14,syn_4e4f8a89ffdf53a7a00e056676176947,syn_8764c010aa61f8a9ccfb46ff1fa0b580,FEASIBLE,0.0,1.0,EXPLOITATION,0
public_05,public_05_day_15,15,syn_2455179885e7a5cdd0d701736adad366,syn_d28061e75589e2ff0d7526ffe3542260,FEASIBLE,1.0,1.0,EXPLOITATION,1
public_05,public_05_day_15,15,syn_6386031efeb54abdfa96637beb180642,syn_9fb3c613a617b17a29a795544a56781a,FEASIBLE,1.0,1.0,EXPLOITATION,1
public_05,public_05_day_15,15,syn_23170a23564440a1d4402bade96fbeaa,syn_7e4f49ce22a2dc79ca61ba0bc89f0f82,FEASIBLE,0.55,1.0,EXPLOITATION,1
public_05,public_05_day_15,15,syn_b30ea3f02d38b8923b5460bfef0e7833,syn_0cc07e96f676a5d559cbc5e653e33702,FEASIBLE,0.5,1.0,EXPLOITATION,1
public_05,public_05_day_15,15,syn_0cf9e38720b54f715da4f4930ee5b602,syn_d1ce45f75d93596c81ae980e72fec48f,FEASIBLE,0.25,1.0,EXPLORATION,1
public_05,public_05_day_15,15,syn_e4fef32cad521b8353e4ea2998891934,syn_221878d393f071a58d95cb551a7526b0,FEASIBLE,0.0,1.0,EXPLOITATION,1
public_05,public_05_day_15,15,syn_d972a517765f7d71a85724b9e4c75331,syn_5863c08fc3f248b07a841a4d6511e6fc,FEASIBLE,0.0,1.0,EXPLOITATION,1
public_05,public_05_day_15,15,syn_b6369e410635234f5beb89e67f56ad47,syn_6c730c5a5781af7f9e2b80ea146f1771,FEASIBLE,0.0,1.0,EXPLOITATION,1
public_05,public_05_day_15,15,syn_9b67b3d6b3dda13686dfab9594a9106a,syn_3ff803cc4309f41eb7e9181d17112507,FEASIBLE,0.0,1.0,EXPLOITATION,1
public_05,public_05_day_15,15,syn_ed73a5ffcde32d3d29c33a9428f04344,syn_ae494b453b2b66f7bbd82e220000b1f3,FEASIBLE,0.0,1.0,EXPLOITATION,1
public_05,public_05_day_15,15,syn_4f070b9e8e1937e0c4f475679f709212,syn_4e4f8a89ffdf53a7a00e056676176947,FEASIBLE,0.0,1.0,EXPLOITATION,1
public_05,public_05_day_15,15,syn_32431bcfe5fcb7cce07e8b444d497c9c,syn_3788539c7c8062cd932e2b427024d8ea,FEASIBLE,0.0,1.0,EXPLOITATION,1
public_05,public_05_day_15,15,syn_ddffc7d6a417e25916ed2eab0982b3c8,syn_20015b9f913e9730ed42ef967dc1d64e,FEASIBLE,0.0,1.0,EXPLOITATION,1
public_05,public_05_day_15,15,syn_0e10d543d7c883b4d5fe21bb13c7d538,syn_5bebeccf17480908bbd31f4c4aac6692,FEASIBLE,0.0,1.0,EXPLOITATION,1
public_05,public_05_day_15,15,syn_a624629294f6a7e9435457352ce33a91,syn_0c8744e4024204f6c04a07e714258d47,FEASIBLE,0.0,1.0,EXPLORATION,1
public_05,public_05_day_15,15,syn_d1ce45f75d93596c81ae980e72fec48f,syn_6386031efeb54abdfa96637beb180642,FEASIBLE,0.2,1.0,EXPLORATION,0
public_05,public_05_day_15,15,syn_d972a517765f7d71a85724b9e4c75331,syn_491d2caa03074de80577fcadbbb7619c,FEASIBLE,0.0,1.0,EXPLOITATION,0
public_05,public_05_day_15,15,syn_d972a517765f7d71a85724b9e4c75331,syn_578b39a83f01b0166432cb202fd75c89,FEASIBLE,0.0,1.0,EXPLORATION,0
public_05,public_05_day_15,15,syn_b6369e410635234f5beb89e67f56ad47,syn_db312ab6c0a68a9e3f8205fb47155607,FEASIBLE,0.0,1.0,EXPLORATION,0
public_05,public_05_day_15,15,syn_9b67b3d6b3dda13686dfab9594a9106a,syn_7744f96c17d970a135531692e7b1a8ce,FEASIBLE,0.0,1.0,EXPLORATION,0
public_05,public_05_day_15,15,syn_4f070b9e8e1937e0c4f475679f709212,syn_8764c010aa61f8a9ccfb46ff1fa0b580,FEASIBLE,0.0,1.0,EXPLOITATION,0
public_05,public_05_day_15,15,syn_0766aba8ddd61a47df3dbb63375de874,syn_ae494b453b2b66f7bbd82e220000b1f3,FEASIBLE,0.0,1.0,EXPLOITATION,0
public_05,public_05_day_15,15,syn_59ff3e1be8b80799f03c9a0adcc9a8f7,syn_d1ce45f75d93596c81ae980e72fec48f,FEASIBLE,0.0,1.0,EXPLORATION,0
public_05,public_05_day_15,15,syn_59ff3e1be8b80799f03c9a0adcc9a8f7,syn_6386031efeb54abdfa96637beb180642,FEASIBLE,0.0,1.0,EXPLORATION,0
public_05,public_05_day_15,15,syn_d1ce45f75d93596c81ae980e72fec48f,syn_9fb3c613a617b17a29a795544a56781a,FEASIBLE,0.0,1.0,EXPLOITATION,0
public_05,public_05_day_15,15,syn_0e10d543d7c883b4d5fe21bb13c7d538,syn_18f948424eec53d257c5c8d8112eb9d1,FEASIBLE,0.0,1.0,EXPLOITATION,0
public_05,public_05_day_15,15,syn_4e4f8a89ffdf53a7a00e056676176947,syn_8764c010aa61f8a9ccfb46ff1fa0b580,FEASIBLE,0.0,1.0,EXPLOITATION,0
public_05,public_05_day_16,16,syn_2455179885e7a5cdd0d701736adad366,syn_d28061e75589e2ff0d7526ffe3542260,FEASIBLE,1.0,1.0,EXPLOITATION,1
public_05,public_05_day_16,16,syn_6386031efeb54abdfa96637beb180642,syn_9fb3c613a617b17a29a795544a56781a,FEASIBLE,1.0,1.0,EXPLOITATION,1
public_05,public_05_day_16,16,syn_23170a23564440a1d4402bade96fbeaa,syn_7e4f49ce22a2dc79ca61ba0bc89f0f82,FEASIBLE,0.55,1.0,EXPLOITATION,1
public_05,public_05_day_16,16,syn_b30ea3f02d38b8923b5460bfef0e7833,syn_0cc07e96f676a5d559cbc5e653e33702,FEASIBLE,0.5,1.0,EXPLOITATION,1
public_05,public_05_day_16,16,syn_0cf9e38720b54f715da4f4930ee5b602,syn_d1ce45f75d93596c81ae980e72fec48f,FEASIBLE,0.25,1.0,EXPLOITATION,1
public_05,public_05_day_16,16,syn_e4fef32cad521b8353e4ea2998891934,syn_221878d393f071a58d95cb551a7526b0,FEASIBLE,0.0,1.0,EXPLOITATION,1
public_05,public_05_day_16,16,syn_b6369e410635234f5beb89e67f56ad47,syn_6c730c5a5781af7f9e2b80ea146f1771,FEASIBLE,0.0,1.0,EXPLOITATION,1
public_05,public_05_day_16,16,syn_9b67b3d6b3dda13686dfab9594a9106a,syn_3ff803cc4309f41eb7e9181d17112507,FEASIBLE,0.0,1.0,EXPLOITATION,1
public_05,public_05_day_16,16,syn_32431bcfe5fcb7cce07e8b444d497c9c,syn_3788539c7c8062cd932e2b427024d8ea,FEASIBLE,0.0,1.0,EXPLOITATION,1
public_05,public_05_day_16,16,syn_ddffc7d6a417e25916ed2eab0982b3c8,syn_20015b9f913e9730ed42ef967dc1d64e,FEASIBLE,0.0,1.0,EXPLOITATION,1
public_05,public_05_day_16,16,syn_4da096510159e7ed67bcea8df1fd9276,syn_a6346867188be48c086974c8aa3d5967,FEASIBLE,0.0,1.0,EXPLORATION,1
public_05,public_05_day_16,16,syn_d14e8e3bc349a408cacb453a7abffef8,syn_57075763fca69b7e34ab38ec4ef39c2c,FEASIBLE,0.0,1.0,EXPLORATION,1
public_05,public_05_day_16,16,syn_0e10d543d7c883b4d5fe21bb13c7d538,syn_5bebeccf17480908bbd31f4c4aac6692,FEASIBLE,0.0,1.0,EXPLOITATION,1
public_05,public_05_day_16,16,syn_a624629294f6a7e9435457352ce33a91,syn_0c8744e4024204f6c04a07e714258d47,FEASIBLE,0.0,1.0,EXPLOITATION,1
public_05,public_05_day_16,16,syn_d1ce45f75d93596c81ae980e72fec48f,syn_6386031efeb54abdfa96637beb180642,FEASIBLE,0.2,1.0,EXPLORATION,0
public_05,public_05_day_16,16,syn_b6369e410635234f5beb89e67f56ad47,syn_db312ab6c0a68a9e3f8205fb47155607,FEASIBLE,0.0,1.0,EXPLOITATION,0
public_05,public_05_day_16,16,syn_9b67b3d6b3dda13686dfab9594a9106a,syn_7744f96c17d970a135531692e7b1a8ce,FEASIBLE,0.0,1.0,EXPLORATION,0
public_05,public_05_day_16,16,syn_59ff3e1be8b80799f03c9a0adcc9a8f7,syn_d1ce45f75d93596c81ae980e72fec48f,FEASIBLE,0.0,1.0,EXPLORATION,0
public_05,public_05_day_16,16,syn_59ff3e1be8b80799f03c9a0adcc9a8f7,syn_6386031efeb54abdfa96637beb180642,FEASIBLE,0.0,1.0,EXPLORATION,0
public_05,public_05_day_16,16,syn_4da096510159e7ed67bcea8df1fd9276,syn_3874834f8c41d2239a31fdac33f50e4a,FEASIBLE,0.0,1.0,EXPLORATION,0
public_05,public_05_day_16,16,syn_d1ce45f75d93596c81ae980e72fec48f,syn_9fb3c613a617b17a29a795544a56781a,FEASIBLE,0.0,1.0,EXPLOITATION,0
public_05,public_05_day_16,16,syn_0e10d543d7c883b4d5fe21bb13c7d538,syn_18f948424eec53d257c5c8d8112eb9d1,FEASIBLE,0.0,1.0,EXPLOITATION,0
public_05,public_05_day_16,16,syn_a6346867188be48c086974c8aa3d5967,syn_3874834f8c41d2239a31fdac33f50e4a,FEASIBLE,0.0,1.0,EXPLOITATION,0
public_05,public_05_day_17,17,syn_2455179885e7a5cdd0d701736adad366,syn_d28061e75589e2ff0d7526ffe3542260,FEASIBLE,1.0,1.0,EXPLOITATION,1
public_05,public_05_day_17,17,syn_6386031efeb54abdfa96637beb180642,syn_9fb3c613a617b17a29a795544a56781a,FEASIBLE,1.0,1.0,EXPLOITATION,1
public_05,public_05_day_17,17,syn_f52d998f7b3adeed3355e5e1ddd5221d,syn_f8eb160de9f82987145dcf9bd6c14111,FEASIBLE,0.85,1.0,EXPLOITATION,1
public_05,public_05_day_17,17,syn_67b0f6eb14762eb08d8efed7fa00de7a,syn_6dfa6319d5843197875fd20f90b4f507,FEASIBLE,0.7499999999999999,1.0,EXPLOITATION,1
public_05,public_05_day_17,17,syn_23170a23564440a1d4402bade96fbeaa,syn_7e4f49ce22a2dc79ca61ba0bc89f0f82,FEASIBLE,0.55,1.0,EXPLOITATION,1
public_05,public_05_day_17,17,syn_b30ea3f02d38b8923b5460bfef0e7833,syn_0cc07e96f676a5d559cbc5e653e33702,FEASIBLE,0.5,1.0,EXPLOITATION,1
public_05,public_05_day_17,17,syn_0cf9e38720b54f715da4f4930ee5b602,syn_d1ce45f75d93596c81ae980e72fec48f,FEASIBLE,0.25,1.0,EXPLOITATION,1
public_05,public_05_day_17,17,syn_e4fef32cad521b8353e4ea2998891934,syn_221878d393f071a58d95cb551a7526b0,FEASIBLE,0.0,1.0,EXPLOITATION,1
public_05,public_05_day_17,17,syn_b6369e410635234f5beb89e67f56ad47,syn_6c730c5a5781af7f9e2b80ea146f1771,FEASIBLE,0.0,1.0,EXPLOITATION,1
public_05,public_05_day_17,17,syn_9b67b3d6b3dda13686dfab9594a9106a,syn_3ff803cc4309f41eb7e9181d17112507,FEASIBLE,0.0,1.0,EXPLOITATION,1
public_05,public_05_day_17,17,syn_4f070b9e8e1937e0c4f475679f709212,syn_4e4f8a89ffdf53a7a00e056676176947,FEASIBLE,0.0,1.0,EXPLOITATION,1
public_05,public_05_day_17,17,syn_32431bcfe5fcb7cce07e8b444d497c9c,syn_3788539c7c8062cd932e2b427024d8ea,FEASIBLE,0.0,1.0,EXPLOITATION,1
public_05,public_05_day_17,17,syn_955a8bdca2d80121eeda9df1c5b47f0d,syn_bcb4cd3462c6c653b18dbb6457218610,FEASIBLE,0.0,1.0,EXPLORATION,1
public_05,public_05_day_17,17,syn_ddffc7d6a417e25916ed2eab0982b3c8,syn_20015b9f913e9730ed42ef967dc1d64e,FEASIBLE,0.0,1.0,EXPLOITATION,1
public_05,public_05_day_17,17,syn_e00e10705d734ac68710874d558dc113,syn_57075763fca69b7e34ab38ec4ef39c2c,FEASIBLE,0.0,1.0,EXPLOITATION,1
public_05,public_05_day_17,17,syn_4da096510159e7ed67bcea8df1fd9276,syn_a6346867188be48c086974c8aa3d5967,FEASIBLE,0.0,1.0,EXPLOITATION,1
public_05,public_05_day_17,17,syn_0e10d543d7c883b4d5fe21bb13c7d538,syn_5bebeccf17480908bbd31f4c4aac6692,FEASIBLE,0.0,1.0,EXPLOITATION,1
public_05,public_05_day_17,17,syn_a624629294f6a7e9435457352ce33a91,syn_0c8744e4024204f6c04a07e714258d47,FEASIBLE,0.0,1.0,EXPLOITATION,1
public_05,public_05_day_17,17,syn_f52d998f7b3adeed3355e5e1ddd5221d,syn_d1ce45f75d93596c81ae980e72fec48f,FEASIBLE,0.7,1.0,EXPLOITATION,0
public_05,public_05_day_17,17,syn_f52d998f7b3adeed3355e5e1ddd5221d,syn_4a30986e184de09da4d488e6dc42ec50,FEASIBLE,0.5499999999999999,1.0,EXPLOITATION,0
public_05,public_05_day_17,17,syn_67b0f6eb14762eb08d8efed7fa00de7a,syn_d1ce45f75d93596c81ae980e72fec48f,FEASIBLE,0.4,1.0,EXPLOITATION,0
public_05,public_05_day_17,17,syn_6dfa6319d5843197875fd20f90b4f507,syn_787ad7acef13f3b493a020f929c70389,FEASIBLE,0.25,1.0,EXPLOITATION,0
public_05,public_05_day_17,17,syn_d1ce45f75d93596c81ae980e72fec48f,syn_6386031efeb54abdfa96637beb180642,FEASIBLE,0.2,1.0,EXPLORATION,0
public_05,public_05_day_17,17,syn_0cf9e38720b54f715da4f4930ee5b602,syn_f52d998f7b3adeed3355e5e1ddd5221d,FEASIBLE,0.15000000000000002,1.0,EXPLORATION,0
public_05,public_05_day_17,17,syn_e00e10705d734ac68710874d558dc113,syn_f52d998f7b3adeed3355e5e1ddd5221d,FEASIBLE,0.1,1.0,EXPLORATION,0
public_05,public_05_day_17,17,syn_b6369e410635234f5beb89e67f56ad47,syn_db312ab6c0a68a9e3f8205fb47155607,FEASIBLE,0.0,1.0,EXPLOITATION,0
public_05,public_05_day_17,17,syn_9b67b3d6b3dda13686dfab9594a9106a,syn_7744f96c17d970a135531692e7b1a8ce,FEASIBLE,0.0,1.0,EXPLORATION,0
public_05,public_05_day_17,17,syn_4f070b9e8e1937e0c4f475679f709212,syn_8764c010aa61f8a9ccfb46ff1fa0b580,FEASIBLE,0.0,1.0,EXPLOITATION,0
public_05,public_05_day_17,17,syn_955a8bdca2d80121eeda9df1c5b47f0d,syn_3ff803cc4309f41eb7e9181d17112507,FEASIBLE,0.0,1.0,EXPLORATION,0
public_05,public_05_day_17,17,syn_67b0f6eb14762eb08d8efed7fa00de7a,syn_9b1639c7077b8d46da5a9cfd4b905450,FEASIBLE,0.0,1.0,EXPLORATION,0
public_05,public_05_day_17,17,syn_67b0f6eb14762eb08d8efed7fa00de7a,syn_d01ad0eb624507f7e0acfcf4b966fd87,FEASIBLE,0.0,1.0,EXPLOITATION,0
public_05,public_05_day_17,17,syn_f52d998f7b3adeed3355e5e1ddd5221d,syn_59ff3e1be8b80799f03c9a0adcc9a8f7,FEASIBLE,0.0,1.0,EXPLORATION,0
public_05,public_05_day_17,17,syn_f52d998f7b3adeed3355e5e1ddd5221d,syn_6386031efeb54abdfa96637beb180642,FEASIBLE,0.0,1.0,EXPLORATION,0
public_05,public_05_day_17,17,syn_f52d998f7b3adeed3355e5e1ddd5221d,syn_d14e8e3bc349a408cacb453a7abffef8,FEASIBLE,0.0,1.0,EXPLORATION,0
public_05,public_05_day_17,17,syn_f52d998f7b3adeed3355e5e1ddd5221d,syn_9fb3c613a617b17a29a795544a56781a,FEASIBLE,0.0,1.0,EXPLOITATION,0
public_05,public_05_day_17,17,syn_f52d998f7b3adeed3355e5e1ddd5221d,syn_d01ad0eb624507f7e0acfcf4b966fd87,FEASIBLE,0.0,1.0,EXPLOITATION,0
public_05,public_05_day_17,17,syn_59ff3e1be8b80799f03c9a0adcc9a8f7,syn_d1ce45f75d93596c81ae980e72fec48f,FEASIBLE,0.0,1.0,EXPLORATION,0
public_05,public_05_day_17,17,syn_59ff3e1be8b80799f03c9a0adcc9a8f7,syn_6386031efeb54abdfa96637beb180642,FEASIBLE,0.0,1.0,EXPLORATION,0
public_05,public_05_day_17,17,syn_4da096510159e7ed67bcea8df1fd9276,syn_6dfa6319d5843197875fd20f90b4f507,FEASIBLE,0.0,1.0,EXPLOITATION,0
public_05,public_05_day_17,17,syn_d1ce45f75d93596c81ae980e72fec48f,syn_9fb3c613a617b17a29a795544a56781a,FEASIBLE,0.0,1.0,EXPLOITATION,0
public_05,public_05_day_17,17,syn_d1ce45f75d93596c81ae980e72fec48f,syn_d01ad0eb624507f7e0acfcf4b966fd87,FEASIBLE,0.0,1.0,EXPLOITATION,0
public_05,public_05_day_17,17,syn_d14e8e3bc349a408cacb453a7abffef8,syn_57075763fca69b7e34ab38ec4ef39c2c,FEASIBLE,0.0,1.0,EXPLOITATION,0
public_05,public_05_day_17,17,syn_0e10d543d7c883b4d5fe21bb13c7d538,syn_18f948424eec53d257c5c8d8112eb9d1,FEASIBLE,0.0,1.0,EXPLOITATION,0
public_05,public_05_day_17,17,syn_4e4f8a89ffdf53a7a00e056676176947,syn_8764c010aa61f8a9ccfb46ff1fa0b580,FEASIBLE,0.0,1.0,EXPLOITATION,0
public_05,public_05_day_18,18,syn_2455179885e7a5cdd0d701736adad366,syn_d28061e75589e2ff0d7526ffe3542260,FEASIBLE,1.0,1.0,EXPLOITATION,1
public_05,public_05_day_18,18,syn_6386031efeb54abdfa96637beb180642,syn_9fb3c613a617b17a29a795544a56781a,FEASIBLE,1.0,1.0,EXPLOITATION,1
public_05,public_05_day_18,18,syn_f52d998f7b3adeed3355e5e1ddd5221d,syn_f8eb160de9f82987145dcf9bd6c14111,FEASIBLE,0.85,1.0,EXPLOITATION,1
public_05,public_05_day_18,18,syn_67b0f6eb14762eb08d8efed7fa00de7a,syn_6dfa6319d5843197875fd20f90b4f507,FEASIBLE,0.7499999999999999,1.0,EXPLOITATION,1
public_05,public_05_day_18,18,syn_23170a23564440a1d4402bade96fbeaa,syn_7e4f49ce22a2dc79ca61ba0bc89f0f82,FEASIBLE,0.55,1.0,EXPLOITATION,1
public_05,public_05_day_18,18,syn_b30ea3f02d38b8923b5460bfef0e7833,syn_0cc07e96f676a5d559cbc5e653e33702,FEASIBLE,0.5,1.0,EXPLOITATION,1
public_05,public_05_day_18,18,syn_0cf9e38720b54f715da4f4930ee5b602,syn_d1ce45f75d93596c81ae980e72fec48f,FEASIBLE,0.25,1.0,EXPLOITATION,1
public_05,public_05_day_18,18,syn_e4fef32cad521b8353e4ea2998891934,syn_221878d393f071a58d95cb551a7526b0,FEASIBLE,0.0,1.0,EXPLOITATION,1
public_05,public_05_day_18,18,syn_b6369e410635234f5beb89e67f56ad47,syn_6c730c5a5781af7f9e2b80ea146f1771,FEASIBLE,0.0,1.0,EXPLOITATION,1
public_05,public_05_day_18,18,syn_9b67b3d6b3dda13686dfab9594a9106a,syn_3ff803cc4309f41eb7e9181d17112507,FEASIBLE,0.0,1.0,EXPLOITATION,1
public_05,public_05_day_18,18,syn_4f070b9e8e1937e0c4f475679f709212,syn_4e4f8a89ffdf53a7a00e056676176947,FEASIBLE,0.0,1.0,EXPLOITATION,1
public_05,public_05_day_18,18,syn_ccf2ffc5c3c46880ac055917f6db70d1,syn_157edf54df236ac31689f77dc50f5ff1,FEASIBLE,0.0,1.0,EXPLOITATION,1
public_05,public_05_day_18,18,syn_32431bcfe5fcb7cce07e8b444d497c9c,syn_3788539c7c8062cd932e2b427024d8ea,FEASIBLE,0.0,1.0,EXPLOITATION,1
public_05,public_05_day_18,18,syn_955a8bdca2d80121eeda9df1c5b47f0d,syn_bcb4cd3462c6c653b18dbb6457218610,FEASIBLE,0.0,1.0,EXPLOITATION,1
public_05,public_05_day_18,18,syn_ddffc7d6a417e25916ed2eab0982b3c8,syn_20015b9f913e9730ed42ef967dc1d64e,FEASIBLE,0.0,1.0,EXPLOITATION,1
public_05,public_05_day_18,18,syn_e00e10705d734ac68710874d558dc113,syn_57075763fca69b7e34ab38ec4ef39c2c,FEASIBLE,0.0,1.0,EXPLOITATION,1
public_05,public_05_day_18,18,syn_4da096510159e7ed67bcea8df1fd9276,syn_a6346867188be48c086974c8aa3d5967,FEASIBLE,0.0,1.0,EXPLOITATION,1
public_05,public_05_day_18,18,syn_a624629294f6a7e9435457352ce33a91,syn_0c8744e4024204f6c04a07e714258d47,FEASIBLE,0.0,1.0,EXPLOITATION,1
public_05,public_05_day_18,18,syn_f52d998f7b3adeed3355e5e1ddd5221d,syn_d1ce45f75d93596c81ae980e72fec48f,FEASIBLE,0.7,1.0,EXPLOITATION,0
public_05,public_05_day_18,18,syn_f52d998f7b3adeed3355e5e1ddd5221d,syn_4a30986e184de09da4d488e6dc42ec50,FEASIBLE,0.5499999999999999,1.0,EXPLOITATION,0
public_05,public_05_day_18,18,syn_67b0f6eb14762eb08d8efed7fa00de7a,syn_d1ce45f75d93596c81ae980e72fec48f,FEASIBLE,0.4,1.0,EXPLOITATION,0
public_05,public_05_day_18,18,syn_6dfa6319d5843197875fd20f90b4f507,syn_787ad7acef13f3b493a020f929c70389,FEASIBLE,0.25,1.0,EXPLOITATION,0
public_05,public_05_day_18,18,syn_d1ce45f75d93596c81ae980e72fec48f,syn_6386031efeb54abdfa96637beb180642,FEASIBLE,0.2,1.0,EXPLORATION,0
public_05,public_05_day_18,18,syn_0cf9e38720b54f715da4f4930ee5b602,syn_f52d998f7b3adeed3355e5e1ddd5221d,FEASIBLE,0.15000000000000002,1.0,EXPLORATION,0
public_05,public_05_day_18,18,syn_e00e10705d734ac68710874d558dc113,syn_f52d998f7b3adeed3355e5e1ddd5221d,FEASIBLE,0.1,1.0,EXPLORATION,0
public_05,public_05_day_18,18,syn_b6369e410635234f5beb89e67f56ad47,syn_157edf54df236ac31689f77dc50f5ff1,FEASIBLE,0.0,1.0,EXPLOITATION,0
public_05,public_05_day_18,18,syn_b6369e410635234f5beb89e67f56ad47,syn_db312ab6c0a68a9e3f8205fb47155607,FEASIBLE,0.0,1.0,EXPLOITATION,0
public_05,public_05_day_18,18,syn_9b67b3d6b3dda13686dfab9594a9106a,syn_7744f96c17d970a135531692e7b1a8ce,FEASIBLE,0.0,1.0,EXPLORATION,0
public_05,public_05_day_18,18,syn_4f070b9e8e1937e0c4f475679f709212,syn_8764c010aa61f8a9ccfb46ff1fa0b580,FEASIBLE,0.0,1.0,EXPLOITATION,0
public_05,public_05_day_18,18,syn_955a8bdca2d80121eeda9df1c5b47f0d,syn_3ff803cc4309f41eb7e9181d17112507,FEASIBLE,0.0,1.0,EXPLORATION,0
public_05,public_05_day_18,18,syn_67b0f6eb14762eb08d8efed7fa00de7a,syn_9b1639c7077b8d46da5a9cfd4b905450,FEASIBLE,0.0,1.0,EXPLORATION,0
public_05,public_05_day_18,18,syn_67b0f6eb14762eb08d8efed7fa00de7a,syn_d01ad0eb624507f7e0acfcf4b966fd87,FEASIBLE,0.0,1.0,EXPLOITATION,0
public_05,public_05_day_18,18,syn_f52d998f7b3adeed3355e5e1ddd5221d,syn_59ff3e1be8b80799f03c9a0adcc9a8f7,FEASIBLE,0.0,1.0,EXPLORATION,0
public_05,public_05_day_18,18,syn_f52d998f7b3adeed3355e5e1ddd5221d,syn_6386031efeb54abdfa96637beb180642,FEASIBLE,0.0,1.0,EXPLORATION,0
public_05,public_05_day_18,18,syn_f52d998f7b3adeed3355e5e1ddd5221d,syn_d14e8e3bc349a408cacb453a7abffef8,FEASIBLE,0.0,1.0,EXPLORATION,0
public_05,public_05_day_18,18,syn_f52d998f7b3adeed3355e5e1ddd5221d,syn_9fb3c613a617b17a29a795544a56781a,FEASIBLE,0.0,1.0,EXPLOITATION,0
public_05,public_05_day_18,18,syn_f52d998f7b3adeed3355e5e1ddd5221d,syn_d01ad0eb624507f7e0acfcf4b966fd87,FEASIBLE,0.0,1.0,EXPLOITATION,0
public_05,public_05_day_18,18,syn_59ff3e1be8b80799f03c9a0adcc9a8f7,syn_d1ce45f75d93596c81ae980e72fec48f,FEASIBLE,0.0,1.0,EXPLORATION,0
public_05,public_05_day_18,18,syn_59ff3e1be8b80799f03c9a0adcc9a8f7,syn_6386031efeb54abdfa96637beb180642,FEASIBLE,0.0,1.0,EXPLORATION,0
public_05,public_05_day_18,18,syn_4da096510159e7ed67bcea8df1fd9276,syn_6dfa6319d5843197875fd20f90b4f507,FEASIBLE,0.0,1.0,EXPLOITATION,0
public_05,public_05_day_18,18,syn_d1ce45f75d93596c81ae980e72fec48f,syn_9fb3c613a617b17a29a795544a56781a,FEASIBLE,0.0,1.0,EXPLOITATION,0
public_05,public_05_day_18,18,syn_d1ce45f75d93596c81ae980e72fec48f,syn_d01ad0eb624507f7e0acfcf4b966fd87,FEASIBLE,0.0,1.0,EXPLOITATION,0
public_05,public_05_day_18,18,syn_d14e8e3bc349a408cacb453a7abffef8,syn_57075763fca69b7e34ab38ec4ef39c2c,FEASIBLE,0.0,1.0,EXPLOITATION,0
public_05,public_05_day_18,18,syn_4e4f8a89ffdf53a7a00e056676176947,syn_8764c010aa61f8a9ccfb46ff1fa0b580,FEASIBLE,0.0,1.0,EXPLOITATION,0
public_05,public_05_day_19,19,syn_2455179885e7a5cdd0d701736adad366,syn_d28061e75589e2ff0d7526ffe3542260,FEASIBLE,1.0,1.0,EXPLOITATION,1
public_05,public_05_day_19,19,syn_955a8bdca2d80121eeda9df1c5b47f0d,syn_7eee6a7a0275f890ef8c6385bb0ca86e,FEASIBLE,1.0,1.0,EXPLOITATION,1
public_05,public_05_day_19,19,syn_f52d998f7b3adeed3355e5e1ddd5221d,syn_f8eb160de9f82987145dcf9bd6c14111,FEASIBLE,0.85,1.0,EXPLOITATION,1
public_05,public_05_day_19,19,syn_67b0f6eb14762eb08d8efed7fa00de7a,syn_6dfa6319d5843197875fd20f90b4f507,FEASIBLE,0.7499999999999999,1.0,EXPLOITATION,1
public_05,public_05_day_19,19,syn_ed73a5ffcde32d3d29c33a9428f04344,syn_75273d30606bde7fe1c8835426415983,FEASIBLE,0.65,1.0,EXPLORATION,1
public_05,public_05_day_19,19,syn_daae70040111edbb049035d2a01a3d36,syn_e00e10705d734ac68710874d558dc113,FEASIBLE,0.6,1.0,EXPLOITATION,1
public_05,public_05_day_19,19,syn_23170a23564440a1d4402bade96fbeaa,syn_7e4f49ce22a2dc79ca61ba0bc89f0f82,FEASIBLE,0.55,1.0,EXPLOITATION,1
public_05,public_05_day_19,19,syn_b30ea3f02d38b8923b5460bfef0e7833,syn_0cc07e96f676a5d559cbc5e653e33702,FEASIBLE,0.5,1.0,EXPLOITATION,1
public_05,public_05_day_19,19,syn_e4fef32cad521b8353e4ea2998891934,syn_221878d393f071a58d95cb551a7526b0,FEASIBLE,0.0,1.0,EXPLOITATION,1
public_05,public_05_day_19,19,syn_9b67b3d6b3dda13686dfab9594a9106a,syn_3ff803cc4309f41eb7e9181d17112507,FEASIBLE,0.0,1.0,EXPLOITATION,1
public_05,public_05_day_19,19,syn_4f070b9e8e1937e0c4f475679f709212,syn_4e4f8a89ffdf53a7a00e056676176947,FEASIBLE,0.0,1.0,EXPLOITATION,1
public_05,public_05_day_19,19,syn_ccf2ffc5c3c46880ac055917f6db70d1,syn_157edf54df236ac31689f77dc50f5ff1,FEASIBLE,0.0,1.0,EXPLOITATION,1
public_05,public_05_day_19,19,syn_32431bcfe5fcb7cce07e8b444d497c9c,syn_3788539c7c8062cd932e2b427024d8ea,FEASIBLE,0.0,1.0,EXPLOITATION,1
public_05,public_05_day_19,19,syn_ddffc7d6a417e25916ed2eab0982b3c8,syn_20015b9f913e9730ed42ef967dc1d64e,FEASIBLE,0.0,1.0,EXPLOITATION,1
public_05,public_05_day_19,19,syn_0766aba8ddd61a47df3dbb63375de874,syn_ae494b453b2b66f7bbd82e220000b1f3,FEASIBLE,0.0,1.0,EXPLOITATION,1
public_05,public_05_day_19,19,syn_4da096510159e7ed67bcea8df1fd9276,syn_a6346867188be48c086974c8aa3d5967,FEASIBLE,0.0,1.0,EXPLOITATION,1
public_05,public_05_day_19,19,syn_d14e8e3bc349a408cacb453a7abffef8,syn_57075763fca69b7e34ab38ec4ef39c2c,FEASIBLE,0.0,1.0,EXPLOITATION,1
public_05,public_05_day_19,19,syn_a624629294f6a7e9435457352ce33a91,syn_0c8744e4024204f6c04a07e714258d47,FEASIBLE,0.0,1.0,EXPLOITATION,1
public_05,public_05_day_19,19,syn_daae70040111edbb049035d2a01a3d36,syn_7eee6a7a0275f890ef8c6385bb0ca86e,FEASIBLE,0.7,1.0,EXPLORATION,0
public_05,public_05_day_19,19,syn_f52d998f7b3adeed3355e5e1ddd5221d,syn_4a30986e184de09da4d488e6dc42ec50,FEASIBLE,0.5499999999999999,1.0,EXPLOITATION,0
public_05,public_05_day_19,19,syn_7eee6a7a0275f890ef8c6385bb0ca86e,syn_f52d998f7b3adeed3355e5e1ddd5221d,FEASIBLE,0.39999999999999997,1.0,EXPLORATION,0
public_05,public_05_day_19,19,syn_daae70040111edbb049035d2a01a3d36,syn_d14e8e3bc349a408cacb453a7abffef8,FEASIBLE,0.35,1.0,EXPLOITATION,0
public_05,public_05_day_19,19,syn_6dfa6319d5843197875fd20f90b4f507,syn_787ad7acef13f3b493a020f929c70389,FEASIBLE,0.25,1.0,EXPLOITATION,0
public_05,public_05_day_19,19,syn_0cf9e38720b54f715da4f4930ee5b602,syn_f52d998f7b3adeed3355e5e1ddd5221d,FEASIBLE,0.15000000000000002,1.0,EXPLORATION,0
public_05,public_05_day_19,19,syn_e00e10705d734ac68710874d558dc113,syn_f52d998f7b3adeed3355e5e1ddd5221d,FEASIBLE,0.1,1.0,EXPLORATION,0
public_05,public_05_day_19,19,syn_9b67b3d6b3dda13686dfab9594a9106a,syn_7eee6a7a0275f890ef8c6385bb0ca86e,FEASIBLE,0.0,1.0,EXPLORATION,0
public_05,public_05_day_19,19,syn_9b67b3d6b3dda13686dfab9594a9106a,syn_7744f96c17d970a135531692e7b1a8ce,FEASIBLE,0.0,1.0,EXPLORATION,0
public_05,public_05_day_19,19,syn_ed73a5ffcde32d3d29c33a9428f04344,syn_ae494b453b2b66f7bbd82e220000b1f3,FEASIBLE,0.0,1.0,EXPLOITATION,0
public_05,public_05_day_19,19,syn_4f070b9e8e1937e0c4f475679f709212,syn_8764c010aa61f8a9ccfb46ff1fa0b580,FEASIBLE,0.0,1.0,EXPLOITATION,0
public_05,public_05_day_19,19,syn_955a8bdca2d80121eeda9df1c5b47f0d,syn_3ff803cc4309f41eb7e9181d17112507,FEASIBLE,0.0,1.0,EXPLORATION,0
public_05,public_05_day_19,19,syn_955a8bdca2d80121eeda9df1c5b47f0d,syn_bcb4cd3462c6c653b18dbb6457218610,FEASIBLE,0.0,1.0,EXPLOITATION,0
public_05,public_05_day_19,19,syn_67b0f6eb14762eb08d8efed7fa00de7a,syn_9b1639c7077b8d46da5a9cfd4b905450,FEASIBLE,0.0,1.0,EXPLORATION,0
public_05,public_05_day_19,19,syn_67b0f6eb14762eb08d8efed7fa00de7a,syn_d01ad0eb624507f7e0acfcf4b966fd87,FEASIBLE,0.0,1.0,EXPLOITATION,0
public_05,public_05_day_19,19,syn_e00e10705d734ac68710874d558dc113,syn_57075763fca69b7e34ab38ec4ef39c2c,FEASIBLE,0.0,1.0,EXPLOITATION,0
public_05,public_05_day_19,19,syn_7eee6a7a0275f890ef8c6385bb0ca86e,syn_a6346867188be48c086974c8aa3d5967,FEASIBLE,0.0,1.0,EXPLOITATION,0
public_05,public_05_day_19,19,syn_f52d998f7b3adeed3355e5e1ddd5221d,syn_59ff3e1be8b80799f03c9a0adcc9a8f7,FEASIBLE,0.0,1.0,EXPLORATION,0
public_05,public_05_day_19,19,syn_f52d998f7b3adeed3355e5e1ddd5221d,syn_d14e8e3bc349a408cacb453a7abffef8,FEASIBLE,0.0,1.0,EXPLORATION,0
public_05,public_05_day_19,19,syn_f52d998f7b3adeed3355e5e1ddd5221d,syn_9fb3c613a617b17a29a795544a56781a,FEASIBLE,0.0,1.0,EXPLOITATION,0
public_05,public_05_day_19,19,syn_f52d998f7b3adeed3355e5e1ddd5221d,syn_d01ad0eb624507f7e0acfcf4b966fd87,FEASIBLE,0.0,1.0,EXPLOITATION,0
public_05,public_05_day_19,19,syn_4da096510159e7ed67bcea8df1fd9276,syn_6dfa6319d5843197875fd20f90b4f507,FEASIBLE,0.0,1.0,EXPLOITATION,0
public_05,public_05_day_19,19,syn_4e4f8a89ffdf53a7a00e056676176947,syn_8764c010aa61f8a9ccfb46ff1fa0b580,FEASIBLE,0.0,1.0,EXPLOITATION,0
public_05,public_05_day_20,20,syn_2f057a3c05913d701d608a8b13727219,syn_d14e8e3bc349a408cacb453a7abffef8,FEASIBLE,1.0,1.0,EXPLOITATION,1
public_05,public_05_day_20,20,syn_2455179885e7a5cdd0d701736adad366,syn_d28061e75589e2ff0d7526ffe3542260,FEASIBLE,1.0,1.0,EXPLOITATION,1
public_05,public_05_day_20,20,syn_f52d998f7b3adeed3355e5e1ddd5221d,syn_f8eb160de9f82987145dcf9bd6c14111,FEASIBLE,0.85,1.0,EXPLOITATION,1
public_05,public_05_day_20,20,syn_67b0f6eb14762eb08d8efed7fa00de7a,syn_6dfa6319d5843197875fd20f90b4f507,FEASIBLE,0.7499999999999999,1.0,EXPLOITATION,1
public_05,public_05_day_20,20,syn_ed73a5ffcde32d3d29c33a9428f04344,syn_75273d30606bde7fe1c8835426415983,FEASIBLE,0.65,1.0,EXPLOITATION,1
public_05,public_05_day_20,20,syn_daae70040111edbb049035d2a01a3d36,syn_e00e10705d734ac68710874d558dc113,FEASIBLE,0.6,1.0,EXPLOITATION,1
public_05,public_05_day_20,20,syn_23170a23564440a1d4402bade96fbeaa,syn_7e4f49ce22a2dc79ca61ba0bc89f0f82,FEASIBLE,0.55,1.0,EXPLOITATION,1
public_05,public_05_day_20,20,syn_eada6f0a34c5cf0b2f06296178a0c151,syn_f6dd627d1108f9a47392d79f0b9097f5,FEASIBLE,0.15,1.0,EXPLORATION,1
public_05,public_05_day_20,20,syn_e4fef32cad521b8353e4ea2998891934,syn_221878d393f071a58d95cb551a7526b0,FEASIBLE,0.0,1.0,EXPLOITATION,1
public_05,public_05_day_20,20,syn_4f070b9e8e1937e0c4f475679f709212,syn_4e4f8a89ffdf53a7a00e056676176947,FEASIBLE,0.0,1.0,EXPLOITATION,1
public_05,public_05_day_20,20,syn_ccf2ffc5c3c46880ac055917f6db70d1,syn_157edf54df236ac31689f77dc50f5ff1,FEASIBLE,0.0,1.0,EXPLOITATION,1
public_05,public_05_day_20,20,syn_32431bcfe5fcb7cce07e8b444d497c9c,syn_3788539c7c8062cd932e2b427024d8ea,FEASIBLE,0.0,1.0,EXPLOITATION,1
public_05,public_05_day_20,20,syn_c6bb9b0b7fc676c3f6005dcf8489ce2f,syn_04e14bb2ba3ef2f338b787a065feb029,FEASIBLE,0.0,1.0,EXPLOITATION,1
public_05,public_05_day_20,20,syn_ddffc7d6a417e25916ed2eab0982b3c8,syn_20015b9f913e9730ed42ef967dc1d64e,FEASIBLE,0.0,1.0,EXPLOITATION,1
public_05,public_05_day_20,20,syn_0766aba8ddd61a47df3dbb63375de874,syn_ae494b453b2b66f7bbd82e220000b1f3,FEASIBLE,0.0,1.0,EXPLOITATION,1
public_05,public_05_day_20,20,syn_4da096510159e7ed67bcea8df1fd9276,syn_a6346867188be48c086974c8aa3d5967,FEASIBLE,0.0,1.0,EXPLOITATION,1
public_05,public_05_day_20,20,syn_36b3b69ccaea82d40d69f92264d42798,syn_bb7b6073c8216ea13025eadbfeb27f2c,FEASIBLE,0.0,1.0,EXPLOITATION,1
public_05,public_05_day_20,20,syn_0e10d543d7c883b4d5fe21bb13c7d538,syn_5bebeccf17480908bbd31f4c4aac6692,FEASIBLE,0.0,1.0,EXPLOITATION,1
public_05,public_05_day_20,20,syn_a624629294f6a7e9435457352ce33a91,syn_0c8744e4024204f6c04a07e714258d47,FEASIBLE,0.0,1.0,EXPLOITATION,1
public_05,public_05_day_20,20,syn_f52d998f7b3adeed3355e5e1ddd5221d,syn_4a30986e184de09da4d488e6dc42ec50,FEASIBLE,0.5499999999999999,1.0,EXPLOITATION,0
public_05,public_05_day_20,20,syn_daae70040111edbb049035d2a01a3d36,syn_d14e8e3bc349a408cacb453a7abffef8,FEASIBLE,0.35,1.0,EXPLOITATION,0
public_05,public_05_day_20,20,syn_6dfa6319d5843197875fd20f90b4f507,syn_787ad7acef13f3b493a020f929c70389,FEASIBLE,0.25,1.0,EXPLOITATION,0
public_05,public_05_day_20,20,syn_0cf9e38720b54f715da4f4930ee5b602,syn_f52d998f7b3adeed3355e5e1ddd5221d,FEASIBLE,0.15000000000000002,1.0,EXPLORATION,0
public_05,public_05_day_20,20,syn_e00e10705d734ac68710874d558dc113,syn_f52d998f7b3adeed3355e5e1ddd5221d,FEASIBLE,0.1,1.0,EXPLORATION,0
public_05,public_05_day_20,20,syn_2f057a3c05913d701d608a8b13727219,syn_8f15f01517ad9b1f664750c54ede74a8,FEASIBLE,0.0,1.0,EXPLOITATION,0
public_05,public_05_day_20,20,syn_ed73a5ffcde32d3d29c33a9428f04344,syn_ae494b453b2b66f7bbd82e220000b1f3,FEASIBLE,0.0,1.0,EXPLOITATION,0
public_05,public_05_day_20,20,syn_4f070b9e8e1937e0c4f475679f709212,syn_8764c010aa61f8a9ccfb46ff1fa0b580,FEASIBLE,0.0,1.0,EXPLOITATION,0
public_05,public_05_day_20,20,syn_67b0f6eb14762eb08d8efed7fa00de7a,syn_9b1639c7077b8d46da5a9cfd4b905450,FEASIBLE,0.0,1.0,EXPLORATION,0
public_05,public_05_day_20,20,syn_67b0f6eb14762eb08d8efed7fa00de7a,syn_d01ad0eb624507f7e0acfcf4b966fd87,FEASIBLE,0.0,1.0,EXPLOITATION,0
public_05,public_05_day_20,20,syn_e00e10705d734ac68710874d558dc113,syn_57075763fca69b7e34ab38ec4ef39c2c,FEASIBLE,0.0,1.0,EXPLOITATION,0
public_05,public_05_day_20,20,syn_f52d998f7b3adeed3355e5e1ddd5221d,syn_59ff3e1be8b80799f03c9a0adcc9a8f7,FEASIBLE,0.0,1.0,EXPLORATION,0
public_05,public_05_day_20,20,syn_f52d998f7b3adeed3355e5e1ddd5221d,syn_04e14bb2ba3ef2f338b787a065feb029,FEASIBLE,0.0,1.0,EXPLOITATION,0
public_05,public_05_day_20,20,syn_f52d998f7b3adeed3355e5e1ddd5221d,syn_d14e8e3bc349a408cacb453a7abffef8,FEASIBLE,0.0,1.0,EXPLORATION,0
public_05,public_05_day_20,20,syn_f52d998f7b3adeed3355e5e1ddd5221d,syn_9fb3c613a617b17a29a795544a56781a,FEASIBLE,0.0,1.0,EXPLOITATION,0
public_05,public_05_day_20,20,syn_f52d998f7b3adeed3355e5e1ddd5221d,syn_d01ad0eb624507f7e0acfcf4b966fd87,FEASIBLE,0.0,1.0,EXPLOITATION,0
public_05,public_05_day_20,20,syn_59ff3e1be8b80799f03c9a0adcc9a8f7,syn_04e14bb2ba3ef2f338b787a065feb029,FEASIBLE,0.0,1.0,EXPLORATION,0
public_05,public_05_day_20,20,syn_4da096510159e7ed67bcea8df1fd9276,syn_6dfa6319d5843197875fd20f90b4f507,FEASIBLE,0.0,1.0,EXPLOITATION,0
public_05,public_05_day_20,20,syn_4da096510159e7ed67bcea8df1fd9276,syn_3874834f8c41d2239a31fdac33f50e4a,FEASIBLE,0.0,1.0,EXPLOITATION,0
public_05,public_05_day_20,20,syn_04e14bb2ba3ef2f338b787a065feb029,syn_f8eb160de9f82987145dcf9bd6c14111,FEASIBLE,0.0,1.0,EXPLOITATION,0
public_05,public_05_day_20,20,syn_04e14bb2ba3ef2f338b787a065feb029,syn_841449c5ffad42316e8555e53d6ee113,FEASIBLE,0.0,1.0,EXPLOITATION,0
public_05,public_05_day_20,20,syn_04e14bb2ba3ef2f338b787a065feb029,syn_0c8744e4024204f6c04a07e714258d47,FEASIBLE,0.0,1.0,EXPLOITATION,0
public_05,public_05_day_20,20,syn_bb7b6073c8216ea13025eadbfeb27f2c,syn_ea8329bfa41c9122f997b0665abb1eef,FEASIBLE,0.0,1.0,EXPLORATION,0
public_05,public_05_day_20,20,syn_d14e8e3bc349a408cacb453a7abffef8,syn_57075763fca69b7e34ab38ec4ef39c2c,FEASIBLE,0.0,1.0,EXPLOITATION,0
public_05,public_05_day_20,20,syn_d14e8e3bc349a408cacb453a7abffef8,syn_8f15f01517ad9b1f664750c54ede74a8,FEASIBLE,0.0,1.0,EXPLOITATION,0
public_05,public_05_day_20,20,syn_0e10d543d7c883b4d5fe21bb13c7d538,syn_18f948424eec53d257c5c8d8112eb9d1,FEASIBLE,0.0,1.0,EXPLOITATION,0
public_05,public_05_day_20,20,syn_4e4f8a89ffdf53a7a00e056676176947,syn_8764c010aa61f8a9ccfb46ff1fa0b580,FEASIBLE,0.0,1.0,EXPLOITATION,0
public_05,public_05_day_20,20,syn_a6346867188be48c086974c8aa3d5967,syn_3874834f8c41d2239a31fdac33f50e4a,FEASIBLE,0.0,1.0,EXPLOITATION,0
public_05,public_05_day_21,21,syn_2f057a3c05913d701d608a8b13727219,syn_d14e8e3bc349a408cacb453a7abffef8,FEASIBLE,1.0,1.0,EXPLOITATION,1
public_05,public_05_day_21,21,syn_2455179885e7a5cdd0d701736adad366,syn_d28061e75589e2ff0d7526ffe3542260,FEASIBLE,1.0,1.0,EXPLOITATION,1
public_05,public_05_day_21,21,syn_f52d998f7b3adeed3355e5e1ddd5221d,syn_f8eb160de9f82987145dcf9bd6c14111,FEASIBLE,0.85,1.0,EXPLOITATION,1
public_05,public_05_day_21,21,syn_67b0f6eb14762eb08d8efed7fa00de7a,syn_6dfa6319d5843197875fd20f90b4f507,FEASIBLE,0.7499999999999999,1.0,EXPLOITATION,1
public_05,public_05_day_21,21,syn_ed73a5ffcde32d3d29c33a9428f04344,syn_75273d30606bde7fe1c8835426415983,FEASIBLE,0.65,1.0,EXPLOITATION,1
public_05,public_05_day_21,21,syn_daae70040111edbb049035d2a01a3d36,syn_e00e10705d734ac68710874d558dc113,FEASIBLE,0.6,1.0,EXPLOITATION,1
public_05,public_05_day_21,21,syn_23170a23564440a1d4402bade96fbeaa,syn_7e4f49ce22a2dc79ca61ba0bc89f0f82,FEASIBLE,0.55,1.0,EXPLOITATION,1
public_05,public_05_day_21,21,syn_a242f7d8327c808790c0d4811d284b0f,syn_e6b57e07ceafd25bccb206402eb52056,FEASIBLE,0.25,1.0,EXPLOITATION,1
public_05,public_05_day_21,21,syn_eada6f0a34c5cf0b2f06296178a0c151,syn_f6dd627d1108f9a47392d79f0b9097f5,FEASIBLE,0.15,1.0,EXPLOITATION,1
public_05,public_05_day_21,21,syn_e4fef32cad521b8353e4ea2998891934,syn_221878d393f071a58d95cb551a7526b0,FEASIBLE,0.0,1.0,EXPLOITATION,1
public_05,public_05_day_21,21,syn_b6369e410635234f5beb89e67f56ad47,syn_6c730c5a5781af7f9e2b80ea146f1771,FEASIBLE,0.0,1.0,EXPLOITATION,1
public_05,public_05_day_21,21,syn_4f070b9e8e1937e0c4f475679f709212,syn_4e4f8a89ffdf53a7a00e056676176947,FEASIBLE,0.0,1.0,EXPLOITATION,1
public_05,public_05_day_21,21,syn_ccf2ffc5c3c46880ac055917f6db70d1,syn_157edf54df236ac31689f77dc50f5ff1,FEASIBLE,0.0,1.0,EXPLOITATION,1
public_05,public_05_day_21,21,syn_32431bcfe5fcb7cce07e8b444d497c9c,syn_3788539c7c8062cd932e2b427024d8ea,FEASIBLE,0.0,1.0,EXPLOITATION,1
public_05,public_05_day_21,21,syn_955a8bdca2d80121eeda9df1c5b47f0d,syn_3ff803cc4309f41eb7e9181d17112507,FEASIBLE,0.0,1.0,EXPLORATION,1
public_05,public_05_day_21,21,syn_c6bb9b0b7fc676c3f6005dcf8489ce2f,syn_04e14bb2ba3ef2f338b787a065feb029,FEASIBLE,0.0,1.0,EXPLOITATION,1
public_05,public_05_day_21,21,syn_ddffc7d6a417e25916ed2eab0982b3c8,syn_20015b9f913e9730ed42ef967dc1d64e,FEASIBLE,0.0,1.0,EXPLOITATION,1
public_05,public_05_day_21,21,syn_0766aba8ddd61a47df3dbb63375de874,syn_ae494b453b2b66f7bbd82e220000b1f3,FEASIBLE,0.0,1.0,EXPLOITATION,1
public_05,public_05_day_21,21,syn_4da096510159e7ed67bcea8df1fd9276,syn_a6346867188be48c086974c8aa3d5967,FEASIBLE,0.0,1.0,EXPLOITATION,1
public_05,public_05_day_21,21,syn_36b3b69ccaea82d40d69f92264d42798,syn_bb7b6073c8216ea13025eadbfeb27f2c,FEASIBLE,0.0,1.0,EXPLOITATION,1
public_05,public_05_day_21,21,syn_0e10d543d7c883b4d5fe21bb13c7d538,syn_5bebeccf17480908bbd31f4c4aac6692,FEASIBLE,0.0,1.0,EXPLOITATION,1
public_05,public_05_day_21,21,syn_a624629294f6a7e9435457352ce33a91,syn_0c8744e4024204f6c04a07e714258d47,FEASIBLE,0.0,1.0,EXPLOITATION,1
public_05,public_05_day_21,21,syn_f52d998f7b3adeed3355e5e1ddd5221d,syn_4a30986e184de09da4d488e6dc42ec50,FEASIBLE,0.5499999999999999,1.0,EXPLOITATION,0
public_05,public_05_day_21,21,syn_daae70040111edbb049035d2a01a3d36,syn_d14e8e3bc349a408cacb453a7abffef8,FEASIBLE,0.35,1.0,EXPLOITATION,0
public_05,public_05_day_21,21,syn_ed73a5ffcde32d3d29c33a9428f04344,syn_e6b57e07ceafd25bccb206402eb52056,FEASIBLE,0.25,1.0,EXPLOITATION,0
public_05,public_05_day_21,21,syn_6dfa6319d5843197875fd20f90b4f507,syn_787ad7acef13f3b493a020f929c70389,FEASIBLE,0.25,1.0,EXPLOITATION,0
public_05,public_05_day_21,21,syn_0cf9e38720b54f715da4f4930ee5b602,syn_f52d998f7b3adeed3355e5e1ddd5221d,FEASIBLE,0.15000000000000002,1.0,EXPLORATION,0
public_05,public_05_day_21,21,syn_e00e10705d734ac68710874d558dc113,syn_f52d998f7b3adeed3355e5e1ddd5221d,FEASIBLE,0.1,1.0,EXPLORATION,0
public_05,public_05_day_21,21,syn_b6369e410635234f5beb89e67f56ad47,syn_157edf54df236ac31689f77dc50f5ff1,FEASIBLE,0.0,1.0,EXPLOITATION,0
public_05,public_05_day_21,21,syn_b6369e410635234f5beb89e67f56ad47,syn_db312ab6c0a68a9e3f8205fb47155607,FEASIBLE,0.0,1.0,EXPLOITATION,0
public_05,public_05_day_21,21,syn_2f057a3c05913d701d608a8b13727219,syn_8f15f01517ad9b1f664750c54ede74a8,FEASIBLE,0.0,1.0,EXPLOITATION,0
public_05,public_05_day_21,21,syn_ed73a5ffcde32d3d29c33a9428f04344,syn_ae494b453b2b66f7bbd82e220000b1f3,FEASIBLE,0.0,1.0,EXPLOITATION,0
public_05,public_05_day_21,21,syn_4f070b9e8e1937e0c4f475679f709212,syn_8764c010aa61f8a9ccfb46ff1fa0b580,FEASIBLE,0.0,1.0,EXPLOITATION,0
public_05,public_05_day_21,21,syn_955a8bdca2d80121eeda9df1c5b47f0d,syn_bcb4cd3462c6c653b18dbb6457218610,FEASIBLE,0.0,1.0,EXPLOITATION,0
public_05,public_05_day_21,21,syn_67b0f6eb14762eb08d8efed7fa00de7a,syn_9b1639c7077b8d46da5a9cfd4b905450,FEASIBLE,0.0,1.0,EXPLORATION,0
public_05,public_05_day_21,21,syn_67b0f6eb14762eb08d8efed7fa00de7a,syn_d01ad0eb624507f7e0acfcf4b966fd87,FEASIBLE,0.0,1.0,EXPLOITATION,0
public_05,public_05_day_21,21,syn_e00e10705d734ac68710874d558dc113,syn_57075763fca69b7e34ab38ec4ef39c2c,FEASIBLE,0.0,1.0,EXPLOITATION,0
public_05,public_05_day_21,21,syn_e00e10705d734ac68710874d558dc113,syn_e6b57e07ceafd25bccb206402eb52056,FEASIBLE,0.0,1.0,EXPLOITATION,0
public_05,public_05_day_21,21,syn_f52d998f7b3adeed3355e5e1ddd5221d,syn_59ff3e1be8b80799f03c9a0adcc9a8f7,FEASIBLE,0.0,1.0,EXPLORATION,0
public_05,public_05_day_21,21,syn_f52d998f7b3adeed3355e5e1ddd5221d,syn_04e14bb2ba3ef2f338b787a065feb029,FEASIBLE,0.0,1.0,EXPLOITATION,0
public_05,public_05_day_21,21,syn_f52d998f7b3adeed3355e5e1ddd5221d,syn_d14e8e3bc349a408cacb453a7abffef8,FEASIBLE,0.0,1.0,EXPLORATION,0
public_05,public_05_day_21,21,syn_f52d998f7b3adeed3355e5e1ddd5221d,syn_9fb3c613a617b17a29a795544a56781a,FEASIBLE,0.0,1.0,EXPLOITATION,0
public_05,public_05_day_21,21,syn_f52d998f7b3adeed3355e5e1ddd5221d,syn_d01ad0eb624507f7e0acfcf4b966fd87,FEASIBLE,0.0,1.0,EXPLOITATION,0
public_05,public_05_day_21,21,syn_59ff3e1be8b80799f03c9a0adcc9a8f7,syn_04e14bb2ba3ef2f338b787a065feb029,FEASIBLE,0.0,1.0,EXPLORATION,0
public_05,public_05_day_21,21,syn_4da096510159e7ed67bcea8df1fd9276,syn_6dfa6319d5843197875fd20f90b4f507,FEASIBLE,0.0,1.0,EXPLOITATION,0
public_05,public_05_day_21,21,syn_4da096510159e7ed67bcea8df1fd9276,syn_3874834f8c41d2239a31fdac33f50e4a,FEASIBLE,0.0,1.0,EXPLOITATION,0
public_05,public_05_day_21,21,syn_04e14bb2ba3ef2f338b787a065feb029,syn_f8eb160de9f82987145dcf9bd6c14111,FEASIBLE,0.0,1.0,EXPLOITATION,0
public_05,public_05_day_21,21,syn_04e14bb2ba3ef2f338b787a065feb029,syn_841449c5ffad42316e8555e53d6ee113,FEASIBLE,0.0,1.0,EXPLOITATION,0
public_05,public_05_day_21,21,syn_04e14bb2ba3ef2f338b787a065feb029,syn_0c8744e4024204f6c04a07e714258d47,FEASIBLE,0.0,1.0,EXPLOITATION,0
public_05,public_05_day_21,21,syn_bb7b6073c8216ea13025eadbfeb27f2c,syn_ea8329bfa41c9122f997b0665abb1eef,FEASIBLE,0.0,1.0,EXPLORATION,0
public_05,public_05_day_21,21,syn_d14e8e3bc349a408cacb453a7abffef8,syn_57075763fca69b7e34ab38ec4ef39c2c,FEASIBLE,0.0,1.0,EXPLOITATION,0
public_05,public_05_day_21,21,syn_d14e8e3bc349a408cacb453a7abffef8,syn_8f15f01517ad9b1f664750c54ede74a8,FEASIBLE,0.0,1.0,EXPLOITATION,0
public_05,public_05_day_21,21,syn_d14e8e3bc349a408cacb453a7abffef8,syn_e6b57e07ceafd25bccb206402eb52056,FEASIBLE,0.0,1.0,EXPLOITATION,0
public_05,public_05_day_21,21,syn_0e10d543d7c883b4d5fe21bb13c7d538,syn_18f948424eec53d257c5c8d8112eb9d1,FEASIBLE,0.0,1.0,EXPLOITATION,0
public_05,public_05_day_21,21,syn_4e4f8a89ffdf53a7a00e056676176947,syn_8764c010aa61f8a9ccfb46ff1fa0b580,FEASIBLE,0.0,1.0,EXPLOITATION,0
public_05,public_05_day_21,21,syn_a6346867188be48c086974c8aa3d5967,syn_3874834f8c41d2239a31fdac33f50e4a,FEASIBLE,0.0,1.0,EXPLOITATION,0
public_05,public_05_day_22,22,syn_2f057a3c05913d701d608a8b13727219,syn_d14e8e3bc349a408cacb453a7abffef8,FEASIBLE,1.0,1.0,EXPLOITATION,1
public_05,public_05_day_22,22,syn_2455179885e7a5cdd0d701736adad366,syn_d28061e75589e2ff0d7526ffe3542260,FEASIBLE,1.0,1.0,EXPLOITATION,1
public_05,public_05_day_22,22,syn_f52d998f7b3adeed3355e5e1ddd5221d,syn_f8eb160de9f82987145dcf9bd6c14111,FEASIBLE,0.85,1.0,EXPLOITATION,1
public_05,public_05_day_22,22,syn_ed73a5ffcde32d3d29c33a9428f04344,syn_75273d30606bde7fe1c8835426415983,FEASIBLE,0.65,1.0,EXPLOITATION,1
public_05,public_05_day_22,22,syn_daae70040111edbb049035d2a01a3d36,syn_e00e10705d734ac68710874d558dc113,FEASIBLE,0.6,1.0,EXPLOITATION,1
public_05,public_05_day_22,22,syn_23170a23564440a1d4402bade96fbeaa,syn_7e4f49ce22a2dc79ca61ba0bc89f0f82,FEASIBLE,0.55,1.0,EXPLOITATION,1
public_05,public_05_day_22,22,syn_a242f7d8327c808790c0d4811d284b0f,syn_e6b57e07ceafd25bccb206402eb52056,FEASIBLE,0.25,1.0,EXPLOITATION,1
public_05,public_05_day_22,22,syn_eada6f0a34c5cf0b2f06296178a0c151,syn_f6dd627d1108f9a47392d79f0b9097f5,FEASIBLE,0.15,1.0,EXPLOITATION,1
public_05,public_05_day_22,22,syn_e4fef32cad521b8353e4ea2998891934,syn_221878d393f071a58d95cb551a7526b0,FEASIBLE,0.0,1.0,EXPLOITATION,1
public_05,public_05_day_22,22,syn_b6369e410635234f5beb89e67f56ad47,syn_6c730c5a5781af7f9e2b80ea146f1771,FEASIBLE,0.0,1.0,EXPLOITATION,1
public_05,public_05_day_22,22,syn_4f070b9e8e1937e0c4f475679f709212,syn_4e4f8a89ffdf53a7a00e056676176947,FEASIBLE,0.0,1.0,EXPLOITATION,1
public_05,public_05_day_22,22,syn_ccf2ffc5c3c46880ac055917f6db70d1,syn_157edf54df236ac31689f77dc50f5ff1,FEASIBLE,0.0,1.0,EXPLOITATION,1
public_05,public_05_day_22,22,syn_32431bcfe5fcb7cce07e8b444d497c9c,syn_3788539c7c8062cd932e2b427024d8ea,FEASIBLE,0.0,1.0,EXPLOITATION,1
public_05,public_05_day_22,22,syn_955a8bdca2d80121eeda9df1c5b47f0d,syn_3ff803cc4309f41eb7e9181d17112507,FEASIBLE,0.0,1.0,EXPLOITATION,1
public_05,public_05_day_22,22,syn_3629e30d62cfc4882e782ef72b076973,syn_d3e2d8f77d4d02c0acbb83cb17567a95,FEASIBLE,0.0,1.0,EXPLORATION,1
public_05,public_05_day_22,22,syn_c6bb9b0b7fc676c3f6005dcf8489ce2f,syn_04e14bb2ba3ef2f338b787a065feb029,FEASIBLE,0.0,1.0,EXPLOITATION,1
public_05,public_05_day_22,22,syn_ddffc7d6a417e25916ed2eab0982b3c8,syn_20015b9f913e9730ed42ef967dc1d64e,FEASIBLE,0.0,1.0,EXPLOITATION,1
public_05,public_05_day_22,22,syn_0766aba8ddd61a47df3dbb63375de874,syn_ae494b453b2b66f7bbd82e220000b1f3,FEASIBLE,0.0,1.0,EXPLOITATION,1
public_05,public_05_day_22,22,syn_36b3b69ccaea82d40d69f92264d42798,syn_bb7b6073c8216ea13025eadbfeb27f2c,FEASIBLE,0.0,1.0,EXPLOITATION,1
public_05,public_05_day_22,22,syn_1ab52096a2599eef55733d91101816d8,syn_21b698c1e3f90d1bd65d6ad2d9ef441f,FEASIBLE,0.0,1.0,EXPLOITATION,1
public_05,public_05_day_22,22,syn_0e10d543d7c883b4d5fe21bb13c7d538,syn_5bebeccf17480908bbd31f4c4aac6692,FEASIBLE,0.0,1.0,EXPLOITATION,1
public_05,public_05_day_22,22,syn_a6346867188be48c086974c8aa3d5967,syn_3874834f8c41d2239a31fdac33f50e4a,FEASIBLE,0.0,1.0,EXPLOITATION,1
public_05,public_05_day_22,22,syn_a624629294f6a7e9435457352ce33a91,syn_0c8744e4024204f6c04a07e714258d47,FEASIBLE,0.0,1.0,EXPLOITATION,1
public_05,public_05_day_22,22,syn_f52d998f7b3adeed3355e5e1ddd5221d,syn_4a30986e184de09da4d488e6dc42ec50,FEASIBLE,0.5499999999999999,1.0,EXPLOITATION,0
public_05,public_05_day_22,22,syn_3629e30d62cfc4882e782ef72b076973,syn_f52d998f7b3adeed3355e5e1ddd5221d,FEASIBLE,0.4,1.0,EXPLORATION,0
public_05,public_05_day_22,22,syn_daae70040111edbb049035d2a01a3d36,syn_d14e8e3bc349a408cacb453a7abffef8,FEASIBLE,0.35,1.0,EXPLOITATION,0
public_05,public_05_day_22,22,syn_ed73a5ffcde32d3d29c33a9428f04344,syn_e6b57e07ceafd25bccb206402eb52056,FEASIBLE,0.25,1.0,EXPLOITATION,0
public_05,public_05_day_22,22,syn_0cf9e38720b54f715da4f4930ee5b602,syn_f52d998f7b3adeed3355e5e1ddd5221d,FEASIBLE,0.15000000000000002,1.0,EXPLORATION,0
public_05,public_05_day_22,22,syn_e00e10705d734ac68710874d558dc113,syn_f52d998f7b3adeed3355e5e1ddd5221d,FEASIBLE,0.1,1.0,EXPLORATION,0
public_05,public_05_day_22,22,syn_b6369e410635234f5beb89e67f56ad47,syn_157edf54df236ac31689f77dc50f5ff1,FEASIBLE,0.0,1.0,EXPLOITATION,0
public_05,public_05_day_22,22,syn_b6369e410635234f5beb89e67f56ad47,syn_db312ab6c0a68a9e3f8205fb47155607,FEASIBLE,0.0,1.0,EXPLOITATION,0
public_05,public_05_day_22,22,syn_2f057a3c05913d701d608a8b13727219,syn_8f15f01517ad9b1f664750c54ede74a8,FEASIBLE,0.0,1.0,EXPLOITATION,0
public_05,public_05_day_22,22,syn_ed73a5ffcde32d3d29c33a9428f04344,syn_ae494b453b2b66f7bbd82e220000b1f3,FEASIBLE,0.0,1.0,EXPLOITATION,0
public_05,public_05_day_22,22,syn_4f070b9e8e1937e0c4f475679f709212,syn_8764c010aa61f8a9ccfb46ff1fa0b580,FEASIBLE,0.0,1.0,EXPLOITATION,0
public_05,public_05_day_22,22,syn_955a8bdca2d80121eeda9df1c5b47f0d,syn_bcb4cd3462c6c653b18dbb6457218610,FEASIBLE,0.0,1.0,EXPLOITATION,0
public_05,public_05_day_22,22,syn_4a7b247271af5287477fd12588891a87,syn_f52d998f7b3adeed3355e5e1ddd5221d,FEASIBLE,0.0,1.0,EXPLOITATION,0
public_05,public_05_day_22,22,syn_e00e10705d734ac68710874d558dc113,syn_57075763fca69b7e34ab38ec4ef39c2c,FEASIBLE,0.0,1.0,EXPLOITATION,0
public_05,public_05_day_22,22,syn_e00e10705d734ac68710874d558dc113,syn_e6b57e07ceafd25bccb206402eb52056,FEASIBLE,0.0,1.0,EXPLOITATION,0
public_05,public_05_day_22,22,syn_f52d998f7b3adeed3355e5e1ddd5221d,syn_59ff3e1be8b80799f03c9a0adcc9a8f7,FEASIBLE,0.0,1.0,EXPLORATION,0
public_05,public_05_day_22,22,syn_f52d998f7b3adeed3355e5e1ddd5221d,syn_04e14bb2ba3ef2f338b787a065feb029,FEASIBLE,0.0,1.0,EXPLOITATION,0
public_05,public_05_day_22,22,syn_f52d998f7b3adeed3355e5e1ddd5221d,syn_d14e8e3bc349a408cacb453a7abffef8,FEASIBLE,0.0,1.0,EXPLORATION,0
public_05,public_05_day_22,22,syn_f52d998f7b3adeed3355e5e1ddd5221d,syn_d3e2d8f77d4d02c0acbb83cb17567a95,FEASIBLE,0.0,1.0,EXPLOITATION,0
public_05,public_05_day_22,22,syn_59ff3e1be8b80799f03c9a0adcc9a8f7,syn_04e14bb2ba3ef2f338b787a065feb029,FEASIBLE,0.0,1.0,EXPLORATION,0
public_05,public_05_day_22,22,syn_04e14bb2ba3ef2f338b787a065feb029,syn_f8eb160de9f82987145dcf9bd6c14111,FEASIBLE,0.0,1.0,EXPLOITATION,0
public_05,public_05_day_22,22,syn_04e14bb2ba3ef2f338b787a065feb029,syn_841449c5ffad42316e8555e53d6ee113,FEASIBLE,0.0,1.0,EXPLOITATION,0
public_05,public_05_day_22,22,syn_04e14bb2ba3ef2f338b787a065feb029,syn_0c8744e4024204f6c04a07e714258d47,FEASIBLE,0.0,1.0,EXPLOITATION,0
public_05,public_05_day_22,22,syn_bb7b6073c8216ea13025eadbfeb27f2c,syn_ea8329bfa41c9122f997b0665abb1eef,FEASIBLE,0.0,1.0,EXPLORATION,0
public_05,public_05_day_22,22,syn_d14e8e3bc349a408cacb453a7abffef8,syn_57075763fca69b7e34ab38ec4ef39c2c,FEASIBLE,0.0,1.0,EXPLOITATION,0
public_05,public_05_day_22,22,syn_d14e8e3bc349a408cacb453a7abffef8,syn_8f15f01517ad9b1f664750c54ede74a8,FEASIBLE,0.0,1.0,EXPLOITATION,0
public_05,public_05_day_22,22,syn_d14e8e3bc349a408cacb453a7abffef8,syn_e6b57e07ceafd25bccb206402eb52056,FEASIBLE,0.0,1.0,EXPLOITATION,0
public_05,public_05_day_22,22,syn_0e10d543d7c883b4d5fe21bb13c7d538,syn_18f948424eec53d257c5c8d8112eb9d1,FEASIBLE,0.0,1.0,EXPLOITATION,0
public_05,public_05_day_22,22,syn_4e4f8a89ffdf53a7a00e056676176947,syn_8764c010aa61f8a9ccfb46ff1fa0b580,FEASIBLE,0.0,1.0,EXPLOITATION,0
public_05,public_05_day_23,23,syn_2455179885e7a5cdd0d701736adad366,syn_d28061e75589e2ff0d7526ffe3542260,FEASIBLE,1.0,1.0,EXPLOITATION,1
public_05,public_05_day_23,23,syn_f52d998f7b3adeed3355e5e1ddd5221d,syn_f8eb160de9f82987145dcf9bd6c14111,FEASIBLE,0.85,1.0,EXPLOITATION,1
public_05,public_05_day_23,23,syn_ed73a5ffcde32d3d29c33a9428f04344,syn_75273d30606bde7fe1c8835426415983,FEASIBLE,0.65,1.0,EXPLOITATION,1
public_05,public_05_day_23,23,syn_23170a23564440a1d4402bade96fbeaa,syn_7e4f49ce22a2dc79ca61ba0bc89f0f82,FEASIBLE,0.55,1.0,EXPLOITATION,1
public_05,public_05_day_23,23,syn_a242f7d8327c808790c0d4811d284b0f,syn_e6b57e07ceafd25bccb206402eb52056,FEASIBLE,0.25,1.0,EXPLOITATION,1
public_05,public_05_day_23,23,syn_eada6f0a34c5cf0b2f06296178a0c151,syn_f6dd627d1108f9a47392d79f0b9097f5,FEASIBLE,0.15,1.0,EXPLOITATION,1
public_05,public_05_day_23,23,syn_e4fef32cad521b8353e4ea2998891934,syn_221878d393f071a58d95cb551a7526b0,FEASIBLE,0.0,1.0,EXPLOITATION,1
public_05,public_05_day_23,23,syn_b6369e410635234f5beb89e67f56ad47,syn_6c730c5a5781af7f9e2b80ea146f1771,FEASIBLE,0.0,1.0,EXPLOITATION,1
public_05,public_05_day_23,23,syn_2f057a3c05913d701d608a8b13727219,syn_8f15f01517ad9b1f664750c54ede74a8,FEASIBLE,0.0,1.0,EXPLOITATION,1
public_05,public_05_day_23,23,syn_4f070b9e8e1937e0c4f475679f709212,syn_4e4f8a89ffdf53a7a00e056676176947,FEASIBLE,0.0,1.0,EXPLOITATION,1
public_05,public_05_day_23,23,syn_32431bcfe5fcb7cce07e8b444d497c9c,syn_3788539c7c8062cd932e2b427024d8ea,FEASIBLE,0.0,1.0,EXPLOITATION,1
public_05,public_05_day_23,23,syn_955a8bdca2d80121eeda9df1c5b47f0d,syn_3ff803cc4309f41eb7e9181d17112507,FEASIBLE,0.0,1.0,EXPLOITATION,1
public_05,public_05_day_23,23,syn_3629e30d62cfc4882e782ef72b076973,syn_d3e2d8f77d4d02c0acbb83cb17567a95,FEASIBLE,0.0,1.0,EXPLOITATION,1
public_05,public_05_day_23,23,syn_c6bb9b0b7fc676c3f6005dcf8489ce2f,syn_04e14bb2ba3ef2f338b787a065feb029,FEASIBLE,0.0,1.0,EXPLOITATION,1
public_05,public_05_day_23,23,syn_ddffc7d6a417e25916ed2eab0982b3c8,syn_20015b9f913e9730ed42ef967dc1d64e,FEASIBLE,0.0,1.0,EXPLOITATION,1
public_05,public_05_day_23,23,syn_0766aba8ddd61a47df3dbb63375de874,syn_ae494b453b2b66f7bbd82e220000b1f3,FEASIBLE,0.0,1.0,EXPLOITATION,1
public_05,public_05_day_23,23,syn_e00e10705d734ac68710874d558dc113,syn_57075763fca69b7e34ab38ec4ef39c2c,FEASIBLE,0.0,1.0,EXPLOITATION,1
public_05,public_05_day_23,23,syn_36b3b69ccaea82d40d69f92264d42798,syn_bb7b6073c8216ea13025eadbfeb27f2c,FEASIBLE,0.0,1.0,EXPLOITATION,1
public_05,public_05_day_23,23,syn_1ab52096a2599eef55733d91101816d8,syn_21b698c1e3f90d1bd65d6ad2d9ef441f,FEASIBLE,0.0,1.0,EXPLOITATION,1
public_05,public_05_day_23,23,syn_0e10d543d7c883b4d5fe21bb13c7d538,syn_5bebeccf17480908bbd31f4c4aac6692,FEASIBLE,0.0,1.0,EXPLOITATION,1
public_05,public_05_day_23,23,syn_a6346867188be48c086974c8aa3d5967,syn_3874834f8c41d2239a31fdac33f50e4a,FEASIBLE,0.0,1.0,EXPLOITATION,1
public_05,public_05_day_23,23,syn_a624629294f6a7e9435457352ce33a91,syn_0c8744e4024204f6c04a07e714258d47,FEASIBLE,0.0,1.0,EXPLOITATION,1
public_05,public_05_day_23,23,syn_f52d998f7b3adeed3355e5e1ddd5221d,syn_4a30986e184de09da4d488e6dc42ec50,FEASIBLE,0.5499999999999999,1.0,EXPLOITATION,0
public_05,public_05_day_23,23,syn_3629e30d62cfc4882e782ef72b076973,syn_f52d998f7b3adeed3355e5e1ddd5221d,FEASIBLE,0.4,1.0,EXPLORATION,0
public_05,public_05_day_23,23,syn_ed73a5ffcde32d3d29c33a9428f04344,syn_e6b57e07ceafd25bccb206402eb52056,FEASIBLE,0.25,1.0,EXPLOITATION,0
public_05,public_05_day_23,23,syn_0cf9e38720b54f715da4f4930ee5b602,syn_f52d998f7b3adeed3355e5e1ddd5221d,FEASIBLE,0.15000000000000002,1.0,EXPLORATION,0
public_05,public_05_day_23,23,syn_e00e10705d734ac68710874d558dc113,syn_f52d998f7b3adeed3355e5e1ddd5221d,FEASIBLE,0.1,1.0,EXPLORATION,0
public_05,public_05_day_23,23,syn_b6369e410635234f5beb89e67f56ad47,syn_db312ab6c0a68a9e3f8205fb47155607,FEASIBLE,0.0,1.0,EXPLOITATION,0
public_05,public_05_day_23,23,syn_ed73a5ffcde32d3d29c33a9428f04344,syn_ae494b453b2b66f7bbd82e220000b1f3,FEASIBLE,0.0,1.0,EXPLOITATION,0
public_05,public_05_day_23,23,syn_4f070b9e8e1937e0c4f475679f709212,syn_8764c010aa61f8a9ccfb46ff1fa0b580,FEASIBLE,0.0,1.0,EXPLOITATION,0
public_05,public_05_day_23,23,syn_955a8bdca2d80121eeda9df1c5b47f0d,syn_bcb4cd3462c6c653b18dbb6457218610,FEASIBLE,0.0,1.0,EXPLOITATION,0
public_05,public_05_day_23,23,syn_4a7b247271af5287477fd12588891a87,syn_f52d998f7b3adeed3355e5e1ddd5221d,FEASIBLE,0.0,1.0,EXPLOITATION,0
public_05,public_05_day_23,23,syn_e00e10705d734ac68710874d558dc113,syn_e6b57e07ceafd25bccb206402eb52056,FEASIBLE,0.0,1.0,EXPLOITATION,0
public_05,public_05_day_23,23,syn_f52d998f7b3adeed3355e5e1ddd5221d,syn_59ff3e1be8b80799f03c9a0adcc9a8f7,FEASIBLE,0.0,1.0,EXPLORATION,0
public_05,public_05_day_23,23,syn_f52d998f7b3adeed3355e5e1ddd5221d,syn_04e14bb2ba3ef2f338b787a065feb029,FEASIBLE,0.0,1.0,EXPLOITATION,0
public_05,public_05_day_23,23,syn_f52d998f7b3adeed3355e5e1ddd5221d,syn_d3e2d8f77d4d02c0acbb83cb17567a95,FEASIBLE,0.0,1.0,EXPLOITATION,0
public_05,public_05_day_23,23,syn_59ff3e1be8b80799f03c9a0adcc9a8f7,syn_04e14bb2ba3ef2f338b787a065feb029,FEASIBLE,0.0,1.0,EXPLORATION,0
public_05,public_05_day_23,23,syn_04e14bb2ba3ef2f338b787a065feb029,syn_f8eb160de9f82987145dcf9bd6c14111,FEASIBLE,0.0,1.0,EXPLOITATION,0
public_05,public_05_day_23,23,syn_04e14bb2ba3ef2f338b787a065feb029,syn_841449c5ffad42316e8555e53d6ee113,FEASIBLE,0.0,1.0,EXPLOITATION,0
public_05,public_05_day_23,23,syn_04e14bb2ba3ef2f338b787a065feb029,syn_0c8744e4024204f6c04a07e714258d47,FEASIBLE,0.0,1.0,EXPLOITATION,0
public_05,public_05_day_23,23,syn_bb7b6073c8216ea13025eadbfeb27f2c,syn_ea8329bfa41c9122f997b0665abb1eef,FEASIBLE,0.0,1.0,EXPLORATION,0
public_05,public_05_day_23,23,syn_0e10d543d7c883b4d5fe21bb13c7d538,syn_18f948424eec53d257c5c8d8112eb9d1,FEASIBLE,0.0,1.0,EXPLOITATION,0
public_05,public_05_day_23,23,syn_4e4f8a89ffdf53a7a00e056676176947,syn_8764c010aa61f8a9ccfb46ff1fa0b580,FEASIBLE,0.0,1.0,EXPLOITATION,0
public_05,public_05_day_24,24,syn_2455179885e7a5cdd0d701736adad366,syn_d28061e75589e2ff0d7526ffe3542260,FEASIBLE,1.0,1.0,EXPLOITATION,1
public_05,public_05_day_24,24,syn_23170a23564440a1d4402bade96fbeaa,syn_7e4f49ce22a2dc79ca61ba0bc89f0f82,FEASIBLE,0.55,1.0,EXPLOITATION,1
public_05,public_05_day_24,24,syn_b30ea3f02d38b8923b5460bfef0e7833,syn_0cc07e96f676a5d559cbc5e653e33702,FEASIBLE,0.5,1.0,EXPLOITATION,1
public_05,public_05_day_24,24,syn_a242f7d8327c808790c0d4811d284b0f,syn_e6b57e07ceafd25bccb206402eb52056,FEASIBLE,0.25,1.0,EXPLOITATION,1
public_05,public_05_day_24,24,syn_6b7eb0df5039395a52a881574eeade11,syn_c5c234be2d2b17c85df8a1f1080fca59,FEASIBLE,0.15000000000000002,1.0,EXPLORATION,1
public_05,public_05_day_24,24,syn_eada6f0a34c5cf0b2f06296178a0c151,syn_f6dd627d1108f9a47392d79f0b9097f5,FEASIBLE,0.15,1.0,EXPLOITATION,1
public_05,public_05_day_24,24,syn_e4fef32cad521b8353e4ea2998891934,syn_221878d393f071a58d95cb551a7526b0,FEASIBLE,0.0,1.0,EXPLOITATION,1
public_05,public_05_day_24,24,syn_d972a517765f7d71a85724b9e4c75331,syn_5863c08fc3f248b07a841a4d6511e6fc,FEASIBLE,0.0,1.0,EXPLOITATION,1
public_05,public_05_day_24,24,syn_b6369e410635234f5beb89e67f56ad47,syn_6c730c5a5781af7f9e2b80ea146f1771,FEASIBLE,0.0,1.0,EXPLOITATION,1
public_05,public_05_day_24,24,syn_2f057a3c05913d701d608a8b13727219,syn_8f15f01517ad9b1f664750c54ede74a8,FEASIBLE,0.0,1.0,EXPLOITATION,1
public_05,public_05_day_24,24,syn_32431bcfe5fcb7cce07e8b444d497c9c,syn_3788539c7c8062cd932e2b427024d8ea,FEASIBLE,0.0,1.0,EXPLOITATION,1
public_05,public_05_day_24,24,syn_955a8bdca2d80121eeda9df1c5b47f0d,syn_3ff803cc4309f41eb7e9181d17112507,FEASIBLE,0.0,1.0,EXPLOITATION,1
public_05,public_05_day_24,24,syn_c6bb9b0b7fc676c3f6005dcf8489ce2f,syn_04e14bb2ba3ef2f338b787a065feb029,FEASIBLE,0.0,1.0,EXPLOITATION,1
public_05,public_05_day_24,24,syn_ddffc7d6a417e25916ed2eab0982b3c8,syn_20015b9f913e9730ed42ef967dc1d64e,FEASIBLE,0.0,1.0,EXPLOITATION,1
public_05,public_05_day_24,24,syn_0766aba8ddd61a47df3dbb63375de874,syn_ae494b453b2b66f7bbd82e220000b1f3,FEASIBLE,0.0,1.0,EXPLOITATION,1
public_05,public_05_day_24,24,syn_36b3b69ccaea82d40d69f92264d42798,syn_bb7b6073c8216ea13025eadbfeb27f2c,FEASIBLE,0.0,1.0,EXPLOITATION,1
public_05,public_05_day_24,24,syn_1ab52096a2599eef55733d91101816d8,syn_21b698c1e3f90d1bd65d6ad2d9ef441f,FEASIBLE,0.0,1.0,EXPLOITATION,1
public_05,public_05_day_24,24,syn_0e10d543d7c883b4d5fe21bb13c7d538,syn_5bebeccf17480908bbd31f4c4aac6692,FEASIBLE,0.0,1.0,EXPLOITATION,1
public_05,public_05_day_24,24,syn_a6346867188be48c086974c8aa3d5967,syn_3874834f8c41d2239a31fdac33f50e4a,FEASIBLE,0.0,1.0,EXPLOITATION,1
public_05,public_05_day_24,24,syn_a624629294f6a7e9435457352ce33a91,syn_0c8744e4024204f6c04a07e714258d47,FEASIBLE,0.0,1.0,EXPLOITATION,1
public_05,public_05_day_24,24,syn_6b7eb0df5039395a52a881574eeade11,syn_b30ea3f02d38b8923b5460bfef0e7833,FEASIBLE,0.44999999999999996,1.0,EXPLORATION,0
public_05,public_05_day_24,24,syn_d972a517765f7d71a85724b9e4c75331,syn_491d2caa03074de80577fcadbbb7619c,FEASIBLE,0.0,1.0,EXPLOITATION,0
public_05,public_05_day_24,24,syn_d972a517765f7d71a85724b9e4c75331,syn_578b39a83f01b0166432cb202fd75c89,FEASIBLE,0.0,1.0,EXPLORATION,0
public_05,public_05_day_24,24,syn_b6369e410635234f5beb89e67f56ad47,syn_db312ab6c0a68a9e3f8205fb47155607,FEASIBLE,0.0,1.0,EXPLOITATION,0
public_05,public_05_day_24,24,syn_955a8bdca2d80121eeda9df1c5b47f0d,syn_bcb4cd3462c6c653b18dbb6457218610,FEASIBLE,0.0,1.0,EXPLOITATION,0
public_05,public_05_day_24,24,syn_59ff3e1be8b80799f03c9a0adcc9a8f7,syn_04e14bb2ba3ef2f338b787a065feb029,FEASIBLE,0.0,1.0,EXPLORATION,0
public_05,public_05_day_24,24,syn_04e14bb2ba3ef2f338b787a065feb029,syn_f8eb160de9f82987145dcf9bd6c14111,FEASIBLE,0.0,1.0,EXPLOITATION,0
public_05,public_05_day_24,24,syn_04e14bb2ba3ef2f338b787a065feb029,syn_841449c5ffad42316e8555e53d6ee113,FEASIBLE,0.0,1.0,EXPLOITATION,0
public_05,public_05_day_24,24,syn_04e14bb2ba3ef2f338b787a065feb029,syn_0c8744e4024204f6c04a07e714258d47,FEASIBLE,0.0,1.0,EXPLOITATION,0
public_05,public_05_day_24,24,syn_bb7b6073c8216ea13025eadbfeb27f2c,syn_ea8329bfa41c9122f997b0665abb1eef,FEASIBLE,0.0,1.0,EXPLORATION,0
public_05,public_05_day_24,24,syn_0e10d543d7c883b4d5fe21bb13c7d538,syn_18f948424eec53d257c5c8d8112eb9d1,FEASIBLE,0.0,1.0,EXPLOITATION,0
public_05,public_05_day_25,25,syn_2f057a3c05913d701d608a8b13727219,syn_d14e8e3bc349a408cacb453a7abffef8,FEASIBLE,1.0,1.0,EXPLOITATION,1
public_05,public_05_day_25,25,syn_2455179885e7a5cdd0d701736adad366,syn_d28061e75589e2ff0d7526ffe3542260,FEASIBLE,1.0,1.0,EXPLOITATION,1
public_05,public_05_day_25,25,syn_23170a23564440a1d4402bade96fbeaa,syn_7e4f49ce22a2dc79ca61ba0bc89f0f82,FEASIBLE,0.55,1.0,EXPLOITATION,1
public_05,public_05_day_25,25,syn_b30ea3f02d38b8923b5460bfef0e7833,syn_0cc07e96f676a5d559cbc5e653e33702,FEASIBLE,0.5,1.0,EXPLOITATION,1
public_05,public_05_day_25,25,syn_a242f7d8327c808790c0d4811d284b0f,syn_e6b57e07ceafd25bccb206402eb52056,FEASIBLE,0.25,1.0,EXPLOITATION,1
public_05,public_05_day_25,25,syn_d1ce45f75d93596c81ae980e72fec48f,syn_6386031efeb54abdfa96637beb180642,FEASIBLE,0.2,1.0,EXPLORATION,1
public_05,public_05_day_25,25,syn_6b7eb0df5039395a52a881574eeade11,syn_c5c234be2d2b17c85df8a1f1080fca59,FEASIBLE,0.15000000000000002,1.0,EXPLOITATION,1
public_05,public_05_day_25,25,syn_eada6f0a34c5cf0b2f06296178a0c151,syn_f6dd627d1108f9a47392d79f0b9097f5,FEASIBLE,0.15,1.0,EXPLOITATION,1
public_05,public_05_day_25,25,syn_e4fef32cad521b8353e4ea2998891934,syn_221878d393f071a58d95cb551a7526b0,FEASIBLE,0.0,1.0,EXPLOITATION,1
public_05,public_05_day_25,25,syn_d972a517765f7d71a85724b9e4c75331,syn_5863c08fc3f248b07a841a4d6511e6fc,FEASIBLE,0.0,1.0,EXPLOITATION,1
public_05,public_05_day_25,25,syn_b6369e410635234f5beb89e67f56ad47,syn_6c730c5a5781af7f9e2b80ea146f1771,FEASIBLE,0.0,1.0,EXPLOITATION,1
public_05,public_05_day_25,25,syn_32431bcfe5fcb7cce07e8b444d497c9c,syn_3788539c7c8062cd932e2b427024d8ea,FEASIBLE,0.0,1.0,EXPLOITATION,1
public_05,public_05_day_25,25,syn_955a8bdca2d80121eeda9df1c5b47f0d,syn_3ff803cc4309f41eb7e9181d17112507,FEASIBLE,0.0,1.0,EXPLOITATION,1
public_05,public_05_day_25,25,syn_ddffc7d6a417e25916ed2eab0982b3c8,syn_20015b9f913e9730ed42ef967dc1d64e,FEASIBLE,0.0,1.0,EXPLOITATION,1
public_05,public_05_day_25,25,syn_0766aba8ddd61a47df3dbb63375de874,syn_ae494b453b2b66f7bbd82e220000b1f3,FEASIBLE,0.0,1.0,EXPLOITATION,1
public_05,public_05_day_25,25,syn_36b3b69ccaea82d40d69f92264d42798,syn_bb7b6073c8216ea13025eadbfeb27f2c,FEASIBLE,0.0,1.0,EXPLOITATION,1
public_05,public_05_day_25,25,syn_1ab52096a2599eef55733d91101816d8,syn_21b698c1e3f90d1bd65d6ad2d9ef441f,FEASIBLE,0.0,1.0,EXPLOITATION,1
public_05,public_05_day_25,25,syn_0e10d543d7c883b4d5fe21bb13c7d538,syn_5bebeccf17480908bbd31f4c4aac6692,FEASIBLE,0.0,1.0,EXPLOITATION,1
public_05,public_05_day_25,25,syn_6b7eb0df5039395a52a881574eeade11,syn_b30ea3f02d38b8923b5460bfef0e7833,FEASIBLE,0.44999999999999996,1.0,EXPLORATION,0
public_05,public_05_day_25,25,syn_daae70040111edbb049035d2a01a3d36,syn_d14e8e3bc349a408cacb453a7abffef8,FEASIBLE,0.35,1.0,EXPLOITATION,0
public_05,public_05_day_25,25,syn_d972a517765f7d71a85724b9e4c75331,syn_491d2caa03074de80577fcadbbb7619c,FEASIBLE,0.0,1.0,EXPLOITATION,0
public_05,public_05_day_25,25,syn_d972a517765f7d71a85724b9e4c75331,syn_578b39a83f01b0166432cb202fd75c89,FEASIBLE,0.0,1.0,EXPLORATION,0
public_05,public_05_day_25,25,syn_b6369e410635234f5beb89e67f56ad47,syn_db312ab6c0a68a9e3f8205fb47155607,FEASIBLE,0.0,1.0,EXPLOITATION,0
public_05,public_05_day_25,25,syn_2f057a3c05913d701d608a8b13727219,syn_8f15f01517ad9b1f664750c54ede74a8,FEASIBLE,0.0,1.0,EXPLOITATION,0
public_05,public_05_day_25,25,syn_955a8bdca2d80121eeda9df1c5b47f0d,syn_bcb4cd3462c6c653b18dbb6457218610,FEASIBLE,0.0,1.0,EXPLOITATION,0
public_05,public_05_day_25,25,syn_4a7b247271af5287477fd12588891a87,syn_d1ce45f75d93596c81ae980e72fec48f,FEASIBLE,0.0,1.0,EXPLORATION,0
public_05,public_05_day_25,25,syn_4a7b247271af5287477fd12588891a87,syn_6386031efeb54abdfa96637beb180642,FEASIBLE,0.0,1.0,EXPLOITATION,0
public_05,public_05_day_25,25,syn_59ff3e1be8b80799f03c9a0adcc9a8f7,syn_d1ce45f75d93596c81ae980e72fec48f,FEASIBLE,0.0,1.0,EXPLORATION,0
public_05,public_05_day_25,25,syn_59ff3e1be8b80799f03c9a0adcc9a8f7,syn_6386031efeb54abdfa96637beb180642,FEASIBLE,0.0,1.0,EXPLORATION,0
public_05,public_05_day_25,25,syn_bb7b6073c8216ea13025eadbfeb27f2c,syn_ea8329bfa41c9122f997b0665abb1eef,FEASIBLE,0.0,1.0,EXPLORATION,0
public_05,public_05_day_25,25,syn_d1ce45f75d93596c81ae980e72fec48f,syn_d01ad0eb624507f7e0acfcf4b966fd87,FEASIBLE,0.0,1.0,EXPLOITATION,0
public_05,public_05_day_25,25,syn_d14e8e3bc349a408cacb453a7abffef8,syn_8f15f01517ad9b1f664750c54ede74a8,FEASIBLE,0.0,1.0,EXPLOITATION,0
public_05,public_05_day_25,25,syn_d14e8e3bc349a408cacb453a7abffef8,syn_e6b57e07ceafd25bccb206402eb52056,FEASIBLE,0.0,1.0,EXPLOITATION,0
public_05,public_05_day_25,25,syn_0e10d543d7c883b4d5fe21bb13c7d538,syn_18f948424eec53d257c5c8d8112eb9d1,FEASIBLE,0.0,1.0,EXPLOITATION,0
public_05,public_05_day_26,26,syn_2f057a3c05913d701d608a8b13727219,syn_d14e8e3bc349a408cacb453a7abffef8,FEASIBLE,1.0,1.0,EXPLOITATION,1
public_05,public_05_day_26,26,syn_f52d998f7b3adeed3355e5e1ddd5221d,syn_f8eb160de9f82987145dcf9bd6c14111,FEASIBLE,0.85,1.0,EXPLOITATION,1
public_05,public_05_day_26,26,syn_23170a23564440a1d4402bade96fbeaa,syn_7e4f49ce22a2dc79ca61ba0bc89f0f82,FEASIBLE,0.55,1.0,EXPLOITATION,1
public_05,public_05_day_26,26,syn_b30ea3f02d38b8923b5460bfef0e7833,syn_0cc07e96f676a5d559cbc5e653e33702,FEASIBLE,0.5,1.0,EXPLOITATION,1
public_05,public_05_day_26,26,syn_a242f7d8327c808790c0d4811d284b0f,syn_e6b57e07ceafd25bccb206402eb52056,FEASIBLE,0.25,1.0,EXPLOITATION,1
public_05,public_05_day_26,26,syn_d1ce45f75d93596c81ae980e72fec48f,syn_6386031efeb54abdfa96637beb180642,FEASIBLE,0.2,1.0,EXPLOITATION,1
public_05,public_05_day_26,26,syn_6b7eb0df5039395a52a881574eeade11,syn_c5c234be2d2b17c85df8a1f1080fca59,FEASIBLE,0.15000000000000002,1.0,EXPLOITATION,1
public_05,public_05_day_26,26,syn_eada6f0a34c5cf0b2f06296178a0c151,syn_f6dd627d1108f9a47392d79f0b9097f5,FEASIBLE,0.15,1.0,EXPLOITATION,1
public_05,public_05_day_26,26,syn_e4fef32cad521b8353e4ea2998891934,syn_221878d393f071a58d95cb551a7526b0,FEASIBLE,0.0,1.0,EXPLOITATION,1
public_05,public_05_day_26,26,syn_d972a517765f7d71a85724b9e4c75331,syn_5863c08fc3f248b07a841a4d6511e6fc,FEASIBLE,0.0,1.0,EXPLOITATION,1
public_05,public_05_day_26,26,syn_b6369e410635234f5beb89e67f56ad47,syn_6c730c5a5781af7f9e2b80ea146f1771,FEASIBLE,0.0,1.0,EXPLOITATION,1
public_05,public_05_day_26,26,syn_32431bcfe5fcb7cce07e8b444d497c9c,syn_3788539c7c8062cd932e2b427024d8ea,FEASIBLE,0.0,1.0,EXPLOITATION,1
public_05,public_05_day_26,26,syn_955a8bdca2d80121eeda9df1c5b47f0d,syn_3ff803cc4309f41eb7e9181d17112507,FEASIBLE,0.0,1.0,EXPLOITATION,1
public_05,public_05_day_26,26,syn_3629e30d62cfc4882e782ef72b076973,syn_d3e2d8f77d4d02c0acbb83cb17567a95,FEASIBLE,0.0,1.0,EXPLOITATION,1
public_05,public_05_day_26,26,syn_ddffc7d6a417e25916ed2eab0982b3c8,syn_20015b9f913e9730ed42ef967dc1d64e,FEASIBLE,0.0,1.0,EXPLOITATION,1
public_05,public_05_day_26,26,syn_0766aba8ddd61a47df3dbb63375de874,syn_ae494b453b2b66f7bbd82e220000b1f3,FEASIBLE,0.0,1.0,EXPLOITATION,1
public_05,public_05_day_26,26,syn_4da096510159e7ed67bcea8df1fd9276,syn_6dfa6319d5843197875fd20f90b4f507,FEASIBLE,0.0,1.0,EXPLOITATION,1
public_05,public_05_day_26,26,syn_36b3b69ccaea82d40d69f92264d42798,syn_bb7b6073c8216ea13025eadbfeb27f2c,FEASIBLE,0.0,1.0,EXPLOITATION,1
public_05,public_05_day_26,26,syn_1ab52096a2599eef55733d91101816d8,syn_21b698c1e3f90d1bd65d6ad2d9ef441f,FEASIBLE,0.0,1.0,EXPLOITATION,1
public_05,public_05_day_26,26,syn_0e10d543d7c883b4d5fe21bb13c7d538,syn_5bebeccf17480908bbd31f4c4aac6692,FEASIBLE,0.0,1.0,EXPLOITATION,1
public_05,public_05_day_26,26,syn_f52d998f7b3adeed3355e5e1ddd5221d,syn_d1ce45f75d93596c81ae980e72fec48f,FEASIBLE,0.7,1.0,EXPLOITATION,0
public_05,public_05_day_26,26,syn_f52d998f7b3adeed3355e5e1ddd5221d,syn_4a30986e184de09da4d488e6dc42ec50,FEASIBLE,0.5499999999999999,1.0,EXPLOITATION,0
public_05,public_05_day_26,26,syn_6b7eb0df5039395a52a881574eeade11,syn_b30ea3f02d38b8923b5460bfef0e7833,FEASIBLE,0.44999999999999996,1.0,EXPLORATION,0
public_05,public_05_day_26,26,syn_3629e30d62cfc4882e782ef72b076973,syn_f52d998f7b3adeed3355e5e1ddd5221d,FEASIBLE,0.4,1.0,EXPLORATION,0
public_05,public_05_day_26,26,syn_daae70040111edbb049035d2a01a3d36,syn_d14e8e3bc349a408cacb453a7abffef8,FEASIBLE,0.35,1.0,EXPLOITATION,0
public_05,public_05_day_26,26,syn_d972a517765f7d71a85724b9e4c75331,syn_491d2caa03074de80577fcadbbb7619c,FEASIBLE,0.0,1.0,EXPLOITATION,0
public_05,public_05_day_26,26,syn_d972a517765f7d71a85724b9e4c75331,syn_578b39a83f01b0166432cb202fd75c89,FEASIBLE,0.0,1.0,EXPLORATION,0
public_05,public_05_day_26,26,syn_b6369e410635234f5beb89e67f56ad47,syn_db312ab6c0a68a9e3f8205fb47155607,FEASIBLE,0.0,1.0,EXPLOITATION,0
public_05,public_05_day_26,26,syn_2f057a3c05913d701d608a8b13727219,syn_8f15f01517ad9b1f664750c54ede74a8,FEASIBLE,0.0,1.0,EXPLOITATION,0
public_05,public_05_day_26,26,syn_955a8bdca2d80121eeda9df1c5b47f0d,syn_bcb4cd3462c6c653b18dbb6457218610,FEASIBLE,0.0,1.0,EXPLOITATION,0
public_05,public_05_day_26,26,syn_4a7b247271af5287477fd12588891a87,syn_f52d998f7b3adeed3355e5e1ddd5221d,FEASIBLE,0.0,1.0,EXPLOITATION,0
public_05,public_05_day_26,26,syn_4a7b247271af5287477fd12588891a87,syn_d1ce45f75d93596c81ae980e72fec48f,FEASIBLE,0.0,1.0,EXPLORATION,0
public_05,public_05_day_26,26,syn_4a7b247271af5287477fd12588891a87,syn_6386031efeb54abdfa96637beb180642,FEASIBLE,0.0,1.0,EXPLOITATION,0
public_05,public_05_day_26,26,syn_f52d998f7b3adeed3355e5e1ddd5221d,syn_59ff3e1be8b80799f03c9a0adcc9a8f7,FEASIBLE,0.0,1.0,EXPLORATION,0
public_05,public_05_day_26,26,syn_f52d998f7b3adeed3355e5e1ddd5221d,syn_6386031efeb54abdfa96637beb180642,FEASIBLE,0.0,1.0,EXPLOITATION,0
public_05,public_05_day_26,26,syn_f52d998f7b3adeed3355e5e1ddd5221d,syn_d14e8e3bc349a408cacb453a7abffef8,FEASIBLE,0.0,1.0,EXPLORATION,0
public_05,public_05_day_26,26,syn_f52d998f7b3adeed3355e5e1ddd5221d,syn_d01ad0eb624507f7e0acfcf4b966fd87,FEASIBLE,0.0,1.0,EXPLOITATION,0
public_05,public_05_day_26,26,syn_f52d998f7b3adeed3355e5e1ddd5221d,syn_d3e2d8f77d4d02c0acbb83cb17567a95,FEASIBLE,0.0,1.0,EXPLOITATION,0
public_05,public_05_day_26,26,syn_59ff3e1be8b80799f03c9a0adcc9a8f7,syn_d1ce45f75d93596c81ae980e72fec48f,FEASIBLE,0.0,1.0,EXPLORATION,0
public_05,public_05_day_26,26,syn_59ff3e1be8b80799f03c9a0adcc9a8f7,syn_6386031efeb54abdfa96637beb180642,FEASIBLE,0.0,1.0,EXPLORATION,0
public_05,public_05_day_26,26,syn_4da096510159e7ed67bcea8df1fd9276,syn_3874834f8c41d2239a31fdac33f50e4a,FEASIBLE,0.0,1.0,EXPLOITATION,0
public_05,public_05_day_26,26,syn_bb7b6073c8216ea13025eadbfeb27f2c,syn_ea8329bfa41c9122f997b0665abb1eef,FEASIBLE,0.0,1.0,EXPLORATION,0
public_05,public_05_day_26,26,syn_d1ce45f75d93596c81ae980e72fec48f,syn_d01ad0eb624507f7e0acfcf4b966fd87,FEASIBLE,0.0,1.0,EXPLOITATION,0
public_05,public_05_day_26,26,syn_d14e8e3bc349a408cacb453a7abffef8,syn_8f15f01517ad9b1f664750c54ede74a8,FEASIBLE,0.0,1.0,EXPLOITATION,0
public_05,public_05_day_26,26,syn_d14e8e3bc349a408cacb453a7abffef8,syn_e6b57e07ceafd25bccb206402eb52056,FEASIBLE,0.0,1.0,EXPLOITATION,0
public_05,public_05_day_26,26,syn_0e10d543d7c883b4d5fe21bb13c7d538,syn_18f948424eec53d257c5c8d8112eb9d1,FEASIBLE,0.0,1.0,EXPLOITATION,0
public_05,public_05_day_27,27,syn_2f057a3c05913d701d608a8b13727219,syn_d14e8e3bc349a408cacb453a7abffef8,FEASIBLE,1.0,1.0,EXPLOITATION,1
public_05,public_05_day_27,27,syn_f52d998f7b3adeed3355e5e1ddd5221d,syn_f8eb160de9f82987145dcf9bd6c14111,FEASIBLE,0.85,1.0,EXPLOITATION,1
public_05,public_05_day_27,27,syn_67b0f6eb14762eb08d8efed7fa00de7a,syn_6dfa6319d5843197875fd20f90b4f507,FEASIBLE,0.7499999999999999,1.0,EXPLOITATION,1
public_05,public_05_day_27,27,syn_23170a23564440a1d4402bade96fbeaa,syn_7e4f49ce22a2dc79ca61ba0bc89f0f82,FEASIBLE,0.55,1.0,EXPLOITATION,1
public_05,public_05_day_27,27,syn_b30ea3f02d38b8923b5460bfef0e7833,syn_0cc07e96f676a5d559cbc5e653e33702,FEASIBLE,0.5,1.0,EXPLOITATION,1
public_05,public_05_day_27,27,syn_a242f7d8327c808790c0d4811d284b0f,syn_e6b57e07ceafd25bccb206402eb52056,FEASIBLE,0.25,1.0,EXPLOITATION,1
public_05,public_05_day_27,27,syn_6b7eb0df5039395a52a881574eeade11,syn_c5c234be2d2b17c85df8a1f1080fca59,FEASIBLE,0.15000000000000002,1.0,EXPLOITATION,1
public_05,public_05_day_27,27,syn_eada6f0a34c5cf0b2f06296178a0c151,syn_f6dd627d1108f9a47392d79f0b9097f5,FEASIBLE,0.15,1.0,EXPLOITATION,1
public_05,public_05_day_27,27,syn_e4fef32cad521b8353e4ea2998891934,syn_221878d393f071a58d95cb551a7526b0,FEASIBLE,0.0,1.0,EXPLOITATION,1
public_05,public_05_day_27,27,syn_d972a517765f7d71a85724b9e4c75331,syn_5863c08fc3f248b07a841a4d6511e6fc,FEASIBLE,0.0,1.0,EXPLOITATION,1
public_05,public_05_day_27,27,syn_b6369e410635234f5beb89e67f56ad47,syn_6c730c5a5781af7f9e2b80ea146f1771,FEASIBLE,0.0,1.0,EXPLOITATION,1
public_05,public_05_day_27,27,syn_32431bcfe5fcb7cce07e8b444d497c9c,syn_3788539c7c8062cd932e2b427024d8ea,FEASIBLE,0.0,1.0,EXPLOITATION,1
public_05,public_05_day_27,27,syn_955a8bdca2d80121eeda9df1c5b47f0d,syn_3ff803cc4309f41eb7e9181d17112507,FEASIBLE,0.0,1.0,EXPLOITATION,1
public_05,public_05_day_27,27,syn_3629e30d62cfc4882e782ef72b076973,syn_d3e2d8f77d4d02c0acbb83cb17567a95,FEASIBLE,0.0,1.0,EXPLOITATION,1
public_05,public_05_day_27,27,syn_ddffc7d6a417e25916ed2eab0982b3c8,syn_20015b9f913e9730ed42ef967dc1d64e,FEASIBLE,0.0,1.0,EXPLOITATION,1
public_05,public_05_day_27,27,syn_0766aba8ddd61a47df3dbb63375de874,syn_ae494b453b2b66f7bbd82e220000b1f3,FEASIBLE,0.0,1.0,EXPLOITATION,1
public_05,public_05_day_27,27,syn_4da096510159e7ed67bcea8df1fd9276,syn_3874834f8c41d2239a31fdac33f50e4a,FEASIBLE,0.0,1.0,EXPLOITATION,1
public_05,public_05_day_27,27,syn_36b3b69ccaea82d40d69f92264d42798,syn_bb7b6073c8216ea13025eadbfeb27f2c,FEASIBLE,0.0,1.0,EXPLOITATION,1
public_05,public_05_day_27,27,syn_1ab52096a2599eef55733d91101816d8,syn_21b698c1e3f90d1bd65d6ad2d9ef441f,FEASIBLE,0.0,1.0,EXPLOITATION,1
public_05,public_05_day_27,27,syn_0e10d543d7c883b4d5fe21bb13c7d538,syn_5bebeccf17480908bbd31f4c4aac6692,FEASIBLE,0.0,1.0,EXPLOITATION,1
public_05,public_05_day_27,27,syn_f52d998f7b3adeed3355e5e1ddd5221d,syn_4a30986e184de09da4d488e6dc42ec50,FEASIBLE,0.5499999999999999,1.0,EXPLOITATION,0
public_05,public_05_day_27,27,syn_6b7eb0df5039395a52a881574eeade11,syn_b30ea3f02d38b8923b5460bfef0e7833,FEASIBLE,0.44999999999999996,1.0,EXPLORATION,0
public_05,public_05_day_27,27,syn_3629e30d62cfc4882e782ef72b076973,syn_f52d998f7b3adeed3355e5e1ddd5221d,FEASIBLE,0.4,1.0,EXPLORATION,0
public_05,public_05_day_27,27,syn_daae70040111edbb049035d2a01a3d36,syn_d14e8e3bc349a408cacb453a7abffef8,FEASIBLE,0.35,1.0,EXPLOITATION,0
public_05,public_05_day_27,27,syn_d972a517765f7d71a85724b9e4c75331,syn_491d2caa03074de80577fcadbbb7619c,FEASIBLE,0.0,1.0,EXPLOITATION,0
public_05,public_05_day_27,27,syn_d972a517765f7d71a85724b9e4c75331,syn_578b39a83f01b0166432cb202fd75c89,FEASIBLE,0.0,1.0,EXPLORATION,0
public_05,public_05_day_27,27,syn_b6369e410635234f5beb89e67f56ad47,syn_db312ab6c0a68a9e3f8205fb47155607,FEASIBLE,0.0,1.0,EXPLOITATION,0
public_05,public_05_day_27,27,syn_2f057a3c05913d701d608a8b13727219,syn_8f15f01517ad9b1f664750c54ede74a8,FEASIBLE,0.0,1.0,EXPLOITATION,0
public_05,public_05_day_27,27,syn_955a8bdca2d80121eeda9df1c5b47f0d,syn_bcb4cd3462c6c653b18dbb6457218610,FEASIBLE,0.0,1.0,EXPLOITATION,0
public_05,public_05_day_27,27,syn_67b0f6eb14762eb08d8efed7fa00de7a,syn_9b1639c7077b8d46da5a9cfd4b905450,FEASIBLE,0.0,1.0,EXPLORATION,0
public_05,public_05_day_27,27,syn_67b0f6eb14762eb08d8efed7fa00de7a,syn_d01ad0eb624507f7e0acfcf4b966fd87,FEASIBLE,0.0,1.0,EXPLOITATION,0
public_05,public_05_day_27,27,syn_f52d998f7b3adeed3355e5e1ddd5221d,syn_d14e8e3bc349a408cacb453a7abffef8,FEASIBLE,0.0,1.0,EXPLORATION,0
public_05,public_05_day_27,27,syn_f52d998f7b3adeed3355e5e1ddd5221d,syn_d01ad0eb624507f7e0acfcf4b966fd87,FEASIBLE,0.0,1.0,EXPLOITATION,0
public_05,public_05_day_27,27,syn_f52d998f7b3adeed3355e5e1ddd5221d,syn_d3e2d8f77d4d02c0acbb83cb17567a95,FEASIBLE,0.0,1.0,EXPLOITATION,0
public_05,public_05_day_27,27,syn_4da096510159e7ed67bcea8df1fd9276,syn_6dfa6319d5843197875fd20f90b4f507,FEASIBLE,0.0,1.0,EXPLOITATION,0
public_05,public_05_day_27,27,syn_bb7b6073c8216ea13025eadbfeb27f2c,syn_ea8329bfa41c9122f997b0665abb1eef,FEASIBLE,0.0,1.0,EXPLORATION,0
public_05,public_05_day_27,27,syn_d14e8e3bc349a408cacb453a7abffef8,syn_8f15f01517ad9b1f664750c54ede74a8,FEASIBLE,0.0,1.0,EXPLOITATION,0
public_05,public_05_day_27,27,syn_d14e8e3bc349a408cacb453a7abffef8,syn_e6b57e07ceafd25bccb206402eb52056,FEASIBLE,0.0,1.0,EXPLOITATION,0
public_05,public_05_day_27,27,syn_0e10d543d7c883b4d5fe21bb13c7d538,syn_18f948424eec53d257c5c8d8112eb9d1,FEASIBLE,0.0,1.0,EXPLOITATION,0
public_05,public_05_day_28,28,syn_2f057a3c05913d701d608a8b13727219,syn_d14e8e3bc349a408cacb453a7abffef8,FEASIBLE,1.0,1.0,EXPLOITATION,1
public_05,public_05_day_28,28,syn_dc0858337c792155030cc8fbec54eec3,syn_590a56783612729510c25839298559af,FEASIBLE,1.0,1.0,EXPLORATION,1
public_05,public_05_day_28,28,syn_f52d998f7b3adeed3355e5e1ddd5221d,syn_f8eb160de9f82987145dcf9bd6c14111,FEASIBLE,0.85,1.0,EXPLOITATION,1
public_05,public_05_day_28,28,syn_67b0f6eb14762eb08d8efed7fa00de7a,syn_6dfa6319d5843197875fd20f90b4f507,FEASIBLE,0.7499999999999999,1.0,EXPLOITATION,1
public_05,public_05_day_28,28,syn_23170a23564440a1d4402bade96fbeaa,syn_7e4f49ce22a2dc79ca61ba0bc89f0f82,FEASIBLE,0.55,1.0,EXPLOITATION,1
public_05,public_05_day_28,28,syn_b30ea3f02d38b8923b5460bfef0e7833,syn_0cc07e96f676a5d559cbc5e653e33702,FEASIBLE,0.5,1.0,EXPLOITATION,1
public_05,public_05_day_28,28,syn_a242f7d8327c808790c0d4811d284b0f,syn_e6b57e07ceafd25bccb206402eb52056,FEASIBLE,0.25,1.0,EXPLOITATION,1
public_05,public_05_day_28,28,syn_eada6f0a34c5cf0b2f06296178a0c151,syn_f6dd627d1108f9a47392d79f0b9097f5,FEASIBLE,0.15,1.0,EXPLOITATION,1
public_05,public_05_day_28,28,syn_e4fef32cad521b8353e4ea2998891934,syn_221878d393f071a58d95cb551a7526b0,FEASIBLE,0.0,1.0,EXPLOITATION,1
public_05,public_05_day_28,28,syn_d972a517765f7d71a85724b9e4c75331,syn_5863c08fc3f248b07a841a4d6511e6fc,FEASIBLE,0.0,1.0,EXPLOITATION,1
public_05,public_05_day_28,28,syn_b6369e410635234f5beb89e67f56ad47,syn_6c730c5a5781af7f9e2b80ea146f1771,FEASIBLE,0.0,1.0,EXPLOITATION,1
public_05,public_05_day_28,28,syn_32431bcfe5fcb7cce07e8b444d497c9c,syn_3788539c7c8062cd932e2b427024d8ea,FEASIBLE,0.0,1.0,EXPLOITATION,1
public_05,public_05_day_28,28,syn_955a8bdca2d80121eeda9df1c5b47f0d,syn_3ff803cc4309f41eb7e9181d17112507,FEASIBLE,0.0,1.0,EXPLOITATION,1
public_05,public_05_day_28,28,syn_3629e30d62cfc4882e782ef72b076973,syn_d3e2d8f77d4d02c0acbb83cb17567a95,FEASIBLE,0.0,1.0,EXPLOITATION,1
public_05,public_05_day_28,28,syn_ddffc7d6a417e25916ed2eab0982b3c8,syn_20015b9f913e9730ed42ef967dc1d64e,FEASIBLE,0.0,1.0,EXPLOITATION,1
public_05,public_05_day_28,28,syn_0766aba8ddd61a47df3dbb63375de874,syn_ae494b453b2b66f7bbd82e220000b1f3,FEASIBLE,0.0,1.0,EXPLOITATION,1
public_05,public_05_day_28,28,syn_4da096510159e7ed67bcea8df1fd9276,syn_3874834f8c41d2239a31fdac33f50e4a,FEASIBLE,0.0,1.0,EXPLOITATION,1
public_05,public_05_day_28,28,syn_36b3b69ccaea82d40d69f92264d42798,syn_bb7b6073c8216ea13025eadbfeb27f2c,FEASIBLE,0.0,1.0,EXPLOITATION,1
public_05,public_05_day_28,28,syn_1ab52096a2599eef55733d91101816d8,syn_21b698c1e3f90d1bd65d6ad2d9ef441f,FEASIBLE,0.0,1.0,EXPLOITATION,1
public_05,public_05_day_28,28,syn_0e10d543d7c883b4d5fe21bb13c7d538,syn_5bebeccf17480908bbd31f4c4aac6692,FEASIBLE,0.0,1.0,EXPLOITATION,1
public_05,public_05_day_28,28,syn_f52d998f7b3adeed3355e5e1ddd5221d,syn_4a30986e184de09da4d488e6dc42ec50,FEASIBLE,0.5499999999999999,1.0,EXPLOITATION,0
public_05,public_05_day_28,28,syn_3629e30d62cfc4882e782ef72b076973,syn_f52d998f7b3adeed3355e5e1ddd5221d,FEASIBLE,0.4,1.0,EXPLORATION,0
public_05,public_05_day_28,28,syn_daae70040111edbb049035d2a01a3d36,syn_d14e8e3bc349a408cacb453a7abffef8,FEASIBLE,0.35,1.0,EXPLOITATION,0
public_05,public_05_day_28,28,syn_d972a517765f7d71a85724b9e4c75331,syn_491d2caa03074de80577fcadbbb7619c,FEASIBLE,0.0,1.0,EXPLOITATION,0
public_05,public_05_day_28,28,syn_d972a517765f7d71a85724b9e4c75331,syn_578b39a83f01b0166432cb202fd75c89,FEASIBLE,0.0,1.0,EXPLORATION,0
public_05,public_05_day_28,28,syn_b6369e410635234f5beb89e67f56ad47,syn_db312ab6c0a68a9e3f8205fb47155607,FEASIBLE,0.0,1.0,EXPLOITATION,0
public_05,public_05_day_28,28,syn_2f057a3c05913d701d608a8b13727219,syn_8f15f01517ad9b1f664750c54ede74a8,FEASIBLE,0.0,1.0,EXPLOITATION,0
public_05,public_05_day_28,28,syn_955a8bdca2d80121eeda9df1c5b47f0d,syn_bcb4cd3462c6c653b18dbb6457218610,FEASIBLE,0.0,1.0,EXPLOITATION,0
public_05,public_05_day_28,28,syn_afdaa75baf08ca510d1c9d73a1ee0983,syn_590a56783612729510c25839298559af,FEASIBLE,0.0,1.0,EXPLOITATION,0
public_05,public_05_day_28,28,syn_67b0f6eb14762eb08d8efed7fa00de7a,syn_9b1639c7077b8d46da5a9cfd4b905450,FEASIBLE,0.0,1.0,EXPLORATION,0
public_05,public_05_day_28,28,syn_67b0f6eb14762eb08d8efed7fa00de7a,syn_d01ad0eb624507f7e0acfcf4b966fd87,FEASIBLE,0.0,1.0,EXPLOITATION,0
public_05,public_05_day_28,28,syn_f52d998f7b3adeed3355e5e1ddd5221d,syn_d14e8e3bc349a408cacb453a7abffef8,FEASIBLE,0.0,1.0,EXPLORATION,0
public_05,public_05_day_28,28,syn_f52d998f7b3adeed3355e5e1ddd5221d,syn_d01ad0eb624507f7e0acfcf4b966fd87,FEASIBLE,0.0,1.0,EXPLOITATION,0
public_05,public_05_day_28,28,syn_f52d998f7b3adeed3355e5e1ddd5221d,syn_d3e2d8f77d4d02c0acbb83cb17567a95,FEASIBLE,0.0,1.0,EXPLOITATION,0
public_05,public_05_day_28,28,syn_4da096510159e7ed67bcea8df1fd9276,syn_6dfa6319d5843197875fd20f90b4f507,FEASIBLE,0.0,1.0,EXPLOITATION,0
public_05,public_05_day_28,28,syn_bb7b6073c8216ea13025eadbfeb27f2c,syn_ea8329bfa41c9122f997b0665abb1eef,FEASIBLE,0.0,1.0,EXPLORATION,0
public_05,public_05_day_28,28,syn_d14e8e3bc349a408cacb453a7abffef8,syn_8f15f01517ad9b1f664750c54ede74a8,FEASIBLE,0.0,1.0,EXPLOITATION,0
public_05,public_05_day_28,28,syn_d14e8e3bc349a408cacb453a7abffef8,syn_e6b57e07ceafd25bccb206402eb52056,FEASIBLE,0.0,1.0,EXPLOITATION,0
public_05,public_05_day_28,28,syn_0e10d543d7c883b4d5fe21bb13c7d538,syn_18f948424eec53d257c5c8d8112eb9d1,FEASIBLE,0.0,1.0,EXPLOITATION,0
public_05,public_05_day_29,29,syn_2f057a3c05913d701d608a8b13727219,syn_d14e8e3bc349a408cacb453a7abffef8,FEASIBLE,1.0,1.0,EXPLOITATION,1
public_05,public_05_day_29,29,syn_dc0858337c792155030cc8fbec54eec3,syn_590a56783612729510c25839298559af,FEASIBLE,1.0,1.0,EXPLOITATION,1
public_05,public_05_day_29,29,syn_f52d998f7b3adeed3355e5e1ddd5221d,syn_f8eb160de9f82987145dcf9bd6c14111,FEASIBLE,0.85,1.0,EXPLOITATION,1
public_05,public_05_day_29,29,syn_67b0f6eb14762eb08d8efed7fa00de7a,syn_6dfa6319d5843197875fd20f90b4f507,FEASIBLE,0.7499999999999999,1.0,EXPLOITATION,1
public_05,public_05_day_29,29,syn_23170a23564440a1d4402bade96fbeaa,syn_7e4f49ce22a2dc79ca61ba0bc89f0f82,FEASIBLE,0.55,1.0,EXPLOITATION,1
public_05,public_05_day_29,29,syn_b30ea3f02d38b8923b5460bfef0e7833,syn_0cc07e96f676a5d559cbc5e653e33702,FEASIBLE,0.5,1.0,EXPLOITATION,1
public_05,public_05_day_29,29,syn_a242f7d8327c808790c0d4811d284b0f,syn_e6b57e07ceafd25bccb206402eb52056,FEASIBLE,0.25,1.0,EXPLOITATION,1
public_05,public_05_day_29,29,syn_eada6f0a34c5cf0b2f06296178a0c151,syn_f6dd627d1108f9a47392d79f0b9097f5,FEASIBLE,0.15,1.0,EXPLOITATION,1
public_05,public_05_day_29,29,syn_e4fef32cad521b8353e4ea2998891934,syn_221878d393f071a58d95cb551a7526b0,FEASIBLE,0.0,1.0,EXPLOITATION,1
public_05,public_05_day_29,29,syn_d972a517765f7d71a85724b9e4c75331,syn_5863c08fc3f248b07a841a4d6511e6fc,FEASIBLE,0.0,1.0,EXPLOITATION,1
public_05,public_05_day_29,29,syn_b6369e410635234f5beb89e67f56ad47,syn_6c730c5a5781af7f9e2b80ea146f1771,FEASIBLE,0.0,1.0,EXPLOITATION,1
public_05,public_05_day_29,29,syn_32431bcfe5fcb7cce07e8b444d497c9c,syn_3788539c7c8062cd932e2b427024d8ea,FEASIBLE,0.0,1.0,EXPLOITATION,1
public_05,public_05_day_29,29,syn_955a8bdca2d80121eeda9df1c5b47f0d,syn_3ff803cc4309f41eb7e9181d17112507,FEASIBLE,0.0,1.0,EXPLOITATION,1
public_05,public_05_day_29,29,syn_3629e30d62cfc4882e782ef72b076973,syn_d3e2d8f77d4d02c0acbb83cb17567a95,FEASIBLE,0.0,1.0,EXPLOITATION,1
public_05,public_05_day_29,29,syn_ddffc7d6a417e25916ed2eab0982b3c8,syn_20015b9f913e9730ed42ef967dc1d64e,FEASIBLE,0.0,1.0,EXPLOITATION,1
public_05,public_05_day_29,29,syn_0766aba8ddd61a47df3dbb63375de874,syn_ae494b453b2b66f7bbd82e220000b1f3,FEASIBLE,0.0,1.0,EXPLOITATION,1
public_05,public_05_day_29,29,syn_4da096510159e7ed67bcea8df1fd9276,syn_3874834f8c41d2239a31fdac33f50e4a,FEASIBLE,0.0,1.0,EXPLOITATION,1
public_05,public_05_day_29,29,syn_36b3b69ccaea82d40d69f92264d42798,syn_bb7b6073c8216ea13025eadbfeb27f2c,FEASIBLE,0.0,1.0,EXPLOITATION,1
public_05,public_05_day_29,29,syn_1ab52096a2599eef55733d91101816d8,syn_21b698c1e3f90d1bd65d6ad2d9ef441f,FEASIBLE,0.0,1.0,EXPLOITATION,1
public_05,public_05_day_29,29,syn_0e10d543d7c883b4d5fe21bb13c7d538,syn_5bebeccf17480908bbd31f4c4aac6692,FEASIBLE,0.0,1.0,EXPLOITATION,1
public_05,public_05_day_29,29,syn_f52d998f7b3adeed3355e5e1ddd5221d,syn_4a30986e184de09da4d488e6dc42ec50,FEASIBLE,0.5499999999999999,1.0,EXPLOITATION,0
public_05,public_05_day_29,29,syn_3629e30d62cfc4882e782ef72b076973,syn_f52d998f7b3adeed3355e5e1ddd5221d,FEASIBLE,0.4,1.0,EXPLORATION,0
public_05,public_05_day_29,29,syn_daae70040111edbb049035d2a01a3d36,syn_d14e8e3bc349a408cacb453a7abffef8,FEASIBLE,0.35,1.0,EXPLOITATION,0
public_05,public_05_day_29,29,syn_d972a517765f7d71a85724b9e4c75331,syn_491d2caa03074de80577fcadbbb7619c,FEASIBLE,0.0,1.0,EXPLOITATION,0
public_05,public_05_day_29,29,syn_d972a517765f7d71a85724b9e4c75331,syn_578b39a83f01b0166432cb202fd75c89,FEASIBLE,0.0,1.0,EXPLORATION,0
public_05,public_05_day_29,29,syn_b6369e410635234f5beb89e67f56ad47,syn_db312ab6c0a68a9e3f8205fb47155607,FEASIBLE,0.0,1.0,EXPLOITATION,0
public_05,public_05_day_29,29,syn_2f057a3c05913d701d608a8b13727219,syn_8f15f01517ad9b1f664750c54ede74a8,FEASIBLE,0.0,1.0,EXPLOITATION,0
public_05,public_05_day_29,29,syn_955a8bdca2d80121eeda9df1c5b47f0d,syn_bcb4cd3462c6c653b18dbb6457218610,FEASIBLE,0.0,1.0,EXPLOITATION,0
public_05,public_05_day_29,29,syn_afdaa75baf08ca510d1c9d73a1ee0983,syn_590a56783612729510c25839298559af,FEASIBLE,0.0,1.0,EXPLOITATION,0
public_05,public_05_day_29,29,syn_67b0f6eb14762eb08d8efed7fa00de7a,syn_9b1639c7077b8d46da5a9cfd4b905450,FEASIBLE,0.0,1.0,EXPLORATION,0
public_05,public_05_day_29,29,syn_67b0f6eb14762eb08d8efed7fa00de7a,syn_d01ad0eb624507f7e0acfcf4b966fd87,FEASIBLE,0.0,1.0,EXPLOITATION,0
public_05,public_05_day_29,29,syn_f52d998f7b3adeed3355e5e1ddd5221d,syn_d14e8e3bc349a408cacb453a7abffef8,FEASIBLE,0.0,1.0,EXPLORATION,0
public_05,public_05_day_29,29,syn_f52d998f7b3adeed3355e5e1ddd5221d,syn_d01ad0eb624507f7e0acfcf4b966fd87,FEASIBLE,0.0,1.0,EXPLOITATION,0
public_05,public_05_day_29,29,syn_f52d998f7b3adeed3355e5e1ddd5221d,syn_d3e2d8f77d4d02c0acbb83cb17567a95,FEASIBLE,0.0,1.0,EXPLOITATION,0
public_05,public_05_day_29,29,syn_4da096510159e7ed67bcea8df1fd9276,syn_6dfa6319d5843197875fd20f90b4f507,FEASIBLE,0.0,1.0,EXPLOITATION,0
public_05,public_05_day_29,29,syn_bb7b6073c8216ea13025eadbfeb27f2c,syn_ea8329bfa41c9122f997b0665abb1eef,FEASIBLE,0.0,1.0,EXPLORATION,0
public_05,public_05_day_29,29,syn_d14e8e3bc349a408cacb453a7abffef8,syn_8f15f01517ad9b1f664750c54ede74a8,FEASIBLE,0.0,1.0,EXPLOITATION,0
public_05,public_05_day_29,29,syn_d14e8e3bc349a408cacb453a7abffef8,syn_e6b57e07ceafd25bccb206402eb52056,FEASIBLE,0.0,1.0,EXPLOITATION,0
public_05,public_05_day_29,29,syn_0e10d543d7c883b4d5fe21bb13c7d538,syn_18f948424eec53d257c5c8d8112eb9d1,FEASIBLE,0.0,1.0,EXPLOITATION,0
public_05,public_05_day_30,30,syn_2f057a3c05913d701d608a8b13727219,syn_d14e8e3bc349a408cacb453a7abffef8,FEASIBLE,1.0,1.0,EXPLOITATION,1
public_05,public_05_day_30,30,syn_dc0858337c792155030cc8fbec54eec3,syn_590a56783612729510c25839298559af,FEASIBLE,1.0,1.0,EXPLOITATION,1
public_05,public_05_day_30,30,syn_f52d998f7b3adeed3355e5e1ddd5221d,syn_f8eb160de9f82987145dcf9bd6c14111,FEASIBLE,0.85,1.0,EXPLOITATION,1
public_05,public_05_day_30,30,syn_67b0f6eb14762eb08d8efed7fa00de7a,syn_6dfa6319d5843197875fd20f90b4f507,FEASIBLE,0.7499999999999999,1.0,EXPLOITATION,1
public_05,public_05_day_30,30,syn_ed73a5ffcde32d3d29c33a9428f04344,syn_75273d30606bde7fe1c8835426415983,FEASIBLE,0.65,1.0,EXPLOITATION,1
public_05,public_05_day_30,30,syn_23170a23564440a1d4402bade96fbeaa,syn_7e4f49ce22a2dc79ca61ba0bc89f0f82,FEASIBLE,0.55,1.0,EXPLOITATION,1
public_05,public_05_day_30,30,syn_b30ea3f02d38b8923b5460bfef0e7833,syn_0cc07e96f676a5d559cbc5e653e33702,FEASIBLE,0.5,1.0,EXPLOITATION,1
public_05,public_05_day_30,30,syn_a242f7d8327c808790c0d4811d284b0f,syn_e6b57e07ceafd25bccb206402eb52056,FEASIBLE,0.25,1.0,EXPLOITATION,1
public_05,public_05_day_30,30,syn_eada6f0a34c5cf0b2f06296178a0c151,syn_f6dd627d1108f9a47392d79f0b9097f5,FEASIBLE,0.15,1.0,EXPLOITATION,1
public_05,public_05_day_30,30,syn_e4fef32cad521b8353e4ea2998891934,syn_221878d393f071a58d95cb551a7526b0,FEASIBLE,0.0,1.0,EXPLOITATION,1
public_05,public_05_day_30,30,syn_d972a517765f7d71a85724b9e4c75331,syn_5863c08fc3f248b07a841a4d6511e6fc,FEASIBLE,0.0,1.0,EXPLOITATION,1
public_05,public_05_day_30,30,syn_b6369e410635234f5beb89e67f56ad47,syn_6c730c5a5781af7f9e2b80ea146f1771,FEASIBLE,0.0,1.0,EXPLOITATION,1
public_05,public_05_day_30,30,syn_ccf2ffc5c3c46880ac055917f6db70d1,syn_157edf54df236ac31689f77dc50f5ff1,FEASIBLE,0.0,1.0,EXPLOITATION,1
public_05,public_05_day_30,30,syn_32431bcfe5fcb7cce07e8b444d497c9c,syn_3788539c7c8062cd932e2b427024d8ea,FEASIBLE,0.0,1.0,EXPLOITATION,1
public_05,public_05_day_30,30,syn_955a8bdca2d80121eeda9df1c5b47f0d,syn_3ff803cc4309f41eb7e9181d17112507,FEASIBLE,0.0,1.0,EXPLOITATION,1
public_05,public_05_day_30,30,syn_3629e30d62cfc4882e782ef72b076973,syn_d3e2d8f77d4d02c0acbb83cb17567a95,FEASIBLE,0.0,1.0,EXPLOITATION,1
public_05,public_05_day_30,30,syn_ddffc7d6a417e25916ed2eab0982b3c8,syn_20015b9f913e9730ed42ef967dc1d64e,FEASIBLE,0.0,1.0,EXPLOITATION,1
public_05,public_05_day_30,30,syn_0766aba8ddd61a47df3dbb63375de874,syn_ae494b453b2b66f7bbd82e220000b1f3,FEASIBLE,0.0,1.0,EXPLOITATION,1
public_05,public_05_day_30,30,syn_4da096510159e7ed67bcea8df1fd9276,syn_3874834f8c41d2239a31fdac33f50e4a,FEASIBLE,0.0,1.0,EXPLOITATION,1
public_05,public_05_day_30,30,syn_36b3b69ccaea82d40d69f92264d42798,syn_bb7b6073c8216ea13025eadbfeb27f2c,FEASIBLE,0.0,1.0,EXPLOITATION,1
public_05,public_05_day_30,30,syn_1ab52096a2599eef55733d91101816d8,syn_21b698c1e3f90d1bd65d6ad2d9ef441f,FEASIBLE,0.0,1.0,EXPLOITATION,1
public_05,public_05_day_30,30,syn_9fb3c613a617b17a29a795544a56781a,syn_ecf32b641332b65d333f47c3978a17c0,FEASIBLE,0.0,1.0,EXPLOITATION,1
public_05,public_05_day_30,30,syn_0e10d543d7c883b4d5fe21bb13c7d538,syn_5bebeccf17480908bbd31f4c4aac6692,FEASIBLE,0.0,1.0,EXPLOITATION,1
public_05,public_05_day_30,30,syn_f52d998f7b3adeed3355e5e1ddd5221d,syn_4a30986e184de09da4d488e6dc42ec50,FEASIBLE,0.5499999999999999,1.0,EXPLOITATION,0
public_05,public_05_day_30,30,syn_3629e30d62cfc4882e782ef72b076973,syn_f52d998f7b3adeed3355e5e1ddd5221d,FEASIBLE,0.4,1.0,EXPLORATION,0
public_05,public_05_day_30,30,syn_daae70040111edbb049035d2a01a3d36,syn_d14e8e3bc349a408cacb453a7abffef8,FEASIBLE,0.35,1.0,EXPLOITATION,0
public_05,public_05_day_30,30,syn_ed73a5ffcde32d3d29c33a9428f04344,syn_e6b57e07ceafd25bccb206402eb52056,FEASIBLE,0.25,1.0,EXPLOITATION,0
public_05,public_05_day_30,30,syn_0cf9e38720b54f715da4f4930ee5b602,syn_f52d998f7b3adeed3355e5e1ddd5221d,FEASIBLE,0.15000000000000002,1.0,EXPLORATION,0
public_05,public_05_day_30,30,syn_d972a517765f7d71a85724b9e4c75331,syn_491d2caa03074de80577fcadbbb7619c,FEASIBLE,0.0,1.0,EXPLOITATION,0
public_05,public_05_day_30,30,syn_d972a517765f7d71a85724b9e4c75331,syn_578b39a83f01b0166432cb202fd75c89,FEASIBLE,0.0,1.0,EXPLORATION,0
public_05,public_05_day_30,30,syn_b6369e410635234f5beb89e67f56ad47,syn_157edf54df236ac31689f77dc50f5ff1,FEASIBLE,0.0,1.0,EXPLOITATION,0
public_05,public_05_day_30,30,syn_b6369e410635234f5beb89e67f56ad47,syn_db312ab6c0a68a9e3f8205fb47155607,FEASIBLE,0.0,1.0,EXPLOITATION,0
public_05,public_05_day_30,30,syn_2f057a3c05913d701d608a8b13727219,syn_8f15f01517ad9b1f664750c54ede74a8,FEASIBLE,0.0,1.0,EXPLOITATION,0
public_05,public_05_day_30,30,syn_ed73a5ffcde32d3d29c33a9428f04344,syn_ae494b453b2b66f7bbd82e220000b1f3,FEASIBLE,0.0,1.0,EXPLOITATION,0
public_05,public_05_day_30,30,syn_955a8bdca2d80121eeda9df1c5b47f0d,syn_bcb4cd3462c6c653b18dbb6457218610,FEASIBLE,0.0,1.0,EXPLOITATION,0
public_05,public_05_day_30,30,syn_afdaa75baf08ca510d1c9d73a1ee0983,syn_590a56783612729510c25839298559af,FEASIBLE,0.0,1.0,EXPLOITATION,0
public_05,public_05_day_30,30,syn_67b0f6eb14762eb08d8efed7fa00de7a,syn_9b1639c7077b8d46da5a9cfd4b905450,FEASIBLE,0.0,1.0,EXPLORATION,0
public_05,public_05_day_30,30,syn_67b0f6eb14762eb08d8efed7fa00de7a,syn_d01ad0eb624507f7e0acfcf4b966fd87,FEASIBLE,0.0,1.0,EXPLOITATION,0
public_05,public_05_day_30,30,syn_f52d998f7b3adeed3355e5e1ddd5221d,syn_d14e8e3bc349a408cacb453a7abffef8,FEASIBLE,0.0,1.0,EXPLORATION,0
public_05,public_05_day_30,30,syn_f52d998f7b3adeed3355e5e1ddd5221d,syn_9fb3c613a617b17a29a795544a56781a,FEASIBLE,0.0,1.0,EXPLOITATION,0
public_05,public_05_day_30,30,syn_f52d998f7b3adeed3355e5e1ddd5221d,syn_d01ad0eb624507f7e0acfcf4b966fd87,FEASIBLE,0.0,1.0,EXPLOITATION,0
public_05,public_05_day_30,30,syn_f52d998f7b3adeed3355e5e1ddd5221d,syn_d3e2d8f77d4d02c0acbb83cb17567a95,FEASIBLE,0.0,1.0,EXPLOITATION,0
public_05,public_05_day_30,30,syn_4da096510159e7ed67bcea8df1fd9276,syn_6dfa6319d5843197875fd20f90b4f507,FEASIBLE,0.0,1.0,EXPLOITATION,0
public_05,public_05_day_30,30,syn_bb7b6073c8216ea13025eadbfeb27f2c,syn_ea8329bfa41c9122f997b0665abb1eef,FEASIBLE,0.0,1.0,EXPLORATION,0
public_05,public_05_day_30,30,syn_d14e8e3bc349a408cacb453a7abffef8,syn_8f15f01517ad9b1f664750c54ede74a8,FEASIBLE,0.0,1.0,EXPLOITATION,0
public_05,public_05_day_30,30,syn_d14e8e3bc349a408cacb453a7abffef8,syn_e6b57e07ceafd25bccb206402eb52056,FEASIBLE,0.0,1.0,EXPLOITATION,0
public_05,public_05_day_30,30,syn_0e10d543d7c883b4d5fe21bb13c7d538,syn_18f948424eec53d257c5c8d8112eb9d1,FEASIBLE,0.0,1.0,EXPLOITATION,0
public_05,public_05_day_31,31,syn_2f057a3c05913d701d608a8b13727219,syn_d14e8e3bc349a408cacb453a7abffef8,FEASIBLE,1.0,1.0,EXPLOITATION,1
public_05,public_05_day_31,31,syn_dc0858337c792155030cc8fbec54eec3,syn_590a56783612729510c25839298559af,FEASIBLE,1.0,1.0,EXPLOITATION,1
public_05,public_05_day_31,31,syn_f52d998f7b3adeed3355e5e1ddd5221d,syn_f8eb160de9f82987145dcf9bd6c14111,FEASIBLE,0.85,1.0,EXPLOITATION,1
public_05,public_05_day_31,31,syn_67b0f6eb14762eb08d8efed7fa00de7a,syn_6dfa6319d5843197875fd20f90b4f507,FEASIBLE,0.7499999999999999,1.0,EXPLOITATION,1
public_05,public_05_day_31,31,syn_ed73a5ffcde32d3d29c33a9428f04344,syn_75273d30606bde7fe1c8835426415983,FEASIBLE,0.65,1.0,EXPLOITATION,1
public_05,public_05_day_31,31,syn_23170a23564440a1d4402bade96fbeaa,syn_7e4f49ce22a2dc79ca61ba0bc89f0f82,FEASIBLE,0.55,1.0,EXPLOITATION,1
public_05,public_05_day_31,31,syn_b30ea3f02d38b8923b5460bfef0e7833,syn_0cc07e96f676a5d559cbc5e653e33702,FEASIBLE,0.5,1.0,EXPLOITATION,1
public_05,public_05_day_31,31,syn_a242f7d8327c808790c0d4811d284b0f,syn_e6b57e07ceafd25bccb206402eb52056,FEASIBLE,0.25,1.0,EXPLOITATION,1
public_05,public_05_day_31,31,syn_eada6f0a34c5cf0b2f06296178a0c151,syn_f6dd627d1108f9a47392d79f0b9097f5,FEASIBLE,0.15,1.0,EXPLOITATION,1
public_05,public_05_day_31,31,syn_e4fef32cad521b8353e4ea2998891934,syn_221878d393f071a58d95cb551a7526b0,FEASIBLE,0.0,1.0,EXPLOITATION,1
public_05,public_05_day_31,31,syn_d972a517765f7d71a85724b9e4c75331,syn_5863c08fc3f248b07a841a4d6511e6fc,FEASIBLE,0.0,1.0,EXPLOITATION,1
public_05,public_05_day_31,31,syn_b6369e410635234f5beb89e67f56ad47,syn_6c730c5a5781af7f9e2b80ea146f1771,FEASIBLE,0.0,1.0,EXPLOITATION,1
public_05,public_05_day_31,31,syn_ccf2ffc5c3c46880ac055917f6db70d1,syn_157edf54df236ac31689f77dc50f5ff1,FEASIBLE,0.0,1.0,EXPLOITATION,1
public_05,public_05_day_31,31,syn_32431bcfe5fcb7cce07e8b444d497c9c,syn_3788539c7c8062cd932e2b427024d8ea,FEASIBLE,0.0,1.0,EXPLOITATION,1
public_05,public_05_day_31,31,syn_955a8bdca2d80121eeda9df1c5b47f0d,syn_3ff803cc4309f41eb7e9181d17112507,FEASIBLE,0.0,1.0,EXPLOITATION,1
public_05,public_05_day_31,31,syn_3629e30d62cfc4882e782ef72b076973,syn_d3e2d8f77d4d02c0acbb83cb17567a95,FEASIBLE,0.0,1.0,EXPLOITATION,1
public_05,public_05_day_31,31,syn_ddffc7d6a417e25916ed2eab0982b3c8,syn_20015b9f913e9730ed42ef967dc1d64e,FEASIBLE,0.0,1.0,EXPLOITATION,1
public_05,public_05_day_31,31,syn_0766aba8ddd61a47df3dbb63375de874,syn_ae494b453b2b66f7bbd82e220000b1f3,FEASIBLE,0.0,1.0,EXPLOITATION,1
public_05,public_05_day_31,31,syn_4da096510159e7ed67bcea8df1fd9276,syn_3874834f8c41d2239a31fdac33f50e4a,FEASIBLE,0.0,1.0,EXPLOITATION,1
public_05,public_05_day_31,31,syn_36b3b69ccaea82d40d69f92264d42798,syn_bb7b6073c8216ea13025eadbfeb27f2c,FEASIBLE,0.0,1.0,EXPLOITATION,1
public_05,public_05_day_31,31,syn_1ab52096a2599eef55733d91101816d8,syn_21b698c1e3f90d1bd65d6ad2d9ef441f,FEASIBLE,0.0,1.0,EXPLOITATION,1
public_05,public_05_day_31,31,syn_9fb3c613a617b17a29a795544a56781a,syn_ecf32b641332b65d333f47c3978a17c0,FEASIBLE,0.0,1.0,EXPLOITATION,1
public_05,public_05_day_31,31,syn_0e10d543d7c883b4d5fe21bb13c7d538,syn_5bebeccf17480908bbd31f4c4aac6692,FEASIBLE,0.0,1.0,EXPLOITATION,1
public_05,public_05_day_31,31,syn_f52d998f7b3adeed3355e5e1ddd5221d,syn_4a30986e184de09da4d488e6dc42ec50,FEASIBLE,0.5499999999999999,1.0,EXPLOITATION,0
public_05,public_05_day_31,31,syn_3629e30d62cfc4882e782ef72b076973,syn_f52d998f7b3adeed3355e5e1ddd5221d,FEASIBLE,0.4,1.0,EXPLORATION,0
public_05,public_05_day_31,31,syn_daae70040111edbb049035d2a01a3d36,syn_d14e8e3bc349a408cacb453a7abffef8,FEASIBLE,0.35,1.0,EXPLOITATION,0
public_05,public_05_day_31,31,syn_ed73a5ffcde32d3d29c33a9428f04344,syn_e6b57e07ceafd25bccb206402eb52056,FEASIBLE,0.25,1.0,EXPLOITATION,0
public_05,public_05_day_31,31,syn_0cf9e38720b54f715da4f4930ee5b602,syn_f52d998f7b3adeed3355e5e1ddd5221d,FEASIBLE,0.15000000000000002,1.0,EXPLORATION,0
public_05,public_05_day_31,31,syn_d972a517765f7d71a85724b9e4c75331,syn_491d2caa03074de80577fcadbbb7619c,FEASIBLE,0.0,1.0,EXPLOITATION,0
public_05,public_05_day_31,31,syn_d972a517765f7d71a85724b9e4c75331,syn_578b39a83f01b0166432cb202fd75c89,FEASIBLE,0.0,1.0,EXPLORATION,0
public_05,public_05_day_31,31,syn_b6369e410635234f5beb89e67f56ad47,syn_157edf54df236ac31689f77dc50f5ff1,FEASIBLE,0.0,1.0,EXPLOITATION,0
public_05,public_05_day_31,31,syn_b6369e410635234f5beb89e67f56ad47,syn_db312ab6c0a68a9e3f8205fb47155607,FEASIBLE,0.0,1.0,EXPLOITATION,0
public_05,public_05_day_31,31,syn_2f057a3c05913d701d608a8b13727219,syn_8f15f01517ad9b1f664750c54ede74a8,FEASIBLE,0.0,1.0,EXPLOITATION,0
public_05,public_05_day_31,31,syn_ed73a5ffcde32d3d29c33a9428f04344,syn_ae494b453b2b66f7bbd82e220000b1f3,FEASIBLE,0.0,1.0,EXPLOITATION,0
public_05,public_05_day_31,31,syn_955a8bdca2d80121eeda9df1c5b47f0d,syn_bcb4cd3462c6c653b18dbb6457218610,FEASIBLE,0.0,1.0,EXPLOITATION,0
public_05,public_05_day_31,31,syn_afdaa75baf08ca510d1c9d73a1ee0983,syn_590a56783612729510c25839298559af,FEASIBLE,0.0,1.0,EXPLOITATION,0
public_05,public_05_day_31,31,syn_67b0f6eb14762eb08d8efed7fa00de7a,syn_9b1639c7077b8d46da5a9cfd4b905450,FEASIBLE,0.0,1.0,EXPLORATION,0
public_05,public_05_day_31,31,syn_67b0f6eb14762eb08d8efed7fa00de7a,syn_d01ad0eb624507f7e0acfcf4b966fd87,FEASIBLE,0.0,1.0,EXPLOITATION,0
public_05,public_05_day_31,31,syn_f52d998f7b3adeed3355e5e1ddd5221d,syn_d14e8e3bc349a408cacb453a7abffef8,FEASIBLE,0.0,1.0,EXPLORATION,0
public_05,public_05_day_31,31,syn_f52d998f7b3adeed3355e5e1ddd5221d,syn_9fb3c613a617b17a29a795544a56781a,FEASIBLE,0.0,1.0,EXPLOITATION,0
public_05,public_05_day_31,31,syn_f52d998f7b3adeed3355e5e1ddd5221d,syn_d01ad0eb624507f7e0acfcf4b966fd87,FEASIBLE,0.0,1.0,EXPLOITATION,0
public_05,public_05_day_31,31,syn_f52d998f7b3adeed3355e5e1ddd5221d,syn_d3e2d8f77d4d02c0acbb83cb17567a95,FEASIBLE,0.0,1.0,EXPLOITATION,0
public_05,public_05_day_31,31,syn_4da096510159e7ed67bcea8df1fd9276,syn_6dfa6319d5843197875fd20f90b4f507,FEASIBLE,0.0,1.0,EXPLOITATION,0
public_05,public_05_day_31,31,syn_bb7b6073c8216ea13025eadbfeb27f2c,syn_ea8329bfa41c9122f997b0665abb1eef,FEASIBLE,0.0,1.0,EXPLORATION,0
public_05,public_05_day_31,31,syn_d14e8e3bc349a408cacb453a7abffef8,syn_8f15f01517ad9b1f664750c54ede74a8,FEASIBLE,0.0,1.0,EXPLOITATION,0
public_05,public_05_day_31,31,syn_d14e8e3bc349a408cacb453a7abffef8,syn_e6b57e07ceafd25bccb206402eb52056,FEASIBLE,0.0,1.0,EXPLOITATION,0
public_05,public_05_day_31,31,syn_0e10d543d7c883b4d5fe21bb13c7d538,syn_18f948424eec53d257c5c8d8112eb9d1,FEASIBLE,0.0,1.0,EXPLOITATION,0
public_05,public_05_day_32,32,syn_2f057a3c05913d701d608a8b13727219,syn_d14e8e3bc349a408cacb453a7abffef8,FEASIBLE,1.0,1.0,EXPLOITATION,1
public_05,public_05_day_32,32,syn_dc0858337c792155030cc8fbec54eec3,syn_590a56783612729510c25839298559af,FEASIBLE,1.0,1.0,EXPLOITATION,1
public_05,public_05_day_32,32,syn_f52d998f7b3adeed3355e5e1ddd5221d,syn_f8eb160de9f82987145dcf9bd6c14111,FEASIBLE,0.85,1.0,EXPLOITATION,1
public_05,public_05_day_32,32,syn_67b0f6eb14762eb08d8efed7fa00de7a,syn_6dfa6319d5843197875fd20f90b4f507,FEASIBLE,0.7499999999999999,1.0,EXPLOITATION,1
public_05,public_05_day_32,32,syn_ed73a5ffcde32d3d29c33a9428f04344,syn_75273d30606bde7fe1c8835426415983,FEASIBLE,0.65,1.0,EXPLOITATION,1
public_05,public_05_day_32,32,syn_daae70040111edbb049035d2a01a3d36,syn_e00e10705d734ac68710874d558dc113,FEASIBLE,0.6,1.0,EXPLOITATION,1
public_05,public_05_day_32,32,syn_23170a23564440a1d4402bade96fbeaa,syn_7e4f49ce22a2dc79ca61ba0bc89f0f82,FEASIBLE,0.55,1.0,EXPLOITATION,1
public_05,public_05_day_32,32,syn_b30ea3f02d38b8923b5460bfef0e7833,syn_0cc07e96f676a5d559cbc5e653e33702,FEASIBLE,0.5,1.0,EXPLOITATION,1
public_05,public_05_day_32,32,syn_a242f7d8327c808790c0d4811d284b0f,syn_e6b57e07ceafd25bccb206402eb52056,FEASIBLE,0.25,1.0,EXPLOITATION,1
public_05,public_05_day_32,32,syn_eada6f0a34c5cf0b2f06296178a0c151,syn_f6dd627d1108f9a47392d79f0b9097f5,FEASIBLE,0.15,1.0,EXPLOITATION,1
public_05,public_05_day_32,32,syn_e4fef32cad521b8353e4ea2998891934,syn_221878d393f071a58d95cb551a7526b0,FEASIBLE,0.0,1.0,EXPLOITATION,1
public_05,public_05_day_32,32,syn_d972a517765f7d71a85724b9e4c75331,syn_5863c08fc3f248b07a841a4d6511e6fc,FEASIBLE,0.0,1.0,EXPLOITATION,1
public_05,public_05_day_32,32,syn_b6369e410635234f5beb89e67f56ad47,syn_6c730c5a5781af7f9e2b80ea146f1771,FEASIBLE,0.0,1.0,EXPLOITATION,1
public_05,public_05_day_32,32,syn_4f070b9e8e1937e0c4f475679f709212,syn_4e4f8a89ffdf53a7a00e056676176947,FEASIBLE,0.0,1.0,EXPLOITATION,1
public_05,public_05_day_32,32,syn_ccf2ffc5c3c46880ac055917f6db70d1,syn_157edf54df236ac31689f77dc50f5ff1,FEASIBLE,0.0,1.0,EXPLOITATION,1
public_05,public_05_day_32,32,syn_32431bcfe5fcb7cce07e8b444d497c9c,syn_3788539c7c8062cd932e2b427024d8ea,FEASIBLE,0.0,1.0,EXPLOITATION,1
public_05,public_05_day_32,32,syn_955a8bdca2d80121eeda9df1c5b47f0d,syn_3ff803cc4309f41eb7e9181d17112507,FEASIBLE,0.0,1.0,EXPLOITATION,1
public_05,public_05_day_32,32,syn_3629e30d62cfc4882e782ef72b076973,syn_d3e2d8f77d4d02c0acbb83cb17567a95,FEASIBLE,0.0,1.0,EXPLOITATION,1
public_05,public_05_day_32,32,syn_ddffc7d6a417e25916ed2eab0982b3c8,syn_20015b9f913e9730ed42ef967dc1d64e,FEASIBLE,0.0,1.0,EXPLOITATION,1
public_05,public_05_day_32,32,syn_0766aba8ddd61a47df3dbb63375de874,syn_ae494b453b2b66f7bbd82e220000b1f3,FEASIBLE,0.0,1.0,EXPLOITATION,1
public_05,public_05_day_32,32,syn_4da096510159e7ed67bcea8df1fd9276,syn_3874834f8c41d2239a31fdac33f50e4a,FEASIBLE,0.0,1.0,EXPLOITATION,1
public_05,public_05_day_32,32,syn_36b3b69ccaea82d40d69f92264d42798,syn_bb7b6073c8216ea13025eadbfeb27f2c,FEASIBLE,0.0,1.0,EXPLOITATION,1
public_05,public_05_day_32,32,syn_1ab52096a2599eef55733d91101816d8,syn_21b698c1e3f90d1bd65d6ad2d9ef441f,FEASIBLE,0.0,1.0,EXPLOITATION,1
public_05,public_05_day_32,32,syn_9fb3c613a617b17a29a795544a56781a,syn_ecf32b641332b65d333f47c3978a17c0,FEASIBLE,0.0,1.0,EXPLOITATION,1
public_05,public_05_day_32,32,syn_0e10d543d7c883b4d5fe21bb13c7d538,syn_5bebeccf17480908bbd31f4c4aac6692,FEASIBLE,0.0,1.0,EXPLOITATION,1
public_05,public_05_day_32,32,syn_f52d998f7b3adeed3355e5e1ddd5221d,syn_4a30986e184de09da4d488e6dc42ec50,FEASIBLE,0.5499999999999999,1.0,EXPLOITATION,0
public_05,public_05_day_32,32,syn_3629e30d62cfc4882e782ef72b076973,syn_f52d998f7b3adeed3355e5e1ddd5221d,FEASIBLE,0.4,1.0,EXPLORATION,0
public_05,public_05_day_32,32,syn_daae70040111edbb049035d2a01a3d36,syn_d14e8e3bc349a408cacb453a7abffef8,FEASIBLE,0.35,1.0,EXPLOITATION,0
public_05,public_05_day_32,32,syn_ed73a5ffcde32d3d29c33a9428f04344,syn_e6b57e07ceafd25bccb206402eb52056,FEASIBLE,0.25,1.0,EXPLOITATION,0
public_05,public_05_day_32,32,syn_0cf9e38720b54f715da4f4930ee5b602,syn_f52d998f7b3adeed3355e5e1ddd5221d,FEASIBLE,0.15000000000000002,1.0,EXPLORATION,0
public_05,public_05_day_32,32,syn_e00e10705d734ac68710874d558dc113,syn_f52d998f7b3adeed3355e5e1ddd5221d,FEASIBLE,0.1,1.0,EXPLORATION,0
public_05,public_05_day_32,32,syn_d972a517765f7d71a85724b9e4c75331,syn_491d2caa03074de80577fcadbbb7619c,FEASIBLE,0.0,1.0,EXPLOITATION,0
public_05,public_05_day_32,32,syn_d972a517765f7d71a85724b9e4c75331,syn_578b39a83f01b0166432cb202fd75c89,FEASIBLE,0.0,1.0,EXPLORATION,0
public_05,public_05_day_32,32,syn_b6369e410635234f5beb89e67f56ad47,syn_157edf54df236ac31689f77dc50f5ff1,FEASIBLE,0.0,1.0,EXPLOITATION,0
public_05,public_05_day_32,32,syn_b6369e410635234f5beb89e67f56ad47,syn_db312ab6c0a68a9e3f8205fb47155607,FEASIBLE,0.0,1.0,EXPLOITATION,0
public_05,public_05_day_32,32,syn_2f057a3c05913d701d608a8b13727219,syn_8f15f01517ad9b1f664750c54ede74a8,FEASIBLE,0.0,1.0,EXPLOITATION,0
public_05,public_05_day_32,32,syn_ed73a5ffcde32d3d29c33a9428f04344,syn_ae494b453b2b66f7bbd82e220000b1f3,FEASIBLE,0.0,1.0,EXPLOITATION,0
public_05,public_05_day_32,32,syn_4f070b9e8e1937e0c4f475679f709212,syn_8764c010aa61f8a9ccfb46ff1fa0b580,FEASIBLE,0.0,1.0,EXPLOITATION,0
public_05,public_05_day_32,32,syn_955a8bdca2d80121eeda9df1c5b47f0d,syn_bcb4cd3462c6c653b18dbb6457218610,FEASIBLE,0.0,1.0,EXPLOITATION,0
public_05,public_05_day_32,32,syn_afdaa75baf08ca510d1c9d73a1ee0983,syn_590a56783612729510c25839298559af,FEASIBLE,0.0,1.0,EXPLOITATION,0
public_05,public_05_day_32,32,syn_67b0f6eb14762eb08d8efed7fa00de7a,syn_9b1639c7077b8d46da5a9cfd4b905450,FEASIBLE,0.0,1.0,EXPLORATION,0
public_05,public_05_day_32,32,syn_67b0f6eb14762eb08d8efed7fa00de7a,syn_d01ad0eb624507f7e0acfcf4b966fd87,FEASIBLE,0.0,1.0,EXPLOITATION,0
public_05,public_05_day_32,32,syn_e00e10705d734ac68710874d558dc113,syn_57075763fca69b7e34ab38ec4ef39c2c,FEASIBLE,0.0,1.0,EXPLOITATION,0
public_05,public_05_day_32,32,syn_e00e10705d734ac68710874d558dc113,syn_e6b57e07ceafd25bccb206402eb52056,FEASIBLE,0.0,1.0,EXPLOITATION,0
public_05,public_05_day_32,32,syn_f52d998f7b3adeed3355e5e1ddd5221d,syn_d14e8e3bc349a408cacb453a7abffef8,FEASIBLE,0.0,1.0,EXPLORATION,0
public_05,public_05_day_32,32,syn_f52d998f7b3adeed3355e5e1ddd5221d,syn_9fb3c613a617b17a29a795544a56781a,FEASIBLE,0.0,1.0,EXPLOITATION,0
public_05,public_05_day_32,32,syn_f52d998f7b3adeed3355e5e1ddd5221d,syn_d01ad0eb624507f7e0acfcf4b966fd87,FEASIBLE,0.0,1.0,EXPLOITATION,0
public_05,public_05_day_32,32,syn_f52d998f7b3adeed3355e5e1ddd5221d,syn_d3e2d8f77d4d02c0acbb83cb17567a95,FEASIBLE,0.0,1.0,EXPLOITATION,0
public_05,public_05_day_32,32,syn_4da096510159e7ed67bcea8df1fd9276,syn_6dfa6319d5843197875fd20f90b4f507,FEASIBLE,0.0,1.0,EXPLOITATION,0
public_05,public_05_day_32,32,syn_bb7b6073c8216ea13025eadbfeb27f2c,syn_ea8329bfa41c9122f997b0665abb1eef,FEASIBLE,0.0,1.0,EXPLORATION,0
public_05,public_05_day_32,32,syn_d14e8e3bc349a408cacb453a7abffef8,syn_57075763fca69b7e34ab38ec4ef39c2c,FEASIBLE,0.0,1.0,EXPLOITATION,0
public_05,public_05_day_32,32,syn_d14e8e3bc349a408cacb453a7abffef8,syn_8f15f01517ad9b1f664750c54ede74a8,FEASIBLE,0.0,1.0,EXPLOITATION,0
public_05,public_05_day_32,32,syn_d14e8e3bc349a408cacb453a7abffef8,syn_e6b57e07ceafd25bccb206402eb52056,FEASIBLE,0.0,1.0,EXPLOITATION,0
public_05,public_05_day_32,32,syn_0e10d543d7c883b4d5fe21bb13c7d538,syn_18f948424eec53d257c5c8d8112eb9d1,FEASIBLE,0.0,1.0,EXPLOITATION,0
public_05,public_05_day_32,32,syn_4e4f8a89ffdf53a7a00e056676176947,syn_8764c010aa61f8a9ccfb46ff1fa0b580,FEASIBLE,0.0,1.0,EXPLOITATION,0
public_05,public_05_day_33,33,syn_2f057a3c05913d701d608a8b13727219,syn_d14e8e3bc349a408cacb453a7abffef8,FEASIBLE,1.0,1.0,EXPLOITATION,1
public_05,public_05_day_33,33,syn_dc0858337c792155030cc8fbec54eec3,syn_590a56783612729510c25839298559af,FEASIBLE,1.0,1.0,EXPLOITATION,1
public_05,public_05_day_33,33,syn_f52d998f7b3adeed3355e5e1ddd5221d,syn_f8eb160de9f82987145dcf9bd6c14111,FEASIBLE,0.85,1.0,EXPLOITATION,1
public_05,public_05_day_33,33,syn_67b0f6eb14762eb08d8efed7fa00de7a,syn_6dfa6319d5843197875fd20f90b4f507,FEASIBLE,0.7499999999999999,1.0,EXPLOITATION,1
public_05,public_05_day_33,33,syn_ed73a5ffcde32d3d29c33a9428f04344,syn_75273d30606bde7fe1c8835426415983,FEASIBLE,0.65,1.0,EXPLOITATION,1
public_05,public_05_day_33,33,syn_daae70040111edbb049035d2a01a3d36,syn_e00e10705d734ac68710874d558dc113,FEASIBLE,0.6,1.0,EXPLOITATION,1
public_05,public_05_day_33,33,syn_23170a23564440a1d4402bade96fbeaa,syn_7e4f49ce22a2dc79ca61ba0bc89f0f82,FEASIBLE,0.55,1.0,EXPLOITATION,1
public_05,public_05_day_33,33,syn_b30ea3f02d38b8923b5460bfef0e7833,syn_0cc07e96f676a5d559cbc5e653e33702,FEASIBLE,0.5,1.0,EXPLOITATION,1
public_05,public_05_day_33,33,syn_a242f7d8327c808790c0d4811d284b0f,syn_e6b57e07ceafd25bccb206402eb52056,FEASIBLE,0.25,1.0,EXPLOITATION,1
public_05,public_05_day_33,33,syn_eada6f0a34c5cf0b2f06296178a0c151,syn_f6dd627d1108f9a47392d79f0b9097f5,FEASIBLE,0.15,1.0,EXPLOITATION,1
public_05,public_05_day_33,33,syn_e4fef32cad521b8353e4ea2998891934,syn_221878d393f071a58d95cb551a7526b0,FEASIBLE,0.0,1.0,EXPLOITATION,1
public_05,public_05_day_33,33,syn_d972a517765f7d71a85724b9e4c75331,syn_5863c08fc3f248b07a841a4d6511e6fc,FEASIBLE,0.0,1.0,EXPLOITATION,1
public_05,public_05_day_33,33,syn_b6369e410635234f5beb89e67f56ad47,syn_6c730c5a5781af7f9e2b80ea146f1771,FEASIBLE,0.0,1.0,EXPLOITATION,1
public_05,public_05_day_33,33,syn_4f070b9e8e1937e0c4f475679f709212,syn_4e4f8a89ffdf53a7a00e056676176947,FEASIBLE,0.0,1.0,EXPLOITATION,1
public_05,public_05_day_33,33,syn_ccf2ffc5c3c46880ac055917f6db70d1,syn_157edf54df236ac31689f77dc50f5ff1,FEASIBLE,0.0,1.0,EXPLOITATION,1
public_05,public_05_day_33,33,syn_32431bcfe5fcb7cce07e8b444d497c9c,syn_3788539c7c8062cd932e2b427024d8ea,FEASIBLE,0.0,1.0,EXPLOITATION,1
public_05,public_05_day_33,33,syn_955a8bdca2d80121eeda9df1c5b47f0d,syn_3ff803cc4309f41eb7e9181d17112507,FEASIBLE,0.0,1.0,EXPLOITATION,1
public_05,public_05_day_33,33,syn_3629e30d62cfc4882e782ef72b076973,syn_d3e2d8f77d4d02c0acbb83cb17567a95,FEASIBLE,0.0,1.0,EXPLOITATION,1
public_05,public_05_day_33,33,syn_c6bb9b0b7fc676c3f6005dcf8489ce2f,syn_04e14bb2ba3ef2f338b787a065feb029,FEASIBLE,0.0,1.0,EXPLOITATION,1
public_05,public_05_day_33,33,syn_ddffc7d6a417e25916ed2eab0982b3c8,syn_20015b9f913e9730ed42ef967dc1d64e,FEASIBLE,0.0,1.0,EXPLOITATION,1
public_05,public_05_day_33,33,syn_0766aba8ddd61a47df3dbb63375de874,syn_ae494b453b2b66f7bbd82e220000b1f3,FEASIBLE,0.0,1.0,EXPLOITATION,1
public_05,public_05_day_33,33,syn_4da096510159e7ed67bcea8df1fd9276,syn_a6346867188be48c086974c8aa3d5967,FEASIBLE,0.0,1.0,EXPLOITATION,1
public_05,public_05_day_33,33,syn_36b3b69ccaea82d40d69f92264d42798,syn_bb7b6073c8216ea13025eadbfeb27f2c,FEASIBLE,0.0,1.0,EXPLOITATION,1
public_05,public_05_day_33,33,syn_1ab52096a2599eef55733d91101816d8,syn_21b698c1e3f90d1bd65d6ad2d9ef441f,FEASIBLE,0.0,1.0,EXPLOITATION,1
public_05,public_05_day_33,33,syn_9fb3c613a617b17a29a795544a56781a,syn_ecf32b641332b65d333f47c3978a17c0,FEASIBLE,0.0,1.0,EXPLOITATION,1
public_05,public_05_day_33,33,syn_0e10d543d7c883b4d5fe21bb13c7d538,syn_5bebeccf17480908bbd31f4c4aac6692,FEASIBLE,0.0,1.0,EXPLOITATION,1
public_05,public_05_day_33,33,syn_a624629294f6a7e9435457352ce33a91,syn_0c8744e4024204f6c04a07e714258d47,FEASIBLE,0.0,1.0,EXPLOITATION,1
public_05,public_05_day_33,33,syn_f52d998f7b3adeed3355e5e1ddd5221d,syn_4a30986e184de09da4d488e6dc42ec50,FEASIBLE,0.5499999999999999,1.0,EXPLOITATION,0
public_05,public_05_day_33,33,syn_3629e30d62cfc4882e782ef72b076973,syn_f52d998f7b3adeed3355e5e1ddd5221d,FEASIBLE,0.4,1.0,EXPLORATION,0
public_05,public_05_day_33,33,syn_daae70040111edbb049035d2a01a3d36,syn_d14e8e3bc349a408cacb453a7abffef8,FEASIBLE,0.35,1.0,EXPLOITATION,0
public_05,public_05_day_33,33,syn_ed73a5ffcde32d3d29c33a9428f04344,syn_e6b57e07ceafd25bccb206402eb52056,FEASIBLE,0.25,1.0,EXPLOITATION,0
public_05,public_05_day_33,33,syn_0cf9e38720b54f715da4f4930ee5b602,syn_f52d998f7b3adeed3355e5e1ddd5221d,FEASIBLE,0.15000000000000002,1.0,EXPLORATION,0
public_05,public_05_day_33,33,syn_e00e10705d734ac68710874d558dc113,syn_f52d998f7b3adeed3355e5e1ddd5221d,FEASIBLE,0.1,1.0,EXPLORATION,0
public_05,public_05_day_33,33,syn_d972a517765f7d71a85724b9e4c75331,syn_491d2caa03074de80577fcadbbb7619c,FEASIBLE,0.0,1.0,EXPLOITATION,0
public_05,public_05_day_33,33,syn_d972a517765f7d71a85724b9e4c75331,syn_578b39a83f01b0166432cb202fd75c89,FEASIBLE,0.0,1.0,EXPLORATION,0
public_05,public_05_day_33,33,syn_b6369e410635234f5beb89e67f56ad47,syn_157edf54df236ac31689f77dc50f5ff1,FEASIBLE,0.0,1.0,EXPLOITATION,0
public_05,public_05_day_33,33,syn_b6369e410635234f5beb89e67f56ad47,syn_db312ab6c0a68a9e3f8205fb47155607,FEASIBLE,0.0,1.0,EXPLOITATION,0
public_05,public_05_day_33,33,syn_2f057a3c05913d701d608a8b13727219,syn_8f15f01517ad9b1f664750c54ede74a8,FEASIBLE,0.0,1.0,EXPLOITATION,0
public_05,public_05_day_33,33,syn_ed73a5ffcde32d3d29c33a9428f04344,syn_ae494b453b2b66f7bbd82e220000b1f3,FEASIBLE,0.0,1.0,EXPLOITATION,0
public_05,public_05_day_33,33,syn_4f070b9e8e1937e0c4f475679f709212,syn_8764c010aa61f8a9ccfb46ff1fa0b580,FEASIBLE,0.0,1.0,EXPLOITATION,0
public_05,public_05_day_33,33,syn_955a8bdca2d80121eeda9df1c5b47f0d,syn_bcb4cd3462c6c653b18dbb6457218610,FEASIBLE,0.0,1.0,EXPLOITATION,0
public_05,public_05_day_33,33,syn_afdaa75baf08ca510d1c9d73a1ee0983,syn_590a56783612729510c25839298559af,FEASIBLE,0.0,1.0,EXPLOITATION,0
public_05,public_05_day_33,33,syn_67b0f6eb14762eb08d8efed7fa00de7a,syn_9b1639c7077b8d46da5a9cfd4b905450,FEASIBLE,0.0,1.0,EXPLORATION,0
public_05,public_05_day_33,33,syn_67b0f6eb14762eb08d8efed7fa00de7a,syn_d01ad0eb624507f7e0acfcf4b966fd87,FEASIBLE,0.0,1.0,EXPLOITATION,0
public_05,public_05_day_33,33,syn_e00e10705d734ac68710874d558dc113,syn_57075763fca69b7e34ab38ec4ef39c2c,FEASIBLE,0.0,1.0,EXPLOITATION,0
public_05,public_05_day_33,33,syn_e00e10705d734ac68710874d558dc113,syn_e6b57e07ceafd25bccb206402eb52056,FEASIBLE,0.0,1.0,EXPLOITATION,0
public_05,public_05_day_33,33,syn_f52d998f7b3adeed3355e5e1ddd5221d,syn_04e14bb2ba3ef2f338b787a065feb029,FEASIBLE,0.0,1.0,EXPLOITATION,0
public_05,public_05_day_33,33,syn_f52d998f7b3adeed3355e5e1ddd5221d,syn_d14e8e3bc349a408cacb453a7abffef8,FEASIBLE,0.0,1.0,EXPLORATION,0
public_05,public_05_day_33,33,syn_f52d998f7b3adeed3355e5e1ddd5221d,syn_9fb3c613a617b17a29a795544a56781a,FEASIBLE,0.0,1.0,EXPLOITATION,0
public_05,public_05_day_33,33,syn_f52d998f7b3adeed3355e5e1ddd5221d,syn_d01ad0eb624507f7e0acfcf4b966fd87,FEASIBLE,0.0,1.0,EXPLOITATION,0
public_05,public_05_day_33,33,syn_f52d998f7b3adeed3355e5e1ddd5221d,syn_d3e2d8f77d4d02c0acbb83cb17567a95,FEASIBLE,0.0,1.0,EXPLOITATION,0
public_05,public_05_day_33,33,syn_4da096510159e7ed67bcea8df1fd9276,syn_6dfa6319d5843197875fd20f90b4f507,FEASIBLE,0.0,1.0,EXPLOITATION,0
public_05,public_05_day_33,33,syn_4da096510159e7ed67bcea8df1fd9276,syn_3874834f8c41d2239a31fdac33f50e4a,FEASIBLE,0.0,1.0,EXPLOITATION,0
public_05,public_05_day_33,33,syn_04e14bb2ba3ef2f338b787a065feb029,syn_f8eb160de9f82987145dcf9bd6c14111,FEASIBLE,0.0,1.0,EXPLOITATION,0
public_05,public_05_day_33,33,syn_04e14bb2ba3ef2f338b787a065feb029,syn_841449c5ffad42316e8555e53d6ee113,FEASIBLE,0.0,1.0,EXPLOITATION,0
public_05,public_05_day_33,33,syn_04e14bb2ba3ef2f338b787a065feb029,syn_0c8744e4024204f6c04a07e714258d47,FEASIBLE,0.0,1.0,EXPLOITATION,0
public_05,public_05_day_33,33,syn_bb7b6073c8216ea13025eadbfeb27f2c,syn_ea8329bfa41c9122f997b0665abb1eef,FEASIBLE,0.0,1.0,EXPLORATION,0
public_05,public_05_day_33,33,syn_d14e8e3bc349a408cacb453a7abffef8,syn_57075763fca69b7e34ab38ec4ef39c2c,FEASIBLE,0.0,1.0,EXPLOITATION,0
public_05,public_05_day_33,33,syn_d14e8e3bc349a408cacb453a7abffef8,syn_8f15f01517ad9b1f664750c54ede74a8,FEASIBLE,0.0,1.0,EXPLOITATION,0
public_05,public_05_day_33,33,syn_d14e8e3bc349a408cacb453a7abffef8,syn_e6b57e07ceafd25bccb206402eb52056,FEASIBLE,0.0,1.0,EXPLOITATION,0
public_05,public_05_day_33,33,syn_0e10d543d7c883b4d5fe21bb13c7d538,syn_18f948424eec53d257c5c8d8112eb9d1,FEASIBLE,0.0,1.0,EXPLOITATION,0
public_05,public_05_day_33,33,syn_4e4f8a89ffdf53a7a00e056676176947,syn_8764c010aa61f8a9ccfb46ff1fa0b580,FEASIBLE,0.0,1.0,EXPLOITATION,0
public_05,public_05_day_33,33,syn_a6346867188be48c086974c8aa3d5967,syn_3874834f8c41d2239a31fdac33f50e4a,FEASIBLE,0.0,1.0,EXPLOITATION,0
public_05,public_05_day_34,34,syn_2f057a3c05913d701d608a8b13727219,syn_d14e8e3bc349a408cacb453a7abffef8,FEASIBLE,1.0,1.0,EXPLOITATION,1
public_05,public_05_day_34,34,syn_2455179885e7a5cdd0d701736adad366,syn_d28061e75589e2ff0d7526ffe3542260,FEASIBLE,1.0,1.0,EXPLOITATION,1
public_05,public_05_day_34,34,syn_dc0858337c792155030cc8fbec54eec3,syn_590a56783612729510c25839298559af,FEASIBLE,1.0,1.0,EXPLOITATION,1
public_05,public_05_day_34,34,syn_ac039c8f01ab45ccabebd9c693b3f163,syn_63cfd88b7a8214239fa0cb2b84e40d46,FEASIBLE,1.0,1.0,EXPLORATION,1
public_05,public_05_day_34,34,syn_f52d998f7b3adeed3355e5e1ddd5221d,syn_f8eb160de9f82987145dcf9bd6c14111,FEASIBLE,0.85,1.0,EXPLOITATION,1
public_05,public_05_day_34,34,syn_67b0f6eb14762eb08d8efed7fa00de7a,syn_6dfa6319d5843197875fd20f90b4f507,FEASIBLE,0.7499999999999999,1.0,EXPLOITATION,1
public_05,public_05_day_34,34,syn_ed73a5ffcde32d3d29c33a9428f04344,syn_75273d30606bde7fe1c8835426415983,FEASIBLE,0.65,1.0,EXPLOITATION,1
public_05,public_05_day_34,34,syn_daae70040111edbb049035d2a01a3d36,syn_e00e10705d734ac68710874d558dc113,FEASIBLE,0.6,1.0,EXPLOITATION,1
public_05,public_05_day_34,34,syn_23170a23564440a1d4402bade96fbeaa,syn_7e4f49ce22a2dc79ca61ba0bc89f0f82,FEASIBLE,0.55,1.0,EXPLOITATION,1
public_05,public_05_day_34,34,syn_b30ea3f02d38b8923b5460bfef0e7833,syn_0cc07e96f676a5d559cbc5e653e33702,FEASIBLE,0.5,1.0,EXPLOITATION,1
public_05,public_05_day_34,34,syn_a242f7d8327c808790c0d4811d284b0f,syn_e6b57e07ceafd25bccb206402eb52056,FEASIBLE,0.25,1.0,EXPLOITATION,1
public_05,public_05_day_34,34,syn_eada6f0a34c5cf0b2f06296178a0c151,syn_f6dd627d1108f9a47392d79f0b9097f5,FEASIBLE,0.15,1.0,EXPLOITATION,1
public_05,public_05_day_34,34,syn_e4fef32cad521b8353e4ea2998891934,syn_221878d393f071a58d95cb551a7526b0,FEASIBLE,0.0,1.0,EXPLOITATION,1
public_05,public_05_day_34,34,syn_d972a517765f7d71a85724b9e4c75331,syn_5863c08fc3f248b07a841a4d6511e6fc,FEASIBLE,0.0,1.0,EXPLOITATION,1
public_05,public_05_day_34,34,syn_b6369e410635234f5beb89e67f56ad47,syn_6c730c5a5781af7f9e2b80ea146f1771,FEASIBLE,0.0,1.0,EXPLOITATION,1
public_05,public_05_day_34,34,syn_4f070b9e8e1937e0c4f475679f709212,syn_4e4f8a89ffdf53a7a00e056676176947,FEASIBLE,0.0,1.0,EXPLOITATION,1
public_05,public_05_day_34,34,syn_ccf2ffc5c3c46880ac055917f6db70d1,syn_157edf54df236ac31689f77dc50f5ff1,FEASIBLE,0.0,1.0,EXPLOITATION,1
public_05,public_05_day_34,34,syn_32431bcfe5fcb7cce07e8b444d497c9c,syn_3788539c7c8062cd932e2b427024d8ea,FEASIBLE,0.0,1.0,EXPLOITATION,1
public_05,public_05_day_34,34,syn_955a8bdca2d80121eeda9df1c5b47f0d,syn_3ff803cc4309f41eb7e9181d17112507,FEASIBLE,0.0,1.0,EXPLOITATION,1
public_05,public_05_day_34,34,syn_3629e30d62cfc4882e782ef72b076973,syn_d3e2d8f77d4d02c0acbb83cb17567a95,FEASIBLE,0.0,1.0,EXPLOITATION,1
public_05,public_05_day_34,34,syn_c6bb9b0b7fc676c3f6005dcf8489ce2f,syn_04e14bb2ba3ef2f338b787a065feb029,FEASIBLE,0.0,1.0,EXPLOITATION,1
public_05,public_05_day_34,34,syn_ddffc7d6a417e25916ed2eab0982b3c8,syn_20015b9f913e9730ed42ef967dc1d64e,FEASIBLE,0.0,1.0,EXPLOITATION,1
public_05,public_05_day_34,34,syn_0766aba8ddd61a47df3dbb63375de874,syn_ae494b453b2b66f7bbd82e220000b1f3,FEASIBLE,0.0,1.0,EXPLOITATION,1
public_05,public_05_day_34,34,syn_4da096510159e7ed67bcea8df1fd9276,syn_a6346867188be48c086974c8aa3d5967,FEASIBLE,0.0,1.0,EXPLOITATION,1
public_05,public_05_day_34,34,syn_36b3b69ccaea82d40d69f92264d42798,syn_bb7b6073c8216ea13025eadbfeb27f2c,FEASIBLE,0.0,1.0,EXPLOITATION,1
public_05,public_05_day_34,34,syn_1ab52096a2599eef55733d91101816d8,syn_21b698c1e3f90d1bd65d6ad2d9ef441f,FEASIBLE,0.0,1.0,EXPLOITATION,1
public_05,public_05_day_34,34,syn_9fb3c613a617b17a29a795544a56781a,syn_ecf32b641332b65d333f47c3978a17c0,FEASIBLE,0.0,1.0,EXPLOITATION,1
public_05,public_05_day_34,34,syn_0e10d543d7c883b4d5fe21bb13c7d538,syn_5bebeccf17480908bbd31f4c4aac6692,FEASIBLE,0.0,1.0,EXPLOITATION,1
public_05,public_05_day_34,34,syn_a624629294f6a7e9435457352ce33a91,syn_0c8744e4024204f6c04a07e714258d47,FEASIBLE,0.0,1.0,EXPLOITATION,1
public_05,public_05_day_34,34,syn_ac039c8f01ab45ccabebd9c693b3f163,syn_a799c85755c403dbcb0fff1d232470ba,FEASIBLE,0.6,1.0,EXPLORATION,0
public_05,public_05_day_34,34,syn_f52d998f7b3adeed3355e5e1ddd5221d,syn_4a30986e184de09da4d488e6dc42ec50,FEASIBLE,0.5499999999999999,1.0,EXPLOITATION,0
public_05,public_05_day_34,34,syn_3629e30d62cfc4882e782ef72b076973,syn_f52d998f7b3adeed3355e5e1ddd5221d,FEASIBLE,0.4,1.0,EXPLORATION,0
public_05,public_05_day_34,34,syn_2455179885e7a5cdd0d701736adad366,syn_ac039c8f01ab45ccabebd9c693b3f163,FEASIBLE,0.35,1.0,EXPLOITATION,0
public_05,public_05_day_34,34,syn_daae70040111edbb049035d2a01a3d36,syn_d14e8e3bc349a408cacb453a7abffef8,FEASIBLE,0.35,1.0,EXPLOITATION,0
public_05,public_05_day_34,34,syn_ed73a5ffcde32d3d29c33a9428f04344,syn_e6b57e07ceafd25bccb206402eb52056,FEASIBLE,0.25,1.0,EXPLOITATION,0
public_05,public_05_day_34,34,syn_0cf9e38720b54f715da4f4930ee5b602,syn_f52d998f7b3adeed3355e5e1ddd5221d,FEASIBLE,0.15000000000000002,1.0,EXPLORATION,0
public_05,public_05_day_34,34,syn_e00e10705d734ac68710874d558dc113,syn_f52d998f7b3adeed3355e5e1ddd5221d,FEASIBLE,0.1,1.0,EXPLORATION,0
public_05,public_05_day_34,34,syn_d972a517765f7d71a85724b9e4c75331,syn_491d2caa03074de80577fcadbbb7619c,FEASIBLE,0.0,1.0,EXPLOITATION,0
public_05,public_05_day_34,34,syn_d972a517765f7d71a85724b9e4c75331,syn_578b39a83f01b0166432cb202fd75c89,FEASIBLE,0.0,1.0,EXPLORATION,0
public_05,public_05_day_34,34,syn_b6369e410635234f5beb89e67f56ad47,syn_157edf54df236ac31689f77dc50f5ff1,FEASIBLE,0.0,1.0,EXPLOITATION,0
public_05,public_05_day_34,34,syn_b6369e410635234f5beb89e67f56ad47,syn_db312ab6c0a68a9e3f8205fb47155607,FEASIBLE,0.0,1.0,EXPLOITATION,0
public_05,public_05_day_34,34,syn_2f057a3c05913d701d608a8b13727219,syn_8f15f01517ad9b1f664750c54ede74a8,FEASIBLE,0.0,1.0,EXPLOITATION,0
public_05,public_05_day_34,34,syn_ed73a5ffcde32d3d29c33a9428f04344,syn_ae494b453b2b66f7bbd82e220000b1f3,FEASIBLE,0.0,1.0,EXPLOITATION,0
public_05,public_05_day_34,34,syn_4f070b9e8e1937e0c4f475679f709212,syn_8764c010aa61f8a9ccfb46ff1fa0b580,FEASIBLE,0.0,1.0,EXPLOITATION,0
public_05,public_05_day_34,34,syn_955a8bdca2d80121eeda9df1c5b47f0d,syn_bcb4cd3462c6c653b18dbb6457218610,FEASIBLE,0.0,1.0,EXPLOITATION,0
public_05,public_05_day_34,34,syn_afdaa75baf08ca510d1c9d73a1ee0983,syn_590a56783612729510c25839298559af,FEASIBLE,0.0,1.0,EXPLOITATION,0
public_05,public_05_day_34,34,syn_67b0f6eb14762eb08d8efed7fa00de7a,syn_9b1639c7077b8d46da5a9cfd4b905450,FEASIBLE,0.0,1.0,EXPLORATION,0
public_05,public_05_day_34,34,syn_67b0f6eb14762eb08d8efed7fa00de7a,syn_d01ad0eb624507f7e0acfcf4b966fd87,FEASIBLE,0.0,1.0,EXPLOITATION,0
public_05,public_05_day_34,34,syn_e00e10705d734ac68710874d558dc113,syn_57075763fca69b7e34ab38ec4ef39c2c,FEASIBLE,0.0,1.0,EXPLOITATION,0
public_05,public_05_day_34,34,syn_e00e10705d734ac68710874d558dc113,syn_e6b57e07ceafd25bccb206402eb52056,FEASIBLE,0.0,1.0,EXPLOITATION,0
public_05,public_05_day_34,34,syn_f52d998f7b3adeed3355e5e1ddd5221d,syn_04e14bb2ba3ef2f338b787a065feb029,FEASIBLE,0.0,1.0,EXPLOITATION,0
public_05,public_05_day_34,34,syn_f52d998f7b3adeed3355e5e1ddd5221d,syn_d14e8e3bc349a408cacb453a7abffef8,FEASIBLE,0.0,1.0,EXPLORATION,0
public_05,public_05_day_34,34,syn_f52d998f7b3adeed3355e5e1ddd5221d,syn_9fb3c613a617b17a29a795544a56781a,FEASIBLE,0.0,1.0,EXPLOITATION,0
public_05,public_05_day_34,34,syn_f52d998f7b3adeed3355e5e1ddd5221d,syn_d01ad0eb624507f7e0acfcf4b966fd87,FEASIBLE,0.0,1.0,EXPLOITATION,0
public_05,public_05_day_34,34,syn_f52d998f7b3adeed3355e5e1ddd5221d,syn_d3e2d8f77d4d02c0acbb83cb17567a95,FEASIBLE,0.0,1.0,EXPLOITATION,0
public_05,public_05_day_34,34,syn_4da096510159e7ed67bcea8df1fd9276,syn_6dfa6319d5843197875fd20f90b4f507,FEASIBLE,0.0,1.0,EXPLOITATION,0
public_05,public_05_day_34,34,syn_4da096510159e7ed67bcea8df1fd9276,syn_3874834f8c41d2239a31fdac33f50e4a,FEASIBLE,0.0,1.0,EXPLOITATION,0
public_05,public_05_day_34,34,syn_04e14bb2ba3ef2f338b787a065feb029,syn_f8eb160de9f82987145dcf9bd6c14111,FEASIBLE,0.0,1.0,EXPLOITATION,0
public_05,public_05_day_34,34,syn_04e14bb2ba3ef2f338b787a065feb029,syn_841449c5ffad42316e8555e53d6ee113,FEASIBLE,0.0,1.0,EXPLOITATION,0
public_05,public_05_day_34,34,syn_04e14bb2ba3ef2f338b787a065feb029,syn_0c8744e4024204f6c04a07e714258d47,FEASIBLE,0.0,1.0,EXPLOITATION,0
public_05,public_05_day_34,34,syn_bb7b6073c8216ea13025eadbfeb27f2c,syn_ea8329bfa41c9122f997b0665abb1eef,FEASIBLE,0.0,1.0,EXPLORATION,0
public_05,public_05_day_34,34,syn_d14e8e3bc349a408cacb453a7abffef8,syn_57075763fca69b7e34ab38ec4ef39c2c,FEASIBLE,0.0,1.0,EXPLOITATION,0
public_05,public_05_day_34,34,syn_d14e8e3bc349a408cacb453a7abffef8,syn_8f15f01517ad9b1f664750c54ede74a8,FEASIBLE,0.0,1.0,EXPLOITATION,0
public_05,public_05_day_34,34,syn_d14e8e3bc349a408cacb453a7abffef8,syn_e6b57e07ceafd25bccb206402eb52056,FEASIBLE,0.0,1.0,EXPLOITATION,0
public_05,public_05_day_34,34,syn_0e10d543d7c883b4d5fe21bb13c7d538,syn_18f948424eec53d257c5c8d8112eb9d1,FEASIBLE,0.0,1.0,EXPLOITATION,0
public_05,public_05_day_34,34,syn_4e4f8a89ffdf53a7a00e056676176947,syn_8764c010aa61f8a9ccfb46ff1fa0b580,FEASIBLE,0.0,1.0,EXPLOITATION,0
public_05,public_05_day_34,34,syn_a6346867188be48c086974c8aa3d5967,syn_3874834f8c41d2239a31fdac33f50e4a,FEASIBLE,0.0,1.0,EXPLOITATION,0
public_05,public_05_day_35,35,syn_2f057a3c05913d701d608a8b13727219,syn_d14e8e3bc349a408cacb453a7abffef8,FEASIBLE,1.0,1.0,EXPLOITATION,1
public_05,public_05_day_35,35,syn_2455179885e7a5cdd0d701736adad366,syn_d28061e75589e2ff0d7526ffe3542260,FEASIBLE,1.0,1.0,EXPLOITATION,1
public_05,public_05_day_35,35,syn_dc0858337c792155030cc8fbec54eec3,syn_590a56783612729510c25839298559af,FEASIBLE,1.0,1.0,EXPLOITATION,1
public_05,public_05_day_35,35,syn_ac039c8f01ab45ccabebd9c693b3f163,syn_63cfd88b7a8214239fa0cb2b84e40d46,FEASIBLE,1.0,1.0,EXPLOITATION,1
public_05,public_05_day_35,35,syn_6386031efeb54abdfa96637beb180642,syn_9fb3c613a617b17a29a795544a56781a,FEASIBLE,1.0,1.0,EXPLOITATION,1
public_05,public_05_day_35,35,syn_f52d998f7b3adeed3355e5e1ddd5221d,syn_f8eb160de9f82987145dcf9bd6c14111,FEASIBLE,0.85,1.0,EXPLOITATION,1
public_05,public_05_day_35,35,syn_67b0f6eb14762eb08d8efed7fa00de7a,syn_6dfa6319d5843197875fd20f90b4f507,FEASIBLE,0.7499999999999999,1.0,EXPLOITATION,1
public_05,public_05_day_35,35,syn_ed73a5ffcde32d3d29c33a9428f04344,syn_75273d30606bde7fe1c8835426415983,FEASIBLE,0.65,1.0,EXPLOITATION,1
public_05,public_05_day_35,35,syn_daae70040111edbb049035d2a01a3d36,syn_e00e10705d734ac68710874d558dc113,FEASIBLE,0.6,1.0,EXPLOITATION,1
public_05,public_05_day_35,35,syn_23170a23564440a1d4402bade96fbeaa,syn_7e4f49ce22a2dc79ca61ba0bc89f0f82,FEASIBLE,0.55,1.0,EXPLOITATION,1
public_05,public_05_day_35,35,syn_b30ea3f02d38b8923b5460bfef0e7833,syn_0cc07e96f676a5d559cbc5e653e33702,FEASIBLE,0.5,1.0,EXPLOITATION,1
public_05,public_05_day_35,35,syn_0cf9e38720b54f715da4f4930ee5b602,syn_d1ce45f75d93596c81ae980e72fec48f,FEASIBLE,0.25,1.0,EXPLOITATION,1
public_05,public_05_day_35,35,syn_a242f7d8327c808790c0d4811d284b0f,syn_e6b57e07ceafd25bccb206402eb52056,FEASIBLE,0.25,1.0,EXPLOITATION,1
public_05,public_05_day_35,35,syn_eada6f0a34c5cf0b2f06296178a0c151,syn_f6dd627d1108f9a47392d79f0b9097f5,FEASIBLE,0.15,1.0,EXPLOITATION,1
public_05,public_05_day_35,35,syn_e4fef32cad521b8353e4ea2998891934,syn_221878d393f071a58d95cb551a7526b0,FEASIBLE,0.0,1.0,EXPLOITATION,1
public_05,public_05_day_35,35,syn_d972a517765f7d71a85724b9e4c75331,syn_5863c08fc3f248b07a841a4d6511e6fc,FEASIBLE,0.0,1.0,EXPLOITATION,1
public_05,public_05_day_35,35,syn_b6369e410635234f5beb89e67f56ad47,syn_6c730c5a5781af7f9e2b80ea146f1771,FEASIBLE,0.0,1.0,EXPLOITATION,1
public_05,public_05_day_35,35,syn_4f070b9e8e1937e0c4f475679f709212,syn_4e4f8a89ffdf53a7a00e056676176947,FEASIBLE,0.0,1.0,EXPLOITATION,1
public_05,public_05_day_35,35,syn_ccf2ffc5c3c46880ac055917f6db70d1,syn_157edf54df236ac31689f77dc50f5ff1,FEASIBLE,0.0,1.0,EXPLOITATION,1
public_05,public_05_day_35,35,syn_32431bcfe5fcb7cce07e8b444d497c9c,syn_3788539c7c8062cd932e2b427024d8ea,FEASIBLE,0.0,1.0,EXPLOITATION,1
public_05,public_05_day_35,35,syn_955a8bdca2d80121eeda9df1c5b47f0d,syn_3ff803cc4309f41eb7e9181d17112507,FEASIBLE,0.0,1.0,EXPLOITATION,1
public_05,public_05_day_35,35,syn_4a7b247271af5287477fd12588891a87,syn_ecf32b641332b65d333f47c3978a17c0,FEASIBLE,0.0,1.0,EXPLOITATION,1
public_05,public_05_day_35,35,syn_3629e30d62cfc4882e782ef72b076973,syn_d3e2d8f77d4d02c0acbb83cb17567a95,FEASIBLE,0.0,1.0,EXPLOITATION,1
public_05,public_05_day_35,35,syn_c6bb9b0b7fc676c3f6005dcf8489ce2f,syn_04e14bb2ba3ef2f338b787a065feb029,FEASIBLE,0.0,1.0,EXPLOITATION,1
public_05,public_05_day_35,35,syn_ddffc7d6a417e25916ed2eab0982b3c8,syn_20015b9f913e9730ed42ef967dc1d64e,FEASIBLE,0.0,1.0,EXPLOITATION,1
public_05,public_05_day_35,35,syn_0766aba8ddd61a47df3dbb63375de874,syn_ae494b453b2b66f7bbd82e220000b1f3,FEASIBLE,0.0,1.0,EXPLOITATION,1
public_05,public_05_day_35,35,syn_4da096510159e7ed67bcea8df1fd9276,syn_a6346867188be48c086974c8aa3d5967,FEASIBLE,0.0,1.0,EXPLOITATION,1
public_05,public_05_day_35,35,syn_36b3b69ccaea82d40d69f92264d42798,syn_bb7b6073c8216ea13025eadbfeb27f2c,FEASIBLE,0.0,1.0,EXPLOITATION,1
public_05,public_05_day_35,35,syn_1ab52096a2599eef55733d91101816d8,syn_21b698c1e3f90d1bd65d6ad2d9ef441f,FEASIBLE,0.0,1.0,EXPLOITATION,1
public_05,public_05_day_35,35,syn_0e10d543d7c883b4d5fe21bb13c7d538,syn_5bebeccf17480908bbd31f4c4aac6692,FEASIBLE,0.0,1.0,EXPLOITATION,1
public_05,public_05_day_35,35,syn_a624629294f6a7e9435457352ce33a91,syn_0c8744e4024204f6c04a07e714258d47,FEASIBLE,0.0,1.0,EXPLOITATION,1
public_05,public_05_day_35,35,syn_f52d998f7b3adeed3355e5e1ddd5221d,syn_d1ce45f75d93596c81ae980e72fec48f,FEASIBLE,0.7,1.0,EXPLOITATION,0
public_05,public_05_day_35,35,syn_ac039c8f01ab45ccabebd9c693b3f163,syn_a799c85755c403dbcb0fff1d232470ba,FEASIBLE,0.6,1.0,EXPLORATION,0
public_05,public_05_day_35,35,syn_f52d998f7b3adeed3355e5e1ddd5221d,syn_4a30986e184de09da4d488e6dc42ec50,FEASIBLE,0.5499999999999999,1.0,EXPLOITATION,0
public_05,public_05_day_35,35,syn_3629e30d62cfc4882e782ef72b076973,syn_f52d998f7b3adeed3355e5e1ddd5221d,FEASIBLE,0.4,1.0,EXPLORATION,0
public_05,public_05_day_35,35,syn_67b0f6eb14762eb08d8efed7fa00de7a,syn_d1ce45f75d93596c81ae980e72fec48f,FEASIBLE,0.4,1.0,EXPLOITATION,0
public_05,public_05_day_35,35,syn_2455179885e7a5cdd0d701736adad366,syn_ac039c8f01ab45ccabebd9c693b3f163,FEASIBLE,0.35,1.0,EXPLOITATION,0
public_05,public_05_day_35,35,syn_daae70040111edbb049035d2a01a3d36,syn_d14e8e3bc349a408cacb453a7abffef8,FEASIBLE,0.35,1.0,EXPLOITATION,0
public_05,public_05_day_35,35,syn_ed73a5ffcde32d3d29c33a9428f04344,syn_e6b57e07ceafd25bccb206402eb52056,FEASIBLE,0.25,1.0,EXPLOITATION,0
public_05,public_05_day_35,35,syn_d1ce45f75d93596c81ae980e72fec48f,syn_6386031efeb54abdfa96637beb180642,FEASIBLE,0.2,1.0,EXPLOITATION,0
public_05,public_05_day_35,35,syn_0cf9e38720b54f715da4f4930ee5b602,syn_f52d998f7b3adeed3355e5e1ddd5221d,FEASIBLE,0.15000000000000002,1.0,EXPLORATION,0
public_05,public_05_day_35,35,syn_e00e10705d734ac68710874d558dc113,syn_f52d998f7b3adeed3355e5e1ddd5221d,FEASIBLE,0.1,1.0,EXPLORATION,0
public_05,public_05_day_35,35,syn_d972a517765f7d71a85724b9e4c75331,syn_491d2caa03074de80577fcadbbb7619c,FEASIBLE,0.0,1.0,EXPLOITATION,0
public_05,public_05_day_35,35,syn_d972a517765f7d71a85724b9e4c75331,syn_578b39a83f01b0166432cb202fd75c89,FEASIBLE,0.0,1.0,EXPLORATION,0
public_05,public_05_day_35,35,syn_b6369e410635234f5beb89e67f56ad47,syn_157edf54df236ac31689f77dc50f5ff1,FEASIBLE,0.0,1.0,EXPLOITATION,0
public_05,public_05_day_35,35,syn_b6369e410635234f5beb89e67f56ad47,syn_db312ab6c0a68a9e3f8205fb47155607,FEASIBLE,0.0,1.0,EXPLOITATION,0
public_05,public_05_day_35,35,syn_2f057a3c05913d701d608a8b13727219,syn_8f15f01517ad9b1f664750c54ede74a8,FEASIBLE,0.0,1.0,EXPLOITATION,0
public_05,public_05_day_35,35,syn_ed73a5ffcde32d3d29c33a9428f04344,syn_ae494b453b2b66f7bbd82e220000b1f3,FEASIBLE,0.0,1.0,EXPLOITATION,0
public_05,public_05_day_35,35,syn_4f070b9e8e1937e0c4f475679f709212,syn_8764c010aa61f8a9ccfb46ff1fa0b580,FEASIBLE,0.0,1.0,EXPLOITATION,0
public_05,public_05_day_35,35,syn_955a8bdca2d80121eeda9df1c5b47f0d,syn_bcb4cd3462c6c653b18dbb6457218610,FEASIBLE,0.0,1.0,EXPLOITATION,0
public_05,public_05_day_35,35,syn_4a7b247271af5287477fd12588891a87,syn_f52d998f7b3adeed3355e5e1ddd5221d,FEASIBLE,0.0,1.0,EXPLOITATION,0
public_05,public_05_day_35,35,syn_4a7b247271af5287477fd12588891a87,syn_d1ce45f75d93596c81ae980e72fec48f,FEASIBLE,0.0,1.0,EXPLORATION,0
public_05,public_05_day_35,35,syn_4a7b247271af5287477fd12588891a87,syn_6386031efeb54abdfa96637beb180642,FEASIBLE,0.0,1.0,EXPLOITATION,0
public_05,public_05_day_35,35,syn_afdaa75baf08ca510d1c9d73a1ee0983,syn_590a56783612729510c25839298559af,FEASIBLE,0.0,1.0,EXPLOITATION,0
public_05,public_05_day_35,35,syn_67b0f6eb14762eb08d8efed7fa00de7a,syn_9b1639c7077b8d46da5a9cfd4b905450,FEASIBLE,0.0,1.0,EXPLORATION,0
public_05,public_05_day_35,35,syn_67b0f6eb14762eb08d8efed7fa00de7a,syn_d01ad0eb624507f7e0acfcf4b966fd87,FEASIBLE,0.0,1.0,EXPLOITATION,0
public_05,public_05_day_35,35,syn_e00e10705d734ac68710874d558dc113,syn_57075763fca69b7e34ab38ec4ef39c2c,FEASIBLE,0.0,1.0,EXPLOITATION,0
public_05,public_05_day_35,35,syn_e00e10705d734ac68710874d558dc113,syn_e6b57e07ceafd25bccb206402eb52056,FEASIBLE,0.0,1.0,EXPLOITATION,0
public_05,public_05_day_35,35,syn_f52d998f7b3adeed3355e5e1ddd5221d,syn_59ff3e1be8b80799f03c9a0adcc9a8f7,FEASIBLE,0.0,1.0,EXPLORATION,0
public_05,public_05_day_35,35,syn_f52d998f7b3adeed3355e5e1ddd5221d,syn_04e14bb2ba3ef2f338b787a065feb029,FEASIBLE,0.0,1.0,EXPLOITATION,0
public_05,public_05_day_35,35,syn_f52d998f7b3adeed3355e5e1ddd5221d,syn_6386031efeb54abdfa96637beb180642,FEASIBLE,0.0,1.0,EXPLOITATION,0
public_05,public_05_day_35,35,syn_f52d998f7b3adeed3355e5e1ddd5221d,syn_d14e8e3bc349a408cacb453a7abffef8,FEASIBLE,0.0,1.0,EXPLORATION,0
public_05,public_05_day_35,35,syn_f52d998f7b3adeed3355e5e1ddd5221d,syn_9fb3c613a617b17a29a795544a56781a,FEASIBLE,0.0,1.0,EXPLOITATION,0
public_05,public_05_day_35,35,syn_f52d998f7b3adeed3355e5e1ddd5221d,syn_d01ad0eb624507f7e0acfcf4b966fd87,FEASIBLE,0.0,1.0,EXPLOITATION,0
public_05,public_05_day_35,35,syn_f52d998f7b3adeed3355e5e1ddd5221d,syn_d3e2d8f77d4d02c0acbb83cb17567a95,FEASIBLE,0.0,1.0,EXPLOITATION,0
public_05,public_05_day_35,35,syn_59ff3e1be8b80799f03c9a0adcc9a8f7,syn_04e14bb2ba3ef2f338b787a065feb029,FEASIBLE,0.0,1.0,EXPLORATION,0
public_05,public_05_day_35,35,syn_59ff3e1be8b80799f03c9a0adcc9a8f7,syn_d1ce45f75d93596c81ae980e72fec48f,FEASIBLE,0.0,1.0,EXPLORATION,0
public_05,public_05_day_35,35,syn_59ff3e1be8b80799f03c9a0adcc9a8f7,syn_6386031efeb54abdfa96637beb180642,FEASIBLE,0.0,1.0,EXPLORATION,0
public_05,public_05_day_35,35,syn_4da096510159e7ed67bcea8df1fd9276,syn_6dfa6319d5843197875fd20f90b4f507,FEASIBLE,0.0,1.0,EXPLOITATION,0
public_05,public_05_day_35,35,syn_4da096510159e7ed67bcea8df1fd9276,syn_3874834f8c41d2239a31fdac33f50e4a,FEASIBLE,0.0,1.0,EXPLOITATION,0
public_05,public_05_day_35,35,syn_04e14bb2ba3ef2f338b787a065feb029,syn_f8eb160de9f82987145dcf9bd6c14111,FEASIBLE,0.0,1.0,EXPLOITATION,0
public_05,public_05_day_35,35,syn_04e14bb2ba3ef2f338b787a065feb029,syn_841449c5ffad42316e8555e53d6ee113,FEASIBLE,0.0,1.0,EXPLOITATION,0
public_05,public_05_day_35,35,syn_04e14bb2ba3ef2f338b787a065feb029,syn_6386031efeb54abdfa96637beb180642,FEASIBLE,0.0,1.0,EXPLOITATION,0
public_05,public_05_day_35,35,syn_04e14bb2ba3ef2f338b787a065feb029,syn_0c8744e4024204f6c04a07e714258d47,FEASIBLE,0.0,1.0,EXPLOITATION,0
public_05,public_05_day_35,35,syn_bb7b6073c8216ea13025eadbfeb27f2c,syn_ea8329bfa41c9122f997b0665abb1eef,FEASIBLE,0.0,1.0,EXPLORATION,0
public_05,public_05_day_35,35,syn_d1ce45f75d93596c81ae980e72fec48f,syn_9fb3c613a617b17a29a795544a56781a,FEASIBLE,0.0,1.0,EXPLOITATION,0
public_05,public_05_day_35,35,syn_d1ce45f75d93596c81ae980e72fec48f,syn_d01ad0eb624507f7e0acfcf4b966fd87,FEASIBLE,0.0,1.0,EXPLOITATION,0
public_05,public_05_day_35,35,syn_d14e8e3bc349a408cacb453a7abffef8,syn_57075763fca69b7e34ab38ec4ef39c2c,FEASIBLE,0.0,1.0,EXPLOITATION,0
public_05,public_05_day_35,35,syn_d14e8e3bc349a408cacb453a7abffef8,syn_8f15f01517ad9b1f664750c54ede74a8,FEASIBLE,0.0,1.0,EXPLOITATION,0
public_05,public_05_day_35,35,syn_d14e8e3bc349a408cacb453a7abffef8,syn_e6b57e07ceafd25bccb206402eb52056,FEASIBLE,0.0,1.0,EXPLOITATION,0
public_05,public_05_day_35,35,syn_9fb3c613a617b17a29a795544a56781a,syn_ecf32b641332b65d333f47c3978a17c0,FEASIBLE,0.0,1.0,EXPLOITATION,0
public_05,public_05_day_35,35,syn_0e10d543d7c883b4d5fe21bb13c7d538,syn_18f948424eec53d257c5c8d8112eb9d1,FEASIBLE,0.0,1.0,EXPLOITATION,0
public_05,public_05_day_35,35,syn_4e4f8a89ffdf53a7a00e056676176947,syn_8764c010aa61f8a9ccfb46ff1fa0b580,FEASIBLE,0.0,1.0,EXPLOITATION,0
public_05,public_05_day_35,35,syn_a6346867188be48c086974c8aa3d5967,syn_3874834f8c41d2239a31fdac33f50e4a,FEASIBLE,0.0,1.0,EXPLOITATION,0
public_06,public_06_day_3,3,syn_ef3ec5a5d140ddb21b21b1ce436657ae,syn_b94fae7a1446ff7bb5cdefe8368f9f90,FEASIBLE,0.0,1.0,EXPLORATION,1
public_06,public_06_day_3,3,syn_0f2d06f448ad910379796f3c5f5c1ab1,syn_b94fae7a1446ff7bb5cdefe8368f9f90,FEASIBLE,0.0,1.0,EXPLORATION,0
public_06,public_06_day_4,4,syn_ef3ec5a5d140ddb21b21b1ce436657ae,syn_b94fae7a1446ff7bb5cdefe8368f9f90,FEASIBLE,0.0,1.0,EXPLOITATION,1
public_06,public_06_day_4,4,syn_0f2d06f448ad910379796f3c5f5c1ab1,syn_b94fae7a1446ff7bb5cdefe8368f9f90,FEASIBLE,0.0,1.0,EXPLORATION,0
public_06,public_06_day_5,5,syn_0f2d06f448ad910379796f3c5f5c1ab1,syn_3f8425ccd19a1308cd50bfe6286cdf0f,FEASIBLE,1.0,1.0,EXPLORATION,1
public_06,public_06_day_5,5,syn_8260455eb59a52afc98cccf5d43808c8,syn_b94fae7a1446ff7bb5cdefe8368f9f90,FEASIBLE,0.05,1.0,EXPLORATION,1
public_06,public_06_day_5,5,syn_8260455eb59a52afc98cccf5d43808c8,syn_3f8425ccd19a1308cd50bfe6286cdf0f,FEASIBLE,0.7,1.0,EXPLORATION,0
public_06,public_06_day_5,5,syn_fc49e2548689a82c39f848f66826b375,syn_3f8425ccd19a1308cd50bfe6286cdf0f,FEASIBLE,0.5,1.0,EXPLORATION,0
public_06,public_06_day_5,5,syn_9d73fd68d0f77941e6ecc9252178ab33,syn_3f8425ccd19a1308cd50bfe6286cdf0f,FEASIBLE,0.5,1.0,EXPLORATION,0
public_06,public_06_day_5,5,syn_3f8425ccd19a1308cd50bfe6286cdf0f,syn_b7564d8895a2382fab350d729b182468,FEASIBLE,0.44999999999999996,1.0,EXPLORATION,0
public_06,public_06_day_5,5,syn_ef3ec5a5d140ddb21b21b1ce436657ae,syn_b94fae7a1446ff7bb5cdefe8368f9f90,FEASIBLE,0.0,1.0,EXPLOITATION,0
public_06,public_06_day_5,5,syn_0f2d06f448ad910379796f3c5f5c1ab1,syn_b94fae7a1446ff7bb5cdefe8368f9f90,FEASIBLE,0.0,1.0,EXPLORATION,0
public_06,public_06_day_5,5,syn_36edeb4cc50c76c4826bdf8313514294,syn_3f8425ccd19a1308cd50bfe6286cdf0f,FEASIBLE,0.0,1.0,EXPLORATION,0
public_06,public_06_day_6,6,syn_0f2d06f448ad910379796f3c5f5c1ab1,syn_3f8425ccd19a1308cd50bfe6286cdf0f,FEASIBLE,1.0,1.0,EXPLOITATION,1
public_06,public_06_day_6,6,syn_f5f64a7cff02dde0d10de1e8e2b33e10,syn_bf01f7e7bb92779ea8360e92cc83031e,FEASIBLE,0.75,1.0,EXPLORATION,1
public_06,public_06_day_6,6,syn_d4571dc0a23e2466dc16c47c35d3042d,syn_3e8ac8e9fbb491d5513434fbd4fc7cd6,FEASIBLE,0.5499999999999999,1.0,EXPLORATION,1
public_06,public_06_day_6,6,syn_a800c4360c4c83b1f3060ffd5dbcba75,syn_753f66768c1fc72197f73090e0d6fc62,FEASIBLE,0.5,1.0,EXPLORATION,1
public_06,public_06_day_6,6,syn_8260455eb59a52afc98cccf5d43808c8,syn_b94fae7a1446ff7bb5cdefe8368f9f90,FEASIBLE,0.05,1.0,EXPLOITATION,1
public_06,public_06_day_6,6,syn_ef3ec5a5d140ddb21b21b1ce436657ae,syn_908173542838b9c862e7f864030c7d1a,FEASIBLE,0.0,1.0,EXPLORATION,1
public_06,public_06_day_6,6,syn_8260455eb59a52afc98cccf5d43808c8,syn_3f8425ccd19a1308cd50bfe6286cdf0f,FEASIBLE,0.7,1.0,EXPLORATION,0
public_06,public_06_day_6,6,syn_3f8425ccd19a1308cd50bfe6286cdf0f,syn_3e8ac8e9fbb491d5513434fbd4fc7cd6,FEASIBLE,0.5499999999999999,1.0,EXPLORATION,0
public_06,public_06_day_6,6,syn_fc49e2548689a82c39f848f66826b375,syn_3f8425ccd19a1308cd50bfe6286cdf0f,FEASIBLE,0.5,1.0,EXPLORATION,0
public_06,public_06_day_6,6,syn_fbbb86a63551cd904716048e53130b3f,syn_753f66768c1fc72197f73090e0d6fc62,FEASIBLE,0.5,1.0,EXPLORATION,0
public_06,public_06_day_6,6,syn_3f8425ccd19a1308cd50bfe6286cdf0f,syn_b7564d8895a2382fab350d729b182468,FEASIBLE,0.44999999999999996,1.0,EXPLORATION,0
public_06,public_06_day_6,6,syn_f5f64a7cff02dde0d10de1e8e2b33e10,syn_3f8425ccd19a1308cd50bfe6286cdf0f,FEASIBLE,0.25,1.0,EXPLORATION,0
public_06,public_06_day_6,6,syn_d4571dc0a23e2466dc16c47c35d3042d,syn_f5f64a7cff02dde0d10de1e8e2b33e10,FEASIBLE,0.2,1.0,EXPLORATION,0
public_06,public_06_day_6,6,syn_3e8ac8e9fbb491d5513434fbd4fc7cd6,syn_bf01f7e7bb92779ea8360e92cc83031e,FEASIBLE,0.15,1.0,EXPLORATION,0
public_06,public_06_day_6,6,syn_a800c4360c4c83b1f3060ffd5dbcba75,syn_81c315c2b616bfcb16f0f431fefa8647,FEASIBLE,0.05,1.0,EXPLORATION,0
public_06,public_06_day_6,6,syn_ef3ec5a5d140ddb21b21b1ce436657ae,syn_b94fae7a1446ff7bb5cdefe8368f9f90,FEASIBLE,0.0,1.0,EXPLOITATION,0
public_06,public_06_day_6,6,syn_0f2d06f448ad910379796f3c5f5c1ab1,syn_b94fae7a1446ff7bb5cdefe8368f9f90,FEASIBLE,0.0,1.0,EXPLORATION,0
public_06,public_06_day_7,7,syn_0f2d06f448ad910379796f3c5f5c1ab1,syn_3f8425ccd19a1308cd50bfe6286cdf0f,FEASIBLE,1.0,1.0,EXPLOITATION,1
public_06,public_06_day_7,7,syn_f5f64a7cff02dde0d10de1e8e2b33e10,syn_bf01f7e7bb92779ea8360e92cc83031e,FEASIBLE,0.75,1.0,EXPLOITATION,1
public_06,public_06_day_7,7,syn_d4571dc0a23e2466dc16c47c35d3042d,syn_3e8ac8e9fbb491d5513434fbd4fc7cd6,FEASIBLE,0.5499999999999999,1.0,EXPLOITATION,1
public_06,public_06_day_7,7,syn_a800c4360c4c83b1f3060ffd5dbcba75,syn_753f66768c1fc72197f73090e0d6fc62,FEASIBLE,0.5,1.0,EXPLOITATION,1
public_06,public_06_day_7,7,syn_8260455eb59a52afc98cccf5d43808c8,syn_b94fae7a1446ff7bb5cdefe8368f9f90,FEASIBLE,0.05,1.0,EXPLOITATION,1
public_06,public_06_day_7,7,syn_ef3ec5a5d140ddb21b21b1ce436657ae,syn_908173542838b9c862e7f864030c7d1a,FEASIBLE,0.0,1.0,EXPLOITATION,1
public_06,public_06_day_7,7,syn_8260455eb59a52afc98cccf5d43808c8,syn_3f8425ccd19a1308cd50bfe6286cdf0f,FEASIBLE,0.7,1.0,EXPLORATION,0
public_06,public_06_day_7,7,syn_3f8425ccd19a1308cd50bfe6286cdf0f,syn_3e8ac8e9fbb491d5513434fbd4fc7cd6,FEASIBLE,0.5499999999999999,1.0,EXPLORATION,0
public_06,public_06_day_7,7,syn_fc49e2548689a82c39f848f66826b375,syn_3f8425ccd19a1308cd50bfe6286cdf0f,FEASIBLE,0.5,1.0,EXPLORATION,0
public_06,public_06_day_7,7,syn_fbbb86a63551cd904716048e53130b3f,syn_753f66768c1fc72197f73090e0d6fc62,FEASIBLE,0.5,1.0,EXPLORATION,0
public_06,public_06_day_7,7,syn_3f8425ccd19a1308cd50bfe6286cdf0f,syn_b7564d8895a2382fab350d729b182468,FEASIBLE,0.44999999999999996,1.0,EXPLORATION,0
public_06,public_06_day_7,7,syn_f5f64a7cff02dde0d10de1e8e2b33e10,syn_3f8425ccd19a1308cd50bfe6286cdf0f,FEASIBLE,0.25,1.0,EXPLORATION,0
public_06,public_06_day_7,7,syn_d4571dc0a23e2466dc16c47c35d3042d,syn_f5f64a7cff02dde0d10de1e8e2b33e10,FEASIBLE,0.2,1.0,EXPLORATION,0
public_06,public_06_day_7,7,syn_3e8ac8e9fbb491d5513434fbd4fc7cd6,syn_bf01f7e7bb92779ea8360e92cc83031e,FEASIBLE,0.15,1.0,EXPLORATION,0
public_06,public_06_day_7,7,syn_a800c4360c4c83b1f3060ffd5dbcba75,syn_81c315c2b616bfcb16f0f431fefa8647,FEASIBLE,0.05,1.0,EXPLORATION,0
public_06,public_06_day_7,7,syn_ef3ec5a5d140ddb21b21b1ce436657ae,syn_b94fae7a1446ff7bb5cdefe8368f9f90,FEASIBLE,0.0,1.0,EXPLOITATION,0
public_06,public_06_day_7,7,syn_0f2d06f448ad910379796f3c5f5c1ab1,syn_b94fae7a1446ff7bb5cdefe8368f9f90,FEASIBLE,0.0,1.0,EXPLORATION,0
public_06,public_06_day_7,7,syn_fb50edf55697d4bb5de3d06e1217c9c8,syn_3f8425ccd19a1308cd50bfe6286cdf0f,FEASIBLE,0.0,1.0,EXPLOITATION,0
public_06,public_06_day_8,8,syn_c6fb2e47f7f8c504e206e414bde32c98,syn_0c76ae3c872b370a16ecfc9e4dc86d93,FEASIBLE,0.0,1.0,EXPLORATION,1
public_06,public_06_day_8,8,syn_c6fb2e47f7f8c504e206e414bde32c98,syn_261c35150d12dad81532b5a40ac05ebe,FEASIBLE,0.0,1.0,EXPLORATION,0
public_06,public_06_day_9,9,syn_da27cb7eb32da3bbe0f1b2b21ba7e103,syn_91fee2996fe98a0b86f8b85b36a34e85,FEASIBLE,0.55,1.0,EXPLOITATION,1
public_06,public_06_day_9,9,syn_c6fb2e47f7f8c504e206e414bde32c98,syn_0c76ae3c872b370a16ecfc9e4dc86d93,FEASIBLE,0.0,1.0,EXPLOITATION,1
public_06,public_06_day_9,9,syn_c6fb2e47f7f8c504e206e414bde32c98,syn_261c35150d12dad81532b5a40ac05ebe,FEASIBLE,0.0,1.0,EXPLORATION,0
public_06,public_06_day_10,10,syn_da27cb7eb32da3bbe0f1b2b21ba7e103,syn_91fee2996fe98a0b86f8b85b36a34e85,FEASIBLE,0.55,1.0,EXPLOITATION,1
public_06,public_06_day_10,10,syn_c257f1135cd572b8727fa62f2bb54218,syn_072b504b76074da4be0703379e2ad417,FEASIBLE,0.0,1.0,EXPLORATION,1
public_06,public_06_day_10,10,syn_c6fb2e47f7f8c504e206e414bde32c98,syn_0c76ae3c872b370a16ecfc9e4dc86d93,FEASIBLE,0.0,1.0,EXPLOITATION,1
public_06,public_06_day_10,10,syn_80e68238319e11f1b8d38bc3e38deaec,syn_97adb9e517d4c8a9a951072cfae1b9a0,FEASIBLE,0.0,1.0,EXPLORATION,1
public_06,public_06_day_10,10,syn_c6fb2e47f7f8c504e206e414bde32c98,syn_261c35150d12dad81532b5a40ac05ebe,FEASIBLE,0.0,1.0,EXPLORATION,0
public_06,public_06_day_10,10,syn_80e68238319e11f1b8d38bc3e38deaec,syn_4f2dbfa74a0a3735df7052f344c53be6,FEASIBLE,0.0,1.0,EXPLORATION,0
public_06,public_06_day_11,11,syn_c257f1135cd572b8727fa62f2bb54218,syn_072b504b76074da4be0703379e2ad417,FEASIBLE,0.0,1.0,EXPLOITATION,1
public_06,public_06_day_11,11,syn_80d0286ab216c0b9b9144ecd996404f1,syn_4f9c2cd0705a5d3d6170c9bef6cf3e6b,FEASIBLE,0.0,1.0,EXPLORATION,1
public_06,public_06_day_11,11,syn_c6fb2e47f7f8c504e206e414bde32c98,syn_0c76ae3c872b370a16ecfc9e4dc86d93,FEASIBLE,0.0,1.0,EXPLOITATION,1
public_06,public_06_day_11,11,syn_24b1540ae74c6aa20d1b4a7cd8647bd3,syn_a5d2278639bc1c355462bcaf347c3ee2,FEASIBLE,0.0,1.0,EXPLORATION,1
public_06,public_06_day_11,11,syn_80e68238319e11f1b8d38bc3e38deaec,syn_97adb9e517d4c8a9a951072cfae1b9a0,FEASIBLE,0.0,1.0,EXPLOITATION,1
public_06,public_06_day_11,11,syn_c6fb2e47f7f8c504e206e414bde32c98,syn_261c35150d12dad81532b5a40ac05ebe,FEASIBLE,0.0,1.0,EXPLORATION,0
public_06,public_06_day_11,11,syn_80e68238319e11f1b8d38bc3e38deaec,syn_4f2dbfa74a0a3735df7052f344c53be6,FEASIBLE,0.0,1.0,EXPLOITATION,0
public_06,public_06_day_11,11,syn_4f2dbfa74a0a3735df7052f344c53be6,syn_a5d2278639bc1c355462bcaf347c3ee2,FEASIBLE,0.0,1.0,EXPLORATION,0
public_06,public_06_day_11,11,syn_a5d2278639bc1c355462bcaf347c3ee2,syn_6f52253d44737bcfc91f98ad842e5eb7,FEASIBLE,0.0,1.0,EXPLORATION,0
public_06,public_06_day_11,11,syn_4f9c2cd0705a5d3d6170c9bef6cf3e6b,syn_e37c95550d0dcf21333ba8e02e25ed61,FEASIBLE,0.0,1.0,EXPLORATION,0
public_06,public_06_day_11,11,syn_4f9c2cd0705a5d3d6170c9bef6cf3e6b,syn_63d2418ae761e5cb5bef73b6ec7e4100,FEASIBLE,0.0,1.0,EXPLORATION,0
public_06,public_06_day_12,12,syn_3f8425ccd19a1308cd50bfe6286cdf0f,syn_3e8ac8e9fbb491d5513434fbd4fc7cd6,FEASIBLE,0.5499999999999999,1.0,EXPLORATION,1
public_06,public_06_day_12,12,syn_bb53360e8a92b39d81a2f640f469f37a,syn_aa3d80edea1241f57f76f9cf8c7a6d7a,FEASIBLE,0.0,1.0,EXPLORATION,1
public_06,public_06_day_12,12,syn_c257f1135cd572b8727fa62f2bb54218,syn_072b504b76074da4be0703379e2ad417,FEASIBLE,0.0,1.0,EXPLOITATION,1
public_06,public_06_day_12,12,syn_e5f70d2eddbc8007889a8da96eff718a,syn_46251d99bccb19676a533b9e0a93813b,FEASIBLE,0.0,1.0,EXPLOITATION,1
public_06,public_06_day_12,12,syn_80d0286ab216c0b9b9144ecd996404f1,syn_4f9c2cd0705a5d3d6170c9bef6cf3e6b,FEASIBLE,0.0,1.0,EXPLOITATION,1
public_06,public_06_day_12,12,syn_c6fb2e47f7f8c504e206e414bde32c98,syn_0c76ae3c872b370a16ecfc9e4dc86d93,FEASIBLE,0.0,1.0,EXPLOITATION,1
public_06,public_06_day_12,12,syn_24b1540ae74c6aa20d1b4a7cd8647bd3,syn_a5d2278639bc1c355462bcaf347c3ee2,FEASIBLE,0.0,1.0,EXPLOITATION,1
public_06,public_06_day_12,12,syn_80e68238319e11f1b8d38bc3e38deaec,syn_97adb9e517d4c8a9a951072cfae1b9a0,FEASIBLE,0.0,1.0,EXPLOITATION,1
public_06,public_06_day_12,12,syn_fc49e2548689a82c39f848f66826b375,syn_3f8425ccd19a1308cd50bfe6286cdf0f,FEASIBLE,0.5,1.0,EXPLORATION,0
public_06,public_06_day_12,12,syn_3f8425ccd19a1308cd50bfe6286cdf0f,syn_b7564d8895a2382fab350d729b182468,FEASIBLE,0.44999999999999996,1.0,EXPLORATION,0
public_06,public_06_day_12,12,syn_3e8ac8e9fbb491d5513434fbd4fc7cd6,syn_bf01f7e7bb92779ea8360e92cc83031e,FEASIBLE,0.15,1.0,EXPLORATION,0
public_06,public_06_day_12,12,syn_acd396aca38889f3b27389b141192961,syn_aa3d80edea1241f57f76f9cf8c7a6d7a,FEASIBLE,0.0,1.0,EXPLORATION,0
public_06,public_06_day_12,12,syn_3775a78ebae5a31c01d0f6585035f7f1,syn_3e8ac8e9fbb491d5513434fbd4fc7cd6,FEASIBLE,0.0,1.0,EXPLORATION,0
public_06,public_06_day_12,12,syn_c6fb2e47f7f8c504e206e414bde32c98,syn_261c35150d12dad81532b5a40ac05ebe,FEASIBLE,0.0,1.0,EXPLOITATION,0
public_06,public_06_day_12,12,syn_80e68238319e11f1b8d38bc3e38deaec,syn_4f2dbfa74a0a3735df7052f344c53be6,FEASIBLE,0.0,1.0,EXPLOITATION,0
public_06,public_06_day_12,12,syn_fb50edf55697d4bb5de3d06e1217c9c8,syn_3f8425ccd19a1308cd50bfe6286cdf0f,FEASIBLE,0.0,1.0,EXPLOITATION,0
public_06,public_06_day_12,12,syn_4f2dbfa74a0a3735df7052f344c53be6,syn_a5d2278639bc1c355462bcaf347c3ee2,FEASIBLE,0.0,1.0,EXPLOITATION,0
public_06,public_06_day_12,12,syn_a5d2278639bc1c355462bcaf347c3ee2,syn_6f52253d44737bcfc91f98ad842e5eb7,FEASIBLE,0.0,1.0,EXPLOITATION,0
public_06,public_06_day_12,12,syn_4f9c2cd0705a5d3d6170c9bef6cf3e6b,syn_e37c95550d0dcf21333ba8e02e25ed61,FEASIBLE,0.0,1.0,EXPLOITATION,0
public_06,public_06_day_12,12,syn_4f9c2cd0705a5d3d6170c9bef6cf3e6b,syn_63d2418ae761e5cb5bef73b6ec7e4100,FEASIBLE,0.0,1.0,EXPLOITATION,0
public_06,public_06_day_12,12,syn_3f8425ccd19a1308cd50bfe6286cdf0f,syn_21088a5c922eaed02358c86ef07c7e65,FEASIBLE,0.0,1.0,EXPLORATION,0
public_06,public_06_day_12,12,syn_3e8ac8e9fbb491d5513434fbd4fc7cd6,syn_adae6bca85d991b0ccc09f987510b55e,FEASIBLE,0.0,1.0,EXPLORATION,0
public_06,public_06_day_13,13,syn_0f2d06f448ad910379796f3c5f5c1ab1,syn_3f8425ccd19a1308cd50bfe6286cdf0f,FEASIBLE,1.0,1.0,EXPLOITATION,1
public_06,public_06_day_13,13,syn_3e8ac8e9fbb491d5513434fbd4fc7cd6,syn_bf01f7e7bb92779ea8360e92cc83031e,FEASIBLE,0.15,1.0,EXPLORATION,1
public_06,public_06_day_13,13,syn_a800c4360c4c83b1f3060ffd5dbcba75,syn_81c315c2b616bfcb16f0f431fefa8647,FEASIBLE,0.05,1.0,EXPLORATION,1
public_06,public_06_day_13,13,syn_bb53360e8a92b39d81a2f640f469f37a,syn_aa3d80edea1241f57f76f9cf8c7a6d7a,FEASIBLE,0.0,1.0,EXPLOITATION,1
public_06,public_06_day_13,13,syn_96cf8dc7a102efb3150a9e083bf747bd,syn_8270b671dbaed1029b33ebfe15aff488,FEASIBLE,0.0,1.0,EXPLOITATION,1
public_06,public_06_day_13,13,syn_c257f1135cd572b8727fa62f2bb54218,syn_072b504b76074da4be0703379e2ad417,FEASIBLE,0.0,1.0,EXPLOITATION,1
public_06,public_06_day_13,13,syn_fc49e2548689a82c39f848f66826b375,syn_ded2ab7d044d20d0e958d52fc16172d9,FEASIBLE,0.0,1.0,EXPLORATION,1
public_06,public_06_day_13,13,syn_e5f70d2eddbc8007889a8da96eff718a,syn_46251d99bccb19676a533b9e0a93813b,FEASIBLE,0.0,1.0,EXPLOITATION,1
public_06,public_06_day_13,13,syn_80d0286ab216c0b9b9144ecd996404f1,syn_4f9c2cd0705a5d3d6170c9bef6cf3e6b,FEASIBLE,0.0,1.0,EXPLOITATION,1
public_06,public_06_day_13,13,syn_c6fb2e47f7f8c504e206e414bde32c98,syn_0c76ae3c872b370a16ecfc9e4dc86d93,FEASIBLE,0.0,1.0,EXPLOITATION,1
public_06,public_06_day_13,13,syn_24b1540ae74c6aa20d1b4a7cd8647bd3,syn_a5d2278639bc1c355462bcaf347c3ee2,FEASIBLE,0.0,1.0,EXPLOITATION,1
public_06,public_06_day_13,13,syn_80e68238319e11f1b8d38bc3e38deaec,syn_97adb9e517d4c8a9a951072cfae1b9a0,FEASIBLE,0.0,1.0,EXPLOITATION,1
public_06,public_06_day_13,13,syn_3f8425ccd19a1308cd50bfe6286cdf0f,syn_3e8ac8e9fbb491d5513434fbd4fc7cd6,FEASIBLE,0.5499999999999999,1.0,EXPLOITATION,0
public_06,public_06_day_13,13,syn_fc49e2548689a82c39f848f66826b375,syn_3f8425ccd19a1308cd50bfe6286cdf0f,FEASIBLE,0.5,1.0,EXPLORATION,0
public_06,public_06_day_13,13,syn_3f8425ccd19a1308cd50bfe6286cdf0f,syn_b7564d8895a2382fab350d729b182468,FEASIBLE,0.44999999999999996,1.0,EXPLOITATION,0
public_06,public_06_day_13,13,syn_acd396aca38889f3b27389b141192961,syn_aa3d80edea1241f57f76f9cf8c7a6d7a,FEASIBLE,0.0,1.0,EXPLORATION,0
public_06,public_06_day_13,13,syn_0f2d06f448ad910379796f3c5f5c1ab1,syn_ded2ab7d044d20d0e958d52fc16172d9,FEASIBLE,0.0,1.0,EXPLOITATION,0
public_06,public_06_day_13,13,syn_3775a78ebae5a31c01d0f6585035f7f1,syn_3e8ac8e9fbb491d5513434fbd4fc7cd6,FEASIBLE,0.0,1.0,EXPLORATION,0
public_06,public_06_day_13,13,syn_c6fb2e47f7f8c504e206e414bde32c98,syn_261c35150d12dad81532b5a40ac05ebe,FEASIBLE,0.0,1.0,EXPLOITATION,0
public_06,public_06_day_13,13,syn_80e68238319e11f1b8d38bc3e38deaec,syn_4f2dbfa74a0a3735df7052f344c53be6,FEASIBLE,0.0,1.0,EXPLOITATION,0
public_06,public_06_day_13,13,syn_fb50edf55697d4bb5de3d06e1217c9c8,syn_3f8425ccd19a1308cd50bfe6286cdf0f,FEASIBLE,0.0,1.0,EXPLOITATION,0
public_06,public_06_day_13,13,syn_4f2dbfa74a0a3735df7052f344c53be6,syn_a5d2278639bc1c355462bcaf347c3ee2,FEASIBLE,0.0,1.0,EXPLOITATION,0
public_06,public_06_day_13,13,syn_a5d2278639bc1c355462bcaf347c3ee2,syn_6f52253d44737bcfc91f98ad842e5eb7,FEASIBLE,0.0,1.0,EXPLOITATION,0
public_06,public_06_day_13,13,syn_4f9c2cd0705a5d3d6170c9bef6cf3e6b,syn_e37c95550d0dcf21333ba8e02e25ed61,FEASIBLE,0.0,1.0,EXPLOITATION,0
public_06,public_06_day_13,13,syn_4f9c2cd0705a5d3d6170c9bef6cf3e6b,syn_63d2418ae761e5cb5bef73b6ec7e4100,FEASIBLE,0.0,1.0,EXPLOITATION,0
public_06,public_06_day_13,13,syn_3f8425ccd19a1308cd50bfe6286cdf0f,syn_21088a5c922eaed02358c86ef07c7e65,FEASIBLE,0.0,1.0,EXPLORATION,0
public_06,public_06_day_13,13,syn_14dda87faea12a0a26065bc6b514a40f,syn_ded2ab7d044d20d0e958d52fc16172d9,FEASIBLE,0.0,1.0,EXPLOITATION,0
public_06,public_06_day_13,13,syn_21088a5c922eaed02358c86ef07c7e65,syn_ded2ab7d044d20d0e958d52fc16172d9,FEASIBLE,0.0,1.0,EXPLOITATION,0
public_06,public_06_day_13,13,syn_3e8ac8e9fbb491d5513434fbd4fc7cd6,syn_adae6bca85d991b0ccc09f987510b55e,FEASIBLE,0.0,1.0,EXPLORATION,0
public_06,public_06_day_13,13,syn_ded2ab7d044d20d0e958d52fc16172d9,syn_b7564d8895a2382fab350d729b182468,FEASIBLE,0.0,1.0,EXPLORATION,0
public_06,public_06_day_14,14,syn_0f2d06f448ad910379796f3c5f5c1ab1,syn_3f8425ccd19a1308cd50bfe6286cdf0f,FEASIBLE,1.0,1.0,EXPLOITATION,1
public_06,public_06_day_14,14,syn_3e8ac8e9fbb491d5513434fbd4fc7cd6,syn_bf01f7e7bb92779ea8360e92cc83031e,FEASIBLE,0.15,1.0,EXPLOITATION,1
public_06,public_06_day_14,14,syn_a800c4360c4c83b1f3060ffd5dbcba75,syn_81c315c2b616bfcb16f0f431fefa8647,FEASIBLE,0.05,1.0,EXPLOITATION,1
public_06,public_06_day_14,14,syn_bb53360e8a92b39d81a2f640f469f37a,syn_aa3d80edea1241f57f76f9cf8c7a6d7a,FEASIBLE,0.0,1.0,EXPLOITATION,1
public_06,public_06_day_14,14,syn_ef3ec5a5d140ddb21b21b1ce436657ae,syn_908173542838b9c862e7f864030c7d1a,FEASIBLE,0.0,1.0,EXPLOITATION,1
public_06,public_06_day_14,14,syn_96cf8dc7a102efb3150a9e083bf747bd,syn_8270b671dbaed1029b33ebfe15aff488,FEASIBLE,0.0,1.0,EXPLOITATION,1
public_06,public_06_day_14,14,syn_c257f1135cd572b8727fa62f2bb54218,syn_072b504b76074da4be0703379e2ad417,FEASIBLE,0.0,1.0,EXPLOITATION,1
public_06,public_06_day_14,14,syn_fc49e2548689a82c39f848f66826b375,syn_ded2ab7d044d20d0e958d52fc16172d9,FEASIBLE,0.0,1.0,EXPLOITATION,1
public_06,public_06_day_14,14,syn_e5f70d2eddbc8007889a8da96eff718a,syn_46251d99bccb19676a533b9e0a93813b,FEASIBLE,0.0,1.0,EXPLOITATION,1
public_06,public_06_day_14,14,syn_80d0286ab216c0b9b9144ecd996404f1,syn_4f9c2cd0705a5d3d6170c9bef6cf3e6b,FEASIBLE,0.0,1.0,EXPLOITATION,1
public_06,public_06_day_14,14,syn_c6fb2e47f7f8c504e206e414bde32c98,syn_0c76ae3c872b370a16ecfc9e4dc86d93,FEASIBLE,0.0,1.0,EXPLOITATION,1
public_06,public_06_day_14,14,syn_24b1540ae74c6aa20d1b4a7cd8647bd3,syn_a5d2278639bc1c355462bcaf347c3ee2,FEASIBLE,0.0,1.0,EXPLOITATION,1
public_06,public_06_day_14,14,syn_80e68238319e11f1b8d38bc3e38deaec,syn_97adb9e517d4c8a9a951072cfae1b9a0,FEASIBLE,0.0,1.0,EXPLOITATION,1
public_06,public_06_day_14,14,syn_3f8425ccd19a1308cd50bfe6286cdf0f,syn_3e8ac8e9fbb491d5513434fbd4fc7cd6,FEASIBLE,0.5499999999999999,1.0,EXPLOITATION,0
public_06,public_06_day_14,14,syn_fc49e2548689a82c39f848f66826b375,syn_3f8425ccd19a1308cd50bfe6286cdf0f,FEASIBLE,0.5,1.0,EXPLORATION,0
public_06,public_06_day_14,14,syn_3f8425ccd19a1308cd50bfe6286cdf0f,syn_b7564d8895a2382fab350d729b182468,FEASIBLE,0.44999999999999996,1.0,EXPLOITATION,0
public_06,public_06_day_14,14,syn_acd396aca38889f3b27389b141192961,syn_aa3d80edea1241f57f76f9cf8c7a6d7a,FEASIBLE,0.0,1.0,EXPLORATION,0
public_06,public_06_day_14,14,syn_0f2d06f448ad910379796f3c5f5c1ab1,syn_ded2ab7d044d20d0e958d52fc16172d9,FEASIBLE,0.0,1.0,EXPLOITATION,0
public_06,public_06_day_14,14,syn_3775a78ebae5a31c01d0f6585035f7f1,syn_3e8ac8e9fbb491d5513434fbd4fc7cd6,FEASIBLE,0.0,1.0,EXPLORATION,0
public_06,public_06_day_14,14,syn_c6fb2e47f7f8c504e206e414bde32c98,syn_261c35150d12dad81532b5a40ac05ebe,FEASIBLE,0.0,1.0,EXPLOITATION,0
public_06,public_06_day_14,14,syn_80e68238319e11f1b8d38bc3e38deaec,syn_4f2dbfa74a0a3735df7052f344c53be6,FEASIBLE,0.0,1.0,EXPLOITATION,0
public_06,public_06_day_14,14,syn_fb50edf55697d4bb5de3d06e1217c9c8,syn_3f8425ccd19a1308cd50bfe6286cdf0f,FEASIBLE,0.0,1.0,EXPLOITATION,0
public_06,public_06_day_14,14,syn_4f2dbfa74a0a3735df7052f344c53be6,syn_a5d2278639bc1c355462bcaf347c3ee2,FEASIBLE,0.0,1.0,EXPLOITATION,0
public_06,public_06_day_14,14,syn_4f9c2cd0705a5d3d6170c9bef6cf3e6b,syn_e37c95550d0dcf21333ba8e02e25ed61,FEASIBLE,0.0,1.0,EXPLOITATION,0
public_06,public_06_day_14,14,syn_4f9c2cd0705a5d3d6170c9bef6cf3e6b,syn_63d2418ae761e5cb5bef73b6ec7e4100,FEASIBLE,0.0,1.0,EXPLOITATION,0
public_06,public_06_day_14,14,syn_3f8425ccd19a1308cd50bfe6286cdf0f,syn_21088a5c922eaed02358c86ef07c7e65,FEASIBLE,0.0,1.0,EXPLORATION,0
public_06,public_06_day_14,14,syn_14dda87faea12a0a26065bc6b514a40f,syn_ded2ab7d044d20d0e958d52fc16172d9,FEASIBLE,0.0,1.0,EXPLOITATION,0
public_06,public_06_day_14,14,syn_21088a5c922eaed02358c86ef07c7e65,syn_ded2ab7d044d20d0e958d52fc16172d9,FEASIBLE,0.0,1.0,EXPLOITATION,0
public_06,public_06_day_14,14,syn_3e8ac8e9fbb491d5513434fbd4fc7cd6,syn_adae6bca85d991b0ccc09f987510b55e,FEASIBLE,0.0,1.0,EXPLOITATION,0
public_06,public_06_day_14,14,syn_ded2ab7d044d20d0e958d52fc16172d9,syn_b7564d8895a2382fab350d729b182468,FEASIBLE,0.0,1.0,EXPLORATION,0
public_06,public_06_day_15,15,syn_0f2d06f448ad910379796f3c5f5c1ab1,syn_3f8425ccd19a1308cd50bfe6286cdf0f,FEASIBLE,1.0,1.0,EXPLOITATION,1
public_06,public_06_day_15,15,syn_3e8ac8e9fbb491d5513434fbd4fc7cd6,syn_bf01f7e7bb92779ea8360e92cc83031e,FEASIBLE,0.15,1.0,EXPLOITATION,1
public_06,public_06_day_15,15,syn_a800c4360c4c83b1f3060ffd5dbcba75,syn_81c315c2b616bfcb16f0f431fefa8647,FEASIBLE,0.05,1.0,EXPLOITATION,1
public_06,public_06_day_15,15,syn_ef3ec5a5d140ddb21b21b1ce436657ae,syn_908173542838b9c862e7f864030c7d1a,FEASIBLE,0.0,1.0,EXPLOITATION,1
public_06,public_06_day_15,15,syn_acd396aca38889f3b27389b141192961,syn_aa3d80edea1241f57f76f9cf8c7a6d7a,FEASIBLE,0.0,1.0,EXPLORATION,1
public_06,public_06_day_15,15,syn_96cf8dc7a102efb3150a9e083bf747bd,syn_8270b671dbaed1029b33ebfe15aff488,FEASIBLE,0.0,1.0,EXPLOITATION,1
public_06,public_06_day_15,15,syn_c257f1135cd572b8727fa62f2bb54218,syn_072b504b76074da4be0703379e2ad417,FEASIBLE,0.0,1.0,EXPLOITATION,1
public_06,public_06_day_15,15,syn_fc49e2548689a82c39f848f66826b375,syn_ded2ab7d044d20d0e958d52fc16172d9,FEASIBLE,0.0,1.0,EXPLOITATION,1
public_06,public_06_day_15,15,syn_e5f70d2eddbc8007889a8da96eff718a,syn_46251d99bccb19676a533b9e0a93813b,FEASIBLE,0.0,1.0,EXPLOITATION,1
public_06,public_06_day_15,15,syn_80d0286ab216c0b9b9144ecd996404f1,syn_4f9c2cd0705a5d3d6170c9bef6cf3e6b,FEASIBLE,0.0,1.0,EXPLOITATION,1
public_06,public_06_day_15,15,syn_24b1540ae74c6aa20d1b4a7cd8647bd3,syn_a5d2278639bc1c355462bcaf347c3ee2,FEASIBLE,0.0,1.0,EXPLOITATION,1
public_06,public_06_day_15,15,syn_3f8425ccd19a1308cd50bfe6286cdf0f,syn_3e8ac8e9fbb491d5513434fbd4fc7cd6,FEASIBLE,0.5499999999999999,1.0,EXPLOITATION,0
public_06,public_06_day_15,15,syn_fc49e2548689a82c39f848f66826b375,syn_3f8425ccd19a1308cd50bfe6286cdf0f,FEASIBLE,0.5,1.0,EXPLORATION,0
public_06,public_06_day_15,15,syn_3f8425ccd19a1308cd50bfe6286cdf0f,syn_b7564d8895a2382fab350d729b182468,FEASIBLE,0.44999999999999996,1.0,EXPLOITATION,0
public_06,public_06_day_15,15,syn_0f2d06f448ad910379796f3c5f5c1ab1,syn_ded2ab7d044d20d0e958d52fc16172d9,FEASIBLE,0.0,1.0,EXPLOITATION,0
public_06,public_06_day_15,15,syn_3775a78ebae5a31c01d0f6585035f7f1,syn_3e8ac8e9fbb491d5513434fbd4fc7cd6,FEASIBLE,0.0,1.0,EXPLORATION,0
public_06,public_06_day_15,15,syn_fb50edf55697d4bb5de3d06e1217c9c8,syn_3f8425ccd19a1308cd50bfe6286cdf0f,FEASIBLE,0.0,1.0,EXPLOITATION,0
public_06,public_06_day_15,15,syn_4f9c2cd0705a5d3d6170c9bef6cf3e6b,syn_e37c95550d0dcf21333ba8e02e25ed61,FEASIBLE,0.0,1.0,EXPLOITATION,0
public_06,public_06_day_15,15,syn_4f9c2cd0705a5d3d6170c9bef6cf3e6b,syn_63d2418ae761e5cb5bef73b6ec7e4100,FEASIBLE,0.0,1.0,EXPLOITATION,0
public_06,public_06_day_15,15,syn_3f8425ccd19a1308cd50bfe6286cdf0f,syn_21088a5c922eaed02358c86ef07c7e65,FEASIBLE,0.0,1.0,EXPLORATION,0
public_06,public_06_day_15,15,syn_14dda87faea12a0a26065bc6b514a40f,syn_ded2ab7d044d20d0e958d52fc16172d9,FEASIBLE,0.0,1.0,EXPLOITATION,0
public_06,public_06_day_15,15,syn_21088a5c922eaed02358c86ef07c7e65,syn_ded2ab7d044d20d0e958d52fc16172d9,FEASIBLE,0.0,1.0,EXPLOITATION,0
public_06,public_06_day_15,15,syn_3e8ac8e9fbb491d5513434fbd4fc7cd6,syn_adae6bca85d991b0ccc09f987510b55e,FEASIBLE,0.0,1.0,EXPLOITATION,0
public_06,public_06_day_15,15,syn_ded2ab7d044d20d0e958d52fc16172d9,syn_b7564d8895a2382fab350d729b182468,FEASIBLE,0.0,1.0,EXPLORATION,0
public_06,public_06_day_16,16,syn_da27cb7eb32da3bbe0f1b2b21ba7e103,syn_91fee2996fe98a0b86f8b85b36a34e85,FEASIBLE,0.55,1.0,EXPLOITATION,1
public_06,public_06_day_16,16,syn_aa3d80edea1241f57f76f9cf8c7a6d7a,syn_1d5e1fe33d76777b3a045c00acccf060,FEASIBLE,0.5499999999999999,1.0,EXPLORATION,1
public_06,public_06_day_16,16,syn_d4571dc0a23e2466dc16c47c35d3042d,syn_f5f64a7cff02dde0d10de1e8e2b33e10,FEASIBLE,0.2,1.0,EXPLORATION,1
public_06,public_06_day_16,16,syn_a800c4360c4c83b1f3060ffd5dbcba75,syn_81c315c2b616bfcb16f0f431fefa8647,FEASIBLE,0.05,1.0,EXPLOITATION,1
public_06,public_06_day_16,16,syn_d66b96f5bebe822535f9f0241e7c98de,syn_95cb54e6c1f276ab1e52205978064790,FEASIBLE,0.0,1.0,EXPLORATION,1
public_06,public_06_day_16,16,syn_ef3ec5a5d140ddb21b21b1ce436657ae,syn_908173542838b9c862e7f864030c7d1a,FEASIBLE,0.0,1.0,EXPLOITATION,1
public_06,public_06_day_16,16,syn_96cf8dc7a102efb3150a9e083bf747bd,syn_8270b671dbaed1029b33ebfe15aff488,FEASIBLE,0.0,1.0,EXPLOITATION,1
public_06,public_06_day_16,16,syn_0f2d06f448ad910379796f3c5f5c1ab1,syn_ded2ab7d044d20d0e958d52fc16172d9,FEASIBLE,0.0,1.0,EXPLOITATION,1
public_06,public_06_day_16,16,syn_c257f1135cd572b8727fa62f2bb54218,syn_072b504b76074da4be0703379e2ad417,FEASIBLE,0.0,1.0,EXPLOITATION,1
public_06,public_06_day_16,16,syn_e5f70d2eddbc8007889a8da96eff718a,syn_46251d99bccb19676a533b9e0a93813b,FEASIBLE,0.0,1.0,EXPLOITATION,1
public_06,public_06_day_16,16,syn_80d0286ab216c0b9b9144ecd996404f1,syn_4f9c2cd0705a5d3d6170c9bef6cf3e6b,FEASIBLE,0.0,1.0,EXPLOITATION,1
public_06,public_06_day_16,16,syn_24b1540ae74c6aa20d1b4a7cd8647bd3,syn_a5d2278639bc1c355462bcaf347c3ee2,FEASIBLE,0.0,1.0,EXPLOITATION,1
public_06,public_06_day_16,16,syn_d66b96f5bebe822535f9f0241e7c98de,syn_91fee2996fe98a0b86f8b85b36a34e85,FEASIBLE,0.35000000000000003,1.0,EXPLORATION,0
public_06,public_06_day_16,16,syn_d66b96f5bebe822535f9f0241e7c98de,syn_da27cb7eb32da3bbe0f1b2b21ba7e103,FEASIBLE,0.35,1.0,EXPLORATION,0
public_06,public_06_day_16,16,syn_acd396aca38889f3b27389b141192961,syn_1d5e1fe33d76777b3a045c00acccf060,FEASIBLE,0.1,1.0,EXPLORATION,0
public_06,public_06_day_16,16,syn_acd396aca38889f3b27389b141192961,syn_aa3d80edea1241f57f76f9cf8c7a6d7a,FEASIBLE,0.0,1.0,EXPLOITATION,0
public_06,public_06_day_16,16,syn_c7215520abaedceb3535dfdaf5327bc7,syn_aa3d80edea1241f57f76f9cf8c7a6d7a,FEASIBLE,0.0,1.0,EXPLOITATION,0
public_06,public_06_day_16,16,syn_c7215520abaedceb3535dfdaf5327bc7,syn_1d5e1fe33d76777b3a045c00acccf060,FEASIBLE,0.0,1.0,EXPLORATION,0
public_06,public_06_day_16,16,syn_4f9c2cd0705a5d3d6170c9bef6cf3e6b,syn_63d2418ae761e5cb5bef73b6ec7e4100,FEASIBLE,0.0,1.0,EXPLOITATION,0
public_06,public_06_day_16,16,syn_14dda87faea12a0a26065bc6b514a40f,syn_ded2ab7d044d20d0e958d52fc16172d9,FEASIBLE,0.0,1.0,EXPLOITATION,0
public_06,public_06_day_16,16,syn_ded2ab7d044d20d0e958d52fc16172d9,syn_b7564d8895a2382fab350d729b182468,FEASIBLE,0.0,1.0,EXPLORATION,0
public_06,public_06_day_17,17,syn_f5f64a7cff02dde0d10de1e8e2b33e10,syn_bf01f7e7bb92779ea8360e92cc83031e,FEASIBLE,0.75,1.0,EXPLOITATION,1
public_06,public_06_day_17,17,syn_da27cb7eb32da3bbe0f1b2b21ba7e103,syn_91fee2996fe98a0b86f8b85b36a34e85,FEASIBLE,0.55,1.0,EXPLOITATION,1
public_06,public_06_day_17,17,syn_d4571dc0a23e2466dc16c47c35d3042d,syn_3e8ac8e9fbb491d5513434fbd4fc7cd6,FEASIBLE,0.5499999999999999,1.0,EXPLOITATION,1
public_06,public_06_day_17,17,syn_a800c4360c4c83b1f3060ffd5dbcba75,syn_81c315c2b616bfcb16f0f431fefa8647,FEASIBLE,0.05,1.0,EXPLOITATION,1
public_06,public_06_day_17,17,syn_d66b96f5bebe822535f9f0241e7c98de,syn_95cb54e6c1f276ab1e52205978064790,FEASIBLE,0.0,1.0,EXPLOITATION,1
public_06,public_06_day_17,17,syn_96cf8dc7a102efb3150a9e083bf747bd,syn_8270b671dbaed1029b33ebfe15aff488,FEASIBLE,0.0,1.0,EXPLOITATION,1
public_06,public_06_day_17,17,syn_0f2d06f448ad910379796f3c5f5c1ab1,syn_ded2ab7d044d20d0e958d52fc16172d9,FEASIBLE,0.0,1.0,EXPLOITATION,1
public_06,public_06_day_17,17,syn_c257f1135cd572b8727fa62f2bb54218,syn_072b504b76074da4be0703379e2ad417,FEASIBLE,0.0,1.0,EXPLOITATION,1
public_06,public_06_day_17,17,syn_e5f70d2eddbc8007889a8da96eff718a,syn_46251d99bccb19676a533b9e0a93813b,FEASIBLE,0.0,1.0,EXPLOITATION,1
public_06,public_06_day_17,17,syn_24b1540ae74c6aa20d1b4a7cd8647bd3,syn_a5d2278639bc1c355462bcaf347c3ee2,FEASIBLE,0.0,1.0,EXPLOITATION,1
public_06,public_06_day_17,17,syn_d66b96f5bebe822535f9f0241e7c98de,syn_91fee2996fe98a0b86f8b85b36a34e85,FEASIBLE,0.35000000000000003,1.0,EXPLOITATION,0
public_06,public_06_day_17,17,syn_d66b96f5bebe822535f9f0241e7c98de,syn_da27cb7eb32da3bbe0f1b2b21ba7e103,FEASIBLE,0.35,1.0,EXPLOITATION,0
public_06,public_06_day_17,17,syn_d4571dc0a23e2466dc16c47c35d3042d,syn_f5f64a7cff02dde0d10de1e8e2b33e10,FEASIBLE,0.2,1.0,EXPLOITATION,0
public_06,public_06_day_17,17,syn_3e8ac8e9fbb491d5513434fbd4fc7cd6,syn_bf01f7e7bb92779ea8360e92cc83031e,FEASIBLE,0.15,1.0,EXPLOITATION,0
public_06,public_06_day_17,17,syn_14dda87faea12a0a26065bc6b514a40f,syn_ded2ab7d044d20d0e958d52fc16172d9,FEASIBLE,0.0,1.0,EXPLOITATION,0
public_06,public_06_day_17,17,syn_3e8ac8e9fbb491d5513434fbd4fc7cd6,syn_adae6bca85d991b0ccc09f987510b55e,FEASIBLE,0.0,1.0,EXPLOITATION,0
public_06,public_06_day_17,17,syn_ded2ab7d044d20d0e958d52fc16172d9,syn_b7564d8895a2382fab350d729b182468,FEASIBLE,0.0,1.0,EXPLORATION,0
public_06,public_06_day_18,18,syn_f5f64a7cff02dde0d10de1e8e2b33e10,syn_bf01f7e7bb92779ea8360e92cc83031e,FEASIBLE,0.75,1.0,EXPLOITATION,1
public_06,public_06_day_18,18,syn_da27cb7eb32da3bbe0f1b2b21ba7e103,syn_91fee2996fe98a0b86f8b85b36a34e85,FEASIBLE,0.55,1.0,EXPLOITATION,1
public_06,public_06_day_18,18,syn_d4571dc0a23e2466dc16c47c35d3042d,syn_3e8ac8e9fbb491d5513434fbd4fc7cd6,FEASIBLE,0.5499999999999999,1.0,EXPLOITATION,1
public_06,public_06_day_18,18,syn_a800c4360c4c83b1f3060ffd5dbcba75,syn_81c315c2b616bfcb16f0f431fefa8647,FEASIBLE,0.05,1.0,EXPLOITATION,1
public_06,public_06_day_18,18,syn_d66b96f5bebe822535f9f0241e7c98de,syn_95cb54e6c1f276ab1e52205978064790,FEASIBLE,0.0,1.0,EXPLOITATION,1
public_06,public_06_day_18,18,syn_96cf8dc7a102efb3150a9e083bf747bd,syn_8270b671dbaed1029b33ebfe15aff488,FEASIBLE,0.0,1.0,EXPLOITATION,1
public_06,public_06_day_18,18,syn_0f2d06f448ad910379796f3c5f5c1ab1,syn_ded2ab7d044d20d0e958d52fc16172d9,FEASIBLE,0.0,1.0,EXPLOITATION,1
public_06,public_06_day_18,18,syn_c257f1135cd572b8727fa62f2bb54218,syn_072b504b76074da4be0703379e2ad417,FEASIBLE,0.0,1.0,EXPLOITATION,1
public_06,public_06_day_18,18,syn_e5f70d2eddbc8007889a8da96eff718a,syn_46251d99bccb19676a533b9e0a93813b,FEASIBLE,0.0,1.0,EXPLOITATION,1
public_06,public_06_day_18,18,syn_24b1540ae74c6aa20d1b4a7cd8647bd3,syn_a5d2278639bc1c355462bcaf347c3ee2,FEASIBLE,0.0,1.0,EXPLOITATION,1
public_06,public_06_day_18,18,syn_d66b96f5bebe822535f9f0241e7c98de,syn_91fee2996fe98a0b86f8b85b36a34e85,FEASIBLE,0.35000000000000003,1.0,EXPLOITATION,0
public_06,public_06_day_18,18,syn_d66b96f5bebe822535f9f0241e7c98de,syn_da27cb7eb32da3bbe0f1b2b21ba7e103,FEASIBLE,0.35,1.0,EXPLOITATION,0
public_06,public_06_day_18,18,syn_d4571dc0a23e2466dc16c47c35d3042d,syn_f5f64a7cff02dde0d10de1e8e2b33e10,FEASIBLE,0.2,1.0,EXPLOITATION,0
public_06,public_06_day_18,18,syn_3e8ac8e9fbb491d5513434fbd4fc7cd6,syn_bf01f7e7bb92779ea8360e92cc83031e,FEASIBLE,0.15,1.0,EXPLOITATION,0
public_06,public_06_day_18,18,syn_14dda87faea12a0a26065bc6b514a40f,syn_ded2ab7d044d20d0e958d52fc16172d9,FEASIBLE,0.0,1.0,EXPLOITATION,0
public_06,public_06_day_18,18,syn_3e8ac8e9fbb491d5513434fbd4fc7cd6,syn_adae6bca85d991b0ccc09f987510b55e,FEASIBLE,0.0,1.0,EXPLOITATION,0
public_06,public_06_day_18,18,syn_ded2ab7d044d20d0e958d52fc16172d9,syn_b7564d8895a2382fab350d729b182468,FEASIBLE,0.0,1.0,EXPLORATION,0
public_06,public_06_day_19,19,syn_21088a5c922eaed02358c86ef07c7e65,syn_b94fae7a1446ff7bb5cdefe8368f9f90,FEASIBLE,1.0,1.0,EXPLOITATION,1
public_06,public_06_day_19,19,syn_f5f64a7cff02dde0d10de1e8e2b33e10,syn_bf01f7e7bb92779ea8360e92cc83031e,FEASIBLE,0.75,1.0,EXPLOITATION,1
public_06,public_06_day_19,19,syn_d4571dc0a23e2466dc16c47c35d3042d,syn_3e8ac8e9fbb491d5513434fbd4fc7cd6,FEASIBLE,0.5499999999999999,1.0,EXPLOITATION,1
public_06,public_06_day_19,19,syn_a800c4360c4c83b1f3060ffd5dbcba75,syn_81c315c2b616bfcb16f0f431fefa8647,FEASIBLE,0.05,1.0,EXPLOITATION,1
public_06,public_06_day_19,19,syn_96cf8dc7a102efb3150a9e083bf747bd,syn_8270b671dbaed1029b33ebfe15aff488,FEASIBLE,0.0,1.0,EXPLOITATION,1
public_06,public_06_day_19,19,syn_c257f1135cd572b8727fa62f2bb54218,syn_072b504b76074da4be0703379e2ad417,FEASIBLE,0.0,1.0,EXPLOITATION,1
public_06,public_06_day_19,19,syn_e5f70d2eddbc8007889a8da96eff718a,syn_46251d99bccb19676a533b9e0a93813b,FEASIBLE,0.0,1.0,EXPLOITATION,1
public_06,public_06_day_19,19,syn_d4571dc0a23e2466dc16c47c35d3042d,syn_f5f64a7cff02dde0d10de1e8e2b33e10,FEASIBLE,0.2,1.0,EXPLOITATION,0
public_06,public_06_day_19,19,syn_3e8ac8e9fbb491d5513434fbd4fc7cd6,syn_bf01f7e7bb92779ea8360e92cc83031e,FEASIBLE,0.15,1.0,EXPLOITATION,0
public_06,public_06_day_19,19,syn_ef3ec5a5d140ddb21b21b1ce436657ae,syn_b94fae7a1446ff7bb5cdefe8368f9f90,FEASIBLE,0.0,1.0,EXPLOITATION,0
public_06,public_06_day_19,19,syn_0f2d06f448ad910379796f3c5f5c1ab1,syn_b94fae7a1446ff7bb5cdefe8368f9f90,FEASIBLE,0.0,1.0,EXPLOITATION,0
public_06,public_06_day_19,19,syn_3e8ac8e9fbb491d5513434fbd4fc7cd6,syn_adae6bca85d991b0ccc09f987510b55e,FEASIBLE,0.0,1.0,EXPLOITATION,0
public_06,public_06_day_19,19,syn_b94fae7a1446ff7bb5cdefe8368f9f90,syn_e99c783de4288ff04b9bd687eebdf8af,FEASIBLE,0.0,1.0,EXPLOITATION,0
public_06,public_06_day_20,20,syn_874aa1f7444aedde4616b5afa4bdfe8e,syn_3e8ac8e9fbb491d5513434fbd4fc7cd6,FEASIBLE,1.0,1.0,EXPLORATION,1
public_06,public_06_day_20,20,syn_21088a5c922eaed02358c86ef07c7e65,syn_b94fae7a1446ff7bb5cdefe8368f9f90,FEASIBLE,1.0,1.0,EXPLOITATION,1
public_06,public_06_day_20,20,syn_a800c4360c4c83b1f3060ffd5dbcba75,syn_81c315c2b616bfcb16f0f431fefa8647,FEASIBLE,0.05,1.0,EXPLOITATION,1
public_06,public_06_day_20,20,syn_96cf8dc7a102efb3150a9e083bf747bd,syn_8270b671dbaed1029b33ebfe15aff488,FEASIBLE,0.0,1.0,EXPLOITATION,1
public_06,public_06_day_20,20,syn_c257f1135cd572b8727fa62f2bb54218,syn_072b504b76074da4be0703379e2ad417,FEASIBLE,0.0,1.0,EXPLOITATION,1
public_06,public_06_day_20,20,syn_e5f70d2eddbc8007889a8da96eff718a,syn_46251d99bccb19676a533b9e0a93813b,FEASIBLE,0.0,1.0,EXPLOITATION,1
public_06,public_06_day_20,20,syn_80d0286ab216c0b9b9144ecd996404f1,syn_4f9c2cd0705a5d3d6170c9bef6cf3e6b,FEASIBLE,0.0,1.0,EXPLOITATION,1
public_06,public_06_day_20,20,syn_24b1540ae74c6aa20d1b4a7cd8647bd3,syn_a5d2278639bc1c355462bcaf347c3ee2,FEASIBLE,0.0,1.0,EXPLOITATION,1
public_06,public_06_day_20,20,syn_d4571dc0a23e2466dc16c47c35d3042d,syn_3e8ac8e9fbb491d5513434fbd4fc7cd6,FEASIBLE,0.5499999999999999,1.0,EXPLOITATION,0
public_06,public_06_day_20,20,syn_3e8ac8e9fbb491d5513434fbd4fc7cd6,syn_bf01f7e7bb92779ea8360e92cc83031e,FEASIBLE,0.15,1.0,EXPLOITATION,0
public_06,public_06_day_20,20,syn_ef3ec5a5d140ddb21b21b1ce436657ae,syn_b94fae7a1446ff7bb5cdefe8368f9f90,FEASIBLE,0.0,1.0,EXPLOITATION,0
public_06,public_06_day_20,20,syn_0f2d06f448ad910379796f3c5f5c1ab1,syn_b94fae7a1446ff7bb5cdefe8368f9f90,FEASIBLE,0.0,1.0,EXPLOITATION,0
public_06,public_06_day_20,20,syn_874aa1f7444aedde4616b5afa4bdfe8e,syn_a5d2278639bc1c355462bcaf347c3ee2,FEASIBLE,0.0,1.0,EXPLOITATION,0
public_06,public_06_day_20,20,syn_1adde579a5eeb204b7478755fdb6e1c0,syn_4f9c2cd0705a5d3d6170c9bef6cf3e6b,FEASIBLE,0.0,1.0,EXPLOITATION,0
public_06,public_06_day_20,20,syn_4f9c2cd0705a5d3d6170c9bef6cf3e6b,syn_63d2418ae761e5cb5bef73b6ec7e4100,FEASIBLE,0.0,1.0,EXPLOITATION,0
public_06,public_06_day_20,20,syn_3e8ac8e9fbb491d5513434fbd4fc7cd6,syn_adae6bca85d991b0ccc09f987510b55e,FEASIBLE,0.0,1.0,EXPLOITATION,0
public_06,public_06_day_20,20,syn_b94fae7a1446ff7bb5cdefe8368f9f90,syn_e99c783de4288ff04b9bd687eebdf8af,FEASIBLE,0.0,1.0,EXPLOITATION,0
public_06,public_06_day_21,21,syn_874aa1f7444aedde4616b5afa4bdfe8e,syn_3e8ac8e9fbb491d5513434fbd4fc7cd6,FEASIBLE,1.0,1.0,EXPLOITATION,1
public_06,public_06_day_21,21,syn_21088a5c922eaed02358c86ef07c7e65,syn_b94fae7a1446ff7bb5cdefe8368f9f90,FEASIBLE,1.0,1.0,EXPLOITATION,1
public_06,public_06_day_21,21,syn_da27cb7eb32da3bbe0f1b2b21ba7e103,syn_91fee2996fe98a0b86f8b85b36a34e85,FEASIBLE,0.55,1.0,EXPLOITATION,1
public_06,public_06_day_21,21,syn_a800c4360c4c83b1f3060ffd5dbcba75,syn_81c315c2b616bfcb16f0f431fefa8647,FEASIBLE,0.05,1.0,EXPLOITATION,1
public_06,public_06_day_21,21,syn_d66b96f5bebe822535f9f0241e7c98de,syn_95cb54e6c1f276ab1e52205978064790,FEASIBLE,0.0,1.0,EXPLOITATION,1
public_06,public_06_day_21,21,syn_96cf8dc7a102efb3150a9e083bf747bd,syn_8270b671dbaed1029b33ebfe15aff488,FEASIBLE,0.0,1.0,EXPLOITATION,1
public_06,public_06_day_21,21,syn_c257f1135cd572b8727fa62f2bb54218,syn_072b504b76074da4be0703379e2ad417,FEASIBLE,0.0,1.0,EXPLOITATION,1
public_06,public_06_day_21,21,syn_e5f70d2eddbc8007889a8da96eff718a,syn_46251d99bccb19676a533b9e0a93813b,FEASIBLE,0.0,1.0,EXPLOITATION,1
public_06,public_06_day_21,21,syn_80d0286ab216c0b9b9144ecd996404f1,syn_4f9c2cd0705a5d3d6170c9bef6cf3e6b,FEASIBLE,0.0,1.0,EXPLOITATION,1
public_06,public_06_day_21,21,syn_c6fb2e47f7f8c504e206e414bde32c98,syn_261c35150d12dad81532b5a40ac05ebe,FEASIBLE,0.0,1.0,EXPLOITATION,1
public_06,public_06_day_21,21,syn_24b1540ae74c6aa20d1b4a7cd8647bd3,syn_a5d2278639bc1c355462bcaf347c3ee2,FEASIBLE,0.0,1.0,EXPLOITATION,1
public_06,public_06_day_21,21,syn_d4571dc0a23e2466dc16c47c35d3042d,syn_3e8ac8e9fbb491d5513434fbd4fc7cd6,FEASIBLE,0.5499999999999999,1.0,EXPLOITATION,0
public_06,public_06_day_21,21,syn_d66b96f5bebe822535f9f0241e7c98de,syn_91fee2996fe98a0b86f8b85b36a34e85,FEASIBLE,0.35000000000000003,1.0,EXPLOITATION,0
public_06,public_06_day_21,21,syn_d66b96f5bebe822535f9f0241e7c98de,syn_da27cb7eb32da3bbe0f1b2b21ba7e103,FEASIBLE,0.35,1.0,EXPLOITATION,0
public_06,public_06_day_21,21,syn_3e8ac8e9fbb491d5513434fbd4fc7cd6,syn_bf01f7e7bb92779ea8360e92cc83031e,FEASIBLE,0.15,1.0,EXPLOITATION,0
public_06,public_06_day_21,21,syn_ef3ec5a5d140ddb21b21b1ce436657ae,syn_b94fae7a1446ff7bb5cdefe8368f9f90,FEASIBLE,0.0,1.0,EXPLOITATION,0
public_06,public_06_day_21,21,syn_0f2d06f448ad910379796f3c5f5c1ab1,syn_b94fae7a1446ff7bb5cdefe8368f9f90,FEASIBLE,0.0,1.0,EXPLOITATION,0
public_06,public_06_day_21,21,syn_874aa1f7444aedde4616b5afa4bdfe8e,syn_a5d2278639bc1c355462bcaf347c3ee2,FEASIBLE,0.0,1.0,EXPLOITATION,0
public_06,public_06_day_21,21,syn_1adde579a5eeb204b7478755fdb6e1c0,syn_4f9c2cd0705a5d3d6170c9bef6cf3e6b,FEASIBLE,0.0,1.0,EXPLOITATION,0
public_06,public_06_day_21,21,syn_4f9c2cd0705a5d3d6170c9bef6cf3e6b,syn_63d2418ae761e5cb5bef73b6ec7e4100,FEASIBLE,0.0,1.0,EXPLOITATION,0
public_06,public_06_day_21,21,syn_3e8ac8e9fbb491d5513434fbd4fc7cd6,syn_adae6bca85d991b0ccc09f987510b55e,FEASIBLE,0.0,1.0,EXPLOITATION,0
public_06,public_06_day_21,21,syn_b94fae7a1446ff7bb5cdefe8368f9f90,syn_e99c783de4288ff04b9bd687eebdf8af,FEASIBLE,0.0,1.0,EXPLOITATION,0
public_06,public_06_day_22,22,syn_874aa1f7444aedde4616b5afa4bdfe8e,syn_3e8ac8e9fbb491d5513434fbd4fc7cd6,FEASIBLE,1.0,1.0,EXPLOITATION,1
public_06,public_06_day_22,22,syn_21088a5c922eaed02358c86ef07c7e65,syn_b94fae7a1446ff7bb5cdefe8368f9f90,FEASIBLE,1.0,1.0,EXPLOITATION,1
public_06,public_06_day_22,22,syn_da27cb7eb32da3bbe0f1b2b21ba7e103,syn_91fee2996fe98a0b86f8b85b36a34e85,FEASIBLE,0.55,1.0,EXPLOITATION,1
public_06,public_06_day_22,22,syn_a800c4360c4c83b1f3060ffd5dbcba75,syn_81c315c2b616bfcb16f0f431fefa8647,FEASIBLE,0.05,1.0,EXPLOITATION,1
public_06,public_06_day_22,22,syn_d66b96f5bebe822535f9f0241e7c98de,syn_95cb54e6c1f276ab1e52205978064790,FEASIBLE,0.0,1.0,EXPLOITATION,1
public_06,public_06_day_22,22,syn_96cf8dc7a102efb3150a9e083bf747bd,syn_8270b671dbaed1029b33ebfe15aff488,FEASIBLE,0.0,1.0,EXPLOITATION,1
public_06,public_06_day_22,22,syn_c257f1135cd572b8727fa62f2bb54218,syn_072b504b76074da4be0703379e2ad417,FEASIBLE,0.0,1.0,EXPLOITATION,1
public_06,public_06_day_22,22,syn_e5f70d2eddbc8007889a8da96eff718a,syn_46251d99bccb19676a533b9e0a93813b,FEASIBLE,0.0,1.0,EXPLOITATION,1
public_06,public_06_day_22,22,syn_80d0286ab216c0b9b9144ecd996404f1,syn_4f9c2cd0705a5d3d6170c9bef6cf3e6b,FEASIBLE,0.0,1.0,EXPLOITATION,1
public_06,public_06_day_22,22,syn_36edeb4cc50c76c4826bdf8313514294,syn_bdd8278c4e59668858d88e52cad54fd7,FEASIBLE,0.0,1.0,EXPLORATION,1
public_06,public_06_day_22,22,syn_c6fb2e47f7f8c504e206e414bde32c98,syn_261c35150d12dad81532b5a40ac05ebe,FEASIBLE,0.0,1.0,EXPLOITATION,1
public_06,public_06_day_22,22,syn_24b1540ae74c6aa20d1b4a7cd8647bd3,syn_a5d2278639bc1c355462bcaf347c3ee2,FEASIBLE,0.0,1.0,EXPLOITATION,1
public_06,public_06_day_22,22,syn_d4571dc0a23e2466dc16c47c35d3042d,syn_3e8ac8e9fbb491d5513434fbd4fc7cd6,FEASIBLE,0.5499999999999999,1.0,EXPLOITATION,0
public_06,public_06_day_22,22,syn_d66b96f5bebe822535f9f0241e7c98de,syn_91fee2996fe98a0b86f8b85b36a34e85,FEASIBLE,0.35000000000000003,1.0,EXPLOITATION,0
public_06,public_06_day_22,22,syn_d66b96f5bebe822535f9f0241e7c98de,syn_da27cb7eb32da3bbe0f1b2b21ba7e103,FEASIBLE,0.35,1.0,EXPLOITATION,0
public_06,public_06_day_22,22,syn_3e8ac8e9fbb491d5513434fbd4fc7cd6,syn_bf01f7e7bb92779ea8360e92cc83031e,FEASIBLE,0.15,1.0,EXPLOITATION,0
public_06,public_06_day_22,22,syn_ef3ec5a5d140ddb21b21b1ce436657ae,syn_b94fae7a1446ff7bb5cdefe8368f9f90,FEASIBLE,0.0,1.0,EXPLOITATION,0
public_06,public_06_day_22,22,syn_0f2d06f448ad910379796f3c5f5c1ab1,syn_b94fae7a1446ff7bb5cdefe8368f9f90,FEASIBLE,0.0,1.0,EXPLOITATION,0
public_06,public_06_day_22,22,syn_36edeb4cc50c76c4826bdf8313514294,syn_6f52253d44737bcfc91f98ad842e5eb7,FEASIBLE,0.0,1.0,EXPLOITATION,0
public_06,public_06_day_22,22,syn_874aa1f7444aedde4616b5afa4bdfe8e,syn_a5d2278639bc1c355462bcaf347c3ee2,FEASIBLE,0.0,1.0,EXPLOITATION,0
public_06,public_06_day_22,22,syn_874aa1f7444aedde4616b5afa4bdfe8e,syn_6f52253d44737bcfc91f98ad842e5eb7,FEASIBLE,0.0,1.0,EXPLOITATION,0
public_06,public_06_day_22,22,syn_1adde579a5eeb204b7478755fdb6e1c0,syn_4f9c2cd0705a5d3d6170c9bef6cf3e6b,FEASIBLE,0.0,1.0,EXPLOITATION,0
public_06,public_06_day_22,22,syn_a5d2278639bc1c355462bcaf347c3ee2,syn_6f52253d44737bcfc91f98ad842e5eb7,FEASIBLE,0.0,1.0,EXPLOITATION,0
public_06,public_06_day_22,22,syn_4f9c2cd0705a5d3d6170c9bef6cf3e6b,syn_63d2418ae761e5cb5bef73b6ec7e4100,FEASIBLE,0.0,1.0,EXPLOITATION,0
public_06,public_06_day_22,22,syn_3e8ac8e9fbb491d5513434fbd4fc7cd6,syn_adae6bca85d991b0ccc09f987510b55e,FEASIBLE,0.0,1.0,EXPLOITATION,0
public_06,public_06_day_22,22,syn_b94fae7a1446ff7bb5cdefe8368f9f90,syn_e99c783de4288ff04b9bd687eebdf8af,FEASIBLE,0.0,1.0,EXPLOITATION,0
public_06,public_06_day_23,23,syn_874aa1f7444aedde4616b5afa4bdfe8e,syn_3e8ac8e9fbb491d5513434fbd4fc7cd6,FEASIBLE,1.0,1.0,EXPLOITATION,1
public_06,public_06_day_23,23,syn_21088a5c922eaed02358c86ef07c7e65,syn_b94fae7a1446ff7bb5cdefe8368f9f90,FEASIBLE,1.0,1.0,EXPLOITATION,1
public_06,public_06_day_23,23,syn_da27cb7eb32da3bbe0f1b2b21ba7e103,syn_91fee2996fe98a0b86f8b85b36a34e85,FEASIBLE,0.55,1.0,EXPLOITATION,1
public_06,public_06_day_23,23,syn_a800c4360c4c83b1f3060ffd5dbcba75,syn_81c315c2b616bfcb16f0f431fefa8647,FEASIBLE,0.05,1.0,EXPLOITATION,1
public_06,public_06_day_23,23,syn_d66b96f5bebe822535f9f0241e7c98de,syn_bb53360e8a92b39d81a2f640f469f37a,FEASIBLE,0.0,1.0,EXPLOITATION,1
public_06,public_06_day_23,23,syn_96cf8dc7a102efb3150a9e083bf747bd,syn_8270b671dbaed1029b33ebfe15aff488,FEASIBLE,0.0,1.0,EXPLOITATION,1
public_06,public_06_day_23,23,syn_e5f70d2eddbc8007889a8da96eff718a,syn_46251d99bccb19676a533b9e0a93813b,FEASIBLE,0.0,1.0,EXPLOITATION,1
public_06,public_06_day_23,23,syn_80d0286ab216c0b9b9144ecd996404f1,syn_4f9c2cd0705a5d3d6170c9bef6cf3e6b,FEASIBLE,0.0,1.0,EXPLOITATION,1
public_06,public_06_day_23,23,syn_36edeb4cc50c76c4826bdf8313514294,syn_bdd8278c4e59668858d88e52cad54fd7,FEASIBLE,0.0,1.0,EXPLOITATION,1
public_06,public_06_day_23,23,syn_c6fb2e47f7f8c504e206e414bde32c98,syn_261c35150d12dad81532b5a40ac05ebe,FEASIBLE,0.0,1.0,EXPLOITATION,1
public_06,public_06_day_23,23,syn_24b1540ae74c6aa20d1b4a7cd8647bd3,syn_a5d2278639bc1c355462bcaf347c3ee2,FEASIBLE,0.0,1.0,EXPLOITATION,1
public_06,public_06_day_23,23,syn_80e68238319e11f1b8d38bc3e38deaec,syn_97adb9e517d4c8a9a951072cfae1b9a0,FEASIBLE,0.0,1.0,EXPLOITATION,1
public_06,public_06_day_23,23,syn_d66b96f5bebe822535f9f0241e7c98de,syn_91fee2996fe98a0b86f8b85b36a34e85,FEASIBLE,0.35000000000000003,1.0,EXPLOITATION,0
public_06,public_06_day_23,23,syn_d66b96f5bebe822535f9f0241e7c98de,syn_da27cb7eb32da3bbe0f1b2b21ba7e103,FEASIBLE,0.35,1.0,EXPLOITATION,0
public_06,public_06_day_23,23,syn_3e8ac8e9fbb491d5513434fbd4fc7cd6,syn_bf01f7e7bb92779ea8360e92cc83031e,FEASIBLE,0.15,1.0,EXPLOITATION,0
public_06,public_06_day_23,23,syn_d66b96f5bebe822535f9f0241e7c98de,syn_95cb54e6c1f276ab1e52205978064790,FEASIBLE,0.0,1.0,EXPLOITATION,0
public_06,public_06_day_23,23,syn_bb53360e8a92b39d81a2f640f469f37a,syn_87fac55a1a72663692d6c80082108bb8,FEASIBLE,0.0,1.0,EXPLOITATION,0
public_06,public_06_day_23,23,syn_ef3ec5a5d140ddb21b21b1ce436657ae,syn_b94fae7a1446ff7bb5cdefe8368f9f90,FEASIBLE,0.0,1.0,EXPLOITATION,0
public_06,public_06_day_23,23,syn_0f2d06f448ad910379796f3c5f5c1ab1,syn_b94fae7a1446ff7bb5cdefe8368f9f90,FEASIBLE,0.0,1.0,EXPLOITATION,0
public_06,public_06_day_23,23,syn_36edeb4cc50c76c4826bdf8313514294,syn_6f52253d44737bcfc91f98ad842e5eb7,FEASIBLE,0.0,1.0,EXPLOITATION,0
public_06,public_06_day_23,23,syn_874aa1f7444aedde4616b5afa4bdfe8e,syn_a5d2278639bc1c355462bcaf347c3ee2,FEASIBLE,0.0,1.0,EXPLOITATION,0
public_06,public_06_day_23,23,syn_874aa1f7444aedde4616b5afa4bdfe8e,syn_6f52253d44737bcfc91f98ad842e5eb7,FEASIBLE,0.0,1.0,EXPLOITATION,0
public_06,public_06_day_23,23,syn_1adde579a5eeb204b7478755fdb6e1c0,syn_4f9c2cd0705a5d3d6170c9bef6cf3e6b,FEASIBLE,0.0,1.0,EXPLOITATION,0
public_06,public_06_day_23,23,syn_a5d2278639bc1c355462bcaf347c3ee2,syn_6f52253d44737bcfc91f98ad842e5eb7,FEASIBLE,0.0,1.0,EXPLOITATION,0
public_06,public_06_day_23,23,syn_4f9c2cd0705a5d3d6170c9bef6cf3e6b,syn_63d2418ae761e5cb5bef73b6ec7e4100,FEASIBLE,0.0,1.0,EXPLOITATION,0
public_06,public_06_day_23,23,syn_3e8ac8e9fbb491d5513434fbd4fc7cd6,syn_adae6bca85d991b0ccc09f987510b55e,FEASIBLE,0.0,1.0,EXPLOITATION,0
public_06,public_06_day_23,23,syn_b94fae7a1446ff7bb5cdefe8368f9f90,syn_e99c783de4288ff04b9bd687eebdf8af,FEASIBLE,0.0,1.0,EXPLOITATION,0
public_06,public_06_day_24,24,syn_da27cb7eb32da3bbe0f1b2b21ba7e103,syn_91fee2996fe98a0b86f8b85b36a34e85,FEASIBLE,0.55,1.0,EXPLOITATION,1
public_06,public_06_day_24,24,syn_a800c4360c4c83b1f3060ffd5dbcba75,syn_81c315c2b616bfcb16f0f431fefa8647,FEASIBLE,0.05,1.0,EXPLOITATION,1
public_06,public_06_day_24,24,syn_d66b96f5bebe822535f9f0241e7c98de,syn_bb53360e8a92b39d81a2f640f469f37a,FEASIBLE,0.0,1.0,EXPLOITATION,1
public_06,public_06_day_24,24,syn_96cf8dc7a102efb3150a9e083bf747bd,syn_8270b671dbaed1029b33ebfe15aff488,FEASIBLE,0.0,1.0,EXPLOITATION,1
public_06,public_06_day_24,24,syn_e5f70d2eddbc8007889a8da96eff718a,syn_46251d99bccb19676a533b9e0a93813b,FEASIBLE,0.0,1.0,EXPLOITATION,1
public_06,public_06_day_24,24,syn_80d0286ab216c0b9b9144ecd996404f1,syn_4f9c2cd0705a5d3d6170c9bef6cf3e6b,FEASIBLE,0.0,1.0,EXPLOITATION,1
public_06,public_06_day_24,24,syn_36edeb4cc50c76c4826bdf8313514294,syn_bdd8278c4e59668858d88e52cad54fd7,FEASIBLE,0.0,1.0,EXPLOITATION,1
public_06,public_06_day_24,24,syn_c6fb2e47f7f8c504e206e414bde32c98,syn_261c35150d12dad81532b5a40ac05ebe,FEASIBLE,0.0,1.0,EXPLOITATION,1
public_06,public_06_day_24,24,syn_874aa1f7444aedde4616b5afa4bdfe8e,syn_a5d2278639bc1c355462bcaf347c3ee2,FEASIBLE,0.0,1.0,EXPLOITATION,1
public_06,public_06_day_24,24,syn_80e68238319e11f1b8d38bc3e38deaec,syn_97adb9e517d4c8a9a951072cfae1b9a0,FEASIBLE,0.0,1.0,EXPLOITATION,1
public_06,public_06_day_24,24,syn_d66b96f5bebe822535f9f0241e7c98de,syn_91fee2996fe98a0b86f8b85b36a34e85,FEASIBLE,0.35000000000000003,1.0,EXPLOITATION,0
public_06,public_06_day_24,24,syn_d66b96f5bebe822535f9f0241e7c98de,syn_da27cb7eb32da3bbe0f1b2b21ba7e103,FEASIBLE,0.35,1.0,EXPLOITATION,0
public_06,public_06_day_24,24,syn_d66b96f5bebe822535f9f0241e7c98de,syn_95cb54e6c1f276ab1e52205978064790,FEASIBLE,0.0,1.0,EXPLOITATION,0
public_06,public_06_day_24,24,syn_bb53360e8a92b39d81a2f640f469f37a,syn_87fac55a1a72663692d6c80082108bb8,FEASIBLE,0.0,1.0,EXPLOITATION,0
public_06,public_06_day_24,24,syn_36edeb4cc50c76c4826bdf8313514294,syn_6f52253d44737bcfc91f98ad842e5eb7,FEASIBLE,0.0,1.0,EXPLOITATION,0
public_06,public_06_day_24,24,syn_874aa1f7444aedde4616b5afa4bdfe8e,syn_6f52253d44737bcfc91f98ad842e5eb7,FEASIBLE,0.0,1.0,EXPLOITATION,0
public_06,public_06_day_24,24,syn_24b1540ae74c6aa20d1b4a7cd8647bd3,syn_a5d2278639bc1c355462bcaf347c3ee2,FEASIBLE,0.0,1.0,EXPLOITATION,0
public_06,public_06_day_24,24,syn_1adde579a5eeb204b7478755fdb6e1c0,syn_4f9c2cd0705a5d3d6170c9bef6cf3e6b,FEASIBLE,0.0,1.0,EXPLOITATION,0
public_06,public_06_day_24,24,syn_a5d2278639bc1c355462bcaf347c3ee2,syn_6f52253d44737bcfc91f98ad842e5eb7,FEASIBLE,0.0,1.0,EXPLOITATION,0
public_06,public_06_day_24,24,syn_4f9c2cd0705a5d3d6170c9bef6cf3e6b,syn_63d2418ae761e5cb5bef73b6ec7e4100,FEASIBLE,0.0,1.0,EXPLOITATION,0
public_06,public_06_day_25,25,syn_da27cb7eb32da3bbe0f1b2b21ba7e103,syn_91fee2996fe98a0b86f8b85b36a34e85,FEASIBLE,0.55,1.0,EXPLOITATION,1
public_06,public_06_day_25,25,syn_a800c4360c4c83b1f3060ffd5dbcba75,syn_81c315c2b616bfcb16f0f431fefa8647,FEASIBLE,0.05,1.0,EXPLOITATION,1
public_06,public_06_day_25,25,syn_d66b96f5bebe822535f9f0241e7c98de,syn_bb53360e8a92b39d81a2f640f469f37a,FEASIBLE,0.0,1.0,EXPLOITATION,1
public_06,public_06_day_25,25,syn_96cf8dc7a102efb3150a9e083bf747bd,syn_8270b671dbaed1029b33ebfe15aff488,FEASIBLE,0.0,1.0,EXPLOITATION,1
public_06,public_06_day_25,25,syn_e5f70d2eddbc8007889a8da96eff718a,syn_46251d99bccb19676a533b9e0a93813b,FEASIBLE,0.0,1.0,EXPLOITATION,1
public_06,public_06_day_25,25,syn_36edeb4cc50c76c4826bdf8313514294,syn_bdd8278c4e59668858d88e52cad54fd7,FEASIBLE,0.0,1.0,EXPLOITATION,1
public_06,public_06_day_25,25,syn_c6fb2e47f7f8c504e206e414bde32c98,syn_261c35150d12dad81532b5a40ac05ebe,FEASIBLE,0.0,1.0,EXPLOITATION,1
public_06,public_06_day_25,25,syn_874aa1f7444aedde4616b5afa4bdfe8e,syn_a5d2278639bc1c355462bcaf347c3ee2,FEASIBLE,0.0,1.0,EXPLOITATION,1
public_06,public_06_day_25,25,syn_80e68238319e11f1b8d38bc3e38deaec,syn_97adb9e517d4c8a9a951072cfae1b9a0,FEASIBLE,0.0,1.0,EXPLOITATION,1
public_06,public_06_day_25,25,syn_d66b96f5bebe822535f9f0241e7c98de,syn_91fee2996fe98a0b86f8b85b36a34e85,FEASIBLE,0.35000000000000003,1.0,EXPLOITATION,0
public_06,public_06_day_25,25,syn_d66b96f5bebe822535f9f0241e7c98de,syn_da27cb7eb32da3bbe0f1b2b21ba7e103,FEASIBLE,0.35,1.0,EXPLOITATION,0
public_06,public_06_day_25,25,syn_d66b96f5bebe822535f9f0241e7c98de,syn_95cb54e6c1f276ab1e52205978064790,FEASIBLE,0.0,1.0,EXPLOITATION,0
public_06,public_06_day_25,25,syn_bb53360e8a92b39d81a2f640f469f37a,syn_87fac55a1a72663692d6c80082108bb8,FEASIBLE,0.0,1.0,EXPLOITATION,0
public_06,public_06_day_25,25,syn_36edeb4cc50c76c4826bdf8313514294,syn_6f52253d44737bcfc91f98ad842e5eb7,FEASIBLE,0.0,1.0,EXPLOITATION,0
public_06,public_06_day_25,25,syn_874aa1f7444aedde4616b5afa4bdfe8e,syn_6f52253d44737bcfc91f98ad842e5eb7,FEASIBLE,0.0,1.0,EXPLOITATION,0
public_06,public_06_day_25,25,syn_24b1540ae74c6aa20d1b4a7cd8647bd3,syn_a5d2278639bc1c355462bcaf347c3ee2,FEASIBLE,0.0,1.0,EXPLOITATION,0
public_06,public_06_day_25,25,syn_a5d2278639bc1c355462bcaf347c3ee2,syn_6f52253d44737bcfc91f98ad842e5eb7,FEASIBLE,0.0,1.0,EXPLOITATION,0
public_06,public_06_day_26,26,syn_21088a5c922eaed02358c86ef07c7e65,syn_b94fae7a1446ff7bb5cdefe8368f9f90,FEASIBLE,1.0,1.0,EXPLOITATION,1
public_06,public_06_day_26,26,syn_da27cb7eb32da3bbe0f1b2b21ba7e103,syn_91fee2996fe98a0b86f8b85b36a34e85,FEASIBLE,0.55,1.0,EXPLOITATION,1
public_06,public_06_day_26,26,syn_a800c4360c4c83b1f3060ffd5dbcba75,syn_81c315c2b616bfcb16f0f431fefa8647,FEASIBLE,0.05,1.0,EXPLOITATION,1
public_06,public_06_day_26,26,syn_d66b96f5bebe822535f9f0241e7c98de,syn_bb53360e8a92b39d81a2f640f469f37a,FEASIBLE,0.0,1.0,EXPLOITATION,1
public_06,public_06_day_26,26,syn_96cf8dc7a102efb3150a9e083bf747bd,syn_8270b671dbaed1029b33ebfe15aff488,FEASIBLE,0.0,1.0,EXPLOITATION,1
public_06,public_06_day_26,26,syn_0f2d06f448ad910379796f3c5f5c1ab1,syn_ded2ab7d044d20d0e958d52fc16172d9,FEASIBLE,0.0,1.0,EXPLOITATION,1
public_06,public_06_day_26,26,syn_e5f70d2eddbc8007889a8da96eff718a,syn_46251d99bccb19676a533b9e0a93813b,FEASIBLE,0.0,1.0,EXPLOITATION,1
public_06,public_06_day_26,26,syn_36edeb4cc50c76c4826bdf8313514294,syn_bdd8278c4e59668858d88e52cad54fd7,FEASIBLE,0.0,1.0,EXPLOITATION,1
public_06,public_06_day_26,26,syn_c6fb2e47f7f8c504e206e414bde32c98,syn_261c35150d12dad81532b5a40ac05ebe,FEASIBLE,0.0,1.0,EXPLOITATION,1
public_06,public_06_day_26,26,syn_874aa1f7444aedde4616b5afa4bdfe8e,syn_a5d2278639bc1c355462bcaf347c3ee2,FEASIBLE,0.0,1.0,EXPLOITATION,1
public_06,public_06_day_26,26,syn_80e68238319e11f1b8d38bc3e38deaec,syn_97adb9e517d4c8a9a951072cfae1b9a0,FEASIBLE,0.0,1.0,EXPLOITATION,1
public_06,public_06_day_26,26,syn_d66b96f5bebe822535f9f0241e7c98de,syn_91fee2996fe98a0b86f8b85b36a34e85,FEASIBLE,0.35000000000000003,1.0,EXPLOITATION,0
public_06,public_06_day_26,26,syn_d66b96f5bebe822535f9f0241e7c98de,syn_da27cb7eb32da3bbe0f1b2b21ba7e103,FEASIBLE,0.35,1.0,EXPLOITATION,0
public_06,public_06_day_26,26,syn_d66b96f5bebe822535f9f0241e7c98de,syn_95cb54e6c1f276ab1e52205978064790,FEASIBLE,0.0,1.0,EXPLOITATION,0
public_06,public_06_day_26,26,syn_bb53360e8a92b39d81a2f640f469f37a,syn_87fac55a1a72663692d6c80082108bb8,FEASIBLE,0.0,1.0,EXPLOITATION,0
public_06,public_06_day_26,26,syn_ef3ec5a5d140ddb21b21b1ce436657ae,syn_b94fae7a1446ff7bb5cdefe8368f9f90,FEASIBLE,0.0,1.0,EXPLOITATION,0
public_06,public_06_day_26,26,syn_0f2d06f448ad910379796f3c5f5c1ab1,syn_b94fae7a1446ff7bb5cdefe8368f9f90,FEASIBLE,0.0,1.0,EXPLOITATION,0
public_06,public_06_day_26,26,syn_fc49e2548689a82c39f848f66826b375,syn_ded2ab7d044d20d0e958d52fc16172d9,FEASIBLE,0.0,1.0,EXPLOITATION,0
public_06,public_06_day_26,26,syn_36edeb4cc50c76c4826bdf8313514294,syn_6f52253d44737bcfc91f98ad842e5eb7,FEASIBLE,0.0,1.0,EXPLOITATION,0
public_06,public_06_day_26,26,syn_874aa1f7444aedde4616b5afa4bdfe8e,syn_6f52253d44737bcfc91f98ad842e5eb7,FEASIBLE,0.0,1.0,EXPLOITATION,0
public_06,public_06_day_26,26,syn_24b1540ae74c6aa20d1b4a7cd8647bd3,syn_a5d2278639bc1c355462bcaf347c3ee2,FEASIBLE,0.0,1.0,EXPLOITATION,0
public_06,public_06_day_26,26,syn_a5d2278639bc1c355462bcaf347c3ee2,syn_6f52253d44737bcfc91f98ad842e5eb7,FEASIBLE,0.0,1.0,EXPLOITATION,0
public_06,public_06_day_26,26,syn_14dda87faea12a0a26065bc6b514a40f,syn_ded2ab7d044d20d0e958d52fc16172d9,FEASIBLE,0.0,1.0,EXPLOITATION,0
public_06,public_06_day_26,26,syn_14dda87faea12a0a26065bc6b514a40f,syn_b94fae7a1446ff7bb5cdefe8368f9f90,FEASIBLE,0.0,1.0,EXPLOITATION,0
public_06,public_06_day_26,26,syn_21088a5c922eaed02358c86ef07c7e65,syn_ded2ab7d044d20d0e958d52fc16172d9,FEASIBLE,0.0,1.0,EXPLOITATION,0
public_06,public_06_day_26,26,syn_b94fae7a1446ff7bb5cdefe8368f9f90,syn_e99c783de4288ff04b9bd687eebdf8af,FEASIBLE,0.0,1.0,EXPLOITATION,0
public_06,public_06_day_27,27,syn_da27cb7eb32da3bbe0f1b2b21ba7e103,syn_91fee2996fe98a0b86f8b85b36a34e85,FEASIBLE,0.55,1.0,EXPLOITATION,1
public_06,public_06_day_27,27,syn_a800c4360c4c83b1f3060ffd5dbcba75,syn_81c315c2b616bfcb16f0f431fefa8647,FEASIBLE,0.05,1.0,EXPLOITATION,1
public_06,public_06_day_27,27,syn_bb53360e8a92b39d81a2f640f469f37a,syn_87fac55a1a72663692d6c80082108bb8,FEASIBLE,0.0,1.0,EXPLOITATION,1
public_06,public_06_day_27,27,syn_ef3ec5a5d140ddb21b21b1ce436657ae,syn_b94fae7a1446ff7bb5cdefe8368f9f90,FEASIBLE,0.0,1.0,EXPLOITATION,1
public_06,public_06_day_27,27,syn_96cf8dc7a102efb3150a9e083bf747bd,syn_8270b671dbaed1029b33ebfe15aff488,FEASIBLE,0.0,1.0,EXPLOITATION,1
public_06,public_06_day_27,27,syn_e5f70d2eddbc8007889a8da96eff718a,syn_46251d99bccb19676a533b9e0a93813b,FEASIBLE,0.0,1.0,EXPLOITATION,1
public_06,public_06_day_27,27,syn_36edeb4cc50c76c4826bdf8313514294,syn_bdd8278c4e59668858d88e52cad54fd7,FEASIBLE,0.0,1.0,EXPLOITATION,1
public_06,public_06_day_27,27,syn_c6fb2e47f7f8c504e206e414bde32c98,syn_0c76ae3c872b370a16ecfc9e4dc86d93,FEASIBLE,0.0,1.0,EXPLOITATION,1
public_06,public_06_day_27,27,syn_24b1540ae74c6aa20d1b4a7cd8647bd3,syn_a5d2278639bc1c355462bcaf347c3ee2,FEASIBLE,0.0,1.0,EXPLOITATION,1
public_06,public_06_day_27,27,syn_80e68238319e11f1b8d38bc3e38deaec,syn_97adb9e517d4c8a9a951072cfae1b9a0,FEASIBLE,0.0,1.0,EXPLOITATION,1
public_06,public_06_day_27,27,syn_0f2d06f448ad910379796f3c5f5c1ab1,syn_b94fae7a1446ff7bb5cdefe8368f9f90,FEASIBLE,0.0,1.0,EXPLOITATION,0
public_06,public_06_day_27,27,syn_c6fb2e47f7f8c504e206e414bde32c98,syn_261c35150d12dad81532b5a40ac05ebe,FEASIBLE,0.0,1.0,EXPLOITATION,0
public_06,public_06_day_27,27,syn_14dda87faea12a0a26065bc6b514a40f,syn_b94fae7a1446ff7bb5cdefe8368f9f90,FEASIBLE,0.0,1.0,EXPLOITATION,0
public_06,public_06_day_27,27,syn_b94fae7a1446ff7bb5cdefe8368f9f90,syn_e99c783de4288ff04b9bd687eebdf8af,FEASIBLE,0.0,1.0,EXPLOITATION,0
public_06,public_06_day_30,30,syn_f5f64a7cff02dde0d10de1e8e2b33e10,syn_bf01f7e7bb92779ea8360e92cc83031e,FEASIBLE,0.75,1.0,EXPLOITATION,1
public_06,public_06_day_30,30,syn_da27cb7eb32da3bbe0f1b2b21ba7e103,syn_91fee2996fe98a0b86f8b85b36a34e85,FEASIBLE,0.55,1.0,EXPLOITATION,1
public_06,public_06_day_30,30,syn_a800c4360c4c83b1f3060ffd5dbcba75,syn_81c315c2b616bfcb16f0f431fefa8647,FEASIBLE,0.05,1.0,EXPLOITATION,1
public_06,public_06_day_30,30,syn_d66b96f5bebe822535f9f0241e7c98de,syn_bb53360e8a92b39d81a2f640f469f37a,FEASIBLE,0.0,1.0,EXPLOITATION,1
public_06,public_06_day_30,30,syn_ef3ec5a5d140ddb21b21b1ce436657ae,syn_b94fae7a1446ff7bb5cdefe8368f9f90,FEASIBLE,0.0,1.0,EXPLOITATION,1
public_06,public_06_day_30,30,syn_96cf8dc7a102efb3150a9e083bf747bd,syn_8270b671dbaed1029b33ebfe15aff488,FEASIBLE,0.0,1.0,EXPLOITATION,1
public_06,public_06_day_30,30,syn_e5f70d2eddbc8007889a8da96eff718a,syn_46251d99bccb19676a533b9e0a93813b,FEASIBLE,0.0,1.0,EXPLOITATION,1
public_06,public_06_day_30,30,syn_80d0286ab216c0b9b9144ecd996404f1,syn_4f9c2cd0705a5d3d6170c9bef6cf3e6b,FEASIBLE,0.0,1.0,EXPLOITATION,1
public_06,public_06_day_30,30,syn_36edeb4cc50c76c4826bdf8313514294,syn_bdd8278c4e59668858d88e52cad54fd7,FEASIBLE,0.0,1.0,EXPLOITATION,1
public_06,public_06_day_30,30,syn_c6fb2e47f7f8c504e206e414bde32c98,syn_0c76ae3c872b370a16ecfc9e4dc86d93,FEASIBLE,0.0,1.0,EXPLOITATION,1
public_06,public_06_day_30,30,syn_24b1540ae74c6aa20d1b4a7cd8647bd3,syn_a5d2278639bc1c355462bcaf347c3ee2,FEASIBLE,0.0,1.0,EXPLOITATION,1
public_06,public_06_day_30,30,syn_80e68238319e11f1b8d38bc3e38deaec,syn_97adb9e517d4c8a9a951072cfae1b9a0,FEASIBLE,0.0,1.0,EXPLOITATION,1
public_06,public_06_day_30,30,syn_3e8ac8e9fbb491d5513434fbd4fc7cd6,syn_adae6bca85d991b0ccc09f987510b55e,FEASIBLE,0.0,1.0,EXPLOITATION,1
public_06,public_06_day_30,30,syn_9b4009eb457c80ee7f7241680f4a806e,syn_f5f64a7cff02dde0d10de1e8e2b33e10,FEASIBLE,0.7,1.0,EXPLOITATION,0
public_06,public_06_day_30,30,syn_d66b96f5bebe822535f9f0241e7c98de,syn_91fee2996fe98a0b86f8b85b36a34e85,FEASIBLE,0.35000000000000003,1.0,EXPLOITATION,0
public_06,public_06_day_30,30,syn_d66b96f5bebe822535f9f0241e7c98de,syn_da27cb7eb32da3bbe0f1b2b21ba7e103,FEASIBLE,0.35,1.0,EXPLOITATION,0
public_06,public_06_day_30,30,syn_3e8ac8e9fbb491d5513434fbd4fc7cd6,syn_bf01f7e7bb92779ea8360e92cc83031e,FEASIBLE,0.15,1.0,EXPLOITATION,0
public_06,public_06_day_30,30,syn_d66b96f5bebe822535f9f0241e7c98de,syn_95cb54e6c1f276ab1e52205978064790,FEASIBLE,0.0,1.0,EXPLOITATION,0
public_06,public_06_day_30,30,syn_bb53360e8a92b39d81a2f640f469f37a,syn_87fac55a1a72663692d6c80082108bb8,FEASIBLE,0.0,1.0,EXPLOITATION,0
public_06,public_06_day_30,30,syn_0f2d06f448ad910379796f3c5f5c1ab1,syn_b94fae7a1446ff7bb5cdefe8368f9f90,FEASIBLE,0.0,1.0,EXPLOITATION,0
public_06,public_06_day_30,30,syn_c6fb2e47f7f8c504e206e414bde32c98,syn_261c35150d12dad81532b5a40ac05ebe,FEASIBLE,0.0,1.0,EXPLOITATION,0
public_06,public_06_day_30,30,syn_1adde579a5eeb204b7478755fdb6e1c0,syn_4f9c2cd0705a5d3d6170c9bef6cf3e6b,FEASIBLE,0.0,1.0,EXPLOITATION,0
public_06,public_06_day_30,30,syn_4f9c2cd0705a5d3d6170c9bef6cf3e6b,syn_63d2418ae761e5cb5bef73b6ec7e4100,FEASIBLE,0.0,1.0,EXPLOITATION,0
public_06,public_06_day_30,30,syn_14dda87faea12a0a26065bc6b514a40f,syn_b94fae7a1446ff7bb5cdefe8368f9f90,FEASIBLE,0.0,1.0,EXPLOITATION,0
public_06,public_06_day_30,30,syn_b94fae7a1446ff7bb5cdefe8368f9f90,syn_e99c783de4288ff04b9bd687eebdf8af,FEASIBLE,0.0,1.0,EXPLOITATION,0
public_06,public_06_day_31,31,syn_f5f64a7cff02dde0d10de1e8e2b33e10,syn_bf01f7e7bb92779ea8360e92cc83031e,FEASIBLE,0.75,1.0,EXPLOITATION,1
public_06,public_06_day_31,31,syn_da27cb7eb32da3bbe0f1b2b21ba7e103,syn_91fee2996fe98a0b86f8b85b36a34e85,FEASIBLE,0.55,1.0,EXPLOITATION,1
public_06,public_06_day_31,31,syn_a800c4360c4c83b1f3060ffd5dbcba75,syn_81c315c2b616bfcb16f0f431fefa8647,FEASIBLE,0.05,1.0,EXPLOITATION,1
public_06,public_06_day_31,31,syn_d66b96f5bebe822535f9f0241e7c98de,syn_bb53360e8a92b39d81a2f640f469f37a,FEASIBLE,0.0,1.0,EXPLOITATION,1
public_06,public_06_day_31,31,syn_ef3ec5a5d140ddb21b21b1ce436657ae,syn_b94fae7a1446ff7bb5cdefe8368f9f90,FEASIBLE,0.0,1.0,EXPLOITATION,1
public_06,public_06_day_31,31,syn_96cf8dc7a102efb3150a9e083bf747bd,syn_8270b671dbaed1029b33ebfe15aff488,FEASIBLE,0.0,1.0,EXPLOITATION,1
public_06,public_06_day_31,31,syn_c257f1135cd572b8727fa62f2bb54218,syn_072b504b76074da4be0703379e2ad417,FEASIBLE,0.0,1.0,EXPLOITATION,1
public_06,public_06_day_31,31,syn_e5f70d2eddbc8007889a8da96eff718a,syn_46251d99bccb19676a533b9e0a93813b,FEASIBLE,0.0,1.0,EXPLOITATION,1
public_06,public_06_day_31,31,syn_80d0286ab216c0b9b9144ecd996404f1,syn_4f9c2cd0705a5d3d6170c9bef6cf3e6b,FEASIBLE,0.0,1.0,EXPLOITATION,1
public_06,public_06_day_31,31,syn_36edeb4cc50c76c4826bdf8313514294,syn_bdd8278c4e59668858d88e52cad54fd7,FEASIBLE,0.0,1.0,EXPLOITATION,1
public_06,public_06_day_31,31,syn_c6fb2e47f7f8c504e206e414bde32c98,syn_0c76ae3c872b370a16ecfc9e4dc86d93,FEASIBLE,0.0,1.0,EXPLOITATION,1
public_06,public_06_day_31,31,syn_24b1540ae74c6aa20d1b4a7cd8647bd3,syn_a5d2278639bc1c355462bcaf347c3ee2,FEASIBLE,0.0,1.0,EXPLOITATION,1
public_06,public_06_day_31,31,syn_80e68238319e11f1b8d38bc3e38deaec,syn_97adb9e517d4c8a9a951072cfae1b9a0,FEASIBLE,0.0,1.0,EXPLOITATION,1
public_06,public_06_day_31,31,syn_3e8ac8e9fbb491d5513434fbd4fc7cd6,syn_adae6bca85d991b0ccc09f987510b55e,FEASIBLE,0.0,1.0,EXPLOITATION,1
public_06,public_06_day_31,31,syn_9b4009eb457c80ee7f7241680f4a806e,syn_f5f64a7cff02dde0d10de1e8e2b33e10,FEASIBLE,0.7,1.0,EXPLOITATION,0
public_06,public_06_day_31,31,syn_d66b96f5bebe822535f9f0241e7c98de,syn_91fee2996fe98a0b86f8b85b36a34e85,FEASIBLE,0.35000000000000003,1.0,EXPLOITATION,0
public_06,public_06_day_31,31,syn_d66b96f5bebe822535f9f0241e7c98de,syn_da27cb7eb32da3bbe0f1b2b21ba7e103,FEASIBLE,0.35,1.0,EXPLOITATION,0
public_06,public_06_day_31,31,syn_3e8ac8e9fbb491d5513434fbd4fc7cd6,syn_bf01f7e7bb92779ea8360e92cc83031e,FEASIBLE,0.15,1.0,EXPLOITATION,0
public_06,public_06_day_31,31,syn_d66b96f5bebe822535f9f0241e7c98de,syn_95cb54e6c1f276ab1e52205978064790,FEASIBLE,0.0,1.0,EXPLOITATION,0
public_06,public_06_day_31,31,syn_bb53360e8a92b39d81a2f640f469f37a,syn_87fac55a1a72663692d6c80082108bb8,FEASIBLE,0.0,1.0,EXPLOITATION,0
public_06,public_06_day_31,31,syn_0f2d06f448ad910379796f3c5f5c1ab1,syn_b94fae7a1446ff7bb5cdefe8368f9f90,FEASIBLE,0.0,1.0,EXPLOITATION,0
public_06,public_06_day_31,31,syn_c6fb2e47f7f8c504e206e414bde32c98,syn_261c35150d12dad81532b5a40ac05ebe,FEASIBLE,0.0,1.0,EXPLOITATION,0
public_06,public_06_day_31,31,syn_1adde579a5eeb204b7478755fdb6e1c0,syn_4f9c2cd0705a5d3d6170c9bef6cf3e6b,FEASIBLE,0.0,1.0,EXPLOITATION,0
public_06,public_06_day_31,31,syn_4f9c2cd0705a5d3d6170c9bef6cf3e6b,syn_63d2418ae761e5cb5bef73b6ec7e4100,FEASIBLE,0.0,1.0,EXPLOITATION,0
public_06,public_06_day_31,31,syn_14dda87faea12a0a26065bc6b514a40f,syn_b94fae7a1446ff7bb5cdefe8368f9f90,FEASIBLE,0.0,1.0,EXPLOITATION,0
public_06,public_06_day_31,31,syn_b94fae7a1446ff7bb5cdefe8368f9f90,syn_e99c783de4288ff04b9bd687eebdf8af,FEASIBLE,0.0,1.0,EXPLOITATION,0
public_06,public_06_day_32,32,syn_0f2d06f448ad910379796f3c5f5c1ab1,syn_3f8425ccd19a1308cd50bfe6286cdf0f,FEASIBLE,1.0,1.0,EXPLOITATION,1
public_06,public_06_day_32,32,syn_f5f64a7cff02dde0d10de1e8e2b33e10,syn_bf01f7e7bb92779ea8360e92cc83031e,FEASIBLE,0.75,1.0,EXPLOITATION,1
public_06,public_06_day_32,32,syn_da27cb7eb32da3bbe0f1b2b21ba7e103,syn_91fee2996fe98a0b86f8b85b36a34e85,FEASIBLE,0.55,1.0,EXPLOITATION,1
public_06,public_06_day_32,32,syn_a800c4360c4c83b1f3060ffd5dbcba75,syn_81c315c2b616bfcb16f0f431fefa8647,FEASIBLE,0.05,1.0,EXPLOITATION,1
public_06,public_06_day_32,32,syn_d66b96f5bebe822535f9f0241e7c98de,syn_bb53360e8a92b39d81a2f640f469f37a,FEASIBLE,0.0,1.0,EXPLOITATION,1
public_06,public_06_day_32,32,syn_ef3ec5a5d140ddb21b21b1ce436657ae,syn_b94fae7a1446ff7bb5cdefe8368f9f90,FEASIBLE,0.0,1.0,EXPLOITATION,1
public_06,public_06_day_32,32,syn_96cf8dc7a102efb3150a9e083bf747bd,syn_8270b671dbaed1029b33ebfe15aff488,FEASIBLE,0.0,1.0,EXPLOITATION,1
public_06,public_06_day_32,32,syn_c257f1135cd572b8727fa62f2bb54218,syn_072b504b76074da4be0703379e2ad417,FEASIBLE,0.0,1.0,EXPLOITATION,1
public_06,public_06_day_32,32,syn_e5f70d2eddbc8007889a8da96eff718a,syn_46251d99bccb19676a533b9e0a93813b,FEASIBLE,0.0,1.0,EXPLOITATION,1
public_06,public_06_day_32,32,syn_80d0286ab216c0b9b9144ecd996404f1,syn_4f9c2cd0705a5d3d6170c9bef6cf3e6b,FEASIBLE,0.0,1.0,EXPLOITATION,1
public_06,public_06_day_32,32,syn_36edeb4cc50c76c4826bdf8313514294,syn_bdd8278c4e59668858d88e52cad54fd7,FEASIBLE,0.0,1.0,EXPLOITATION,1
public_06,public_06_day_32,32,syn_c6fb2e47f7f8c504e206e414bde32c98,syn_0c76ae3c872b370a16ecfc9e4dc86d93,FEASIBLE,0.0,1.0,EXPLOITATION,1
public_06,public_06_day_32,32,syn_24b1540ae74c6aa20d1b4a7cd8647bd3,syn_a5d2278639bc1c355462bcaf347c3ee2,FEASIBLE,0.0,1.0,EXPLOITATION,1
public_06,public_06_day_32,32,syn_80e68238319e11f1b8d38bc3e38deaec,syn_97adb9e517d4c8a9a951072cfae1b9a0,FEASIBLE,0.0,1.0,EXPLOITATION,1
public_06,public_06_day_32,32,syn_3e8ac8e9fbb491d5513434fbd4fc7cd6,syn_adae6bca85d991b0ccc09f987510b55e,FEASIBLE,0.0,1.0,EXPLOITATION,1
public_06,public_06_day_32,32,syn_9b4009eb457c80ee7f7241680f4a806e,syn_f5f64a7cff02dde0d10de1e8e2b33e10,FEASIBLE,0.7,1.0,EXPLOITATION,0
public_06,public_06_day_32,32,syn_3f8425ccd19a1308cd50bfe6286cdf0f,syn_3e8ac8e9fbb491d5513434fbd4fc7cd6,FEASIBLE,0.5499999999999999,1.0,EXPLOITATION,0
public_06,public_06_day_32,32,syn_3f8425ccd19a1308cd50bfe6286cdf0f,syn_b7564d8895a2382fab350d729b182468,FEASIBLE,0.44999999999999996,1.0,EXPLOITATION,0
public_06,public_06_day_32,32,syn_d66b96f5bebe822535f9f0241e7c98de,syn_91fee2996fe98a0b86f8b85b36a34e85,FEASIBLE,0.35000000000000003,1.0,EXPLOITATION,0
public_06,public_06_day_32,32,syn_d66b96f5bebe822535f9f0241e7c98de,syn_da27cb7eb32da3bbe0f1b2b21ba7e103,FEASIBLE,0.35,1.0,EXPLOITATION,0
public_06,public_06_day_32,32,syn_f5f64a7cff02dde0d10de1e8e2b33e10,syn_3f8425ccd19a1308cd50bfe6286cdf0f,FEASIBLE,0.25,1.0,EXPLORATION,0
public_06,public_06_day_32,32,syn_3e8ac8e9fbb491d5513434fbd4fc7cd6,syn_bf01f7e7bb92779ea8360e92cc83031e,FEASIBLE,0.15,1.0,EXPLOITATION,0
public_06,public_06_day_32,32,syn_d66b96f5bebe822535f9f0241e7c98de,syn_95cb54e6c1f276ab1e52205978064790,FEASIBLE,0.0,1.0,EXPLOITATION,0
public_06,public_06_day_32,32,syn_bb53360e8a92b39d81a2f640f469f37a,syn_87fac55a1a72663692d6c80082108bb8,FEASIBLE,0.0,1.0,EXPLOITATION,0
public_06,public_06_day_32,32,syn_0f2d06f448ad910379796f3c5f5c1ab1,syn_b94fae7a1446ff7bb5cdefe8368f9f90,FEASIBLE,0.0,1.0,EXPLOITATION,0
public_06,public_06_day_32,32,syn_36edeb4cc50c76c4826bdf8313514294,syn_3f8425ccd19a1308cd50bfe6286cdf0f,FEASIBLE,0.0,1.0,EXPLOITATION,0
public_06,public_06_day_32,32,syn_c6fb2e47f7f8c504e206e414bde32c98,syn_261c35150d12dad81532b5a40ac05ebe,FEASIBLE,0.0,1.0,EXPLOITATION,0
public_06,public_06_day_32,32,syn_1adde579a5eeb204b7478755fdb6e1c0,syn_4f9c2cd0705a5d3d6170c9bef6cf3e6b,FEASIBLE,0.0,1.0,EXPLOITATION,0
public_06,public_06_day_32,32,syn_fb50edf55697d4bb5de3d06e1217c9c8,syn_3f8425ccd19a1308cd50bfe6286cdf0f,FEASIBLE,0.0,1.0,EXPLOITATION,0
public_06,public_06_day_32,32,syn_4f9c2cd0705a5d3d6170c9bef6cf3e6b,syn_63d2418ae761e5cb5bef73b6ec7e4100,FEASIBLE,0.0,1.0,EXPLOITATION,0
public_06,public_06_day_32,32,syn_14dda87faea12a0a26065bc6b514a40f,syn_b94fae7a1446ff7bb5cdefe8368f9f90,FEASIBLE,0.0,1.0,EXPLOITATION,0
public_06,public_06_day_32,32,syn_b94fae7a1446ff7bb5cdefe8368f9f90,syn_e99c783de4288ff04b9bd687eebdf8af,FEASIBLE,0.0,1.0,EXPLOITATION,0
public_06,public_06_day_34,34,syn_0f2d06f448ad910379796f3c5f5c1ab1,syn_3f8425ccd19a1308cd50bfe6286cdf0f,FEASIBLE,1.0,1.0,EXPLOITATION,1
public_06,public_06_day_34,34,syn_f5f64a7cff02dde0d10de1e8e2b33e10,syn_bf01f7e7bb92779ea8360e92cc83031e,FEASIBLE,0.75,1.0,EXPLOITATION,1
public_06,public_06_day_34,34,syn_da27cb7eb32da3bbe0f1b2b21ba7e103,syn_91fee2996fe98a0b86f8b85b36a34e85,FEASIBLE,0.55,1.0,EXPLOITATION,1
public_06,public_06_day_34,34,syn_a800c4360c4c83b1f3060ffd5dbcba75,syn_81c315c2b616bfcb16f0f431fefa8647,FEASIBLE,0.05,1.0,EXPLOITATION,1
public_06,public_06_day_34,34,syn_d66b96f5bebe822535f9f0241e7c98de,syn_bb53360e8a92b39d81a2f640f469f37a,FEASIBLE,0.0,1.0,EXPLOITATION,1
public_06,public_06_day_34,34,syn_ef3ec5a5d140ddb21b21b1ce436657ae,syn_b94fae7a1446ff7bb5cdefe8368f9f90,FEASIBLE,0.0,1.0,EXPLOITATION,1
public_06,public_06_day_34,34,syn_96cf8dc7a102efb3150a9e083bf747bd,syn_8270b671dbaed1029b33ebfe15aff488,FEASIBLE,0.0,1.0,EXPLOITATION,1
public_06,public_06_day_34,34,syn_c257f1135cd572b8727fa62f2bb54218,syn_072b504b76074da4be0703379e2ad417,FEASIBLE,0.0,1.0,EXPLOITATION,1
public_06,public_06_day_34,34,syn_e5f70d2eddbc8007889a8da96eff718a,syn_46251d99bccb19676a533b9e0a93813b,FEASIBLE,0.0,1.0,EXPLOITATION,1
public_06,public_06_day_34,34,syn_80d0286ab216c0b9b9144ecd996404f1,syn_4f9c2cd0705a5d3d6170c9bef6cf3e6b,FEASIBLE,0.0,1.0,EXPLOITATION,1
public_06,public_06_day_34,34,syn_36edeb4cc50c76c4826bdf8313514294,syn_bdd8278c4e59668858d88e52cad54fd7,FEASIBLE,0.0,1.0,EXPLOITATION,1
public_06,public_06_day_34,34,syn_c6fb2e47f7f8c504e206e414bde32c98,syn_0c76ae3c872b370a16ecfc9e4dc86d93,FEASIBLE,0.0,1.0,EXPLOITATION,1
public_06,public_06_day_34,34,syn_24b1540ae74c6aa20d1b4a7cd8647bd3,syn_a5d2278639bc1c355462bcaf347c3ee2,FEASIBLE,0.0,1.0,EXPLOITATION,1
public_06,public_06_day_34,34,syn_80e68238319e11f1b8d38bc3e38deaec,syn_97adb9e517d4c8a9a951072cfae1b9a0,FEASIBLE,0.0,1.0,EXPLOITATION,1
public_06,public_06_day_34,34,syn_3e8ac8e9fbb491d5513434fbd4fc7cd6,syn_adae6bca85d991b0ccc09f987510b55e,FEASIBLE,0.0,1.0,EXPLOITATION,1
public_06,public_06_day_34,34,syn_9b4009eb457c80ee7f7241680f4a806e,syn_f5f64a7cff02dde0d10de1e8e2b33e10,FEASIBLE,0.7,1.0,EXPLOITATION,0
public_06,public_06_day_34,34,syn_3f8425ccd19a1308cd50bfe6286cdf0f,syn_3e8ac8e9fbb491d5513434fbd4fc7cd6,FEASIBLE,0.5499999999999999,1.0,EXPLOITATION,0
public_06,public_06_day_34,34,syn_3f8425ccd19a1308cd50bfe6286cdf0f,syn_b7564d8895a2382fab350d729b182468,FEASIBLE,0.44999999999999996,1.0,EXPLOITATION,0
public_06,public_06_day_34,34,syn_d66b96f5bebe822535f9f0241e7c98de,syn_91fee2996fe98a0b86f8b85b36a34e85,FEASIBLE,0.35000000000000003,1.0,EXPLOITATION,0
public_06,public_06_day_34,34,syn_d66b96f5bebe822535f9f0241e7c98de,syn_da27cb7eb32da3bbe0f1b2b21ba7e103,FEASIBLE,0.35,1.0,EXPLOITATION,0
public_06,public_06_day_34,34,syn_f5f64a7cff02dde0d10de1e8e2b33e10,syn_3f8425ccd19a1308cd50bfe6286cdf0f,FEASIBLE,0.25,1.0,EXPLORATION,0
public_06,public_06_day_34,34,syn_3e8ac8e9fbb491d5513434fbd4fc7cd6,syn_bf01f7e7bb92779ea8360e92cc83031e,FEASIBLE,0.15,1.0,EXPLOITATION,0
public_06,public_06_day_34,34,syn_d66b96f5bebe822535f9f0241e7c98de,syn_95cb54e6c1f276ab1e52205978064790,FEASIBLE,0.0,1.0,EXPLOITATION,0
public_06,public_06_day_34,34,syn_bb53360e8a92b39d81a2f640f469f37a,syn_87fac55a1a72663692d6c80082108bb8,FEASIBLE,0.0,1.0,EXPLOITATION,0
public_06,public_06_day_34,34,syn_0f2d06f448ad910379796f3c5f5c1ab1,syn_b94fae7a1446ff7bb5cdefe8368f9f90,FEASIBLE,0.0,1.0,EXPLOITATION,0
public_06,public_06_day_34,34,syn_36edeb4cc50c76c4826bdf8313514294,syn_3f8425ccd19a1308cd50bfe6286cdf0f,FEASIBLE,0.0,1.0,EXPLOITATION,0
public_06,public_06_day_34,34,syn_c6fb2e47f7f8c504e206e414bde32c98,syn_261c35150d12dad81532b5a40ac05ebe,FEASIBLE,0.0,1.0,EXPLOITATION,0
public_06,public_06_day_34,34,syn_1adde579a5eeb204b7478755fdb6e1c0,syn_4f9c2cd0705a5d3d6170c9bef6cf3e6b,FEASIBLE,0.0,1.0,EXPLOITATION,0
public_06,public_06_day_34,34,syn_fb50edf55697d4bb5de3d06e1217c9c8,syn_3f8425ccd19a1308cd50bfe6286cdf0f,FEASIBLE,0.0,1.0,EXPLOITATION,0
public_06,public_06_day_34,34,syn_4f9c2cd0705a5d3d6170c9bef6cf3e6b,syn_63d2418ae761e5cb5bef73b6ec7e4100,FEASIBLE,0.0,1.0,EXPLOITATION,0
public_06,public_06_day_34,34,syn_14dda87faea12a0a26065bc6b514a40f,syn_b94fae7a1446ff7bb5cdefe8368f9f90,FEASIBLE,0.0,1.0,EXPLOITATION,0
public_06,public_06_day_34,34,syn_b94fae7a1446ff7bb5cdefe8368f9f90,syn_e99c783de4288ff04b9bd687eebdf8af,FEASIBLE,0.0,1.0,EXPLOITATION,0
public_07,public_07_day_1,1,syn_95b4390297b33290d26736f7e4eafb39,syn_f92952a8966a085892fde0dcea9f7050,FEASIBLE,0.55,1.0,EXPLORATION,1
public_07,public_07_day_1,1,syn_b890454d3ef6bc5190b0e2321497e5da,syn_f92952a8966a085892fde0dcea9f7050,FEASIBLE,0.0,1.0,EXPLORATION,0
public_07,public_07_day_1,1,syn_2c21d1d4aa3246ecf554167d645764b1,syn_f92952a8966a085892fde0dcea9f7050,FEASIBLE,0.0,1.0,EXPLORATION,0
public_07,public_07_day_2,2,syn_f4bb9a7cc9774c227eaef317d3e5b192,syn_f92952a8966a085892fde0dcea9f7050,FEASIBLE,0.6,1.0,EXPLORATION,1
public_07,public_07_day_2,2,syn_306fc796ca44265fedefc3320ee53b4b,syn_bd313c33a2dfe80569df7e081fa7e16c,FEASIBLE,0.0,1.0,EXPLORATION,1
public_07,public_07_day_2,2,syn_95b4390297b33290d26736f7e4eafb39,syn_f92952a8966a085892fde0dcea9f7050,FEASIBLE,0.55,1.0,EXPLOITATION,0
public_07,public_07_day_2,2,syn_b890454d3ef6bc5190b0e2321497e5da,syn_f92952a8966a085892fde0dcea9f7050,FEASIBLE,0.0,1.0,EXPLORATION,0
public_07,public_07_day_2,2,syn_2c21d1d4aa3246ecf554167d645764b1,syn_f92952a8966a085892fde0dcea9f7050,FEASIBLE,0.0,1.0,EXPLORATION,0
public_07,public_07_day_3,3,syn_306fc796ca44265fedefc3320ee53b4b,syn_a2df2f4cb371057e5e2d438bc7abe1b6,FEASIBLE,0.7,1.0,EXPLORATION,1
public_07,public_07_day_3,3,syn_46fdd2c8ce656d8ba2c9ab45c38b2c65,syn_e712d22fcebac37a97c72a6a2bb621ae,FEASIBLE,0.7,1.0,EXPLORATION,1
public_07,public_07_day_3,3,syn_f4bb9a7cc9774c227eaef317d3e5b192,syn_f92952a8966a085892fde0dcea9f7050,FEASIBLE,0.6,1.0,EXPLOITATION,1
public_07,public_07_day_3,3,syn_a72c9a6d703188c5bf395cb08b22a890,syn_28d204dbbdf42cee5a3030880cdd1e0c,FEASIBLE,0.0,1.0,EXPLORATION,1
public_07,public_07_day_3,3,syn_95b4390297b33290d26736f7e4eafb39,syn_f92952a8966a085892fde0dcea9f7050,FEASIBLE,0.55,1.0,EXPLOITATION,0
public_07,public_07_day_3,3,syn_46fdd2c8ce656d8ba2c9ab45c38b2c65,syn_95b4390297b33290d26736f7e4eafb39,FEASIBLE,0.35,1.0,EXPLORATION,0
public_07,public_07_day_3,3,syn_f92952a8966a085892fde0dcea9f7050,syn_e712d22fcebac37a97c72a6a2bb621ae,FEASIBLE,0.05,1.0,EXPLORATION,0
public_07,public_07_day_3,3,syn_306fc796ca44265fedefc3320ee53b4b,syn_bd313c33a2dfe80569df7e081fa7e16c,FEASIBLE,0.0,1.0,EXPLOITATION,0
public_07,public_07_day_3,3,syn_b890454d3ef6bc5190b0e2321497e5da,syn_f92952a8966a085892fde0dcea9f7050,FEASIBLE,0.0,1.0,EXPLOITATION,0
public_07,public_07_day_3,3,syn_46fdd2c8ce656d8ba2c9ab45c38b2c65,syn_f4bb9a7cc9774c227eaef317d3e5b192,FEASIBLE,0.0,1.0,EXPLORATION,0
public_07,public_07_day_3,3,syn_28d204dbbdf42cee5a3030880cdd1e0c,syn_f4bb9a7cc9774c227eaef317d3e5b192,FEASIBLE,0.0,1.0,EXPLORATION,0
public_07,public_07_day_3,3,syn_bd313c33a2dfe80569df7e081fa7e16c,syn_a2df2f4cb371057e5e2d438bc7abe1b6,FEASIBLE,0.0,1.0,EXPLORATION,0
public_07,public_07_day_3,3,syn_2c21d1d4aa3246ecf554167d645764b1,syn_f92952a8966a085892fde0dcea9f7050,FEASIBLE,0.0,1.0,EXPLOITATION,0
public_07,public_07_day_4,4,syn_306fc796ca44265fedefc3320ee53b4b,syn_a2df2f4cb371057e5e2d438bc7abe1b6,FEASIBLE,0.7,1.0,EXPLOITATION,1
public_07,public_07_day_4,4,syn_46fdd2c8ce656d8ba2c9ab45c38b2c65,syn_e712d22fcebac37a97c72a6a2bb621ae,FEASIBLE,0.7,1.0,EXPLOITATION,1
public_07,public_07_day_4,4,syn_f4bb9a7cc9774c227eaef317d3e5b192,syn_f92952a8966a085892fde0dcea9f7050,FEASIBLE,0.6,1.0,EXPLOITATION,1
public_07,public_07_day_4,4,syn_a72c9a6d703188c5bf395cb08b22a890,syn_28d204dbbdf42cee5a3030880cdd1e0c,FEASIBLE,0.0,1.0,EXPLOITATION,1
public_07,public_07_day_4,4,syn_95b4390297b33290d26736f7e4eafb39,syn_f92952a8966a085892fde0dcea9f7050,FEASIBLE,0.55,1.0,EXPLOITATION,0
public_07,public_07_day_4,4,syn_46fdd2c8ce656d8ba2c9ab45c38b2c65,syn_95b4390297b33290d26736f7e4eafb39,FEASIBLE,0.35,1.0,EXPLORATION,0
public_07,public_07_day_4,4,syn_f92952a8966a085892fde0dcea9f7050,syn_e712d22fcebac37a97c72a6a2bb621ae,FEASIBLE,0.05,1.0,EXPLORATION,0
public_07,public_07_day_4,4,syn_306fc796ca44265fedefc3320ee53b4b,syn_bd313c33a2dfe80569df7e081fa7e16c,FEASIBLE,0.0,1.0,EXPLOITATION,0
public_07,public_07_day_4,4,syn_b890454d3ef6bc5190b0e2321497e5da,syn_f92952a8966a085892fde0dcea9f7050,FEASIBLE,0.0,1.0,EXPLOITATION,0
public_07,public_07_day_4,4,syn_46fdd2c8ce656d8ba2c9ab45c38b2c65,syn_f4bb9a7cc9774c227eaef317d3e5b192,FEASIBLE,0.0,1.0,EXPLORATION,0
public_07,public_07_day_4,4,syn_46fdd2c8ce656d8ba2c9ab45c38b2c65,syn_dd947b8ca242c44863cf601fe65d57ed,FEASIBLE,0.0,1.0,EXPLORATION,0
public_07,public_07_day_4,4,syn_28d204dbbdf42cee5a3030880cdd1e0c,syn_f4bb9a7cc9774c227eaef317d3e5b192,FEASIBLE,0.0,1.0,EXPLOITATION,0
public_07,public_07_day_4,4,syn_bd313c33a2dfe80569df7e081fa7e16c,syn_a2df2f4cb371057e5e2d438bc7abe1b6,FEASIBLE,0.0,1.0,EXPLORATION,0
public_07,public_07_day_4,4,syn_2c21d1d4aa3246ecf554167d645764b1,syn_f92952a8966a085892fde0dcea9f7050,FEASIBLE,0.0,1.0,EXPLOITATION,0
public_07,public_07_day_4,4,syn_dd947b8ca242c44863cf601fe65d57ed,syn_f92952a8966a085892fde0dcea9f7050,FEASIBLE,0.0,1.0,EXPLORATION,0
public_07,public_07_day_5,5,syn_c6e4f83f2da6ac827863b999ed06de72,syn_dd947b8ca242c44863cf601fe65d57ed,FEASIBLE,1.0,1.0,EXPLORATION,1
public_07,public_07_day_5,5,syn_306fc796ca44265fedefc3320ee53b4b,syn_a2df2f4cb371057e5e2d438bc7abe1b6,FEASIBLE,0.7,1.0,EXPLOITATION,1
public_07,public_07_day_5,5,syn_46fdd2c8ce656d8ba2c9ab45c38b2c65,syn_e712d22fcebac37a97c72a6a2bb621ae,FEASIBLE,0.7,1.0,EXPLOITATION,1
public_07,public_07_day_5,5,syn_f4bb9a7cc9774c227eaef317d3e5b192,syn_f92952a8966a085892fde0dcea9f7050,FEASIBLE,0.6,1.0,EXPLOITATION,1
public_07,public_07_day_5,5,syn_33d428aa932221ff0207b962000f6cf6,syn_fad3c39c0c2784209ab31e3130339a95,FEASIBLE,0.55,1.0,EXPLORATION,1
public_07,public_07_day_5,5,syn_0ec7fffa4e94cb8226152f02b68c7802,syn_60ccee178fb47eb6a57dfa71f44fab46,FEASIBLE,0.55,1.0,EXPLORATION,1
public_07,public_07_day_5,5,syn_a72c9a6d703188c5bf395cb08b22a890,syn_28d204dbbdf42cee5a3030880cdd1e0c,FEASIBLE,0.0,1.0,EXPLOITATION,1
public_07,public_07_day_5,5,syn_46fdd2c8ce656d8ba2c9ab45c38b2c65,syn_60ccee178fb47eb6a57dfa71f44fab46,FEASIBLE,0.7,1.0,EXPLORATION,0
public_07,public_07_day_5,5,syn_c6e4f83f2da6ac827863b999ed06de72,syn_f4bb9a7cc9774c227eaef317d3e5b192,FEASIBLE,0.6,1.0,EXPLORATION,0
public_07,public_07_day_5,5,syn_95b4390297b33290d26736f7e4eafb39,syn_f92952a8966a085892fde0dcea9f7050,FEASIBLE,0.55,1.0,EXPLOITATION,0
public_07,public_07_day_5,5,syn_c6e4f83f2da6ac827863b999ed06de72,syn_3de295dd7f95a97ede178c9673e88811,FEASIBLE,0.5,1.0,EXPLORATION,0
public_07,public_07_day_5,5,syn_c6e4f83f2da6ac827863b999ed06de72,syn_95b4390297b33290d26736f7e4eafb39,FEASIBLE,0.39999999999999997,1.0,EXPLORATION,0
public_07,public_07_day_5,5,syn_46fdd2c8ce656d8ba2c9ab45c38b2c65,syn_95b4390297b33290d26736f7e4eafb39,FEASIBLE,0.35,1.0,EXPLORATION,0
public_07,public_07_day_5,5,syn_95b4390297b33290d26736f7e4eafb39,syn_0ec7fffa4e94cb8226152f02b68c7802,FEASIBLE,0.35,1.0,EXPLORATION,0
public_07,public_07_day_5,5,syn_c6e4f83f2da6ac827863b999ed06de72,syn_e712d22fcebac37a97c72a6a2bb621ae,FEASIBLE,0.2,1.0,EXPLORATION,0
public_07,public_07_day_5,5,syn_f92952a8966a085892fde0dcea9f7050,syn_60ccee178fb47eb6a57dfa71f44fab46,FEASIBLE,0.2,1.0,EXPLORATION,0
public_07,public_07_day_5,5,syn_c6e4f83f2da6ac827863b999ed06de72,syn_60ccee178fb47eb6a57dfa71f44fab46,FEASIBLE,0.15000000000000002,1.0,EXPLORATION,0
public_07,public_07_day_5,5,syn_f92952a8966a085892fde0dcea9f7050,syn_e712d22fcebac37a97c72a6a2bb621ae,FEASIBLE,0.05,1.0,EXPLORATION,0
public_07,public_07_day_5,5,syn_306fc796ca44265fedefc3320ee53b4b,syn_bd313c33a2dfe80569df7e081fa7e16c,FEASIBLE,0.0,1.0,EXPLOITATION,0
public_07,public_07_day_5,5,syn_b890454d3ef6bc5190b0e2321497e5da,syn_c6e4f83f2da6ac827863b999ed06de72,FEASIBLE,0.0,1.0,EXPLORATION,0
public_07,public_07_day_5,5,syn_b890454d3ef6bc5190b0e2321497e5da,syn_f92952a8966a085892fde0dcea9f7050,FEASIBLE,0.0,1.0,EXPLOITATION,0
public_07,public_07_day_5,5,syn_46fdd2c8ce656d8ba2c9ab45c38b2c65,syn_f4bb9a7cc9774c227eaef317d3e5b192,FEASIBLE,0.0,1.0,EXPLORATION,0
public_07,public_07_day_5,5,syn_46fdd2c8ce656d8ba2c9ab45c38b2c65,syn_dd947b8ca242c44863cf601fe65d57ed,FEASIBLE,0.0,1.0,EXPLORATION,0
public_07,public_07_day_5,5,syn_28d204dbbdf42cee5a3030880cdd1e0c,syn_f4bb9a7cc9774c227eaef317d3e5b192,FEASIBLE,0.0,1.0,EXPLOITATION,0
public_07,public_07_day_5,5,syn_bd313c33a2dfe80569df7e081fa7e16c,syn_a2df2f4cb371057e5e2d438bc7abe1b6,FEASIBLE,0.0,1.0,EXPLORATION,0
public_07,public_07_day_5,5,syn_2c21d1d4aa3246ecf554167d645764b1,syn_c6e4f83f2da6ac827863b999ed06de72,FEASIBLE,0.0,1.0,EXPLORATION,0
public_07,public_07_day_5,5,syn_2c21d1d4aa3246ecf554167d645764b1,syn_f92952a8966a085892fde0dcea9f7050,FEASIBLE,0.0,1.0,EXPLOITATION,0
public_07,public_07_day_5,5,syn_fad3c39c0c2784209ab31e3130339a95,syn_07d00e0f0be2b15987bd4822db536e5b,FEASIBLE,0.0,1.0,EXPLORATION,0
public_07,public_07_day_5,5,syn_dd947b8ca242c44863cf601fe65d57ed,syn_0ec7fffa4e94cb8226152f02b68c7802,FEASIBLE,0.0,1.0,EXPLORATION,0
public_07,public_07_day_5,5,syn_dd947b8ca242c44863cf601fe65d57ed,syn_f92952a8966a085892fde0dcea9f7050,FEASIBLE,0.0,1.0,EXPLORATION,0
public_07,public_07_day_6,6,syn_bd313c33a2dfe80569df7e081fa7e16c,syn_fd8122bc2d96f071c6a9fe865fc309e6,FEASIBLE,1.0,1.0,EXPLORATION,1
public_07,public_07_day_6,6,syn_c6e4f83f2da6ac827863b999ed06de72,syn_dd947b8ca242c44863cf601fe65d57ed,FEASIBLE,1.0,1.0,EXPLOITATION,1
public_07,public_07_day_6,6,syn_fad3c39c0c2784209ab31e3130339a95,syn_1551ea976e4527d2ba7e4c210cdf6658,FEASIBLE,0.85,1.0,EXPLOITATION,1
public_07,public_07_day_6,6,syn_306fc796ca44265fedefc3320ee53b4b,syn_a2df2f4cb371057e5e2d438bc7abe1b6,FEASIBLE,0.7,1.0,EXPLOITATION,1
public_07,public_07_day_6,6,syn_46fdd2c8ce656d8ba2c9ab45c38b2c65,syn_e712d22fcebac37a97c72a6a2bb621ae,FEASIBLE,0.7,1.0,EXPLOITATION,1
public_07,public_07_day_6,6,syn_f4bb9a7cc9774c227eaef317d3e5b192,syn_f92952a8966a085892fde0dcea9f7050,FEASIBLE,0.6,1.0,EXPLOITATION,1
public_07,public_07_day_6,6,syn_0ec7fffa4e94cb8226152f02b68c7802,syn_60ccee178fb47eb6a57dfa71f44fab46,FEASIBLE,0.55,1.0,EXPLOITATION,1
public_07,public_07_day_6,6,syn_7c77dc3fed3c9092d49762509caa5fc6,syn_18d986aa37af2511c082299a5761d468,FEASIBLE,0.0,1.0,EXPLORATION,1
public_07,public_07_day_6,6,syn_a72c9a6d703188c5bf395cb08b22a890,syn_28d204dbbdf42cee5a3030880cdd1e0c,FEASIBLE,0.0,1.0,EXPLOITATION,1
public_07,public_07_day_6,6,syn_46fdd2c8ce656d8ba2c9ab45c38b2c65,syn_60ccee178fb47eb6a57dfa71f44fab46,FEASIBLE,0.7,1.0,EXPLOITATION,0
public_07,public_07_day_6,6,syn_c6e4f83f2da6ac827863b999ed06de72,syn_f4bb9a7cc9774c227eaef317d3e5b192,FEASIBLE,0.6,1.0,EXPLORATION,0
public_07,public_07_day_6,6,syn_33d428aa932221ff0207b962000f6cf6,syn_fad3c39c0c2784209ab31e3130339a95,FEASIBLE,0.55,1.0,EXPLOITATION,0
public_07,public_07_day_6,6,syn_95b4390297b33290d26736f7e4eafb39,syn_f92952a8966a085892fde0dcea9f7050,FEASIBLE,0.55,1.0,EXPLOITATION,0
public_07,public_07_day_6,6,syn_c6e4f83f2da6ac827863b999ed06de72,syn_3de295dd7f95a97ede178c9673e88811,FEASIBLE,0.5,1.0,EXPLORATION,0
public_07,public_07_day_6,6,syn_c6e4f83f2da6ac827863b999ed06de72,syn_95b4390297b33290d26736f7e4eafb39,FEASIBLE,0.39999999999999997,1.0,EXPLORATION,0
public_07,public_07_day_6,6,syn_46fdd2c8ce656d8ba2c9ab45c38b2c65,syn_95b4390297b33290d26736f7e4eafb39,FEASIBLE,0.35,1.0,EXPLORATION,0
public_07,public_07_day_6,6,syn_95b4390297b33290d26736f7e4eafb39,syn_0ec7fffa4e94cb8226152f02b68c7802,FEASIBLE,0.35,1.0,EXPLORATION,0
public_07,public_07_day_6,6,syn_c6e4f83f2da6ac827863b999ed06de72,syn_e712d22fcebac37a97c72a6a2bb621ae,FEASIBLE,0.2,1.0,EXPLORATION,0
public_07,public_07_day_6,6,syn_f92952a8966a085892fde0dcea9f7050,syn_60ccee178fb47eb6a57dfa71f44fab46,FEASIBLE,0.2,1.0,EXPLORATION,0
public_07,public_07_day_6,6,syn_c6e4f83f2da6ac827863b999ed06de72,syn_60ccee178fb47eb6a57dfa71f44fab46,FEASIBLE,0.15000000000000002,1.0,EXPLORATION,0
public_07,public_07_day_6,6,syn_f92952a8966a085892fde0dcea9f7050,syn_e712d22fcebac37a97c72a6a2bb621ae,FEASIBLE,0.05,1.0,EXPLORATION,0
public_07,public_07_day_6,6,syn_a72c9a6d703188c5bf395cb08b22a890,syn_18d986aa37af2511c082299a5761d468,FEASIBLE,0.0,1.0,EXPLORATION,0
public_07,public_07_day_6,6,syn_306fc796ca44265fedefc3320ee53b4b,syn_bd313c33a2dfe80569df7e081fa7e16c,FEASIBLE,0.0,1.0,EXPLOITATION,0
public_07,public_07_day_6,6,syn_b890454d3ef6bc5190b0e2321497e5da,syn_c6e4f83f2da6ac827863b999ed06de72,FEASIBLE,0.0,1.0,EXPLORATION,0
public_07,public_07_day_6,6,syn_b890454d3ef6bc5190b0e2321497e5da,syn_f92952a8966a085892fde0dcea9f7050,FEASIBLE,0.0,1.0,EXPLOITATION,0
public_07,public_07_day_6,6,syn_46fdd2c8ce656d8ba2c9ab45c38b2c65,syn_f4bb9a7cc9774c227eaef317d3e5b192,FEASIBLE,0.0,1.0,EXPLORATION,0
public_07,public_07_day_6,6,syn_46fdd2c8ce656d8ba2c9ab45c38b2c65,syn_dd947b8ca242c44863cf601fe65d57ed,FEASIBLE,0.0,1.0,EXPLORATION,0
public_07,public_07_day_6,6,syn_28d204dbbdf42cee5a3030880cdd1e0c,syn_f4bb9a7cc9774c227eaef317d3e5b192,FEASIBLE,0.0,1.0,EXPLOITATION,0
public_07,public_07_day_6,6,syn_bd313c33a2dfe80569df7e081fa7e16c,syn_a2df2f4cb371057e5e2d438bc7abe1b6,FEASIBLE,0.0,1.0,EXPLORATION,0
public_07,public_07_day_6,6,syn_2c21d1d4aa3246ecf554167d645764b1,syn_c6e4f83f2da6ac827863b999ed06de72,FEASIBLE,0.0,1.0,EXPLORATION,0
public_07,public_07_day_6,6,syn_2c21d1d4aa3246ecf554167d645764b1,syn_f92952a8966a085892fde0dcea9f7050,FEASIBLE,0.0,1.0,EXPLOITATION,0
public_07,public_07_day_6,6,syn_fad3c39c0c2784209ab31e3130339a95,syn_07d00e0f0be2b15987bd4822db536e5b,FEASIBLE,0.0,1.0,EXPLORATION,0
public_07,public_07_day_6,6,syn_dd947b8ca242c44863cf601fe65d57ed,syn_0ec7fffa4e94cb8226152f02b68c7802,FEASIBLE,0.0,1.0,EXPLORATION,0
public_07,public_07_day_6,6,syn_dd947b8ca242c44863cf601fe65d57ed,syn_f92952a8966a085892fde0dcea9f7050,FEASIBLE,0.0,1.0,EXPLORATION,0
public_07,public_07_day_7,7,syn_bd313c33a2dfe80569df7e081fa7e16c,syn_fd8122bc2d96f071c6a9fe865fc309e6,FEASIBLE,1.0,1.0,EXPLOITATION,1
public_07,public_07_day_7,7,syn_c6e4f83f2da6ac827863b999ed06de72,syn_dd947b8ca242c44863cf601fe65d57ed,FEASIBLE,1.0,1.0,EXPLOITATION,1
public_07,public_07_day_7,7,syn_fad3c39c0c2784209ab31e3130339a95,syn_1551ea976e4527d2ba7e4c210cdf6658,FEASIBLE,0.85,1.0,EXPLOITATION,1
public_07,public_07_day_7,7,syn_b8047d1ba862c0dde95804774a9f1228,syn_3de295dd7f95a97ede178c9673e88811,FEASIBLE,0.7777777777777777,1.0,EXPLORATION,1
public_07,public_07_day_7,7,syn_306fc796ca44265fedefc3320ee53b4b,syn_a2df2f4cb371057e5e2d438bc7abe1b6,FEASIBLE,0.7,1.0,EXPLOITATION,1
public_07,public_07_day_7,7,syn_46fdd2c8ce656d8ba2c9ab45c38b2c65,syn_e712d22fcebac37a97c72a6a2bb621ae,FEASIBLE,0.7,1.0,EXPLOITATION,1
public_07,public_07_day_7,7,syn_f4bb9a7cc9774c227eaef317d3e5b192,syn_f92952a8966a085892fde0dcea9f7050,FEASIBLE,0.6,1.0,EXPLOITATION,1
public_07,public_07_day_7,7,syn_0ec7fffa4e94cb8226152f02b68c7802,syn_60ccee178fb47eb6a57dfa71f44fab46,FEASIBLE,0.55,1.0,EXPLOITATION,1
public_07,public_07_day_7,7,syn_7c77dc3fed3c9092d49762509caa5fc6,syn_18d986aa37af2511c082299a5761d468,FEASIBLE,0.0,1.0,EXPLOITATION,1
public_07,public_07_day_7,7,syn_a72c9a6d703188c5bf395cb08b22a890,syn_28d204dbbdf42cee5a3030880cdd1e0c,FEASIBLE,0.0,1.0,EXPLOITATION,1
public_07,public_07_day_7,7,syn_bfed6ae3b16fdb9ff14bcd55c92c3e23,syn_9b4bd1d628f180c12716bd357a84f23c,FEASIBLE,0.0,1.0,EXPLORATION,1
public_07,public_07_day_7,7,syn_46fdd2c8ce656d8ba2c9ab45c38b2c65,syn_60ccee178fb47eb6a57dfa71f44fab46,FEASIBLE,0.7,1.0,EXPLOITATION,0
public_07,public_07_day_7,7,syn_c6e4f83f2da6ac827863b999ed06de72,syn_f4bb9a7cc9774c227eaef317d3e5b192,FEASIBLE,0.6,1.0,EXPLORATION,0
public_07,public_07_day_7,7,syn_33d428aa932221ff0207b962000f6cf6,syn_fad3c39c0c2784209ab31e3130339a95,FEASIBLE,0.55,1.0,EXPLOITATION,0
public_07,public_07_day_7,7,syn_95b4390297b33290d26736f7e4eafb39,syn_f92952a8966a085892fde0dcea9f7050,FEASIBLE,0.55,1.0,EXPLOITATION,0
public_07,public_07_day_7,7,syn_c6e4f83f2da6ac827863b999ed06de72,syn_3de295dd7f95a97ede178c9673e88811,FEASIBLE,0.5,1.0,EXPLORATION,0
public_07,public_07_day_7,7,syn_c6e4f83f2da6ac827863b999ed06de72,syn_95b4390297b33290d26736f7e4eafb39,FEASIBLE,0.39999999999999997,1.0,EXPLORATION,0
public_07,public_07_day_7,7,syn_46fdd2c8ce656d8ba2c9ab45c38b2c65,syn_95b4390297b33290d26736f7e4eafb39,FEASIBLE,0.35,1.0,EXPLORATION,0
public_07,public_07_day_7,7,syn_95b4390297b33290d26736f7e4eafb39,syn_0ec7fffa4e94cb8226152f02b68c7802,FEASIBLE,0.35,1.0,EXPLORATION,0
public_07,public_07_day_7,7,syn_c6e4f83f2da6ac827863b999ed06de72,syn_e712d22fcebac37a97c72a6a2bb621ae,FEASIBLE,0.2,1.0,EXPLORATION,0
public_07,public_07_day_7,7,syn_f92952a8966a085892fde0dcea9f7050,syn_60ccee178fb47eb6a57dfa71f44fab46,FEASIBLE,0.2,1.0,EXPLORATION,0
public_07,public_07_day_7,7,syn_c6e4f83f2da6ac827863b999ed06de72,syn_60ccee178fb47eb6a57dfa71f44fab46,FEASIBLE,0.15000000000000002,1.0,EXPLORATION,0
public_07,public_07_day_7,7,syn_f92952a8966a085892fde0dcea9f7050,syn_e712d22fcebac37a97c72a6a2bb621ae,FEASIBLE,0.05,1.0,EXPLORATION,0
public_07,public_07_day_7,7,syn_a72c9a6d703188c5bf395cb08b22a890,syn_18d986aa37af2511c082299a5761d468,FEASIBLE,0.0,1.0,EXPLORATION,0
public_07,public_07_day_7,7,syn_306fc796ca44265fedefc3320ee53b4b,syn_bd313c33a2dfe80569df7e081fa7e16c,FEASIBLE,0.0,1.0,EXPLOITATION,0
public_07,public_07_day_7,7,syn_b890454d3ef6bc5190b0e2321497e5da,syn_c6e4f83f2da6ac827863b999ed06de72,FEASIBLE,0.0,1.0,EXPLORATION,0
public_07,public_07_day_7,7,syn_b890454d3ef6bc5190b0e2321497e5da,syn_f92952a8966a085892fde0dcea9f7050,FEASIBLE,0.0,1.0,EXPLOITATION,0
public_07,public_07_day_7,7,syn_46fdd2c8ce656d8ba2c9ab45c38b2c65,syn_f4bb9a7cc9774c227eaef317d3e5b192,FEASIBLE,0.0,1.0,EXPLORATION,0
public_07,public_07_day_7,7,syn_46fdd2c8ce656d8ba2c9ab45c38b2c65,syn_dd947b8ca242c44863cf601fe65d57ed,FEASIBLE,0.0,1.0,EXPLORATION,0
public_07,public_07_day_7,7,syn_28d204dbbdf42cee5a3030880cdd1e0c,syn_f4bb9a7cc9774c227eaef317d3e5b192,FEASIBLE,0.0,1.0,EXPLOITATION,0
public_07,public_07_day_7,7,syn_bd313c33a2dfe80569df7e081fa7e16c,syn_a2df2f4cb371057e5e2d438bc7abe1b6,FEASIBLE,0.0,1.0,EXPLORATION,0
public_07,public_07_day_7,7,syn_2c21d1d4aa3246ecf554167d645764b1,syn_c6e4f83f2da6ac827863b999ed06de72,FEASIBLE,0.0,1.0,EXPLORATION,0
public_07,public_07_day_7,7,syn_2c21d1d4aa3246ecf554167d645764b1,syn_f92952a8966a085892fde0dcea9f7050,FEASIBLE,0.0,1.0,EXPLOITATION,0
public_07,public_07_day_7,7,syn_c6e4f83f2da6ac827863b999ed06de72,syn_b8047d1ba862c0dde95804774a9f1228,FEASIBLE,0.0,1.0,EXPLORATION,0
public_07,public_07_day_7,7,syn_fad3c39c0c2784209ab31e3130339a95,syn_07d00e0f0be2b15987bd4822db536e5b,FEASIBLE,0.0,1.0,EXPLORATION,0
public_07,public_07_day_7,7,syn_dd947b8ca242c44863cf601fe65d57ed,syn_0ec7fffa4e94cb8226152f02b68c7802,FEASIBLE,0.0,1.0,EXPLORATION,0
public_07,public_07_day_7,7,syn_dd947b8ca242c44863cf601fe65d57ed,syn_f92952a8966a085892fde0dcea9f7050,FEASIBLE,0.0,1.0,EXPLORATION,0
public_07,public_07_day_8,8,syn_306fc796ca44265fedefc3320ee53b4b,syn_a2df2f4cb371057e5e2d438bc7abe1b6,FEASIBLE,0.7,1.0,EXPLOITATION,1
public_07,public_07_day_8,8,syn_0ec7fffa4e94cb8226152f02b68c7802,syn_60ccee178fb47eb6a57dfa71f44fab46,FEASIBLE,0.55,1.0,EXPLOITATION,1
public_07,public_07_day_8,8,syn_bfed6ae3b16fdb9ff14bcd55c92c3e23,syn_9b4bd1d628f180c12716bd357a84f23c,FEASIBLE,0.0,1.0,EXPLOITATION,1
public_07,public_07_day_8,8,syn_bd313c33a2dfe80569df7e081fa7e16c,syn_3d00cfdea3a9b27bb5b4946c3261a8c9,FEASIBLE,0.0,1.0,EXPLORATION,1
public_07,public_07_day_8,8,syn_8d1e58752ea52f6d144a33359b795309,syn_b87520850b5cdc86b34287cf94dc8e2b,FEASIBLE,0.0,1.0,EXPLORATION,1
public_07,public_07_day_8,8,syn_306fc796ca44265fedefc3320ee53b4b,syn_bd313c33a2dfe80569df7e081fa7e16c,FEASIBLE,0.0,1.0,EXPLOITATION,0
public_07,public_07_day_8,8,syn_bd313c33a2dfe80569df7e081fa7e16c,syn_a2df2f4cb371057e5e2d438bc7abe1b6,FEASIBLE,0.0,1.0,EXPLORATION,0
public_07,public_07_day_8,8,syn_a2df2f4cb371057e5e2d438bc7abe1b6,syn_3d00cfdea3a9b27bb5b4946c3261a8c9,FEASIBLE,0.0,1.0,EXPLORATION,0
public_07,public_07_day_8,8,syn_372f1c7073e08c15f2d50a0e6d680800,syn_3d00cfdea3a9b27bb5b4946c3261a8c9,FEASIBLE,0.0,1.0,EXPLOITATION,0
public_07,public_07_day_9,9,syn_0ec7fffa4e94cb8226152f02b68c7802,syn_60ccee178fb47eb6a57dfa71f44fab46,FEASIBLE,0.55,1.0,EXPLOITATION,1
public_07,public_07_day_9,9,syn_bfed6ae3b16fdb9ff14bcd55c92c3e23,syn_9b4bd1d628f180c12716bd357a84f23c,FEASIBLE,0.0,1.0,EXPLOITATION,1
public_07,public_07_day_9,9,syn_bd313c33a2dfe80569df7e081fa7e16c,syn_3d00cfdea3a9b27bb5b4946c3261a8c9,FEASIBLE,0.0,1.0,EXPLOITATION,1
public_07,public_07_day_9,9,syn_8d1e58752ea52f6d144a33359b795309,syn_b87520850b5cdc86b34287cf94dc8e2b,FEASIBLE,0.0,1.0,EXPLOITATION,1
public_07,public_07_day_9,9,syn_372f1c7073e08c15f2d50a0e6d680800,syn_3d00cfdea3a9b27bb5b4946c3261a8c9,FEASIBLE,0.0,1.0,EXPLOITATION,0
public_07,public_07_day_10,10,syn_0ec7fffa4e94cb8226152f02b68c7802,syn_60ccee178fb47eb6a57dfa71f44fab46,FEASIBLE,0.55,1.0,EXPLOITATION,1
public_07,public_07_day_10,10,syn_bfed6ae3b16fdb9ff14bcd55c92c3e23,syn_9b4bd1d628f180c12716bd357a84f23c,FEASIBLE,0.0,1.0,EXPLOITATION,1
public_07,public_07_day_10,10,syn_bd313c33a2dfe80569df7e081fa7e16c,syn_3d00cfdea3a9b27bb5b4946c3261a8c9,FEASIBLE,0.0,1.0,EXPLOITATION,1
public_07,public_07_day_10,10,syn_8d1e58752ea52f6d144a33359b795309,syn_b87520850b5cdc86b34287cf94dc8e2b,FEASIBLE,0.0,1.0,EXPLOITATION,1
public_07,public_07_day_10,10,syn_372f1c7073e08c15f2d50a0e6d680800,syn_3d00cfdea3a9b27bb5b4946c3261a8c9,FEASIBLE,0.0,1.0,EXPLOITATION,0
public_07,public_07_day_11,11,syn_b8047d1ba862c0dde95804774a9f1228,syn_3de295dd7f95a97ede178c9673e88811,FEASIBLE,0.7777777777777777,1.0,EXPLOITATION,1
public_07,public_07_day_11,11,syn_0ec7fffa4e94cb8226152f02b68c7802,syn_60ccee178fb47eb6a57dfa71f44fab46,FEASIBLE,0.55,1.0,EXPLOITATION,1
public_07,public_07_day_11,11,syn_bfed6ae3b16fdb9ff14bcd55c92c3e23,syn_9b4bd1d628f180c12716bd357a84f23c,FEASIBLE,0.0,1.0,EXPLOITATION,1
public_07,public_07_day_11,11,syn_bd313c33a2dfe80569df7e081fa7e16c,syn_3d00cfdea3a9b27bb5b4946c3261a8c9,FEASIBLE,0.0,1.0,EXPLOITATION,1
public_07,public_07_day_11,11,syn_8d1e58752ea52f6d144a33359b795309,syn_b87520850b5cdc86b34287cf94dc8e2b,FEASIBLE,0.0,1.0,EXPLOITATION,1
public_07,public_07_day_11,11,syn_372f1c7073e08c15f2d50a0e6d680800,syn_3d00cfdea3a9b27bb5b4946c3261a8c9,FEASIBLE,0.0,1.0,EXPLOITATION,0
public_07,public_07_day_11,11,syn_d1fa9c9c5f42899c78d34bd35e36c34c,syn_b8047d1ba862c0dde95804774a9f1228,FEASIBLE,0.0,1.0,EXPLORATION,0
public_07,public_07_day_12,12,syn_bd313c33a2dfe80569df7e081fa7e16c,syn_fd8122bc2d96f071c6a9fe865fc309e6,FEASIBLE,1.0,1.0,EXPLOITATION,1
public_07,public_07_day_12,12,syn_b8047d1ba862c0dde95804774a9f1228,syn_3de295dd7f95a97ede178c9673e88811,FEASIBLE,0.7777777777777777,1.0,EXPLOITATION,1
public_07,public_07_day_12,12,syn_306fc796ca44265fedefc3320ee53b4b,syn_a2df2f4cb371057e5e2d438bc7abe1b6,FEASIBLE,0.7,1.0,EXPLOITATION,1
public_07,public_07_day_12,12,syn_0ec7fffa4e94cb8226152f02b68c7802,syn_60ccee178fb47eb6a57dfa71f44fab46,FEASIBLE,0.55,1.0,EXPLOITATION,1
public_07,public_07_day_12,12,syn_d5ba8f6f67e0a59e3446787c14834d8f,syn_f4bb9a7cc9774c227eaef317d3e5b192,FEASIBLE,0.4,1.0,EXPLORATION,1
public_07,public_07_day_12,12,syn_b890454d3ef6bc5190b0e2321497e5da,syn_6ac02d8581ce3e2ae0e90c94845e8ef1,FEASIBLE,0.0,1.0,EXPLOITATION,1
public_07,public_07_day_12,12,syn_bfed6ae3b16fdb9ff14bcd55c92c3e23,syn_9b4bd1d628f180c12716bd357a84f23c,FEASIBLE,0.0,1.0,EXPLOITATION,1
public_07,public_07_day_12,12,syn_8d1e58752ea52f6d144a33359b795309,syn_b87520850b5cdc86b34287cf94dc8e2b,FEASIBLE,0.0,1.0,EXPLOITATION,1
public_07,public_07_day_12,12,syn_372f1c7073e08c15f2d50a0e6d680800,syn_3d00cfdea3a9b27bb5b4946c3261a8c9,FEASIBLE,0.0,1.0,EXPLOITATION,1
public_07,public_07_day_12,12,syn_c5c2bb619143326f31f63696f69ba473,syn_fd8122bc2d96f071c6a9fe865fc309e6,FEASIBLE,0.2,1.0,EXPLORATION,0
public_07,public_07_day_12,12,syn_306fc796ca44265fedefc3320ee53b4b,syn_bd313c33a2dfe80569df7e081fa7e16c,FEASIBLE,0.0,1.0,EXPLOITATION,0
public_07,public_07_day_12,12,syn_b890454d3ef6bc5190b0e2321497e5da,syn_d5ba8f6f67e0a59e3446787c14834d8f,FEASIBLE,0.0,1.0,EXPLORATION,0
public_07,public_07_day_12,12,syn_bd313c33a2dfe80569df7e081fa7e16c,syn_a2df2f4cb371057e5e2d438bc7abe1b6,FEASIBLE,0.0,1.0,EXPLORATION,0
public_07,public_07_day_12,12,syn_bd313c33a2dfe80569df7e081fa7e16c,syn_3d00cfdea3a9b27bb5b4946c3261a8c9,FEASIBLE,0.0,1.0,EXPLOITATION,0
public_07,public_07_day_12,12,syn_a2df2f4cb371057e5e2d438bc7abe1b6,syn_3d00cfdea3a9b27bb5b4946c3261a8c9,FEASIBLE,0.0,1.0,EXPLORATION,0
public_07,public_07_day_12,12,syn_372f1c7073e08c15f2d50a0e6d680800,syn_c5c2bb619143326f31f63696f69ba473,FEASIBLE,0.0,1.0,EXPLORATION,0
public_07,public_07_day_12,12,syn_372f1c7073e08c15f2d50a0e6d680800,syn_fd8122bc2d96f071c6a9fe865fc309e6,FEASIBLE,0.0,1.0,EXPLORATION,0
public_07,public_07_day_12,12,syn_3d00cfdea3a9b27bb5b4946c3261a8c9,syn_fd8122bc2d96f071c6a9fe865fc309e6,FEASIBLE,0.0,1.0,EXPLORATION,0
public_07,public_07_day_12,12,syn_d1fa9c9c5f42899c78d34bd35e36c34c,syn_b8047d1ba862c0dde95804774a9f1228,FEASIBLE,0.0,1.0,EXPLORATION,0
public_07,public_07_day_13,13,syn_bd313c33a2dfe80569df7e081fa7e16c,syn_fd8122bc2d96f071c6a9fe865fc309e6,FEASIBLE,1.0,1.0,EXPLOITATION,1
public_07,public_07_day_13,13,syn_b8047d1ba862c0dde95804774a9f1228,syn_3de295dd7f95a97ede178c9673e88811,FEASIBLE,0.7777777777777777,1.0,EXPLOITATION,1
public_07,public_07_day_13,13,syn_306fc796ca44265fedefc3320ee53b4b,syn_a2df2f4cb371057e5e2d438bc7abe1b6,FEASIBLE,0.7,1.0,EXPLOITATION,1
public_07,public_07_day_13,13,syn_7c77dc3fed3c9092d49762509caa5fc6,syn_0d8307b30c70467d91e58f68688dc85f,FEASIBLE,0.6,1.0,EXPLOITATION,1
public_07,public_07_day_13,13,syn_0ec7fffa4e94cb8226152f02b68c7802,syn_60ccee178fb47eb6a57dfa71f44fab46,FEASIBLE,0.55,1.0,EXPLOITATION,1
public_07,public_07_day_13,13,syn_d5ba8f6f67e0a59e3446787c14834d8f,syn_f4bb9a7cc9774c227eaef317d3e5b192,FEASIBLE,0.4,1.0,EXPLOITATION,1
public_07,public_07_day_13,13,syn_b890454d3ef6bc5190b0e2321497e5da,syn_6ac02d8581ce3e2ae0e90c94845e8ef1,FEASIBLE,0.0,1.0,EXPLOITATION,1
public_07,public_07_day_13,13,syn_bfed6ae3b16fdb9ff14bcd55c92c3e23,syn_9b4bd1d628f180c12716bd357a84f23c,FEASIBLE,0.0,1.0,EXPLOITATION,1
public_07,public_07_day_13,13,syn_8d1e58752ea52f6d144a33359b795309,syn_b87520850b5cdc86b34287cf94dc8e2b,FEASIBLE,0.0,1.0,EXPLOITATION,1
public_07,public_07_day_13,13,syn_372f1c7073e08c15f2d50a0e6d680800,syn_3d00cfdea3a9b27bb5b4946c3261a8c9,FEASIBLE,0.0,1.0,EXPLOITATION,1
public_07,public_07_day_13,13,syn_c5c2bb619143326f31f63696f69ba473,syn_fd8122bc2d96f071c6a9fe865fc309e6,FEASIBLE,0.2,1.0,EXPLORATION,0
public_07,public_07_day_13,13,syn_306fc796ca44265fedefc3320ee53b4b,syn_bd313c33a2dfe80569df7e081fa7e16c,FEASIBLE,0.0,1.0,EXPLOITATION,0
public_07,public_07_day_13,13,syn_b890454d3ef6bc5190b0e2321497e5da,syn_d5ba8f6f67e0a59e3446787c14834d8f,FEASIBLE,0.0,1.0,EXPLORATION,0
public_07,public_07_day_13,13,syn_bd313c33a2dfe80569df7e081fa7e16c,syn_a2df2f4cb371057e5e2d438bc7abe1b6,FEASIBLE,0.0,1.0,EXPLORATION,0
public_07,public_07_day_13,13,syn_bd313c33a2dfe80569df7e081fa7e16c,syn_3d00cfdea3a9b27bb5b4946c3261a8c9,FEASIBLE,0.0,1.0,EXPLOITATION,0
public_07,public_07_day_13,13,syn_a2df2f4cb371057e5e2d438bc7abe1b6,syn_3d00cfdea3a9b27bb5b4946c3261a8c9,FEASIBLE,0.0,1.0,EXPLORATION,0
public_07,public_07_day_13,13,syn_372f1c7073e08c15f2d50a0e6d680800,syn_c5c2bb619143326f31f63696f69ba473,FEASIBLE,0.0,1.0,EXPLORATION,0
public_07,public_07_day_13,13,syn_372f1c7073e08c15f2d50a0e6d680800,syn_fd8122bc2d96f071c6a9fe865fc309e6,FEASIBLE,0.0,1.0,EXPLORATION,0
public_07,public_07_day_13,13,syn_3d00cfdea3a9b27bb5b4946c3261a8c9,syn_fd8122bc2d96f071c6a9fe865fc309e6,FEASIBLE,0.0,1.0,EXPLORATION,0
public_07,public_07_day_13,13,syn_d1fa9c9c5f42899c78d34bd35e36c34c,syn_b8047d1ba862c0dde95804774a9f1228,FEASIBLE,0.0,1.0,EXPLORATION,0
public_07,public_07_day_14,14,syn_fad3c39c0c2784209ab31e3130339a95,syn_1551ea976e4527d2ba7e4c210cdf6658,FEASIBLE,0.85,1.0,EXPLOITATION,1
public_07,public_07_day_14,14,syn_b8047d1ba862c0dde95804774a9f1228,syn_3de295dd7f95a97ede178c9673e88811,FEASIBLE,0.7777777777777777,1.0,EXPLOITATION,1
public_07,public_07_day_14,14,syn_306fc796ca44265fedefc3320ee53b4b,syn_a2df2f4cb371057e5e2d438bc7abe1b6,FEASIBLE,0.7,1.0,EXPLOITATION,1
public_07,public_07_day_14,14,syn_7c77dc3fed3c9092d49762509caa5fc6,syn_0d8307b30c70467d91e58f68688dc85f,FEASIBLE,0.6,1.0,EXPLOITATION,1
public_07,public_07_day_14,14,syn_0ec7fffa4e94cb8226152f02b68c7802,syn_60ccee178fb47eb6a57dfa71f44fab46,FEASIBLE,0.55,1.0,EXPLOITATION,1
public_07,public_07_day_14,14,syn_d5ba8f6f67e0a59e3446787c14834d8f,syn_f4bb9a7cc9774c227eaef317d3e5b192,FEASIBLE,0.4,1.0,EXPLOITATION,1
public_07,public_07_day_14,14,syn_573a03b8dfad5abf64e89241a2254f1d,syn_c5c2bb619143326f31f63696f69ba473,FEASIBLE,0.4,1.0,EXPLORATION,1
public_07,public_07_day_14,14,syn_b890454d3ef6bc5190b0e2321497e5da,syn_6ac02d8581ce3e2ae0e90c94845e8ef1,FEASIBLE,0.0,1.0,EXPLOITATION,1
public_07,public_07_day_14,14,syn_bfed6ae3b16fdb9ff14bcd55c92c3e23,syn_9b4bd1d628f180c12716bd357a84f23c,FEASIBLE,0.0,1.0,EXPLOITATION,1
public_07,public_07_day_14,14,syn_a0ef1f914dfabc7cbdf8dcf46c0bcae6,syn_23e4326f5b03be11fbfa4487934676e2,FEASIBLE,0.0,1.0,EXPLOITATION,1
public_07,public_07_day_14,14,syn_372f1c7073e08c15f2d50a0e6d680800,syn_fd8122bc2d96f071c6a9fe865fc309e6,FEASIBLE,0.0,1.0,EXPLORATION,1
public_07,public_07_day_14,14,syn_33d428aa932221ff0207b962000f6cf6,syn_fad3c39c0c2784209ab31e3130339a95,FEASIBLE,0.55,1.0,EXPLOITATION,0
public_07,public_07_day_14,14,syn_c5c2bb619143326f31f63696f69ba473,syn_fd8122bc2d96f071c6a9fe865fc309e6,FEASIBLE,0.2,1.0,EXPLORATION,0
public_07,public_07_day_14,14,syn_b890454d3ef6bc5190b0e2321497e5da,syn_d5ba8f6f67e0a59e3446787c14834d8f,FEASIBLE,0.0,1.0,EXPLORATION,0
public_07,public_07_day_14,14,syn_28d204dbbdf42cee5a3030880cdd1e0c,syn_f4bb9a7cc9774c227eaef317d3e5b192,FEASIBLE,0.0,1.0,EXPLOITATION,0
public_07,public_07_day_14,14,syn_28d204dbbdf42cee5a3030880cdd1e0c,syn_573a03b8dfad5abf64e89241a2254f1d,FEASIBLE,0.0,1.0,EXPLORATION,0
public_07,public_07_day_14,14,syn_372f1c7073e08c15f2d50a0e6d680800,syn_c5c2bb619143326f31f63696f69ba473,FEASIBLE,0.0,1.0,EXPLORATION,0
public_07,public_07_day_15,15,syn_fad3c39c0c2784209ab31e3130339a95,syn_1551ea976e4527d2ba7e4c210cdf6658,FEASIBLE,0.85,1.0,EXPLOITATION,1
public_07,public_07_day_15,15,syn_b8047d1ba862c0dde95804774a9f1228,syn_3de295dd7f95a97ede178c9673e88811,FEASIBLE,0.7777777777777777,1.0,EXPLOITATION,1
public_07,public_07_day_15,15,syn_306fc796ca44265fedefc3320ee53b4b,syn_a2df2f4cb371057e5e2d438bc7abe1b6,FEASIBLE,0.7,1.0,EXPLOITATION,1
public_07,public_07_day_15,15,syn_7c77dc3fed3c9092d49762509caa5fc6,syn_0d8307b30c70467d91e58f68688dc85f,FEASIBLE,0.6,1.0,EXPLOITATION,1
public_07,public_07_day_15,15,syn_0ec7fffa4e94cb8226152f02b68c7802,syn_60ccee178fb47eb6a57dfa71f44fab46,FEASIBLE,0.55,1.0,EXPLOITATION,1
public_07,public_07_day_15,15,syn_d5ba8f6f67e0a59e3446787c14834d8f,syn_f4bb9a7cc9774c227eaef317d3e5b192,FEASIBLE,0.4,1.0,EXPLOITATION,1
public_07,public_07_day_15,15,syn_573a03b8dfad5abf64e89241a2254f1d,syn_c5c2bb619143326f31f63696f69ba473,FEASIBLE,0.4,1.0,EXPLOITATION,1
public_07,public_07_day_15,15,syn_0a6f208259664965821fb5ca42976e06,syn_832e73f63b822a721404d55cb10ab446,FEASIBLE,0.0,1.0,EXPLORATION,1
public_07,public_07_day_15,15,syn_b890454d3ef6bc5190b0e2321497e5da,syn_6ac02d8581ce3e2ae0e90c94845e8ef1,FEASIBLE,0.0,1.0,EXPLOITATION,1
public_07,public_07_day_15,15,syn_bfed6ae3b16fdb9ff14bcd55c92c3e23,syn_9b4bd1d628f180c12716bd357a84f23c,FEASIBLE,0.0,1.0,EXPLOITATION,1
public_07,public_07_day_15,15,syn_a0ef1f914dfabc7cbdf8dcf46c0bcae6,syn_23e4326f5b03be11fbfa4487934676e2,FEASIBLE,0.0,1.0,EXPLOITATION,1
public_07,public_07_day_15,15,syn_372f1c7073e08c15f2d50a0e6d680800,syn_fd8122bc2d96f071c6a9fe865fc309e6,FEASIBLE,0.0,1.0,EXPLOITATION,1
public_07,public_07_day_15,15,syn_33d428aa932221ff0207b962000f6cf6,syn_fad3c39c0c2784209ab31e3130339a95,FEASIBLE,0.55,1.0,EXPLOITATION,0
public_07,public_07_day_15,15,syn_9583224e7d1037276bd9ea879ee314c3,syn_1551ea976e4527d2ba7e4c210cdf6658,FEASIBLE,0.5499999999999999,1.0,EXPLOITATION,0
public_07,public_07_day_15,15,syn_c5c2bb619143326f31f63696f69ba473,syn_fd8122bc2d96f071c6a9fe865fc309e6,FEASIBLE,0.2,1.0,EXPLORATION,0
public_07,public_07_day_15,15,syn_b890454d3ef6bc5190b0e2321497e5da,syn_d5ba8f6f67e0a59e3446787c14834d8f,FEASIBLE,0.0,1.0,EXPLOITATION,0
public_07,public_07_day_15,15,syn_28d204dbbdf42cee5a3030880cdd1e0c,syn_f4bb9a7cc9774c227eaef317d3e5b192,FEASIBLE,0.0,1.0,EXPLOITATION,0
public_07,public_07_day_15,15,syn_28d204dbbdf42cee5a3030880cdd1e0c,syn_573a03b8dfad5abf64e89241a2254f1d,FEASIBLE,0.0,1.0,EXPLOITATION,0
public_07,public_07_day_15,15,syn_372f1c7073e08c15f2d50a0e6d680800,syn_c5c2bb619143326f31f63696f69ba473,FEASIBLE,0.0,1.0,EXPLORATION,0
public_07,public_07_day_16,16,syn_b8047d1ba862c0dde95804774a9f1228,syn_3de295dd7f95a97ede178c9673e88811,FEASIBLE,0.7777777777777777,1.0,EXPLOITATION,1
public_07,public_07_day_16,16,syn_306fc796ca44265fedefc3320ee53b4b,syn_a2df2f4cb371057e5e2d438bc7abe1b6,FEASIBLE,0.7,1.0,EXPLOITATION,1
public_07,public_07_day_16,16,syn_7c77dc3fed3c9092d49762509caa5fc6,syn_0d8307b30c70467d91e58f68688dc85f,FEASIBLE,0.6,1.0,EXPLOITATION,1
public_07,public_07_day_16,16,syn_33d428aa932221ff0207b962000f6cf6,syn_fad3c39c0c2784209ab31e3130339a95,FEASIBLE,0.55,1.0,EXPLOITATION,1
public_07,public_07_day_16,16,syn_0a6f208259664965821fb5ca42976e06,syn_832e73f63b822a721404d55cb10ab446,FEASIBLE,0.0,1.0,EXPLOITATION,1
public_07,public_07_day_16,16,syn_b890454d3ef6bc5190b0e2321497e5da,syn_6ac02d8581ce3e2ae0e90c94845e8ef1,FEASIBLE,0.0,1.0,EXPLOITATION,1
public_07,public_07_day_16,16,syn_bfed6ae3b16fdb9ff14bcd55c92c3e23,syn_9b4bd1d628f180c12716bd357a84f23c,FEASIBLE,0.0,1.0,EXPLOITATION,1
public_07,public_07_day_16,16,syn_a0ef1f914dfabc7cbdf8dcf46c0bcae6,syn_23e4326f5b03be11fbfa4487934676e2,FEASIBLE,0.0,1.0,EXPLOITATION,1
public_07,public_07_day_16,16,syn_7c77dc3fed3c9092d49762509caa5fc6,syn_e1981e34c7a6948162ff995047ee6476,FEASIBLE,0.5,1.0,EXPLORATION,0
public_07,public_07_day_17,17,syn_b8047d1ba862c0dde95804774a9f1228,syn_3de295dd7f95a97ede178c9673e88811,FEASIBLE,0.7777777777777777,1.0,EXPLOITATION,1
public_07,public_07_day_17,17,syn_306fc796ca44265fedefc3320ee53b4b,syn_a2df2f4cb371057e5e2d438bc7abe1b6,FEASIBLE,0.7,1.0,EXPLOITATION,1
public_07,public_07_day_17,17,syn_7c77dc3fed3c9092d49762509caa5fc6,syn_0d8307b30c70467d91e58f68688dc85f,FEASIBLE,0.6,1.0,EXPLOITATION,1
public_07,public_07_day_17,17,syn_33d428aa932221ff0207b962000f6cf6,syn_fad3c39c0c2784209ab31e3130339a95,FEASIBLE,0.55,1.0,EXPLOITATION,1
public_07,public_07_day_17,17,syn_0a6f208259664965821fb5ca42976e06,syn_832e73f63b822a721404d55cb10ab446,FEASIBLE,0.0,1.0,EXPLOITATION,1
public_07,public_07_day_17,17,syn_bfed6ae3b16fdb9ff14bcd55c92c3e23,syn_9b4bd1d628f180c12716bd357a84f23c,FEASIBLE,0.0,1.0,EXPLOITATION,1
public_07,public_07_day_17,17,syn_a0ef1f914dfabc7cbdf8dcf46c0bcae6,syn_23e4326f5b03be11fbfa4487934676e2,FEASIBLE,0.0,1.0,EXPLOITATION,1
public_07,public_07_day_17,17,syn_7c77dc3fed3c9092d49762509caa5fc6,syn_e1981e34c7a6948162ff995047ee6476,FEASIBLE,0.5,1.0,EXPLORATION,0
public_07,public_07_day_18,18,syn_b8047d1ba862c0dde95804774a9f1228,syn_3de295dd7f95a97ede178c9673e88811,FEASIBLE,0.7777777777777777,1.0,EXPLOITATION,1
public_07,public_07_day_18,18,syn_306fc796ca44265fedefc3320ee53b4b,syn_a2df2f4cb371057e5e2d438bc7abe1b6,FEASIBLE,0.7,1.0,EXPLOITATION,1
public_07,public_07_day_18,18,syn_46fdd2c8ce656d8ba2c9ab45c38b2c65,syn_60ccee178fb47eb6a57dfa71f44fab46,FEASIBLE,0.7,1.0,EXPLOITATION,1
public_07,public_07_day_18,18,syn_7c77dc3fed3c9092d49762509caa5fc6,syn_0d8307b30c70467d91e58f68688dc85f,FEASIBLE,0.6,1.0,EXPLOITATION,1
public_07,public_07_day_18,18,syn_2618c89f6953660c0f62e3bfefd0f580,syn_730e120c211bd2647b3d41ab05bacd66,FEASIBLE,0.6,1.0,EXPLORATION,1
public_07,public_07_day_18,18,syn_33d428aa932221ff0207b962000f6cf6,syn_fad3c39c0c2784209ab31e3130339a95,FEASIBLE,0.55,1.0,EXPLOITATION,1
public_07,public_07_day_18,18,syn_0a6f208259664965821fb5ca42976e06,syn_832e73f63b822a721404d55cb10ab446,FEASIBLE,0.0,1.0,EXPLOITATION,1
public_07,public_07_day_18,18,syn_b890454d3ef6bc5190b0e2321497e5da,syn_6ac02d8581ce3e2ae0e90c94845e8ef1,FEASIBLE,0.0,1.0,EXPLOITATION,1
public_07,public_07_day_18,18,syn_bfed6ae3b16fdb9ff14bcd55c92c3e23,syn_9b4bd1d628f180c12716bd357a84f23c,FEASIBLE,0.0,1.0,EXPLOITATION,1
public_07,public_07_day_18,18,syn_e4623c8b9109e401b9763929d850ad12,syn_42b386591be280dda52f19fa176c271e,FEASIBLE,0.0,1.0,EXPLORATION,1
public_07,public_07_day_18,18,syn_7c77dc3fed3c9092d49762509caa5fc6,syn_e1981e34c7a6948162ff995047ee6476,FEASIBLE,0.5,1.0,EXPLORATION,0
public_07,public_07_day_18,18,syn_3fb528e8a8d3fad2e2ae223d90286957,syn_730e120c211bd2647b3d41ab05bacd66,FEASIBLE,0.4285714285714286,1.0,EXPLORATION,0
public_07,public_07_day_18,18,syn_730e120c211bd2647b3d41ab05bacd66,syn_e252c24579bd0e85706f1ef6dd1a2e88,FEASIBLE,0.4,1.0,EXPLOITATION,0
public_07,public_07_day_18,18,syn_46fdd2c8ce656d8ba2c9ab45c38b2c65,syn_1792125e150b6c1fa7a7ca3516285ba4,FEASIBLE,0.2,1.0,EXPLORATION,0
public_07,public_07_day_18,18,syn_1792125e150b6c1fa7a7ca3516285ba4,syn_6ac02d8581ce3e2ae0e90c94845e8ef1,FEASIBLE,0.0,1.0,EXPLOITATION,0
public_07,public_07_day_18,18,syn_7ab5fa3a9326035c6c155e7a42097903,syn_730e120c211bd2647b3d41ab05bacd66,FEASIBLE,0.0,1.0,EXPLOITATION,0
public_07,public_07_day_19,19,syn_b8047d1ba862c0dde95804774a9f1228,syn_3de295dd7f95a97ede178c9673e88811,FEASIBLE,0.7777777777777777,1.0,EXPLOITATION,1
public_07,public_07_day_19,19,syn_306fc796ca44265fedefc3320ee53b4b,syn_a2df2f4cb371057e5e2d438bc7abe1b6,FEASIBLE,0.7,1.0,EXPLOITATION,1
public_07,public_07_day_19,19,syn_46fdd2c8ce656d8ba2c9ab45c38b2c65,syn_60ccee178fb47eb6a57dfa71f44fab46,FEASIBLE,0.7,1.0,EXPLOITATION,1
public_07,public_07_day_19,19,syn_7c77dc3fed3c9092d49762509caa5fc6,syn_0d8307b30c70467d91e58f68688dc85f,FEASIBLE,0.6,1.0,EXPLOITATION,1
public_07,public_07_day_19,19,syn_2618c89f6953660c0f62e3bfefd0f580,syn_730e120c211bd2647b3d41ab05bacd66,FEASIBLE,0.6,1.0,EXPLOITATION,1
public_07,public_07_day_19,19,syn_573a03b8dfad5abf64e89241a2254f1d,syn_c5c2bb619143326f31f63696f69ba473,FEASIBLE,0.4,1.0,EXPLOITATION,1
public_07,public_07_day_19,19,syn_0a6f208259664965821fb5ca42976e06,syn_832e73f63b822a721404d55cb10ab446,FEASIBLE,0.0,1.0,EXPLOITATION,1
public_07,public_07_day_19,19,syn_b890454d3ef6bc5190b0e2321497e5da,syn_6ac02d8581ce3e2ae0e90c94845e8ef1,FEASIBLE,0.0,1.0,EXPLOITATION,1
public_07,public_07_day_19,19,syn_bfed6ae3b16fdb9ff14bcd55c92c3e23,syn_9b4bd1d628f180c12716bd357a84f23c,FEASIBLE,0.0,1.0,EXPLOITATION,1
public_07,public_07_day_19,19,syn_e4623c8b9109e401b9763929d850ad12,syn_42b386591be280dda52f19fa176c271e,FEASIBLE,0.0,1.0,EXPLOITATION,1
public_07,public_07_day_19,19,syn_372f1c7073e08c15f2d50a0e6d680800,syn_fd8122bc2d96f071c6a9fe865fc309e6,FEASIBLE,0.0,1.0,EXPLOITATION,1
public_07,public_07_day_19,19,syn_7c77dc3fed3c9092d49762509caa5fc6,syn_e1981e34c7a6948162ff995047ee6476,FEASIBLE,0.5,1.0,EXPLORATION,0
public_07,public_07_day_19,19,syn_3fb528e8a8d3fad2e2ae223d90286957,syn_730e120c211bd2647b3d41ab05bacd66,FEASIBLE,0.4285714285714286,1.0,EXPLORATION,0
public_07,public_07_day_19,19,syn_730e120c211bd2647b3d41ab05bacd66,syn_e252c24579bd0e85706f1ef6dd1a2e88,FEASIBLE,0.4,1.0,EXPLOITATION,0
public_07,public_07_day_19,19,syn_46fdd2c8ce656d8ba2c9ab45c38b2c65,syn_1792125e150b6c1fa7a7ca3516285ba4,FEASIBLE,0.2,1.0,EXPLORATION,0
public_07,public_07_day_19,19,syn_c5c2bb619143326f31f63696f69ba473,syn_fd8122bc2d96f071c6a9fe865fc309e6,FEASIBLE,0.2,1.0,EXPLORATION,0
public_07,public_07_day_19,19,syn_1792125e150b6c1fa7a7ca3516285ba4,syn_6ac02d8581ce3e2ae0e90c94845e8ef1,FEASIBLE,0.0,1.0,EXPLOITATION,0
public_07,public_07_day_19,19,syn_372f1c7073e08c15f2d50a0e6d680800,syn_c5c2bb619143326f31f63696f69ba473,FEASIBLE,0.0,1.0,EXPLORATION,0
public_07,public_07_day_19,19,syn_7ab5fa3a9326035c6c155e7a42097903,syn_730e120c211bd2647b3d41ab05bacd66,FEASIBLE,0.0,1.0,EXPLOITATION,0
public_07,public_07_day_20,20,syn_b8047d1ba862c0dde95804774a9f1228,syn_3de295dd7f95a97ede178c9673e88811,FEASIBLE,0.7777777777777777,1.0,EXPLOITATION,1
public_07,public_07_day_20,20,syn_46fdd2c8ce656d8ba2c9ab45c38b2c65,syn_e712d22fcebac37a97c72a6a2bb621ae,FEASIBLE,0.7,1.0,EXPLOITATION,1
public_07,public_07_day_20,20,syn_1792125e150b6c1fa7a7ca3516285ba4,syn_c6e4f83f2da6ac827863b999ed06de72,FEASIBLE,0.65,1.0,EXPLORATION,1
public_07,public_07_day_20,20,syn_2618c89f6953660c0f62e3bfefd0f580,syn_730e120c211bd2647b3d41ab05bacd66,FEASIBLE,0.6,1.0,EXPLOITATION,1
public_07,public_07_day_20,20,syn_573a03b8dfad5abf64e89241a2254f1d,syn_c5c2bb619143326f31f63696f69ba473,FEASIBLE,0.4,1.0,EXPLOITATION,1
public_07,public_07_day_20,20,syn_0a6f208259664965821fb5ca42976e06,syn_832e73f63b822a721404d55cb10ab446,FEASIBLE,0.0,1.0,EXPLOITATION,1
public_07,public_07_day_20,20,syn_b890454d3ef6bc5190b0e2321497e5da,syn_6ac02d8581ce3e2ae0e90c94845e8ef1,FEASIBLE,0.0,1.0,EXPLOITATION,1
public_07,public_07_day_20,20,syn_bfed6ae3b16fdb9ff14bcd55c92c3e23,syn_9b4bd1d628f180c12716bd357a84f23c,FEASIBLE,0.0,1.0,EXPLOITATION,1
public_07,public_07_day_20,20,syn_a0ef1f914dfabc7cbdf8dcf46c0bcae6,syn_23e4326f5b03be11fbfa4487934676e2,FEASIBLE,0.0,1.0,EXPLOITATION,1
public_07,public_07_day_20,20,syn_e4623c8b9109e401b9763929d850ad12,syn_42b386591be280dda52f19fa176c271e,FEASIBLE,0.0,1.0,EXPLOITATION,1
public_07,public_07_day_20,20,syn_372f1c7073e08c15f2d50a0e6d680800,syn_fd8122bc2d96f071c6a9fe865fc309e6,FEASIBLE,0.0,1.0,EXPLOITATION,1
public_07,public_07_day_20,20,syn_46fdd2c8ce656d8ba2c9ab45c38b2c65,syn_60ccee178fb47eb6a57dfa71f44fab46,FEASIBLE,0.7,1.0,EXPLOITATION,0
public_07,public_07_day_20,20,syn_c6e4f83f2da6ac827863b999ed06de72,syn_730e120c211bd2647b3d41ab05bacd66,FEASIBLE,0.6,1.0,EXPLOITATION,0
public_07,public_07_day_20,20,syn_c6e4f83f2da6ac827863b999ed06de72,syn_3de295dd7f95a97ede178c9673e88811,FEASIBLE,0.5,1.0,EXPLORATION,0
public_07,public_07_day_20,20,syn_3fb528e8a8d3fad2e2ae223d90286957,syn_730e120c211bd2647b3d41ab05bacd66,FEASIBLE,0.4285714285714286,1.0,EXPLORATION,0
public_07,public_07_day_20,20,syn_730e120c211bd2647b3d41ab05bacd66,syn_e252c24579bd0e85706f1ef6dd1a2e88,FEASIBLE,0.4,1.0,EXPLOITATION,0
public_07,public_07_day_20,20,syn_46fdd2c8ce656d8ba2c9ab45c38b2c65,syn_1792125e150b6c1fa7a7ca3516285ba4,FEASIBLE,0.2,1.0,EXPLORATION,0
public_07,public_07_day_20,20,syn_c6e4f83f2da6ac827863b999ed06de72,syn_e712d22fcebac37a97c72a6a2bb621ae,FEASIBLE,0.2,1.0,EXPLOITATION,0
public_07,public_07_day_20,20,syn_c5c2bb619143326f31f63696f69ba473,syn_fd8122bc2d96f071c6a9fe865fc309e6,FEASIBLE,0.2,1.0,EXPLORATION,0
public_07,public_07_day_20,20,syn_c6e4f83f2da6ac827863b999ed06de72,syn_60ccee178fb47eb6a57dfa71f44fab46,FEASIBLE,0.15000000000000002,1.0,EXPLORATION,0
public_07,public_07_day_20,20,syn_b890454d3ef6bc5190b0e2321497e5da,syn_c6e4f83f2da6ac827863b999ed06de72,FEASIBLE,0.0,1.0,EXPLOITATION,0
public_07,public_07_day_20,20,syn_1792125e150b6c1fa7a7ca3516285ba4,syn_6ac02d8581ce3e2ae0e90c94845e8ef1,FEASIBLE,0.0,1.0,EXPLOITATION,0
public_07,public_07_day_20,20,syn_c6e4f83f2da6ac827863b999ed06de72,syn_b8047d1ba862c0dde95804774a9f1228,FEASIBLE,0.0,1.0,EXPLORATION,0
public_07,public_07_day_20,20,syn_372f1c7073e08c15f2d50a0e6d680800,syn_c5c2bb619143326f31f63696f69ba473,FEASIBLE,0.0,1.0,EXPLORATION,0
public_07,public_07_day_20,20,syn_7ab5fa3a9326035c6c155e7a42097903,syn_730e120c211bd2647b3d41ab05bacd66,FEASIBLE,0.0,1.0,EXPLOITATION,0
public_07,public_07_day_21,21,syn_d5ba8f6f67e0a59e3446787c14834d8f,syn_dd947b8ca242c44863cf601fe65d57ed,FEASIBLE,1.0,1.0,EXPLOITATION,1
public_07,public_07_day_21,21,syn_b8047d1ba862c0dde95804774a9f1228,syn_3de295dd7f95a97ede178c9673e88811,FEASIBLE,0.7777777777777777,1.0,EXPLOITATION,1
public_07,public_07_day_21,21,syn_46fdd2c8ce656d8ba2c9ab45c38b2c65,syn_e712d22fcebac37a97c72a6a2bb621ae,FEASIBLE,0.7,1.0,EXPLOITATION,1
public_07,public_07_day_21,21,syn_1792125e150b6c1fa7a7ca3516285ba4,syn_c6e4f83f2da6ac827863b999ed06de72,FEASIBLE,0.65,1.0,EXPLOITATION,1
public_07,public_07_day_21,21,syn_0ec7fffa4e94cb8226152f02b68c7802,syn_60ccee178fb47eb6a57dfa71f44fab46,FEASIBLE,0.55,1.0,EXPLOITATION,1
public_07,public_07_day_21,21,syn_573a03b8dfad5abf64e89241a2254f1d,syn_c5c2bb619143326f31f63696f69ba473,FEASIBLE,0.4,1.0,EXPLOITATION,1
public_07,public_07_day_21,21,syn_332a5404f56c90fe84a769ae204a9303,syn_d1fa9c9c5f42899c78d34bd35e36c34c,FEASIBLE,0.0,1.0,EXPLOITATION,1
public_07,public_07_day_21,21,syn_0a6f208259664965821fb5ca42976e06,syn_832e73f63b822a721404d55cb10ab446,FEASIBLE,0.0,1.0,EXPLOITATION,1
public_07,public_07_day_21,21,syn_b890454d3ef6bc5190b0e2321497e5da,syn_6ac02d8581ce3e2ae0e90c94845e8ef1,FEASIBLE,0.0,1.0,EXPLOITATION,1
public_07,public_07_day_21,21,syn_28d204dbbdf42cee5a3030880cdd1e0c,syn_f4bb9a7cc9774c227eaef317d3e5b192,FEASIBLE,0.0,1.0,EXPLOITATION,1
public_07,public_07_day_21,21,syn_bfed6ae3b16fdb9ff14bcd55c92c3e23,syn_9b4bd1d628f180c12716bd357a84f23c,FEASIBLE,0.0,1.0,EXPLOITATION,1
public_07,public_07_day_21,21,syn_a0ef1f914dfabc7cbdf8dcf46c0bcae6,syn_23e4326f5b03be11fbfa4487934676e2,FEASIBLE,0.0,1.0,EXPLOITATION,1
public_07,public_07_day_21,21,syn_e4623c8b9109e401b9763929d850ad12,syn_42b386591be280dda52f19fa176c271e,FEASIBLE,0.0,1.0,EXPLOITATION,1
public_07,public_07_day_21,21,syn_372f1c7073e08c15f2d50a0e6d680800,syn_fd8122bc2d96f071c6a9fe865fc309e6,FEASIBLE,0.0,1.0,EXPLOITATION,1
public_07,public_07_day_21,21,syn_c6e4f83f2da6ac827863b999ed06de72,syn_dd947b8ca242c44863cf601fe65d57ed,FEASIBLE,1.0,1.0,EXPLOITATION,0
public_07,public_07_day_21,21,syn_46fdd2c8ce656d8ba2c9ab45c38b2c65,syn_60ccee178fb47eb6a57dfa71f44fab46,FEASIBLE,0.7,1.0,EXPLOITATION,0
public_07,public_07_day_21,21,syn_c6e4f83f2da6ac827863b999ed06de72,syn_f4bb9a7cc9774c227eaef317d3e5b192,FEASIBLE,0.6,1.0,EXPLOITATION,0
public_07,public_07_day_21,21,syn_c6e4f83f2da6ac827863b999ed06de72,syn_3de295dd7f95a97ede178c9673e88811,FEASIBLE,0.5,1.0,EXPLORATION,0
public_07,public_07_day_21,21,syn_d5ba8f6f67e0a59e3446787c14834d8f,syn_f4bb9a7cc9774c227eaef317d3e5b192,FEASIBLE,0.4,1.0,EXPLOITATION,0
public_07,public_07_day_21,21,syn_c6e4f83f2da6ac827863b999ed06de72,syn_95b4390297b33290d26736f7e4eafb39,FEASIBLE,0.39999999999999997,1.0,EXPLORATION,0
public_07,public_07_day_21,21,syn_46fdd2c8ce656d8ba2c9ab45c38b2c65,syn_95b4390297b33290d26736f7e4eafb39,FEASIBLE,0.35,1.0,EXPLORATION,0
public_07,public_07_day_21,21,syn_1792125e150b6c1fa7a7ca3516285ba4,syn_0ec7fffa4e94cb8226152f02b68c7802,FEASIBLE,0.35,1.0,EXPLORATION,0
public_07,public_07_day_21,21,syn_95b4390297b33290d26736f7e4eafb39,syn_0ec7fffa4e94cb8226152f02b68c7802,FEASIBLE,0.35,1.0,EXPLORATION,0
public_07,public_07_day_21,21,syn_46fdd2c8ce656d8ba2c9ab45c38b2c65,syn_1792125e150b6c1fa7a7ca3516285ba4,FEASIBLE,0.2,1.0,EXPLORATION,0
public_07,public_07_day_21,21,syn_c6e4f83f2da6ac827863b999ed06de72,syn_e712d22fcebac37a97c72a6a2bb621ae,FEASIBLE,0.2,1.0,EXPLOITATION,0
public_07,public_07_day_21,21,syn_c5c2bb619143326f31f63696f69ba473,syn_fd8122bc2d96f071c6a9fe865fc309e6,FEASIBLE,0.2,1.0,EXPLORATION,0
public_07,public_07_day_21,21,syn_c6e4f83f2da6ac827863b999ed06de72,syn_60ccee178fb47eb6a57dfa71f44fab46,FEASIBLE,0.15000000000000002,1.0,EXPLORATION,0
public_07,public_07_day_21,21,syn_b890454d3ef6bc5190b0e2321497e5da,syn_d5ba8f6f67e0a59e3446787c14834d8f,FEASIBLE,0.0,1.0,EXPLOITATION,0
public_07,public_07_day_21,21,syn_b890454d3ef6bc5190b0e2321497e5da,syn_c6e4f83f2da6ac827863b999ed06de72,FEASIBLE,0.0,1.0,EXPLOITATION,0
public_07,public_07_day_21,21,syn_46fdd2c8ce656d8ba2c9ab45c38b2c65,syn_f4bb9a7cc9774c227eaef317d3e5b192,FEASIBLE,0.0,1.0,EXPLORATION,0
public_07,public_07_day_21,21,syn_46fdd2c8ce656d8ba2c9ab45c38b2c65,syn_dd947b8ca242c44863cf601fe65d57ed,FEASIBLE,0.0,1.0,EXPLORATION,0
public_07,public_07_day_21,21,syn_28d204dbbdf42cee5a3030880cdd1e0c,syn_573a03b8dfad5abf64e89241a2254f1d,FEASIBLE,0.0,1.0,EXPLOITATION,0
public_07,public_07_day_21,21,syn_1792125e150b6c1fa7a7ca3516285ba4,syn_6ac02d8581ce3e2ae0e90c94845e8ef1,FEASIBLE,0.0,1.0,EXPLOITATION,0
public_07,public_07_day_21,21,syn_c6e4f83f2da6ac827863b999ed06de72,syn_b8047d1ba862c0dde95804774a9f1228,FEASIBLE,0.0,1.0,EXPLORATION,0
public_07,public_07_day_21,21,syn_372f1c7073e08c15f2d50a0e6d680800,syn_c5c2bb619143326f31f63696f69ba473,FEASIBLE,0.0,1.0,EXPLORATION,0
public_07,public_07_day_21,21,syn_dd947b8ca242c44863cf601fe65d57ed,syn_0ec7fffa4e94cb8226152f02b68c7802,FEASIBLE,0.0,1.0,EXPLORATION,0
public_07,public_07_day_21,21,syn_dd947b8ca242c44863cf601fe65d57ed,syn_6ac02d8581ce3e2ae0e90c94845e8ef1,FEASIBLE,0.0,1.0,EXPLORATION,0
public_07,public_07_day_21,21,syn_d1fa9c9c5f42899c78d34bd35e36c34c,syn_b8047d1ba862c0dde95804774a9f1228,FEASIBLE,0.0,1.0,EXPLORATION,0
public_07,public_07_day_22,22,syn_d5ba8f6f67e0a59e3446787c14834d8f,syn_dd947b8ca242c44863cf601fe65d57ed,FEASIBLE,1.0,1.0,EXPLOITATION,1
public_07,public_07_day_22,22,syn_bd313c33a2dfe80569df7e081fa7e16c,syn_fd8122bc2d96f071c6a9fe865fc309e6,FEASIBLE,1.0,1.0,EXPLOITATION,1
public_07,public_07_day_22,22,syn_fad3c39c0c2784209ab31e3130339a95,syn_1551ea976e4527d2ba7e4c210cdf6658,FEASIBLE,0.85,1.0,EXPLOITATION,1
public_07,public_07_day_22,22,syn_b8047d1ba862c0dde95804774a9f1228,syn_3de295dd7f95a97ede178c9673e88811,FEASIBLE,0.7777777777777777,1.0,EXPLOITATION,1
public_07,public_07_day_22,22,syn_46fdd2c8ce656d8ba2c9ab45c38b2c65,syn_e712d22fcebac37a97c72a6a2bb621ae,FEASIBLE,0.7,1.0,EXPLOITATION,1
public_07,public_07_day_22,22,syn_1792125e150b6c1fa7a7ca3516285ba4,syn_c6e4f83f2da6ac827863b999ed06de72,FEASIBLE,0.65,1.0,EXPLOITATION,1
public_07,public_07_day_22,22,syn_0ec7fffa4e94cb8226152f02b68c7802,syn_60ccee178fb47eb6a57dfa71f44fab46,FEASIBLE,0.55,1.0,EXPLOITATION,1
public_07,public_07_day_22,22,syn_573a03b8dfad5abf64e89241a2254f1d,syn_c5c2bb619143326f31f63696f69ba473,FEASIBLE,0.4,1.0,EXPLOITATION,1
public_07,public_07_day_22,22,syn_3023dea18dda9617724bc8b176cb966c,syn_306fc796ca44265fedefc3320ee53b4b,FEASIBLE,0.0,1.0,EXPLORATION,1
public_07,public_07_day_22,22,syn_0a6f208259664965821fb5ca42976e06,syn_832e73f63b822a721404d55cb10ab446,FEASIBLE,0.0,1.0,EXPLOITATION,1
public_07,public_07_day_22,22,syn_b890454d3ef6bc5190b0e2321497e5da,syn_6ac02d8581ce3e2ae0e90c94845e8ef1,FEASIBLE,0.0,1.0,EXPLOITATION,1
public_07,public_07_day_22,22,syn_28d204dbbdf42cee5a3030880cdd1e0c,syn_f4bb9a7cc9774c227eaef317d3e5b192,FEASIBLE,0.0,1.0,EXPLOITATION,1
public_07,public_07_day_22,22,syn_bfed6ae3b16fdb9ff14bcd55c92c3e23,syn_9b4bd1d628f180c12716bd357a84f23c,FEASIBLE,0.0,1.0,EXPLOITATION,1
public_07,public_07_day_22,22,syn_a0ef1f914dfabc7cbdf8dcf46c0bcae6,syn_23e4326f5b03be11fbfa4487934676e2,FEASIBLE,0.0,1.0,EXPLOITATION,1
public_07,public_07_day_22,22,syn_e4623c8b9109e401b9763929d850ad12,syn_42b386591be280dda52f19fa176c271e,FEASIBLE,0.0,1.0,EXPLOITATION,1
public_07,public_07_day_22,22,syn_8d1e58752ea52f6d144a33359b795309,syn_b87520850b5cdc86b34287cf94dc8e2b,FEASIBLE,0.0,1.0,EXPLOITATION,1
public_07,public_07_day_22,22,syn_07d00e0f0be2b15987bd4822db536e5b,syn_813e07996549616e235d37a1f6ed4cbd,FEASIBLE,0.0,1.0,EXPLORATION,1
public_07,public_07_day_22,22,syn_c6e4f83f2da6ac827863b999ed06de72,syn_dd947b8ca242c44863cf601fe65d57ed,FEASIBLE,1.0,1.0,EXPLOITATION,0
public_07,public_07_day_22,22,syn_46fdd2c8ce656d8ba2c9ab45c38b2c65,syn_60ccee178fb47eb6a57dfa71f44fab46,FEASIBLE,0.7,1.0,EXPLOITATION,0
public_07,public_07_day_22,22,syn_c6e4f83f2da6ac827863b999ed06de72,syn_f4bb9a7cc9774c227eaef317d3e5b192,FEASIBLE,0.6,1.0,EXPLOITATION,0
public_07,public_07_day_22,22,syn_33d428aa932221ff0207b962000f6cf6,syn_fad3c39c0c2784209ab31e3130339a95,FEASIBLE,0.55,1.0,EXPLOITATION,0
public_07,public_07_day_22,22,syn_9583224e7d1037276bd9ea879ee314c3,syn_1551ea976e4527d2ba7e4c210cdf6658,FEASIBLE,0.5499999999999999,1.0,EXPLOITATION,0
public_07,public_07_day_22,22,syn_c6e4f83f2da6ac827863b999ed06de72,syn_3de295dd7f95a97ede178c9673e88811,FEASIBLE,0.5,1.0,EXPLORATION,0
public_07,public_07_day_22,22,syn_d5ba8f6f67e0a59e3446787c14834d8f,syn_f4bb9a7cc9774c227eaef317d3e5b192,FEASIBLE,0.4,1.0,EXPLOITATION,0
public_07,public_07_day_22,22,syn_c6e4f83f2da6ac827863b999ed06de72,syn_95b4390297b33290d26736f7e4eafb39,FEASIBLE,0.39999999999999997,1.0,EXPLORATION,0
public_07,public_07_day_22,22,syn_46fdd2c8ce656d8ba2c9ab45c38b2c65,syn_95b4390297b33290d26736f7e4eafb39,FEASIBLE,0.35,1.0,EXPLORATION,0
public_07,public_07_day_22,22,syn_1792125e150b6c1fa7a7ca3516285ba4,syn_0ec7fffa4e94cb8226152f02b68c7802,FEASIBLE,0.35,1.0,EXPLORATION,0
public_07,public_07_day_22,22,syn_95b4390297b33290d26736f7e4eafb39,syn_0ec7fffa4e94cb8226152f02b68c7802,FEASIBLE,0.35,1.0,EXPLORATION,0
public_07,public_07_day_22,22,syn_46fdd2c8ce656d8ba2c9ab45c38b2c65,syn_1792125e150b6c1fa7a7ca3516285ba4,FEASIBLE,0.2,1.0,EXPLORATION,0
public_07,public_07_day_22,22,syn_c6e4f83f2da6ac827863b999ed06de72,syn_e712d22fcebac37a97c72a6a2bb621ae,FEASIBLE,0.2,1.0,EXPLOITATION,0
public_07,public_07_day_22,22,syn_c5c2bb619143326f31f63696f69ba473,syn_fd8122bc2d96f071c6a9fe865fc309e6,FEASIBLE,0.2,1.0,EXPLORATION,0
public_07,public_07_day_22,22,syn_c6e4f83f2da6ac827863b999ed06de72,syn_60ccee178fb47eb6a57dfa71f44fab46,FEASIBLE,0.15000000000000002,1.0,EXPLORATION,0
public_07,public_07_day_22,22,syn_3023dea18dda9617724bc8b176cb966c,syn_bd313c33a2dfe80569df7e081fa7e16c,FEASIBLE,0.0,1.0,EXPLORATION,0
public_07,public_07_day_22,22,syn_3023dea18dda9617724bc8b176cb966c,syn_cea12821b29a2cbe1e76db200617d67d,FEASIBLE,0.0,1.0,EXPLOITATION,0
public_07,public_07_day_22,22,syn_3023dea18dda9617724bc8b176cb966c,syn_42b386591be280dda52f19fa176c271e,FEASIBLE,0.0,1.0,EXPLORATION,0
public_07,public_07_day_22,22,syn_306fc796ca44265fedefc3320ee53b4b,syn_bd313c33a2dfe80569df7e081fa7e16c,FEASIBLE,0.0,1.0,EXPLOITATION,0
public_07,public_07_day_22,22,syn_b890454d3ef6bc5190b0e2321497e5da,syn_d5ba8f6f67e0a59e3446787c14834d8f,FEASIBLE,0.0,1.0,EXPLOITATION,0
public_07,public_07_day_22,22,syn_b890454d3ef6bc5190b0e2321497e5da,syn_c6e4f83f2da6ac827863b999ed06de72,FEASIBLE,0.0,1.0,EXPLOITATION,0
public_07,public_07_day_22,22,syn_46fdd2c8ce656d8ba2c9ab45c38b2c65,syn_f4bb9a7cc9774c227eaef317d3e5b192,FEASIBLE,0.0,1.0,EXPLORATION,0
public_07,public_07_day_22,22,syn_46fdd2c8ce656d8ba2c9ab45c38b2c65,syn_dd947b8ca242c44863cf601fe65d57ed,FEASIBLE,0.0,1.0,EXPLORATION,0
public_07,public_07_day_22,22,syn_28d204dbbdf42cee5a3030880cdd1e0c,syn_573a03b8dfad5abf64e89241a2254f1d,FEASIBLE,0.0,1.0,EXPLOITATION,0
public_07,public_07_day_22,22,syn_1792125e150b6c1fa7a7ca3516285ba4,syn_6ac02d8581ce3e2ae0e90c94845e8ef1,FEASIBLE,0.0,1.0,EXPLOITATION,0
public_07,public_07_day_22,22,syn_c6e4f83f2da6ac827863b999ed06de72,syn_b8047d1ba862c0dde95804774a9f1228,FEASIBLE,0.0,1.0,EXPLORATION,0
public_07,public_07_day_22,22,syn_fad3c39c0c2784209ab31e3130339a95,syn_07d00e0f0be2b15987bd4822db536e5b,FEASIBLE,0.0,1.0,EXPLORATION,0
public_07,public_07_day_22,22,syn_fad3c39c0c2784209ab31e3130339a95,syn_813e07996549616e235d37a1f6ed4cbd,FEASIBLE,0.0,1.0,EXPLORATION,0
public_07,public_07_day_22,22,syn_372f1c7073e08c15f2d50a0e6d680800,syn_c5c2bb619143326f31f63696f69ba473,FEASIBLE,0.0,1.0,EXPLORATION,0
public_07,public_07_day_22,22,syn_372f1c7073e08c15f2d50a0e6d680800,syn_fd8122bc2d96f071c6a9fe865fc309e6,FEASIBLE,0.0,1.0,EXPLOITATION,0
public_07,public_07_day_22,22,syn_dd947b8ca242c44863cf601fe65d57ed,syn_0ec7fffa4e94cb8226152f02b68c7802,FEASIBLE,0.0,1.0,EXPLORATION,0
public_07,public_07_day_22,22,syn_dd947b8ca242c44863cf601fe65d57ed,syn_6ac02d8581ce3e2ae0e90c94845e8ef1,FEASIBLE,0.0,1.0,EXPLORATION,0
public_07,public_07_day_23,23,syn_d5ba8f6f67e0a59e3446787c14834d8f,syn_dd947b8ca242c44863cf601fe65d57ed,FEASIBLE,1.0,1.0,EXPLOITATION,1
public_07,public_07_day_23,23,syn_bd313c33a2dfe80569df7e081fa7e16c,syn_fd8122bc2d96f071c6a9fe865fc309e6,FEASIBLE,1.0,1.0,EXPLOITATION,1
public_07,public_07_day_23,23,syn_fad3c39c0c2784209ab31e3130339a95,syn_1551ea976e4527d2ba7e4c210cdf6658,FEASIBLE,0.85,1.0,EXPLOITATION,1
public_07,public_07_day_23,23,syn_b8047d1ba862c0dde95804774a9f1228,syn_3de295dd7f95a97ede178c9673e88811,FEASIBLE,0.7777777777777777,1.0,EXPLOITATION,1
public_07,public_07_day_23,23,syn_46fdd2c8ce656d8ba2c9ab45c38b2c65,syn_e712d22fcebac37a97c72a6a2bb621ae,FEASIBLE,0.7,1.0,EXPLOITATION,1
public_07,public_07_day_23,23,syn_1792125e150b6c1fa7a7ca3516285ba4,syn_c6e4f83f2da6ac827863b999ed06de72,FEASIBLE,0.65,1.0,EXPLOITATION,1
public_07,public_07_day_23,23,syn_0ec7fffa4e94cb8226152f02b68c7802,syn_60ccee178fb47eb6a57dfa71f44fab46,FEASIBLE,0.55,1.0,EXPLOITATION,1
public_07,public_07_day_23,23,syn_573a03b8dfad5abf64e89241a2254f1d,syn_c5c2bb619143326f31f63696f69ba473,FEASIBLE,0.4,1.0,EXPLOITATION,1
public_07,public_07_day_23,23,syn_3023dea18dda9617724bc8b176cb966c,syn_306fc796ca44265fedefc3320ee53b4b,FEASIBLE,0.0,1.0,EXPLOITATION,1
public_07,public_07_day_23,23,syn_0a6f208259664965821fb5ca42976e06,syn_832e73f63b822a721404d55cb10ab446,FEASIBLE,0.0,1.0,EXPLOITATION,1
public_07,public_07_day_23,23,syn_b890454d3ef6bc5190b0e2321497e5da,syn_6ac02d8581ce3e2ae0e90c94845e8ef1,FEASIBLE,0.0,1.0,EXPLOITATION,1
public_07,public_07_day_23,23,syn_28d204dbbdf42cee5a3030880cdd1e0c,syn_f4bb9a7cc9774c227eaef317d3e5b192,FEASIBLE,0.0,1.0,EXPLOITATION,1
public_07,public_07_day_23,23,syn_bfed6ae3b16fdb9ff14bcd55c92c3e23,syn_9b4bd1d628f180c12716bd357a84f23c,FEASIBLE,0.0,1.0,EXPLOITATION,1
public_07,public_07_day_23,23,syn_a0ef1f914dfabc7cbdf8dcf46c0bcae6,syn_23e4326f5b03be11fbfa4487934676e2,FEASIBLE,0.0,1.0,EXPLOITATION,1
public_07,public_07_day_23,23,syn_e4623c8b9109e401b9763929d850ad12,syn_42b386591be280dda52f19fa176c271e,FEASIBLE,0.0,1.0,EXPLOITATION,1
public_07,public_07_day_23,23,syn_8d1e58752ea52f6d144a33359b795309,syn_b87520850b5cdc86b34287cf94dc8e2b,FEASIBLE,0.0,1.0,EXPLOITATION,1
public_07,public_07_day_23,23,syn_07d00e0f0be2b15987bd4822db536e5b,syn_813e07996549616e235d37a1f6ed4cbd,FEASIBLE,0.0,1.0,EXPLOITATION,1
public_07,public_07_day_23,23,syn_c6e4f83f2da6ac827863b999ed06de72,syn_dd947b8ca242c44863cf601fe65d57ed,FEASIBLE,1.0,1.0,EXPLOITATION,0
public_07,public_07_day_23,23,syn_46fdd2c8ce656d8ba2c9ab45c38b2c65,syn_60ccee178fb47eb6a57dfa71f44fab46,FEASIBLE,0.7,1.0,EXPLOITATION,0
public_07,public_07_day_23,23,syn_c6e4f83f2da6ac827863b999ed06de72,syn_f4bb9a7cc9774c227eaef317d3e5b192,FEASIBLE,0.6,1.0,EXPLOITATION,0
public_07,public_07_day_23,23,syn_33d428aa932221ff0207b962000f6cf6,syn_fad3c39c0c2784209ab31e3130339a95,FEASIBLE,0.55,1.0,EXPLOITATION,0
public_07,public_07_day_23,23,syn_9583224e7d1037276bd9ea879ee314c3,syn_1551ea976e4527d2ba7e4c210cdf6658,FEASIBLE,0.5499999999999999,1.0,EXPLOITATION,0
public_07,public_07_day_23,23,syn_c6e4f83f2da6ac827863b999ed06de72,syn_3de295dd7f95a97ede178c9673e88811,FEASIBLE,0.5,1.0,EXPLORATION,0
public_07,public_07_day_23,23,syn_d5ba8f6f67e0a59e3446787c14834d8f,syn_f4bb9a7cc9774c227eaef317d3e5b192,FEASIBLE,0.4,1.0,EXPLOITATION,0
public_07,public_07_day_23,23,syn_c6e4f83f2da6ac827863b999ed06de72,syn_95b4390297b33290d26736f7e4eafb39,FEASIBLE,0.39999999999999997,1.0,EXPLORATION,0
public_07,public_07_day_23,23,syn_46fdd2c8ce656d8ba2c9ab45c38b2c65,syn_95b4390297b33290d26736f7e4eafb39,FEASIBLE,0.35,1.0,EXPLORATION,0
public_07,public_07_day_23,23,syn_1792125e150b6c1fa7a7ca3516285ba4,syn_0ec7fffa4e94cb8226152f02b68c7802,FEASIBLE,0.35,1.0,EXPLORATION,0
public_07,public_07_day_23,23,syn_95b4390297b33290d26736f7e4eafb39,syn_0ec7fffa4e94cb8226152f02b68c7802,FEASIBLE,0.35,1.0,EXPLORATION,0
public_07,public_07_day_23,23,syn_46fdd2c8ce656d8ba2c9ab45c38b2c65,syn_1792125e150b6c1fa7a7ca3516285ba4,FEASIBLE,0.2,1.0,EXPLORATION,0
public_07,public_07_day_23,23,syn_c6e4f83f2da6ac827863b999ed06de72,syn_e712d22fcebac37a97c72a6a2bb621ae,FEASIBLE,0.2,1.0,EXPLOITATION,0
public_07,public_07_day_23,23,syn_c5c2bb619143326f31f63696f69ba473,syn_fd8122bc2d96f071c6a9fe865fc309e6,FEASIBLE,0.2,1.0,EXPLORATION,0
public_07,public_07_day_23,23,syn_c6e4f83f2da6ac827863b999ed06de72,syn_60ccee178fb47eb6a57dfa71f44fab46,FEASIBLE,0.15000000000000002,1.0,EXPLORATION,0
public_07,public_07_day_23,23,syn_3023dea18dda9617724bc8b176cb966c,syn_bd313c33a2dfe80569df7e081fa7e16c,FEASIBLE,0.0,1.0,EXPLORATION,0
public_07,public_07_day_23,23,syn_3023dea18dda9617724bc8b176cb966c,syn_cea12821b29a2cbe1e76db200617d67d,FEASIBLE,0.0,1.0,EXPLOITATION,0
public_07,public_07_day_23,23,syn_3023dea18dda9617724bc8b176cb966c,syn_42b386591be280dda52f19fa176c271e,FEASIBLE,0.0,1.0,EXPLOITATION,0
public_07,public_07_day_23,23,syn_306fc796ca44265fedefc3320ee53b4b,syn_bd313c33a2dfe80569df7e081fa7e16c,FEASIBLE,0.0,1.0,EXPLOITATION,0
public_07,public_07_day_23,23,syn_b890454d3ef6bc5190b0e2321497e5da,syn_d5ba8f6f67e0a59e3446787c14834d8f,FEASIBLE,0.0,1.0,EXPLOITATION,0
public_07,public_07_day_23,23,syn_b890454d3ef6bc5190b0e2321497e5da,syn_c6e4f83f2da6ac827863b999ed06de72,FEASIBLE,0.0,1.0,EXPLOITATION,0
public_07,public_07_day_23,23,syn_46fdd2c8ce656d8ba2c9ab45c38b2c65,syn_f4bb9a7cc9774c227eaef317d3e5b192,FEASIBLE,0.0,1.0,EXPLORATION,0
public_07,public_07_day_23,23,syn_46fdd2c8ce656d8ba2c9ab45c38b2c65,syn_dd947b8ca242c44863cf601fe65d57ed,FEASIBLE,0.0,1.0,EXPLORATION,0
public_07,public_07_day_23,23,syn_28d204dbbdf42cee5a3030880cdd1e0c,syn_573a03b8dfad5abf64e89241a2254f1d,FEASIBLE,0.0,1.0,EXPLOITATION,0
public_07,public_07_day_23,23,syn_1792125e150b6c1fa7a7ca3516285ba4,syn_6ac02d8581ce3e2ae0e90c94845e8ef1,FEASIBLE,0.0,1.0,EXPLOITATION,0
public_07,public_07_day_23,23,syn_c6e4f83f2da6ac827863b999ed06de72,syn_b8047d1ba862c0dde95804774a9f1228,FEASIBLE,0.0,1.0,EXPLORATION,0
public_07,public_07_day_23,23,syn_fad3c39c0c2784209ab31e3130339a95,syn_07d00e0f0be2b15987bd4822db536e5b,FEASIBLE,0.0,1.0,EXPLORATION,0
public_07,public_07_day_23,23,syn_fad3c39c0c2784209ab31e3130339a95,syn_813e07996549616e235d37a1f6ed4cbd,FEASIBLE,0.0,1.0,EXPLORATION,0
public_07,public_07_day_23,23,syn_372f1c7073e08c15f2d50a0e6d680800,syn_c5c2bb619143326f31f63696f69ba473,FEASIBLE,0.0,1.0,EXPLORATION,0
public_07,public_07_day_23,23,syn_372f1c7073e08c15f2d50a0e6d680800,syn_fd8122bc2d96f071c6a9fe865fc309e6,FEASIBLE,0.0,1.0,EXPLOITATION,0
public_07,public_07_day_23,23,syn_dd947b8ca242c44863cf601fe65d57ed,syn_0ec7fffa4e94cb8226152f02b68c7802,FEASIBLE,0.0,1.0,EXPLORATION,0
public_07,public_07_day_23,23,syn_dd947b8ca242c44863cf601fe65d57ed,syn_6ac02d8581ce3e2ae0e90c94845e8ef1,FEASIBLE,0.0,1.0,EXPLORATION,0
public_07,public_07_day_24,24,syn_bd313c33a2dfe80569df7e081fa7e16c,syn_fd8122bc2d96f071c6a9fe865fc309e6,FEASIBLE,1.0,1.0,EXPLOITATION,1
public_07,public_07_day_24,24,syn_fad3c39c0c2784209ab31e3130339a95,syn_1551ea976e4527d2ba7e4c210cdf6658,FEASIBLE,0.85,1.0,EXPLOITATION,1
public_07,public_07_day_24,24,syn_b8047d1ba862c0dde95804774a9f1228,syn_3de295dd7f95a97ede178c9673e88811,FEASIBLE,0.7777777777777777,1.0,EXPLOITATION,1
public_07,public_07_day_24,24,syn_573a03b8dfad5abf64e89241a2254f1d,syn_c5c2bb619143326f31f63696f69ba473,FEASIBLE,0.4,1.0,EXPLOITATION,1
public_07,public_07_day_24,24,syn_3023dea18dda9617724bc8b176cb966c,syn_306fc796ca44265fedefc3320ee53b4b,FEASIBLE,0.0,1.0,EXPLOITATION,1
public_07,public_07_day_24,24,syn_0a6f208259664965821fb5ca42976e06,syn_832e73f63b822a721404d55cb10ab446,FEASIBLE,0.0,1.0,EXPLOITATION,1
public_07,public_07_day_24,24,syn_bfed6ae3b16fdb9ff14bcd55c92c3e23,syn_9b4bd1d628f180c12716bd357a84f23c,FEASIBLE,0.0,1.0,EXPLOITATION,1
public_07,public_07_day_24,24,syn_a0ef1f914dfabc7cbdf8dcf46c0bcae6,syn_23e4326f5b03be11fbfa4487934676e2,FEASIBLE,0.0,1.0,EXPLOITATION,1
public_07,public_07_day_24,24,syn_1792125e150b6c1fa7a7ca3516285ba4,syn_6ac02d8581ce3e2ae0e90c94845e8ef1,FEASIBLE,0.0,1.0,EXPLOITATION,1
public_07,public_07_day_24,24,syn_e4623c8b9109e401b9763929d850ad12,syn_42b386591be280dda52f19fa176c271e,FEASIBLE,0.0,1.0,EXPLOITATION,1
public_07,public_07_day_24,24,syn_8d1e58752ea52f6d144a33359b795309,syn_b87520850b5cdc86b34287cf94dc8e2b,FEASIBLE,0.0,1.0,EXPLOITATION,1
public_07,public_07_day_24,24,syn_07d00e0f0be2b15987bd4822db536e5b,syn_813e07996549616e235d37a1f6ed4cbd,FEASIBLE,0.0,1.0,EXPLOITATION,1
public_07,public_07_day_24,24,syn_33d428aa932221ff0207b962000f6cf6,syn_fad3c39c0c2784209ab31e3130339a95,FEASIBLE,0.55,1.0,EXPLOITATION,0
public_07,public_07_day_24,24,syn_9583224e7d1037276bd9ea879ee314c3,syn_1551ea976e4527d2ba7e4c210cdf6658,FEASIBLE,0.5499999999999999,1.0,EXPLOITATION,0
public_07,public_07_day_24,24,syn_c5c2bb619143326f31f63696f69ba473,syn_fd8122bc2d96f071c6a9fe865fc309e6,FEASIBLE,0.2,1.0,EXPLORATION,0
public_07,public_07_day_24,24,syn_3023dea18dda9617724bc8b176cb966c,syn_bd313c33a2dfe80569df7e081fa7e16c,FEASIBLE,0.0,1.0,EXPLORATION,0
public_07,public_07_day_24,24,syn_3023dea18dda9617724bc8b176cb966c,syn_cea12821b29a2cbe1e76db200617d67d,FEASIBLE,0.0,1.0,EXPLOITATION,0
public_07,public_07_day_24,24,syn_3023dea18dda9617724bc8b176cb966c,syn_42b386591be280dda52f19fa176c271e,FEASIBLE,0.0,1.0,EXPLOITATION,0
public_07,public_07_day_24,24,syn_306fc796ca44265fedefc3320ee53b4b,syn_bd313c33a2dfe80569df7e081fa7e16c,FEASIBLE,0.0,1.0,EXPLOITATION,0
public_07,public_07_day_24,24,syn_28d204dbbdf42cee5a3030880cdd1e0c,syn_573a03b8dfad5abf64e89241a2254f1d,FEASIBLE,0.0,1.0,EXPLOITATION,0
public_07,public_07_day_24,24,syn_fad3c39c0c2784209ab31e3130339a95,syn_07d00e0f0be2b15987bd4822db536e5b,FEASIBLE,0.0,1.0,EXPLORATION,0
public_07,public_07_day_24,24,syn_fad3c39c0c2784209ab31e3130339a95,syn_813e07996549616e235d37a1f6ed4cbd,FEASIBLE,0.0,1.0,EXPLORATION,0
public_07,public_07_day_24,24,syn_372f1c7073e08c15f2d50a0e6d680800,syn_c5c2bb619143326f31f63696f69ba473,FEASIBLE,0.0,1.0,EXPLORATION,0
public_07,public_07_day_24,24,syn_372f1c7073e08c15f2d50a0e6d680800,syn_fd8122bc2d96f071c6a9fe865fc309e6,FEASIBLE,0.0,1.0,EXPLOITATION,0
public_07,public_07_day_25,25,syn_d5ba8f6f67e0a59e3446787c14834d8f,syn_dd947b8ca242c44863cf601fe65d57ed,FEASIBLE,1.0,1.0,EXPLOITATION,1
public_07,public_07_day_25,25,syn_bd313c33a2dfe80569df7e081fa7e16c,syn_fd8122bc2d96f071c6a9fe865fc309e6,FEASIBLE,1.0,1.0,EXPLOITATION,1
public_07,public_07_day_25,25,syn_fad3c39c0c2784209ab31e3130339a95,syn_1551ea976e4527d2ba7e4c210cdf6658,FEASIBLE,0.85,1.0,EXPLOITATION,1
public_07,public_07_day_25,25,syn_b8047d1ba862c0dde95804774a9f1228,syn_3de295dd7f95a97ede178c9673e88811,FEASIBLE,0.7777777777777777,1.0,EXPLOITATION,1
public_07,public_07_day_25,25,syn_573a03b8dfad5abf64e89241a2254f1d,syn_c5c2bb619143326f31f63696f69ba473,FEASIBLE,0.4,1.0,EXPLOITATION,1
public_07,public_07_day_25,25,syn_1792125e150b6c1fa7a7ca3516285ba4,syn_0ec7fffa4e94cb8226152f02b68c7802,FEASIBLE,0.35,1.0,EXPLORATION,1
public_07,public_07_day_25,25,syn_3023dea18dda9617724bc8b176cb966c,syn_306fc796ca44265fedefc3320ee53b4b,FEASIBLE,0.0,1.0,EXPLOITATION,1
public_07,public_07_day_25,25,syn_0a6f208259664965821fb5ca42976e06,syn_832e73f63b822a721404d55cb10ab446,FEASIBLE,0.0,1.0,EXPLOITATION,1
public_07,public_07_day_25,25,syn_b890454d3ef6bc5190b0e2321497e5da,syn_6ac02d8581ce3e2ae0e90c94845e8ef1,FEASIBLE,0.0,1.0,EXPLOITATION,1
public_07,public_07_day_25,25,syn_bfed6ae3b16fdb9ff14bcd55c92c3e23,syn_9b4bd1d628f180c12716bd357a84f23c,FEASIBLE,0.0,1.0,EXPLOITATION,1
public_07,public_07_day_25,25,syn_a0ef1f914dfabc7cbdf8dcf46c0bcae6,syn_23e4326f5b03be11fbfa4487934676e2,FEASIBLE,0.0,1.0,EXPLOITATION,1
public_07,public_07_day_25,25,syn_e4623c8b9109e401b9763929d850ad12,syn_42b386591be280dda52f19fa176c271e,FEASIBLE,0.0,1.0,EXPLOITATION,1
public_07,public_07_day_25,25,syn_8d1e58752ea52f6d144a33359b795309,syn_b87520850b5cdc86b34287cf94dc8e2b,FEASIBLE,0.0,1.0,EXPLOITATION,1
public_07,public_07_day_25,25,syn_07d00e0f0be2b15987bd4822db536e5b,syn_813e07996549616e235d37a1f6ed4cbd,FEASIBLE,0.0,1.0,EXPLOITATION,1
public_07,public_07_day_25,25,syn_33d428aa932221ff0207b962000f6cf6,syn_fad3c39c0c2784209ab31e3130339a95,FEASIBLE,0.55,1.0,EXPLOITATION,0
public_07,public_07_day_25,25,syn_9583224e7d1037276bd9ea879ee314c3,syn_1551ea976e4527d2ba7e4c210cdf6658,FEASIBLE,0.5499999999999999,1.0,EXPLOITATION,0
public_07,public_07_day_25,25,syn_95b4390297b33290d26736f7e4eafb39,syn_0ec7fffa4e94cb8226152f02b68c7802,FEASIBLE,0.35,1.0,EXPLORATION,0
public_07,public_07_day_25,25,syn_c5c2bb619143326f31f63696f69ba473,syn_fd8122bc2d96f071c6a9fe865fc309e6,FEASIBLE,0.2,1.0,EXPLORATION,0
public_07,public_07_day_25,25,syn_3023dea18dda9617724bc8b176cb966c,syn_bd313c33a2dfe80569df7e081fa7e16c,FEASIBLE,0.0,1.0,EXPLORATION,0
public_07,public_07_day_25,25,syn_3023dea18dda9617724bc8b176cb966c,syn_cea12821b29a2cbe1e76db200617d67d,FEASIBLE,0.0,1.0,EXPLOITATION,0
public_07,public_07_day_25,25,syn_3023dea18dda9617724bc8b176cb966c,syn_42b386591be280dda52f19fa176c271e,FEASIBLE,0.0,1.0,EXPLOITATION,0
public_07,public_07_day_25,25,syn_306fc796ca44265fedefc3320ee53b4b,syn_bd313c33a2dfe80569df7e081fa7e16c,FEASIBLE,0.0,1.0,EXPLOITATION,0
public_07,public_07_day_25,25,syn_b890454d3ef6bc5190b0e2321497e5da,syn_d5ba8f6f67e0a59e3446787c14834d8f,FEASIBLE,0.0,1.0,EXPLOITATION,0
public_07,public_07_day_25,25,syn_28d204dbbdf42cee5a3030880cdd1e0c,syn_573a03b8dfad5abf64e89241a2254f1d,FEASIBLE,0.0,1.0,EXPLOITATION,0
public_07,public_07_day_25,25,syn_1792125e150b6c1fa7a7ca3516285ba4,syn_6ac02d8581ce3e2ae0e90c94845e8ef1,FEASIBLE,0.0,1.0,EXPLOITATION,0
public_07,public_07_day_25,25,syn_fad3c39c0c2784209ab31e3130339a95,syn_07d00e0f0be2b15987bd4822db536e5b,FEASIBLE,0.0,1.0,EXPLORATION,0
public_07,public_07_day_25,25,syn_fad3c39c0c2784209ab31e3130339a95,syn_813e07996549616e235d37a1f6ed4cbd,FEASIBLE,0.0,1.0,EXPLORATION,0
public_07,public_07_day_25,25,syn_372f1c7073e08c15f2d50a0e6d680800,syn_c5c2bb619143326f31f63696f69ba473,FEASIBLE,0.0,1.0,EXPLORATION,0
public_07,public_07_day_25,25,syn_372f1c7073e08c15f2d50a0e6d680800,syn_fd8122bc2d96f071c6a9fe865fc309e6,FEASIBLE,0.0,1.0,EXPLOITATION,0
public_07,public_07_day_25,25,syn_dd947b8ca242c44863cf601fe65d57ed,syn_0ec7fffa4e94cb8226152f02b68c7802,FEASIBLE,0.0,1.0,EXPLORATION,0
public_07,public_07_day_25,25,syn_dd947b8ca242c44863cf601fe65d57ed,syn_6ac02d8581ce3e2ae0e90c94845e8ef1,FEASIBLE,0.0,1.0,EXPLORATION,0
public_07,public_07_day_26,26,syn_d5ba8f6f67e0a59e3446787c14834d8f,syn_dd947b8ca242c44863cf601fe65d57ed,FEASIBLE,1.0,1.0,EXPLOITATION,1
public_07,public_07_day_26,26,syn_bd313c33a2dfe80569df7e081fa7e16c,syn_fd8122bc2d96f071c6a9fe865fc309e6,FEASIBLE,1.0,1.0,EXPLOITATION,1
public_07,public_07_day_26,26,syn_fad3c39c0c2784209ab31e3130339a95,syn_1551ea976e4527d2ba7e4c210cdf6658,FEASIBLE,0.85,1.0,EXPLOITATION,1
public_07,public_07_day_26,26,syn_b8047d1ba862c0dde95804774a9f1228,syn_3de295dd7f95a97ede178c9673e88811,FEASIBLE,0.7777777777777777,1.0,EXPLOITATION,1
public_07,public_07_day_26,26,syn_306fc796ca44265fedefc3320ee53b4b,syn_a2df2f4cb371057e5e2d438bc7abe1b6,FEASIBLE,0.7,1.0,EXPLOITATION,1
public_07,public_07_day_26,26,syn_46fdd2c8ce656d8ba2c9ab45c38b2c65,syn_e712d22fcebac37a97c72a6a2bb621ae,FEASIBLE,0.7,1.0,EXPLOITATION,1
public_07,public_07_day_26,26,syn_573a03b8dfad5abf64e89241a2254f1d,syn_c5c2bb619143326f31f63696f69ba473,FEASIBLE,0.4,1.0,EXPLOITATION,1
public_07,public_07_day_26,26,syn_1792125e150b6c1fa7a7ca3516285ba4,syn_0ec7fffa4e94cb8226152f02b68c7802,FEASIBLE,0.35,1.0,EXPLOITATION,1
public_07,public_07_day_26,26,syn_3023dea18dda9617724bc8b176cb966c,syn_cea12821b29a2cbe1e76db200617d67d,FEASIBLE,0.0,1.0,EXPLOITATION,1
public_07,public_07_day_26,26,syn_0a6f208259664965821fb5ca42976e06,syn_832e73f63b822a721404d55cb10ab446,FEASIBLE,0.0,1.0,EXPLOITATION,1
public_07,public_07_day_26,26,syn_b890454d3ef6bc5190b0e2321497e5da,syn_6ac02d8581ce3e2ae0e90c94845e8ef1,FEASIBLE,0.0,1.0,EXPLOITATION,1
public_07,public_07_day_26,26,syn_28d204dbbdf42cee5a3030880cdd1e0c,syn_f4bb9a7cc9774c227eaef317d3e5b192,FEASIBLE,0.0,1.0,EXPLOITATION,1
public_07,public_07_day_26,26,syn_bfed6ae3b16fdb9ff14bcd55c92c3e23,syn_9b4bd1d628f180c12716bd357a84f23c,FEASIBLE,0.0,1.0,EXPLOITATION,1
public_07,public_07_day_26,26,syn_a0ef1f914dfabc7cbdf8dcf46c0bcae6,syn_23e4326f5b03be11fbfa4487934676e2,FEASIBLE,0.0,1.0,EXPLOITATION,1
public_07,public_07_day_26,26,syn_e4623c8b9109e401b9763929d850ad12,syn_42b386591be280dda52f19fa176c271e,FEASIBLE,0.0,1.0,EXPLOITATION,1
public_07,public_07_day_26,26,syn_8d1e58752ea52f6d144a33359b795309,syn_b87520850b5cdc86b34287cf94dc8e2b,FEASIBLE,0.0,1.0,EXPLOITATION,1
public_07,public_07_day_26,26,syn_372f1c7073e08c15f2d50a0e6d680800,syn_3d00cfdea3a9b27bb5b4946c3261a8c9,FEASIBLE,0.0,1.0,EXPLOITATION,1
public_07,public_07_day_26,26,syn_07d00e0f0be2b15987bd4822db536e5b,syn_813e07996549616e235d37a1f6ed4cbd,FEASIBLE,0.0,1.0,EXPLOITATION,1
public_07,public_07_day_26,26,syn_33d428aa932221ff0207b962000f6cf6,syn_fad3c39c0c2784209ab31e3130339a95,FEASIBLE,0.55,1.0,EXPLOITATION,0
public_07,public_07_day_26,26,syn_9583224e7d1037276bd9ea879ee314c3,syn_1551ea976e4527d2ba7e4c210cdf6658,FEASIBLE,0.5499999999999999,1.0,EXPLOITATION,0
public_07,public_07_day_26,26,syn_d5ba8f6f67e0a59e3446787c14834d8f,syn_f4bb9a7cc9774c227eaef317d3e5b192,FEASIBLE,0.4,1.0,EXPLOITATION,0
public_07,public_07_day_26,26,syn_46fdd2c8ce656d8ba2c9ab45c38b2c65,syn_95b4390297b33290d26736f7e4eafb39,FEASIBLE,0.35,1.0,EXPLORATION,0
public_07,public_07_day_26,26,syn_95b4390297b33290d26736f7e4eafb39,syn_0ec7fffa4e94cb8226152f02b68c7802,FEASIBLE,0.35,1.0,EXPLOITATION,0
public_07,public_07_day_26,26,syn_46fdd2c8ce656d8ba2c9ab45c38b2c65,syn_1792125e150b6c1fa7a7ca3516285ba4,FEASIBLE,0.2,1.0,EXPLORATION,0
public_07,public_07_day_26,26,syn_c5c2bb619143326f31f63696f69ba473,syn_fd8122bc2d96f071c6a9fe865fc309e6,FEASIBLE,0.2,1.0,EXPLORATION,0
public_07,public_07_day_26,26,syn_3023dea18dda9617724bc8b176cb966c,syn_306fc796ca44265fedefc3320ee53b4b,FEASIBLE,0.0,1.0,EXPLOITATION,0
public_07,public_07_day_26,26,syn_3023dea18dda9617724bc8b176cb966c,syn_bd313c33a2dfe80569df7e081fa7e16c,FEASIBLE,0.0,1.0,EXPLORATION,0
public_07,public_07_day_26,26,syn_3023dea18dda9617724bc8b176cb966c,syn_a2df2f4cb371057e5e2d438bc7abe1b6,FEASIBLE,0.0,1.0,EXPLORATION,0
public_07,public_07_day_26,26,syn_3023dea18dda9617724bc8b176cb966c,syn_3d00cfdea3a9b27bb5b4946c3261a8c9,FEASIBLE,0.0,1.0,EXPLOITATION,0
public_07,public_07_day_26,26,syn_3023dea18dda9617724bc8b176cb966c,syn_42b386591be280dda52f19fa176c271e,FEASIBLE,0.0,1.0,EXPLOITATION,0
public_07,public_07_day_26,26,syn_306fc796ca44265fedefc3320ee53b4b,syn_bd313c33a2dfe80569df7e081fa7e16c,FEASIBLE,0.0,1.0,EXPLOITATION,0
public_07,public_07_day_26,26,syn_b890454d3ef6bc5190b0e2321497e5da,syn_d5ba8f6f67e0a59e3446787c14834d8f,FEASIBLE,0.0,1.0,EXPLOITATION,0
public_07,public_07_day_26,26,syn_46fdd2c8ce656d8ba2c9ab45c38b2c65,syn_f4bb9a7cc9774c227eaef317d3e5b192,FEASIBLE,0.0,1.0,EXPLORATION,0
public_07,public_07_day_26,26,syn_46fdd2c8ce656d8ba2c9ab45c38b2c65,syn_dd947b8ca242c44863cf601fe65d57ed,FEASIBLE,0.0,1.0,EXPLORATION,0
public_07,public_07_day_26,26,syn_28d204dbbdf42cee5a3030880cdd1e0c,syn_573a03b8dfad5abf64e89241a2254f1d,FEASIBLE,0.0,1.0,EXPLOITATION,0
public_07,public_07_day_26,26,syn_bd313c33a2dfe80569df7e081fa7e16c,syn_a2df2f4cb371057e5e2d438bc7abe1b6,FEASIBLE,0.0,1.0,EXPLORATION,0
public_07,public_07_day_26,26,syn_bd313c33a2dfe80569df7e081fa7e16c,syn_3d00cfdea3a9b27bb5b4946c3261a8c9,FEASIBLE,0.0,1.0,EXPLOITATION,0
public_07,public_07_day_26,26,syn_1792125e150b6c1fa7a7ca3516285ba4,syn_6ac02d8581ce3e2ae0e90c94845e8ef1,FEASIBLE,0.0,1.0,EXPLOITATION,0
public_07,public_07_day_26,26,syn_fad3c39c0c2784209ab31e3130339a95,syn_07d00e0f0be2b15987bd4822db536e5b,FEASIBLE,0.0,1.0,EXPLORATION,0
public_07,public_07_day_26,26,syn_fad3c39c0c2784209ab31e3130339a95,syn_813e07996549616e235d37a1f6ed4cbd,FEASIBLE,0.0,1.0,EXPLORATION,0
public_07,public_07_day_26,26,syn_a2df2f4cb371057e5e2d438bc7abe1b6,syn_3d00cfdea3a9b27bb5b4946c3261a8c9,FEASIBLE,0.0,1.0,EXPLORATION,0
public_07,public_07_day_26,26,syn_372f1c7073e08c15f2d50a0e6d680800,syn_c5c2bb619143326f31f63696f69ba473,FEASIBLE,0.0,1.0,EXPLORATION,0
public_07,public_07_day_26,26,syn_372f1c7073e08c15f2d50a0e6d680800,syn_fd8122bc2d96f071c6a9fe865fc309e6,FEASIBLE,0.0,1.0,EXPLOITATION,0
public_07,public_07_day_26,26,syn_3d00cfdea3a9b27bb5b4946c3261a8c9,syn_fd8122bc2d96f071c6a9fe865fc309e6,FEASIBLE,0.0,1.0,EXPLOITATION,0
public_07,public_07_day_26,26,syn_dd947b8ca242c44863cf601fe65d57ed,syn_0ec7fffa4e94cb8226152f02b68c7802,FEASIBLE,0.0,1.0,EXPLORATION,0
public_07,public_07_day_26,26,syn_dd947b8ca242c44863cf601fe65d57ed,syn_6ac02d8581ce3e2ae0e90c94845e8ef1,FEASIBLE,0.0,1.0,EXPLORATION,0
public_07,public_07_day_27,27,syn_d5ba8f6f67e0a59e3446787c14834d8f,syn_dd947b8ca242c44863cf601fe65d57ed,FEASIBLE,1.0,1.0,EXPLOITATION,1
public_07,public_07_day_27,27,syn_bd313c33a2dfe80569df7e081fa7e16c,syn_fd8122bc2d96f071c6a9fe865fc309e6,FEASIBLE,1.0,1.0,EXPLOITATION,1
public_07,public_07_day_27,27,syn_b8047d1ba862c0dde95804774a9f1228,syn_3de295dd7f95a97ede178c9673e88811,FEASIBLE,0.7777777777777777,1.0,EXPLOITATION,1
public_07,public_07_day_27,27,syn_306fc796ca44265fedefc3320ee53b4b,syn_a2df2f4cb371057e5e2d438bc7abe1b6,FEASIBLE,0.7,1.0,EXPLOITATION,1
public_07,public_07_day_27,27,syn_46fdd2c8ce656d8ba2c9ab45c38b2c65,syn_e712d22fcebac37a97c72a6a2bb621ae,FEASIBLE,0.7,1.0,EXPLOITATION,1
public_07,public_07_day_27,27,syn_9583224e7d1037276bd9ea879ee314c3,syn_1551ea976e4527d2ba7e4c210cdf6658,FEASIBLE,0.5499999999999999,1.0,EXPLOITATION,1
public_07,public_07_day_27,27,syn_573a03b8dfad5abf64e89241a2254f1d,syn_c5c2bb619143326f31f63696f69ba473,FEASIBLE,0.4,1.0,EXPLOITATION,1
public_07,public_07_day_27,27,syn_1792125e150b6c1fa7a7ca3516285ba4,syn_0ec7fffa4e94cb8226152f02b68c7802,FEASIBLE,0.35,1.0,EXPLOITATION,1
public_07,public_07_day_27,27,syn_3023dea18dda9617724bc8b176cb966c,syn_cea12821b29a2cbe1e76db200617d67d,FEASIBLE,0.0,1.0,EXPLOITATION,1
public_07,public_07_day_27,27,syn_0a6f208259664965821fb5ca42976e06,syn_832e73f63b822a721404d55cb10ab446,FEASIBLE,0.0,1.0,EXPLOITATION,1
public_07,public_07_day_27,27,syn_b890454d3ef6bc5190b0e2321497e5da,syn_6ac02d8581ce3e2ae0e90c94845e8ef1,FEASIBLE,0.0,1.0,EXPLOITATION,1
public_07,public_07_day_27,27,syn_28d204dbbdf42cee5a3030880cdd1e0c,syn_f4bb9a7cc9774c227eaef317d3e5b192,FEASIBLE,0.0,1.0,EXPLOITATION,1
public_07,public_07_day_27,27,syn_bfed6ae3b16fdb9ff14bcd55c92c3e23,syn_9b4bd1d628f180c12716bd357a84f23c,FEASIBLE,0.0,1.0,EXPLOITATION,1
public_07,public_07_day_27,27,syn_a0ef1f914dfabc7cbdf8dcf46c0bcae6,syn_23e4326f5b03be11fbfa4487934676e2,FEASIBLE,0.0,1.0,EXPLOITATION,1
public_07,public_07_day_27,27,syn_e4623c8b9109e401b9763929d850ad12,syn_42b386591be280dda52f19fa176c271e,FEASIBLE,0.0,1.0,EXPLOITATION,1
public_07,public_07_day_27,27,syn_8d1e58752ea52f6d144a33359b795309,syn_b87520850b5cdc86b34287cf94dc8e2b,FEASIBLE,0.0,1.0,EXPLOITATION,1
public_07,public_07_day_27,27,syn_372f1c7073e08c15f2d50a0e6d680800,syn_3d00cfdea3a9b27bb5b4946c3261a8c9,FEASIBLE,0.0,1.0,EXPLOITATION,1
public_07,public_07_day_27,27,syn_d5ba8f6f67e0a59e3446787c14834d8f,syn_f4bb9a7cc9774c227eaef317d3e5b192,FEASIBLE,0.4,1.0,EXPLOITATION,0
public_07,public_07_day_27,27,syn_46fdd2c8ce656d8ba2c9ab45c38b2c65,syn_95b4390297b33290d26736f7e4eafb39,FEASIBLE,0.35,1.0,EXPLORATION,0
public_07,public_07_day_27,27,syn_95b4390297b33290d26736f7e4eafb39,syn_0ec7fffa4e94cb8226152f02b68c7802,FEASIBLE,0.35,1.0,EXPLOITATION,0
public_07,public_07_day_27,27,syn_46fdd2c8ce656d8ba2c9ab45c38b2c65,syn_1792125e150b6c1fa7a7ca3516285ba4,FEASIBLE,0.2,1.0,EXPLORATION,0
public_07,public_07_day_27,27,syn_c5c2bb619143326f31f63696f69ba473,syn_fd8122bc2d96f071c6a9fe865fc309e6,FEASIBLE,0.2,1.0,EXPLORATION,0
public_07,public_07_day_27,27,syn_3023dea18dda9617724bc8b176cb966c,syn_306fc796ca44265fedefc3320ee53b4b,FEASIBLE,0.0,1.0,EXPLOITATION,0
public_07,public_07_day_27,27,syn_3023dea18dda9617724bc8b176cb966c,syn_bd313c33a2dfe80569df7e081fa7e16c,FEASIBLE,0.0,1.0,EXPLORATION,0
public_07,public_07_day_27,27,syn_3023dea18dda9617724bc8b176cb966c,syn_a2df2f4cb371057e5e2d438bc7abe1b6,FEASIBLE,0.0,1.0,EXPLORATION,0
public_07,public_07_day_27,27,syn_3023dea18dda9617724bc8b176cb966c,syn_3d00cfdea3a9b27bb5b4946c3261a8c9,FEASIBLE,0.0,1.0,EXPLOITATION,0
public_07,public_07_day_27,27,syn_3023dea18dda9617724bc8b176cb966c,syn_42b386591be280dda52f19fa176c271e,FEASIBLE,0.0,1.0,EXPLOITATION,0
public_07,public_07_day_27,27,syn_306fc796ca44265fedefc3320ee53b4b,syn_bd313c33a2dfe80569df7e081fa7e16c,FEASIBLE,0.0,1.0,EXPLOITATION,0
public_07,public_07_day_27,27,syn_b890454d3ef6bc5190b0e2321497e5da,syn_d5ba8f6f67e0a59e3446787c14834d8f,FEASIBLE,0.0,1.0,EXPLOITATION,0
public_07,public_07_day_27,27,syn_46fdd2c8ce656d8ba2c9ab45c38b2c65,syn_f4bb9a7cc9774c227eaef317d3e5b192,FEASIBLE,0.0,1.0,EXPLORATION,0
public_07,public_07_day_27,27,syn_46fdd2c8ce656d8ba2c9ab45c38b2c65,syn_dd947b8ca242c44863cf601fe65d57ed,FEASIBLE,0.0,1.0,EXPLORATION,0
public_07,public_07_day_27,27,syn_28d204dbbdf42cee5a3030880cdd1e0c,syn_573a03b8dfad5abf64e89241a2254f1d,FEASIBLE,0.0,1.0,EXPLOITATION,0
public_07,public_07_day_27,27,syn_bd313c33a2dfe80569df7e081fa7e16c,syn_a2df2f4cb371057e5e2d438bc7abe1b6,FEASIBLE,0.0,1.0,EXPLORATION,0
public_07,public_07_day_27,27,syn_bd313c33a2dfe80569df7e081fa7e16c,syn_3d00cfdea3a9b27bb5b4946c3261a8c9,FEASIBLE,0.0,1.0,EXPLOITATION,0
public_07,public_07_day_27,27,syn_1792125e150b6c1fa7a7ca3516285ba4,syn_6ac02d8581ce3e2ae0e90c94845e8ef1,FEASIBLE,0.0,1.0,EXPLOITATION,0
public_07,public_07_day_27,27,syn_a2df2f4cb371057e5e2d438bc7abe1b6,syn_3d00cfdea3a9b27bb5b4946c3261a8c9,FEASIBLE,0.0,1.0,EXPLORATION,0
public_07,public_07_day_27,27,syn_372f1c7073e08c15f2d50a0e6d680800,syn_c5c2bb619143326f31f63696f69ba473,FEASIBLE,0.0,1.0,EXPLORATION,0
public_07,public_07_day_27,27,syn_372f1c7073e08c15f2d50a0e6d680800,syn_fd8122bc2d96f071c6a9fe865fc309e6,FEASIBLE,0.0,1.0,EXPLOITATION,0
public_07,public_07_day_27,27,syn_3d00cfdea3a9b27bb5b4946c3261a8c9,syn_fd8122bc2d96f071c6a9fe865fc309e6,FEASIBLE,0.0,1.0,EXPLOITATION,0
public_07,public_07_day_27,27,syn_dd947b8ca242c44863cf601fe65d57ed,syn_0ec7fffa4e94cb8226152f02b68c7802,FEASIBLE,0.0,1.0,EXPLORATION,0
public_07,public_07_day_27,27,syn_dd947b8ca242c44863cf601fe65d57ed,syn_6ac02d8581ce3e2ae0e90c94845e8ef1,FEASIBLE,0.0,1.0,EXPLORATION,0
public_07,public_07_day_28,28,syn_d5ba8f6f67e0a59e3446787c14834d8f,syn_dd947b8ca242c44863cf601fe65d57ed,FEASIBLE,1.0,1.0,EXPLOITATION,1
public_07,public_07_day_28,28,syn_bd313c33a2dfe80569df7e081fa7e16c,syn_fd8122bc2d96f071c6a9fe865fc309e6,FEASIBLE,1.0,1.0,EXPLOITATION,1
public_07,public_07_day_28,28,syn_d1fa9c9c5f42899c78d34bd35e36c34c,syn_87fbfc22893c5609e9edb33f210b5274,FEASIBLE,1.0,1.0,EXPLOITATION,1
public_07,public_07_day_28,28,syn_b8047d1ba862c0dde95804774a9f1228,syn_3de295dd7f95a97ede178c9673e88811,FEASIBLE,0.7777777777777777,1.0,EXPLOITATION,1
public_07,public_07_day_28,28,syn_306fc796ca44265fedefc3320ee53b4b,syn_a2df2f4cb371057e5e2d438bc7abe1b6,FEASIBLE,0.7,1.0,EXPLOITATION,1
public_07,public_07_day_28,28,syn_46fdd2c8ce656d8ba2c9ab45c38b2c65,syn_e712d22fcebac37a97c72a6a2bb621ae,FEASIBLE,0.7,1.0,EXPLOITATION,1
public_07,public_07_day_28,28,syn_9583224e7d1037276bd9ea879ee314c3,syn_1551ea976e4527d2ba7e4c210cdf6658,FEASIBLE,0.5499999999999999,1.0,EXPLOITATION,1
public_07,public_07_day_28,28,syn_573a03b8dfad5abf64e89241a2254f1d,syn_c5c2bb619143326f31f63696f69ba473,FEASIBLE,0.4,1.0,EXPLOITATION,1
public_07,public_07_day_28,28,syn_95b4390297b33290d26736f7e4eafb39,syn_0ec7fffa4e94cb8226152f02b68c7802,FEASIBLE,0.35,1.0,EXPLOITATION,1
public_07,public_07_day_28,28,syn_3023dea18dda9617724bc8b176cb966c,syn_cea12821b29a2cbe1e76db200617d67d,FEASIBLE,0.0,1.0,EXPLOITATION,1
public_07,public_07_day_28,28,syn_0a6f208259664965821fb5ca42976e06,syn_832e73f63b822a721404d55cb10ab446,FEASIBLE,0.0,1.0,EXPLOITATION,1
public_07,public_07_day_28,28,syn_b890454d3ef6bc5190b0e2321497e5da,syn_6ac02d8581ce3e2ae0e90c94845e8ef1,FEASIBLE,0.0,1.0,EXPLOITATION,1
public_07,public_07_day_28,28,syn_bfed6ae3b16fdb9ff14bcd55c92c3e23,syn_9b4bd1d628f180c12716bd357a84f23c,FEASIBLE,0.0,1.0,EXPLOITATION,1
public_07,public_07_day_28,28,syn_a0ef1f914dfabc7cbdf8dcf46c0bcae6,syn_23e4326f5b03be11fbfa4487934676e2,FEASIBLE,0.0,1.0,EXPLOITATION,1
public_07,public_07_day_28,28,syn_e4623c8b9109e401b9763929d850ad12,syn_42b386591be280dda52f19fa176c271e,FEASIBLE,0.0,1.0,EXPLOITATION,1
public_07,public_07_day_28,28,syn_8d1e58752ea52f6d144a33359b795309,syn_b87520850b5cdc86b34287cf94dc8e2b,FEASIBLE,0.0,1.0,EXPLOITATION,1
public_07,public_07_day_28,28,syn_372f1c7073e08c15f2d50a0e6d680800,syn_3d00cfdea3a9b27bb5b4946c3261a8c9,FEASIBLE,0.0,1.0,EXPLOITATION,1
public_07,public_07_day_28,28,syn_332a5404f56c90fe84a769ae204a9303,syn_87fbfc22893c5609e9edb33f210b5274,FEASIBLE,0.6,1.0,EXPLOITATION,0
public_07,public_07_day_28,28,syn_d5ba8f6f67e0a59e3446787c14834d8f,syn_f4bb9a7cc9774c227eaef317d3e5b192,FEASIBLE,0.4,1.0,EXPLOITATION,0
public_07,public_07_day_28,28,syn_87fbfc22893c5609e9edb33f210b5274,syn_b87520850b5cdc86b34287cf94dc8e2b,FEASIBLE,0.39999999999999997,1.0,EXPLORATION,0
public_07,public_07_day_28,28,syn_46fdd2c8ce656d8ba2c9ab45c38b2c65,syn_95b4390297b33290d26736f7e4eafb39,FEASIBLE,0.35,1.0,EXPLORATION,0
public_07,public_07_day_28,28,syn_c5c2bb619143326f31f63696f69ba473,syn_fd8122bc2d96f071c6a9fe865fc309e6,FEASIBLE,0.2,1.0,EXPLORATION,0
public_07,public_07_day_28,28,syn_332a5404f56c90fe84a769ae204a9303,syn_d1fa9c9c5f42899c78d34bd35e36c34c,FEASIBLE,0.0,1.0,EXPLOITATION,0
public_07,public_07_day_28,28,syn_3023dea18dda9617724bc8b176cb966c,syn_306fc796ca44265fedefc3320ee53b4b,FEASIBLE,0.0,1.0,EXPLOITATION,0
public_07,public_07_day_28,28,syn_3023dea18dda9617724bc8b176cb966c,syn_bd313c33a2dfe80569df7e081fa7e16c,FEASIBLE,0.0,1.0,EXPLORATION,0
public_07,public_07_day_28,28,syn_3023dea18dda9617724bc8b176cb966c,syn_a2df2f4cb371057e5e2d438bc7abe1b6,FEASIBLE,0.0,1.0,EXPLORATION,0
public_07,public_07_day_28,28,syn_3023dea18dda9617724bc8b176cb966c,syn_3d00cfdea3a9b27bb5b4946c3261a8c9,FEASIBLE,0.0,1.0,EXPLOITATION,0
public_07,public_07_day_28,28,syn_3023dea18dda9617724bc8b176cb966c,syn_42b386591be280dda52f19fa176c271e,FEASIBLE,0.0,1.0,EXPLOITATION,0
public_07,public_07_day_28,28,syn_306fc796ca44265fedefc3320ee53b4b,syn_bd313c33a2dfe80569df7e081fa7e16c,FEASIBLE,0.0,1.0,EXPLOITATION,0
public_07,public_07_day_28,28,syn_b890454d3ef6bc5190b0e2321497e5da,syn_d5ba8f6f67e0a59e3446787c14834d8f,FEASIBLE,0.0,1.0,EXPLOITATION,0
public_07,public_07_day_28,28,syn_46fdd2c8ce656d8ba2c9ab45c38b2c65,syn_f4bb9a7cc9774c227eaef317d3e5b192,FEASIBLE,0.0,1.0,EXPLORATION,0
public_07,public_07_day_28,28,syn_46fdd2c8ce656d8ba2c9ab45c38b2c65,syn_dd947b8ca242c44863cf601fe65d57ed,FEASIBLE,0.0,1.0,EXPLORATION,0
public_07,public_07_day_28,28,syn_bd313c33a2dfe80569df7e081fa7e16c,syn_a2df2f4cb371057e5e2d438bc7abe1b6,FEASIBLE,0.0,1.0,EXPLORATION,0
public_07,public_07_day_28,28,syn_bd313c33a2dfe80569df7e081fa7e16c,syn_3d00cfdea3a9b27bb5b4946c3261a8c9,FEASIBLE,0.0,1.0,EXPLOITATION,0
public_07,public_07_day_28,28,syn_a2df2f4cb371057e5e2d438bc7abe1b6,syn_3d00cfdea3a9b27bb5b4946c3261a8c9,FEASIBLE,0.0,1.0,EXPLORATION,0
public_07,public_07_day_28,28,syn_372f1c7073e08c15f2d50a0e6d680800,syn_c5c2bb619143326f31f63696f69ba473,FEASIBLE,0.0,1.0,EXPLORATION,0
public_07,public_07_day_28,28,syn_372f1c7073e08c15f2d50a0e6d680800,syn_fd8122bc2d96f071c6a9fe865fc309e6,FEASIBLE,0.0,1.0,EXPLOITATION,0
public_07,public_07_day_28,28,syn_3d00cfdea3a9b27bb5b4946c3261a8c9,syn_fd8122bc2d96f071c6a9fe865fc309e6,FEASIBLE,0.0,1.0,EXPLOITATION,0
public_07,public_07_day_28,28,syn_dd947b8ca242c44863cf601fe65d57ed,syn_0ec7fffa4e94cb8226152f02b68c7802,FEASIBLE,0.0,1.0,EXPLORATION,0
public_07,public_07_day_28,28,syn_dd947b8ca242c44863cf601fe65d57ed,syn_6ac02d8581ce3e2ae0e90c94845e8ef1,FEASIBLE,0.0,1.0,EXPLORATION,0
public_07,public_07_day_28,28,syn_d1fa9c9c5f42899c78d34bd35e36c34c,syn_b8047d1ba862c0dde95804774a9f1228,FEASIBLE,0.0,1.0,EXPLORATION,0
public_07,public_07_day_29,29,syn_d5ba8f6f67e0a59e3446787c14834d8f,syn_dd947b8ca242c44863cf601fe65d57ed,FEASIBLE,1.0,1.0,EXPLOITATION,1
public_07,public_07_day_29,29,syn_bd313c33a2dfe80569df7e081fa7e16c,syn_fd8122bc2d96f071c6a9fe865fc309e6,FEASIBLE,1.0,1.0,EXPLOITATION,1
public_07,public_07_day_29,29,syn_d1fa9c9c5f42899c78d34bd35e36c34c,syn_87fbfc22893c5609e9edb33f210b5274,FEASIBLE,1.0,1.0,EXPLOITATION,1
public_07,public_07_day_29,29,syn_b8047d1ba862c0dde95804774a9f1228,syn_3de295dd7f95a97ede178c9673e88811,FEASIBLE,0.7777777777777777,1.0,EXPLOITATION,1
public_07,public_07_day_29,29,syn_306fc796ca44265fedefc3320ee53b4b,syn_a2df2f4cb371057e5e2d438bc7abe1b6,FEASIBLE,0.7,1.0,EXPLOITATION,1
public_07,public_07_day_29,29,syn_46fdd2c8ce656d8ba2c9ab45c38b2c65,syn_e712d22fcebac37a97c72a6a2bb621ae,FEASIBLE,0.7,1.0,EXPLOITATION,1
public_07,public_07_day_29,29,syn_9583224e7d1037276bd9ea879ee314c3,syn_1551ea976e4527d2ba7e4c210cdf6658,FEASIBLE,0.5499999999999999,1.0,EXPLOITATION,1
public_07,public_07_day_29,29,syn_573a03b8dfad5abf64e89241a2254f1d,syn_c5c2bb619143326f31f63696f69ba473,FEASIBLE,0.4,1.0,EXPLOITATION,1
public_07,public_07_day_29,29,syn_95b4390297b33290d26736f7e4eafb39,syn_0ec7fffa4e94cb8226152f02b68c7802,FEASIBLE,0.35,1.0,EXPLOITATION,1
public_07,public_07_day_29,29,syn_3023dea18dda9617724bc8b176cb966c,syn_cea12821b29a2cbe1e76db200617d67d,FEASIBLE,0.0,1.0,EXPLOITATION,1
public_07,public_07_day_29,29,syn_0a6f208259664965821fb5ca42976e06,syn_832e73f63b822a721404d55cb10ab446,FEASIBLE,0.0,1.0,EXPLOITATION,1
public_07,public_07_day_29,29,syn_b890454d3ef6bc5190b0e2321497e5da,syn_6ac02d8581ce3e2ae0e90c94845e8ef1,FEASIBLE,0.0,1.0,EXPLOITATION,1
public_07,public_07_day_29,29,syn_bfed6ae3b16fdb9ff14bcd55c92c3e23,syn_9b4bd1d628f180c12716bd357a84f23c,FEASIBLE,0.0,1.0,EXPLOITATION,1
public_07,public_07_day_29,29,syn_a0ef1f914dfabc7cbdf8dcf46c0bcae6,syn_23e4326f5b03be11fbfa4487934676e2,FEASIBLE,0.0,1.0,EXPLOITATION,1
public_07,public_07_day_29,29,syn_e4623c8b9109e401b9763929d850ad12,syn_42b386591be280dda52f19fa176c271e,FEASIBLE,0.0,1.0,EXPLOITATION,1
public_07,public_07_day_29,29,syn_8d1e58752ea52f6d144a33359b795309,syn_b87520850b5cdc86b34287cf94dc8e2b,FEASIBLE,0.0,1.0,EXPLOITATION,1
public_07,public_07_day_29,29,syn_372f1c7073e08c15f2d50a0e6d680800,syn_3d00cfdea3a9b27bb5b4946c3261a8c9,FEASIBLE,0.0,1.0,EXPLOITATION,1
public_07,public_07_day_29,29,syn_332a5404f56c90fe84a769ae204a9303,syn_87fbfc22893c5609e9edb33f210b5274,FEASIBLE,0.6,1.0,EXPLOITATION,0
public_07,public_07_day_29,29,syn_d5ba8f6f67e0a59e3446787c14834d8f,syn_f4bb9a7cc9774c227eaef317d3e5b192,FEASIBLE,0.4,1.0,EXPLOITATION,0
public_07,public_07_day_29,29,syn_87fbfc22893c5609e9edb33f210b5274,syn_b87520850b5cdc86b34287cf94dc8e2b,FEASIBLE,0.39999999999999997,1.0,EXPLORATION,0
public_07,public_07_day_29,29,syn_46fdd2c8ce656d8ba2c9ab45c38b2c65,syn_95b4390297b33290d26736f7e4eafb39,FEASIBLE,0.35,1.0,EXPLORATION,0
public_07,public_07_day_29,29,syn_c5c2bb619143326f31f63696f69ba473,syn_fd8122bc2d96f071c6a9fe865fc309e6,FEASIBLE,0.2,1.0,EXPLORATION,0
public_07,public_07_day_29,29,syn_332a5404f56c90fe84a769ae204a9303,syn_d1fa9c9c5f42899c78d34bd35e36c34c,FEASIBLE,0.0,1.0,EXPLOITATION,0
public_07,public_07_day_29,29,syn_3023dea18dda9617724bc8b176cb966c,syn_306fc796ca44265fedefc3320ee53b4b,FEASIBLE,0.0,1.0,EXPLOITATION,0
public_07,public_07_day_29,29,syn_3023dea18dda9617724bc8b176cb966c,syn_bd313c33a2dfe80569df7e081fa7e16c,FEASIBLE,0.0,1.0,EXPLORATION,0
public_07,public_07_day_29,29,syn_3023dea18dda9617724bc8b176cb966c,syn_a2df2f4cb371057e5e2d438bc7abe1b6,FEASIBLE,0.0,1.0,EXPLORATION,0
public_07,public_07_day_29,29,syn_3023dea18dda9617724bc8b176cb966c,syn_3d00cfdea3a9b27bb5b4946c3261a8c9,FEASIBLE,0.0,1.0,EXPLOITATION,0
public_07,public_07_day_29,29,syn_3023dea18dda9617724bc8b176cb966c,syn_42b386591be280dda52f19fa176c271e,FEASIBLE,0.0,1.0,EXPLOITATION,0
public_07,public_07_day_29,29,syn_306fc796ca44265fedefc3320ee53b4b,syn_bd313c33a2dfe80569df7e081fa7e16c,FEASIBLE,0.0,1.0,EXPLOITATION,0
public_07,public_07_day_29,29,syn_b890454d3ef6bc5190b0e2321497e5da,syn_d5ba8f6f67e0a59e3446787c14834d8f,FEASIBLE,0.0,1.0,EXPLOITATION,0
public_07,public_07_day_29,29,syn_46fdd2c8ce656d8ba2c9ab45c38b2c65,syn_f4bb9a7cc9774c227eaef317d3e5b192,FEASIBLE,0.0,1.0,EXPLORATION,0
public_07,public_07_day_29,29,syn_46fdd2c8ce656d8ba2c9ab45c38b2c65,syn_dd947b8ca242c44863cf601fe65d57ed,FEASIBLE,0.0,1.0,EXPLORATION,0
public_07,public_07_day_29,29,syn_bd313c33a2dfe80569df7e081fa7e16c,syn_a2df2f4cb371057e5e2d438bc7abe1b6,FEASIBLE,0.0,1.0,EXPLORATION,0
public_07,public_07_day_29,29,syn_bd313c33a2dfe80569df7e081fa7e16c,syn_3d00cfdea3a9b27bb5b4946c3261a8c9,FEASIBLE,0.0,1.0,EXPLOITATION,0
public_07,public_07_day_29,29,syn_a2df2f4cb371057e5e2d438bc7abe1b6,syn_3d00cfdea3a9b27bb5b4946c3261a8c9,FEASIBLE,0.0,1.0,EXPLORATION,0
public_07,public_07_day_29,29,syn_372f1c7073e08c15f2d50a0e6d680800,syn_c5c2bb619143326f31f63696f69ba473,FEASIBLE,0.0,1.0,EXPLORATION,0
public_07,public_07_day_29,29,syn_372f1c7073e08c15f2d50a0e6d680800,syn_fd8122bc2d96f071c6a9fe865fc309e6,FEASIBLE,0.0,1.0,EXPLOITATION,0
public_07,public_07_day_29,29,syn_3d00cfdea3a9b27bb5b4946c3261a8c9,syn_fd8122bc2d96f071c6a9fe865fc309e6,FEASIBLE,0.0,1.0,EXPLOITATION,0
public_07,public_07_day_29,29,syn_dd947b8ca242c44863cf601fe65d57ed,syn_0ec7fffa4e94cb8226152f02b68c7802,FEASIBLE,0.0,1.0,EXPLORATION,0
public_07,public_07_day_29,29,syn_dd947b8ca242c44863cf601fe65d57ed,syn_6ac02d8581ce3e2ae0e90c94845e8ef1,FEASIBLE,0.0,1.0,EXPLORATION,0
public_07,public_07_day_29,29,syn_d1fa9c9c5f42899c78d34bd35e36c34c,syn_b8047d1ba862c0dde95804774a9f1228,FEASIBLE,0.0,1.0,EXPLORATION,0
public_07,public_07_day_31,31,syn_d5ba8f6f67e0a59e3446787c14834d8f,syn_dd947b8ca242c44863cf601fe65d57ed,FEASIBLE,1.0,1.0,EXPLOITATION,1
public_07,public_07_day_31,31,syn_bd313c33a2dfe80569df7e081fa7e16c,syn_fd8122bc2d96f071c6a9fe865fc309e6,FEASIBLE,1.0,1.0,EXPLOITATION,1
public_07,public_07_day_31,31,syn_d1fa9c9c5f42899c78d34bd35e36c34c,syn_87fbfc22893c5609e9edb33f210b5274,FEASIBLE,1.0,1.0,EXPLOITATION,1
public_07,public_07_day_31,31,syn_fad3c39c0c2784209ab31e3130339a95,syn_1551ea976e4527d2ba7e4c210cdf6658,FEASIBLE,0.85,1.0,EXPLOITATION,1
public_07,public_07_day_31,31,syn_b8047d1ba862c0dde95804774a9f1228,syn_3de295dd7f95a97ede178c9673e88811,FEASIBLE,0.7777777777777777,1.0,EXPLOITATION,1
public_07,public_07_day_31,31,syn_306fc796ca44265fedefc3320ee53b4b,syn_a2df2f4cb371057e5e2d438bc7abe1b6,FEASIBLE,0.7,1.0,EXPLOITATION,1
public_07,public_07_day_31,31,syn_46fdd2c8ce656d8ba2c9ab45c38b2c65,syn_e712d22fcebac37a97c72a6a2bb621ae,FEASIBLE,0.7,1.0,EXPLOITATION,1
public_07,public_07_day_31,31,syn_c6e4f83f2da6ac827863b999ed06de72,syn_f4bb9a7cc9774c227eaef317d3e5b192,FEASIBLE,0.6,1.0,EXPLOITATION,1
public_07,public_07_day_31,31,syn_0ec7fffa4e94cb8226152f02b68c7802,syn_60ccee178fb47eb6a57dfa71f44fab46,FEASIBLE,0.55,1.0,EXPLOITATION,1
public_07,public_07_day_31,31,syn_573a03b8dfad5abf64e89241a2254f1d,syn_c5c2bb619143326f31f63696f69ba473,FEASIBLE,0.4,1.0,EXPLOITATION,1
public_07,public_07_day_31,31,syn_3023dea18dda9617724bc8b176cb966c,syn_cea12821b29a2cbe1e76db200617d67d,FEASIBLE,0.0,1.0,EXPLOITATION,1
public_07,public_07_day_31,31,syn_0a6f208259664965821fb5ca42976e06,syn_832e73f63b822a721404d55cb10ab446,FEASIBLE,0.0,1.0,EXPLOITATION,1
public_07,public_07_day_31,31,syn_b890454d3ef6bc5190b0e2321497e5da,syn_6ac02d8581ce3e2ae0e90c94845e8ef1,FEASIBLE,0.0,1.0,EXPLOITATION,1
public_07,public_07_day_31,31,syn_bfed6ae3b16fdb9ff14bcd55c92c3e23,syn_9b4bd1d628f180c12716bd357a84f23c,FEASIBLE,0.0,1.0,EXPLOITATION,1
public_07,public_07_day_31,31,syn_a0ef1f914dfabc7cbdf8dcf46c0bcae6,syn_23e4326f5b03be11fbfa4487934676e2,FEASIBLE,0.0,1.0,EXPLOITATION,1
public_07,public_07_day_31,31,syn_e4623c8b9109e401b9763929d850ad12,syn_42b386591be280dda52f19fa176c271e,FEASIBLE,0.0,1.0,EXPLOITATION,1
public_07,public_07_day_31,31,syn_8d1e58752ea52f6d144a33359b795309,syn_b87520850b5cdc86b34287cf94dc8e2b,FEASIBLE,0.0,1.0,EXPLOITATION,1
public_07,public_07_day_31,31,syn_372f1c7073e08c15f2d50a0e6d680800,syn_3d00cfdea3a9b27bb5b4946c3261a8c9,FEASIBLE,0.0,1.0,EXPLOITATION,1
public_07,public_07_day_31,31,syn_07d00e0f0be2b15987bd4822db536e5b,syn_813e07996549616e235d37a1f6ed4cbd,FEASIBLE,0.0,1.0,EXPLOITATION,1
public_07,public_07_day_31,31,syn_c6e4f83f2da6ac827863b999ed06de72,syn_dd947b8ca242c44863cf601fe65d57ed,FEASIBLE,1.0,1.0,EXPLOITATION,0
public_07,public_07_day_31,31,syn_46fdd2c8ce656d8ba2c9ab45c38b2c65,syn_60ccee178fb47eb6a57dfa71f44fab46,FEASIBLE,0.7,1.0,EXPLOITATION,0
public_07,public_07_day_31,31,syn_332a5404f56c90fe84a769ae204a9303,syn_87fbfc22893c5609e9edb33f210b5274,FEASIBLE,0.6,1.0,EXPLOITATION,0
public_07,public_07_day_31,31,syn_33d428aa932221ff0207b962000f6cf6,syn_fad3c39c0c2784209ab31e3130339a95,FEASIBLE,0.55,1.0,EXPLOITATION,0
public_07,public_07_day_31,31,syn_9583224e7d1037276bd9ea879ee314c3,syn_1551ea976e4527d2ba7e4c210cdf6658,FEASIBLE,0.5499999999999999,1.0,EXPLOITATION,0
public_07,public_07_day_31,31,syn_c6e4f83f2da6ac827863b999ed06de72,syn_3de295dd7f95a97ede178c9673e88811,FEASIBLE,0.5,1.0,EXPLORATION,0
public_07,public_07_day_31,31,syn_d5ba8f6f67e0a59e3446787c14834d8f,syn_f4bb9a7cc9774c227eaef317d3e5b192,FEASIBLE,0.4,1.0,EXPLOITATION,0
public_07,public_07_day_31,31,syn_c6e4f83f2da6ac827863b999ed06de72,syn_95b4390297b33290d26736f7e4eafb39,FEASIBLE,0.39999999999999997,1.0,EXPLORATION,0
public_07,public_07_day_31,31,syn_87fbfc22893c5609e9edb33f210b5274,syn_b87520850b5cdc86b34287cf94dc8e2b,FEASIBLE,0.39999999999999997,1.0,EXPLORATION,0
public_07,public_07_day_31,31,syn_46fdd2c8ce656d8ba2c9ab45c38b2c65,syn_95b4390297b33290d26736f7e4eafb39,FEASIBLE,0.35,1.0,EXPLORATION,0
public_07,public_07_day_31,31,syn_95b4390297b33290d26736f7e4eafb39,syn_0ec7fffa4e94cb8226152f02b68c7802,FEASIBLE,0.35,1.0,EXPLOITATION,0
public_07,public_07_day_31,31,syn_c6e4f83f2da6ac827863b999ed06de72,syn_e712d22fcebac37a97c72a6a2bb621ae,FEASIBLE,0.2,1.0,EXPLOITATION,0
public_07,public_07_day_31,31,syn_c5c2bb619143326f31f63696f69ba473,syn_fd8122bc2d96f071c6a9fe865fc309e6,FEASIBLE,0.2,1.0,EXPLORATION,0
public_07,public_07_day_31,31,syn_c6e4f83f2da6ac827863b999ed06de72,syn_60ccee178fb47eb6a57dfa71f44fab46,FEASIBLE,0.15000000000000002,1.0,EXPLORATION,0
public_07,public_07_day_31,31,syn_332a5404f56c90fe84a769ae204a9303,syn_d1fa9c9c5f42899c78d34bd35e36c34c,FEASIBLE,0.0,1.0,EXPLOITATION,0
public_07,public_07_day_31,31,syn_3023dea18dda9617724bc8b176cb966c,syn_306fc796ca44265fedefc3320ee53b4b,FEASIBLE,0.0,1.0,EXPLOITATION,0
public_07,public_07_day_31,31,syn_3023dea18dda9617724bc8b176cb966c,syn_bd313c33a2dfe80569df7e081fa7e16c,FEASIBLE,0.0,1.0,EXPLORATION,0
public_07,public_07_day_31,31,syn_3023dea18dda9617724bc8b176cb966c,syn_a2df2f4cb371057e5e2d438bc7abe1b6,FEASIBLE,0.0,1.0,EXPLORATION,0
public_07,public_07_day_31,31,syn_3023dea18dda9617724bc8b176cb966c,syn_3d00cfdea3a9b27bb5b4946c3261a8c9,FEASIBLE,0.0,1.0,EXPLOITATION,0
public_07,public_07_day_31,31,syn_3023dea18dda9617724bc8b176cb966c,syn_42b386591be280dda52f19fa176c271e,FEASIBLE,0.0,1.0,EXPLOITATION,0
public_07,public_07_day_31,31,syn_306fc796ca44265fedefc3320ee53b4b,syn_bd313c33a2dfe80569df7e081fa7e16c,FEASIBLE,0.0,1.0,EXPLOITATION,0
public_07,public_07_day_31,31,syn_b890454d3ef6bc5190b0e2321497e5da,syn_d5ba8f6f67e0a59e3446787c14834d8f,FEASIBLE,0.0,1.0,EXPLOITATION,0
public_07,public_07_day_31,31,syn_b890454d3ef6bc5190b0e2321497e5da,syn_c6e4f83f2da6ac827863b999ed06de72,FEASIBLE,0.0,1.0,EXPLOITATION,0
public_07,public_07_day_31,31,syn_46fdd2c8ce656d8ba2c9ab45c38b2c65,syn_f4bb9a7cc9774c227eaef317d3e5b192,FEASIBLE,0.0,1.0,EXPLORATION,0
public_07,public_07_day_31,31,syn_46fdd2c8ce656d8ba2c9ab45c38b2c65,syn_dd947b8ca242c44863cf601fe65d57ed,FEASIBLE,0.0,1.0,EXPLORATION,0
public_07,public_07_day_31,31,syn_bd313c33a2dfe80569df7e081fa7e16c,syn_a2df2f4cb371057e5e2d438bc7abe1b6,FEASIBLE,0.0,1.0,EXPLORATION,0
public_07,public_07_day_31,31,syn_bd313c33a2dfe80569df7e081fa7e16c,syn_3d00cfdea3a9b27bb5b4946c3261a8c9,FEASIBLE,0.0,1.0,EXPLOITATION,0
public_07,public_07_day_31,31,syn_c6e4f83f2da6ac827863b999ed06de72,syn_b8047d1ba862c0dde95804774a9f1228,FEASIBLE,0.0,1.0,EXPLORATION,0
public_07,public_07_day_31,31,syn_fad3c39c0c2784209ab31e3130339a95,syn_07d00e0f0be2b15987bd4822db536e5b,FEASIBLE,0.0,1.0,EXPLORATION,0
public_07,public_07_day_31,31,syn_fad3c39c0c2784209ab31e3130339a95,syn_813e07996549616e235d37a1f6ed4cbd,FEASIBLE,0.0,1.0,EXPLORATION,0
public_07,public_07_day_31,31,syn_a2df2f4cb371057e5e2d438bc7abe1b6,syn_3d00cfdea3a9b27bb5b4946c3261a8c9,FEASIBLE,0.0,1.0,EXPLORATION,0
public_07,public_07_day_31,31,syn_372f1c7073e08c15f2d50a0e6d680800,syn_c5c2bb619143326f31f63696f69ba473,FEASIBLE,0.0,1.0,EXPLORATION,0
public_07,public_07_day_31,31,syn_372f1c7073e08c15f2d50a0e6d680800,syn_fd8122bc2d96f071c6a9fe865fc309e6,FEASIBLE,0.0,1.0,EXPLOITATION,0
public_07,public_07_day_31,31,syn_3d00cfdea3a9b27bb5b4946c3261a8c9,syn_fd8122bc2d96f071c6a9fe865fc309e6,FEASIBLE,0.0,1.0,EXPLOITATION,0
public_07,public_07_day_31,31,syn_dd947b8ca242c44863cf601fe65d57ed,syn_0ec7fffa4e94cb8226152f02b68c7802,FEASIBLE,0.0,1.0,EXPLORATION,0
public_07,public_07_day_31,31,syn_dd947b8ca242c44863cf601fe65d57ed,syn_6ac02d8581ce3e2ae0e90c94845e8ef1,FEASIBLE,0.0,1.0,EXPLORATION,0
public_07,public_07_day_31,31,syn_d1fa9c9c5f42899c78d34bd35e36c34c,syn_b8047d1ba862c0dde95804774a9f1228,FEASIBLE,0.0,1.0,EXPLORATION,0
public_07,public_07_day_32,32,syn_d5ba8f6f67e0a59e3446787c14834d8f,syn_dd947b8ca242c44863cf601fe65d57ed,FEASIBLE,1.0,1.0,EXPLOITATION,1
public_07,public_07_day_32,32,syn_bd313c33a2dfe80569df7e081fa7e16c,syn_fd8122bc2d96f071c6a9fe865fc309e6,FEASIBLE,1.0,1.0,EXPLOITATION,1
public_07,public_07_day_32,32,syn_d1fa9c9c5f42899c78d34bd35e36c34c,syn_87fbfc22893c5609e9edb33f210b5274,FEASIBLE,1.0,1.0,EXPLOITATION,1
public_07,public_07_day_32,32,syn_fad3c39c0c2784209ab31e3130339a95,syn_1551ea976e4527d2ba7e4c210cdf6658,FEASIBLE,0.85,1.0,EXPLOITATION,1
public_07,public_07_day_32,32,syn_b8047d1ba862c0dde95804774a9f1228,syn_3de295dd7f95a97ede178c9673e88811,FEASIBLE,0.7777777777777777,1.0,EXPLOITATION,1
public_07,public_07_day_32,32,syn_306fc796ca44265fedefc3320ee53b4b,syn_a2df2f4cb371057e5e2d438bc7abe1b6,FEASIBLE,0.7,1.0,EXPLOITATION,1
public_07,public_07_day_32,32,syn_46fdd2c8ce656d8ba2c9ab45c38b2c65,syn_e712d22fcebac37a97c72a6a2bb621ae,FEASIBLE,0.7,1.0,EXPLOITATION,1
public_07,public_07_day_32,32,syn_c6e4f83f2da6ac827863b999ed06de72,syn_f4bb9a7cc9774c227eaef317d3e5b192,FEASIBLE,0.6,1.0,EXPLOITATION,1
public_07,public_07_day_32,32,syn_0ec7fffa4e94cb8226152f02b68c7802,syn_60ccee178fb47eb6a57dfa71f44fab46,FEASIBLE,0.55,1.0,EXPLOITATION,1
public_07,public_07_day_32,32,syn_573a03b8dfad5abf64e89241a2254f1d,syn_c5c2bb619143326f31f63696f69ba473,FEASIBLE,0.4,1.0,EXPLOITATION,1
public_07,public_07_day_32,32,syn_3023dea18dda9617724bc8b176cb966c,syn_cea12821b29a2cbe1e76db200617d67d,FEASIBLE,0.0,1.0,EXPLOITATION,1
public_07,public_07_day_32,32,syn_0a6f208259664965821fb5ca42976e06,syn_832e73f63b822a721404d55cb10ab446,FEASIBLE,0.0,1.0,EXPLOITATION,1
public_07,public_07_day_32,32,syn_b890454d3ef6bc5190b0e2321497e5da,syn_6ac02d8581ce3e2ae0e90c94845e8ef1,FEASIBLE,0.0,1.0,EXPLOITATION,1
public_07,public_07_day_32,32,syn_bfed6ae3b16fdb9ff14bcd55c92c3e23,syn_9b4bd1d628f180c12716bd357a84f23c,FEASIBLE,0.0,1.0,EXPLOITATION,1
public_07,public_07_day_32,32,syn_a0ef1f914dfabc7cbdf8dcf46c0bcae6,syn_23e4326f5b03be11fbfa4487934676e2,FEASIBLE,0.0,1.0,EXPLOITATION,1
public_07,public_07_day_32,32,syn_e4623c8b9109e401b9763929d850ad12,syn_42b386591be280dda52f19fa176c271e,FEASIBLE,0.0,1.0,EXPLOITATION,1
public_07,public_07_day_32,32,syn_8d1e58752ea52f6d144a33359b795309,syn_b87520850b5cdc86b34287cf94dc8e2b,FEASIBLE,0.0,1.0,EXPLOITATION,1
public_07,public_07_day_32,32,syn_372f1c7073e08c15f2d50a0e6d680800,syn_3d00cfdea3a9b27bb5b4946c3261a8c9,FEASIBLE,0.0,1.0,EXPLOITATION,1
public_07,public_07_day_32,32,syn_07d00e0f0be2b15987bd4822db536e5b,syn_813e07996549616e235d37a1f6ed4cbd,FEASIBLE,0.0,1.0,EXPLOITATION,1
public_07,public_07_day_32,32,syn_c6e4f83f2da6ac827863b999ed06de72,syn_dd947b8ca242c44863cf601fe65d57ed,FEASIBLE,1.0,1.0,EXPLOITATION,0
public_07,public_07_day_32,32,syn_46fdd2c8ce656d8ba2c9ab45c38b2c65,syn_60ccee178fb47eb6a57dfa71f44fab46,FEASIBLE,0.7,1.0,EXPLOITATION,0
public_07,public_07_day_32,32,syn_332a5404f56c90fe84a769ae204a9303,syn_87fbfc22893c5609e9edb33f210b5274,FEASIBLE,0.6,1.0,EXPLOITATION,0
public_07,public_07_day_32,32,syn_33d428aa932221ff0207b962000f6cf6,syn_fad3c39c0c2784209ab31e3130339a95,FEASIBLE,0.55,1.0,EXPLOITATION,0
public_07,public_07_day_32,32,syn_9583224e7d1037276bd9ea879ee314c3,syn_1551ea976e4527d2ba7e4c210cdf6658,FEASIBLE,0.5499999999999999,1.0,EXPLOITATION,0
public_07,public_07_day_32,32,syn_c6e4f83f2da6ac827863b999ed06de72,syn_3de295dd7f95a97ede178c9673e88811,FEASIBLE,0.5,1.0,EXPLORATION,0
public_07,public_07_day_32,32,syn_d5ba8f6f67e0a59e3446787c14834d8f,syn_f4bb9a7cc9774c227eaef317d3e5b192,FEASIBLE,0.4,1.0,EXPLOITATION,0
public_07,public_07_day_32,32,syn_c6e4f83f2da6ac827863b999ed06de72,syn_95b4390297b33290d26736f7e4eafb39,FEASIBLE,0.39999999999999997,1.0,EXPLORATION,0
public_07,public_07_day_32,32,syn_87fbfc22893c5609e9edb33f210b5274,syn_b87520850b5cdc86b34287cf94dc8e2b,FEASIBLE,0.39999999999999997,1.0,EXPLORATION,0
public_07,public_07_day_32,32,syn_46fdd2c8ce656d8ba2c9ab45c38b2c65,syn_95b4390297b33290d26736f7e4eafb39,FEASIBLE,0.35,1.0,EXPLORATION,0
public_07,public_07_day_32,32,syn_95b4390297b33290d26736f7e4eafb39,syn_0ec7fffa4e94cb8226152f02b68c7802,FEASIBLE,0.35,1.0,EXPLOITATION,0
public_07,public_07_day_32,32,syn_c6e4f83f2da6ac827863b999ed06de72,syn_e712d22fcebac37a97c72a6a2bb621ae,FEASIBLE,0.2,1.0,EXPLOITATION,0
public_07,public_07_day_32,32,syn_c5c2bb619143326f31f63696f69ba473,syn_fd8122bc2d96f071c6a9fe865fc309e6,FEASIBLE,0.2,1.0,EXPLORATION,0
public_07,public_07_day_32,32,syn_c6e4f83f2da6ac827863b999ed06de72,syn_60ccee178fb47eb6a57dfa71f44fab46,FEASIBLE,0.15000000000000002,1.0,EXPLORATION,0
public_07,public_07_day_32,32,syn_332a5404f56c90fe84a769ae204a9303,syn_d1fa9c9c5f42899c78d34bd35e36c34c,FEASIBLE,0.0,1.0,EXPLOITATION,0
public_07,public_07_day_32,32,syn_3023dea18dda9617724bc8b176cb966c,syn_306fc796ca44265fedefc3320ee53b4b,FEASIBLE,0.0,1.0,EXPLOITATION,0
public_07,public_07_day_32,32,syn_3023dea18dda9617724bc8b176cb966c,syn_bd313c33a2dfe80569df7e081fa7e16c,FEASIBLE,0.0,1.0,EXPLORATION,0
public_07,public_07_day_32,32,syn_3023dea18dda9617724bc8b176cb966c,syn_a2df2f4cb371057e5e2d438bc7abe1b6,FEASIBLE,0.0,1.0,EXPLORATION,0
public_07,public_07_day_32,32,syn_3023dea18dda9617724bc8b176cb966c,syn_3d00cfdea3a9b27bb5b4946c3261a8c9,FEASIBLE,0.0,1.0,EXPLOITATION,0
public_07,public_07_day_32,32,syn_3023dea18dda9617724bc8b176cb966c,syn_42b386591be280dda52f19fa176c271e,FEASIBLE,0.0,1.0,EXPLOITATION,0
public_07,public_07_day_32,32,syn_306fc796ca44265fedefc3320ee53b4b,syn_bd313c33a2dfe80569df7e081fa7e16c,FEASIBLE,0.0,1.0,EXPLOITATION,0
public_07,public_07_day_32,32,syn_b890454d3ef6bc5190b0e2321497e5da,syn_d5ba8f6f67e0a59e3446787c14834d8f,FEASIBLE,0.0,1.0,EXPLOITATION,0
public_07,public_07_day_32,32,syn_b890454d3ef6bc5190b0e2321497e5da,syn_c6e4f83f2da6ac827863b999ed06de72,FEASIBLE,0.0,1.0,EXPLOITATION,0
public_07,public_07_day_32,32,syn_46fdd2c8ce656d8ba2c9ab45c38b2c65,syn_f4bb9a7cc9774c227eaef317d3e5b192,FEASIBLE,0.0,1.0,EXPLORATION,0
public_07,public_07_day_32,32,syn_46fdd2c8ce656d8ba2c9ab45c38b2c65,syn_dd947b8ca242c44863cf601fe65d57ed,FEASIBLE,0.0,1.0,EXPLORATION,0
public_07,public_07_day_32,32,syn_bd313c33a2dfe80569df7e081fa7e16c,syn_a2df2f4cb371057e5e2d438bc7abe1b6,FEASIBLE,0.0,1.0,EXPLORATION,0
public_07,public_07_day_32,32,syn_bd313c33a2dfe80569df7e081fa7e16c,syn_3d00cfdea3a9b27bb5b4946c3261a8c9,FEASIBLE,0.0,1.0,EXPLOITATION,0
public_07,public_07_day_32,32,syn_c6e4f83f2da6ac827863b999ed06de72,syn_b8047d1ba862c0dde95804774a9f1228,FEASIBLE,0.0,1.0,EXPLORATION,0
public_07,public_07_day_32,32,syn_fad3c39c0c2784209ab31e3130339a95,syn_07d00e0f0be2b15987bd4822db536e5b,FEASIBLE,0.0,1.0,EXPLORATION,0
public_07,public_07_day_32,32,syn_fad3c39c0c2784209ab31e3130339a95,syn_813e07996549616e235d37a1f6ed4cbd,FEASIBLE,0.0,1.0,EXPLORATION,0
public_07,public_07_day_32,32,syn_a2df2f4cb371057e5e2d438bc7abe1b6,syn_3d00cfdea3a9b27bb5b4946c3261a8c9,FEASIBLE,0.0,1.0,EXPLORATION,0
public_07,public_07_day_32,32,syn_372f1c7073e08c15f2d50a0e6d680800,syn_c5c2bb619143326f31f63696f69ba473,FEASIBLE,0.0,1.0,EXPLORATION,0
public_07,public_07_day_32,32,syn_372f1c7073e08c15f2d50a0e6d680800,syn_fd8122bc2d96f071c6a9fe865fc309e6,FEASIBLE,0.0,1.0,EXPLOITATION,0
public_07,public_07_day_32,32,syn_3d00cfdea3a9b27bb5b4946c3261a8c9,syn_fd8122bc2d96f071c6a9fe865fc309e6,FEASIBLE,0.0,1.0,EXPLOITATION,0
public_07,public_07_day_32,32,syn_dd947b8ca242c44863cf601fe65d57ed,syn_0ec7fffa4e94cb8226152f02b68c7802,FEASIBLE,0.0,1.0,EXPLORATION,0
public_07,public_07_day_32,32,syn_dd947b8ca242c44863cf601fe65d57ed,syn_6ac02d8581ce3e2ae0e90c94845e8ef1,FEASIBLE,0.0,1.0,EXPLORATION,0
public_07,public_07_day_32,32,syn_d1fa9c9c5f42899c78d34bd35e36c34c,syn_b8047d1ba862c0dde95804774a9f1228,FEASIBLE,0.0,1.0,EXPLORATION,0
public_07,public_07_day_34,34,syn_d5ba8f6f67e0a59e3446787c14834d8f,syn_dd947b8ca242c44863cf601fe65d57ed,FEASIBLE,1.0,1.0,EXPLOITATION,1
public_07,public_07_day_34,34,syn_bd313c33a2dfe80569df7e081fa7e16c,syn_fd8122bc2d96f071c6a9fe865fc309e6,FEASIBLE,1.0,1.0,EXPLOITATION,1
public_07,public_07_day_34,34,syn_d1fa9c9c5f42899c78d34bd35e36c34c,syn_87fbfc22893c5609e9edb33f210b5274,FEASIBLE,1.0,1.0,EXPLOITATION,1
public_07,public_07_day_34,34,syn_fad3c39c0c2784209ab31e3130339a95,syn_1551ea976e4527d2ba7e4c210cdf6658,FEASIBLE,0.85,1.0,EXPLOITATION,1
public_07,public_07_day_34,34,syn_b8047d1ba862c0dde95804774a9f1228,syn_3de295dd7f95a97ede178c9673e88811,FEASIBLE,0.7777777777777777,1.0,EXPLOITATION,1
public_07,public_07_day_34,34,syn_306fc796ca44265fedefc3320ee53b4b,syn_a2df2f4cb371057e5e2d438bc7abe1b6,FEASIBLE,0.7,1.0,EXPLOITATION,1
public_07,public_07_day_34,34,syn_46fdd2c8ce656d8ba2c9ab45c38b2c65,syn_e712d22fcebac37a97c72a6a2bb621ae,FEASIBLE,0.7,1.0,EXPLOITATION,1
public_07,public_07_day_34,34,syn_c6e4f83f2da6ac827863b999ed06de72,syn_f4bb9a7cc9774c227eaef317d3e5b192,FEASIBLE,0.6,1.0,EXPLOITATION,1
public_07,public_07_day_34,34,syn_0ec7fffa4e94cb8226152f02b68c7802,syn_60ccee178fb47eb6a57dfa71f44fab46,FEASIBLE,0.55,1.0,EXPLOITATION,1
public_07,public_07_day_34,34,syn_573a03b8dfad5abf64e89241a2254f1d,syn_c5c2bb619143326f31f63696f69ba473,FEASIBLE,0.4,1.0,EXPLOITATION,1
public_07,public_07_day_34,34,syn_3023dea18dda9617724bc8b176cb966c,syn_cea12821b29a2cbe1e76db200617d67d,FEASIBLE,0.0,1.0,EXPLOITATION,1
public_07,public_07_day_34,34,syn_0a6f208259664965821fb5ca42976e06,syn_832e73f63b822a721404d55cb10ab446,FEASIBLE,0.0,1.0,EXPLOITATION,1
public_07,public_07_day_34,34,syn_b890454d3ef6bc5190b0e2321497e5da,syn_6ac02d8581ce3e2ae0e90c94845e8ef1,FEASIBLE,0.0,1.0,EXPLOITATION,1
public_07,public_07_day_34,34,syn_bfed6ae3b16fdb9ff14bcd55c92c3e23,syn_9b4bd1d628f180c12716bd357a84f23c,FEASIBLE,0.0,1.0,EXPLOITATION,1
public_07,public_07_day_34,34,syn_a0ef1f914dfabc7cbdf8dcf46c0bcae6,syn_23e4326f5b03be11fbfa4487934676e2,FEASIBLE,0.0,1.0,EXPLOITATION,1
public_07,public_07_day_34,34,syn_e4623c8b9109e401b9763929d850ad12,syn_42b386591be280dda52f19fa176c271e,FEASIBLE,0.0,1.0,EXPLOITATION,1
public_07,public_07_day_34,34,syn_4989018f8dbabff440ac3ca67e074a02,syn_c1124b9c00beb2a6a0b4a18bf0c9f540,FEASIBLE,0.0,1.0,EXPLORATION,1
public_07,public_07_day_34,34,syn_8d1e58752ea52f6d144a33359b795309,syn_b87520850b5cdc86b34287cf94dc8e2b,FEASIBLE,0.0,1.0,EXPLOITATION,1
public_07,public_07_day_34,34,syn_372f1c7073e08c15f2d50a0e6d680800,syn_3d00cfdea3a9b27bb5b4946c3261a8c9,FEASIBLE,0.0,1.0,EXPLOITATION,1
public_07,public_07_day_34,34,syn_07d00e0f0be2b15987bd4822db536e5b,syn_813e07996549616e235d37a1f6ed4cbd,FEASIBLE,0.0,1.0,EXPLOITATION,1
public_07,public_07_day_34,34,syn_c6e4f83f2da6ac827863b999ed06de72,syn_dd947b8ca242c44863cf601fe65d57ed,FEASIBLE,1.0,1.0,EXPLOITATION,0
public_07,public_07_day_34,34,syn_46fdd2c8ce656d8ba2c9ab45c38b2c65,syn_60ccee178fb47eb6a57dfa71f44fab46,FEASIBLE,0.7,1.0,EXPLOITATION,0
public_07,public_07_day_34,34,syn_332a5404f56c90fe84a769ae204a9303,syn_87fbfc22893c5609e9edb33f210b5274,FEASIBLE,0.6,1.0,EXPLOITATION,0
public_07,public_07_day_34,34,syn_33d428aa932221ff0207b962000f6cf6,syn_fad3c39c0c2784209ab31e3130339a95,FEASIBLE,0.55,1.0,EXPLOITATION,0
public_07,public_07_day_34,34,syn_9583224e7d1037276bd9ea879ee314c3,syn_1551ea976e4527d2ba7e4c210cdf6658,FEASIBLE,0.5499999999999999,1.0,EXPLOITATION,0
public_07,public_07_day_34,34,syn_c6e4f83f2da6ac827863b999ed06de72,syn_3de295dd7f95a97ede178c9673e88811,FEASIBLE,0.5,1.0,EXPLORATION,0
public_07,public_07_day_34,34,syn_d5ba8f6f67e0a59e3446787c14834d8f,syn_f4bb9a7cc9774c227eaef317d3e5b192,FEASIBLE,0.4,1.0,EXPLOITATION,0
public_07,public_07_day_34,34,syn_c6e4f83f2da6ac827863b999ed06de72,syn_95b4390297b33290d26736f7e4eafb39,FEASIBLE,0.39999999999999997,1.0,EXPLORATION,0
public_07,public_07_day_34,34,syn_87fbfc22893c5609e9edb33f210b5274,syn_b87520850b5cdc86b34287cf94dc8e2b,FEASIBLE,0.39999999999999997,1.0,EXPLORATION,0
public_07,public_07_day_34,34,syn_46fdd2c8ce656d8ba2c9ab45c38b2c65,syn_95b4390297b33290d26736f7e4eafb39,FEASIBLE,0.35,1.0,EXPLORATION,0
public_07,public_07_day_34,34,syn_95b4390297b33290d26736f7e4eafb39,syn_0ec7fffa4e94cb8226152f02b68c7802,FEASIBLE,0.35,1.0,EXPLOITATION,0
public_07,public_07_day_34,34,syn_c6e4f83f2da6ac827863b999ed06de72,syn_e712d22fcebac37a97c72a6a2bb621ae,FEASIBLE,0.2,1.0,EXPLOITATION,0
public_07,public_07_day_34,34,syn_c5c2bb619143326f31f63696f69ba473,syn_fd8122bc2d96f071c6a9fe865fc309e6,FEASIBLE,0.2,1.0,EXPLORATION,0
public_07,public_07_day_34,34,syn_c6e4f83f2da6ac827863b999ed06de72,syn_60ccee178fb47eb6a57dfa71f44fab46,FEASIBLE,0.15000000000000002,1.0,EXPLORATION,0
public_07,public_07_day_34,34,syn_332a5404f56c90fe84a769ae204a9303,syn_d1fa9c9c5f42899c78d34bd35e36c34c,FEASIBLE,0.0,1.0,EXPLOITATION,0
public_07,public_07_day_34,34,syn_3023dea18dda9617724bc8b176cb966c,syn_306fc796ca44265fedefc3320ee53b4b,FEASIBLE,0.0,1.0,EXPLOITATION,0
public_07,public_07_day_34,34,syn_3023dea18dda9617724bc8b176cb966c,syn_bd313c33a2dfe80569df7e081fa7e16c,FEASIBLE,0.0,1.0,EXPLORATION,0
public_07,public_07_day_34,34,syn_3023dea18dda9617724bc8b176cb966c,syn_a2df2f4cb371057e5e2d438bc7abe1b6,FEASIBLE,0.0,1.0,EXPLORATION,0
public_07,public_07_day_34,34,syn_3023dea18dda9617724bc8b176cb966c,syn_3d00cfdea3a9b27bb5b4946c3261a8c9,FEASIBLE,0.0,1.0,EXPLOITATION,0
public_07,public_07_day_34,34,syn_3023dea18dda9617724bc8b176cb966c,syn_42b386591be280dda52f19fa176c271e,FEASIBLE,0.0,1.0,EXPLOITATION,0
public_07,public_07_day_34,34,syn_306fc796ca44265fedefc3320ee53b4b,syn_bd313c33a2dfe80569df7e081fa7e16c,FEASIBLE,0.0,1.0,EXPLOITATION,0
public_07,public_07_day_34,34,syn_b890454d3ef6bc5190b0e2321497e5da,syn_d5ba8f6f67e0a59e3446787c14834d8f,FEASIBLE,0.0,1.0,EXPLOITATION,0
public_07,public_07_day_34,34,syn_b890454d3ef6bc5190b0e2321497e5da,syn_c6e4f83f2da6ac827863b999ed06de72,FEASIBLE,0.0,1.0,EXPLOITATION,0
public_07,public_07_day_34,34,syn_46fdd2c8ce656d8ba2c9ab45c38b2c65,syn_f4bb9a7cc9774c227eaef317d3e5b192,FEASIBLE,0.0,1.0,EXPLORATION,0
public_07,public_07_day_34,34,syn_46fdd2c8ce656d8ba2c9ab45c38b2c65,syn_dd947b8ca242c44863cf601fe65d57ed,FEASIBLE,0.0,1.0,EXPLORATION,0
public_07,public_07_day_34,34,syn_bd313c33a2dfe80569df7e081fa7e16c,syn_a2df2f4cb371057e5e2d438bc7abe1b6,FEASIBLE,0.0,1.0,EXPLORATION,0
public_07,public_07_day_34,34,syn_bd313c33a2dfe80569df7e081fa7e16c,syn_3d00cfdea3a9b27bb5b4946c3261a8c9,FEASIBLE,0.0,1.0,EXPLOITATION,0
public_07,public_07_day_34,34,syn_c6e4f83f2da6ac827863b999ed06de72,syn_b8047d1ba862c0dde95804774a9f1228,FEASIBLE,0.0,1.0,EXPLORATION,0
public_07,public_07_day_34,34,syn_fad3c39c0c2784209ab31e3130339a95,syn_07d00e0f0be2b15987bd4822db536e5b,FEASIBLE,0.0,1.0,EXPLORATION,0
public_07,public_07_day_34,34,syn_fad3c39c0c2784209ab31e3130339a95,syn_813e07996549616e235d37a1f6ed4cbd,FEASIBLE,0.0,1.0,EXPLORATION,0
public_07,public_07_day_34,34,syn_a2df2f4cb371057e5e2d438bc7abe1b6,syn_3d00cfdea3a9b27bb5b4946c3261a8c9,FEASIBLE,0.0,1.0,EXPLORATION,0
public_07,public_07_day_34,34,syn_372f1c7073e08c15f2d50a0e6d680800,syn_c5c2bb619143326f31f63696f69ba473,FEASIBLE,0.0,1.0,EXPLORATION,0
public_07,public_07_day_34,34,syn_372f1c7073e08c15f2d50a0e6d680800,syn_fd8122bc2d96f071c6a9fe865fc309e6,FEASIBLE,0.0,1.0,EXPLOITATION,0
public_07,public_07_day_34,34,syn_3d00cfdea3a9b27bb5b4946c3261a8c9,syn_fd8122bc2d96f071c6a9fe865fc309e6,FEASIBLE,0.0,1.0,EXPLOITATION,0
public_07,public_07_day_34,34,syn_d6d626f91a4f9109158f32e8bf250592,syn_c1124b9c00beb2a6a0b4a18bf0c9f540,FEASIBLE,0.0,1.0,EXPLOITATION,0
public_07,public_07_day_34,34,syn_dd947b8ca242c44863cf601fe65d57ed,syn_0ec7fffa4e94cb8226152f02b68c7802,FEASIBLE,0.0,1.0,EXPLORATION,0
public_07,public_07_day_34,34,syn_dd947b8ca242c44863cf601fe65d57ed,syn_6ac02d8581ce3e2ae0e90c94845e8ef1,FEASIBLE,0.0,1.0,EXPLORATION,0
public_07,public_07_day_34,34,syn_d1fa9c9c5f42899c78d34bd35e36c34c,syn_b8047d1ba862c0dde95804774a9f1228,FEASIBLE,0.0,1.0,EXPLORATION,0
public_07,public_07_day_34,34,syn_832e73f63b822a721404d55cb10ab446,syn_c1124b9c00beb2a6a0b4a18bf0c9f540,FEASIBLE,0.0,1.0,EXPLOITATION,0
public_07,public_07_day_35,35,syn_d5ba8f6f67e0a59e3446787c14834d8f,syn_dd947b8ca242c44863cf601fe65d57ed,FEASIBLE,1.0,1.0,EXPLOITATION,1
public_07,public_07_day_35,35,syn_bd313c33a2dfe80569df7e081fa7e16c,syn_fd8122bc2d96f071c6a9fe865fc309e6,FEASIBLE,1.0,1.0,EXPLOITATION,1
public_07,public_07_day_35,35,syn_d1fa9c9c5f42899c78d34bd35e36c34c,syn_87fbfc22893c5609e9edb33f210b5274,FEASIBLE,1.0,1.0,EXPLOITATION,1
public_07,public_07_day_35,35,syn_fad3c39c0c2784209ab31e3130339a95,syn_1551ea976e4527d2ba7e4c210cdf6658,FEASIBLE,0.85,1.0,EXPLOITATION,1
public_07,public_07_day_35,35,syn_b8047d1ba862c0dde95804774a9f1228,syn_3de295dd7f95a97ede178c9673e88811,FEASIBLE,0.7777777777777777,1.0,EXPLOITATION,1
public_07,public_07_day_35,35,syn_306fc796ca44265fedefc3320ee53b4b,syn_a2df2f4cb371057e5e2d438bc7abe1b6,FEASIBLE,0.7,1.0,EXPLOITATION,1
public_07,public_07_day_35,35,syn_46fdd2c8ce656d8ba2c9ab45c38b2c65,syn_e712d22fcebac37a97c72a6a2bb621ae,FEASIBLE,0.7,1.0,EXPLOITATION,1
public_07,public_07_day_35,35,syn_c6e4f83f2da6ac827863b999ed06de72,syn_f4bb9a7cc9774c227eaef317d3e5b192,FEASIBLE,0.6,1.0,EXPLOITATION,1
public_07,public_07_day_35,35,syn_0ec7fffa4e94cb8226152f02b68c7802,syn_60ccee178fb47eb6a57dfa71f44fab46,FEASIBLE,0.55,1.0,EXPLOITATION,1
public_07,public_07_day_35,35,syn_573a03b8dfad5abf64e89241a2254f1d,syn_c5c2bb619143326f31f63696f69ba473,FEASIBLE,0.4,1.0,EXPLOITATION,1
public_07,public_07_day_35,35,syn_3023dea18dda9617724bc8b176cb966c,syn_cea12821b29a2cbe1e76db200617d67d,FEASIBLE,0.0,1.0,EXPLOITATION,1
public_07,public_07_day_35,35,syn_0a6f208259664965821fb5ca42976e06,syn_832e73f63b822a721404d55cb10ab446,FEASIBLE,0.0,1.0,EXPLOITATION,1
public_07,public_07_day_35,35,syn_b890454d3ef6bc5190b0e2321497e5da,syn_6ac02d8581ce3e2ae0e90c94845e8ef1,FEASIBLE,0.0,1.0,EXPLOITATION,1
public_07,public_07_day_35,35,syn_bfed6ae3b16fdb9ff14bcd55c92c3e23,syn_9b4bd1d628f180c12716bd357a84f23c,FEASIBLE,0.0,1.0,EXPLOITATION,1
public_07,public_07_day_35,35,syn_a0ef1f914dfabc7cbdf8dcf46c0bcae6,syn_23e4326f5b03be11fbfa4487934676e2,FEASIBLE,0.0,1.0,EXPLOITATION,1
public_07,public_07_day_35,35,syn_e4623c8b9109e401b9763929d850ad12,syn_42b386591be280dda52f19fa176c271e,FEASIBLE,0.0,1.0,EXPLOITATION,1
public_07,public_07_day_35,35,syn_4989018f8dbabff440ac3ca67e074a02,syn_c1124b9c00beb2a6a0b4a18bf0c9f540,FEASIBLE,0.0,1.0,EXPLOITATION,1
public_07,public_07_day_35,35,syn_8d1e58752ea52f6d144a33359b795309,syn_b87520850b5cdc86b34287cf94dc8e2b,FEASIBLE,0.0,1.0,EXPLOITATION,1
public_07,public_07_day_35,35,syn_372f1c7073e08c15f2d50a0e6d680800,syn_3d00cfdea3a9b27bb5b4946c3261a8c9,FEASIBLE,0.0,1.0,EXPLOITATION,1
public_07,public_07_day_35,35,syn_07d00e0f0be2b15987bd4822db536e5b,syn_813e07996549616e235d37a1f6ed4cbd,FEASIBLE,0.0,1.0,EXPLOITATION,1
public_07,public_07_day_35,35,syn_c6e4f83f2da6ac827863b999ed06de72,syn_dd947b8ca242c44863cf601fe65d57ed,FEASIBLE,1.0,1.0,EXPLOITATION,0
public_07,public_07_day_35,35,syn_46fdd2c8ce656d8ba2c9ab45c38b2c65,syn_60ccee178fb47eb6a57dfa71f44fab46,FEASIBLE,0.7,1.0,EXPLOITATION,0
public_07,public_07_day_35,35,syn_332a5404f56c90fe84a769ae204a9303,syn_87fbfc22893c5609e9edb33f210b5274,FEASIBLE,0.6,1.0,EXPLOITATION,0
public_07,public_07_day_35,35,syn_33d428aa932221ff0207b962000f6cf6,syn_fad3c39c0c2784209ab31e3130339a95,FEASIBLE,0.55,1.0,EXPLOITATION,0
public_07,public_07_day_35,35,syn_9583224e7d1037276bd9ea879ee314c3,syn_1551ea976e4527d2ba7e4c210cdf6658,FEASIBLE,0.5499999999999999,1.0,EXPLOITATION,0
public_07,public_07_day_35,35,syn_c6e4f83f2da6ac827863b999ed06de72,syn_3de295dd7f95a97ede178c9673e88811,FEASIBLE,0.5,1.0,EXPLORATION,0
public_07,public_07_day_35,35,syn_d5ba8f6f67e0a59e3446787c14834d8f,syn_f4bb9a7cc9774c227eaef317d3e5b192,FEASIBLE,0.4,1.0,EXPLOITATION,0
public_07,public_07_day_35,35,syn_c6e4f83f2da6ac827863b999ed06de72,syn_95b4390297b33290d26736f7e4eafb39,FEASIBLE,0.39999999999999997,1.0,EXPLORATION,0
public_07,public_07_day_35,35,syn_87fbfc22893c5609e9edb33f210b5274,syn_b87520850b5cdc86b34287cf94dc8e2b,FEASIBLE,0.39999999999999997,1.0,EXPLORATION,0
public_07,public_07_day_35,35,syn_46fdd2c8ce656d8ba2c9ab45c38b2c65,syn_95b4390297b33290d26736f7e4eafb39,FEASIBLE,0.35,1.0,EXPLORATION,0
public_07,public_07_day_35,35,syn_95b4390297b33290d26736f7e4eafb39,syn_0ec7fffa4e94cb8226152f02b68c7802,FEASIBLE,0.35,1.0,EXPLOITATION,0
public_07,public_07_day_35,35,syn_c6e4f83f2da6ac827863b999ed06de72,syn_e712d22fcebac37a97c72a6a2bb621ae,FEASIBLE,0.2,1.0,EXPLOITATION,0
public_07,public_07_day_35,35,syn_c5c2bb619143326f31f63696f69ba473,syn_fd8122bc2d96f071c6a9fe865fc309e6,FEASIBLE,0.2,1.0,EXPLORATION,0
public_07,public_07_day_35,35,syn_c6e4f83f2da6ac827863b999ed06de72,syn_60ccee178fb47eb6a57dfa71f44fab46,FEASIBLE,0.15000000000000002,1.0,EXPLORATION,0
public_07,public_07_day_35,35,syn_332a5404f56c90fe84a769ae204a9303,syn_d1fa9c9c5f42899c78d34bd35e36c34c,FEASIBLE,0.0,1.0,EXPLOITATION,0
public_07,public_07_day_35,35,syn_3023dea18dda9617724bc8b176cb966c,syn_306fc796ca44265fedefc3320ee53b4b,FEASIBLE,0.0,1.0,EXPLOITATION,0
public_07,public_07_day_35,35,syn_3023dea18dda9617724bc8b176cb966c,syn_bd313c33a2dfe80569df7e081fa7e16c,FEASIBLE,0.0,1.0,EXPLORATION,0
public_07,public_07_day_35,35,syn_3023dea18dda9617724bc8b176cb966c,syn_a2df2f4cb371057e5e2d438bc7abe1b6,FEASIBLE,0.0,1.0,EXPLORATION,0
public_07,public_07_day_35,35,syn_3023dea18dda9617724bc8b176cb966c,syn_3d00cfdea3a9b27bb5b4946c3261a8c9,FEASIBLE,0.0,1.0,EXPLOITATION,0
public_07,public_07_day_35,35,syn_3023dea18dda9617724bc8b176cb966c,syn_42b386591be280dda52f19fa176c271e,FEASIBLE,0.0,1.0,EXPLOITATION,0
public_07,public_07_day_35,35,syn_306fc796ca44265fedefc3320ee53b4b,syn_bd313c33a2dfe80569df7e081fa7e16c,FEASIBLE,0.0,1.0,EXPLOITATION,0
public_07,public_07_day_35,35,syn_b890454d3ef6bc5190b0e2321497e5da,syn_d5ba8f6f67e0a59e3446787c14834d8f,FEASIBLE,0.0,1.0,EXPLOITATION,0
public_07,public_07_day_35,35,syn_b890454d3ef6bc5190b0e2321497e5da,syn_c6e4f83f2da6ac827863b999ed06de72,FEASIBLE,0.0,1.0,EXPLOITATION,0
public_07,public_07_day_35,35,syn_46fdd2c8ce656d8ba2c9ab45c38b2c65,syn_f4bb9a7cc9774c227eaef317d3e5b192,FEASIBLE,0.0,1.0,EXPLORATION,0
public_07,public_07_day_35,35,syn_46fdd2c8ce656d8ba2c9ab45c38b2c65,syn_dd947b8ca242c44863cf601fe65d57ed,FEASIBLE,0.0,1.0,EXPLORATION,0
public_07,public_07_day_35,35,syn_bd313c33a2dfe80569df7e081fa7e16c,syn_a2df2f4cb371057e5e2d438bc7abe1b6,FEASIBLE,0.0,1.0,EXPLORATION,0
public_07,public_07_day_35,35,syn_bd313c33a2dfe80569df7e081fa7e16c,syn_3d00cfdea3a9b27bb5b4946c3261a8c9,FEASIBLE,0.0,1.0,EXPLOITATION,0
public_07,public_07_day_35,35,syn_c6e4f83f2da6ac827863b999ed06de72,syn_b8047d1ba862c0dde95804774a9f1228,FEASIBLE,0.0,1.0,EXPLORATION,0
public_07,public_07_day_35,35,syn_fad3c39c0c2784209ab31e3130339a95,syn_07d00e0f0be2b15987bd4822db536e5b,FEASIBLE,0.0,1.0,EXPLOITATION,0
public_07,public_07_day_35,35,syn_fad3c39c0c2784209ab31e3130339a95,syn_813e07996549616e235d37a1f6ed4cbd,FEASIBLE,0.0,1.0,EXPLORATION,0
public_07,public_07_day_35,35,syn_a2df2f4cb371057e5e2d438bc7abe1b6,syn_3d00cfdea3a9b27bb5b4946c3261a8c9,FEASIBLE,0.0,1.0,EXPLORATION,0
public_07,public_07_day_35,35,syn_372f1c7073e08c15f2d50a0e6d680800,syn_c5c2bb619143326f31f63696f69ba473,FEASIBLE,0.0,1.0,EXPLORATION,0
public_07,public_07_day_35,35,syn_372f1c7073e08c15f2d50a0e6d680800,syn_fd8122bc2d96f071c6a9fe865fc309e6,FEASIBLE,0.0,1.0,EXPLOITATION,0
public_07,public_07_day_35,35,syn_3d00cfdea3a9b27bb5b4946c3261a8c9,syn_fd8122bc2d96f071c6a9fe865fc309e6,FEASIBLE,0.0,1.0,EXPLOITATION,0
public_07,public_07_day_35,35,syn_d6d626f91a4f9109158f32e8bf250592,syn_c1124b9c00beb2a6a0b4a18bf0c9f540,FEASIBLE,0.0,1.0,EXPLOITATION,0
public_07,public_07_day_35,35,syn_dd947b8ca242c44863cf601fe65d57ed,syn_0ec7fffa4e94cb8226152f02b68c7802,FEASIBLE,0.0,1.0,EXPLORATION,0
public_07,public_07_day_35,35,syn_dd947b8ca242c44863cf601fe65d57ed,syn_6ac02d8581ce3e2ae0e90c94845e8ef1,FEASIBLE,0.0,1.0,EXPLORATION,0
public_07,public_07_day_35,35,syn_d1fa9c9c5f42899c78d34bd35e36c34c,syn_b8047d1ba862c0dde95804774a9f1228,FEASIBLE,0.0,1.0,EXPLORATION,0
public_07,public_07_day_35,35,syn_832e73f63b822a721404d55cb10ab446,syn_c1124b9c00beb2a6a0b4a18bf0c9f540,FEASIBLE,0.0,1.0,EXPLOITATION,0
public_08,public_08_day_2,2,syn_12c7cb677b331024461e39406742da8e,syn_e3ae94c9163f229b06afa29afb5f91e4,FEASIBLE,0.5,1.0,EXPLORATION,1
public_08,public_08_day_3,3,syn_12c7cb677b331024461e39406742da8e,syn_e3ae94c9163f229b06afa29afb5f91e4,FEASIBLE,0.5,1.0,EXPLOITATION,1
public_08,public_08_day_5,5,syn_12c7cb677b331024461e39406742da8e,syn_e3ae94c9163f229b06afa29afb5f91e4,FEASIBLE,0.5,1.0,EXPLOITATION,1
public_08,public_08_day_5,5,syn_405778e77863457c897b01bb1fbb3ef8,syn_9d086f92bd9196465b05e7fa7b78cab4,FEASIBLE,0.0,1.0,EXPLORATION,1
public_08,public_08_day_6,6,syn_12c7cb677b331024461e39406742da8e,syn_e3ae94c9163f229b06afa29afb5f91e4,FEASIBLE,0.5,1.0,EXPLOITATION,1
public_08,public_08_day_6,6,syn_405778e77863457c897b01bb1fbb3ef8,syn_9d086f92bd9196465b05e7fa7b78cab4,FEASIBLE,0.0,1.0,EXPLOITATION,1
public_08,public_08_day_7,7,syn_12c7cb677b331024461e39406742da8e,syn_e3ae94c9163f229b06afa29afb5f91e4,FEASIBLE,0.5,1.0,EXPLOITATION,1
public_08,public_08_day_7,7,syn_fceb07e10e27737824dd733b01c50d8e,syn_9d086f92bd9196465b05e7fa7b78cab4,FEASIBLE,0.39999999999999997,1.0,EXPLORATION,1
public_08,public_08_day_7,7,syn_23f23d1ae9a94c654773bd477be4937e,syn_91edf82d6d948fc6b9255a86bd065059,FEASIBLE,0.0,1.0,EXPLORATION,1
public_08,public_08_day_7,7,syn_12c7cb677b331024461e39406742da8e,syn_fceb07e10e27737824dd733b01c50d8e,FEASIBLE,0.35,1.0,EXPLOITATION,0
public_08,public_08_day_7,7,syn_23f23d1ae9a94c654773bd477be4937e,syn_c3543a6e4224572bef55ecf655033d60,FEASIBLE,0.0,1.0,EXPLORATION,0
public_08,public_08_day_7,7,syn_405778e77863457c897b01bb1fbb3ef8,syn_9d086f92bd9196465b05e7fa7b78cab4,FEASIBLE,0.0,1.0,EXPLOITATION,0
public_08,public_08_day_8,8,syn_12c7cb677b331024461e39406742da8e,syn_e3ae94c9163f229b06afa29afb5f91e4,FEASIBLE,0.5,1.0,EXPLOITATION,1
public_08,public_08_day_8,8,syn_23f23d1ae9a94c654773bd477be4937e,syn_91edf82d6d948fc6b9255a86bd065059,FEASIBLE,0.0,1.0,EXPLOITATION,1
public_08,public_08_day_8,8,syn_c3543a6e4224572bef55ecf655033d60,syn_c37ed3cb30d8a92e348dc5b9d02cf437,FEASIBLE,0.0,1.0,EXPLORATION,1
public_08,public_08_day_8,8,syn_23f23d1ae9a94c654773bd477be4937e,syn_c3543a6e4224572bef55ecf655033d60,FEASIBLE,0.0,1.0,EXPLORATION,0
public_08,public_08_day_9,9,syn_12c7cb677b331024461e39406742da8e,syn_e3ae94c9163f229b06afa29afb5f91e4,FEASIBLE,0.5,1.0,EXPLOITATION,1
public_08,public_08_day_9,9,syn_23f23d1ae9a94c654773bd477be4937e,syn_91edf82d6d948fc6b9255a86bd065059,FEASIBLE,0.0,1.0,EXPLOITATION,1
public_08,public_08_day_9,9,syn_c3543a6e4224572bef55ecf655033d60,syn_c37ed3cb30d8a92e348dc5b9d02cf437,FEASIBLE,0.0,1.0,EXPLOITATION,1
public_08,public_08_day_9,9,syn_aeddb91a9f349c1352ed37589cb6b5f3,syn_9472d5e1967a21205590fcfcdde82aa3,FEASIBLE,0.0,1.0,EXPLOITATION,1
public_08,public_08_day_9,9,syn_23f23d1ae9a94c654773bd477be4937e,syn_c3543a6e4224572bef55ecf655033d60,FEASIBLE,0.0,1.0,EXPLOITATION,0
public_08,public_08_day_10,10,syn_12c7cb677b331024461e39406742da8e,syn_e3ae94c9163f229b06afa29afb5f91e4,FEASIBLE,0.5,1.0,EXPLOITATION,1
public_08,public_08_day_10,10,syn_19b40b0a1d97aeea75e5e8d7a463751c,syn_9d086f92bd9196465b05e7fa7b78cab4,FEASIBLE,0.39999999999999997,1.0,EXPLOITATION,1
public_08,public_08_day_10,10,syn_b7189cec127fd9b575ec557d09c17ff0,syn_d356f8360333d03ba81e16a8e22b7ca1,FEASIBLE,0.0,1.0,EXPLOITATION,1
public_08,public_08_day_10,10,syn_cad6e37bd1d9e0bc49cf018a5f0627bb,syn_7b9bf24e279dde6ac438d28af1182c64,FEASIBLE,0.0,1.0,EXPLORATION,1
public_08,public_08_day_10,10,syn_23f23d1ae9a94c654773bd477be4937e,syn_91edf82d6d948fc6b9255a86bd065059,FEASIBLE,0.0,1.0,EXPLOITATION,1
public_08,public_08_day_10,10,syn_c3543a6e4224572bef55ecf655033d60,syn_c37ed3cb30d8a92e348dc5b9d02cf437,FEASIBLE,0.0,1.0,EXPLOITATION,1
public_08,public_08_day_10,10,syn_60baf3acdcffb71d555c54c207f24848,syn_da3823379e36eaf825533774f2a7ccf9,FEASIBLE,0.0,1.0,EXPLORATION,1
public_08,public_08_day_10,10,syn_aeddb91a9f349c1352ed37589cb6b5f3,syn_9472d5e1967a21205590fcfcdde82aa3,FEASIBLE,0.0,1.0,EXPLOITATION,1
public_08,public_08_day_10,10,syn_cad6e37bd1d9e0bc49cf018a5f0627bb,syn_60baf3acdcffb71d555c54c207f24848,FEASIBLE,0.0,1.0,EXPLORATION,0
public_08,public_08_day_10,10,syn_23f23d1ae9a94c654773bd477be4937e,syn_c3543a6e4224572bef55ecf655033d60,FEASIBLE,0.0,1.0,EXPLOITATION,0
public_08,public_08_day_10,10,syn_3c07c75bfaca888c574a485e5ca7fce0,syn_19b40b0a1d97aeea75e5e8d7a463751c,FEASIBLE,0.0,1.0,EXPLOITATION,0
public_08,public_08_day_10,10,syn_7b9bf24e279dde6ac438d28af1182c64,syn_60baf3acdcffb71d555c54c207f24848,FEASIBLE,0.0,1.0,EXPLOITATION,0
public_08,public_08_day_10,10,syn_3116acff46ddb88da5ab15d9b0689845,syn_d356f8360333d03ba81e16a8e22b7ca1,FEASIBLE,0.0,1.0,EXPLORATION,0
public_08,public_08_day_11,11,syn_12c7cb677b331024461e39406742da8e,syn_e3ae94c9163f229b06afa29afb5f91e4,FEASIBLE,0.5,1.0,EXPLOITATION,1
public_08,public_08_day_11,11,syn_19b40b0a1d97aeea75e5e8d7a463751c,syn_9d086f92bd9196465b05e7fa7b78cab4,FEASIBLE,0.39999999999999997,1.0,EXPLOITATION,1
public_08,public_08_day_11,11,syn_b7189cec127fd9b575ec557d09c17ff0,syn_d356f8360333d03ba81e16a8e22b7ca1,FEASIBLE,0.0,1.0,EXPLOITATION,1
public_08,public_08_day_11,11,syn_cad6e37bd1d9e0bc49cf018a5f0627bb,syn_7b9bf24e279dde6ac438d28af1182c64,FEASIBLE,0.0,1.0,EXPLOITATION,1
public_08,public_08_day_11,11,syn_23f23d1ae9a94c654773bd477be4937e,syn_91edf82d6d948fc6b9255a86bd065059,FEASIBLE,0.0,1.0,EXPLOITATION,1
public_08,public_08_day_11,11,syn_c3543a6e4224572bef55ecf655033d60,syn_c37ed3cb30d8a92e348dc5b9d02cf437,FEASIBLE,0.0,1.0,EXPLOITATION,1
public_08,public_08_day_11,11,syn_60baf3acdcffb71d555c54c207f24848,syn_da3823379e36eaf825533774f2a7ccf9,FEASIBLE,0.0,1.0,EXPLOITATION,1
public_08,public_08_day_11,11,syn_aeddb91a9f349c1352ed37589cb6b5f3,syn_9472d5e1967a21205590fcfcdde82aa3,FEASIBLE,0.0,1.0,EXPLOITATION,1
public_08,public_08_day_11,11,syn_cad6e37bd1d9e0bc49cf018a5f0627bb,syn_60baf3acdcffb71d555c54c207f24848,FEASIBLE,0.0,1.0,EXPLORATION,0
public_08,public_08_day_11,11,syn_23f23d1ae9a94c654773bd477be4937e,syn_c3543a6e4224572bef55ecf655033d60,FEASIBLE,0.0,1.0,EXPLOITATION,0
public_08,public_08_day_11,11,syn_3c07c75bfaca888c574a485e5ca7fce0,syn_19b40b0a1d97aeea75e5e8d7a463751c,FEASIBLE,0.0,1.0,EXPLOITATION,0
public_08,public_08_day_11,11,syn_7b9bf24e279dde6ac438d28af1182c64,syn_60baf3acdcffb71d555c54c207f24848,FEASIBLE,0.0,1.0,EXPLOITATION,0
public_08,public_08_day_11,11,syn_3116acff46ddb88da5ab15d9b0689845,syn_d356f8360333d03ba81e16a8e22b7ca1,FEASIBLE,0.0,1.0,EXPLORATION,0
public_08,public_08_day_11,11,syn_9472d5e1967a21205590fcfcdde82aa3,syn_908fd7f2b642f6ecd61bdb92419c4dd1,FEASIBLE,0.0,1.0,EXPLORATION,0
public_08,public_08_day_11,11,syn_b9f68294d202797558ba7ce459baff71,syn_9d086f92bd9196465b05e7fa7b78cab4,FEASIBLE,0.0,1.0,EXPLORATION,0
public_08,public_08_day_12,12,syn_12c7cb677b331024461e39406742da8e,syn_e3ae94c9163f229b06afa29afb5f91e4,FEASIBLE,0.5,1.0,EXPLOITATION,1
public_08,public_08_day_12,12,syn_19b40b0a1d97aeea75e5e8d7a463751c,syn_9d086f92bd9196465b05e7fa7b78cab4,FEASIBLE,0.39999999999999997,1.0,EXPLOITATION,1
public_08,public_08_day_12,12,syn_b7189cec127fd9b575ec557d09c17ff0,syn_d356f8360333d03ba81e16a8e22b7ca1,FEASIBLE,0.0,1.0,EXPLOITATION,1
public_08,public_08_day_12,12,syn_cad6e37bd1d9e0bc49cf018a5f0627bb,syn_7b9bf24e279dde6ac438d28af1182c64,FEASIBLE,0.0,1.0,EXPLOITATION,1
public_08,public_08_day_12,12,syn_23f23d1ae9a94c654773bd477be4937e,syn_91edf82d6d948fc6b9255a86bd065059,FEASIBLE,0.0,1.0,EXPLOITATION,1
public_08,public_08_day_12,12,syn_c3543a6e4224572bef55ecf655033d60,syn_c37ed3cb30d8a92e348dc5b9d02cf437,FEASIBLE,0.0,1.0,EXPLOITATION,1
public_08,public_08_day_12,12,syn_60baf3acdcffb71d555c54c207f24848,syn_da3823379e36eaf825533774f2a7ccf9,FEASIBLE,0.0,1.0,EXPLOITATION,1
public_08,public_08_day_12,12,syn_aeddb91a9f349c1352ed37589cb6b5f3,syn_9472d5e1967a21205590fcfcdde82aa3,FEASIBLE,0.0,1.0,EXPLOITATION,1
public_08,public_08_day_12,12,syn_cad6e37bd1d9e0bc49cf018a5f0627bb,syn_60baf3acdcffb71d555c54c207f24848,FEASIBLE,0.0,1.0,EXPLORATION,0
public_08,public_08_day_12,12,syn_23f23d1ae9a94c654773bd477be4937e,syn_c3543a6e4224572bef55ecf655033d60,FEASIBLE,0.0,1.0,EXPLOITATION,0
public_08,public_08_day_12,12,syn_3c07c75bfaca888c574a485e5ca7fce0,syn_19b40b0a1d97aeea75e5e8d7a463751c,FEASIBLE,0.0,1.0,EXPLOITATION,0
public_08,public_08_day_12,12,syn_7b9bf24e279dde6ac438d28af1182c64,syn_60baf3acdcffb71d555c54c207f24848,FEASIBLE,0.0,1.0,EXPLOITATION,0
public_08,public_08_day_12,12,syn_3116acff46ddb88da5ab15d9b0689845,syn_d356f8360333d03ba81e16a8e22b7ca1,FEASIBLE,0.0,1.0,EXPLORATION,0
public_08,public_08_day_12,12,syn_9472d5e1967a21205590fcfcdde82aa3,syn_908fd7f2b642f6ecd61bdb92419c4dd1,FEASIBLE,0.0,1.0,EXPLORATION,0
public_08,public_08_day_12,12,syn_b9f68294d202797558ba7ce459baff71,syn_9d086f92bd9196465b05e7fa7b78cab4,FEASIBLE,0.0,1.0,EXPLORATION,0
public_08,public_08_day_13,13,syn_12c7cb677b331024461e39406742da8e,syn_e3ae94c9163f229b06afa29afb5f91e4,FEASIBLE,0.5,1.0,EXPLOITATION,1
public_08,public_08_day_13,13,syn_19b40b0a1d97aeea75e5e8d7a463751c,syn_9d086f92bd9196465b05e7fa7b78cab4,FEASIBLE,0.39999999999999997,1.0,EXPLOITATION,1
public_08,public_08_day_13,13,syn_dd533ecc841591d3aeb6f406a7584c16,syn_c701df12da749db46be838bc30598d3c,FEASIBLE,0.2,1.0,EXPLORATION,1
public_08,public_08_day_13,13,syn_b7189cec127fd9b575ec557d09c17ff0,syn_d356f8360333d03ba81e16a8e22b7ca1,FEASIBLE,0.0,1.0,EXPLOITATION,1
public_08,public_08_day_13,13,syn_cad6e37bd1d9e0bc49cf018a5f0627bb,syn_7b9bf24e279dde6ac438d28af1182c64,FEASIBLE,0.0,1.0,EXPLOITATION,1
public_08,public_08_day_13,13,syn_23f23d1ae9a94c654773bd477be4937e,syn_91edf82d6d948fc6b9255a86bd065059,FEASIBLE,0.0,1.0,EXPLOITATION,1
public_08,public_08_day_13,13,syn_9dc3a5eac3591712b30dae187c9241c9,syn_d6c107c4b905f822d30abe1ad4e37527,FEASIBLE,0.0,1.0,EXPLOITATION,1
public_08,public_08_day_13,13,syn_c3543a6e4224572bef55ecf655033d60,syn_c37ed3cb30d8a92e348dc5b9d02cf437,FEASIBLE,0.0,1.0,EXPLOITATION,1
public_08,public_08_day_13,13,syn_60baf3acdcffb71d555c54c207f24848,syn_da3823379e36eaf825533774f2a7ccf9,FEASIBLE,0.0,1.0,EXPLOITATION,1
public_08,public_08_day_13,13,syn_aeddb91a9f349c1352ed37589cb6b5f3,syn_9472d5e1967a21205590fcfcdde82aa3,FEASIBLE,0.0,1.0,EXPLOITATION,1
public_08,public_08_day_13,13,syn_c701df12da749db46be838bc30598d3c,syn_9d086f92bd9196465b05e7fa7b78cab4,FEASIBLE,0.15,1.0,EXPLOITATION,0
public_08,public_08_day_13,13,syn_6b260c3f68402193a6138919aeb018d2,syn_c701df12da749db46be838bc30598d3c,FEASIBLE,0.0,1.0,EXPLOITATION,0
public_08,public_08_day_13,13,syn_cad6e37bd1d9e0bc49cf018a5f0627bb,syn_60baf3acdcffb71d555c54c207f24848,FEASIBLE,0.0,1.0,EXPLORATION,0
public_08,public_08_day_13,13,syn_23f23d1ae9a94c654773bd477be4937e,syn_c3543a6e4224572bef55ecf655033d60,FEASIBLE,0.0,1.0,EXPLOITATION,0
public_08,public_08_day_13,13,syn_3c07c75bfaca888c574a485e5ca7fce0,syn_19b40b0a1d97aeea75e5e8d7a463751c,FEASIBLE,0.0,1.0,EXPLOITATION,0
public_08,public_08_day_13,13,syn_7b9bf24e279dde6ac438d28af1182c64,syn_60baf3acdcffb71d555c54c207f24848,FEASIBLE,0.0,1.0,EXPLOITATION,0
public_08,public_08_day_13,13,syn_3116acff46ddb88da5ab15d9b0689845,syn_d356f8360333d03ba81e16a8e22b7ca1,FEASIBLE,0.0,1.0,EXPLORATION,0
public_08,public_08_day_13,13,syn_9472d5e1967a21205590fcfcdde82aa3,syn_908fd7f2b642f6ecd61bdb92419c4dd1,FEASIBLE,0.0,1.0,EXPLORATION,0
public_08,public_08_day_14,14,syn_12c7cb677b331024461e39406742da8e,syn_e3ae94c9163f229b06afa29afb5f91e4,FEASIBLE,0.5,1.0,EXPLOITATION,1
public_08,public_08_day_14,14,syn_0c67573b1f57ba2825bf71fc8122d2c9,syn_2f8c459a5b01837c6646f0a205ecd462,FEASIBLE,0.4,1.0,EXPLORATION,1
public_08,public_08_day_14,14,syn_19b40b0a1d97aeea75e5e8d7a463751c,syn_9d086f92bd9196465b05e7fa7b78cab4,FEASIBLE,0.39999999999999997,1.0,EXPLOITATION,1
public_08,public_08_day_14,14,syn_dd533ecc841591d3aeb6f406a7584c16,syn_c701df12da749db46be838bc30598d3c,FEASIBLE,0.2,1.0,EXPLOITATION,1
public_08,public_08_day_14,14,syn_b7189cec127fd9b575ec557d09c17ff0,syn_d356f8360333d03ba81e16a8e22b7ca1,FEASIBLE,0.0,1.0,EXPLOITATION,1
public_08,public_08_day_14,14,syn_cad6e37bd1d9e0bc49cf018a5f0627bb,syn_7b9bf24e279dde6ac438d28af1182c64,FEASIBLE,0.0,1.0,EXPLOITATION,1
public_08,public_08_day_14,14,syn_9dc3a5eac3591712b30dae187c9241c9,syn_d6c107c4b905f822d30abe1ad4e37527,FEASIBLE,0.0,1.0,EXPLOITATION,1
public_08,public_08_day_14,14,syn_60baf3acdcffb71d555c54c207f24848,syn_da3823379e36eaf825533774f2a7ccf9,FEASIBLE,0.0,1.0,EXPLOITATION,1
public_08,public_08_day_14,14,syn_405778e77863457c897b01bb1fbb3ef8,syn_2f8c459a5b01837c6646f0a205ecd462,FEASIBLE,0.35,1.0,EXPLORATION,0
public_08,public_08_day_14,14,syn_c701df12da749db46be838bc30598d3c,syn_9d086f92bd9196465b05e7fa7b78cab4,FEASIBLE,0.15,1.0,EXPLOITATION,0
public_08,public_08_day_14,14,syn_19b40b0a1d97aeea75e5e8d7a463751c,syn_2f8c459a5b01837c6646f0a205ecd462,FEASIBLE,0.05,1.0,EXPLORATION,0
public_08,public_08_day_14,14,syn_cad6e37bd1d9e0bc49cf018a5f0627bb,syn_60baf3acdcffb71d555c54c207f24848,FEASIBLE,0.0,1.0,EXPLORATION,0
public_08,public_08_day_14,14,syn_3c07c75bfaca888c574a485e5ca7fce0,syn_19b40b0a1d97aeea75e5e8d7a463751c,FEASIBLE,0.0,1.0,EXPLOITATION,0
public_08,public_08_day_14,14,syn_7b9bf24e279dde6ac438d28af1182c64,syn_60baf3acdcffb71d555c54c207f24848,FEASIBLE,0.0,1.0,EXPLOITATION,0
public_08,public_08_day_14,14,syn_3116acff46ddb88da5ab15d9b0689845,syn_d356f8360333d03ba81e16a8e22b7ca1,FEASIBLE,0.0,1.0,EXPLORATION,0
public_08,public_08_day_14,14,syn_f2be4aea8706ad1475bf0a6418de1300,syn_2f8c459a5b01837c6646f0a205ecd462,FEASIBLE,0.0,1.0,EXPLORATION,0
public_08,public_08_day_14,14,syn_405778e77863457c897b01bb1fbb3ef8,syn_9d086f92bd9196465b05e7fa7b78cab4,FEASIBLE,0.0,1.0,EXPLOITATION,0
public_08,public_08_day_15,15,syn_12c7cb677b331024461e39406742da8e,syn_e3ae94c9163f229b06afa29afb5f91e4,FEASIBLE,0.5,1.0,EXPLOITATION,1
public_08,public_08_day_15,15,syn_0c67573b1f57ba2825bf71fc8122d2c9,syn_2f8c459a5b01837c6646f0a205ecd462,FEASIBLE,0.4,1.0,EXPLOITATION,1
public_08,public_08_day_15,15,syn_19b40b0a1d97aeea75e5e8d7a463751c,syn_9d086f92bd9196465b05e7fa7b78cab4,FEASIBLE,0.39999999999999997,1.0,EXPLOITATION,1
public_08,public_08_day_15,15,syn_dd533ecc841591d3aeb6f406a7584c16,syn_c701df12da749db46be838bc30598d3c,FEASIBLE,0.2,1.0,EXPLOITATION,1
public_08,public_08_day_15,15,syn_b7189cec127fd9b575ec557d09c17ff0,syn_d356f8360333d03ba81e16a8e22b7ca1,FEASIBLE,0.0,1.0,EXPLOITATION,1
public_08,public_08_day_15,15,syn_cad6e37bd1d9e0bc49cf018a5f0627bb,syn_7b9bf24e279dde6ac438d28af1182c64,FEASIBLE,0.0,1.0,EXPLOITATION,1
public_08,public_08_day_15,15,syn_ae94e39d79018cfbaead4178dfba523a,syn_cb02a4a051bb050189ec710cb46a2e8a,FEASIBLE,0.0,1.0,EXPLORATION,1
public_08,public_08_day_15,15,syn_cefbb639ff3d2c3772dd590d22f27f85,syn_d1d432a7706d2824dfbd6a790a201ae8,FEASIBLE,0.0,1.0,EXPLOITATION,1
public_08,public_08_day_15,15,syn_9dc3a5eac3591712b30dae187c9241c9,syn_d6c107c4b905f822d30abe1ad4e37527,FEASIBLE,0.0,1.0,EXPLOITATION,1
public_08,public_08_day_15,15,syn_60baf3acdcffb71d555c54c207f24848,syn_da3823379e36eaf825533774f2a7ccf9,FEASIBLE,0.0,1.0,EXPLOITATION,1
public_08,public_08_day_15,15,syn_72c5f776ad35fbed0106ae5b3e02565d,syn_9d086f92bd9196465b05e7fa7b78cab4,FEASIBLE,0.39999999999999997,1.0,EXPLORATION,0
public_08,public_08_day_15,15,syn_405778e77863457c897b01bb1fbb3ef8,syn_2f8c459a5b01837c6646f0a205ecd462,FEASIBLE,0.35,1.0,EXPLORATION,0
public_08,public_08_day_15,15,syn_c701df12da749db46be838bc30598d3c,syn_9d086f92bd9196465b05e7fa7b78cab4,FEASIBLE,0.15,1.0,EXPLOITATION,0
public_08,public_08_day_15,15,syn_19b40b0a1d97aeea75e5e8d7a463751c,syn_2f8c459a5b01837c6646f0a205ecd462,FEASIBLE,0.05,1.0,EXPLORATION,0
public_08,public_08_day_15,15,syn_cad6e37bd1d9e0bc49cf018a5f0627bb,syn_60baf3acdcffb71d555c54c207f24848,FEASIBLE,0.0,1.0,EXPLORATION,0
public_08,public_08_day_15,15,syn_3c07c75bfaca888c574a485e5ca7fce0,syn_19b40b0a1d97aeea75e5e8d7a463751c,FEASIBLE,0.0,1.0,EXPLOITATION,0
public_08,public_08_day_15,15,syn_7b9bf24e279dde6ac438d28af1182c64,syn_60baf3acdcffb71d555c54c207f24848,FEASIBLE,0.0,1.0,EXPLOITATION,0
public_08,public_08_day_15,15,syn_3116acff46ddb88da5ab15d9b0689845,syn_d356f8360333d03ba81e16a8e22b7ca1,FEASIBLE,0.0,1.0,EXPLORATION,0
public_08,public_08_day_15,15,syn_f2be4aea8706ad1475bf0a6418de1300,syn_2f8c459a5b01837c6646f0a205ecd462,FEASIBLE,0.0,1.0,EXPLORATION,0
public_08,public_08_day_15,15,syn_405778e77863457c897b01bb1fbb3ef8,syn_9d086f92bd9196465b05e7fa7b78cab4,FEASIBLE,0.0,1.0,EXPLOITATION,0
public_08,public_08_day_16,16,syn_12c7cb677b331024461e39406742da8e,syn_e3ae94c9163f229b06afa29afb5f91e4,FEASIBLE,0.5,1.0,EXPLOITATION,1
public_08,public_08_day_16,16,syn_23f23d1ae9a94c654773bd477be4937e,syn_91edf82d6d948fc6b9255a86bd065059,FEASIBLE,0.0,1.0,EXPLOITATION,1
public_08,public_08_day_16,16,syn_ae94e39d79018cfbaead4178dfba523a,syn_cb02a4a051bb050189ec710cb46a2e8a,FEASIBLE,0.0,1.0,EXPLOITATION,1
public_08,public_08_day_16,16,syn_cefbb639ff3d2c3772dd590d22f27f85,syn_d1d432a7706d2824dfbd6a790a201ae8,FEASIBLE,0.0,1.0,EXPLOITATION,1
public_08,public_08_day_16,16,syn_9dc3a5eac3591712b30dae187c9241c9,syn_d6c107c4b905f822d30abe1ad4e37527,FEASIBLE,0.0,1.0,EXPLOITATION,1
public_08,public_08_day_16,16,syn_c3543a6e4224572bef55ecf655033d60,syn_c37ed3cb30d8a92e348dc5b9d02cf437,FEASIBLE,0.0,1.0,EXPLOITATION,1
public_08,public_08_day_16,16,syn_23f23d1ae9a94c654773bd477be4937e,syn_c3543a6e4224572bef55ecf655033d60,FEASIBLE,0.0,1.0,EXPLOITATION,0
public_08,public_08_day_16,16,syn_d1d432a7706d2824dfbd6a790a201ae8,syn_fd09deb8f5da5d48b9d195107582fa8d,FEASIBLE,0.0,1.0,EXPLORATION,0
public_08,public_08_day_17,17,syn_b595de4e1e7ac367d2a85ae09da282a9,syn_792d57380c89bfae24709f7ed802d099,FEASIBLE,1.0,1.0,EXPLORATION,1
public_08,public_08_day_17,17,syn_12c7cb677b331024461e39406742da8e,syn_e3ae94c9163f229b06afa29afb5f91e4,FEASIBLE,0.5,1.0,EXPLOITATION,1
public_08,public_08_day_17,17,syn_23f23d1ae9a94c654773bd477be4937e,syn_91edf82d6d948fc6b9255a86bd065059,FEASIBLE,0.0,1.0,EXPLOITATION,1
public_08,public_08_day_17,17,syn_ae94e39d79018cfbaead4178dfba523a,syn_cb02a4a051bb050189ec710cb46a2e8a,FEASIBLE,0.0,1.0,EXPLOITATION,1
public_08,public_08_day_17,17,syn_cefbb639ff3d2c3772dd590d22f27f85,syn_d1d432a7706d2824dfbd6a790a201ae8,FEASIBLE,0.0,1.0,EXPLOITATION,1
public_08,public_08_day_17,17,syn_9dc3a5eac3591712b30dae187c9241c9,syn_d6c107c4b905f822d30abe1ad4e37527,FEASIBLE,0.0,1.0,EXPLOITATION,1
public_08,public_08_day_17,17,syn_c3543a6e4224572bef55ecf655033d60,syn_c37ed3cb30d8a92e348dc5b9d02cf437,FEASIBLE,0.0,1.0,EXPLOITATION,1
public_08,public_08_day_17,17,syn_b9f68294d202797558ba7ce459baff71,syn_907e211f9ac8b9aa952628781a837c78,FEASIBLE,0.0,1.0,EXPLOITATION,1
public_08,public_08_day_17,17,syn_23f23d1ae9a94c654773bd477be4937e,syn_c3543a6e4224572bef55ecf655033d60,FEASIBLE,0.0,1.0,EXPLOITATION,0
public_08,public_08_day_17,17,syn_d1d432a7706d2824dfbd6a790a201ae8,syn_fd09deb8f5da5d48b9d195107582fa8d,FEASIBLE,0.0,1.0,EXPLORATION,0
public_08,public_08_day_18,18,syn_b595de4e1e7ac367d2a85ae09da282a9,syn_792d57380c89bfae24709f7ed802d099,FEASIBLE,1.0,1.0,EXPLOITATION,1
public_08,public_08_day_18,18,syn_43d18aa30bcadd41bf9573fdb20f40b5,syn_fceb07e10e27737824dd733b01c50d8e,FEASIBLE,1.0,1.0,EXPLORATION,1
public_08,public_08_day_18,18,syn_d6c107c4b905f822d30abe1ad4e37527,syn_8a66ed480ae629f3e5a474726b94ace7,FEASIBLE,0.55,1.0,EXPLORATION,1
public_08,public_08_day_18,18,syn_10f09201189b30c0799374b18e8a5e9a,syn_72c5f776ad35fbed0106ae5b3e02565d,FEASIBLE,0.30000000000000004,1.0,EXPLORATION,1
public_08,public_08_day_18,18,syn_23f23d1ae9a94c654773bd477be4937e,syn_91edf82d6d948fc6b9255a86bd065059,FEASIBLE,0.0,1.0,EXPLOITATION,1
public_08,public_08_day_18,18,syn_ae94e39d79018cfbaead4178dfba523a,syn_cb02a4a051bb050189ec710cb46a2e8a,FEASIBLE,0.0,1.0,EXPLOITATION,1
public_08,public_08_day_18,18,syn_c3543a6e4224572bef55ecf655033d60,syn_c37ed3cb30d8a92e348dc5b9d02cf437,FEASIBLE,0.0,1.0,EXPLOITATION,1
public_08,public_08_day_18,18,syn_b9f68294d202797558ba7ce459baff71,syn_907e211f9ac8b9aa952628781a837c78,FEASIBLE,0.0,1.0,EXPLOITATION,1
public_08,public_08_day_18,18,syn_72c5f776ad35fbed0106ae5b3e02565d,syn_fceb07e10e27737824dd733b01c50d8e,FEASIBLE,0.5499999999999999,1.0,EXPLORATION,0
public_08,public_08_day_18,18,syn_fceb07e10e27737824dd733b01c50d8e,syn_907e211f9ac8b9aa952628781a837c78,FEASIBLE,0.25,1.0,EXPLORATION,0
public_08,public_08_day_18,18,syn_23f23d1ae9a94c654773bd477be4937e,syn_c3543a6e4224572bef55ecf655033d60,FEASIBLE,0.0,1.0,EXPLOITATION,0
public_08,public_08_day_18,18,syn_23f23d1ae9a94c654773bd477be4937e,syn_8a66ed480ae629f3e5a474726b94ace7,FEASIBLE,0.0,1.0,EXPLOITATION,0
public_08,public_08_day_18,18,syn_10f09201189b30c0799374b18e8a5e9a,syn_19b40b0a1d97aeea75e5e8d7a463751c,FEASIBLE,0.0,1.0,EXPLORATION,0
public_08,public_08_day_18,18,syn_10f09201189b30c0799374b18e8a5e9a,syn_f2be4aea8706ad1475bf0a6418de1300,FEASIBLE,0.0,1.0,EXPLOITATION,0
public_08,public_08_day_18,18,syn_10f09201189b30c0799374b18e8a5e9a,syn_fceb07e10e27737824dd733b01c50d8e,FEASIBLE,0.0,1.0,EXPLORATION,0
public_08,public_08_day_18,18,syn_10f09201189b30c0799374b18e8a5e9a,syn_b9f68294d202797558ba7ce459baff71,FEASIBLE,0.0,1.0,EXPLOITATION,0
public_08,public_08_day_18,18,syn_10f09201189b30c0799374b18e8a5e9a,syn_907e211f9ac8b9aa952628781a837c78,FEASIBLE,0.0,1.0,EXPLOITATION,0
public_08,public_08_day_18,18,syn_9dc3a5eac3591712b30dae187c9241c9,syn_d6c107c4b905f822d30abe1ad4e37527,FEASIBLE,0.0,1.0,EXPLOITATION,0
public_08,public_08_day_18,18,syn_c3543a6e4224572bef55ecf655033d60,syn_8a66ed480ae629f3e5a474726b94ace7,FEASIBLE,0.0,1.0,EXPLOITATION,0
public_08,public_08_day_18,18,syn_c37ed3cb30d8a92e348dc5b9d02cf437,syn_8a66ed480ae629f3e5a474726b94ace7,FEASIBLE,0.0,1.0,EXPLOITATION,0
public_08,public_08_day_18,18,syn_43d18aa30bcadd41bf9573fdb20f40b5,syn_8a66ed480ae629f3e5a474726b94ace7,FEASIBLE,0.0,1.0,EXPLORATION,0
public_08,public_08_day_19,19,syn_b595de4e1e7ac367d2a85ae09da282a9,syn_792d57380c89bfae24709f7ed802d099,FEASIBLE,1.0,1.0,EXPLOITATION,1
public_08,public_08_day_19,19,syn_43d18aa30bcadd41bf9573fdb20f40b5,syn_fceb07e10e27737824dd733b01c50d8e,FEASIBLE,1.0,1.0,EXPLOITATION,1
public_08,public_08_day_19,19,syn_d6c107c4b905f822d30abe1ad4e37527,syn_8a66ed480ae629f3e5a474726b94ace7,FEASIBLE,0.55,1.0,EXPLOITATION,1
public_08,public_08_day_19,19,syn_10f09201189b30c0799374b18e8a5e9a,syn_72c5f776ad35fbed0106ae5b3e02565d,FEASIBLE,0.30000000000000004,1.0,EXPLOITATION,1
public_08,public_08_day_19,19,syn_143c0778852901795c46c1f373c65c3c,syn_c4b5bdc0bc69886ead60e7acbe3682d2,FEASIBLE,0.0,1.0,EXPLORATION,1
public_08,public_08_day_19,19,syn_23f23d1ae9a94c654773bd477be4937e,syn_91edf82d6d948fc6b9255a86bd065059,FEASIBLE,0.0,1.0,EXPLOITATION,1
public_08,public_08_day_19,19,syn_ae94e39d79018cfbaead4178dfba523a,syn_cb02a4a051bb050189ec710cb46a2e8a,FEASIBLE,0.0,1.0,EXPLOITATION,1
public_08,public_08_day_19,19,syn_c3543a6e4224572bef55ecf655033d60,syn_c37ed3cb30d8a92e348dc5b9d02cf437,FEASIBLE,0.0,1.0,EXPLOITATION,1
public_08,public_08_day_19,19,syn_b9f68294d202797558ba7ce459baff71,syn_907e211f9ac8b9aa952628781a837c78,FEASIBLE,0.0,1.0,EXPLOITATION,1
public_08,public_08_day_19,19,syn_72c5f776ad35fbed0106ae5b3e02565d,syn_fceb07e10e27737824dd733b01c50d8e,FEASIBLE,0.5499999999999999,1.0,EXPLORATION,0
public_08,public_08_day_19,19,syn_fceb07e10e27737824dd733b01c50d8e,syn_907e211f9ac8b9aa952628781a837c78,FEASIBLE,0.25,1.0,EXPLORATION,0
public_08,public_08_day_19,19,syn_23f23d1ae9a94c654773bd477be4937e,syn_c4b5bdc0bc69886ead60e7acbe3682d2,FEASIBLE,0.0,1.0,EXPLOITATION,0
public_08,public_08_day_19,19,syn_23f23d1ae9a94c654773bd477be4937e,syn_c3543a6e4224572bef55ecf655033d60,FEASIBLE,0.0,1.0,EXPLOITATION,0
public_08,public_08_day_19,19,syn_23f23d1ae9a94c654773bd477be4937e,syn_8a66ed480ae629f3e5a474726b94ace7,FEASIBLE,0.0,1.0,EXPLOITATION,0
public_08,public_08_day_19,19,syn_10f09201189b30c0799374b18e8a5e9a,syn_19b40b0a1d97aeea75e5e8d7a463751c,FEASIBLE,0.0,1.0,EXPLORATION,0
public_08,public_08_day_19,19,syn_10f09201189b30c0799374b18e8a5e9a,syn_f2be4aea8706ad1475bf0a6418de1300,FEASIBLE,0.0,1.0,EXPLOITATION,0
public_08,public_08_day_19,19,syn_10f09201189b30c0799374b18e8a5e9a,syn_fceb07e10e27737824dd733b01c50d8e,FEASIBLE,0.0,1.0,EXPLORATION,0
public_08,public_08_day_19,19,syn_10f09201189b30c0799374b18e8a5e9a,syn_b9f68294d202797558ba7ce459baff71,FEASIBLE,0.0,1.0,EXPLOITATION,0
public_08,public_08_day_19,19,syn_10f09201189b30c0799374b18e8a5e9a,syn_907e211f9ac8b9aa952628781a837c78,FEASIBLE,0.0,1.0,EXPLOITATION,0
public_08,public_08_day_19,19,syn_c4b5bdc0bc69886ead60e7acbe3682d2,syn_9dc3a5eac3591712b30dae187c9241c9,FEASIBLE,0.0,1.0,EXPLOITATION,0
public_08,public_08_day_19,19,syn_c4b5bdc0bc69886ead60e7acbe3682d2,syn_d6c107c4b905f822d30abe1ad4e37527,FEASIBLE,0.0,1.0,EXPLOITATION,0
public_08,public_08_day_19,19,syn_c4b5bdc0bc69886ead60e7acbe3682d2,syn_c3543a6e4224572bef55ecf655033d60,FEASIBLE,0.0,1.0,EXPLOITATION,0
public_08,public_08_day_19,19,syn_c4b5bdc0bc69886ead60e7acbe3682d2,syn_c37ed3cb30d8a92e348dc5b9d02cf437,FEASIBLE,0.0,1.0,EXPLOITATION,0
public_08,public_08_day_19,19,syn_c4b5bdc0bc69886ead60e7acbe3682d2,syn_12972c7fbbeec3d81a4c4510a6e2aef1,FEASIBLE,0.0,1.0,EXPLORATION,0
public_08,public_08_day_19,19,syn_c4b5bdc0bc69886ead60e7acbe3682d2,syn_8a66ed480ae629f3e5a474726b94ace7,FEASIBLE,0.0,1.0,EXPLOITATION,0
public_08,public_08_day_19,19,syn_9dc3a5eac3591712b30dae187c9241c9,syn_d6c107c4b905f822d30abe1ad4e37527,FEASIBLE,0.0,1.0,EXPLOITATION,0
public_08,public_08_day_19,19,syn_c3543a6e4224572bef55ecf655033d60,syn_8a66ed480ae629f3e5a474726b94ace7,FEASIBLE,0.0,1.0,EXPLOITATION,0
public_08,public_08_day_19,19,syn_c37ed3cb30d8a92e348dc5b9d02cf437,syn_8a66ed480ae629f3e5a474726b94ace7,FEASIBLE,0.0,1.0,EXPLOITATION,0
public_08,public_08_day_19,19,syn_43d18aa30bcadd41bf9573fdb20f40b5,syn_8a66ed480ae629f3e5a474726b94ace7,FEASIBLE,0.0,1.0,EXPLORATION,0
public_08,public_08_day_20,20,syn_b595de4e1e7ac367d2a85ae09da282a9,syn_792d57380c89bfae24709f7ed802d099,FEASIBLE,1.0,1.0,EXPLOITATION,1
public_08,public_08_day_20,20,syn_43d18aa30bcadd41bf9573fdb20f40b5,syn_fceb07e10e27737824dd733b01c50d8e,FEASIBLE,1.0,1.0,EXPLOITATION,1
public_08,public_08_day_20,20,syn_d6c107c4b905f822d30abe1ad4e37527,syn_8a66ed480ae629f3e5a474726b94ace7,FEASIBLE,0.55,1.0,EXPLOITATION,1
public_08,public_08_day_20,20,syn_10f09201189b30c0799374b18e8a5e9a,syn_72c5f776ad35fbed0106ae5b3e02565d,FEASIBLE,0.30000000000000004,1.0,EXPLOITATION,1
public_08,public_08_day_20,20,syn_143c0778852901795c46c1f373c65c3c,syn_c4b5bdc0bc69886ead60e7acbe3682d2,FEASIBLE,0.0,1.0,EXPLOITATION,1
public_08,public_08_day_20,20,syn_23f23d1ae9a94c654773bd477be4937e,syn_91edf82d6d948fc6b9255a86bd065059,FEASIBLE,0.0,1.0,EXPLOITATION,1
public_08,public_08_day_20,20,syn_0c709f8b3259fe59be1b27351ac7d809,syn_ade85ea94873bbf3448c74a619d69d4f,FEASIBLE,0.0,1.0,EXPLORATION,1
public_08,public_08_day_20,20,syn_ae94e39d79018cfbaead4178dfba523a,syn_cb02a4a051bb050189ec710cb46a2e8a,FEASIBLE,0.0,1.0,EXPLOITATION,1
public_08,public_08_day_20,20,syn_c3543a6e4224572bef55ecf655033d60,syn_c37ed3cb30d8a92e348dc5b9d02cf437,FEASIBLE,0.0,1.0,EXPLOITATION,1
public_08,public_08_day_20,20,syn_b9f68294d202797558ba7ce459baff71,syn_907e211f9ac8b9aa952628781a837c78,FEASIBLE,0.0,1.0,EXPLOITATION,1
public_08,public_08_day_20,20,syn_72c5f776ad35fbed0106ae5b3e02565d,syn_fceb07e10e27737824dd733b01c50d8e,FEASIBLE,0.5499999999999999,1.0,EXPLORATION,0
public_08,public_08_day_20,20,syn_fceb07e10e27737824dd733b01c50d8e,syn_907e211f9ac8b9aa952628781a837c78,FEASIBLE,0.25,1.0,EXPLORATION,0
public_08,public_08_day_20,20,syn_23f23d1ae9a94c654773bd477be4937e,syn_c4b5bdc0bc69886ead60e7acbe3682d2,FEASIBLE,0.0,1.0,EXPLOITATION,0
public_08,public_08_day_20,20,syn_23f23d1ae9a94c654773bd477be4937e,syn_c3543a6e4224572bef55ecf655033d60,FEASIBLE,0.0,1.0,EXPLOITATION,0
public_08,public_08_day_20,20,syn_23f23d1ae9a94c654773bd477be4937e,syn_8a66ed480ae629f3e5a474726b94ace7,FEASIBLE,0.0,1.0,EXPLOITATION,0
public_08,public_08_day_20,20,syn_10f09201189b30c0799374b18e8a5e9a,syn_19b40b0a1d97aeea75e5e8d7a463751c,FEASIBLE,0.0,1.0,EXPLORATION,0
public_08,public_08_day_20,20,syn_10f09201189b30c0799374b18e8a5e9a,syn_f2be4aea8706ad1475bf0a6418de1300,FEASIBLE,0.0,1.0,EXPLOITATION,0
public_08,public_08_day_20,20,syn_10f09201189b30c0799374b18e8a5e9a,syn_fceb07e10e27737824dd733b01c50d8e,FEASIBLE,0.0,1.0,EXPLORATION,0
public_08,public_08_day_20,20,syn_10f09201189b30c0799374b18e8a5e9a,syn_b9f68294d202797558ba7ce459baff71,FEASIBLE,0.0,1.0,EXPLOITATION,0
public_08,public_08_day_20,20,syn_10f09201189b30c0799374b18e8a5e9a,syn_907e211f9ac8b9aa952628781a837c78,FEASIBLE,0.0,1.0,EXPLOITATION,0
public_08,public_08_day_20,20,syn_c4b5bdc0bc69886ead60e7acbe3682d2,syn_9dc3a5eac3591712b30dae187c9241c9,FEASIBLE,0.0,1.0,EXPLOITATION,0
public_08,public_08_day_20,20,syn_c4b5bdc0bc69886ead60e7acbe3682d2,syn_d6c107c4b905f822d30abe1ad4e37527,FEASIBLE,0.0,1.0,EXPLOITATION,0
public_08,public_08_day_20,20,syn_c4b5bdc0bc69886ead60e7acbe3682d2,syn_c3543a6e4224572bef55ecf655033d60,FEASIBLE,0.0,1.0,EXPLOITATION,0
public_08,public_08_day_20,20,syn_c4b5bdc0bc69886ead60e7acbe3682d2,syn_c37ed3cb30d8a92e348dc5b9d02cf437,FEASIBLE,0.0,1.0,EXPLOITATION,0
public_08,public_08_day_20,20,syn_c4b5bdc0bc69886ead60e7acbe3682d2,syn_12972c7fbbeec3d81a4c4510a6e2aef1,FEASIBLE,0.0,1.0,EXPLORATION,0
public_08,public_08_day_20,20,syn_c4b5bdc0bc69886ead60e7acbe3682d2,syn_8a66ed480ae629f3e5a474726b94ace7,FEASIBLE,0.0,1.0,EXPLOITATION,0
public_08,public_08_day_20,20,syn_9dc3a5eac3591712b30dae187c9241c9,syn_d6c107c4b905f822d30abe1ad4e37527,FEASIBLE,0.0,1.0,EXPLOITATION,0
public_08,public_08_day_20,20,syn_c3543a6e4224572bef55ecf655033d60,syn_8a66ed480ae629f3e5a474726b94ace7,FEASIBLE,0.0,1.0,EXPLOITATION,0
public_08,public_08_day_20,20,syn_c37ed3cb30d8a92e348dc5b9d02cf437,syn_8a66ed480ae629f3e5a474726b94ace7,FEASIBLE,0.0,1.0,EXPLOITATION,0
public_08,public_08_day_20,20,syn_43d18aa30bcadd41bf9573fdb20f40b5,syn_8a66ed480ae629f3e5a474726b94ace7,FEASIBLE,0.0,1.0,EXPLORATION,0
public_08,public_08_day_21,21,syn_b595de4e1e7ac367d2a85ae09da282a9,syn_792d57380c89bfae24709f7ed802d099,FEASIBLE,1.0,1.0,EXPLOITATION,1
public_08,public_08_day_21,21,syn_43d18aa30bcadd41bf9573fdb20f40b5,syn_fceb07e10e27737824dd733b01c50d8e,FEASIBLE,1.0,1.0,EXPLOITATION,1
public_08,public_08_day_21,21,syn_8a66ed480ae629f3e5a474726b94ace7,syn_c701df12da749db46be838bc30598d3c,FEASIBLE,0.7,1.0,EXPLOITATION,1
public_08,public_08_day_21,21,syn_19b40b0a1d97aeea75e5e8d7a463751c,syn_9d086f92bd9196465b05e7fa7b78cab4,FEASIBLE,0.39999999999999997,1.0,EXPLOITATION,1
public_08,public_08_day_21,21,syn_10f09201189b30c0799374b18e8a5e9a,syn_72c5f776ad35fbed0106ae5b3e02565d,FEASIBLE,0.30000000000000004,1.0,EXPLOITATION,1
public_08,public_08_day_21,21,syn_6b260c3f68402193a6138919aeb018d2,syn_1bf4f770353090b3038dbac5c3073f26,FEASIBLE,0.0,1.0,EXPLOITATION,1
public_08,public_08_day_21,21,syn_68048de1eba321da254e2b084c370e73,syn_ac908e117263d182ba1667043439b10a,FEASIBLE,0.0,1.0,EXPLORATION,1
public_08,public_08_day_21,21,syn_cad6e37bd1d9e0bc49cf018a5f0627bb,syn_7b9bf24e279dde6ac438d28af1182c64,FEASIBLE,0.0,1.0,EXPLOITATION,1
public_08,public_08_day_21,21,syn_23f23d1ae9a94c654773bd477be4937e,syn_91edf82d6d948fc6b9255a86bd065059,FEASIBLE,0.0,1.0,EXPLOITATION,1
public_08,public_08_day_21,21,syn_0c709f8b3259fe59be1b27351ac7d809,syn_ade85ea94873bbf3448c74a619d69d4f,FEASIBLE,0.0,1.0,EXPLOITATION,1
public_08,public_08_day_21,21,syn_ae94e39d79018cfbaead4178dfba523a,syn_cb02a4a051bb050189ec710cb46a2e8a,FEASIBLE,0.0,1.0,EXPLOITATION,1
public_08,public_08_day_21,21,syn_c3543a6e4224572bef55ecf655033d60,syn_c37ed3cb30d8a92e348dc5b9d02cf437,FEASIBLE,0.0,1.0,EXPLOITATION,1
public_08,public_08_day_21,21,syn_b9f68294d202797558ba7ce459baff71,syn_907e211f9ac8b9aa952628781a837c78,FEASIBLE,0.0,1.0,EXPLOITATION,1
public_08,public_08_day_21,21,syn_d6c107c4b905f822d30abe1ad4e37527,syn_8a66ed480ae629f3e5a474726b94ace7,FEASIBLE,0.55,1.0,EXPLOITATION,0
public_08,public_08_day_21,21,syn_10f09201189b30c0799374b18e8a5e9a,syn_c701df12da749db46be838bc30598d3c,FEASIBLE,0.5499999999999999,1.0,EXPLORATION,0
public_08,public_08_day_21,21,syn_72c5f776ad35fbed0106ae5b3e02565d,syn_fceb07e10e27737824dd733b01c50d8e,FEASIBLE,0.5499999999999999,1.0,EXPLORATION,0
public_08,public_08_day_21,21,syn_72c5f776ad35fbed0106ae5b3e02565d,syn_9d086f92bd9196465b05e7fa7b78cab4,FEASIBLE,0.39999999999999997,1.0,EXPLORATION,0
public_08,public_08_day_21,21,syn_fceb07e10e27737824dd733b01c50d8e,syn_9d086f92bd9196465b05e7fa7b78cab4,FEASIBLE,0.39999999999999997,1.0,EXPLOITATION,0
public_08,public_08_day_21,21,syn_fceb07e10e27737824dd733b01c50d8e,syn_907e211f9ac8b9aa952628781a837c78,FEASIBLE,0.25,1.0,EXPLORATION,0
public_08,public_08_day_21,21,syn_907e211f9ac8b9aa952628781a837c78,syn_9d086f92bd9196465b05e7fa7b78cab4,FEASIBLE,0.25,1.0,EXPLOITATION,0
public_08,public_08_day_21,21,syn_dd533ecc841591d3aeb6f406a7584c16,syn_c701df12da749db46be838bc30598d3c,FEASIBLE,0.2,1.0,EXPLOITATION,0
public_08,public_08_day_21,21,syn_c701df12da749db46be838bc30598d3c,syn_9d086f92bd9196465b05e7fa7b78cab4,FEASIBLE,0.15,1.0,EXPLOITATION,0
public_08,public_08_day_21,21,syn_6b260c3f68402193a6138919aeb018d2,syn_8a66ed480ae629f3e5a474726b94ace7,FEASIBLE,0.0,1.0,EXPLOITATION,0
public_08,public_08_day_21,21,syn_6b260c3f68402193a6138919aeb018d2,syn_c701df12da749db46be838bc30598d3c,FEASIBLE,0.0,1.0,EXPLOITATION,0
public_08,public_08_day_21,21,syn_23f23d1ae9a94c654773bd477be4937e,syn_c3543a6e4224572bef55ecf655033d60,FEASIBLE,0.0,1.0,EXPLOITATION,0
public_08,public_08_day_21,21,syn_23f23d1ae9a94c654773bd477be4937e,syn_8a66ed480ae629f3e5a474726b94ace7,FEASIBLE,0.0,1.0,EXPLOITATION,0
public_08,public_08_day_21,21,syn_10f09201189b30c0799374b18e8a5e9a,syn_19b40b0a1d97aeea75e5e8d7a463751c,FEASIBLE,0.0,1.0,EXPLORATION,0
public_08,public_08_day_21,21,syn_10f09201189b30c0799374b18e8a5e9a,syn_f2be4aea8706ad1475bf0a6418de1300,FEASIBLE,0.0,1.0,EXPLOITATION,0
public_08,public_08_day_21,21,syn_10f09201189b30c0799374b18e8a5e9a,syn_fceb07e10e27737824dd733b01c50d8e,FEASIBLE,0.0,1.0,EXPLORATION,0
public_08,public_08_day_21,21,syn_10f09201189b30c0799374b18e8a5e9a,syn_b9f68294d202797558ba7ce459baff71,FEASIBLE,0.0,1.0,EXPLOITATION,0
public_08,public_08_day_21,21,syn_10f09201189b30c0799374b18e8a5e9a,syn_907e211f9ac8b9aa952628781a837c78,FEASIBLE,0.0,1.0,EXPLOITATION,0
public_08,public_08_day_21,21,syn_10f09201189b30c0799374b18e8a5e9a,syn_9d086f92bd9196465b05e7fa7b78cab4,FEASIBLE,0.0,1.0,EXPLORATION,0
public_08,public_08_day_21,21,syn_c3543a6e4224572bef55ecf655033d60,syn_8a66ed480ae629f3e5a474726b94ace7,FEASIBLE,0.0,1.0,EXPLOITATION,0
public_08,public_08_day_21,21,syn_c3543a6e4224572bef55ecf655033d60,syn_ac908e117263d182ba1667043439b10a,FEASIBLE,0.0,1.0,EXPLOITATION,0
public_08,public_08_day_21,21,syn_c37ed3cb30d8a92e348dc5b9d02cf437,syn_8a66ed480ae629f3e5a474726b94ace7,FEASIBLE,0.0,1.0,EXPLOITATION,0
public_08,public_08_day_21,21,syn_c37ed3cb30d8a92e348dc5b9d02cf437,syn_ac908e117263d182ba1667043439b10a,FEASIBLE,0.0,1.0,EXPLOITATION,0
public_08,public_08_day_21,21,syn_43d18aa30bcadd41bf9573fdb20f40b5,syn_8a66ed480ae629f3e5a474726b94ace7,FEASIBLE,0.0,1.0,EXPLORATION,0
public_08,public_08_day_21,21,syn_8a66ed480ae629f3e5a474726b94ace7,syn_ac908e117263d182ba1667043439b10a,FEASIBLE,0.0,1.0,EXPLOITATION,0
public_08,public_08_day_21,21,syn_dd533ecc841591d3aeb6f406a7584c16,syn_ac908e117263d182ba1667043439b10a,FEASIBLE,0.0,1.0,EXPLORATION,0
public_08,public_08_day_21,21,syn_405778e77863457c897b01bb1fbb3ef8,syn_9d086f92bd9196465b05e7fa7b78cab4,FEASIBLE,0.0,1.0,EXPLOITATION,0
public_08,public_08_day_21,21,syn_b9f68294d202797558ba7ce459baff71,syn_9d086f92bd9196465b05e7fa7b78cab4,FEASIBLE,0.0,1.0,EXPLOITATION,0
public_08,public_08_day_22,22,syn_b595de4e1e7ac367d2a85ae09da282a9,syn_792d57380c89bfae24709f7ed802d099,FEASIBLE,1.0,1.0,EXPLOITATION,1
public_08,public_08_day_22,22,syn_43d18aa30bcadd41bf9573fdb20f40b5,syn_fceb07e10e27737824dd733b01c50d8e,FEASIBLE,1.0,1.0,EXPLOITATION,1
public_08,public_08_day_22,22,syn_8a66ed480ae629f3e5a474726b94ace7,syn_c701df12da749db46be838bc30598d3c,FEASIBLE,0.7,1.0,EXPLOITATION,1
public_08,public_08_day_22,22,syn_19b40b0a1d97aeea75e5e8d7a463751c,syn_9d086f92bd9196465b05e7fa7b78cab4,FEASIBLE,0.39999999999999997,1.0,EXPLOITATION,1
public_08,public_08_day_22,22,syn_10f09201189b30c0799374b18e8a5e9a,syn_72c5f776ad35fbed0106ae5b3e02565d,FEASIBLE,0.30000000000000004,1.0,EXPLOITATION,1
public_08,public_08_day_22,22,syn_6b260c3f68402193a6138919aeb018d2,syn_1bf4f770353090b3038dbac5c3073f26,FEASIBLE,0.0,1.0,EXPLOITATION,1
public_08,public_08_day_22,22,syn_cad6e37bd1d9e0bc49cf018a5f0627bb,syn_7b9bf24e279dde6ac438d28af1182c64,FEASIBLE,0.0,1.0,EXPLOITATION,1
public_08,public_08_day_22,22,syn_23f23d1ae9a94c654773bd477be4937e,syn_91edf82d6d948fc6b9255a86bd065059,FEASIBLE,0.0,1.0,EXPLOITATION,1
public_08,public_08_day_22,22,syn_0c709f8b3259fe59be1b27351ac7d809,syn_ade85ea94873bbf3448c74a619d69d4f,FEASIBLE,0.0,1.0,EXPLOITATION,1
public_08,public_08_day_22,22,syn_ae94e39d79018cfbaead4178dfba523a,syn_cb02a4a051bb050189ec710cb46a2e8a,FEASIBLE,0.0,1.0,EXPLOITATION,1
public_08,public_08_day_22,22,syn_aeddb91a9f349c1352ed37589cb6b5f3,syn_9472d5e1967a21205590fcfcdde82aa3,FEASIBLE,0.0,1.0,EXPLOITATION,1
public_08,public_08_day_22,22,syn_b9f68294d202797558ba7ce459baff71,syn_907e211f9ac8b9aa952628781a837c78,FEASIBLE,0.0,1.0,EXPLOITATION,1
public_08,public_08_day_22,22,syn_d6c107c4b905f822d30abe1ad4e37527,syn_8a66ed480ae629f3e5a474726b94ace7,FEASIBLE,0.55,1.0,EXPLOITATION,0
public_08,public_08_day_22,22,syn_10f09201189b30c0799374b18e8a5e9a,syn_c701df12da749db46be838bc30598d3c,FEASIBLE,0.5499999999999999,1.0,EXPLORATION,0
public_08,public_08_day_22,22,syn_72c5f776ad35fbed0106ae5b3e02565d,syn_fceb07e10e27737824dd733b01c50d8e,FEASIBLE,0.5499999999999999,1.0,EXPLORATION,0
public_08,public_08_day_22,22,syn_72c5f776ad35fbed0106ae5b3e02565d,syn_9d086f92bd9196465b05e7fa7b78cab4,FEASIBLE,0.39999999999999997,1.0,EXPLORATION,0
public_08,public_08_day_22,22,syn_fceb07e10e27737824dd733b01c50d8e,syn_9d086f92bd9196465b05e7fa7b78cab4,FEASIBLE,0.39999999999999997,1.0,EXPLOITATION,0
public_08,public_08_day_22,22,syn_fceb07e10e27737824dd733b01c50d8e,syn_907e211f9ac8b9aa952628781a837c78,FEASIBLE,0.25,1.0,EXPLORATION,0
public_08,public_08_day_22,22,syn_907e211f9ac8b9aa952628781a837c78,syn_9d086f92bd9196465b05e7fa7b78cab4,FEASIBLE,0.25,1.0,EXPLOITATION,0
public_08,public_08_day_22,22,syn_dd533ecc841591d3aeb6f406a7584c16,syn_c701df12da749db46be838bc30598d3c,FEASIBLE,0.2,1.0,EXPLOITATION,0
public_08,public_08_day_22,22,syn_c701df12da749db46be838bc30598d3c,syn_9d086f92bd9196465b05e7fa7b78cab4,FEASIBLE,0.15,1.0,EXPLOITATION,0
public_08,public_08_day_22,22,syn_6b260c3f68402193a6138919aeb018d2,syn_8a66ed480ae629f3e5a474726b94ace7,FEASIBLE,0.0,1.0,EXPLOITATION,0
public_08,public_08_day_22,22,syn_6b260c3f68402193a6138919aeb018d2,syn_c701df12da749db46be838bc30598d3c,FEASIBLE,0.0,1.0,EXPLOITATION,0
public_08,public_08_day_22,22,syn_23f23d1ae9a94c654773bd477be4937e,syn_8a66ed480ae629f3e5a474726b94ace7,FEASIBLE,0.0,1.0,EXPLOITATION,0
public_08,public_08_day_22,22,syn_10f09201189b30c0799374b18e8a5e9a,syn_19b40b0a1d97aeea75e5e8d7a463751c,FEASIBLE,0.0,1.0,EXPLORATION,0
public_08,public_08_day_22,22,syn_10f09201189b30c0799374b18e8a5e9a,syn_f2be4aea8706ad1475bf0a6418de1300,FEASIBLE,0.0,1.0,EXPLOITATION,0
public_08,public_08_day_22,22,syn_10f09201189b30c0799374b18e8a5e9a,syn_fceb07e10e27737824dd733b01c50d8e,FEASIBLE,0.0,1.0,EXPLORATION,0
public_08,public_08_day_22,22,syn_10f09201189b30c0799374b18e8a5e9a,syn_b9f68294d202797558ba7ce459baff71,FEASIBLE,0.0,1.0,EXPLOITATION,0
public_08,public_08_day_22,22,syn_10f09201189b30c0799374b18e8a5e9a,syn_907e211f9ac8b9aa952628781a837c78,FEASIBLE,0.0,1.0,EXPLOITATION,0
public_08,public_08_day_22,22,syn_10f09201189b30c0799374b18e8a5e9a,syn_9d086f92bd9196465b05e7fa7b78cab4,FEASIBLE,0.0,1.0,EXPLORATION,0
public_08,public_08_day_22,22,syn_c37ed3cb30d8a92e348dc5b9d02cf437,syn_8a66ed480ae629f3e5a474726b94ace7,FEASIBLE,0.0,1.0,EXPLOITATION,0
public_08,public_08_day_22,22,syn_43d18aa30bcadd41bf9573fdb20f40b5,syn_8a66ed480ae629f3e5a474726b94ace7,FEASIBLE,0.0,1.0,EXPLORATION,0
public_08,public_08_day_22,22,syn_9472d5e1967a21205590fcfcdde82aa3,syn_908fd7f2b642f6ecd61bdb92419c4dd1,FEASIBLE,0.0,1.0,EXPLORATION,0
public_08,public_08_day_22,22,syn_405778e77863457c897b01bb1fbb3ef8,syn_9d086f92bd9196465b05e7fa7b78cab4,FEASIBLE,0.0,1.0,EXPLOITATION,0
public_08,public_08_day_22,22,syn_b9f68294d202797558ba7ce459baff71,syn_9d086f92bd9196465b05e7fa7b78cab4,FEASIBLE,0.0,1.0,EXPLOITATION,0
public_08,public_08_day_23,23,syn_bc3e3dd9e610f359b070f731bb9c367a,syn_845542023752fea3e0a95d952278eabf,FEASIBLE,1.0,1.0,EXPLORATION,1
public_08,public_08_day_23,23,syn_b595de4e1e7ac367d2a85ae09da282a9,syn_792d57380c89bfae24709f7ed802d099,FEASIBLE,1.0,1.0,EXPLOITATION,1
public_08,public_08_day_23,23,syn_43d18aa30bcadd41bf9573fdb20f40b5,syn_fceb07e10e27737824dd733b01c50d8e,FEASIBLE,1.0,1.0,EXPLOITATION,1
public_08,public_08_day_23,23,syn_10f09201189b30c0799374b18e8a5e9a,syn_c701df12da749db46be838bc30598d3c,FEASIBLE,0.5499999999999999,1.0,EXPLORATION,1
public_08,public_08_day_23,23,syn_0c67573b1f57ba2825bf71fc8122d2c9,syn_2f8c459a5b01837c6646f0a205ecd462,FEASIBLE,0.4,1.0,EXPLOITATION,1
public_08,public_08_day_23,23,syn_19b40b0a1d97aeea75e5e8d7a463751c,syn_9d086f92bd9196465b05e7fa7b78cab4,FEASIBLE,0.39999999999999997,1.0,EXPLOITATION,1
public_08,public_08_day_23,23,syn_6b260c3f68402193a6138919aeb018d2,syn_1bf4f770353090b3038dbac5c3073f26,FEASIBLE,0.0,1.0,EXPLOITATION,1
public_08,public_08_day_23,23,syn_cad6e37bd1d9e0bc49cf018a5f0627bb,syn_7b9bf24e279dde6ac438d28af1182c64,FEASIBLE,0.0,1.0,EXPLOITATION,1
public_08,public_08_day_23,23,syn_23f23d1ae9a94c654773bd477be4937e,syn_91edf82d6d948fc6b9255a86bd065059,FEASIBLE,0.0,1.0,EXPLOITATION,1
public_08,public_08_day_23,23,syn_0c709f8b3259fe59be1b27351ac7d809,syn_ade85ea94873bbf3448c74a619d69d4f,FEASIBLE,0.0,1.0,EXPLOITATION,1
public_08,public_08_day_23,23,syn_ae94e39d79018cfbaead4178dfba523a,syn_cb02a4a051bb050189ec710cb46a2e8a,FEASIBLE,0.0,1.0,EXPLOITATION,1
public_08,public_08_day_23,23,syn_cefbb639ff3d2c3772dd590d22f27f85,syn_d1d432a7706d2824dfbd6a790a201ae8,FEASIBLE,0.0,1.0,EXPLOITATION,1
public_08,public_08_day_23,23,syn_aeddb91a9f349c1352ed37589cb6b5f3,syn_9472d5e1967a21205590fcfcdde82aa3,FEASIBLE,0.0,1.0,EXPLOITATION,1
public_08,public_08_day_23,23,syn_b9f68294d202797558ba7ce459baff71,syn_907e211f9ac8b9aa952628781a837c78,FEASIBLE,0.0,1.0,EXPLOITATION,1
public_08,public_08_day_23,23,syn_72c5f776ad35fbed0106ae5b3e02565d,syn_fceb07e10e27737824dd733b01c50d8e,FEASIBLE,0.5499999999999999,1.0,EXPLORATION,0
public_08,public_08_day_23,23,syn_72c5f776ad35fbed0106ae5b3e02565d,syn_9d086f92bd9196465b05e7fa7b78cab4,FEASIBLE,0.39999999999999997,1.0,EXPLORATION,0
public_08,public_08_day_23,23,syn_fceb07e10e27737824dd733b01c50d8e,syn_9d086f92bd9196465b05e7fa7b78cab4,FEASIBLE,0.39999999999999997,1.0,EXPLOITATION,0
public_08,public_08_day_23,23,syn_405778e77863457c897b01bb1fbb3ef8,syn_2f8c459a5b01837c6646f0a205ecd462,FEASIBLE,0.35,1.0,EXPLORATION,0
public_08,public_08_day_23,23,syn_10f09201189b30c0799374b18e8a5e9a,syn_72c5f776ad35fbed0106ae5b3e02565d,FEASIBLE,0.30000000000000004,1.0,EXPLOITATION,0
public_08,public_08_day_23,23,syn_845542023752fea3e0a95d952278eabf,syn_19b40b0a1d97aeea75e5e8d7a463751c,FEASIBLE,0.3,1.0,EXPLORATION,0
public_08,public_08_day_23,23,syn_fceb07e10e27737824dd733b01c50d8e,syn_907e211f9ac8b9aa952628781a837c78,FEASIBLE,0.25,1.0,EXPLORATION,0
public_08,public_08_day_23,23,syn_907e211f9ac8b9aa952628781a837c78,syn_9d086f92bd9196465b05e7fa7b78cab4,FEASIBLE,0.25,1.0,EXPLOITATION,0
public_08,public_08_day_23,23,syn_dd533ecc841591d3aeb6f406a7584c16,syn_c701df12da749db46be838bc30598d3c,FEASIBLE,0.2,1.0,EXPLOITATION,0
public_08,public_08_day_23,23,syn_c701df12da749db46be838bc30598d3c,syn_9d086f92bd9196465b05e7fa7b78cab4,FEASIBLE,0.15,1.0,EXPLOITATION,0
public_08,public_08_day_23,23,syn_19b40b0a1d97aeea75e5e8d7a463751c,syn_2f8c459a5b01837c6646f0a205ecd462,FEASIBLE,0.05,1.0,EXPLORATION,0
public_08,public_08_day_23,23,syn_6b260c3f68402193a6138919aeb018d2,syn_c701df12da749db46be838bc30598d3c,FEASIBLE,0.0,1.0,EXPLOITATION,0
public_08,public_08_day_23,23,syn_bc3e3dd9e610f359b070f731bb9c367a,syn_0c67573b1f57ba2825bf71fc8122d2c9,FEASIBLE,0.0,1.0,EXPLOITATION,0
public_08,public_08_day_23,23,syn_845542023752fea3e0a95d952278eabf,syn_3c07c75bfaca888c574a485e5ca7fce0,FEASIBLE,0.0,1.0,EXPLOITATION,0
public_08,public_08_day_23,23,syn_845542023752fea3e0a95d952278eabf,syn_0c67573b1f57ba2825bf71fc8122d2c9,FEASIBLE,0.0,1.0,EXPLORATION,0
public_08,public_08_day_23,23,syn_3c07c75bfaca888c574a485e5ca7fce0,syn_19b40b0a1d97aeea75e5e8d7a463751c,FEASIBLE,0.0,1.0,EXPLOITATION,0
public_08,public_08_day_23,23,syn_10f09201189b30c0799374b18e8a5e9a,syn_19b40b0a1d97aeea75e5e8d7a463751c,FEASIBLE,0.0,1.0,EXPLORATION,0
public_08,public_08_day_23,23,syn_10f09201189b30c0799374b18e8a5e9a,syn_0c67573b1f57ba2825bf71fc8122d2c9,FEASIBLE,0.0,1.0,EXPLORATION,0
public_08,public_08_day_23,23,syn_10f09201189b30c0799374b18e8a5e9a,syn_f2be4aea8706ad1475bf0a6418de1300,FEASIBLE,0.0,1.0,EXPLOITATION,0
public_08,public_08_day_23,23,syn_10f09201189b30c0799374b18e8a5e9a,syn_fceb07e10e27737824dd733b01c50d8e,FEASIBLE,0.0,1.0,EXPLORATION,0
public_08,public_08_day_23,23,syn_10f09201189b30c0799374b18e8a5e9a,syn_b9f68294d202797558ba7ce459baff71,FEASIBLE,0.0,1.0,EXPLOITATION,0
public_08,public_08_day_23,23,syn_10f09201189b30c0799374b18e8a5e9a,syn_907e211f9ac8b9aa952628781a837c78,FEASIBLE,0.0,1.0,EXPLOITATION,0
public_08,public_08_day_23,23,syn_10f09201189b30c0799374b18e8a5e9a,syn_9d086f92bd9196465b05e7fa7b78cab4,FEASIBLE,0.0,1.0,EXPLORATION,0
public_08,public_08_day_23,23,syn_9472d5e1967a21205590fcfcdde82aa3,syn_908fd7f2b642f6ecd61bdb92419c4dd1,FEASIBLE,0.0,1.0,EXPLORATION,0
public_08,public_08_day_23,23,syn_f2be4aea8706ad1475bf0a6418de1300,syn_2f8c459a5b01837c6646f0a205ecd462,FEASIBLE,0.0,1.0,EXPLORATION,0
public_08,public_08_day_23,23,syn_d1d432a7706d2824dfbd6a790a201ae8,syn_fd09deb8f5da5d48b9d195107582fa8d,FEASIBLE,0.0,1.0,EXPLORATION,0
public_08,public_08_day_23,23,syn_405778e77863457c897b01bb1fbb3ef8,syn_9d086f92bd9196465b05e7fa7b78cab4,FEASIBLE,0.0,1.0,EXPLOITATION,0
public_08,public_08_day_23,23,syn_b9f68294d202797558ba7ce459baff71,syn_9d086f92bd9196465b05e7fa7b78cab4,FEASIBLE,0.0,1.0,EXPLOITATION,0
public_08,public_08_day_24,24,syn_b595de4e1e7ac367d2a85ae09da282a9,syn_792d57380c89bfae24709f7ed802d099,FEASIBLE,1.0,1.0,EXPLOITATION,1
public_08,public_08_day_24,24,syn_b7189cec127fd9b575ec557d09c17ff0,syn_d356f8360333d03ba81e16a8e22b7ca1,FEASIBLE,0.0,1.0,EXPLOITATION,1
public_08,public_08_day_24,24,syn_cad6e37bd1d9e0bc49cf018a5f0627bb,syn_7b9bf24e279dde6ac438d28af1182c64,FEASIBLE,0.0,1.0,EXPLOITATION,1
public_08,public_08_day_24,24,syn_23f23d1ae9a94c654773bd477be4937e,syn_91edf82d6d948fc6b9255a86bd065059,FEASIBLE,0.0,1.0,EXPLOITATION,1
public_08,public_08_day_24,24,syn_0c709f8b3259fe59be1b27351ac7d809,syn_ade85ea94873bbf3448c74a619d69d4f,FEASIBLE,0.0,1.0,EXPLOITATION,1
public_08,public_08_day_24,24,syn_ae94e39d79018cfbaead4178dfba523a,syn_cb02a4a051bb050189ec710cb46a2e8a,FEASIBLE,0.0,1.0,EXPLOITATION,1
public_08,public_08_day_24,24,syn_cefbb639ff3d2c3772dd590d22f27f85,syn_d1d432a7706d2824dfbd6a790a201ae8,FEASIBLE,0.0,1.0,EXPLOITATION,1
public_08,public_08_day_24,24,syn_60baf3acdcffb71d555c54c207f24848,syn_da3823379e36eaf825533774f2a7ccf9,FEASIBLE,0.0,1.0,EXPLOITATION,1
public_08,public_08_day_24,24,syn_aeddb91a9f349c1352ed37589cb6b5f3,syn_9472d5e1967a21205590fcfcdde82aa3,FEASIBLE,0.0,1.0,EXPLOITATION,1
public_08,public_08_day_24,24,syn_b9f68294d202797558ba7ce459baff71,syn_907e211f9ac8b9aa952628781a837c78,FEASIBLE,0.0,1.0,EXPLOITATION,1
public_08,public_08_day_24,24,syn_cad6e37bd1d9e0bc49cf018a5f0627bb,syn_60baf3acdcffb71d555c54c207f24848,FEASIBLE,0.0,1.0,EXPLOITATION,0
public_08,public_08_day_24,24,syn_7b9bf24e279dde6ac438d28af1182c64,syn_60baf3acdcffb71d555c54c207f24848,FEASIBLE,0.0,1.0,EXPLOITATION,0
public_08,public_08_day_24,24,syn_9472d5e1967a21205590fcfcdde82aa3,syn_908fd7f2b642f6ecd61bdb92419c4dd1,FEASIBLE,0.0,1.0,EXPLORATION,0
public_08,public_08_day_24,24,syn_d1d432a7706d2824dfbd6a790a201ae8,syn_fd09deb8f5da5d48b9d195107582fa8d,FEASIBLE,0.0,1.0,EXPLORATION,0
public_08,public_08_day_25,25,syn_b595de4e1e7ac367d2a85ae09da282a9,syn_792d57380c89bfae24709f7ed802d099,FEASIBLE,1.0,1.0,EXPLOITATION,1
public_08,public_08_day_25,25,syn_b7189cec127fd9b575ec557d09c17ff0,syn_d356f8360333d03ba81e16a8e22b7ca1,FEASIBLE,0.0,1.0,EXPLOITATION,1
public_08,public_08_day_25,25,syn_cad6e37bd1d9e0bc49cf018a5f0627bb,syn_7b9bf24e279dde6ac438d28af1182c64,FEASIBLE,0.0,1.0,EXPLOITATION,1
public_08,public_08_day_25,25,syn_23f23d1ae9a94c654773bd477be4937e,syn_91edf82d6d948fc6b9255a86bd065059,FEASIBLE,0.0,1.0,EXPLOITATION,1
public_08,public_08_day_25,25,syn_0c709f8b3259fe59be1b27351ac7d809,syn_ade85ea94873bbf3448c74a619d69d4f,FEASIBLE,0.0,1.0,EXPLOITATION,1
public_08,public_08_day_25,25,syn_ae94e39d79018cfbaead4178dfba523a,syn_cb02a4a051bb050189ec710cb46a2e8a,FEASIBLE,0.0,1.0,EXPLOITATION,1
public_08,public_08_day_25,25,syn_cefbb639ff3d2c3772dd590d22f27f85,syn_d1d432a7706d2824dfbd6a790a201ae8,FEASIBLE,0.0,1.0,EXPLOITATION,1
public_08,public_08_day_25,25,syn_60baf3acdcffb71d555c54c207f24848,syn_da3823379e36eaf825533774f2a7ccf9,FEASIBLE,0.0,1.0,EXPLOITATION,1
public_08,public_08_day_25,25,syn_aeddb91a9f349c1352ed37589cb6b5f3,syn_9472d5e1967a21205590fcfcdde82aa3,FEASIBLE,0.0,1.0,EXPLOITATION,1
public_08,public_08_day_25,25,syn_b9f68294d202797558ba7ce459baff71,syn_907e211f9ac8b9aa952628781a837c78,FEASIBLE,0.0,1.0,EXPLOITATION,1
public_08,public_08_day_25,25,syn_cad6e37bd1d9e0bc49cf018a5f0627bb,syn_60baf3acdcffb71d555c54c207f24848,FEASIBLE,0.0,1.0,EXPLOITATION,0
public_08,public_08_day_25,25,syn_7b9bf24e279dde6ac438d28af1182c64,syn_60baf3acdcffb71d555c54c207f24848,FEASIBLE,0.0,1.0,EXPLOITATION,0
public_08,public_08_day_25,25,syn_9472d5e1967a21205590fcfcdde82aa3,syn_908fd7f2b642f6ecd61bdb92419c4dd1,FEASIBLE,0.0,1.0,EXPLORATION,0
public_08,public_08_day_25,25,syn_d1d432a7706d2824dfbd6a790a201ae8,syn_fd09deb8f5da5d48b9d195107582fa8d,FEASIBLE,0.0,1.0,EXPLORATION,0
public_08,public_08_day_26,26,syn_b595de4e1e7ac367d2a85ae09da282a9,syn_792d57380c89bfae24709f7ed802d099,FEASIBLE,1.0,1.0,EXPLOITATION,1
public_08,public_08_day_26,26,syn_12c7cb677b331024461e39406742da8e,syn_e3ae94c9163f229b06afa29afb5f91e4,FEASIBLE,0.5,1.0,EXPLOITATION,1
public_08,public_08_day_26,26,syn_b7189cec127fd9b575ec557d09c17ff0,syn_d356f8360333d03ba81e16a8e22b7ca1,FEASIBLE,0.0,1.0,EXPLOITATION,1
public_08,public_08_day_26,26,syn_cad6e37bd1d9e0bc49cf018a5f0627bb,syn_7b9bf24e279dde6ac438d28af1182c64,FEASIBLE,0.0,1.0,EXPLOITATION,1
public_08,public_08_day_26,26,syn_23f23d1ae9a94c654773bd477be4937e,syn_91edf82d6d948fc6b9255a86bd065059,FEASIBLE,0.0,1.0,EXPLOITATION,1
public_08,public_08_day_26,26,syn_0c709f8b3259fe59be1b27351ac7d809,syn_ade85ea94873bbf3448c74a619d69d4f,FEASIBLE,0.0,1.0,EXPLOITATION,1
public_08,public_08_day_26,26,syn_ae94e39d79018cfbaead4178dfba523a,syn_cb02a4a051bb050189ec710cb46a2e8a,FEASIBLE,0.0,1.0,EXPLOITATION,1
public_08,public_08_day_26,26,syn_cefbb639ff3d2c3772dd590d22f27f85,syn_d1d432a7706d2824dfbd6a790a201ae8,FEASIBLE,0.0,1.0,EXPLOITATION,1
public_08,public_08_day_26,26,syn_60baf3acdcffb71d555c54c207f24848,syn_da3823379e36eaf825533774f2a7ccf9,FEASIBLE,0.0,1.0,EXPLOITATION,1
public_08,public_08_day_26,26,syn_aeddb91a9f349c1352ed37589cb6b5f3,syn_9472d5e1967a21205590fcfcdde82aa3,FEASIBLE,0.0,1.0,EXPLOITATION,1
public_08,public_08_day_26,26,syn_b9f68294d202797558ba7ce459baff71,syn_907e211f9ac8b9aa952628781a837c78,FEASIBLE,0.0,1.0,EXPLOITATION,1
public_08,public_08_day_26,26,syn_cad6e37bd1d9e0bc49cf018a5f0627bb,syn_60baf3acdcffb71d555c54c207f24848,FEASIBLE,0.0,1.0,EXPLOITATION,0
public_08,public_08_day_26,26,syn_7b9bf24e279dde6ac438d28af1182c64,syn_60baf3acdcffb71d555c54c207f24848,FEASIBLE,0.0,1.0,EXPLOITATION,0
public_08,public_08_day_26,26,syn_9472d5e1967a21205590fcfcdde82aa3,syn_908fd7f2b642f6ecd61bdb92419c4dd1,FEASIBLE,0.0,1.0,EXPLORATION,0
public_08,public_08_day_26,26,syn_d1d432a7706d2824dfbd6a790a201ae8,syn_fd09deb8f5da5d48b9d195107582fa8d,FEASIBLE,0.0,1.0,EXPLORATION,0
public_08,public_08_day_27,27,syn_b595de4e1e7ac367d2a85ae09da282a9,syn_792d57380c89bfae24709f7ed802d099,FEASIBLE,1.0,1.0,EXPLOITATION,1
public_08,public_08_day_27,27,syn_12c7cb677b331024461e39406742da8e,syn_e3ae94c9163f229b06afa29afb5f91e4,FEASIBLE,0.5,1.0,EXPLOITATION,1
public_08,public_08_day_27,27,syn_fceb07e10e27737824dd733b01c50d8e,syn_9d086f92bd9196465b05e7fa7b78cab4,FEASIBLE,0.39999999999999997,1.0,EXPLOITATION,1
public_08,public_08_day_27,27,syn_b7189cec127fd9b575ec557d09c17ff0,syn_d356f8360333d03ba81e16a8e22b7ca1,FEASIBLE,0.0,1.0,EXPLOITATION,1
public_08,public_08_day_27,27,syn_cad6e37bd1d9e0bc49cf018a5f0627bb,syn_7b9bf24e279dde6ac438d28af1182c64,FEASIBLE,0.0,1.0,EXPLOITATION,1
public_08,public_08_day_27,27,syn_23f23d1ae9a94c654773bd477be4937e,syn_91edf82d6d948fc6b9255a86bd065059,FEASIBLE,0.0,1.0,EXPLOITATION,1
public_08,public_08_day_27,27,syn_0c709f8b3259fe59be1b27351ac7d809,syn_ade85ea94873bbf3448c74a619d69d4f,FEASIBLE,0.0,1.0,EXPLOITATION,1
public_08,public_08_day_27,27,syn_ae94e39d79018cfbaead4178dfba523a,syn_cb02a4a051bb050189ec710cb46a2e8a,FEASIBLE,0.0,1.0,EXPLOITATION,1
public_08,public_08_day_27,27,syn_cefbb639ff3d2c3772dd590d22f27f85,syn_d1d432a7706d2824dfbd6a790a201ae8,FEASIBLE,0.0,1.0,EXPLOITATION,1
public_08,public_08_day_27,27,syn_60baf3acdcffb71d555c54c207f24848,syn_da3823379e36eaf825533774f2a7ccf9,FEASIBLE,0.0,1.0,EXPLOITATION,1
public_08,public_08_day_27,27,syn_aeddb91a9f349c1352ed37589cb6b5f3,syn_9472d5e1967a21205590fcfcdde82aa3,FEASIBLE,0.0,1.0,EXPLOITATION,1
public_08,public_08_day_27,27,syn_b9f68294d202797558ba7ce459baff71,syn_907e211f9ac8b9aa952628781a837c78,FEASIBLE,0.0,1.0,EXPLOITATION,1
public_08,public_08_day_27,27,syn_12c7cb677b331024461e39406742da8e,syn_fceb07e10e27737824dd733b01c50d8e,FEASIBLE,0.35,1.0,EXPLOITATION,0
public_08,public_08_day_27,27,syn_fceb07e10e27737824dd733b01c50d8e,syn_907e211f9ac8b9aa952628781a837c78,FEASIBLE,0.25,1.0,EXPLORATION,0
public_08,public_08_day_27,27,syn_907e211f9ac8b9aa952628781a837c78,syn_9d086f92bd9196465b05e7fa7b78cab4,FEASIBLE,0.25,1.0,EXPLOITATION,0
public_08,public_08_day_27,27,syn_cad6e37bd1d9e0bc49cf018a5f0627bb,syn_60baf3acdcffb71d555c54c207f24848,FEASIBLE,0.0,1.0,EXPLOITATION,0
public_08,public_08_day_27,27,syn_7b9bf24e279dde6ac438d28af1182c64,syn_60baf3acdcffb71d555c54c207f24848,FEASIBLE,0.0,1.0,EXPLOITATION,0
public_08,public_08_day_27,27,syn_9472d5e1967a21205590fcfcdde82aa3,syn_908fd7f2b642f6ecd61bdb92419c4dd1,FEASIBLE,0.0,1.0,EXPLORATION,0
public_08,public_08_day_27,27,syn_d1d432a7706d2824dfbd6a790a201ae8,syn_fd09deb8f5da5d48b9d195107582fa8d,FEASIBLE,0.0,1.0,EXPLORATION,0
public_08,public_08_day_27,27,syn_405778e77863457c897b01bb1fbb3ef8,syn_9d086f92bd9196465b05e7fa7b78cab4,FEASIBLE,0.0,1.0,EXPLOITATION,0
public_08,public_08_day_27,27,syn_b9f68294d202797558ba7ce459baff71,syn_9d086f92bd9196465b05e7fa7b78cab4,FEASIBLE,0.0,1.0,EXPLOITATION,0
public_08,public_08_day_28,28,syn_b595de4e1e7ac367d2a85ae09da282a9,syn_792d57380c89bfae24709f7ed802d099,FEASIBLE,1.0,1.0,EXPLOITATION,1
public_08,public_08_day_28,28,syn_12c7cb677b331024461e39406742da8e,syn_e3ae94c9163f229b06afa29afb5f91e4,FEASIBLE,0.5,1.0,EXPLOITATION,1
public_08,public_08_day_28,28,syn_fceb07e10e27737824dd733b01c50d8e,syn_9d086f92bd9196465b05e7fa7b78cab4,FEASIBLE,0.39999999999999997,1.0,EXPLOITATION,1
public_08,public_08_day_28,28,syn_dd533ecc841591d3aeb6f406a7584c16,syn_c701df12da749db46be838bc30598d3c,FEASIBLE,0.2,1.0,EXPLOITATION,1
public_08,public_08_day_28,28,syn_b7189cec127fd9b575ec557d09c17ff0,syn_d356f8360333d03ba81e16a8e22b7ca1,FEASIBLE,0.0,1.0,EXPLOITATION,1
public_08,public_08_day_28,28,syn_6b260c3f68402193a6138919aeb018d2,syn_1bf4f770353090b3038dbac5c3073f26,FEASIBLE,0.0,1.0,EXPLOITATION,1
public_08,public_08_day_28,28,syn_cad6e37bd1d9e0bc49cf018a5f0627bb,syn_7b9bf24e279dde6ac438d28af1182c64,FEASIBLE,0.0,1.0,EXPLOITATION,1
public_08,public_08_day_28,28,syn_23f23d1ae9a94c654773bd477be4937e,syn_91edf82d6d948fc6b9255a86bd065059,FEASIBLE,0.0,1.0,EXPLOITATION,1
public_08,public_08_day_28,28,syn_0c709f8b3259fe59be1b27351ac7d809,syn_ade85ea94873bbf3448c74a619d69d4f,FEASIBLE,0.0,1.0,EXPLOITATION,1
public_08,public_08_day_28,28,syn_ae94e39d79018cfbaead4178dfba523a,syn_cb02a4a051bb050189ec710cb46a2e8a,FEASIBLE,0.0,1.0,EXPLOITATION,1
public_08,public_08_day_28,28,syn_cefbb639ff3d2c3772dd590d22f27f85,syn_d1d432a7706d2824dfbd6a790a201ae8,FEASIBLE,0.0,1.0,EXPLOITATION,1
public_08,public_08_day_28,28,syn_60baf3acdcffb71d555c54c207f24848,syn_da3823379e36eaf825533774f2a7ccf9,FEASIBLE,0.0,1.0,EXPLOITATION,1
public_08,public_08_day_28,28,syn_aeddb91a9f349c1352ed37589cb6b5f3,syn_9472d5e1967a21205590fcfcdde82aa3,FEASIBLE,0.0,1.0,EXPLOITATION,1
public_08,public_08_day_28,28,syn_b9f68294d202797558ba7ce459baff71,syn_907e211f9ac8b9aa952628781a837c78,FEASIBLE,0.0,1.0,EXPLOITATION,1
public_08,public_08_day_28,28,syn_12c7cb677b331024461e39406742da8e,syn_fceb07e10e27737824dd733b01c50d8e,FEASIBLE,0.35,1.0,EXPLOITATION,0
public_08,public_08_day_28,28,syn_fceb07e10e27737824dd733b01c50d8e,syn_907e211f9ac8b9aa952628781a837c78,FEASIBLE,0.25,1.0,EXPLORATION,0
public_08,public_08_day_28,28,syn_907e211f9ac8b9aa952628781a837c78,syn_9d086f92bd9196465b05e7fa7b78cab4,FEASIBLE,0.25,1.0,EXPLOITATION,0
public_08,public_08_day_28,28,syn_c701df12da749db46be838bc30598d3c,syn_9d086f92bd9196465b05e7fa7b78cab4,FEASIBLE,0.15,1.0,EXPLOITATION,0
public_08,public_08_day_28,28,syn_6b260c3f68402193a6138919aeb018d2,syn_c701df12da749db46be838bc30598d3c,FEASIBLE,0.0,1.0,EXPLOITATION,0
public_08,public_08_day_28,28,syn_cad6e37bd1d9e0bc49cf018a5f0627bb,syn_60baf3acdcffb71d555c54c207f24848,FEASIBLE,0.0,1.0,EXPLOITATION,0
public_08,public_08_day_28,28,syn_7b9bf24e279dde6ac438d28af1182c64,syn_60baf3acdcffb71d555c54c207f24848,FEASIBLE,0.0,1.0,EXPLOITATION,0
public_08,public_08_day_28,28,syn_9472d5e1967a21205590fcfcdde82aa3,syn_908fd7f2b642f6ecd61bdb92419c4dd1,FEASIBLE,0.0,1.0,EXPLORATION,0
public_08,public_08_day_28,28,syn_d1d432a7706d2824dfbd6a790a201ae8,syn_fd09deb8f5da5d48b9d195107582fa8d,FEASIBLE,0.0,1.0,EXPLORATION,0
public_08,public_08_day_28,28,syn_405778e77863457c897b01bb1fbb3ef8,syn_9d086f92bd9196465b05e7fa7b78cab4,FEASIBLE,0.0,1.0,EXPLOITATION,0
public_08,public_08_day_28,28,syn_b9f68294d202797558ba7ce459baff71,syn_9d086f92bd9196465b05e7fa7b78cab4,FEASIBLE,0.0,1.0,EXPLOITATION,0
public_08,public_08_day_29,29,syn_b595de4e1e7ac367d2a85ae09da282a9,syn_792d57380c89bfae24709f7ed802d099,FEASIBLE,1.0,1.0,EXPLOITATION,1
public_08,public_08_day_29,29,syn_43d18aa30bcadd41bf9573fdb20f40b5,syn_fceb07e10e27737824dd733b01c50d8e,FEASIBLE,1.0,1.0,EXPLOITATION,1
public_08,public_08_day_29,29,syn_12c7cb677b331024461e39406742da8e,syn_e3ae94c9163f229b06afa29afb5f91e4,FEASIBLE,0.5,1.0,EXPLOITATION,1
public_08,public_08_day_29,29,syn_907e211f9ac8b9aa952628781a837c78,syn_9d086f92bd9196465b05e7fa7b78cab4,FEASIBLE,0.25,1.0,EXPLOITATION,1
public_08,public_08_day_29,29,syn_dd533ecc841591d3aeb6f406a7584c16,syn_c701df12da749db46be838bc30598d3c,FEASIBLE,0.2,1.0,EXPLOITATION,1
public_08,public_08_day_29,29,syn_b7189cec127fd9b575ec557d09c17ff0,syn_d356f8360333d03ba81e16a8e22b7ca1,FEASIBLE,0.0,1.0,EXPLOITATION,1
public_08,public_08_day_29,29,syn_6b260c3f68402193a6138919aeb018d2,syn_1bf4f770353090b3038dbac5c3073f26,FEASIBLE,0.0,1.0,EXPLOITATION,1
public_08,public_08_day_29,29,syn_cad6e37bd1d9e0bc49cf018a5f0627bb,syn_7b9bf24e279dde6ac438d28af1182c64,FEASIBLE,0.0,1.0,EXPLOITATION,1
public_08,public_08_day_29,29,syn_23f23d1ae9a94c654773bd477be4937e,syn_91edf82d6d948fc6b9255a86bd065059,FEASIBLE,0.0,1.0,EXPLOITATION,1
public_08,public_08_day_29,29,syn_0c709f8b3259fe59be1b27351ac7d809,syn_ade85ea94873bbf3448c74a619d69d4f,FEASIBLE,0.0,1.0,EXPLOITATION,1
public_08,public_08_day_29,29,syn_ae94e39d79018cfbaead4178dfba523a,syn_cb02a4a051bb050189ec710cb46a2e8a,FEASIBLE,0.0,1.0,EXPLOITATION,1
public_08,public_08_day_29,29,syn_cefbb639ff3d2c3772dd590d22f27f85,syn_d1d432a7706d2824dfbd6a790a201ae8,FEASIBLE,0.0,1.0,EXPLOITATION,1
public_08,public_08_day_29,29,syn_60baf3acdcffb71d555c54c207f24848,syn_da3823379e36eaf825533774f2a7ccf9,FEASIBLE,0.0,1.0,EXPLOITATION,1
public_08,public_08_day_29,29,syn_aeddb91a9f349c1352ed37589cb6b5f3,syn_9472d5e1967a21205590fcfcdde82aa3,FEASIBLE,0.0,1.0,EXPLOITATION,1
public_08,public_08_day_29,29,syn_fceb07e10e27737824dd733b01c50d8e,syn_9d086f92bd9196465b05e7fa7b78cab4,FEASIBLE,0.39999999999999997,1.0,EXPLOITATION,0
public_08,public_08_day_29,29,syn_12c7cb677b331024461e39406742da8e,syn_fceb07e10e27737824dd733b01c50d8e,FEASIBLE,0.35,1.0,EXPLOITATION,0
public_08,public_08_day_29,29,syn_fceb07e10e27737824dd733b01c50d8e,syn_907e211f9ac8b9aa952628781a837c78,FEASIBLE,0.25,1.0,EXPLORATION,0
public_08,public_08_day_29,29,syn_c701df12da749db46be838bc30598d3c,syn_9d086f92bd9196465b05e7fa7b78cab4,FEASIBLE,0.15,1.0,EXPLOITATION,0
public_08,public_08_day_29,29,syn_6b260c3f68402193a6138919aeb018d2,syn_c701df12da749db46be838bc30598d3c,FEASIBLE,0.0,1.0,EXPLOITATION,0
public_08,public_08_day_29,29,syn_cad6e37bd1d9e0bc49cf018a5f0627bb,syn_60baf3acdcffb71d555c54c207f24848,FEASIBLE,0.0,1.0,EXPLOITATION,0
public_08,public_08_day_29,29,syn_7b9bf24e279dde6ac438d28af1182c64,syn_60baf3acdcffb71d555c54c207f24848,FEASIBLE,0.0,1.0,EXPLOITATION,0
public_08,public_08_day_29,29,syn_e3c0da5b3c5546e3da1f4ab3ef45696b,syn_12c7cb677b331024461e39406742da8e,FEASIBLE,0.0,1.0,EXPLOITATION,0
public_08,public_08_day_29,29,syn_e3c0da5b3c5546e3da1f4ab3ef45696b,syn_43d18aa30bcadd41bf9573fdb20f40b5,FEASIBLE,0.0,1.0,EXPLORATION,0
public_08,public_08_day_29,29,syn_e3c0da5b3c5546e3da1f4ab3ef45696b,syn_fceb07e10e27737824dd733b01c50d8e,FEASIBLE,0.0,1.0,EXPLOITATION,0
public_08,public_08_day_29,29,syn_e3c0da5b3c5546e3da1f4ab3ef45696b,syn_c701df12da749db46be838bc30598d3c,FEASIBLE,0.0,1.0,EXPLOITATION,0
public_08,public_08_day_29,29,syn_e3c0da5b3c5546e3da1f4ab3ef45696b,syn_9d086f92bd9196465b05e7fa7b78cab4,FEASIBLE,0.0,1.0,EXPLOITATION,0
public_08,public_08_day_29,29,syn_9472d5e1967a21205590fcfcdde82aa3,syn_908fd7f2b642f6ecd61bdb92419c4dd1,FEASIBLE,0.0,1.0,EXPLORATION,0
public_08,public_08_day_29,29,syn_d1d432a7706d2824dfbd6a790a201ae8,syn_fd09deb8f5da5d48b9d195107582fa8d,FEASIBLE,0.0,1.0,EXPLORATION,0
public_08,public_08_day_29,29,syn_405778e77863457c897b01bb1fbb3ef8,syn_9d086f92bd9196465b05e7fa7b78cab4,FEASIBLE,0.0,1.0,EXPLOITATION,0
public_08,public_08_day_29,29,syn_b9f68294d202797558ba7ce459baff71,syn_907e211f9ac8b9aa952628781a837c78,FEASIBLE,0.0,1.0,EXPLOITATION,0
public_08,public_08_day_29,29,syn_b9f68294d202797558ba7ce459baff71,syn_9d086f92bd9196465b05e7fa7b78cab4,FEASIBLE,0.0,1.0,EXPLOITATION,0
public_08,public_08_day_30,30,syn_b595de4e1e7ac367d2a85ae09da282a9,syn_792d57380c89bfae24709f7ed802d099,FEASIBLE,1.0,1.0,EXPLOITATION,1
public_08,public_08_day_30,30,syn_43d18aa30bcadd41bf9573fdb20f40b5,syn_fceb07e10e27737824dd733b01c50d8e,FEASIBLE,1.0,1.0,EXPLOITATION,1
public_08,public_08_day_30,30,syn_12c7cb677b331024461e39406742da8e,syn_e3ae94c9163f229b06afa29afb5f91e4,FEASIBLE,0.5,1.0,EXPLOITATION,1
public_08,public_08_day_30,30,syn_907e211f9ac8b9aa952628781a837c78,syn_9d086f92bd9196465b05e7fa7b78cab4,FEASIBLE,0.25,1.0,EXPLOITATION,1
public_08,public_08_day_30,30,syn_dd533ecc841591d3aeb6f406a7584c16,syn_c701df12da749db46be838bc30598d3c,FEASIBLE,0.2,1.0,EXPLOITATION,1
public_08,public_08_day_30,30,syn_b7189cec127fd9b575ec557d09c17ff0,syn_d356f8360333d03ba81e16a8e22b7ca1,FEASIBLE,0.0,1.0,EXPLOITATION,1
public_08,public_08_day_30,30,syn_6b260c3f68402193a6138919aeb018d2,syn_1bf4f770353090b3038dbac5c3073f26,FEASIBLE,0.0,1.0,EXPLOITATION,1
public_08,public_08_day_30,30,syn_cad6e37bd1d9e0bc49cf018a5f0627bb,syn_7b9bf24e279dde6ac438d28af1182c64,FEASIBLE,0.0,1.0,EXPLOITATION,1
public_08,public_08_day_30,30,syn_23f23d1ae9a94c654773bd477be4937e,syn_91edf82d6d948fc6b9255a86bd065059,FEASIBLE,0.0,1.0,EXPLOITATION,1
public_08,public_08_day_30,30,syn_0c709f8b3259fe59be1b27351ac7d809,syn_ade85ea94873bbf3448c74a619d69d4f,FEASIBLE,0.0,1.0,EXPLOITATION,1
public_08,public_08_day_30,30,syn_ae94e39d79018cfbaead4178dfba523a,syn_cb02a4a051bb050189ec710cb46a2e8a,FEASIBLE,0.0,1.0,EXPLOITATION,1
public_08,public_08_day_30,30,syn_cefbb639ff3d2c3772dd590d22f27f85,syn_d1d432a7706d2824dfbd6a790a201ae8,FEASIBLE,0.0,1.0,EXPLOITATION,1
public_08,public_08_day_30,30,syn_60baf3acdcffb71d555c54c207f24848,syn_da3823379e36eaf825533774f2a7ccf9,FEASIBLE,0.0,1.0,EXPLOITATION,1
public_08,public_08_day_30,30,syn_aeddb91a9f349c1352ed37589cb6b5f3,syn_9472d5e1967a21205590fcfcdde82aa3,FEASIBLE,0.0,1.0,EXPLOITATION,1
public_08,public_08_day_30,30,syn_fceb07e10e27737824dd733b01c50d8e,syn_9d086f92bd9196465b05e7fa7b78cab4,FEASIBLE,0.39999999999999997,1.0,EXPLOITATION,0
public_08,public_08_day_30,30,syn_12c7cb677b331024461e39406742da8e,syn_fceb07e10e27737824dd733b01c50d8e,FEASIBLE,0.35,1.0,EXPLOITATION,0
public_08,public_08_day_30,30,syn_fceb07e10e27737824dd733b01c50d8e,syn_907e211f9ac8b9aa952628781a837c78,FEASIBLE,0.25,1.0,EXPLORATION,0
public_08,public_08_day_30,30,syn_c701df12da749db46be838bc30598d3c,syn_9d086f92bd9196465b05e7fa7b78cab4,FEASIBLE,0.15,1.0,EXPLOITATION,0
public_08,public_08_day_30,30,syn_6b260c3f68402193a6138919aeb018d2,syn_c701df12da749db46be838bc30598d3c,FEASIBLE,0.0,1.0,EXPLOITATION,0
public_08,public_08_day_30,30,syn_cad6e37bd1d9e0bc49cf018a5f0627bb,syn_60baf3acdcffb71d555c54c207f24848,FEASIBLE,0.0,1.0,EXPLOITATION,0
public_08,public_08_day_30,30,syn_7b9bf24e279dde6ac438d28af1182c64,syn_60baf3acdcffb71d555c54c207f24848,FEASIBLE,0.0,1.0,EXPLOITATION,0
public_08,public_08_day_30,30,syn_e3c0da5b3c5546e3da1f4ab3ef45696b,syn_12c7cb677b331024461e39406742da8e,FEASIBLE,0.0,1.0,EXPLOITATION,0
public_08,public_08_day_30,30,syn_e3c0da5b3c5546e3da1f4ab3ef45696b,syn_43d18aa30bcadd41bf9573fdb20f40b5,FEASIBLE,0.0,1.0,EXPLORATION,0
public_08,public_08_day_30,30,syn_e3c0da5b3c5546e3da1f4ab3ef45696b,syn_fceb07e10e27737824dd733b01c50d8e,FEASIBLE,0.0,1.0,EXPLOITATION,0
public_08,public_08_day_30,30,syn_e3c0da5b3c5546e3da1f4ab3ef45696b,syn_c701df12da749db46be838bc30598d3c,FEASIBLE,0.0,1.0,EXPLOITATION,0
public_08,public_08_day_30,30,syn_e3c0da5b3c5546e3da1f4ab3ef45696b,syn_9d086f92bd9196465b05e7fa7b78cab4,FEASIBLE,0.0,1.0,EXPLOITATION,0
public_08,public_08_day_30,30,syn_9472d5e1967a21205590fcfcdde82aa3,syn_908fd7f2b642f6ecd61bdb92419c4dd1,FEASIBLE,0.0,1.0,EXPLORATION,0
public_08,public_08_day_30,30,syn_d1d432a7706d2824dfbd6a790a201ae8,syn_fd09deb8f5da5d48b9d195107582fa8d,FEASIBLE,0.0,1.0,EXPLORATION,0
public_08,public_08_day_30,30,syn_405778e77863457c897b01bb1fbb3ef8,syn_9d086f92bd9196465b05e7fa7b78cab4,FEASIBLE,0.0,1.0,EXPLOITATION,0
public_08,public_08_day_30,30,syn_b9f68294d202797558ba7ce459baff71,syn_907e211f9ac8b9aa952628781a837c78,FEASIBLE,0.0,1.0,EXPLOITATION,0
public_08,public_08_day_30,30,syn_b9f68294d202797558ba7ce459baff71,syn_9d086f92bd9196465b05e7fa7b78cab4,FEASIBLE,0.0,1.0,EXPLOITATION,0
public_08,public_08_day_31,31,syn_b595de4e1e7ac367d2a85ae09da282a9,syn_792d57380c89bfae24709f7ed802d099,FEASIBLE,1.0,1.0,EXPLOITATION,1
public_08,public_08_day_31,31,syn_43d18aa30bcadd41bf9573fdb20f40b5,syn_fceb07e10e27737824dd733b01c50d8e,FEASIBLE,1.0,1.0,EXPLOITATION,1
public_08,public_08_day_31,31,syn_8a66ed480ae629f3e5a474726b94ace7,syn_c701df12da749db46be838bc30598d3c,FEASIBLE,0.7,1.0,EXPLOITATION,1
public_08,public_08_day_31,31,syn_12c7cb677b331024461e39406742da8e,syn_e3ae94c9163f229b06afa29afb5f91e4,FEASIBLE,0.5,1.0,EXPLOITATION,1
public_08,public_08_day_31,31,syn_907e211f9ac8b9aa952628781a837c78,syn_9d086f92bd9196465b05e7fa7b78cab4,FEASIBLE,0.25,1.0,EXPLOITATION,1
public_08,public_08_day_31,31,syn_b7189cec127fd9b575ec557d09c17ff0,syn_d356f8360333d03ba81e16a8e22b7ca1,FEASIBLE,0.0,1.0,EXPLOITATION,1
public_08,public_08_day_31,31,syn_6b260c3f68402193a6138919aeb018d2,syn_1bf4f770353090b3038dbac5c3073f26,FEASIBLE,0.0,1.0,EXPLOITATION,1
public_08,public_08_day_31,31,syn_cad6e37bd1d9e0bc49cf018a5f0627bb,syn_7b9bf24e279dde6ac438d28af1182c64,FEASIBLE,0.0,1.0,EXPLOITATION,1
public_08,public_08_day_31,31,syn_23f23d1ae9a94c654773bd477be4937e,syn_91edf82d6d948fc6b9255a86bd065059,FEASIBLE,0.0,1.0,EXPLOITATION,1
public_08,public_08_day_31,31,syn_0c709f8b3259fe59be1b27351ac7d809,syn_ade85ea94873bbf3448c74a619d69d4f,FEASIBLE,0.0,1.0,EXPLOITATION,1
public_08,public_08_day_31,31,syn_ae94e39d79018cfbaead4178dfba523a,syn_cb02a4a051bb050189ec710cb46a2e8a,FEASIBLE,0.0,1.0,EXPLOITATION,1
public_08,public_08_day_31,31,syn_cefbb639ff3d2c3772dd590d22f27f85,syn_d1d432a7706d2824dfbd6a790a201ae8,FEASIBLE,0.0,1.0,EXPLOITATION,1
public_08,public_08_day_31,31,syn_60baf3acdcffb71d555c54c207f24848,syn_da3823379e36eaf825533774f2a7ccf9,FEASIBLE,0.0,1.0,EXPLOITATION,1
public_08,public_08_day_31,31,syn_aeddb91a9f349c1352ed37589cb6b5f3,syn_9472d5e1967a21205590fcfcdde82aa3,FEASIBLE,0.0,1.0,EXPLOITATION,1
public_08,public_08_day_31,31,syn_d6c107c4b905f822d30abe1ad4e37527,syn_8a66ed480ae629f3e5a474726b94ace7,FEASIBLE,0.55,1.0,EXPLOITATION,0
public_08,public_08_day_31,31,syn_fceb07e10e27737824dd733b01c50d8e,syn_9d086f92bd9196465b05e7fa7b78cab4,FEASIBLE,0.39999999999999997,1.0,EXPLOITATION,0
public_08,public_08_day_31,31,syn_12c7cb677b331024461e39406742da8e,syn_fceb07e10e27737824dd733b01c50d8e,FEASIBLE,0.35,1.0,EXPLOITATION,0
public_08,public_08_day_31,31,syn_fceb07e10e27737824dd733b01c50d8e,syn_907e211f9ac8b9aa952628781a837c78,FEASIBLE,0.25,1.0,EXPLORATION,0
public_08,public_08_day_31,31,syn_dd533ecc841591d3aeb6f406a7584c16,syn_c701df12da749db46be838bc30598d3c,FEASIBLE,0.2,1.0,EXPLOITATION,0
public_08,public_08_day_31,31,syn_c701df12da749db46be838bc30598d3c,syn_9d086f92bd9196465b05e7fa7b78cab4,FEASIBLE,0.15,1.0,EXPLOITATION,0
public_08,public_08_day_31,31,syn_6b260c3f68402193a6138919aeb018d2,syn_8a66ed480ae629f3e5a474726b94ace7,FEASIBLE,0.0,1.0,EXPLOITATION,0
public_08,public_08_day_31,31,syn_6b260c3f68402193a6138919aeb018d2,syn_c701df12da749db46be838bc30598d3c,FEASIBLE,0.0,1.0,EXPLOITATION,0
public_08,public_08_day_31,31,syn_cad6e37bd1d9e0bc49cf018a5f0627bb,syn_60baf3acdcffb71d555c54c207f24848,FEASIBLE,0.0,1.0,EXPLOITATION,0
public_08,public_08_day_31,31,syn_23f23d1ae9a94c654773bd477be4937e,syn_8a66ed480ae629f3e5a474726b94ace7,FEASIBLE,0.0,1.0,EXPLOITATION,0
public_08,public_08_day_31,31,syn_7b9bf24e279dde6ac438d28af1182c64,syn_60baf3acdcffb71d555c54c207f24848,FEASIBLE,0.0,1.0,EXPLOITATION,0
public_08,public_08_day_31,31,syn_e3c0da5b3c5546e3da1f4ab3ef45696b,syn_12c7cb677b331024461e39406742da8e,FEASIBLE,0.0,1.0,EXPLOITATION,0
public_08,public_08_day_31,31,syn_e3c0da5b3c5546e3da1f4ab3ef45696b,syn_43d18aa30bcadd41bf9573fdb20f40b5,FEASIBLE,0.0,1.0,EXPLORATION,0
public_08,public_08_day_31,31,syn_e3c0da5b3c5546e3da1f4ab3ef45696b,syn_fceb07e10e27737824dd733b01c50d8e,FEASIBLE,0.0,1.0,EXPLOITATION,0
public_08,public_08_day_31,31,syn_e3c0da5b3c5546e3da1f4ab3ef45696b,syn_c701df12da749db46be838bc30598d3c,FEASIBLE,0.0,1.0,EXPLOITATION,0
public_08,public_08_day_31,31,syn_e3c0da5b3c5546e3da1f4ab3ef45696b,syn_9d086f92bd9196465b05e7fa7b78cab4,FEASIBLE,0.0,1.0,EXPLOITATION,0
public_08,public_08_day_31,31,syn_c37ed3cb30d8a92e348dc5b9d02cf437,syn_8a66ed480ae629f3e5a474726b94ace7,FEASIBLE,0.0,1.0,EXPLOITATION,0
public_08,public_08_day_31,31,syn_43d18aa30bcadd41bf9573fdb20f40b5,syn_8a66ed480ae629f3e5a474726b94ace7,FEASIBLE,0.0,1.0,EXPLORATION,0
public_08,public_08_day_31,31,syn_9472d5e1967a21205590fcfcdde82aa3,syn_908fd7f2b642f6ecd61bdb92419c4dd1,FEASIBLE,0.0,1.0,EXPLORATION,0
public_08,public_08_day_31,31,syn_d1d432a7706d2824dfbd6a790a201ae8,syn_fd09deb8f5da5d48b9d195107582fa8d,FEASIBLE,0.0,1.0,EXPLORATION,0
public_08,public_08_day_31,31,syn_405778e77863457c897b01bb1fbb3ef8,syn_9d086f92bd9196465b05e7fa7b78cab4,FEASIBLE,0.0,1.0,EXPLOITATION,0
public_08,public_08_day_31,31,syn_b9f68294d202797558ba7ce459baff71,syn_907e211f9ac8b9aa952628781a837c78,FEASIBLE,0.0,1.0,EXPLOITATION,0
public_08,public_08_day_31,31,syn_b9f68294d202797558ba7ce459baff71,syn_9d086f92bd9196465b05e7fa7b78cab4,FEASIBLE,0.0,1.0,EXPLOITATION,0
public_08,public_08_day_33,33,syn_bc3e3dd9e610f359b070f731bb9c367a,syn_845542023752fea3e0a95d952278eabf,FEASIBLE,1.0,1.0,EXPLOITATION,1
public_08,public_08_day_33,33,syn_b595de4e1e7ac367d2a85ae09da282a9,syn_792d57380c89bfae24709f7ed802d099,FEASIBLE,1.0,1.0,EXPLOITATION,1
public_08,public_08_day_33,33,syn_43d18aa30bcadd41bf9573fdb20f40b5,syn_fceb07e10e27737824dd733b01c50d8e,FEASIBLE,1.0,1.0,EXPLOITATION,1
public_08,public_08_day_33,33,syn_8a66ed480ae629f3e5a474726b94ace7,syn_c701df12da749db46be838bc30598d3c,FEASIBLE,0.7,1.0,EXPLOITATION,1
public_08,public_08_day_33,33,syn_12c7cb677b331024461e39406742da8e,syn_e3ae94c9163f229b06afa29afb5f91e4,FEASIBLE,0.5,1.0,EXPLOITATION,1
public_08,public_08_day_33,33,syn_0c67573b1f57ba2825bf71fc8122d2c9,syn_2f8c459a5b01837c6646f0a205ecd462,FEASIBLE,0.4,1.0,EXPLOITATION,1
public_08,public_08_day_33,33,syn_19b40b0a1d97aeea75e5e8d7a463751c,syn_9d086f92bd9196465b05e7fa7b78cab4,FEASIBLE,0.39999999999999997,1.0,EXPLOITATION,1
public_08,public_08_day_33,33,syn_10f09201189b30c0799374b18e8a5e9a,syn_72c5f776ad35fbed0106ae5b3e02565d,FEASIBLE,0.30000000000000004,1.0,EXPLOITATION,1
public_08,public_08_day_33,33,syn_b7189cec127fd9b575ec557d09c17ff0,syn_d356f8360333d03ba81e16a8e22b7ca1,FEASIBLE,0.0,1.0,EXPLOITATION,1
public_08,public_08_day_33,33,syn_6b260c3f68402193a6138919aeb018d2,syn_1bf4f770353090b3038dbac5c3073f26,FEASIBLE,0.0,1.0,EXPLOITATION,1
public_08,public_08_day_33,33,syn_cad6e37bd1d9e0bc49cf018a5f0627bb,syn_7b9bf24e279dde6ac438d28af1182c64,FEASIBLE,0.0,1.0,EXPLOITATION,1
public_08,public_08_day_33,33,syn_23f23d1ae9a94c654773bd477be4937e,syn_91edf82d6d948fc6b9255a86bd065059,FEASIBLE,0.0,1.0,EXPLOITATION,1
public_08,public_08_day_33,33,syn_0c709f8b3259fe59be1b27351ac7d809,syn_ade85ea94873bbf3448c74a619d69d4f,FEASIBLE,0.0,1.0,EXPLOITATION,1
public_08,public_08_day_33,33,syn_ae94e39d79018cfbaead4178dfba523a,syn_cb02a4a051bb050189ec710cb46a2e8a,FEASIBLE,0.0,1.0,EXPLOITATION,1
public_08,public_08_day_33,33,syn_cefbb639ff3d2c3772dd590d22f27f85,syn_d1d432a7706d2824dfbd6a790a201ae8,FEASIBLE,0.0,1.0,EXPLOITATION,1
public_08,public_08_day_33,33,syn_60baf3acdcffb71d555c54c207f24848,syn_da3823379e36eaf825533774f2a7ccf9,FEASIBLE,0.0,1.0,EXPLOITATION,1
public_08,public_08_day_33,33,syn_aeddb91a9f349c1352ed37589cb6b5f3,syn_9472d5e1967a21205590fcfcdde82aa3,FEASIBLE,0.0,1.0,EXPLOITATION,1
public_08,public_08_day_33,33,syn_b9f68294d202797558ba7ce459baff71,syn_907e211f9ac8b9aa952628781a837c78,FEASIBLE,0.0,1.0,EXPLOITATION,1
public_08,public_08_day_33,33,syn_d6c107c4b905f822d30abe1ad4e37527,syn_8a66ed480ae629f3e5a474726b94ace7,FEASIBLE,0.55,1.0,EXPLOITATION,0
public_08,public_08_day_33,33,syn_10f09201189b30c0799374b18e8a5e9a,syn_c701df12da749db46be838bc30598d3c,FEASIBLE,0.5499999999999999,1.0,EXPLOITATION,0
public_08,public_08_day_33,33,syn_72c5f776ad35fbed0106ae5b3e02565d,syn_fceb07e10e27737824dd733b01c50d8e,FEASIBLE,0.5499999999999999,1.0,EXPLORATION,0
public_08,public_08_day_33,33,syn_72c5f776ad35fbed0106ae5b3e02565d,syn_9d086f92bd9196465b05e7fa7b78cab4,FEASIBLE,0.39999999999999997,1.0,EXPLORATION,0
public_08,public_08_day_33,33,syn_fceb07e10e27737824dd733b01c50d8e,syn_9d086f92bd9196465b05e7fa7b78cab4,FEASIBLE,0.39999999999999997,1.0,EXPLOITATION,0
public_08,public_08_day_33,33,syn_12c7cb677b331024461e39406742da8e,syn_fceb07e10e27737824dd733b01c50d8e,FEASIBLE,0.35,1.0,EXPLOITATION,0
public_08,public_08_day_33,33,syn_405778e77863457c897b01bb1fbb3ef8,syn_2f8c459a5b01837c6646f0a205ecd462,FEASIBLE,0.35,1.0,EXPLORATION,0
public_08,public_08_day_33,33,syn_845542023752fea3e0a95d952278eabf,syn_19b40b0a1d97aeea75e5e8d7a463751c,FEASIBLE,0.3,1.0,EXPLORATION,0
public_08,public_08_day_33,33,syn_fceb07e10e27737824dd733b01c50d8e,syn_907e211f9ac8b9aa952628781a837c78,FEASIBLE,0.25,1.0,EXPLORATION,0
public_08,public_08_day_33,33,syn_907e211f9ac8b9aa952628781a837c78,syn_9d086f92bd9196465b05e7fa7b78cab4,FEASIBLE,0.25,1.0,EXPLOITATION,0
public_08,public_08_day_33,33,syn_dd533ecc841591d3aeb6f406a7584c16,syn_c701df12da749db46be838bc30598d3c,FEASIBLE,0.2,1.0,EXPLOITATION,0
public_08,public_08_day_33,33,syn_c701df12da749db46be838bc30598d3c,syn_9d086f92bd9196465b05e7fa7b78cab4,FEASIBLE,0.15,1.0,EXPLOITATION,0
public_08,public_08_day_33,33,syn_19b40b0a1d97aeea75e5e8d7a463751c,syn_2f8c459a5b01837c6646f0a205ecd462,FEASIBLE,0.05,1.0,EXPLORATION,0
public_08,public_08_day_33,33,syn_6b260c3f68402193a6138919aeb018d2,syn_8a66ed480ae629f3e5a474726b94ace7,FEASIBLE,0.0,1.0,EXPLOITATION,0
public_08,public_08_day_33,33,syn_6b260c3f68402193a6138919aeb018d2,syn_c701df12da749db46be838bc30598d3c,FEASIBLE,0.0,1.0,EXPLOITATION,0
public_08,public_08_day_33,33,syn_bc3e3dd9e610f359b070f731bb9c367a,syn_0c67573b1f57ba2825bf71fc8122d2c9,FEASIBLE,0.0,1.0,EXPLOITATION,0
public_08,public_08_day_33,33,syn_cad6e37bd1d9e0bc49cf018a5f0627bb,syn_60baf3acdcffb71d555c54c207f24848,FEASIBLE,0.0,1.0,EXPLOITATION,0
public_08,public_08_day_33,33,syn_23f23d1ae9a94c654773bd477be4937e,syn_8a66ed480ae629f3e5a474726b94ace7,FEASIBLE,0.0,1.0,EXPLOITATION,0
public_08,public_08_day_33,33,syn_845542023752fea3e0a95d952278eabf,syn_0c67573b1f57ba2825bf71fc8122d2c9,FEASIBLE,0.0,1.0,EXPLORATION,0
public_08,public_08_day_33,33,syn_7b9bf24e279dde6ac438d28af1182c64,syn_60baf3acdcffb71d555c54c207f24848,FEASIBLE,0.0,1.0,EXPLOITATION,0
public_08,public_08_day_33,33,syn_10f09201189b30c0799374b18e8a5e9a,syn_e3c0da5b3c5546e3da1f4ab3ef45696b,FEASIBLE,0.0,1.0,EXPLOITATION,0
public_08,public_08_day_33,33,syn_10f09201189b30c0799374b18e8a5e9a,syn_19b40b0a1d97aeea75e5e8d7a463751c,FEASIBLE,0.0,1.0,EXPLORATION,0
public_08,public_08_day_33,33,syn_10f09201189b30c0799374b18e8a5e9a,syn_0c67573b1f57ba2825bf71fc8122d2c9,FEASIBLE,0.0,1.0,EXPLORATION,0
public_08,public_08_day_33,33,syn_10f09201189b30c0799374b18e8a5e9a,syn_f2be4aea8706ad1475bf0a6418de1300,FEASIBLE,0.0,1.0,EXPLOITATION,0
public_08,public_08_day_33,33,syn_10f09201189b30c0799374b18e8a5e9a,syn_fceb07e10e27737824dd733b01c50d8e,FEASIBLE,0.0,1.0,EXPLORATION,0
public_08,public_08_day_33,33,syn_10f09201189b30c0799374b18e8a5e9a,syn_b9f68294d202797558ba7ce459baff71,FEASIBLE,0.0,1.0,EXPLOITATION,0
public_08,public_08_day_33,33,syn_10f09201189b30c0799374b18e8a5e9a,syn_907e211f9ac8b9aa952628781a837c78,FEASIBLE,0.0,1.0,EXPLOITATION,0
public_08,public_08_day_33,33,syn_10f09201189b30c0799374b18e8a5e9a,syn_9d086f92bd9196465b05e7fa7b78cab4,FEASIBLE,0.0,1.0,EXPLORATION,0
public_08,public_08_day_33,33,syn_e3c0da5b3c5546e3da1f4ab3ef45696b,syn_12c7cb677b331024461e39406742da8e,FEASIBLE,0.0,1.0,EXPLOITATION,0
public_08,public_08_day_33,33,syn_e3c0da5b3c5546e3da1f4ab3ef45696b,syn_43d18aa30bcadd41bf9573fdb20f40b5,FEASIBLE,0.0,1.0,EXPLORATION,0
public_08,public_08_day_33,33,syn_e3c0da5b3c5546e3da1f4ab3ef45696b,syn_fceb07e10e27737824dd733b01c50d8e,FEASIBLE,0.0,1.0,EXPLOITATION,0
public_08,public_08_day_33,33,syn_e3c0da5b3c5546e3da1f4ab3ef45696b,syn_c701df12da749db46be838bc30598d3c,FEASIBLE,0.0,1.0,EXPLOITATION,0
public_08,public_08_day_33,33,syn_e3c0da5b3c5546e3da1f4ab3ef45696b,syn_9d086f92bd9196465b05e7fa7b78cab4,FEASIBLE,0.0,1.0,EXPLOITATION,0
public_08,public_08_day_33,33,syn_c37ed3cb30d8a92e348dc5b9d02cf437,syn_8a66ed480ae629f3e5a474726b94ace7,FEASIBLE,0.0,1.0,EXPLOITATION,0
public_08,public_08_day_33,33,syn_43d18aa30bcadd41bf9573fdb20f40b5,syn_8a66ed480ae629f3e5a474726b94ace7,FEASIBLE,0.0,1.0,EXPLORATION,0
public_08,public_08_day_33,33,syn_9472d5e1967a21205590fcfcdde82aa3,syn_908fd7f2b642f6ecd61bdb92419c4dd1,FEASIBLE,0.0,1.0,EXPLORATION,0
public_08,public_08_day_33,33,syn_f2be4aea8706ad1475bf0a6418de1300,syn_2f8c459a5b01837c6646f0a205ecd462,FEASIBLE,0.0,1.0,EXPLORATION,0
public_08,public_08_day_33,33,syn_d1d432a7706d2824dfbd6a790a201ae8,syn_fd09deb8f5da5d48b9d195107582fa8d,FEASIBLE,0.0,1.0,EXPLORATION,0
public_08,public_08_day_33,33,syn_405778e77863457c897b01bb1fbb3ef8,syn_9d086f92bd9196465b05e7fa7b78cab4,FEASIBLE,0.0,1.0,EXPLOITATION,0
public_08,public_08_day_33,33,syn_b9f68294d202797558ba7ce459baff71,syn_9d086f92bd9196465b05e7fa7b78cab4,FEASIBLE,0.0,1.0,EXPLOITATION,0
public_08,public_08_day_35,35,syn_bc3e3dd9e610f359b070f731bb9c367a,syn_845542023752fea3e0a95d952278eabf,FEASIBLE,1.0,1.0,EXPLOITATION,1
public_08,public_08_day_35,35,syn_b595de4e1e7ac367d2a85ae09da282a9,syn_792d57380c89bfae24709f7ed802d099,FEASIBLE,1.0,1.0,EXPLOITATION,1
public_08,public_08_day_35,35,syn_43d18aa30bcadd41bf9573fdb20f40b5,syn_fceb07e10e27737824dd733b01c50d8e,FEASIBLE,1.0,1.0,EXPLOITATION,1
public_08,public_08_day_35,35,syn_8a66ed480ae629f3e5a474726b94ace7,syn_c701df12da749db46be838bc30598d3c,FEASIBLE,0.7,1.0,EXPLOITATION,1
public_08,public_08_day_35,35,syn_12c7cb677b331024461e39406742da8e,syn_e3ae94c9163f229b06afa29afb5f91e4,FEASIBLE,0.5,1.0,EXPLOITATION,1
public_08,public_08_day_35,35,syn_0c67573b1f57ba2825bf71fc8122d2c9,syn_2f8c459a5b01837c6646f0a205ecd462,FEASIBLE,0.4,1.0,EXPLOITATION,1
public_08,public_08_day_35,35,syn_19b40b0a1d97aeea75e5e8d7a463751c,syn_9d086f92bd9196465b05e7fa7b78cab4,FEASIBLE,0.39999999999999997,1.0,EXPLOITATION,1
public_08,public_08_day_35,35,syn_10f09201189b30c0799374b18e8a5e9a,syn_72c5f776ad35fbed0106ae5b3e02565d,FEASIBLE,0.30000000000000004,1.0,EXPLOITATION,1
public_08,public_08_day_35,35,syn_b7189cec127fd9b575ec557d09c17ff0,syn_d356f8360333d03ba81e16a8e22b7ca1,FEASIBLE,0.0,1.0,EXPLOITATION,1
public_08,public_08_day_35,35,syn_6b260c3f68402193a6138919aeb018d2,syn_1bf4f770353090b3038dbac5c3073f26,FEASIBLE,0.0,1.0,EXPLOITATION,1
public_08,public_08_day_35,35,syn_cad6e37bd1d9e0bc49cf018a5f0627bb,syn_7b9bf24e279dde6ac438d28af1182c64,FEASIBLE,0.0,1.0,EXPLOITATION,1
public_08,public_08_day_35,35,syn_23f23d1ae9a94c654773bd477be4937e,syn_91edf82d6d948fc6b9255a86bd065059,FEASIBLE,0.0,1.0,EXPLOITATION,1
public_08,public_08_day_35,35,syn_0c709f8b3259fe59be1b27351ac7d809,syn_ade85ea94873bbf3448c74a619d69d4f,FEASIBLE,0.0,1.0,EXPLOITATION,1
public_08,public_08_day_35,35,syn_ae94e39d79018cfbaead4178dfba523a,syn_cb02a4a051bb050189ec710cb46a2e8a,FEASIBLE,0.0,1.0,EXPLOITATION,1
public_08,public_08_day_35,35,syn_cefbb639ff3d2c3772dd590d22f27f85,syn_d1d432a7706d2824dfbd6a790a201ae8,FEASIBLE,0.0,1.0,EXPLOITATION,1
public_08,public_08_day_35,35,syn_60baf3acdcffb71d555c54c207f24848,syn_da3823379e36eaf825533774f2a7ccf9,FEASIBLE,0.0,1.0,EXPLOITATION,1
public_08,public_08_day_35,35,syn_aeddb91a9f349c1352ed37589cb6b5f3,syn_9472d5e1967a21205590fcfcdde82aa3,FEASIBLE,0.0,1.0,EXPLOITATION,1
public_08,public_08_day_35,35,syn_b9f68294d202797558ba7ce459baff71,syn_907e211f9ac8b9aa952628781a837c78,FEASIBLE,0.0,1.0,EXPLOITATION,1
public_08,public_08_day_35,35,syn_d6c107c4b905f822d30abe1ad4e37527,syn_8a66ed480ae629f3e5a474726b94ace7,FEASIBLE,0.55,1.0,EXPLOITATION,0
public_08,public_08_day_35,35,syn_10f09201189b30c0799374b18e8a5e9a,syn_c701df12da749db46be838bc30598d3c,FEASIBLE,0.5499999999999999,1.0,EXPLOITATION,0
public_08,public_08_day_35,35,syn_72c5f776ad35fbed0106ae5b3e02565d,syn_fceb07e10e27737824dd733b01c50d8e,FEASIBLE,0.5499999999999999,1.0,EXPLORATION,0
public_08,public_08_day_35,35,syn_72c5f776ad35fbed0106ae5b3e02565d,syn_9d086f92bd9196465b05e7fa7b78cab4,FEASIBLE,0.39999999999999997,1.0,EXPLORATION,0
public_08,public_08_day_35,35,syn_fceb07e10e27737824dd733b01c50d8e,syn_9d086f92bd9196465b05e7fa7b78cab4,FEASIBLE,0.39999999999999997,1.0,EXPLOITATION,0
public_08,public_08_day_35,35,syn_12c7cb677b331024461e39406742da8e,syn_fceb07e10e27737824dd733b01c50d8e,FEASIBLE,0.35,1.0,EXPLOITATION,0
public_08,public_08_day_35,35,syn_405778e77863457c897b01bb1fbb3ef8,syn_2f8c459a5b01837c6646f0a205ecd462,FEASIBLE,0.35,1.0,EXPLORATION,0
public_08,public_08_day_35,35,syn_845542023752fea3e0a95d952278eabf,syn_19b40b0a1d97aeea75e5e8d7a463751c,FEASIBLE,0.3,1.0,EXPLORATION,0
public_08,public_08_day_35,35,syn_fceb07e10e27737824dd733b01c50d8e,syn_907e211f9ac8b9aa952628781a837c78,FEASIBLE,0.25,1.0,EXPLORATION,0
public_08,public_08_day_35,35,syn_907e211f9ac8b9aa952628781a837c78,syn_9d086f92bd9196465b05e7fa7b78cab4,FEASIBLE,0.25,1.0,EXPLOITATION,0
public_08,public_08_day_35,35,syn_dd533ecc841591d3aeb6f406a7584c16,syn_c701df12da749db46be838bc30598d3c,FEASIBLE,0.2,1.0,EXPLOITATION,0
public_08,public_08_day_35,35,syn_c701df12da749db46be838bc30598d3c,syn_9d086f92bd9196465b05e7fa7b78cab4,FEASIBLE,0.15,1.0,EXPLOITATION,0
public_08,public_08_day_35,35,syn_19b40b0a1d97aeea75e5e8d7a463751c,syn_2f8c459a5b01837c6646f0a205ecd462,FEASIBLE,0.05,1.0,EXPLORATION,0
public_08,public_08_day_35,35,syn_6b260c3f68402193a6138919aeb018d2,syn_8a66ed480ae629f3e5a474726b94ace7,FEASIBLE,0.0,1.0,EXPLOITATION,0
public_08,public_08_day_35,35,syn_6b260c3f68402193a6138919aeb018d2,syn_c701df12da749db46be838bc30598d3c,FEASIBLE,0.0,1.0,EXPLOITATION,0
public_08,public_08_day_35,35,syn_bc3e3dd9e610f359b070f731bb9c367a,syn_0c67573b1f57ba2825bf71fc8122d2c9,FEASIBLE,0.0,1.0,EXPLOITATION,0
public_08,public_08_day_35,35,syn_cad6e37bd1d9e0bc49cf018a5f0627bb,syn_60baf3acdcffb71d555c54c207f24848,FEASIBLE,0.0,1.0,EXPLOITATION,0
public_08,public_08_day_35,35,syn_23f23d1ae9a94c654773bd477be4937e,syn_8a66ed480ae629f3e5a474726b94ace7,FEASIBLE,0.0,1.0,EXPLOITATION,0
public_08,public_08_day_35,35,syn_845542023752fea3e0a95d952278eabf,syn_0c67573b1f57ba2825bf71fc8122d2c9,FEASIBLE,0.0,1.0,EXPLORATION,0
public_08,public_08_day_35,35,syn_7b9bf24e279dde6ac438d28af1182c64,syn_60baf3acdcffb71d555c54c207f24848,FEASIBLE,0.0,1.0,EXPLOITATION,0
public_08,public_08_day_35,35,syn_10f09201189b30c0799374b18e8a5e9a,syn_e3c0da5b3c5546e3da1f4ab3ef45696b,FEASIBLE,0.0,1.0,EXPLOITATION,0
public_08,public_08_day_35,35,syn_10f09201189b30c0799374b18e8a5e9a,syn_19b40b0a1d97aeea75e5e8d7a463751c,FEASIBLE,0.0,1.0,EXPLORATION,0
public_08,public_08_day_35,35,syn_10f09201189b30c0799374b18e8a5e9a,syn_0c67573b1f57ba2825bf71fc8122d2c9,FEASIBLE,0.0,1.0,EXPLORATION,0
public_08,public_08_day_35,35,syn_10f09201189b30c0799374b18e8a5e9a,syn_f2be4aea8706ad1475bf0a6418de1300,FEASIBLE,0.0,1.0,EXPLOITATION,0
public_08,public_08_day_35,35,syn_10f09201189b30c0799374b18e8a5e9a,syn_fceb07e10e27737824dd733b01c50d8e,FEASIBLE,0.0,1.0,EXPLORATION,0
public_08,public_08_day_35,35,syn_10f09201189b30c0799374b18e8a5e9a,syn_b9f68294d202797558ba7ce459baff71,FEASIBLE,0.0,1.0,EXPLOITATION,0
public_08,public_08_day_35,35,syn_10f09201189b30c0799374b18e8a5e9a,syn_907e211f9ac8b9aa952628781a837c78,FEASIBLE,0.0,1.0,EXPLOITATION,0
public_08,public_08_day_35,35,syn_10f09201189b30c0799374b18e8a5e9a,syn_9d086f92bd9196465b05e7fa7b78cab4,FEASIBLE,0.0,1.0,EXPLORATION,0
public_08,public_08_day_35,35,syn_e3c0da5b3c5546e3da1f4ab3ef45696b,syn_12c7cb677b331024461e39406742da8e,FEASIBLE,0.0,1.0,EXPLOITATION,0
public_08,public_08_day_35,35,syn_e3c0da5b3c5546e3da1f4ab3ef45696b,syn_43d18aa30bcadd41bf9573fdb20f40b5,FEASIBLE,0.0,1.0,EXPLORATION,0
public_08,public_08_day_35,35,syn_e3c0da5b3c5546e3da1f4ab3ef45696b,syn_fceb07e10e27737824dd733b01c50d8e,FEASIBLE,0.0,1.0,EXPLOITATION,0
public_08,public_08_day_35,35,syn_e3c0da5b3c5546e3da1f4ab3ef45696b,syn_c701df12da749db46be838bc30598d3c,FEASIBLE,0.0,1.0,EXPLOITATION,0
public_08,public_08_day_35,35,syn_e3c0da5b3c5546e3da1f4ab3ef45696b,syn_9d086f92bd9196465b05e7fa7b78cab4,FEASIBLE,0.0,1.0,EXPLOITATION,0
public_08,public_08_day_35,35,syn_c37ed3cb30d8a92e348dc5b9d02cf437,syn_8a66ed480ae629f3e5a474726b94ace7,FEASIBLE,0.0,1.0,EXPLOITATION,0
public_08,public_08_day_35,35,syn_43d18aa30bcadd41bf9573fdb20f40b5,syn_8a66ed480ae629f3e5a474726b94ace7,FEASIBLE,0.0,1.0,EXPLORATION,0
public_08,public_08_day_35,35,syn_9472d5e1967a21205590fcfcdde82aa3,syn_908fd7f2b642f6ecd61bdb92419c4dd1,FEASIBLE,0.0,1.0,EXPLORATION,0
public_08,public_08_day_35,35,syn_f2be4aea8706ad1475bf0a6418de1300,syn_2f8c459a5b01837c6646f0a205ecd462,FEASIBLE,0.0,1.0,EXPLORATION,0
public_08,public_08_day_35,35,syn_d1d432a7706d2824dfbd6a790a201ae8,syn_fd09deb8f5da5d48b9d195107582fa8d,FEASIBLE,0.0,1.0,EXPLORATION,0
public_08,public_08_day_35,35,syn_405778e77863457c897b01bb1fbb3ef8,syn_9d086f92bd9196465b05e7fa7b78cab4,FEASIBLE,0.0,1.0,EXPLOITATION,0
public_08,public_08_day_35,35,syn_b9f68294d202797558ba7ce459baff71,syn_9d086f92bd9196465b05e7fa7b78cab4,FEASIBLE,0.0,1.0,EXPLOITATION,0
public_09,public_09_day_1,1,syn_49184f8377e25febace8f0eb14ebfb2c,syn_fd41191020e81449486bd66d57f5a965,FEASIBLE,0.15,1.0,EXPLORATION,1
public_09,public_09_day_2,2,syn_49184f8377e25febace8f0eb14ebfb2c,syn_fd41191020e81449486bd66d57f5a965,FEASIBLE,0.15,1.0,EXPLOITATION,1
public_09,public_09_day_3,3,syn_49184f8377e25febace8f0eb14ebfb2c,syn_fd41191020e81449486bd66d57f5a965,FEASIBLE,0.15,1.0,EXPLOITATION,1
public_09,public_09_day_4,4,syn_3d77683b704738740b9c6ab04accd89d,syn_7943db275fb55131bbdb6929da1bc57f,FEASIBLE,0.65,1.0,EXPLORATION,1
public_09,public_09_day_4,4,syn_98e94a52f25112977ad37af1219acaa2,syn_3e31ee54b5c6410836bf96e80cdf4e36,FEASIBLE,0.6,1.0,EXPLORATION,1
public_09,public_09_day_4,4,syn_49184f8377e25febace8f0eb14ebfb2c,syn_fd41191020e81449486bd66d57f5a965,FEASIBLE,0.15,1.0,EXPLOITATION,1
public_09,public_09_day_4,4,syn_3d77683b704738740b9c6ab04accd89d,syn_ea1944eabf76fcfc92500830c916cccc,FEASIBLE,0.5,1.0,EXPLORATION,0
public_09,public_09_day_4,4,syn_399815501e1007dfb1a713ea80f0e372,syn_7943db275fb55131bbdb6929da1bc57f,FEASIBLE,0.25,1.0,EXPLORATION,0
public_09,public_09_day_4,4,syn_3d77683b704738740b9c6ab04accd89d,syn_399815501e1007dfb1a713ea80f0e372,FEASIBLE,0.1,1.0,EXPLORATION,0
public_09,public_09_day_4,4,syn_d575caff2f7b071eadd02469edffbfbc,syn_3e31ee54b5c6410836bf96e80cdf4e36,FEASIBLE,0.0,1.0,EXPLORATION,0
public_09,public_09_day_4,4,syn_23fefada2c5b19650602df9e452b270c,syn_7943db275fb55131bbdb6929da1bc57f,FEASIBLE,0.0,1.0,EXPLORATION,0
public_09,public_09_day_5,5,syn_3d77683b704738740b9c6ab04accd89d,syn_7943db275fb55131bbdb6929da1bc57f,FEASIBLE,0.65,1.0,EXPLOITATION,1
public_09,public_09_day_5,5,syn_98e94a52f25112977ad37af1219acaa2,syn_3e31ee54b5c6410836bf96e80cdf4e36,FEASIBLE,0.6,1.0,EXPLOITATION,1
public_09,public_09_day_5,5,syn_49184f8377e25febace8f0eb14ebfb2c,syn_fd41191020e81449486bd66d57f5a965,FEASIBLE,0.15,1.0,EXPLOITATION,1
public_09,public_09_day_5,5,syn_9c7c9200bd69eb3de6297f81570e2093,syn_52bea84dd5f87d01e4cb9f99f1d15eeb,FEASIBLE,0.0,1.0,EXPLORATION,1
public_09,public_09_day_5,5,syn_01639d571d85dc2ea9a0bad313cbb6fa,syn_664d91e54ac84101c9455adeb1f76e58,FEASIBLE,0.0,1.0,EXPLORATION,1
public_09,public_09_day_5,5,syn_3d77683b704738740b9c6ab04accd89d,syn_ea1944eabf76fcfc92500830c916cccc,FEASIBLE,0.5,1.0,EXPLORATION,0
public_09,public_09_day_5,5,syn_399815501e1007dfb1a713ea80f0e372,syn_7943db275fb55131bbdb6929da1bc57f,FEASIBLE,0.25,1.0,EXPLORATION,0
public_09,public_09_day_5,5,syn_3d77683b704738740b9c6ab04accd89d,syn_399815501e1007dfb1a713ea80f0e372,FEASIBLE,0.1,1.0,EXPLORATION,0
public_09,public_09_day_5,5,syn_d575caff2f7b071eadd02469edffbfbc,syn_3e31ee54b5c6410836bf96e80cdf4e36,FEASIBLE,0.0,1.0,EXPLORATION,0
public_09,public_09_day_5,5,syn_23fefada2c5b19650602df9e452b270c,syn_7943db275fb55131bbdb6929da1bc57f,FEASIBLE,0.0,1.0,EXPLORATION,0
public_09,public_09_day_5,5,syn_2498b1dc356de003c3825324d212befd,syn_664d91e54ac84101c9455adeb1f76e58,FEASIBLE,0.0,1.0,EXPLORATION,0
public_09,public_09_day_6,6,syn_3d77683b704738740b9c6ab04accd89d,syn_72fa7f3a49551b8406189406fe067a80,FEASIBLE,1.0,1.0,EXPLORATION,1
public_09,public_09_day_6,6,syn_98e94a52f25112977ad37af1219acaa2,syn_3e31ee54b5c6410836bf96e80cdf4e36,FEASIBLE,0.6,1.0,EXPLOITATION,1
public_09,public_09_day_6,6,syn_0762071899f970108e97e5f879f23b60,syn_395b967214926c08e0140e09fe6780da,FEASIBLE,0.5,1.0,EXPLOITATION,1
public_09,public_09_day_6,6,syn_399815501e1007dfb1a713ea80f0e372,syn_7943db275fb55131bbdb6929da1bc57f,FEASIBLE,0.25,1.0,EXPLORATION,1
public_09,public_09_day_6,6,syn_954eea336cf58b771bb42ef5e50176fe,syn_a4de8bb0451caa4b23ce4900ae2ea2ae,FEASIBLE,0.2,1.0,EXPLORATION,1
public_09,public_09_day_6,6,syn_49184f8377e25febace8f0eb14ebfb2c,syn_fd41191020e81449486bd66d57f5a965,FEASIBLE,0.15,1.0,EXPLOITATION,1
public_09,public_09_day_6,6,syn_1060f8789d9efed5c96b62750c60a10c,syn_ee1b22e21a2ba67e42ee44263820977d,FEASIBLE,0.0,1.0,EXPLORATION,1
public_09,public_09_day_6,6,syn_9c7c9200bd69eb3de6297f81570e2093,syn_52bea84dd5f87d01e4cb9f99f1d15eeb,FEASIBLE,0.0,1.0,EXPLOITATION,1
public_09,public_09_day_6,6,syn_875b1c6c5a3cd40c806ef3512722833e,syn_664d91e54ac84101c9455adeb1f76e58,FEASIBLE,0.0,1.0,EXPLORATION,1
public_09,public_09_day_6,6,syn_3d77683b704738740b9c6ab04accd89d,syn_7943db275fb55131bbdb6929da1bc57f,FEASIBLE,0.65,1.0,EXPLOITATION,0
public_09,public_09_day_6,6,syn_3d77683b704738740b9c6ab04accd89d,syn_ea1944eabf76fcfc92500830c916cccc,FEASIBLE,0.5,1.0,EXPLORATION,0
public_09,public_09_day_6,6,syn_3d77683b704738740b9c6ab04accd89d,syn_399815501e1007dfb1a713ea80f0e372,FEASIBLE,0.1,1.0,EXPLOITATION,0
public_09,public_09_day_6,6,syn_d575caff2f7b071eadd02469edffbfbc,syn_3e31ee54b5c6410836bf96e80cdf4e36,FEASIBLE,0.0,1.0,EXPLOITATION,0
public_09,public_09_day_6,6,syn_954eea336cf58b771bb42ef5e50176fe,syn_df3b42bf60bed5a6adda3b4807a79fe3,FEASIBLE,0.0,1.0,EXPLORATION,0
public_09,public_09_day_6,6,syn_49184f8377e25febace8f0eb14ebfb2c,syn_72fa7f3a49551b8406189406fe067a80,FEASIBLE,0.0,1.0,EXPLORATION,0
public_09,public_09_day_6,6,syn_0762071899f970108e97e5f879f23b60,syn_875b1c6c5a3cd40c806ef3512722833e,FEASIBLE,0.0,1.0,EXPLORATION,0
public_09,public_09_day_6,6,syn_23fefada2c5b19650602df9e452b270c,syn_7943db275fb55131bbdb6929da1bc57f,FEASIBLE,0.0,1.0,EXPLORATION,0
public_09,public_09_day_6,6,syn_01639d571d85dc2ea9a0bad313cbb6fa,syn_664d91e54ac84101c9455adeb1f76e58,FEASIBLE,0.0,1.0,EXPLOITATION,0
public_09,public_09_day_6,6,syn_2498b1dc356de003c3825324d212befd,syn_664d91e54ac84101c9455adeb1f76e58,FEASIBLE,0.0,1.0,EXPLOITATION,0
public_09,public_09_day_7,7,syn_3d77683b704738740b9c6ab04accd89d,syn_72fa7f3a49551b8406189406fe067a80,FEASIBLE,1.0,1.0,EXPLOITATION,1
public_09,public_09_day_7,7,syn_98e94a52f25112977ad37af1219acaa2,syn_3e31ee54b5c6410836bf96e80cdf4e36,FEASIBLE,0.6,1.0,EXPLOITATION,1
public_09,public_09_day_7,7,syn_0762071899f970108e97e5f879f23b60,syn_395b967214926c08e0140e09fe6780da,FEASIBLE,0.5,1.0,EXPLOITATION,1
public_09,public_09_day_7,7,syn_399815501e1007dfb1a713ea80f0e372,syn_7943db275fb55131bbdb6929da1bc57f,FEASIBLE,0.25,1.0,EXPLOITATION,1
public_09,public_09_day_7,7,syn_954eea336cf58b771bb42ef5e50176fe,syn_a4de8bb0451caa4b23ce4900ae2ea2ae,FEASIBLE,0.2,1.0,EXPLOITATION,1
public_09,public_09_day_7,7,syn_49184f8377e25febace8f0eb14ebfb2c,syn_fd41191020e81449486bd66d57f5a965,FEASIBLE,0.15,1.0,EXPLOITATION,1
public_09,public_09_day_7,7,syn_1060f8789d9efed5c96b62750c60a10c,syn_ee1b22e21a2ba67e42ee44263820977d,FEASIBLE,0.0,1.0,EXPLOITATION,1
public_09,public_09_day_7,7,syn_9c7c9200bd69eb3de6297f81570e2093,syn_52bea84dd5f87d01e4cb9f99f1d15eeb,FEASIBLE,0.0,1.0,EXPLOITATION,1
public_09,public_09_day_7,7,syn_875b1c6c5a3cd40c806ef3512722833e,syn_664d91e54ac84101c9455adeb1f76e58,FEASIBLE,0.0,1.0,EXPLOITATION,1
public_09,public_09_day_7,7,syn_3d77683b704738740b9c6ab04accd89d,syn_7943db275fb55131bbdb6929da1bc57f,FEASIBLE,0.65,1.0,EXPLOITATION,0
public_09,public_09_day_7,7,syn_3d77683b704738740b9c6ab04accd89d,syn_ea1944eabf76fcfc92500830c916cccc,FEASIBLE,0.5,1.0,EXPLORATION,0
public_09,public_09_day_7,7,syn_3d77683b704738740b9c6ab04accd89d,syn_399815501e1007dfb1a713ea80f0e372,FEASIBLE,0.1,1.0,EXPLOITATION,0
public_09,public_09_day_7,7,syn_d575caff2f7b071eadd02469edffbfbc,syn_3e31ee54b5c6410836bf96e80cdf4e36,FEASIBLE,0.0,1.0,EXPLOITATION,0
public_09,public_09_day_7,7,syn_954eea336cf58b771bb42ef5e50176fe,syn_df3b42bf60bed5a6adda3b4807a79fe3,FEASIBLE,0.0,1.0,EXPLORATION,0
public_09,public_09_day_7,7,syn_49184f8377e25febace8f0eb14ebfb2c,syn_72fa7f3a49551b8406189406fe067a80,FEASIBLE,0.0,1.0,EXPLORATION,0
public_09,public_09_day_7,7,syn_0762071899f970108e97e5f879f23b60,syn_875b1c6c5a3cd40c806ef3512722833e,FEASIBLE,0.0,1.0,EXPLOITATION,0
public_09,public_09_day_7,7,syn_23fefada2c5b19650602df9e452b270c,syn_7943db275fb55131bbdb6929da1bc57f,FEASIBLE,0.0,1.0,EXPLORATION,0
public_09,public_09_day_7,7,syn_e836fb28ced1bf9e54b493ea49972457,syn_664d91e54ac84101c9455adeb1f76e58,FEASIBLE,0.0,1.0,EXPLOITATION,0
public_09,public_09_day_7,7,syn_01639d571d85dc2ea9a0bad313cbb6fa,syn_664d91e54ac84101c9455adeb1f76e58,FEASIBLE,0.0,1.0,EXPLOITATION,0
public_09,public_09_day_7,7,syn_2498b1dc356de003c3825324d212befd,syn_664d91e54ac84101c9455adeb1f76e58,FEASIBLE,0.0,1.0,EXPLOITATION,0
public_09,public_09_day_8,8,syn_9b9eb23ba1764bf3ee3eb6b3427a9f87,syn_b923a686ac867c0fccf2c9cc2cbde8c7,FEASIBLE,0.6,1.0,EXPLORATION,1
public_09,public_09_day_8,8,syn_1060f8789d9efed5c96b62750c60a10c,syn_ee1b22e21a2ba67e42ee44263820977d,FEASIBLE,0.0,1.0,EXPLOITATION,1
public_09,public_09_day_8,8,syn_9c7c9200bd69eb3de6297f81570e2093,syn_52bea84dd5f87d01e4cb9f99f1d15eeb,FEASIBLE,0.0,1.0,EXPLOITATION,1
public_09,public_09_day_8,8,syn_e01ac751b18577fb87cd8bd30466431a,syn_8c39122a398b4fbbc69c4483b741a20a,FEASIBLE,0.0,1.0,EXPLORATION,1
public_09,public_09_day_8,8,syn_0e1fe175a9527ff92f59598e685cc7ee,syn_d6b73be38eda52db3025a5b96af5b58e,FEASIBLE,0.0,1.0,EXPLOITATION,1
public_09,public_09_day_8,8,syn_443a630b3ca8086f7d67ec70eed08f1f,syn_a6ac730a7422dc42e543fc3d84f9da31,FEASIBLE,0.0,1.0,EXPLORATION,1
public_09,public_09_day_9,9,syn_9b9eb23ba1764bf3ee3eb6b3427a9f87,syn_b923a686ac867c0fccf2c9cc2cbde8c7,FEASIBLE,0.6,1.0,EXPLOITATION,1
public_09,public_09_day_9,9,syn_1060f8789d9efed5c96b62750c60a10c,syn_ee1b22e21a2ba67e42ee44263820977d,FEASIBLE,0.0,1.0,EXPLOITATION,1
public_09,public_09_day_9,9,syn_e01ac751b18577fb87cd8bd30466431a,syn_8c39122a398b4fbbc69c4483b741a20a,FEASIBLE,0.0,1.0,EXPLOITATION,1
public_09,public_09_day_9,9,syn_0e1fe175a9527ff92f59598e685cc7ee,syn_d6b73be38eda52db3025a5b96af5b58e,FEASIBLE,0.0,1.0,EXPLOITATION,1
public_09,public_09_day_9,9,syn_443a630b3ca8086f7d67ec70eed08f1f,syn_a6ac730a7422dc42e543fc3d84f9da31,FEASIBLE,0.0,1.0,EXPLOITATION,1
public_09,public_09_day_10,10,syn_9b9eb23ba1764bf3ee3eb6b3427a9f87,syn_b923a686ac867c0fccf2c9cc2cbde8c7,FEASIBLE,0.6,1.0,EXPLOITATION,1
public_09,public_09_day_10,10,syn_49184f8377e25febace8f0eb14ebfb2c,syn_fd41191020e81449486bd66d57f5a965,FEASIBLE,0.15,1.0,EXPLOITATION,1
public_09,public_09_day_10,10,syn_1060f8789d9efed5c96b62750c60a10c,syn_ee1b22e21a2ba67e42ee44263820977d,FEASIBLE,0.0,1.0,EXPLOITATION,1
public_09,public_09_day_10,10,syn_e02f6a883c0601314be61b0a920b7ac1,syn_d79f8912b62eda42f1d1fedb4a0692de,FEASIBLE,0.0,1.0,EXPLOITATION,1
public_09,public_09_day_10,10,syn_ca4ebbf1f6b1a6530862a9b58dd79c12,syn_a005fdbc59c75076c16892b788a008e3,FEASIBLE,0.0,1.0,EXPLORATION,1
public_09,public_09_day_10,10,syn_e01ac751b18577fb87cd8bd30466431a,syn_8c39122a398b4fbbc69c4483b741a20a,FEASIBLE,0.0,1.0,EXPLOITATION,1
public_09,public_09_day_10,10,syn_23fefada2c5b19650602df9e452b270c,syn_7943db275fb55131bbdb6929da1bc57f,FEASIBLE,0.0,1.0,EXPLORATION,1
public_09,public_09_day_10,10,syn_0e1fe175a9527ff92f59598e685cc7ee,syn_d6b73be38eda52db3025a5b96af5b58e,FEASIBLE,0.0,1.0,EXPLOITATION,1
public_09,public_09_day_10,10,syn_443a630b3ca8086f7d67ec70eed08f1f,syn_a6ac730a7422dc42e543fc3d84f9da31,FEASIBLE,0.0,1.0,EXPLOITATION,1
public_09,public_09_day_10,10,syn_7ea24ae1bc6dd1bf483a695694b4de60,syn_4fe3ee745aa0a0513d715c1f5e333848,FEASIBLE,0.0,1.0,EXPLORATION,1
public_09,public_09_day_10,10,syn_49184f8377e25febace8f0eb14ebfb2c,syn_72fa7f3a49551b8406189406fe067a80,FEASIBLE,0.0,1.0,EXPLORATION,0
public_09,public_09_day_11,11,syn_92bc461db5199d18402828ef1512b58c,syn_a005fdbc59c75076c16892b788a008e3,FEASIBLE,0.6666666666666666,1.0,EXPLORATION,1
public_09,public_09_day_11,11,syn_9b9eb23ba1764bf3ee3eb6b3427a9f87,syn_b923a686ac867c0fccf2c9cc2cbde8c7,FEASIBLE,0.6,1.0,EXPLOITATION,1
public_09,public_09_day_11,11,syn_0762071899f970108e97e5f879f23b60,syn_395b967214926c08e0140e09fe6780da,FEASIBLE,0.5,1.0,EXPLOITATION,1
public_09,public_09_day_11,11,syn_49184f8377e25febace8f0eb14ebfb2c,syn_fd41191020e81449486bd66d57f5a965,FEASIBLE,0.15,1.0,EXPLOITATION,1
public_09,public_09_day_11,11,syn_1060f8789d9efed5c96b62750c60a10c,syn_ee1b22e21a2ba67e42ee44263820977d,FEASIBLE,0.0,1.0,EXPLOITATION,1
public_09,public_09_day_11,11,syn_9c7c9200bd69eb3de6297f81570e2093,syn_52bea84dd5f87d01e4cb9f99f1d15eeb,FEASIBLE,0.0,1.0,EXPLOITATION,1
public_09,public_09_day_11,11,syn_e02f6a883c0601314be61b0a920b7ac1,syn_d79f8912b62eda42f1d1fedb4a0692de,FEASIBLE,0.0,1.0,EXPLOITATION,1
public_09,public_09_day_11,11,syn_e01ac751b18577fb87cd8bd30466431a,syn_8c39122a398b4fbbc69c4483b741a20a,FEASIBLE,0.0,1.0,EXPLOITATION,1
public_09,public_09_day_11,11,syn_23fefada2c5b19650602df9e452b270c,syn_7943db275fb55131bbdb6929da1bc57f,FEASIBLE,0.0,1.0,EXPLOITATION,1
public_09,public_09_day_11,11,syn_0e1fe175a9527ff92f59598e685cc7ee,syn_d6b73be38eda52db3025a5b96af5b58e,FEASIBLE,0.0,1.0,EXPLOITATION,1
public_09,public_09_day_11,11,syn_443a630b3ca8086f7d67ec70eed08f1f,syn_a6ac730a7422dc42e543fc3d84f9da31,FEASIBLE,0.0,1.0,EXPLOITATION,1
public_09,public_09_day_11,11,syn_7ea24ae1bc6dd1bf483a695694b4de60,syn_4fe3ee745aa0a0513d715c1f5e333848,FEASIBLE,0.0,1.0,EXPLOITATION,1
public_09,public_09_day_11,11,syn_ca4ebbf1f6b1a6530862a9b58dd79c12,syn_92bc461db5199d18402828ef1512b58c,FEASIBLE,0.15,1.0,EXPLORATION,0
public_09,public_09_day_11,11,syn_0762071899f970108e97e5f879f23b60,syn_92bc461db5199d18402828ef1512b58c,FEASIBLE,0.05,1.0,EXPLORATION,0
public_09,public_09_day_11,11,syn_9c7c9200bd69eb3de6297f81570e2093,syn_938533b6ed1b3352a3eeee11e0e010f7,FEASIBLE,0.0,1.0,EXPLOITATION,0
public_09,public_09_day_11,11,syn_4cdd431972871007799df36f158abb2b,syn_92bc461db5199d18402828ef1512b58c,FEASIBLE,0.0,1.0,EXPLORATION,0
public_09,public_09_day_11,11,syn_49184f8377e25febace8f0eb14ebfb2c,syn_72fa7f3a49551b8406189406fe067a80,FEASIBLE,0.0,1.0,EXPLORATION,0
public_09,public_09_day_11,11,syn_ca4ebbf1f6b1a6530862a9b58dd79c12,syn_a005fdbc59c75076c16892b788a008e3,FEASIBLE,0.0,1.0,EXPLOITATION,0
public_09,public_09_day_11,11,syn_0762071899f970108e97e5f879f23b60,syn_875b1c6c5a3cd40c806ef3512722833e,FEASIBLE,0.0,1.0,EXPLOITATION,0
public_09,public_09_day_11,11,syn_0762071899f970108e97e5f879f23b60,syn_6a0a70e102a42456541ad3688e00967c,FEASIBLE,0.0,1.0,EXPLORATION,0
public_09,public_09_day_11,11,syn_92bc461db5199d18402828ef1512b58c,syn_ee1b22e21a2ba67e42ee44263820977d,FEASIBLE,0.0,1.0,EXPLORATION,0
public_09,public_09_day_12,12,syn_92bc461db5199d18402828ef1512b58c,syn_a005fdbc59c75076c16892b788a008e3,FEASIBLE,0.6666666666666666,1.0,EXPLOITATION,1
public_09,public_09_day_12,12,syn_9b9eb23ba1764bf3ee3eb6b3427a9f87,syn_b923a686ac867c0fccf2c9cc2cbde8c7,FEASIBLE,0.6,1.0,EXPLOITATION,1
public_09,public_09_day_12,12,syn_49184f8377e25febace8f0eb14ebfb2c,syn_fd41191020e81449486bd66d57f5a965,FEASIBLE,0.15,1.0,EXPLOITATION,1
public_09,public_09_day_12,12,syn_1060f8789d9efed5c96b62750c60a10c,syn_ee1b22e21a2ba67e42ee44263820977d,FEASIBLE,0.0,1.0,EXPLOITATION,1
public_09,public_09_day_12,12,syn_9c7c9200bd69eb3de6297f81570e2093,syn_52bea84dd5f87d01e4cb9f99f1d15eeb,FEASIBLE,0.0,1.0,EXPLOITATION,1
public_09,public_09_day_12,12,syn_e02f6a883c0601314be61b0a920b7ac1,syn_d79f8912b62eda42f1d1fedb4a0692de,FEASIBLE,0.0,1.0,EXPLOITATION,1
public_09,public_09_day_12,12,syn_e01ac751b18577fb87cd8bd30466431a,syn_8c39122a398b4fbbc69c4483b741a20a,FEASIBLE,0.0,1.0,EXPLOITATION,1
public_09,public_09_day_12,12,syn_0762071899f970108e97e5f879f23b60,syn_875b1c6c5a3cd40c806ef3512722833e,FEASIBLE,0.0,1.0,EXPLOITATION,1
public_09,public_09_day_12,12,syn_23fefada2c5b19650602df9e452b270c,syn_7943db275fb55131bbdb6929da1bc57f,FEASIBLE,0.0,1.0,EXPLOITATION,1
public_09,public_09_day_12,12,syn_0e1fe175a9527ff92f59598e685cc7ee,syn_d6b73be38eda52db3025a5b96af5b58e,FEASIBLE,0.0,1.0,EXPLOITATION,1
public_09,public_09_day_12,12,syn_443a630b3ca8086f7d67ec70eed08f1f,syn_a6ac730a7422dc42e543fc3d84f9da31,FEASIBLE,0.0,1.0,EXPLOITATION,1
public_09,public_09_day_12,12,syn_7ea24ae1bc6dd1bf483a695694b4de60,syn_4fe3ee745aa0a0513d715c1f5e333848,FEASIBLE,0.0,1.0,EXPLOITATION,1
public_09,public_09_day_12,12,syn_ca4ebbf1f6b1a6530862a9b58dd79c12,syn_92bc461db5199d18402828ef1512b58c,FEASIBLE,0.15,1.0,EXPLORATION,0
public_09,public_09_day_12,12,syn_0762071899f970108e97e5f879f23b60,syn_92bc461db5199d18402828ef1512b58c,FEASIBLE,0.05,1.0,EXPLORATION,0
public_09,public_09_day_12,12,syn_9c7c9200bd69eb3de6297f81570e2093,syn_938533b6ed1b3352a3eeee11e0e010f7,FEASIBLE,0.0,1.0,EXPLOITATION,0
public_09,public_09_day_12,12,syn_4cdd431972871007799df36f158abb2b,syn_92bc461db5199d18402828ef1512b58c,FEASIBLE,0.0,1.0,EXPLORATION,0
public_09,public_09_day_12,12,syn_49184f8377e25febace8f0eb14ebfb2c,syn_72fa7f3a49551b8406189406fe067a80,FEASIBLE,0.0,1.0,EXPLORATION,0
public_09,public_09_day_12,12,syn_ca4ebbf1f6b1a6530862a9b58dd79c12,syn_a005fdbc59c75076c16892b788a008e3,FEASIBLE,0.0,1.0,EXPLOITATION,0
public_09,public_09_day_12,12,syn_0762071899f970108e97e5f879f23b60,syn_6a0a70e102a42456541ad3688e00967c,FEASIBLE,0.0,1.0,EXPLORATION,0
public_09,public_09_day_12,12,syn_92bc461db5199d18402828ef1512b58c,syn_ee1b22e21a2ba67e42ee44263820977d,FEASIBLE,0.0,1.0,EXPLORATION,0
public_09,public_09_day_12,12,syn_8c39122a398b4fbbc69c4483b741a20a,syn_2cbc418ebac399b8bd636a099732065d,FEASIBLE,0.0,1.0,EXPLOITATION,0
public_09,public_09_day_13,13,syn_3d77683b704738740b9c6ab04accd89d,syn_72fa7f3a49551b8406189406fe067a80,FEASIBLE,1.0,1.0,EXPLOITATION,1
public_09,public_09_day_13,13,syn_92bc461db5199d18402828ef1512b58c,syn_a005fdbc59c75076c16892b788a008e3,FEASIBLE,0.6666666666666666,1.0,EXPLOITATION,1
public_09,public_09_day_13,13,syn_399815501e1007dfb1a713ea80f0e372,syn_7943db275fb55131bbdb6929da1bc57f,FEASIBLE,0.25,1.0,EXPLOITATION,1
public_09,public_09_day_13,13,syn_954eea336cf58b771bb42ef5e50176fe,syn_a4de8bb0451caa4b23ce4900ae2ea2ae,FEASIBLE,0.2,1.0,EXPLOITATION,1
public_09,public_09_day_13,13,syn_49184f8377e25febace8f0eb14ebfb2c,syn_fd41191020e81449486bd66d57f5a965,FEASIBLE,0.15,1.0,EXPLOITATION,1
public_09,public_09_day_13,13,syn_1060f8789d9efed5c96b62750c60a10c,syn_ee1b22e21a2ba67e42ee44263820977d,FEASIBLE,0.0,1.0,EXPLOITATION,1
public_09,public_09_day_13,13,syn_9c7c9200bd69eb3de6297f81570e2093,syn_52bea84dd5f87d01e4cb9f99f1d15eeb,FEASIBLE,0.0,1.0,EXPLOITATION,1
public_09,public_09_day_13,13,syn_e02f6a883c0601314be61b0a920b7ac1,syn_d79f8912b62eda42f1d1fedb4a0692de,FEASIBLE,0.0,1.0,EXPLOITATION,1
public_09,public_09_day_13,13,syn_e01ac751b18577fb87cd8bd30466431a,syn_8c39122a398b4fbbc69c4483b741a20a,FEASIBLE,0.0,1.0,EXPLOITATION,1
public_09,public_09_day_13,13,syn_0762071899f970108e97e5f879f23b60,syn_875b1c6c5a3cd40c806ef3512722833e,FEASIBLE,0.0,1.0,EXPLOITATION,1
public_09,public_09_day_13,13,syn_0e1fe175a9527ff92f59598e685cc7ee,syn_d6b73be38eda52db3025a5b96af5b58e,FEASIBLE,0.0,1.0,EXPLOITATION,1
public_09,public_09_day_13,13,syn_443a630b3ca8086f7d67ec70eed08f1f,syn_a6ac730a7422dc42e543fc3d84f9da31,FEASIBLE,0.0,1.0,EXPLOITATION,1
public_09,public_09_day_13,13,syn_7ea24ae1bc6dd1bf483a695694b4de60,syn_4fe3ee745aa0a0513d715c1f5e333848,FEASIBLE,0.0,1.0,EXPLOITATION,1
public_09,public_09_day_13,13,syn_3d77683b704738740b9c6ab04accd89d,syn_7943db275fb55131bbdb6929da1bc57f,FEASIBLE,0.65,1.0,EXPLOITATION,0
public_09,public_09_day_13,13,syn_ca4ebbf1f6b1a6530862a9b58dd79c12,syn_92bc461db5199d18402828ef1512b58c,FEASIBLE,0.15,1.0,EXPLORATION,0
public_09,public_09_day_13,13,syn_3d77683b704738740b9c6ab04accd89d,syn_399815501e1007dfb1a713ea80f0e372,FEASIBLE,0.1,1.0,EXPLOITATION,0
public_09,public_09_day_13,13,syn_0762071899f970108e97e5f879f23b60,syn_92bc461db5199d18402828ef1512b58c,FEASIBLE,0.05,1.0,EXPLORATION,0
public_09,public_09_day_13,13,syn_9c7c9200bd69eb3de6297f81570e2093,syn_938533b6ed1b3352a3eeee11e0e010f7,FEASIBLE,0.0,1.0,EXPLOITATION,0
public_09,public_09_day_13,13,syn_954eea336cf58b771bb42ef5e50176fe,syn_df3b42bf60bed5a6adda3b4807a79fe3,FEASIBLE,0.0,1.0,EXPLORATION,0
public_09,public_09_day_13,13,syn_4cdd431972871007799df36f158abb2b,syn_92bc461db5199d18402828ef1512b58c,FEASIBLE,0.0,1.0,EXPLORATION,0
public_09,public_09_day_13,13,syn_49184f8377e25febace8f0eb14ebfb2c,syn_72fa7f3a49551b8406189406fe067a80,FEASIBLE,0.0,1.0,EXPLORATION,0
public_09,public_09_day_13,13,syn_ca4ebbf1f6b1a6530862a9b58dd79c12,syn_a005fdbc59c75076c16892b788a008e3,FEASIBLE,0.0,1.0,EXPLOITATION,0
public_09,public_09_day_13,13,syn_0762071899f970108e97e5f879f23b60,syn_6a0a70e102a42456541ad3688e00967c,FEASIBLE,0.0,1.0,EXPLORATION,0
public_09,public_09_day_13,13,syn_23fefada2c5b19650602df9e452b270c,syn_7943db275fb55131bbdb6929da1bc57f,FEASIBLE,0.0,1.0,EXPLOITATION,0
public_09,public_09_day_13,13,syn_92bc461db5199d18402828ef1512b58c,syn_ee1b22e21a2ba67e42ee44263820977d,FEASIBLE,0.0,1.0,EXPLORATION,0
public_09,public_09_day_13,13,syn_8c39122a398b4fbbc69c4483b741a20a,syn_2cbc418ebac399b8bd636a099732065d,FEASIBLE,0.0,1.0,EXPLOITATION,0
public_09,public_09_day_14,14,syn_3d77683b704738740b9c6ab04accd89d,syn_72fa7f3a49551b8406189406fe067a80,FEASIBLE,1.0,1.0,EXPLOITATION,1
public_09,public_09_day_14,14,syn_92bc461db5199d18402828ef1512b58c,syn_a005fdbc59c75076c16892b788a008e3,FEASIBLE,0.6666666666666666,1.0,EXPLOITATION,1
public_09,public_09_day_14,14,syn_9b9eb23ba1764bf3ee3eb6b3427a9f87,syn_b923a686ac867c0fccf2c9cc2cbde8c7,FEASIBLE,0.6,1.0,EXPLOITATION,1
public_09,public_09_day_14,14,syn_a9c5ea5a5b35df82c6e4cc4a44fa35ca,syn_5101ee98621b0a0aa0efcc363c546da1,FEASIBLE,0.4,1.0,EXPLORATION,1
public_09,public_09_day_14,14,syn_399815501e1007dfb1a713ea80f0e372,syn_7943db275fb55131bbdb6929da1bc57f,FEASIBLE,0.25,1.0,EXPLOITATION,1
public_09,public_09_day_14,14,syn_954eea336cf58b771bb42ef5e50176fe,syn_a4de8bb0451caa4b23ce4900ae2ea2ae,FEASIBLE,0.2,1.0,EXPLOITATION,1
public_09,public_09_day_14,14,syn_49184f8377e25febace8f0eb14ebfb2c,syn_fd41191020e81449486bd66d57f5a965,FEASIBLE,0.15,1.0,EXPLOITATION,1
public_09,public_09_day_14,14,syn_1060f8789d9efed5c96b62750c60a10c,syn_ee1b22e21a2ba67e42ee44263820977d,FEASIBLE,0.0,1.0,EXPLOITATION,1
public_09,public_09_day_14,14,syn_9c7c9200bd69eb3de6297f81570e2093,syn_52bea84dd5f87d01e4cb9f99f1d15eeb,FEASIBLE,0.0,1.0,EXPLOITATION,1
public_09,public_09_day_14,14,syn_e02f6a883c0601314be61b0a920b7ac1,syn_d79f8912b62eda42f1d1fedb4a0692de,FEASIBLE,0.0,1.0,EXPLOITATION,1
public_09,public_09_day_14,14,syn_e01ac751b18577fb87cd8bd30466431a,syn_8c39122a398b4fbbc69c4483b741a20a,FEASIBLE,0.0,1.0,EXPLOITATION,1
public_09,public_09_day_14,14,syn_0762071899f970108e97e5f879f23b60,syn_875b1c6c5a3cd40c806ef3512722833e,FEASIBLE,0.0,1.0,EXPLOITATION,1
public_09,public_09_day_14,14,syn_0e1fe175a9527ff92f59598e685cc7ee,syn_d6b73be38eda52db3025a5b96af5b58e,FEASIBLE,0.0,1.0,EXPLOITATION,1
public_09,public_09_day_14,14,syn_443a630b3ca8086f7d67ec70eed08f1f,syn_a6ac730a7422dc42e543fc3d84f9da31,FEASIBLE,0.0,1.0,EXPLOITATION,1
public_09,public_09_day_14,14,syn_7ea24ae1bc6dd1bf483a695694b4de60,syn_4fe3ee745aa0a0513d715c1f5e333848,FEASIBLE,0.0,1.0,EXPLOITATION,1
public_09,public_09_day_14,14,syn_3d77683b704738740b9c6ab04accd89d,syn_7943db275fb55131bbdb6929da1bc57f,FEASIBLE,0.65,1.0,EXPLOITATION,0
public_09,public_09_day_14,14,syn_9b9eb23ba1764bf3ee3eb6b3427a9f87,syn_b4e4ce7c2881670a12de4cc507059e9e,FEASIBLE,0.6,1.0,EXPLORATION,0
public_09,public_09_day_14,14,syn_ca4ebbf1f6b1a6530862a9b58dd79c12,syn_92bc461db5199d18402828ef1512b58c,FEASIBLE,0.15,1.0,EXPLORATION,0
public_09,public_09_day_14,14,syn_3d77683b704738740b9c6ab04accd89d,syn_399815501e1007dfb1a713ea80f0e372,FEASIBLE,0.1,1.0,EXPLOITATION,0
public_09,public_09_day_14,14,syn_0762071899f970108e97e5f879f23b60,syn_92bc461db5199d18402828ef1512b58c,FEASIBLE,0.05,1.0,EXPLORATION,0
public_09,public_09_day_14,14,syn_9c7c9200bd69eb3de6297f81570e2093,syn_938533b6ed1b3352a3eeee11e0e010f7,FEASIBLE,0.0,1.0,EXPLOITATION,0
public_09,public_09_day_14,14,syn_954eea336cf58b771bb42ef5e50176fe,syn_df3b42bf60bed5a6adda3b4807a79fe3,FEASIBLE,0.0,1.0,EXPLORATION,0
public_09,public_09_day_14,14,syn_4cdd431972871007799df36f158abb2b,syn_92bc461db5199d18402828ef1512b58c,FEASIBLE,0.0,1.0,EXPLORATION,0
public_09,public_09_day_14,14,syn_49184f8377e25febace8f0eb14ebfb2c,syn_72fa7f3a49551b8406189406fe067a80,FEASIBLE,0.0,1.0,EXPLORATION,0
public_09,public_09_day_14,14,syn_ca4ebbf1f6b1a6530862a9b58dd79c12,syn_a005fdbc59c75076c16892b788a008e3,FEASIBLE,0.0,1.0,EXPLOITATION,0
public_09,public_09_day_14,14,syn_0762071899f970108e97e5f879f23b60,syn_6a0a70e102a42456541ad3688e00967c,FEASIBLE,0.0,1.0,EXPLORATION,0
public_09,public_09_day_14,14,syn_23fefada2c5b19650602df9e452b270c,syn_7943db275fb55131bbdb6929da1bc57f,FEASIBLE,0.0,1.0,EXPLOITATION,0
public_09,public_09_day_14,14,syn_92bc461db5199d18402828ef1512b58c,syn_ee1b22e21a2ba67e42ee44263820977d,FEASIBLE,0.0,1.0,EXPLORATION,0
public_09,public_09_day_14,14,syn_8c39122a398b4fbbc69c4483b741a20a,syn_2cbc418ebac399b8bd636a099732065d,FEASIBLE,0.0,1.0,EXPLOITATION,0
public_09,public_09_day_15,15,syn_3d77683b704738740b9c6ab04accd89d,syn_72fa7f3a49551b8406189406fe067a80,FEASIBLE,1.0,1.0,EXPLOITATION,1
public_09,public_09_day_15,15,syn_92bc461db5199d18402828ef1512b58c,syn_a005fdbc59c75076c16892b788a008e3,FEASIBLE,0.6666666666666666,1.0,EXPLOITATION,1
public_09,public_09_day_15,15,syn_9b9eb23ba1764bf3ee3eb6b3427a9f87,syn_b923a686ac867c0fccf2c9cc2cbde8c7,FEASIBLE,0.6,1.0,EXPLOITATION,1
public_09,public_09_day_15,15,syn_a9c5ea5a5b35df82c6e4cc4a44fa35ca,syn_5101ee98621b0a0aa0efcc363c546da1,FEASIBLE,0.4,1.0,EXPLOITATION,1
public_09,public_09_day_15,15,syn_399815501e1007dfb1a713ea80f0e372,syn_7943db275fb55131bbdb6929da1bc57f,FEASIBLE,0.25,1.0,EXPLOITATION,1
public_09,public_09_day_15,15,syn_954eea336cf58b771bb42ef5e50176fe,syn_a4de8bb0451caa4b23ce4900ae2ea2ae,FEASIBLE,0.2,1.0,EXPLOITATION,1
public_09,public_09_day_15,15,syn_49184f8377e25febace8f0eb14ebfb2c,syn_fd41191020e81449486bd66d57f5a965,FEASIBLE,0.15,1.0,EXPLOITATION,1
public_09,public_09_day_15,15,syn_1060f8789d9efed5c96b62750c60a10c,syn_ee1b22e21a2ba67e42ee44263820977d,FEASIBLE,0.0,1.0,EXPLOITATION,1
public_09,public_09_day_15,15,syn_9c7c9200bd69eb3de6297f81570e2093,syn_52bea84dd5f87d01e4cb9f99f1d15eeb,FEASIBLE,0.0,1.0,EXPLOITATION,1
public_09,public_09_day_15,15,syn_e02f6a883c0601314be61b0a920b7ac1,syn_d79f8912b62eda42f1d1fedb4a0692de,FEASIBLE,0.0,1.0,EXPLOITATION,1
public_09,public_09_day_15,15,syn_0762071899f970108e97e5f879f23b60,syn_875b1c6c5a3cd40c806ef3512722833e,FEASIBLE,0.0,1.0,EXPLOITATION,1
public_09,public_09_day_15,15,syn_0e1fe175a9527ff92f59598e685cc7ee,syn_d6b73be38eda52db3025a5b96af5b58e,FEASIBLE,0.0,1.0,EXPLOITATION,1
public_09,public_09_day_15,15,syn_443a630b3ca8086f7d67ec70eed08f1f,syn_a6ac730a7422dc42e543fc3d84f9da31,FEASIBLE,0.0,1.0,EXPLOITATION,1
public_09,public_09_day_15,15,syn_7ea24ae1bc6dd1bf483a695694b4de60,syn_4fe3ee745aa0a0513d715c1f5e333848,FEASIBLE,0.0,1.0,EXPLOITATION,1
public_09,public_09_day_15,15,syn_3d77683b704738740b9c6ab04accd89d,syn_7943db275fb55131bbdb6929da1bc57f,FEASIBLE,0.65,1.0,EXPLOITATION,0
public_09,public_09_day_15,15,syn_9b9eb23ba1764bf3ee3eb6b3427a9f87,syn_b4e4ce7c2881670a12de4cc507059e9e,FEASIBLE,0.6,1.0,EXPLORATION,0
public_09,public_09_day_15,15,syn_ca4ebbf1f6b1a6530862a9b58dd79c12,syn_92bc461db5199d18402828ef1512b58c,FEASIBLE,0.15,1.0,EXPLORATION,0
public_09,public_09_day_15,15,syn_3d77683b704738740b9c6ab04accd89d,syn_399815501e1007dfb1a713ea80f0e372,FEASIBLE,0.1,1.0,EXPLOITATION,0
public_09,public_09_day_15,15,syn_0762071899f970108e97e5f879f23b60,syn_92bc461db5199d18402828ef1512b58c,FEASIBLE,0.05,1.0,EXPLORATION,0
public_09,public_09_day_15,15,syn_9c7c9200bd69eb3de6297f81570e2093,syn_938533b6ed1b3352a3eeee11e0e010f7,FEASIBLE,0.0,1.0,EXPLOITATION,0
public_09,public_09_day_15,15,syn_954eea336cf58b771bb42ef5e50176fe,syn_df3b42bf60bed5a6adda3b4807a79fe3,FEASIBLE,0.0,1.0,EXPLORATION,0
public_09,public_09_day_15,15,syn_4cdd431972871007799df36f158abb2b,syn_92bc461db5199d18402828ef1512b58c,FEASIBLE,0.0,1.0,EXPLORATION,0
public_09,public_09_day_15,15,syn_49184f8377e25febace8f0eb14ebfb2c,syn_72fa7f3a49551b8406189406fe067a80,FEASIBLE,0.0,1.0,EXPLORATION,0
public_09,public_09_day_15,15,syn_ca4ebbf1f6b1a6530862a9b58dd79c12,syn_a005fdbc59c75076c16892b788a008e3,FEASIBLE,0.0,1.0,EXPLOITATION,0
public_09,public_09_day_15,15,syn_0762071899f970108e97e5f879f23b60,syn_6a0a70e102a42456541ad3688e00967c,FEASIBLE,0.0,1.0,EXPLORATION,0
public_09,public_09_day_15,15,syn_23fefada2c5b19650602df9e452b270c,syn_7943db275fb55131bbdb6929da1bc57f,FEASIBLE,0.0,1.0,EXPLOITATION,0
public_09,public_09_day_15,15,syn_92bc461db5199d18402828ef1512b58c,syn_ee1b22e21a2ba67e42ee44263820977d,FEASIBLE,0.0,1.0,EXPLORATION,0
public_09,public_09_day_16,16,syn_9b9eb23ba1764bf3ee3eb6b3427a9f87,syn_b923a686ac867c0fccf2c9cc2cbde8c7,FEASIBLE,0.6,1.0,EXPLOITATION,1
public_09,public_09_day_16,16,syn_a9c5ea5a5b35df82c6e4cc4a44fa35ca,syn_5101ee98621b0a0aa0efcc363c546da1,FEASIBLE,0.4,1.0,EXPLOITATION,1
public_09,public_09_day_16,16,syn_954eea336cf58b771bb42ef5e50176fe,syn_a4de8bb0451caa4b23ce4900ae2ea2ae,FEASIBLE,0.2,1.0,EXPLOITATION,1
public_09,public_09_day_16,16,syn_49184f8377e25febace8f0eb14ebfb2c,syn_fd41191020e81449486bd66d57f5a965,FEASIBLE,0.15,1.0,EXPLOITATION,1
public_09,public_09_day_16,16,syn_1060f8789d9efed5c96b62750c60a10c,syn_ee1b22e21a2ba67e42ee44263820977d,FEASIBLE,0.0,1.0,EXPLOITATION,1
public_09,public_09_day_16,16,syn_9c7c9200bd69eb3de6297f81570e2093,syn_52bea84dd5f87d01e4cb9f99f1d15eeb,FEASIBLE,0.0,1.0,EXPLOITATION,1
public_09,public_09_day_16,16,syn_e02f6a883c0601314be61b0a920b7ac1,syn_d79f8912b62eda42f1d1fedb4a0692de,FEASIBLE,0.0,1.0,EXPLOITATION,1
public_09,public_09_day_16,16,syn_0e1fe175a9527ff92f59598e685cc7ee,syn_d6b73be38eda52db3025a5b96af5b58e,FEASIBLE,0.0,1.0,EXPLOITATION,1
public_09,public_09_day_16,16,syn_443a630b3ca8086f7d67ec70eed08f1f,syn_a6ac730a7422dc42e543fc3d84f9da31,FEASIBLE,0.0,1.0,EXPLOITATION,1
public_09,public_09_day_16,16,syn_46153b3e21490c0dcdddff4ea33fa5d1,syn_e42956bd3ad3d0ab962031c145e0e8f5,FEASIBLE,0.0,1.0,EXPLORATION,1
public_09,public_09_day_16,16,syn_7ea24ae1bc6dd1bf483a695694b4de60,syn_4fe3ee745aa0a0513d715c1f5e333848,FEASIBLE,0.0,1.0,EXPLOITATION,1
public_09,public_09_day_16,16,syn_9b9eb23ba1764bf3ee3eb6b3427a9f87,syn_b4e4ce7c2881670a12de4cc507059e9e,FEASIBLE,0.6,1.0,EXPLORATION,0
public_09,public_09_day_16,16,syn_9c7c9200bd69eb3de6297f81570e2093,syn_938533b6ed1b3352a3eeee11e0e010f7,FEASIBLE,0.0,1.0,EXPLOITATION,0
public_09,public_09_day_16,16,syn_954eea336cf58b771bb42ef5e50176fe,syn_df3b42bf60bed5a6adda3b4807a79fe3,FEASIBLE,0.0,1.0,EXPLORATION,0
public_09,public_09_day_16,16,syn_7ea24ae1bc6dd1bf483a695694b4de60,syn_e42956bd3ad3d0ab962031c145e0e8f5,FEASIBLE,0.0,1.0,EXPLORATION,0
public_09,public_09_day_17,17,syn_b2abd96ee53a27f2c5e59d6561761225,syn_4fe3ee745aa0a0513d715c1f5e333848,FEASIBLE,1.0,1.0,EXPLORATION,1
public_09,public_09_day_17,17,syn_9b9eb23ba1764bf3ee3eb6b3427a9f87,syn_b923a686ac867c0fccf2c9cc2cbde8c7,FEASIBLE,0.6,1.0,EXPLOITATION,1
public_09,public_09_day_17,17,syn_a9c5ea5a5b35df82c6e4cc4a44fa35ca,syn_5101ee98621b0a0aa0efcc363c546da1,FEASIBLE,0.4,1.0,EXPLOITATION,1
public_09,public_09_day_17,17,syn_954eea336cf58b771bb42ef5e50176fe,syn_a4de8bb0451caa4b23ce4900ae2ea2ae,FEASIBLE,0.2,1.0,EXPLOITATION,1
public_09,public_09_day_17,17,syn_1060f8789d9efed5c96b62750c60a10c,syn_ee1b22e21a2ba67e42ee44263820977d,FEASIBLE,0.0,1.0,EXPLOITATION,1
public_09,public_09_day_17,17,syn_9c7c9200bd69eb3de6297f81570e2093,syn_52bea84dd5f87d01e4cb9f99f1d15eeb,FEASIBLE,0.0,1.0,EXPLOITATION,1
public_09,public_09_day_17,17,syn_e02f6a883c0601314be61b0a920b7ac1,syn_d79f8912b62eda42f1d1fedb4a0692de,FEASIBLE,0.0,1.0,EXPLOITATION,1
public_09,public_09_day_17,17,syn_0e1fe175a9527ff92f59598e685cc7ee,syn_d6b73be38eda52db3025a5b96af5b58e,FEASIBLE,0.0,1.0,EXPLOITATION,1
public_09,public_09_day_17,17,syn_443a630b3ca8086f7d67ec70eed08f1f,syn_a6ac730a7422dc42e543fc3d84f9da31,FEASIBLE,0.0,1.0,EXPLOITATION,1
public_09,public_09_day_17,17,syn_b2abd96ee53a27f2c5e59d6561761225,syn_395b967214926c08e0140e09fe6780da,FEASIBLE,0.9,1.0,EXPLORATION,0
public_09,public_09_day_17,17,syn_9b9eb23ba1764bf3ee3eb6b3427a9f87,syn_b4e4ce7c2881670a12de4cc507059e9e,FEASIBLE,0.6,1.0,EXPLORATION,0
public_09,public_09_day_17,17,syn_9c7c9200bd69eb3de6297f81570e2093,syn_938533b6ed1b3352a3eeee11e0e010f7,FEASIBLE,0.0,1.0,EXPLOITATION,0
public_09,public_09_day_17,17,syn_954eea336cf58b771bb42ef5e50176fe,syn_df3b42bf60bed5a6adda3b4807a79fe3,FEASIBLE,0.0,1.0,EXPLORATION,0
public_09,public_09_day_17,17,syn_b2abd96ee53a27f2c5e59d6561761225,syn_572733bbeb649bcd629f40c406bb38a5,FEASIBLE,0.0,1.0,EXPLORATION,0
public_09,public_09_day_18,18,syn_b2abd96ee53a27f2c5e59d6561761225,syn_4fe3ee745aa0a0513d715c1f5e333848,FEASIBLE,1.0,1.0,EXPLOITATION,1
public_09,public_09_day_18,18,syn_9b9eb23ba1764bf3ee3eb6b3427a9f87,syn_b923a686ac867c0fccf2c9cc2cbde8c7,FEASIBLE,0.6,1.0,EXPLOITATION,1
public_09,public_09_day_18,18,syn_0762071899f970108e97e5f879f23b60,syn_395b967214926c08e0140e09fe6780da,FEASIBLE,0.5,1.0,EXPLOITATION,1
public_09,public_09_day_18,18,syn_a9c5ea5a5b35df82c6e4cc4a44fa35ca,syn_5101ee98621b0a0aa0efcc363c546da1,FEASIBLE,0.4,1.0,EXPLOITATION,1
public_09,public_09_day_18,18,syn_399815501e1007dfb1a713ea80f0e372,syn_7943db275fb55131bbdb6929da1bc57f,FEASIBLE,0.25,1.0,EXPLOITATION,1
public_09,public_09_day_18,18,syn_954eea336cf58b771bb42ef5e50176fe,syn_a4de8bb0451caa4b23ce4900ae2ea2ae,FEASIBLE,0.2,1.0,EXPLOITATION,1
public_09,public_09_day_18,18,syn_1060f8789d9efed5c96b62750c60a10c,syn_ee1b22e21a2ba67e42ee44263820977d,FEASIBLE,0.0,1.0,EXPLOITATION,1
public_09,public_09_day_18,18,syn_9c7c9200bd69eb3de6297f81570e2093,syn_52bea84dd5f87d01e4cb9f99f1d15eeb,FEASIBLE,0.0,1.0,EXPLOITATION,1
public_09,public_09_day_18,18,syn_e02f6a883c0601314be61b0a920b7ac1,syn_d79f8912b62eda42f1d1fedb4a0692de,FEASIBLE,0.0,1.0,EXPLOITATION,1
public_09,public_09_day_18,18,syn_0e1fe175a9527ff92f59598e685cc7ee,syn_d6b73be38eda52db3025a5b96af5b58e,FEASIBLE,0.0,1.0,EXPLOITATION,1
public_09,public_09_day_18,18,syn_443a630b3ca8086f7d67ec70eed08f1f,syn_a6ac730a7422dc42e543fc3d84f9da31,FEASIBLE,0.0,1.0,EXPLOITATION,1
public_09,public_09_day_18,18,syn_b2abd96ee53a27f2c5e59d6561761225,syn_395b967214926c08e0140e09fe6780da,FEASIBLE,0.9,1.0,EXPLORATION,0
public_09,public_09_day_18,18,syn_9b9eb23ba1764bf3ee3eb6b3427a9f87,syn_b4e4ce7c2881670a12de4cc507059e9e,FEASIBLE,0.6,1.0,EXPLORATION,0
public_09,public_09_day_18,18,syn_9c7c9200bd69eb3de6297f81570e2093,syn_938533b6ed1b3352a3eeee11e0e010f7,FEASIBLE,0.0,1.0,EXPLOITATION,0
public_09,public_09_day_18,18,syn_954eea336cf58b771bb42ef5e50176fe,syn_df3b42bf60bed5a6adda3b4807a79fe3,FEASIBLE,0.0,1.0,EXPLORATION,0
public_09,public_09_day_18,18,syn_b2abd96ee53a27f2c5e59d6561761225,syn_6a0a70e102a42456541ad3688e00967c,FEASIBLE,0.0,1.0,EXPLORATION,0
public_09,public_09_day_18,18,syn_b2abd96ee53a27f2c5e59d6561761225,syn_572733bbeb649bcd629f40c406bb38a5,FEASIBLE,0.0,1.0,EXPLORATION,0
public_09,public_09_day_18,18,syn_0762071899f970108e97e5f879f23b60,syn_875b1c6c5a3cd40c806ef3512722833e,FEASIBLE,0.0,1.0,EXPLOITATION,0
public_09,public_09_day_18,18,syn_0762071899f970108e97e5f879f23b60,syn_6a0a70e102a42456541ad3688e00967c,FEASIBLE,0.0,1.0,EXPLORATION,0
public_09,public_09_day_18,18,syn_23fefada2c5b19650602df9e452b270c,syn_7943db275fb55131bbdb6929da1bc57f,FEASIBLE,0.0,1.0,EXPLOITATION,0
public_09,public_09_day_19,19,syn_b2abd96ee53a27f2c5e59d6561761225,syn_4fe3ee745aa0a0513d715c1f5e333848,FEASIBLE,1.0,1.0,EXPLOITATION,1
public_09,public_09_day_19,19,syn_9b9eb23ba1764bf3ee3eb6b3427a9f87,syn_b923a686ac867c0fccf2c9cc2cbde8c7,FEASIBLE,0.6,1.0,EXPLOITATION,1
public_09,public_09_day_19,19,syn_0762071899f970108e97e5f879f23b60,syn_395b967214926c08e0140e09fe6780da,FEASIBLE,0.5,1.0,EXPLOITATION,1
public_09,public_09_day_19,19,syn_a9c5ea5a5b35df82c6e4cc4a44fa35ca,syn_5101ee98621b0a0aa0efcc363c546da1,FEASIBLE,0.4,1.0,EXPLOITATION,1
public_09,public_09_day_19,19,syn_399815501e1007dfb1a713ea80f0e372,syn_7943db275fb55131bbdb6929da1bc57f,FEASIBLE,0.25,1.0,EXPLOITATION,1
public_09,public_09_day_19,19,syn_954eea336cf58b771bb42ef5e50176fe,syn_a4de8bb0451caa4b23ce4900ae2ea2ae,FEASIBLE,0.2,1.0,EXPLOITATION,1
public_09,public_09_day_19,19,syn_1060f8789d9efed5c96b62750c60a10c,syn_ee1b22e21a2ba67e42ee44263820977d,FEASIBLE,0.0,1.0,EXPLOITATION,1
public_09,public_09_day_19,19,syn_9c7c9200bd69eb3de6297f81570e2093,syn_f37b7db2cd4e3caf99dcada45326ece7,FEASIBLE,0.0,1.0,EXPLOITATION,1
public_09,public_09_day_19,19,syn_e02f6a883c0601314be61b0a920b7ac1,syn_d79f8912b62eda42f1d1fedb4a0692de,FEASIBLE,0.0,1.0,EXPLOITATION,1
public_09,public_09_day_19,19,syn_0e1fe175a9527ff92f59598e685cc7ee,syn_d6b73be38eda52db3025a5b96af5b58e,FEASIBLE,0.0,1.0,EXPLOITATION,1
public_09,public_09_day_19,19,syn_443a630b3ca8086f7d67ec70eed08f1f,syn_a6ac730a7422dc42e543fc3d84f9da31,FEASIBLE,0.0,1.0,EXPLOITATION,1
public_09,public_09_day_19,19,syn_b2abd96ee53a27f2c5e59d6561761225,syn_395b967214926c08e0140e09fe6780da,FEASIBLE,0.9,1.0,EXPLORATION,0
public_09,public_09_day_19,19,syn_9b9eb23ba1764bf3ee3eb6b3427a9f87,syn_b4e4ce7c2881670a12de4cc507059e9e,FEASIBLE,0.6,1.0,EXPLORATION,0
public_09,public_09_day_19,19,syn_9c7c9200bd69eb3de6297f81570e2093,syn_52bea84dd5f87d01e4cb9f99f1d15eeb,FEASIBLE,0.0,1.0,EXPLOITATION,0
public_09,public_09_day_19,19,syn_9c7c9200bd69eb3de6297f81570e2093,syn_938533b6ed1b3352a3eeee11e0e010f7,FEASIBLE,0.0,1.0,EXPLOITATION,0
public_09,public_09_day_19,19,syn_954eea336cf58b771bb42ef5e50176fe,syn_df3b42bf60bed5a6adda3b4807a79fe3,FEASIBLE,0.0,1.0,EXPLORATION,0
public_09,public_09_day_19,19,syn_b2abd96ee53a27f2c5e59d6561761225,syn_6a0a70e102a42456541ad3688e00967c,FEASIBLE,0.0,1.0,EXPLORATION,0
public_09,public_09_day_19,19,syn_b2abd96ee53a27f2c5e59d6561761225,syn_572733bbeb649bcd629f40c406bb38a5,FEASIBLE,0.0,1.0,EXPLORATION,0
public_09,public_09_day_19,19,syn_3897f1b0cc5984c872766b78ee052e7e,syn_f37b7db2cd4e3caf99dcada45326ece7,FEASIBLE,0.0,1.0,EXPLORATION,0
public_09,public_09_day_19,19,syn_0762071899f970108e97e5f879f23b60,syn_875b1c6c5a3cd40c806ef3512722833e,FEASIBLE,0.0,1.0,EXPLOITATION,0
public_09,public_09_day_19,19,syn_0762071899f970108e97e5f879f23b60,syn_6a0a70e102a42456541ad3688e00967c,FEASIBLE,0.0,1.0,EXPLORATION,0
public_09,public_09_day_19,19,syn_23fefada2c5b19650602df9e452b270c,syn_7943db275fb55131bbdb6929da1bc57f,FEASIBLE,0.0,1.0,EXPLOITATION,0
public_09,public_09_day_19,19,syn_f37b7db2cd4e3caf99dcada45326ece7,syn_938533b6ed1b3352a3eeee11e0e010f7,FEASIBLE,0.0,1.0,EXPLOITATION,0
public_09,public_09_day_20,20,syn_9b9eb23ba1764bf3ee3eb6b3427a9f87,syn_b4e4ce7c2881670a12de4cc507059e9e,FEASIBLE,0.6,1.0,EXPLORATION,1
public_09,public_09_day_20,20,syn_a9c5ea5a5b35df82c6e4cc4a44fa35ca,syn_5101ee98621b0a0aa0efcc363c546da1,FEASIBLE,0.4,1.0,EXPLOITATION,1
public_09,public_09_day_20,20,syn_399815501e1007dfb1a713ea80f0e372,syn_7943db275fb55131bbdb6929da1bc57f,FEASIBLE,0.25,1.0,EXPLOITATION,1
public_09,public_09_day_20,20,syn_954eea336cf58b771bb42ef5e50176fe,syn_a4de8bb0451caa4b23ce4900ae2ea2ae,FEASIBLE,0.2,1.0,EXPLOITATION,1
public_09,public_09_day_20,20,syn_1060f8789d9efed5c96b62750c60a10c,syn_ee1b22e21a2ba67e42ee44263820977d,FEASIBLE,0.0,1.0,EXPLOITATION,1
public_09,public_09_day_20,20,syn_9c7c9200bd69eb3de6297f81570e2093,syn_f37b7db2cd4e3caf99dcada45326ece7,FEASIBLE,0.0,1.0,EXPLOITATION,1
public_09,public_09_day_20,20,syn_e02f6a883c0601314be61b0a920b7ac1,syn_d79f8912b62eda42f1d1fedb4a0692de,FEASIBLE,0.0,1.0,EXPLOITATION,1
public_09,public_09_day_20,20,syn_0762071899f970108e97e5f879f23b60,syn_875b1c6c5a3cd40c806ef3512722833e,FEASIBLE,0.0,1.0,EXPLOITATION,1
public_09,public_09_day_20,20,syn_0e1fe175a9527ff92f59598e685cc7ee,syn_d6b73be38eda52db3025a5b96af5b58e,FEASIBLE,0.0,1.0,EXPLOITATION,1
public_09,public_09_day_20,20,syn_443a630b3ca8086f7d67ec70eed08f1f,syn_a6ac730a7422dc42e543fc3d84f9da31,FEASIBLE,0.0,1.0,EXPLOITATION,1
public_09,public_09_day_20,20,syn_9c7c9200bd69eb3de6297f81570e2093,syn_52bea84dd5f87d01e4cb9f99f1d15eeb,FEASIBLE,0.0,1.0,EXPLOITATION,0
public_09,public_09_day_20,20,syn_9c7c9200bd69eb3de6297f81570e2093,syn_938533b6ed1b3352a3eeee11e0e010f7,FEASIBLE,0.0,1.0,EXPLOITATION,0
public_09,public_09_day_20,20,syn_954eea336cf58b771bb42ef5e50176fe,syn_df3b42bf60bed5a6adda3b4807a79fe3,FEASIBLE,0.0,1.0,EXPLORATION,0
public_09,public_09_day_20,20,syn_3897f1b0cc5984c872766b78ee052e7e,syn_f37b7db2cd4e3caf99dcada45326ece7,FEASIBLE,0.0,1.0,EXPLORATION,0
public_09,public_09_day_20,20,syn_0762071899f970108e97e5f879f23b60,syn_6a0a70e102a42456541ad3688e00967c,FEASIBLE,0.0,1.0,EXPLORATION,0
public_09,public_09_day_20,20,syn_23fefada2c5b19650602df9e452b270c,syn_7943db275fb55131bbdb6929da1bc57f,FEASIBLE,0.0,1.0,EXPLOITATION,0
public_09,public_09_day_20,20,syn_f37b7db2cd4e3caf99dcada45326ece7,syn_938533b6ed1b3352a3eeee11e0e010f7,FEASIBLE,0.0,1.0,EXPLOITATION,0
public_09,public_09_day_21,21,syn_9b9eb23ba1764bf3ee3eb6b3427a9f87,syn_b4e4ce7c2881670a12de4cc507059e9e,FEASIBLE,0.6,1.0,EXPLOITATION,1
public_09,public_09_day_21,21,syn_a9c5ea5a5b35df82c6e4cc4a44fa35ca,syn_5101ee98621b0a0aa0efcc363c546da1,FEASIBLE,0.4,1.0,EXPLOITATION,1
public_09,public_09_day_21,21,syn_399815501e1007dfb1a713ea80f0e372,syn_7943db275fb55131bbdb6929da1bc57f,FEASIBLE,0.25,1.0,EXPLOITATION,1
public_09,public_09_day_21,21,syn_954eea336cf58b771bb42ef5e50176fe,syn_a4de8bb0451caa4b23ce4900ae2ea2ae,FEASIBLE,0.2,1.0,EXPLOITATION,1
public_09,public_09_day_21,21,syn_1060f8789d9efed5c96b62750c60a10c,syn_ee1b22e21a2ba67e42ee44263820977d,FEASIBLE,0.0,1.0,EXPLOITATION,1
public_09,public_09_day_21,21,syn_9c7c9200bd69eb3de6297f81570e2093,syn_52bea84dd5f87d01e4cb9f99f1d15eeb,FEASIBLE,0.0,1.0,EXPLOITATION,1
public_09,public_09_day_21,21,syn_e02f6a883c0601314be61b0a920b7ac1,syn_d79f8912b62eda42f1d1fedb4a0692de,FEASIBLE,0.0,1.0,EXPLOITATION,1
public_09,public_09_day_21,21,syn_e01ac751b18577fb87cd8bd30466431a,syn_8c39122a398b4fbbc69c4483b741a20a,FEASIBLE,0.0,1.0,EXPLOITATION,1
public_09,public_09_day_21,21,syn_0762071899f970108e97e5f879f23b60,syn_875b1c6c5a3cd40c806ef3512722833e,FEASIBLE,0.0,1.0,EXPLOITATION,1
public_09,public_09_day_21,21,syn_0e1fe175a9527ff92f59598e685cc7ee,syn_d6b73be38eda52db3025a5b96af5b58e,FEASIBLE,0.0,1.0,EXPLOITATION,1
public_09,public_09_day_21,21,syn_443a630b3ca8086f7d67ec70eed08f1f,syn_a6ac730a7422dc42e543fc3d84f9da31,FEASIBLE,0.0,1.0,EXPLOITATION,1
public_09,public_09_day_21,21,syn_954eea336cf58b771bb42ef5e50176fe,syn_df3b42bf60bed5a6adda3b4807a79fe3,FEASIBLE,0.0,1.0,EXPLORATION,0
public_09,public_09_day_21,21,syn_0762071899f970108e97e5f879f23b60,syn_6a0a70e102a42456541ad3688e00967c,FEASIBLE,0.0,1.0,EXPLORATION,0
public_09,public_09_day_21,21,syn_23fefada2c5b19650602df9e452b270c,syn_7943db275fb55131bbdb6929da1bc57f,FEASIBLE,0.0,1.0,EXPLOITATION,0
public_09,public_09_day_21,21,syn_8c39122a398b4fbbc69c4483b741a20a,syn_2cbc418ebac399b8bd636a099732065d,FEASIBLE,0.0,1.0,EXPLOITATION,0
public_09,public_09_day_22,22,syn_9b9eb23ba1764bf3ee3eb6b3427a9f87,syn_b4e4ce7c2881670a12de4cc507059e9e,FEASIBLE,0.6,1.0,EXPLOITATION,1
public_09,public_09_day_22,22,syn_a9c5ea5a5b35df82c6e4cc4a44fa35ca,syn_5101ee98621b0a0aa0efcc363c546da1,FEASIBLE,0.4,1.0,EXPLOITATION,1
public_09,public_09_day_22,22,syn_399815501e1007dfb1a713ea80f0e372,syn_7943db275fb55131bbdb6929da1bc57f,FEASIBLE,0.25,1.0,EXPLOITATION,1
public_09,public_09_day_22,22,syn_954eea336cf58b771bb42ef5e50176fe,syn_a4de8bb0451caa4b23ce4900ae2ea2ae,FEASIBLE,0.2,1.0,EXPLOITATION,1
public_09,public_09_day_22,22,syn_1060f8789d9efed5c96b62750c60a10c,syn_ee1b22e21a2ba67e42ee44263820977d,FEASIBLE,0.0,1.0,EXPLOITATION,1
public_09,public_09_day_22,22,syn_9c7c9200bd69eb3de6297f81570e2093,syn_52bea84dd5f87d01e4cb9f99f1d15eeb,FEASIBLE,0.0,1.0,EXPLOITATION,1
public_09,public_09_day_22,22,syn_e02f6a883c0601314be61b0a920b7ac1,syn_d79f8912b62eda42f1d1fedb4a0692de,FEASIBLE,0.0,1.0,EXPLOITATION,1
public_09,public_09_day_22,22,syn_e01ac751b18577fb87cd8bd30466431a,syn_8c39122a398b4fbbc69c4483b741a20a,FEASIBLE,0.0,1.0,EXPLOITATION,1
public_09,public_09_day_22,22,syn_0762071899f970108e97e5f879f23b60,syn_875b1c6c5a3cd40c806ef3512722833e,FEASIBLE,0.0,1.0,EXPLOITATION,1
public_09,public_09_day_22,22,syn_0e1fe175a9527ff92f59598e685cc7ee,syn_d6b73be38eda52db3025a5b96af5b58e,FEASIBLE,0.0,1.0,EXPLOITATION,1
public_09,public_09_day_22,22,syn_443a630b3ca8086f7d67ec70eed08f1f,syn_a6ac730a7422dc42e543fc3d84f9da31,FEASIBLE,0.0,1.0,EXPLOITATION,1
public_09,public_09_day_22,22,syn_954eea336cf58b771bb42ef5e50176fe,syn_df3b42bf60bed5a6adda3b4807a79fe3,FEASIBLE,0.0,1.0,EXPLORATION,0
public_09,public_09_day_22,22,syn_0762071899f970108e97e5f879f23b60,syn_6a0a70e102a42456541ad3688e00967c,FEASIBLE,0.0,1.0,EXPLORATION,0
public_09,public_09_day_22,22,syn_23fefada2c5b19650602df9e452b270c,syn_7943db275fb55131bbdb6929da1bc57f,FEASIBLE,0.0,1.0,EXPLOITATION,0
public_09,public_09_day_22,22,syn_8c39122a398b4fbbc69c4483b741a20a,syn_2cbc418ebac399b8bd636a099732065d,FEASIBLE,0.0,1.0,EXPLOITATION,0
public_09,public_09_day_23,23,syn_3d77683b704738740b9c6ab04accd89d,syn_72fa7f3a49551b8406189406fe067a80,FEASIBLE,1.0,1.0,EXPLOITATION,1
public_09,public_09_day_23,23,syn_9b9eb23ba1764bf3ee3eb6b3427a9f87,syn_b4e4ce7c2881670a12de4cc507059e9e,FEASIBLE,0.6,1.0,EXPLOITATION,1
public_09,public_09_day_23,23,syn_a9c5ea5a5b35df82c6e4cc4a44fa35ca,syn_5101ee98621b0a0aa0efcc363c546da1,FEASIBLE,0.4,1.0,EXPLOITATION,1
public_09,public_09_day_23,23,syn_399815501e1007dfb1a713ea80f0e372,syn_7943db275fb55131bbdb6929da1bc57f,FEASIBLE,0.25,1.0,EXPLOITATION,1
public_09,public_09_day_23,23,syn_954eea336cf58b771bb42ef5e50176fe,syn_a4de8bb0451caa4b23ce4900ae2ea2ae,FEASIBLE,0.2,1.0,EXPLOITATION,1
public_09,public_09_day_23,23,syn_1060f8789d9efed5c96b62750c60a10c,syn_ee1b22e21a2ba67e42ee44263820977d,FEASIBLE,0.0,1.0,EXPLOITATION,1
public_09,public_09_day_23,23,syn_9c7c9200bd69eb3de6297f81570e2093,syn_52bea84dd5f87d01e4cb9f99f1d15eeb,FEASIBLE,0.0,1.0,EXPLOITATION,1
public_09,public_09_day_23,23,syn_e02f6a883c0601314be61b0a920b7ac1,syn_d79f8912b62eda42f1d1fedb4a0692de,FEASIBLE,0.0,1.0,EXPLOITATION,1
public_09,public_09_day_23,23,syn_e01ac751b18577fb87cd8bd30466431a,syn_8c39122a398b4fbbc69c4483b741a20a,FEASIBLE,0.0,1.0,EXPLOITATION,1
public_09,public_09_day_23,23,syn_0762071899f970108e97e5f879f23b60,syn_875b1c6c5a3cd40c806ef3512722833e,FEASIBLE,0.0,1.0,EXPLOITATION,1
public_09,public_09_day_23,23,syn_0e1fe175a9527ff92f59598e685cc7ee,syn_d6b73be38eda52db3025a5b96af5b58e,FEASIBLE,0.0,1.0,EXPLOITATION,1
public_09,public_09_day_23,23,syn_443a630b3ca8086f7d67ec70eed08f1f,syn_a6ac730a7422dc42e543fc3d84f9da31,FEASIBLE,0.0,1.0,EXPLOITATION,1
public_09,public_09_day_23,23,syn_3d77683b704738740b9c6ab04accd89d,syn_7943db275fb55131bbdb6929da1bc57f,FEASIBLE,0.65,1.0,EXPLOITATION,0
public_09,public_09_day_23,23,syn_3d77683b704738740b9c6ab04accd89d,syn_399815501e1007dfb1a713ea80f0e372,FEASIBLE,0.1,1.0,EXPLOITATION,0
public_09,public_09_day_23,23,syn_954eea336cf58b771bb42ef5e50176fe,syn_df3b42bf60bed5a6adda3b4807a79fe3,FEASIBLE,0.0,1.0,EXPLORATION,0
public_09,public_09_day_23,23,syn_0762071899f970108e97e5f879f23b60,syn_6a0a70e102a42456541ad3688e00967c,FEASIBLE,0.0,1.0,EXPLORATION,0
public_09,public_09_day_23,23,syn_23fefada2c5b19650602df9e452b270c,syn_7943db275fb55131bbdb6929da1bc57f,FEASIBLE,0.0,1.0,EXPLOITATION,0
public_09,public_09_day_23,23,syn_8c39122a398b4fbbc69c4483b741a20a,syn_2cbc418ebac399b8bd636a099732065d,FEASIBLE,0.0,1.0,EXPLOITATION,0
public_09,public_09_day_24,24,syn_3d77683b704738740b9c6ab04accd89d,syn_72fa7f3a49551b8406189406fe067a80,FEASIBLE,1.0,1.0,EXPLOITATION,1
public_09,public_09_day_24,24,syn_9b9eb23ba1764bf3ee3eb6b3427a9f87,syn_b4e4ce7c2881670a12de4cc507059e9e,FEASIBLE,0.6,1.0,EXPLOITATION,1
public_09,public_09_day_24,24,syn_a9c5ea5a5b35df82c6e4cc4a44fa35ca,syn_5101ee98621b0a0aa0efcc363c546da1,FEASIBLE,0.4,1.0,EXPLOITATION,1
public_09,public_09_day_24,24,syn_399815501e1007dfb1a713ea80f0e372,syn_7943db275fb55131bbdb6929da1bc57f,FEASIBLE,0.25,1.0,EXPLOITATION,1
public_09,public_09_day_24,24,syn_954eea336cf58b771bb42ef5e50176fe,syn_a4de8bb0451caa4b23ce4900ae2ea2ae,FEASIBLE,0.2,1.0,EXPLOITATION,1
public_09,public_09_day_24,24,syn_1060f8789d9efed5c96b62750c60a10c,syn_ee1b22e21a2ba67e42ee44263820977d,FEASIBLE,0.0,1.0,EXPLOITATION,1
public_09,public_09_day_24,24,syn_9c7c9200bd69eb3de6297f81570e2093,syn_f37b7db2cd4e3caf99dcada45326ece7,FEASIBLE,0.0,1.0,EXPLOITATION,1
public_09,public_09_day_24,24,syn_e02f6a883c0601314be61b0a920b7ac1,syn_d79f8912b62eda42f1d1fedb4a0692de,FEASIBLE,0.0,1.0,EXPLOITATION,1
public_09,public_09_day_24,24,syn_e01ac751b18577fb87cd8bd30466431a,syn_8c39122a398b4fbbc69c4483b741a20a,FEASIBLE,0.0,1.0,EXPLOITATION,1
public_09,public_09_day_24,24,syn_0e1fe175a9527ff92f59598e685cc7ee,syn_d6b73be38eda52db3025a5b96af5b58e,FEASIBLE,0.0,1.0,EXPLOITATION,1
public_09,public_09_day_24,24,syn_443a630b3ca8086f7d67ec70eed08f1f,syn_a6ac730a7422dc42e543fc3d84f9da31,FEASIBLE,0.0,1.0,EXPLOITATION,1
public_09,public_09_day_24,24,syn_3d77683b704738740b9c6ab04accd89d,syn_7943db275fb55131bbdb6929da1bc57f,FEASIBLE,0.65,1.0,EXPLOITATION,0
public_09,public_09_day_24,24,syn_3d77683b704738740b9c6ab04accd89d,syn_399815501e1007dfb1a713ea80f0e372,FEASIBLE,0.1,1.0,EXPLOITATION,0
public_09,public_09_day_24,24,syn_9c7c9200bd69eb3de6297f81570e2093,syn_52bea84dd5f87d01e4cb9f99f1d15eeb,FEASIBLE,0.0,1.0,EXPLOITATION,0
public_09,public_09_day_24,24,syn_9c7c9200bd69eb3de6297f81570e2093,syn_938533b6ed1b3352a3eeee11e0e010f7,FEASIBLE,0.0,1.0,EXPLOITATION,0
public_09,public_09_day_24,24,syn_954eea336cf58b771bb42ef5e50176fe,syn_df3b42bf60bed5a6adda3b4807a79fe3,FEASIBLE,0.0,1.0,EXPLORATION,0
public_09,public_09_day_24,24,syn_3897f1b0cc5984c872766b78ee052e7e,syn_f37b7db2cd4e3caf99dcada45326ece7,FEASIBLE,0.0,1.0,EXPLORATION,0
public_09,public_09_day_24,24,syn_23fefada2c5b19650602df9e452b270c,syn_7943db275fb55131bbdb6929da1bc57f,FEASIBLE,0.0,1.0,EXPLOITATION,0
public_09,public_09_day_24,24,syn_f37b7db2cd4e3caf99dcada45326ece7,syn_938533b6ed1b3352a3eeee11e0e010f7,FEASIBLE,0.0,1.0,EXPLOITATION,0
public_09,public_09_day_24,24,syn_8c39122a398b4fbbc69c4483b741a20a,syn_2cbc418ebac399b8bd636a099732065d,FEASIBLE,0.0,1.0,EXPLOITATION,0
public_09,public_09_day_26,26,syn_3d77683b704738740b9c6ab04accd89d,syn_72fa7f3a49551b8406189406fe067a80,FEASIBLE,1.0,1.0,EXPLOITATION,1
public_09,public_09_day_26,26,syn_b2abd96ee53a27f2c5e59d6561761225,syn_4fe3ee745aa0a0513d715c1f5e333848,FEASIBLE,1.0,1.0,EXPLOITATION,1
public_09,public_09_day_26,26,syn_9b9eb23ba1764bf3ee3eb6b3427a9f87,syn_b4e4ce7c2881670a12de4cc507059e9e,FEASIBLE,0.6,1.0,EXPLOITATION,1
public_09,public_09_day_26,26,syn_a9c5ea5a5b35df82c6e4cc4a44fa35ca,syn_5101ee98621b0a0aa0efcc363c546da1,FEASIBLE,0.4,1.0,EXPLOITATION,1
public_09,public_09_day_26,26,syn_399815501e1007dfb1a713ea80f0e372,syn_7943db275fb55131bbdb6929da1bc57f,FEASIBLE,0.25,1.0,EXPLOITATION,1
public_09,public_09_day_26,26,syn_954eea336cf58b771bb42ef5e50176fe,syn_a4de8bb0451caa4b23ce4900ae2ea2ae,FEASIBLE,0.2,1.0,EXPLOITATION,1
public_09,public_09_day_26,26,syn_49184f8377e25febace8f0eb14ebfb2c,syn_fd41191020e81449486bd66d57f5a965,FEASIBLE,0.15,1.0,EXPLOITATION,1
public_09,public_09_day_26,26,syn_1060f8789d9efed5c96b62750c60a10c,syn_ee1b22e21a2ba67e42ee44263820977d,FEASIBLE,0.0,1.0,EXPLOITATION,1
public_09,public_09_day_26,26,syn_9c7c9200bd69eb3de6297f81570e2093,syn_f37b7db2cd4e3caf99dcada45326ece7,FEASIBLE,0.0,1.0,EXPLOITATION,1
public_09,public_09_day_26,26,syn_e02f6a883c0601314be61b0a920b7ac1,syn_d79f8912b62eda42f1d1fedb4a0692de,FEASIBLE,0.0,1.0,EXPLOITATION,1
public_09,public_09_day_26,26,syn_e01ac751b18577fb87cd8bd30466431a,syn_8c39122a398b4fbbc69c4483b741a20a,FEASIBLE,0.0,1.0,EXPLOITATION,1
public_09,public_09_day_26,26,syn_0e1fe175a9527ff92f59598e685cc7ee,syn_d6b73be38eda52db3025a5b96af5b58e,FEASIBLE,0.0,1.0,EXPLOITATION,1
public_09,public_09_day_26,26,syn_443a630b3ca8086f7d67ec70eed08f1f,syn_a6ac730a7422dc42e543fc3d84f9da31,FEASIBLE,0.0,1.0,EXPLOITATION,1
public_09,public_09_day_26,26,syn_46153b3e21490c0dcdddff4ea33fa5d1,syn_e42956bd3ad3d0ab962031c145e0e8f5,FEASIBLE,0.0,1.0,EXPLOITATION,1
public_09,public_09_day_26,26,syn_3d77683b704738740b9c6ab04accd89d,syn_7943db275fb55131bbdb6929da1bc57f,FEASIBLE,0.65,1.0,EXPLOITATION,0
public_09,public_09_day_26,26,syn_3d77683b704738740b9c6ab04accd89d,syn_399815501e1007dfb1a713ea80f0e372,FEASIBLE,0.1,1.0,EXPLOITATION,0
public_09,public_09_day_26,26,syn_9c7c9200bd69eb3de6297f81570e2093,syn_52bea84dd5f87d01e4cb9f99f1d15eeb,FEASIBLE,0.0,1.0,EXPLOITATION,0
public_09,public_09_day_26,26,syn_9c7c9200bd69eb3de6297f81570e2093,syn_938533b6ed1b3352a3eeee11e0e010f7,FEASIBLE,0.0,1.0,EXPLOITATION,0
public_09,public_09_day_26,26,syn_954eea336cf58b771bb42ef5e50176fe,syn_df3b42bf60bed5a6adda3b4807a79fe3,FEASIBLE,0.0,1.0,EXPLORATION,0
public_09,public_09_day_26,26,syn_b2abd96ee53a27f2c5e59d6561761225,syn_6a0a70e102a42456541ad3688e00967c,FEASIBLE,0.0,1.0,EXPLORATION,0
public_09,public_09_day_26,26,syn_b2abd96ee53a27f2c5e59d6561761225,syn_572733bbeb649bcd629f40c406bb38a5,FEASIBLE,0.0,1.0,EXPLORATION,0
public_09,public_09_day_26,26,syn_b2abd96ee53a27f2c5e59d6561761225,syn_7ea24ae1bc6dd1bf483a695694b4de60,FEASIBLE,0.0,1.0,EXPLORATION,0
public_09,public_09_day_26,26,syn_49184f8377e25febace8f0eb14ebfb2c,syn_144a731e5f6fbba895bb43400c8e21ac,FEASIBLE,0.0,1.0,EXPLORATION,0
public_09,public_09_day_26,26,syn_49184f8377e25febace8f0eb14ebfb2c,syn_72fa7f3a49551b8406189406fe067a80,FEASIBLE,0.0,1.0,EXPLORATION,0
public_09,public_09_day_26,26,syn_3897f1b0cc5984c872766b78ee052e7e,syn_f37b7db2cd4e3caf99dcada45326ece7,FEASIBLE,0.0,1.0,EXPLORATION,0
public_09,public_09_day_26,26,syn_23fefada2c5b19650602df9e452b270c,syn_7943db275fb55131bbdb6929da1bc57f,FEASIBLE,0.0,1.0,EXPLOITATION,0
public_09,public_09_day_26,26,syn_f37b7db2cd4e3caf99dcada45326ece7,syn_938533b6ed1b3352a3eeee11e0e010f7,FEASIBLE,0.0,1.0,EXPLOITATION,0
public_09,public_09_day_26,26,syn_8c39122a398b4fbbc69c4483b741a20a,syn_2cbc418ebac399b8bd636a099732065d,FEASIBLE,0.0,1.0,EXPLOITATION,0
public_09,public_09_day_26,26,syn_7ea24ae1bc6dd1bf483a695694b4de60,syn_e42956bd3ad3d0ab962031c145e0e8f5,FEASIBLE,0.0,1.0,EXPLORATION,0
public_09,public_09_day_26,26,syn_7ea24ae1bc6dd1bf483a695694b4de60,syn_4fe3ee745aa0a0513d715c1f5e333848,FEASIBLE,0.0,1.0,EXPLOITATION,0
public_09,public_09_day_27,27,syn_b2abd96ee53a27f2c5e59d6561761225,syn_4fe3ee745aa0a0513d715c1f5e333848,FEASIBLE,1.0,1.0,EXPLOITATION,1
public_09,public_09_day_27,27,syn_9b9eb23ba1764bf3ee3eb6b3427a9f87,syn_b4e4ce7c2881670a12de4cc507059e9e,FEASIBLE,0.6,1.0,EXPLOITATION,1
public_09,public_09_day_27,27,syn_a9c5ea5a5b35df82c6e4cc4a44fa35ca,syn_5101ee98621b0a0aa0efcc363c546da1,FEASIBLE,0.4,1.0,EXPLOITATION,1
public_09,public_09_day_27,27,syn_399815501e1007dfb1a713ea80f0e372,syn_7943db275fb55131bbdb6929da1bc57f,FEASIBLE,0.25,1.0,EXPLOITATION,1
public_09,public_09_day_27,27,syn_954eea336cf58b771bb42ef5e50176fe,syn_a4de8bb0451caa4b23ce4900ae2ea2ae,FEASIBLE,0.2,1.0,EXPLOITATION,1
public_09,public_09_day_27,27,syn_49184f8377e25febace8f0eb14ebfb2c,syn_fd41191020e81449486bd66d57f5a965,FEASIBLE,0.15,1.0,EXPLOITATION,1
public_09,public_09_day_27,27,syn_1060f8789d9efed5c96b62750c60a10c,syn_ee1b22e21a2ba67e42ee44263820977d,FEASIBLE,0.0,1.0,EXPLOITATION,1
public_09,public_09_day_27,27,syn_9c7c9200bd69eb3de6297f81570e2093,syn_f37b7db2cd4e3caf99dcada45326ece7,FEASIBLE,0.0,1.0,EXPLOITATION,1
public_09,public_09_day_27,27,syn_e02f6a883c0601314be61b0a920b7ac1,syn_d79f8912b62eda42f1d1fedb4a0692de,FEASIBLE,0.0,1.0,EXPLOITATION,1
public_09,public_09_day_27,27,syn_e01ac751b18577fb87cd8bd30466431a,syn_8c39122a398b4fbbc69c4483b741a20a,FEASIBLE,0.0,1.0,EXPLOITATION,1
public_09,public_09_day_27,27,syn_0e1fe175a9527ff92f59598e685cc7ee,syn_d6b73be38eda52db3025a5b96af5b58e,FEASIBLE,0.0,1.0,EXPLOITATION,1
public_09,public_09_day_27,27,syn_443a630b3ca8086f7d67ec70eed08f1f,syn_a6ac730a7422dc42e543fc3d84f9da31,FEASIBLE,0.0,1.0,EXPLOITATION,1
public_09,public_09_day_27,27,syn_46153b3e21490c0dcdddff4ea33fa5d1,syn_e42956bd3ad3d0ab962031c145e0e8f5,FEASIBLE,0.0,1.0,EXPLOITATION,1
public_09,public_09_day_27,27,syn_9c7c9200bd69eb3de6297f81570e2093,syn_52bea84dd5f87d01e4cb9f99f1d15eeb,FEASIBLE,0.0,1.0,EXPLOITATION,0
public_09,public_09_day_27,27,syn_9c7c9200bd69eb3de6297f81570e2093,syn_938533b6ed1b3352a3eeee11e0e010f7,FEASIBLE,0.0,1.0,EXPLOITATION,0
public_09,public_09_day_27,27,syn_954eea336cf58b771bb42ef5e50176fe,syn_df3b42bf60bed5a6adda3b4807a79fe3,FEASIBLE,0.0,1.0,EXPLORATION,0
public_09,public_09_day_27,27,syn_b2abd96ee53a27f2c5e59d6561761225,syn_6a0a70e102a42456541ad3688e00967c,FEASIBLE,0.0,1.0,EXPLORATION,0
public_09,public_09_day_27,27,syn_b2abd96ee53a27f2c5e59d6561761225,syn_572733bbeb649bcd629f40c406bb38a5,FEASIBLE,0.0,1.0,EXPLORATION,0
public_09,public_09_day_27,27,syn_b2abd96ee53a27f2c5e59d6561761225,syn_7ea24ae1bc6dd1bf483a695694b4de60,FEASIBLE,0.0,1.0,EXPLORATION,0
public_09,public_09_day_27,27,syn_49184f8377e25febace8f0eb14ebfb2c,syn_144a731e5f6fbba895bb43400c8e21ac,FEASIBLE,0.0,1.0,EXPLORATION,0
public_09,public_09_day_27,27,syn_3897f1b0cc5984c872766b78ee052e7e,syn_f37b7db2cd4e3caf99dcada45326ece7,FEASIBLE,0.0,1.0,EXPLORATION,0
public_09,public_09_day_27,27,syn_23fefada2c5b19650602df9e452b270c,syn_7943db275fb55131bbdb6929da1bc57f,FEASIBLE,0.0,1.0,EXPLOITATION,0
public_09,public_09_day_27,27,syn_f37b7db2cd4e3caf99dcada45326ece7,syn_938533b6ed1b3352a3eeee11e0e010f7,FEASIBLE,0.0,1.0,EXPLOITATION,0
public_09,public_09_day_27,27,syn_8c39122a398b4fbbc69c4483b741a20a,syn_2cbc418ebac399b8bd636a099732065d,FEASIBLE,0.0,1.0,EXPLOITATION,0
public_09,public_09_day_27,27,syn_7ea24ae1bc6dd1bf483a695694b4de60,syn_e42956bd3ad3d0ab962031c145e0e8f5,FEASIBLE,0.0,1.0,EXPLORATION,0
public_09,public_09_day_27,27,syn_7ea24ae1bc6dd1bf483a695694b4de60,syn_4fe3ee745aa0a0513d715c1f5e333848,FEASIBLE,0.0,1.0,EXPLOITATION,0
public_09,public_09_day_28,28,syn_84678ce338afaea457e03995df9782ec,syn_395b967214926c08e0140e09fe6780da,FEASIBLE,0.75,1.0,EXPLORATION,1
public_09,public_09_day_28,28,syn_9b9eb23ba1764bf3ee3eb6b3427a9f87,syn_b923a686ac867c0fccf2c9cc2cbde8c7,FEASIBLE,0.6,1.0,EXPLOITATION,1
public_09,public_09_day_28,28,syn_a9c5ea5a5b35df82c6e4cc4a44fa35ca,syn_5101ee98621b0a0aa0efcc363c546da1,FEASIBLE,0.4,1.0,EXPLOITATION,1
public_09,public_09_day_28,28,syn_399815501e1007dfb1a713ea80f0e372,syn_7943db275fb55131bbdb6929da1bc57f,FEASIBLE,0.25,1.0,EXPLOITATION,1
public_09,public_09_day_28,28,syn_954eea336cf58b771bb42ef5e50176fe,syn_a4de8bb0451caa4b23ce4900ae2ea2ae,FEASIBLE,0.2,1.0,EXPLOITATION,1
public_09,public_09_day_28,28,syn_49184f8377e25febace8f0eb14ebfb2c,syn_fd41191020e81449486bd66d57f5a965,FEASIBLE,0.15,1.0,EXPLOITATION,1
public_09,public_09_day_28,28,syn_1060f8789d9efed5c96b62750c60a10c,syn_ee1b22e21a2ba67e42ee44263820977d,FEASIBLE,0.0,1.0,EXPLOITATION,1
public_09,public_09_day_28,28,syn_9c7c9200bd69eb3de6297f81570e2093,syn_f37b7db2cd4e3caf99dcada45326ece7,FEASIBLE,0.0,1.0,EXPLOITATION,1
public_09,public_09_day_28,28,syn_e02f6a883c0601314be61b0a920b7ac1,syn_d79f8912b62eda42f1d1fedb4a0692de,FEASIBLE,0.0,1.0,EXPLOITATION,1
public_09,public_09_day_28,28,syn_e01ac751b18577fb87cd8bd30466431a,syn_8c39122a398b4fbbc69c4483b741a20a,FEASIBLE,0.0,1.0,EXPLOITATION,1
public_09,public_09_day_28,28,syn_0e1fe175a9527ff92f59598e685cc7ee,syn_d6b73be38eda52db3025a5b96af5b58e,FEASIBLE,0.0,1.0,EXPLOITATION,1
public_09,public_09_day_28,28,syn_443a630b3ca8086f7d67ec70eed08f1f,syn_a6ac730a7422dc42e543fc3d84f9da31,FEASIBLE,0.0,1.0,EXPLOITATION,1
public_09,public_09_day_28,28,syn_46153b3e21490c0dcdddff4ea33fa5d1,syn_e42956bd3ad3d0ab962031c145e0e8f5,FEASIBLE,0.0,1.0,EXPLOITATION,1
public_09,public_09_day_28,28,syn_7ea24ae1bc6dd1bf483a695694b4de60,syn_4fe3ee745aa0a0513d715c1f5e333848,FEASIBLE,0.0,1.0,EXPLOITATION,1
public_09,public_09_day_28,28,syn_9b9eb23ba1764bf3ee3eb6b3427a9f87,syn_b4e4ce7c2881670a12de4cc507059e9e,FEASIBLE,0.6,1.0,EXPLOITATION,0
public_09,public_09_day_28,28,syn_9c7c9200bd69eb3de6297f81570e2093,syn_52bea84dd5f87d01e4cb9f99f1d15eeb,FEASIBLE,0.0,1.0,EXPLOITATION,0
public_09,public_09_day_28,28,syn_9c7c9200bd69eb3de6297f81570e2093,syn_938533b6ed1b3352a3eeee11e0e010f7,FEASIBLE,0.0,1.0,EXPLOITATION,0
public_09,public_09_day_28,28,syn_954eea336cf58b771bb42ef5e50176fe,syn_df3b42bf60bed5a6adda3b4807a79fe3,FEASIBLE,0.0,1.0,EXPLORATION,0
public_09,public_09_day_28,28,syn_49184f8377e25febace8f0eb14ebfb2c,syn_144a731e5f6fbba895bb43400c8e21ac,FEASIBLE,0.0,1.0,EXPLORATION,0
public_09,public_09_day_28,28,syn_3897f1b0cc5984c872766b78ee052e7e,syn_f37b7db2cd4e3caf99dcada45326ece7,FEASIBLE,0.0,1.0,EXPLORATION,0
public_09,public_09_day_28,28,syn_23fefada2c5b19650602df9e452b270c,syn_7943db275fb55131bbdb6929da1bc57f,FEASIBLE,0.0,1.0,EXPLOITATION,0
public_09,public_09_day_28,28,syn_f37b7db2cd4e3caf99dcada45326ece7,syn_938533b6ed1b3352a3eeee11e0e010f7,FEASIBLE,0.0,1.0,EXPLOITATION,0
public_09,public_09_day_28,28,syn_8c39122a398b4fbbc69c4483b741a20a,syn_2cbc418ebac399b8bd636a099732065d,FEASIBLE,0.0,1.0,EXPLOITATION,0
public_09,public_09_day_28,28,syn_7ea24ae1bc6dd1bf483a695694b4de60,syn_e42956bd3ad3d0ab962031c145e0e8f5,FEASIBLE,0.0,1.0,EXPLORATION,0
public_09,public_09_day_29,29,syn_84678ce338afaea457e03995df9782ec,syn_395b967214926c08e0140e09fe6780da,FEASIBLE,0.75,1.0,EXPLOITATION,1
public_09,public_09_day_29,29,syn_92bc461db5199d18402828ef1512b58c,syn_a005fdbc59c75076c16892b788a008e3,FEASIBLE,0.6666666666666666,1.0,EXPLOITATION,1
public_09,public_09_day_29,29,syn_9b9eb23ba1764bf3ee3eb6b3427a9f87,syn_b923a686ac867c0fccf2c9cc2cbde8c7,FEASIBLE,0.6,1.0,EXPLOITATION,1
public_09,public_09_day_29,29,syn_a9c5ea5a5b35df82c6e4cc4a44fa35ca,syn_5101ee98621b0a0aa0efcc363c546da1,FEASIBLE,0.4,1.0,EXPLOITATION,1
public_09,public_09_day_29,29,syn_399815501e1007dfb1a713ea80f0e372,syn_7943db275fb55131bbdb6929da1bc57f,FEASIBLE,0.25,1.0,EXPLOITATION,1
public_09,public_09_day_29,29,syn_954eea336cf58b771bb42ef5e50176fe,syn_a4de8bb0451caa4b23ce4900ae2ea2ae,FEASIBLE,0.2,1.0,EXPLOITATION,1
public_09,public_09_day_29,29,syn_49184f8377e25febace8f0eb14ebfb2c,syn_fd41191020e81449486bd66d57f5a965,FEASIBLE,0.15,1.0,EXPLOITATION,1
public_09,public_09_day_29,29,syn_1060f8789d9efed5c96b62750c60a10c,syn_ee1b22e21a2ba67e42ee44263820977d,FEASIBLE,0.0,1.0,EXPLOITATION,1
public_09,public_09_day_29,29,syn_e02f6a883c0601314be61b0a920b7ac1,syn_d79f8912b62eda42f1d1fedb4a0692de,FEASIBLE,0.0,1.0,EXPLOITATION,1
public_09,public_09_day_29,29,syn_e01ac751b18577fb87cd8bd30466431a,syn_8c39122a398b4fbbc69c4483b741a20a,FEASIBLE,0.0,1.0,EXPLOITATION,1
public_09,public_09_day_29,29,syn_0e1fe175a9527ff92f59598e685cc7ee,syn_d6b73be38eda52db3025a5b96af5b58e,FEASIBLE,0.0,1.0,EXPLOITATION,1
public_09,public_09_day_29,29,syn_443a630b3ca8086f7d67ec70eed08f1f,syn_a6ac730a7422dc42e543fc3d84f9da31,FEASIBLE,0.0,1.0,EXPLOITATION,1
public_09,public_09_day_29,29,syn_46153b3e21490c0dcdddff4ea33fa5d1,syn_e42956bd3ad3d0ab962031c145e0e8f5,FEASIBLE,0.0,1.0,EXPLOITATION,1
public_09,public_09_day_29,29,syn_7ea24ae1bc6dd1bf483a695694b4de60,syn_4fe3ee745aa0a0513d715c1f5e333848,FEASIBLE,0.0,1.0,EXPLOITATION,1
public_09,public_09_day_29,29,syn_9b9eb23ba1764bf3ee3eb6b3427a9f87,syn_b4e4ce7c2881670a12de4cc507059e9e,FEASIBLE,0.6,1.0,EXPLOITATION,0
public_09,public_09_day_29,29,syn_84678ce338afaea457e03995df9782ec,syn_92bc461db5199d18402828ef1512b58c,FEASIBLE,0.35000000000000003,1.0,EXPLORATION,0
public_09,public_09_day_29,29,syn_954eea336cf58b771bb42ef5e50176fe,syn_df3b42bf60bed5a6adda3b4807a79fe3,FEASIBLE,0.0,1.0,EXPLORATION,0
public_09,public_09_day_29,29,syn_4cdd431972871007799df36f158abb2b,syn_92bc461db5199d18402828ef1512b58c,FEASIBLE,0.0,1.0,EXPLORATION,0
public_09,public_09_day_29,29,syn_49184f8377e25febace8f0eb14ebfb2c,syn_144a731e5f6fbba895bb43400c8e21ac,FEASIBLE,0.0,1.0,EXPLORATION,0
public_09,public_09_day_29,29,syn_23fefada2c5b19650602df9e452b270c,syn_7943db275fb55131bbdb6929da1bc57f,FEASIBLE,0.0,1.0,EXPLOITATION,0
public_09,public_09_day_29,29,syn_92bc461db5199d18402828ef1512b58c,syn_ee1b22e21a2ba67e42ee44263820977d,FEASIBLE,0.0,1.0,EXPLORATION,0
public_09,public_09_day_29,29,syn_8c39122a398b4fbbc69c4483b741a20a,syn_2cbc418ebac399b8bd636a099732065d,FEASIBLE,0.0,1.0,EXPLOITATION,0
public_09,public_09_day_29,29,syn_7ea24ae1bc6dd1bf483a695694b4de60,syn_e42956bd3ad3d0ab962031c145e0e8f5,FEASIBLE,0.0,1.0,EXPLORATION,0
public_09,public_09_day_31,31,syn_84678ce338afaea457e03995df9782ec,syn_395b967214926c08e0140e09fe6780da,FEASIBLE,0.75,1.0,EXPLOITATION,1
public_09,public_09_day_31,31,syn_92bc461db5199d18402828ef1512b58c,syn_a005fdbc59c75076c16892b788a008e3,FEASIBLE,0.6666666666666666,1.0,EXPLOITATION,1
public_09,public_09_day_31,31,syn_9b9eb23ba1764bf3ee3eb6b3427a9f87,syn_b923a686ac867c0fccf2c9cc2cbde8c7,FEASIBLE,0.6,1.0,EXPLOITATION,1
public_09,public_09_day_31,31,syn_a9c5ea5a5b35df82c6e4cc4a44fa35ca,syn_5101ee98621b0a0aa0efcc363c546da1,FEASIBLE,0.4,1.0,EXPLOITATION,1
public_09,public_09_day_31,31,syn_399815501e1007dfb1a713ea80f0e372,syn_7943db275fb55131bbdb6929da1bc57f,FEASIBLE,0.25,1.0,EXPLOITATION,1
public_09,public_09_day_31,31,syn_954eea336cf58b771bb42ef5e50176fe,syn_a4de8bb0451caa4b23ce4900ae2ea2ae,FEASIBLE,0.2,1.0,EXPLOITATION,1
public_09,public_09_day_31,31,syn_49184f8377e25febace8f0eb14ebfb2c,syn_fd41191020e81449486bd66d57f5a965,FEASIBLE,0.15,1.0,EXPLOITATION,1
public_09,public_09_day_31,31,syn_1060f8789d9efed5c96b62750c60a10c,syn_ee1b22e21a2ba67e42ee44263820977d,FEASIBLE,0.0,1.0,EXPLOITATION,1
public_09,public_09_day_31,31,syn_e02f6a883c0601314be61b0a920b7ac1,syn_d79f8912b62eda42f1d1fedb4a0692de,FEASIBLE,0.0,1.0,EXPLOITATION,1
public_09,public_09_day_31,31,syn_144a731e5f6fbba895bb43400c8e21ac,syn_5a23a537897a87e452157802beeeb09e,FEASIBLE,0.0,1.0,EXPLOITATION,1
public_09,public_09_day_31,31,syn_e01ac751b18577fb87cd8bd30466431a,syn_8c39122a398b4fbbc69c4483b741a20a,FEASIBLE,0.0,1.0,EXPLOITATION,1
public_09,public_09_day_31,31,syn_4fa874d7bbb15debb13c26bd8848dbd7,syn_664d91e54ac84101c9455adeb1f76e58,FEASIBLE,0.0,1.0,EXPLOITATION,1
public_09,public_09_day_31,31,syn_0e1fe175a9527ff92f59598e685cc7ee,syn_d6b73be38eda52db3025a5b96af5b58e,FEASIBLE,0.0,1.0,EXPLOITATION,1
public_09,public_09_day_31,31,syn_443a630b3ca8086f7d67ec70eed08f1f,syn_a6ac730a7422dc42e543fc3d84f9da31,FEASIBLE,0.0,1.0,EXPLOITATION,1
public_09,public_09_day_31,31,syn_46153b3e21490c0dcdddff4ea33fa5d1,syn_e42956bd3ad3d0ab962031c145e0e8f5,FEASIBLE,0.0,1.0,EXPLOITATION,1
public_09,public_09_day_31,31,syn_7ea24ae1bc6dd1bf483a695694b4de60,syn_4fe3ee745aa0a0513d715c1f5e333848,FEASIBLE,0.0,1.0,EXPLOITATION,1
public_09,public_09_day_31,31,syn_9b9eb23ba1764bf3ee3eb6b3427a9f87,syn_b4e4ce7c2881670a12de4cc507059e9e,FEASIBLE,0.6,1.0,EXPLOITATION,0
public_09,public_09_day_31,31,syn_84678ce338afaea457e03995df9782ec,syn_92bc461db5199d18402828ef1512b58c,FEASIBLE,0.35000000000000003,1.0,EXPLORATION,0
public_09,public_09_day_31,31,syn_ca4ebbf1f6b1a6530862a9b58dd79c12,syn_92bc461db5199d18402828ef1512b58c,FEASIBLE,0.15,1.0,EXPLORATION,0
public_09,public_09_day_31,31,syn_954eea336cf58b771bb42ef5e50176fe,syn_df3b42bf60bed5a6adda3b4807a79fe3,FEASIBLE,0.0,1.0,EXPLORATION,0
public_09,public_09_day_31,31,syn_4cdd431972871007799df36f158abb2b,syn_92bc461db5199d18402828ef1512b58c,FEASIBLE,0.0,1.0,EXPLORATION,0
public_09,public_09_day_31,31,syn_49184f8377e25febace8f0eb14ebfb2c,syn_144a731e5f6fbba895bb43400c8e21ac,FEASIBLE,0.0,1.0,EXPLORATION,0
public_09,public_09_day_31,31,syn_ca4ebbf1f6b1a6530862a9b58dd79c12,syn_a005fdbc59c75076c16892b788a008e3,FEASIBLE,0.0,1.0,EXPLOITATION,0
public_09,public_09_day_31,31,syn_23fefada2c5b19650602df9e452b270c,syn_7943db275fb55131bbdb6929da1bc57f,FEASIBLE,0.0,1.0,EXPLOITATION,0
public_09,public_09_day_31,31,syn_92bc461db5199d18402828ef1512b58c,syn_ee1b22e21a2ba67e42ee44263820977d,FEASIBLE,0.0,1.0,EXPLORATION,0
public_09,public_09_day_31,31,syn_8c39122a398b4fbbc69c4483b741a20a,syn_2cbc418ebac399b8bd636a099732065d,FEASIBLE,0.0,1.0,EXPLOITATION,0
public_09,public_09_day_31,31,syn_e836fb28ced1bf9e54b493ea49972457,syn_664d91e54ac84101c9455adeb1f76e58,FEASIBLE,0.0,1.0,EXPLOITATION,0
public_09,public_09_day_31,31,syn_01639d571d85dc2ea9a0bad313cbb6fa,syn_664d91e54ac84101c9455adeb1f76e58,FEASIBLE,0.0,1.0,EXPLOITATION,0
public_09,public_09_day_31,31,syn_7ea24ae1bc6dd1bf483a695694b4de60,syn_e42956bd3ad3d0ab962031c145e0e8f5,FEASIBLE,0.0,1.0,EXPLORATION,0
public_09,public_09_day_31,31,syn_664d91e54ac84101c9455adeb1f76e58,syn_5a23a537897a87e452157802beeeb09e,FEASIBLE,0.0,1.0,EXPLORATION,0
public_09,public_09_day_34,34,syn_84678ce338afaea457e03995df9782ec,syn_395b967214926c08e0140e09fe6780da,FEASIBLE,0.75,1.0,EXPLOITATION,1
public_09,public_09_day_34,34,syn_92bc461db5199d18402828ef1512b58c,syn_a005fdbc59c75076c16892b788a008e3,FEASIBLE,0.6666666666666666,1.0,EXPLOITATION,1
public_09,public_09_day_34,34,syn_9b9eb23ba1764bf3ee3eb6b3427a9f87,syn_b923a686ac867c0fccf2c9cc2cbde8c7,FEASIBLE,0.6,1.0,EXPLOITATION,1
public_09,public_09_day_34,34,syn_a9c5ea5a5b35df82c6e4cc4a44fa35ca,syn_5101ee98621b0a0aa0efcc363c546da1,FEASIBLE,0.4,1.0,EXPLOITATION,1
public_09,public_09_day_34,34,syn_399815501e1007dfb1a713ea80f0e372,syn_7943db275fb55131bbdb6929da1bc57f,FEASIBLE,0.25,1.0,EXPLOITATION,1
public_09,public_09_day_34,34,syn_954eea336cf58b771bb42ef5e50176fe,syn_a4de8bb0451caa4b23ce4900ae2ea2ae,FEASIBLE,0.2,1.0,EXPLOITATION,1
public_09,public_09_day_34,34,syn_49184f8377e25febace8f0eb14ebfb2c,syn_fd41191020e81449486bd66d57f5a965,FEASIBLE,0.15,1.0,EXPLOITATION,1
public_09,public_09_day_34,34,syn_1060f8789d9efed5c96b62750c60a10c,syn_ee1b22e21a2ba67e42ee44263820977d,FEASIBLE,0.0,1.0,EXPLOITATION,1
public_09,public_09_day_34,34,syn_e02f6a883c0601314be61b0a920b7ac1,syn_d79f8912b62eda42f1d1fedb4a0692de,FEASIBLE,0.0,1.0,EXPLOITATION,1
public_09,public_09_day_34,34,syn_144a731e5f6fbba895bb43400c8e21ac,syn_5a23a537897a87e452157802beeeb09e,FEASIBLE,0.0,1.0,EXPLOITATION,1
public_09,public_09_day_34,34,syn_e01ac751b18577fb87cd8bd30466431a,syn_8c39122a398b4fbbc69c4483b741a20a,FEASIBLE,0.0,1.0,EXPLOITATION,1
public_09,public_09_day_34,34,syn_0762071899f970108e97e5f879f23b60,syn_875b1c6c5a3cd40c806ef3512722833e,FEASIBLE,0.0,1.0,EXPLOITATION,1
public_09,public_09_day_34,34,syn_4fa874d7bbb15debb13c26bd8848dbd7,syn_664d91e54ac84101c9455adeb1f76e58,FEASIBLE,0.0,1.0,EXPLOITATION,1
public_09,public_09_day_34,34,syn_0e1fe175a9527ff92f59598e685cc7ee,syn_d6b73be38eda52db3025a5b96af5b58e,FEASIBLE,0.0,1.0,EXPLOITATION,1
public_09,public_09_day_34,34,syn_443a630b3ca8086f7d67ec70eed08f1f,syn_a6ac730a7422dc42e543fc3d84f9da31,FEASIBLE,0.0,1.0,EXPLOITATION,1
public_09,public_09_day_34,34,syn_46153b3e21490c0dcdddff4ea33fa5d1,syn_e42956bd3ad3d0ab962031c145e0e8f5,FEASIBLE,0.0,1.0,EXPLOITATION,1
public_09,public_09_day_34,34,syn_7ea24ae1bc6dd1bf483a695694b4de60,syn_4fe3ee745aa0a0513d715c1f5e333848,FEASIBLE,0.0,1.0,EXPLOITATION,1
public_09,public_09_day_34,34,syn_9b9eb23ba1764bf3ee3eb6b3427a9f87,syn_b4e4ce7c2881670a12de4cc507059e9e,FEASIBLE,0.6,1.0,EXPLOITATION,0
public_09,public_09_day_34,34,syn_0762071899f970108e97e5f879f23b60,syn_395b967214926c08e0140e09fe6780da,FEASIBLE,0.5,1.0,EXPLOITATION,0
public_09,public_09_day_34,34,syn_84678ce338afaea457e03995df9782ec,syn_92bc461db5199d18402828ef1512b58c,FEASIBLE,0.35000000000000003,1.0,EXPLORATION,0
public_09,public_09_day_34,34,syn_ca4ebbf1f6b1a6530862a9b58dd79c12,syn_92bc461db5199d18402828ef1512b58c,FEASIBLE,0.15,1.0,EXPLORATION,0
public_09,public_09_day_34,34,syn_0762071899f970108e97e5f879f23b60,syn_92bc461db5199d18402828ef1512b58c,FEASIBLE,0.05,1.0,EXPLORATION,0
public_09,public_09_day_34,34,syn_954eea336cf58b771bb42ef5e50176fe,syn_df3b42bf60bed5a6adda3b4807a79fe3,FEASIBLE,0.0,1.0,EXPLORATION,0
public_09,public_09_day_34,34,syn_4cdd431972871007799df36f158abb2b,syn_92bc461db5199d18402828ef1512b58c,FEASIBLE,0.0,1.0,EXPLORATION,0
public_09,public_09_day_34,34,syn_49184f8377e25febace8f0eb14ebfb2c,syn_144a731e5f6fbba895bb43400c8e21ac,FEASIBLE,0.0,1.0,EXPLORATION,0
public_09,public_09_day_34,34,syn_ca4ebbf1f6b1a6530862a9b58dd79c12,syn_a005fdbc59c75076c16892b788a008e3,FEASIBLE,0.0,1.0,EXPLOITATION,0
public_09,public_09_day_34,34,syn_0762071899f970108e97e5f879f23b60,syn_6a0a70e102a42456541ad3688e00967c,FEASIBLE,0.0,1.0,EXPLORATION,0
public_09,public_09_day_34,34,syn_23fefada2c5b19650602df9e452b270c,syn_7943db275fb55131bbdb6929da1bc57f,FEASIBLE,0.0,1.0,EXPLOITATION,0
public_09,public_09_day_34,34,syn_92bc461db5199d18402828ef1512b58c,syn_ee1b22e21a2ba67e42ee44263820977d,FEASIBLE,0.0,1.0,EXPLORATION,0
public_09,public_09_day_34,34,syn_875b1c6c5a3cd40c806ef3512722833e,syn_664d91e54ac84101c9455adeb1f76e58,FEASIBLE,0.0,1.0,EXPLOITATION,0
public_09,public_09_day_34,34,syn_8c39122a398b4fbbc69c4483b741a20a,syn_2cbc418ebac399b8bd636a099732065d,FEASIBLE,0.0,1.0,EXPLOITATION,0
public_09,public_09_day_34,34,syn_e836fb28ced1bf9e54b493ea49972457,syn_664d91e54ac84101c9455adeb1f76e58,FEASIBLE,0.0,1.0,EXPLOITATION,0
public_09,public_09_day_34,34,syn_01639d571d85dc2ea9a0bad313cbb6fa,syn_664d91e54ac84101c9455adeb1f76e58,FEASIBLE,0.0,1.0,EXPLOITATION,0
public_09,public_09_day_34,34,syn_7ea24ae1bc6dd1bf483a695694b4de60,syn_e42956bd3ad3d0ab962031c145e0e8f5,FEASIBLE,0.0,1.0,EXPLORATION,0
public_09,public_09_day_34,34,syn_664d91e54ac84101c9455adeb1f76e58,syn_5a23a537897a87e452157802beeeb09e,FEASIBLE,0.0,1.0,EXPLORATION,0
public_09,public_09_day_35,35,syn_3d77683b704738740b9c6ab04accd89d,syn_72fa7f3a49551b8406189406fe067a80,FEASIBLE,1.0,1.0,EXPLOITATION,1
public_09,public_09_day_35,35,syn_84678ce338afaea457e03995df9782ec,syn_395b967214926c08e0140e09fe6780da,FEASIBLE,0.75,1.0,EXPLOITATION,1
public_09,public_09_day_35,35,syn_92bc461db5199d18402828ef1512b58c,syn_a005fdbc59c75076c16892b788a008e3,FEASIBLE,0.6666666666666666,1.0,EXPLOITATION,1
public_09,public_09_day_35,35,syn_9b9eb23ba1764bf3ee3eb6b3427a9f87,syn_b923a686ac867c0fccf2c9cc2cbde8c7,FEASIBLE,0.6,1.0,EXPLOITATION,1
public_09,public_09_day_35,35,syn_a9c5ea5a5b35df82c6e4cc4a44fa35ca,syn_5101ee98621b0a0aa0efcc363c546da1,FEASIBLE,0.4,1.0,EXPLOITATION,1
public_09,public_09_day_35,35,syn_399815501e1007dfb1a713ea80f0e372,syn_7943db275fb55131bbdb6929da1bc57f,FEASIBLE,0.25,1.0,EXPLOITATION,1
public_09,public_09_day_35,35,syn_954eea336cf58b771bb42ef5e50176fe,syn_a4de8bb0451caa4b23ce4900ae2ea2ae,FEASIBLE,0.2,1.0,EXPLOITATION,1
public_09,public_09_day_35,35,syn_49184f8377e25febace8f0eb14ebfb2c,syn_fd41191020e81449486bd66d57f5a965,FEASIBLE,0.15,1.0,EXPLOITATION,1
public_09,public_09_day_35,35,syn_1060f8789d9efed5c96b62750c60a10c,syn_ee1b22e21a2ba67e42ee44263820977d,FEASIBLE,0.0,1.0,EXPLOITATION,1
public_09,public_09_day_35,35,syn_e02f6a883c0601314be61b0a920b7ac1,syn_d79f8912b62eda42f1d1fedb4a0692de,FEASIBLE,0.0,1.0,EXPLOITATION,1
public_09,public_09_day_35,35,syn_144a731e5f6fbba895bb43400c8e21ac,syn_5a23a537897a87e452157802beeeb09e,FEASIBLE,0.0,1.0,EXPLOITATION,1
public_09,public_09_day_35,35,syn_e01ac751b18577fb87cd8bd30466431a,syn_8c39122a398b4fbbc69c4483b741a20a,FEASIBLE,0.0,1.0,EXPLOITATION,1
public_09,public_09_day_35,35,syn_0762071899f970108e97e5f879f23b60,syn_875b1c6c5a3cd40c806ef3512722833e,FEASIBLE,0.0,1.0,EXPLOITATION,1
public_09,public_09_day_35,35,syn_4fa874d7bbb15debb13c26bd8848dbd7,syn_664d91e54ac84101c9455adeb1f76e58,FEASIBLE,0.0,1.0,EXPLOITATION,1
public_09,public_09_day_35,35,syn_0e1fe175a9527ff92f59598e685cc7ee,syn_d6b73be38eda52db3025a5b96af5b58e,FEASIBLE,0.0,1.0,EXPLOITATION,1
public_09,public_09_day_35,35,syn_443a630b3ca8086f7d67ec70eed08f1f,syn_a6ac730a7422dc42e543fc3d84f9da31,FEASIBLE,0.0,1.0,EXPLOITATION,1
public_09,public_09_day_35,35,syn_46153b3e21490c0dcdddff4ea33fa5d1,syn_e42956bd3ad3d0ab962031c145e0e8f5,FEASIBLE,0.0,1.0,EXPLOITATION,1
public_09,public_09_day_35,35,syn_7ea24ae1bc6dd1bf483a695694b4de60,syn_4fe3ee745aa0a0513d715c1f5e333848,FEASIBLE,0.0,1.0,EXPLOITATION,1
public_09,public_09_day_35,35,syn_3d77683b704738740b9c6ab04accd89d,syn_7943db275fb55131bbdb6929da1bc57f,FEASIBLE,0.65,1.0,EXPLOITATION,0
public_09,public_09_day_35,35,syn_9b9eb23ba1764bf3ee3eb6b3427a9f87,syn_b4e4ce7c2881670a12de4cc507059e9e,FEASIBLE,0.6,1.0,EXPLOITATION,0
public_09,public_09_day_35,35,syn_0762071899f970108e97e5f879f23b60,syn_395b967214926c08e0140e09fe6780da,FEASIBLE,0.5,1.0,EXPLOITATION,0
public_09,public_09_day_35,35,syn_84678ce338afaea457e03995df9782ec,syn_92bc461db5199d18402828ef1512b58c,FEASIBLE,0.35000000000000003,1.0,EXPLORATION,0
public_09,public_09_day_35,35,syn_ca4ebbf1f6b1a6530862a9b58dd79c12,syn_92bc461db5199d18402828ef1512b58c,FEASIBLE,0.15,1.0,EXPLORATION,0
public_09,public_09_day_35,35,syn_3d77683b704738740b9c6ab04accd89d,syn_399815501e1007dfb1a713ea80f0e372,FEASIBLE,0.1,1.0,EXPLOITATION,0
public_09,public_09_day_35,35,syn_0762071899f970108e97e5f879f23b60,syn_92bc461db5199d18402828ef1512b58c,FEASIBLE,0.05,1.0,EXPLORATION,0
public_09,public_09_day_35,35,syn_954eea336cf58b771bb42ef5e50176fe,syn_df3b42bf60bed5a6adda3b4807a79fe3,FEASIBLE,0.0,1.0,EXPLORATION,0
public_09,public_09_day_35,35,syn_4cdd431972871007799df36f158abb2b,syn_92bc461db5199d18402828ef1512b58c,FEASIBLE,0.0,1.0,EXPLORATION,0
public_09,public_09_day_35,35,syn_49184f8377e25febace8f0eb14ebfb2c,syn_144a731e5f6fbba895bb43400c8e21ac,FEASIBLE,0.0,1.0,EXPLORATION,0
public_09,public_09_day_35,35,syn_49184f8377e25febace8f0eb14ebfb2c,syn_72fa7f3a49551b8406189406fe067a80,FEASIBLE,0.0,1.0,EXPLORATION,0
public_09,public_09_day_35,35,syn_ca4ebbf1f6b1a6530862a9b58dd79c12,syn_a005fdbc59c75076c16892b788a008e3,FEASIBLE,0.0,1.0,EXPLOITATION,0
public_09,public_09_day_35,35,syn_0762071899f970108e97e5f879f23b60,syn_6a0a70e102a42456541ad3688e00967c,FEASIBLE,0.0,1.0,EXPLORATION,0
public_09,public_09_day_35,35,syn_23fefada2c5b19650602df9e452b270c,syn_7943db275fb55131bbdb6929da1bc57f,FEASIBLE,0.0,1.0,EXPLOITATION,0
public_09,public_09_day_35,35,syn_92bc461db5199d18402828ef1512b58c,syn_ee1b22e21a2ba67e42ee44263820977d,FEASIBLE,0.0,1.0,EXPLORATION,0
public_09,public_09_day_35,35,syn_875b1c6c5a3cd40c806ef3512722833e,syn_664d91e54ac84101c9455adeb1f76e58,FEASIBLE,0.0,1.0,EXPLOITATION,0
public_09,public_09_day_35,35,syn_8c39122a398b4fbbc69c4483b741a20a,syn_2cbc418ebac399b8bd636a099732065d,FEASIBLE,0.0,1.0,EXPLOITATION,0
public_09,public_09_day_35,35,syn_e836fb28ced1bf9e54b493ea49972457,syn_664d91e54ac84101c9455adeb1f76e58,FEASIBLE,0.0,1.0,EXPLOITATION,0
public_09,public_09_day_35,35,syn_01639d571d85dc2ea9a0bad313cbb6fa,syn_664d91e54ac84101c9455adeb1f76e58,FEASIBLE,0.0,1.0,EXPLOITATION,0
public_09,public_09_day_35,35,syn_7ea24ae1bc6dd1bf483a695694b4de60,syn_e42956bd3ad3d0ab962031c145e0e8f5,FEASIBLE,0.0,1.0,EXPLORATION,0
public_09,public_09_day_35,35,syn_664d91e54ac84101c9455adeb1f76e58,syn_5a23a537897a87e452157802beeeb09e,FEASIBLE,0.0,1.0,EXPLORATION,0
public_09,public_09_day_36,36,syn_3d77683b704738740b9c6ab04accd89d,syn_72fa7f3a49551b8406189406fe067a80,FEASIBLE,1.0,1.0,EXPLOITATION,1
public_09,public_09_day_36,36,syn_b2abd96ee53a27f2c5e59d6561761225,syn_4fe3ee745aa0a0513d715c1f5e333848,FEASIBLE,1.0,1.0,EXPLOITATION,1
public_09,public_09_day_36,36,syn_84678ce338afaea457e03995df9782ec,syn_395b967214926c08e0140e09fe6780da,FEASIBLE,0.75,1.0,EXPLOITATION,1
public_09,public_09_day_36,36,syn_92bc461db5199d18402828ef1512b58c,syn_a005fdbc59c75076c16892b788a008e3,FEASIBLE,0.6666666666666666,1.0,EXPLOITATION,1
public_09,public_09_day_36,36,syn_9b9eb23ba1764bf3ee3eb6b3427a9f87,syn_b923a686ac867c0fccf2c9cc2cbde8c7,FEASIBLE,0.6,1.0,EXPLOITATION,1
public_09,public_09_day_36,36,syn_a9c5ea5a5b35df82c6e4cc4a44fa35ca,syn_5101ee98621b0a0aa0efcc363c546da1,FEASIBLE,0.4,1.0,EXPLOITATION,1
public_09,public_09_day_36,36,syn_611b4f999018ab87c5e4f02fdd3b8e35,syn_aed3ea7e30e283ce82b4f69158763acd,FEASIBLE,0.25,1.0,EXPLORATION,1
public_09,public_09_day_36,36,syn_399815501e1007dfb1a713ea80f0e372,syn_7943db275fb55131bbdb6929da1bc57f,FEASIBLE,0.25,1.0,EXPLOITATION,1
public_09,public_09_day_36,36,syn_954eea336cf58b771bb42ef5e50176fe,syn_a4de8bb0451caa4b23ce4900ae2ea2ae,FEASIBLE,0.2,1.0,EXPLOITATION,1
public_09,public_09_day_36,36,syn_49184f8377e25febace8f0eb14ebfb2c,syn_fd41191020e81449486bd66d57f5a965,FEASIBLE,0.15,1.0,EXPLOITATION,1
public_09,public_09_day_36,36,syn_1060f8789d9efed5c96b62750c60a10c,syn_ee1b22e21a2ba67e42ee44263820977d,FEASIBLE,0.0,1.0,EXPLOITATION,1
public_09,public_09_day_36,36,syn_e02f6a883c0601314be61b0a920b7ac1,syn_d79f8912b62eda42f1d1fedb4a0692de,FEASIBLE,0.0,1.0,EXPLOITATION,1
public_09,public_09_day_36,36,syn_144a731e5f6fbba895bb43400c8e21ac,syn_5a23a537897a87e452157802beeeb09e,FEASIBLE,0.0,1.0,EXPLOITATION,1
public_09,public_09_day_36,36,syn_e01ac751b18577fb87cd8bd30466431a,syn_8c39122a398b4fbbc69c4483b741a20a,FEASIBLE,0.0,1.0,EXPLOITATION,1
public_09,public_09_day_36,36,syn_0762071899f970108e97e5f879f23b60,syn_875b1c6c5a3cd40c806ef3512722833e,FEASIBLE,0.0,1.0,EXPLOITATION,1
public_09,public_09_day_36,36,syn_4fa874d7bbb15debb13c26bd8848dbd7,syn_664d91e54ac84101c9455adeb1f76e58,FEASIBLE,0.0,1.0,EXPLOITATION,1
public_09,public_09_day_36,36,syn_0e1fe175a9527ff92f59598e685cc7ee,syn_d6b73be38eda52db3025a5b96af5b58e,FEASIBLE,0.0,1.0,EXPLOITATION,1
public_09,public_09_day_36,36,syn_443a630b3ca8086f7d67ec70eed08f1f,syn_a6ac730a7422dc42e543fc3d84f9da31,FEASIBLE,0.0,1.0,EXPLOITATION,1
public_09,public_09_day_36,36,syn_46153b3e21490c0dcdddff4ea33fa5d1,syn_e42956bd3ad3d0ab962031c145e0e8f5,FEASIBLE,0.0,1.0,EXPLOITATION,1
public_09,public_09_day_36,36,syn_b2abd96ee53a27f2c5e59d6561761225,syn_395b967214926c08e0140e09fe6780da,FEASIBLE,0.9,1.0,EXPLOITATION,0
public_09,public_09_day_36,36,syn_3d77683b704738740b9c6ab04accd89d,syn_7943db275fb55131bbdb6929da1bc57f,FEASIBLE,0.65,1.0,EXPLOITATION,0
public_09,public_09_day_36,36,syn_9b9eb23ba1764bf3ee3eb6b3427a9f87,syn_b4e4ce7c2881670a12de4cc507059e9e,FEASIBLE,0.6,1.0,EXPLOITATION,0
public_09,public_09_day_36,36,syn_0762071899f970108e97e5f879f23b60,syn_395b967214926c08e0140e09fe6780da,FEASIBLE,0.5,1.0,EXPLOITATION,0
public_09,public_09_day_36,36,syn_84678ce338afaea457e03995df9782ec,syn_92bc461db5199d18402828ef1512b58c,FEASIBLE,0.35000000000000003,1.0,EXPLORATION,0
public_09,public_09_day_36,36,syn_611b4f999018ab87c5e4f02fdd3b8e35,syn_b923a686ac867c0fccf2c9cc2cbde8c7,FEASIBLE,0.2,1.0,EXPLORATION,0
public_09,public_09_day_36,36,syn_ca4ebbf1f6b1a6530862a9b58dd79c12,syn_92bc461db5199d18402828ef1512b58c,FEASIBLE,0.15,1.0,EXPLORATION,0
public_09,public_09_day_36,36,syn_3d77683b704738740b9c6ab04accd89d,syn_399815501e1007dfb1a713ea80f0e372,FEASIBLE,0.1,1.0,EXPLOITATION,0
public_09,public_09_day_36,36,syn_0762071899f970108e97e5f879f23b60,syn_92bc461db5199d18402828ef1512b58c,FEASIBLE,0.05,1.0,EXPLORATION,0
public_09,public_09_day_36,36,syn_954eea336cf58b771bb42ef5e50176fe,syn_df3b42bf60bed5a6adda3b4807a79fe3,FEASIBLE,0.0,1.0,EXPLORATION,0
public_09,public_09_day_36,36,syn_b2abd96ee53a27f2c5e59d6561761225,syn_6a0a70e102a42456541ad3688e00967c,FEASIBLE,0.0,1.0,EXPLORATION,0
public_09,public_09_day_36,36,syn_b2abd96ee53a27f2c5e59d6561761225,syn_572733bbeb649bcd629f40c406bb38a5,FEASIBLE,0.0,1.0,EXPLORATION,0
public_09,public_09_day_36,36,syn_b2abd96ee53a27f2c5e59d6561761225,syn_7ea24ae1bc6dd1bf483a695694b4de60,FEASIBLE,0.0,1.0,EXPLORATION,0
public_09,public_09_day_36,36,syn_4cdd431972871007799df36f158abb2b,syn_92bc461db5199d18402828ef1512b58c,FEASIBLE,0.0,1.0,EXPLORATION,0
public_09,public_09_day_36,36,syn_49184f8377e25febace8f0eb14ebfb2c,syn_144a731e5f6fbba895bb43400c8e21ac,FEASIBLE,0.0,1.0,EXPLORATION,0
public_09,public_09_day_36,36,syn_49184f8377e25febace8f0eb14ebfb2c,syn_72fa7f3a49551b8406189406fe067a80,FEASIBLE,0.0,1.0,EXPLORATION,0
public_09,public_09_day_36,36,syn_ca4ebbf1f6b1a6530862a9b58dd79c12,syn_a005fdbc59c75076c16892b788a008e3,FEASIBLE,0.0,1.0,EXPLOITATION,0
public_09,public_09_day_36,36,syn_0762071899f970108e97e5f879f23b60,syn_6a0a70e102a42456541ad3688e00967c,FEASIBLE,0.0,1.0,EXPLORATION,0
public_09,public_09_day_36,36,syn_23fefada2c5b19650602df9e452b270c,syn_7943db275fb55131bbdb6929da1bc57f,FEASIBLE,0.0,1.0,EXPLOITATION,0
public_09,public_09_day_36,36,syn_92bc461db5199d18402828ef1512b58c,syn_ee1b22e21a2ba67e42ee44263820977d,FEASIBLE,0.0,1.0,EXPLORATION,0
public_09,public_09_day_36,36,syn_875b1c6c5a3cd40c806ef3512722833e,syn_664d91e54ac84101c9455adeb1f76e58,FEASIBLE,0.0,1.0,EXPLOITATION,0
public_09,public_09_day_36,36,syn_8c39122a398b4fbbc69c4483b741a20a,syn_2cbc418ebac399b8bd636a099732065d,FEASIBLE,0.0,1.0,EXPLOITATION,0
public_09,public_09_day_36,36,syn_e836fb28ced1bf9e54b493ea49972457,syn_664d91e54ac84101c9455adeb1f76e58,FEASIBLE,0.0,1.0,EXPLOITATION,0
public_09,public_09_day_36,36,syn_01639d571d85dc2ea9a0bad313cbb6fa,syn_664d91e54ac84101c9455adeb1f76e58,FEASIBLE,0.0,1.0,EXPLOITATION,0
public_09,public_09_day_36,36,syn_7ea24ae1bc6dd1bf483a695694b4de60,syn_e42956bd3ad3d0ab962031c145e0e8f5,FEASIBLE,0.0,1.0,EXPLORATION,0
public_09,public_09_day_36,36,syn_7ea24ae1bc6dd1bf483a695694b4de60,syn_4fe3ee745aa0a0513d715c1f5e333848,FEASIBLE,0.0,1.0,EXPLOITATION,0
public_09,public_09_day_36,36,syn_664d91e54ac84101c9455adeb1f76e58,syn_5a23a537897a87e452157802beeeb09e,FEASIBLE,0.0,1.0,EXPLORATION,0
public_10,public_10_day_1,1,syn_0142765f71da4f470ea933199686004e,syn_2cf4a622e93de4862bf406fbe9968660,FEASIBLE,0.2,1.0,EXPLORATION,1
public_10,public_10_day_2,2,syn_6a8b7f19205f77e0079c06f343b179f9,syn_07a1ba169c947274fbda87ce93066956,FEASIBLE,0.5499999999999999,1.0,EXPLORATION,1
public_10,public_10_day_2,2,syn_9ab353464f583bd46641af0a05e39f27,syn_1fa0f9be55fad34f21fa1c78bcc75823,FEASIBLE,0.5,1.0,EXPLORATION,1
public_10,public_10_day_2,2,syn_0142765f71da4f470ea933199686004e,syn_2cf4a622e93de4862bf406fbe9968660,FEASIBLE,0.2,1.0,EXPLOITATION,1
public_10,public_10_day_2,2,syn_6a8b7f19205f77e0079c06f343b179f9,syn_2cf4a622e93de4862bf406fbe9968660,FEASIBLE,0.0,1.0,EXPLORATION,0
public_10,public_10_day_3,3,syn_6a8b7f19205f77e0079c06f343b179f9,syn_07a1ba169c947274fbda87ce93066956,FEASIBLE,0.5499999999999999,1.0,EXPLOITATION,1
public_10,public_10_day_3,3,syn_9ab353464f583bd46641af0a05e39f27,syn_1fa0f9be55fad34f21fa1c78bcc75823,FEASIBLE,0.5,1.0,EXPLOITATION,1
public_10,public_10_day_3,3,syn_3026c699639e3e6348676dcc6d650cc9,syn_4118efebeb5bffb1d97c676086799fca,FEASIBLE,0.35,1.0,EXPLORATION,1
public_10,public_10_day_3,3,syn_0142765f71da4f470ea933199686004e,syn_2cf4a622e93de4862bf406fbe9968660,FEASIBLE,0.2,1.0,EXPLOITATION,1
public_10,public_10_day_3,3,syn_6a8b7f19205f77e0079c06f343b179f9,syn_2cf4a622e93de4862bf406fbe9968660,FEASIBLE,0.0,1.0,EXPLORATION,0
public_10,public_10_day_3,3,syn_4118efebeb5bffb1d97c676086799fca,syn_a2636682040b5f9e5612d711743d5a8e,FEASIBLE,0.0,1.0,EXPLORATION,0
public_10,public_10_day_4,4,syn_6a8b7f19205f77e0079c06f343b179f9,syn_07a1ba169c947274fbda87ce93066956,FEASIBLE,0.5499999999999999,1.0,EXPLOITATION,1
public_10,public_10_day_4,4,syn_9ab353464f583bd46641af0a05e39f27,syn_1fa0f9be55fad34f21fa1c78bcc75823,FEASIBLE,0.5,1.0,EXPLOITATION,1
public_10,public_10_day_4,4,syn_3026c699639e3e6348676dcc6d650cc9,syn_4118efebeb5bffb1d97c676086799fca,FEASIBLE,0.35,1.0,EXPLOITATION,1
public_10,public_10_day_4,4,syn_0142765f71da4f470ea933199686004e,syn_2cf4a622e93de4862bf406fbe9968660,FEASIBLE,0.2,1.0,EXPLOITATION,1
public_10,public_10_day_4,4,syn_a72369d69b77313b62eb9cf310987623,syn_4550325028612805cbf17f2710057234,FEASIBLE,0.0,1.0,EXPLORATION,1
public_10,public_10_day_4,4,syn_a72369d69b77313b62eb9cf310987623,syn_4118efebeb5bffb1d97c676086799fca,FEASIBLE,0.0,1.0,EXPLORATION,0
public_10,public_10_day_4,4,syn_6a8b7f19205f77e0079c06f343b179f9,syn_2cf4a622e93de4862bf406fbe9968660,FEASIBLE,0.0,1.0,EXPLORATION,0
public_10,public_10_day_4,4,syn_4118efebeb5bffb1d97c676086799fca,syn_a2636682040b5f9e5612d711743d5a8e,FEASIBLE,0.0,1.0,EXPLORATION,0
public_10,public_10_day_5,5,syn_6a8b7f19205f77e0079c06f343b179f9,syn_36a6a073237ca17cc85d34b97234c35c,FEASIBLE,1.0,1.0,EXPLORATION,1
public_10,public_10_day_5,5,syn_9ab353464f583bd46641af0a05e39f27,syn_1fa0f9be55fad34f21fa1c78bcc75823,FEASIBLE,0.5,1.0,EXPLOITATION,1
public_10,public_10_day_5,5,syn_11c7a35957579b543aebc553ec143dfb,syn_76fd573a948b554f3ebee57b8874c057,FEASIBLE,0.44999999999999996,1.0,EXPLORATION,1
public_10,public_10_day_5,5,syn_3026c699639e3e6348676dcc6d650cc9,syn_4118efebeb5bffb1d97c676086799fca,FEASIBLE,0.35,1.0,EXPLOITATION,1
public_10,public_10_day_5,5,syn_0142765f71da4f470ea933199686004e,syn_2cf4a622e93de4862bf406fbe9968660,FEASIBLE,0.2,1.0,EXPLOITATION,1
public_10,public_10_day_5,5,syn_a72369d69b77313b62eb9cf310987623,syn_4550325028612805cbf17f2710057234,FEASIBLE,0.0,1.0,EXPLOITATION,1
public_10,public_10_day_5,5,syn_aafea598a05555fd8a0331cd77bf3d1b,syn_2ae6428fe8d0787376fe540dbd83a9e1,FEASIBLE,0.0,1.0,EXPLORATION,1
public_10,public_10_day_5,5,syn_6a8b7f19205f77e0079c06f343b179f9,syn_07a1ba169c947274fbda87ce93066956,FEASIBLE,0.5499999999999999,1.0,EXPLOITATION,0
public_10,public_10_day_5,5,syn_4d4039deb870661a489ded51c2e01c2d,syn_76fd573a948b554f3ebee57b8874c057,FEASIBLE,0.30000000000000004,1.0,EXPLORATION,0
public_10,public_10_day_5,5,syn_4d4039deb870661a489ded51c2e01c2d,syn_11c7a35957579b543aebc553ec143dfb,FEASIBLE,0.15000000000000002,1.0,EXPLORATION,0
public_10,public_10_day_5,5,syn_a72369d69b77313b62eb9cf310987623,syn_4118efebeb5bffb1d97c676086799fca,FEASIBLE,0.0,1.0,EXPLORATION,0
public_10,public_10_day_5,5,syn_aafea598a05555fd8a0331cd77bf3d1b,syn_1fa0f9be55fad34f21fa1c78bcc75823,FEASIBLE,0.0,1.0,EXPLORATION,0
public_10,public_10_day_5,5,syn_6a8b7f19205f77e0079c06f343b179f9,syn_2cf4a622e93de4862bf406fbe9968660,FEASIBLE,0.0,1.0,EXPLORATION,0
public_10,public_10_day_5,5,syn_4118efebeb5bffb1d97c676086799fca,syn_a2636682040b5f9e5612d711743d5a8e,FEASIBLE,0.0,1.0,EXPLORATION,0
public_10,public_10_day_5,5,syn_36a6a073237ca17cc85d34b97234c35c,syn_07a1ba169c947274fbda87ce93066956,FEASIBLE,0.0,1.0,EXPLORATION,0
public_10,public_10_day_6,6,syn_3026c699639e3e6348676dcc6d650cc9,syn_e75c0907f7e92d36cef546a896000d88,FEASIBLE,1.0,1.0,EXPLORATION,1
public_10,public_10_day_6,6,syn_6a8b7f19205f77e0079c06f343b179f9,syn_36a6a073237ca17cc85d34b97234c35c,FEASIBLE,1.0,1.0,EXPLOITATION,1
public_10,public_10_day_6,6,syn_9ab353464f583bd46641af0a05e39f27,syn_1fa0f9be55fad34f21fa1c78bcc75823,FEASIBLE,0.5,1.0,EXPLOITATION,1
public_10,public_10_day_6,6,syn_11c7a35957579b543aebc553ec143dfb,syn_76fd573a948b554f3ebee57b8874c057,FEASIBLE,0.44999999999999996,1.0,EXPLOITATION,1
public_10,public_10_day_6,6,syn_a17752a2f68f8ad7d1a4988b602f4345,syn_a10a0f33bed613eab3c39579cfb95fd7,FEASIBLE,0.3,1.0,EXPLOITATION,1
public_10,public_10_day_6,6,syn_0142765f71da4f470ea933199686004e,syn_2cf4a622e93de4862bf406fbe9968660,FEASIBLE,0.2,1.0,EXPLOITATION,1
public_10,public_10_day_6,6,syn_a72369d69b77313b62eb9cf310987623,syn_4550325028612805cbf17f2710057234,FEASIBLE,0.0,1.0,EXPLOITATION,1
public_10,public_10_day_6,6,syn_aafea598a05555fd8a0331cd77bf3d1b,syn_2ae6428fe8d0787376fe540dbd83a9e1,FEASIBLE,0.0,1.0,EXPLOITATION,1
public_10,public_10_day_6,6,syn_4118efebeb5bffb1d97c676086799fca,syn_a2636682040b5f9e5612d711743d5a8e,FEASIBLE,0.0,1.0,EXPLORATION,1
public_10,public_10_day_6,6,syn_6a8b7f19205f77e0079c06f343b179f9,syn_07a1ba169c947274fbda87ce93066956,FEASIBLE,0.5499999999999999,1.0,EXPLOITATION,0
public_10,public_10_day_6,6,syn_3026c699639e3e6348676dcc6d650cc9,syn_4118efebeb5bffb1d97c676086799fca,FEASIBLE,0.35,1.0,EXPLOITATION,0
public_10,public_10_day_6,6,syn_4d4039deb870661a489ded51c2e01c2d,syn_76fd573a948b554f3ebee57b8874c057,FEASIBLE,0.30000000000000004,1.0,EXPLORATION,0
public_10,public_10_day_6,6,syn_4d4039deb870661a489ded51c2e01c2d,syn_11c7a35957579b543aebc553ec143dfb,FEASIBLE,0.15000000000000002,1.0,EXPLORATION,0
public_10,public_10_day_6,6,syn_a72369d69b77313b62eb9cf310987623,syn_4118efebeb5bffb1d97c676086799fca,FEASIBLE,0.0,1.0,EXPLORATION,0
public_10,public_10_day_6,6,syn_a72369d69b77313b62eb9cf310987623,syn_e75c0907f7e92d36cef546a896000d88,FEASIBLE,0.0,1.0,EXPLORATION,0
public_10,public_10_day_6,6,syn_aafea598a05555fd8a0331cd77bf3d1b,syn_00a292432ca19ea1d82f9d7dee556e20,FEASIBLE,0.0,1.0,EXPLORATION,0
public_10,public_10_day_6,6,syn_aafea598a05555fd8a0331cd77bf3d1b,syn_1fa0f9be55fad34f21fa1c78bcc75823,FEASIBLE,0.0,1.0,EXPLORATION,0
public_10,public_10_day_6,6,syn_6a8b7f19205f77e0079c06f343b179f9,syn_2cf4a622e93de4862bf406fbe9968660,FEASIBLE,0.0,1.0,EXPLORATION,0
public_10,public_10_day_6,6,syn_2ae6428fe8d0787376fe540dbd83a9e1,syn_00a292432ca19ea1d82f9d7dee556e20,FEASIBLE,0.0,1.0,EXPLORATION,0
public_10,public_10_day_6,6,syn_a17752a2f68f8ad7d1a4988b602f4345,syn_a3ebe737714c0f078d738fd6426f1247,FEASIBLE,0.0,1.0,EXPLORATION,0
public_10,public_10_day_6,6,syn_a3ebe737714c0f078d738fd6426f1247,syn_e75c0907f7e92d36cef546a896000d88,FEASIBLE,0.0,1.0,EXPLORATION,0
public_10,public_10_day_6,6,syn_e75c0907f7e92d36cef546a896000d88,syn_6ccd6d178a306578b2d80336ed08202f,FEASIBLE,0.0,1.0,EXPLORATION,0
public_10,public_10_day_6,6,syn_36a6a073237ca17cc85d34b97234c35c,syn_07a1ba169c947274fbda87ce93066956,FEASIBLE,0.0,1.0,EXPLORATION,0
public_10,public_10_day_7,7,syn_3026c699639e3e6348676dcc6d650cc9,syn_e75c0907f7e92d36cef546a896000d88,FEASIBLE,1.0,1.0,EXPLOITATION,1
public_10,public_10_day_7,7,syn_6a8b7f19205f77e0079c06f343b179f9,syn_36a6a073237ca17cc85d34b97234c35c,FEASIBLE,1.0,1.0,EXPLOITATION,1
public_10,public_10_day_7,7,syn_9ab353464f583bd46641af0a05e39f27,syn_1fa0f9be55fad34f21fa1c78bcc75823,FEASIBLE,0.5,1.0,EXPLOITATION,1
public_10,public_10_day_7,7,syn_11c7a35957579b543aebc553ec143dfb,syn_76fd573a948b554f3ebee57b8874c057,FEASIBLE,0.44999999999999996,1.0,EXPLOITATION,1
public_10,public_10_day_7,7,syn_a17752a2f68f8ad7d1a4988b602f4345,syn_a10a0f33bed613eab3c39579cfb95fd7,FEASIBLE,0.3,1.0,EXPLOITATION,1
public_10,public_10_day_7,7,syn_0142765f71da4f470ea933199686004e,syn_2cf4a622e93de4862bf406fbe9968660,FEASIBLE,0.2,1.0,EXPLOITATION,1
public_10,public_10_day_7,7,syn_a72369d69b77313b62eb9cf310987623,syn_4550325028612805cbf17f2710057234,FEASIBLE,0.0,1.0,EXPLOITATION,1
public_10,public_10_day_7,7,syn_aafea598a05555fd8a0331cd77bf3d1b,syn_2ae6428fe8d0787376fe540dbd83a9e1,FEASIBLE,0.0,1.0,EXPLOITATION,1
public_10,public_10_day_7,7,syn_4118efebeb5bffb1d97c676086799fca,syn_a2636682040b5f9e5612d711743d5a8e,FEASIBLE,0.0,1.0,EXPLOITATION,1
public_10,public_10_day_7,7,syn_6a8b7f19205f77e0079c06f343b179f9,syn_07a1ba169c947274fbda87ce93066956,FEASIBLE,0.5499999999999999,1.0,EXPLOITATION,0
public_10,public_10_day_7,7,syn_3026c699639e3e6348676dcc6d650cc9,syn_4118efebeb5bffb1d97c676086799fca,FEASIBLE,0.35,1.0,EXPLOITATION,0
public_10,public_10_day_7,7,syn_4d4039deb870661a489ded51c2e01c2d,syn_76fd573a948b554f3ebee57b8874c057,FEASIBLE,0.30000000000000004,1.0,EXPLORATION,0
public_10,public_10_day_7,7,syn_4d4039deb870661a489ded51c2e01c2d,syn_11c7a35957579b543aebc553ec143dfb,FEASIBLE,0.15000000000000002,1.0,EXPLORATION,0
public_10,public_10_day_7,7,syn_a72369d69b77313b62eb9cf310987623,syn_4118efebeb5bffb1d97c676086799fca,FEASIBLE,0.0,1.0,EXPLORATION,0
public_10,public_10_day_7,7,syn_a72369d69b77313b62eb9cf310987623,syn_e75c0907f7e92d36cef546a896000d88,FEASIBLE,0.0,1.0,EXPLORATION,0
public_10,public_10_day_7,7,syn_aafea598a05555fd8a0331cd77bf3d1b,syn_00a292432ca19ea1d82f9d7dee556e20,FEASIBLE,0.0,1.0,EXPLORATION,0
public_10,public_10_day_7,7,syn_aafea598a05555fd8a0331cd77bf3d1b,syn_1fa0f9be55fad34f21fa1c78bcc75823,FEASIBLE,0.0,1.0,EXPLORATION,0
public_10,public_10_day_7,7,syn_6a8b7f19205f77e0079c06f343b179f9,syn_2cf4a622e93de4862bf406fbe9968660,FEASIBLE,0.0,1.0,EXPLORATION,0
public_10,public_10_day_7,7,syn_2ae6428fe8d0787376fe540dbd83a9e1,syn_00a292432ca19ea1d82f9d7dee556e20,FEASIBLE,0.0,1.0,EXPLORATION,0
public_10,public_10_day_7,7,syn_a17752a2f68f8ad7d1a4988b602f4345,syn_a3ebe737714c0f078d738fd6426f1247,FEASIBLE,0.0,1.0,EXPLORATION,0
public_10,public_10_day_7,7,syn_a3ebe737714c0f078d738fd6426f1247,syn_e75c0907f7e92d36cef546a896000d88,FEASIBLE,0.0,1.0,EXPLORATION,0
public_10,public_10_day_7,7,syn_e75c0907f7e92d36cef546a896000d88,syn_6ccd6d178a306578b2d80336ed08202f,FEASIBLE,0.0,1.0,EXPLORATION,0
public_10,public_10_day_7,7,syn_e75c0907f7e92d36cef546a896000d88,syn_65f5d040e59eb3dfdff023cd290ef343,FEASIBLE,0.0,1.0,EXPLORATION,0
public_10,public_10_day_7,7,syn_36a6a073237ca17cc85d34b97234c35c,syn_07a1ba169c947274fbda87ce93066956,FEASIBLE,0.0,1.0,EXPLORATION,0
public_10,public_10_day_8,8,syn_3026c699639e3e6348676dcc6d650cc9,syn_e75c0907f7e92d36cef546a896000d88,FEASIBLE,1.0,1.0,EXPLOITATION,1
public_10,public_10_day_8,8,syn_33218a5ec81d850bee668de6aac93a05,syn_5f14e9567ba0f208b00430bb476fc6fc,FEASIBLE,0.5,1.0,EXPLORATION,1
public_10,public_10_day_8,8,syn_f53c9fb43874da5040cb430163ee338e,syn_8dd6339d4267512f971ae9c93ba79a33,FEASIBLE,0.5,1.0,EXPLOITATION,1
public_10,public_10_day_8,8,syn_9ab353464f583bd46641af0a05e39f27,syn_1fa0f9be55fad34f21fa1c78bcc75823,FEASIBLE,0.5,1.0,EXPLOITATION,1
public_10,public_10_day_8,8,syn_a17752a2f68f8ad7d1a4988b602f4345,syn_a10a0f33bed613eab3c39579cfb95fd7,FEASIBLE,0.3,1.0,EXPLOITATION,1
public_10,public_10_day_8,8,syn_0142765f71da4f470ea933199686004e,syn_2cf4a622e93de4862bf406fbe9968660,FEASIBLE,0.2,1.0,EXPLOITATION,1
public_10,public_10_day_8,8,syn_a72369d69b77313b62eb9cf310987623,syn_4550325028612805cbf17f2710057234,FEASIBLE,0.0,1.0,EXPLOITATION,1
public_10,public_10_day_8,8,syn_aafea598a05555fd8a0331cd77bf3d1b,syn_2ae6428fe8d0787376fe540dbd83a9e1,FEASIBLE,0.0,1.0,EXPLOITATION,1
public_10,public_10_day_8,8,syn_a72369d69b77313b62eb9cf310987623,syn_e75c0907f7e92d36cef546a896000d88,FEASIBLE,0.0,1.0,EXPLORATION,0
public_10,public_10_day_8,8,syn_aafea598a05555fd8a0331cd77bf3d1b,syn_00a292432ca19ea1d82f9d7dee556e20,FEASIBLE,0.0,1.0,EXPLORATION,0
public_10,public_10_day_8,8,syn_aafea598a05555fd8a0331cd77bf3d1b,syn_1fa0f9be55fad34f21fa1c78bcc75823,FEASIBLE,0.0,1.0,EXPLORATION,0
public_10,public_10_day_8,8,syn_2ae6428fe8d0787376fe540dbd83a9e1,syn_00a292432ca19ea1d82f9d7dee556e20,FEASIBLE,0.0,1.0,EXPLORATION,0
public_10,public_10_day_8,8,syn_a17752a2f68f8ad7d1a4988b602f4345,syn_a3ebe737714c0f078d738fd6426f1247,FEASIBLE,0.0,1.0,EXPLORATION,0
public_10,public_10_day_8,8,syn_a3ebe737714c0f078d738fd6426f1247,syn_e75c0907f7e92d36cef546a896000d88,FEASIBLE,0.0,1.0,EXPLORATION,0
public_10,public_10_day_8,8,syn_e75c0907f7e92d36cef546a896000d88,syn_6ccd6d178a306578b2d80336ed08202f,FEASIBLE,0.0,1.0,EXPLORATION,0
public_10,public_10_day_8,8,syn_e75c0907f7e92d36cef546a896000d88,syn_65f5d040e59eb3dfdff023cd290ef343,FEASIBLE,0.0,1.0,EXPLORATION,0
public_10,public_10_day_9,9,syn_3026c699639e3e6348676dcc6d650cc9,syn_e75c0907f7e92d36cef546a896000d88,FEASIBLE,1.0,1.0,EXPLOITATION,1
public_10,public_10_day_9,9,syn_33218a5ec81d850bee668de6aac93a05,syn_5f14e9567ba0f208b00430bb476fc6fc,FEASIBLE,0.5,1.0,EXPLOITATION,1
public_10,public_10_day_9,9,syn_f53c9fb43874da5040cb430163ee338e,syn_8dd6339d4267512f971ae9c93ba79a33,FEASIBLE,0.5,1.0,EXPLOITATION,1
public_10,public_10_day_9,9,syn_9ab353464f583bd46641af0a05e39f27,syn_1fa0f9be55fad34f21fa1c78bcc75823,FEASIBLE,0.5,1.0,EXPLOITATION,1
public_10,public_10_day_9,9,syn_a17752a2f68f8ad7d1a4988b602f4345,syn_a10a0f33bed613eab3c39579cfb95fd7,FEASIBLE,0.3,1.0,EXPLOITATION,1
public_10,public_10_day_9,9,syn_0142765f71da4f470ea933199686004e,syn_2cf4a622e93de4862bf406fbe9968660,FEASIBLE,0.2,1.0,EXPLOITATION,1
public_10,public_10_day_9,9,syn_08c8959211b0ecd44286ad82daec2c78,syn_b50b420bc580e1d9e03e64fd62d0a6f1,FEASIBLE,0.15,1.0,EXPLORATION,1
public_10,public_10_day_9,9,syn_a72369d69b77313b62eb9cf310987623,syn_4550325028612805cbf17f2710057234,FEASIBLE,0.0,1.0,EXPLOITATION,1
public_10,public_10_day_9,9,syn_aafea598a05555fd8a0331cd77bf3d1b,syn_2ae6428fe8d0787376fe540dbd83a9e1,FEASIBLE,0.0,1.0,EXPLOITATION,1
public_10,public_10_day_9,9,syn_3026c699639e3e6348676dcc6d650cc9,syn_08c8959211b0ecd44286ad82daec2c78,FEASIBLE,0.5,1.0,EXPLORATION,0
public_10,public_10_day_9,9,syn_a72369d69b77313b62eb9cf310987623,syn_e75c0907f7e92d36cef546a896000d88,FEASIBLE,0.0,1.0,EXPLORATION,0
public_10,public_10_day_9,9,syn_aafea598a05555fd8a0331cd77bf3d1b,syn_1fa0f9be55fad34f21fa1c78bcc75823,FEASIBLE,0.0,1.0,EXPLORATION,0
public_10,public_10_day_9,9,syn_4550325028612805cbf17f2710057234,syn_08c8959211b0ecd44286ad82daec2c78,FEASIBLE,0.0,1.0,EXPLORATION,0
public_10,public_10_day_9,9,syn_a17752a2f68f8ad7d1a4988b602f4345,syn_a3ebe737714c0f078d738fd6426f1247,FEASIBLE,0.0,1.0,EXPLORATION,0
public_10,public_10_day_9,9,syn_ac7adb59d76e0765d34bb88a00ac664b,syn_08c8959211b0ecd44286ad82daec2c78,FEASIBLE,0.0,1.0,EXPLOITATION,0
public_10,public_10_day_9,9,syn_a3ebe737714c0f078d738fd6426f1247,syn_e75c0907f7e92d36cef546a896000d88,FEASIBLE,0.0,1.0,EXPLORATION,0
public_10,public_10_day_9,9,syn_e75c0907f7e92d36cef546a896000d88,syn_6ccd6d178a306578b2d80336ed08202f,FEASIBLE,0.0,1.0,EXPLORATION,0
public_10,public_10_day_9,9,syn_e75c0907f7e92d36cef546a896000d88,syn_65f5d040e59eb3dfdff023cd290ef343,FEASIBLE,0.0,1.0,EXPLORATION,0
public_10,public_10_day_9,9,syn_f0f19dd9848ef26b610a53e071941f92,syn_08c8959211b0ecd44286ad82daec2c78,FEASIBLE,0.0,1.0,EXPLOITATION,0
public_10,public_10_day_10,10,syn_3026c699639e3e6348676dcc6d650cc9,syn_e75c0907f7e92d36cef546a896000d88,FEASIBLE,1.0,1.0,EXPLOITATION,1
public_10,public_10_day_10,10,syn_33218a5ec81d850bee668de6aac93a05,syn_5f14e9567ba0f208b00430bb476fc6fc,FEASIBLE,0.5,1.0,EXPLOITATION,1
public_10,public_10_day_10,10,syn_f53c9fb43874da5040cb430163ee338e,syn_8dd6339d4267512f971ae9c93ba79a33,FEASIBLE,0.5,1.0,EXPLOITATION,1
public_10,public_10_day_10,10,syn_9ab353464f583bd46641af0a05e39f27,syn_1fa0f9be55fad34f21fa1c78bcc75823,FEASIBLE,0.5,1.0,EXPLOITATION,1
public_10,public_10_day_10,10,syn_a17752a2f68f8ad7d1a4988b602f4345,syn_a10a0f33bed613eab3c39579cfb95fd7,FEASIBLE,0.3,1.0,EXPLOITATION,1
public_10,public_10_day_10,10,syn_0142765f71da4f470ea933199686004e,syn_2cf4a622e93de4862bf406fbe9968660,FEASIBLE,0.2,1.0,EXPLOITATION,1
public_10,public_10_day_10,10,syn_08c8959211b0ecd44286ad82daec2c78,syn_b50b420bc580e1d9e03e64fd62d0a6f1,FEASIBLE,0.15,1.0,EXPLOITATION,1
public_10,public_10_day_10,10,syn_a72369d69b77313b62eb9cf310987623,syn_4550325028612805cbf17f2710057234,FEASIBLE,0.0,1.0,EXPLOITATION,1
public_10,public_10_day_10,10,syn_3026c699639e3e6348676dcc6d650cc9,syn_08c8959211b0ecd44286ad82daec2c78,FEASIBLE,0.5,1.0,EXPLORATION,0
public_10,public_10_day_10,10,syn_a72369d69b77313b62eb9cf310987623,syn_e75c0907f7e92d36cef546a896000d88,FEASIBLE,0.0,1.0,EXPLORATION,0
public_10,public_10_day_10,10,syn_4550325028612805cbf17f2710057234,syn_08c8959211b0ecd44286ad82daec2c78,FEASIBLE,0.0,1.0,EXPLORATION,0
public_10,public_10_day_10,10,syn_a17752a2f68f8ad7d1a4988b602f4345,syn_a3ebe737714c0f078d738fd6426f1247,FEASIBLE,0.0,1.0,EXPLORATION,0
public_10,public_10_day_10,10,syn_ac7adb59d76e0765d34bb88a00ac664b,syn_08c8959211b0ecd44286ad82daec2c78,FEASIBLE,0.0,1.0,EXPLOITATION,0
public_10,public_10_day_10,10,syn_a3ebe737714c0f078d738fd6426f1247,syn_e75c0907f7e92d36cef546a896000d88,FEASIBLE,0.0,1.0,EXPLORATION,0
public_10,public_10_day_10,10,syn_e75c0907f7e92d36cef546a896000d88,syn_6ccd6d178a306578b2d80336ed08202f,FEASIBLE,0.0,1.0,EXPLORATION,0
public_10,public_10_day_10,10,syn_e75c0907f7e92d36cef546a896000d88,syn_65f5d040e59eb3dfdff023cd290ef343,FEASIBLE,0.0,1.0,EXPLORATION,0
public_10,public_10_day_10,10,syn_f0f19dd9848ef26b610a53e071941f92,syn_08c8959211b0ecd44286ad82daec2c78,FEASIBLE,0.0,1.0,EXPLOITATION,0
public_10,public_10_day_11,11,syn_3026c699639e3e6348676dcc6d650cc9,syn_e75c0907f7e92d36cef546a896000d88,FEASIBLE,1.0,1.0,EXPLOITATION,1
public_10,public_10_day_11,11,syn_f53c9fb43874da5040cb430163ee338e,syn_8dd6339d4267512f971ae9c93ba79a33,FEASIBLE,0.5,1.0,EXPLOITATION,1
public_10,public_10_day_11,11,syn_9ab353464f583bd46641af0a05e39f27,syn_1fa0f9be55fad34f21fa1c78bcc75823,FEASIBLE,0.5,1.0,EXPLOITATION,1
public_10,public_10_day_11,11,syn_a17752a2f68f8ad7d1a4988b602f4345,syn_a10a0f33bed613eab3c39579cfb95fd7,FEASIBLE,0.3,1.0,EXPLOITATION,1
public_10,public_10_day_11,11,syn_0142765f71da4f470ea933199686004e,syn_2cf4a622e93de4862bf406fbe9968660,FEASIBLE,0.2,1.0,EXPLOITATION,1
public_10,public_10_day_11,11,syn_08c8959211b0ecd44286ad82daec2c78,syn_b50b420bc580e1d9e03e64fd62d0a6f1,FEASIBLE,0.15,1.0,EXPLOITATION,1
public_10,public_10_day_11,11,syn_a72369d69b77313b62eb9cf310987623,syn_4550325028612805cbf17f2710057234,FEASIBLE,0.0,1.0,EXPLOITATION,1
public_10,public_10_day_11,11,syn_82e48d89b5e9fb6839d31933fbfee9dc,syn_eb8368f49afc9d7d00ecc48c4d3de4ce,FEASIBLE,0.0,1.0,EXPLORATION,1
public_10,public_10_day_11,11,syn_3026c699639e3e6348676dcc6d650cc9,syn_08c8959211b0ecd44286ad82daec2c78,FEASIBLE,0.5,1.0,EXPLORATION,0
public_10,public_10_day_11,11,syn_a72369d69b77313b62eb9cf310987623,syn_e75c0907f7e92d36cef546a896000d88,FEASIBLE,0.0,1.0,EXPLORATION,0
public_10,public_10_day_11,11,syn_4550325028612805cbf17f2710057234,syn_08c8959211b0ecd44286ad82daec2c78,FEASIBLE,0.0,1.0,EXPLORATION,0
public_10,public_10_day_11,11,syn_a17752a2f68f8ad7d1a4988b602f4345,syn_a3ebe737714c0f078d738fd6426f1247,FEASIBLE,0.0,1.0,EXPLORATION,0
public_10,public_10_day_11,11,syn_a17752a2f68f8ad7d1a4988b602f4345,syn_280ed2ee4e8e69969aba90ad77844c04,FEASIBLE,0.0,1.0,EXPLORATION,0
public_10,public_10_day_11,11,syn_ac7adb59d76e0765d34bb88a00ac664b,syn_08c8959211b0ecd44286ad82daec2c78,FEASIBLE,0.0,1.0,EXPLOITATION,0
public_10,public_10_day_11,11,syn_a3ebe737714c0f078d738fd6426f1247,syn_e75c0907f7e92d36cef546a896000d88,FEASIBLE,0.0,1.0,EXPLORATION,0
public_10,public_10_day_11,11,syn_e75c0907f7e92d36cef546a896000d88,syn_6ccd6d178a306578b2d80336ed08202f,FEASIBLE,0.0,1.0,EXPLORATION,0
public_10,public_10_day_11,11,syn_e75c0907f7e92d36cef546a896000d88,syn_65f5d040e59eb3dfdff023cd290ef343,FEASIBLE,0.0,1.0,EXPLORATION,0
public_10,public_10_day_11,11,syn_f0f19dd9848ef26b610a53e071941f92,syn_08c8959211b0ecd44286ad82daec2c78,FEASIBLE,0.0,1.0,EXPLOITATION,0
public_10,public_10_day_12,12,syn_f53c9fb43874da5040cb430163ee338e,syn_8dd6339d4267512f971ae9c93ba79a33,FEASIBLE,0.5,1.0,EXPLOITATION,1
public_10,public_10_day_12,12,syn_9ab353464f583bd46641af0a05e39f27,syn_1fa0f9be55fad34f21fa1c78bcc75823,FEASIBLE,0.5,1.0,EXPLOITATION,1
public_10,public_10_day_12,12,syn_0142765f71da4f470ea933199686004e,syn_2cf4a622e93de4862bf406fbe9968660,FEASIBLE,0.2,1.0,EXPLOITATION,1
public_10,public_10_day_12,12,syn_a72369d69b77313b62eb9cf310987623,syn_4550325028612805cbf17f2710057234,FEASIBLE,0.0,1.0,EXPLOITATION,1
public_10,public_10_day_12,12,syn_82e48d89b5e9fb6839d31933fbfee9dc,syn_eb8368f49afc9d7d00ecc48c4d3de4ce,FEASIBLE,0.0,1.0,EXPLOITATION,1
public_10,public_10_day_12,12,syn_4118efebeb5bffb1d97c676086799fca,syn_a2636682040b5f9e5612d711743d5a8e,FEASIBLE,0.0,1.0,EXPLOITATION,1
public_10,public_10_day_12,12,syn_a3ebe737714c0f078d738fd6426f1247,syn_e75c0907f7e92d36cef546a896000d88,FEASIBLE,0.0,1.0,EXPLORATION,1
public_10,public_10_day_12,12,syn_a72369d69b77313b62eb9cf310987623,syn_4118efebeb5bffb1d97c676086799fca,FEASIBLE,0.0,1.0,EXPLORATION,0
public_10,public_10_day_12,12,syn_a72369d69b77313b62eb9cf310987623,syn_e75c0907f7e92d36cef546a896000d88,FEASIBLE,0.0,1.0,EXPLORATION,0
public_10,public_10_day_12,12,syn_e75c0907f7e92d36cef546a896000d88,syn_6ccd6d178a306578b2d80336ed08202f,FEASIBLE,0.0,1.0,EXPLORATION,0
public_10,public_10_day_12,12,syn_e75c0907f7e92d36cef546a896000d88,syn_65f5d040e59eb3dfdff023cd290ef343,FEASIBLE,0.0,1.0,EXPLORATION,0
public_10,public_10_day_13,13,syn_f53c9fb43874da5040cb430163ee338e,syn_8dd6339d4267512f971ae9c93ba79a33,FEASIBLE,0.5,1.0,EXPLOITATION,1
public_10,public_10_day_13,13,syn_9ab353464f583bd46641af0a05e39f27,syn_1fa0f9be55fad34f21fa1c78bcc75823,FEASIBLE,0.5,1.0,EXPLOITATION,1
public_10,public_10_day_13,13,syn_0142765f71da4f470ea933199686004e,syn_2cf4a622e93de4862bf406fbe9968660,FEASIBLE,0.2,1.0,EXPLOITATION,1
public_10,public_10_day_13,13,syn_a72369d69b77313b62eb9cf310987623,syn_4550325028612805cbf17f2710057234,FEASIBLE,0.0,1.0,EXPLOITATION,1
public_10,public_10_day_13,13,syn_82e48d89b5e9fb6839d31933fbfee9dc,syn_eb8368f49afc9d7d00ecc48c4d3de4ce,FEASIBLE,0.0,1.0,EXPLOITATION,1
public_10,public_10_day_13,13,syn_4118efebeb5bffb1d97c676086799fca,syn_a2636682040b5f9e5612d711743d5a8e,FEASIBLE,0.0,1.0,EXPLOITATION,1
public_10,public_10_day_13,13,syn_39f48c4c50343606770faa51e54c63fa,syn_a2eb656ba08d83bd383536f1df7c20dc,FEASIBLE,0.0,1.0,EXPLOITATION,1
public_10,public_10_day_13,13,syn_a72369d69b77313b62eb9cf310987623,syn_4118efebeb5bffb1d97c676086799fca,FEASIBLE,0.0,1.0,EXPLORATION,0
public_10,public_10_day_14,14,syn_33218a5ec81d850bee668de6aac93a05,syn_5f14e9567ba0f208b00430bb476fc6fc,FEASIBLE,0.5,1.0,EXPLOITATION,1
public_10,public_10_day_14,14,syn_3026c699639e3e6348676dcc6d650cc9,syn_08c8959211b0ecd44286ad82daec2c78,FEASIBLE,0.5,1.0,EXPLORATION,1
public_10,public_10_day_14,14,syn_f53c9fb43874da5040cb430163ee338e,syn_8dd6339d4267512f971ae9c93ba79a33,FEASIBLE,0.5,1.0,EXPLOITATION,1
public_10,public_10_day_14,14,syn_9ab353464f583bd46641af0a05e39f27,syn_1fa0f9be55fad34f21fa1c78bcc75823,FEASIBLE,0.5,1.0,EXPLOITATION,1
public_10,public_10_day_14,14,syn_0142765f71da4f470ea933199686004e,syn_2cf4a622e93de4862bf406fbe9968660,FEASIBLE,0.2,1.0,EXPLOITATION,1
public_10,public_10_day_14,14,syn_a72369d69b77313b62eb9cf310987623,syn_4550325028612805cbf17f2710057234,FEASIBLE,0.0,1.0,EXPLOITATION,1
public_10,public_10_day_14,14,syn_82e48d89b5e9fb6839d31933fbfee9dc,syn_eb8368f49afc9d7d00ecc48c4d3de4ce,FEASIBLE,0.0,1.0,EXPLOITATION,1
public_10,public_10_day_14,14,syn_2ae6428fe8d0787376fe540dbd83a9e1,syn_00a292432ca19ea1d82f9d7dee556e20,FEASIBLE,0.0,1.0,EXPLORATION,1
public_10,public_10_day_14,14,syn_4118efebeb5bffb1d97c676086799fca,syn_a2636682040b5f9e5612d711743d5a8e,FEASIBLE,0.0,1.0,EXPLOITATION,1
public_10,public_10_day_14,14,syn_26dd18a4132bd025090300e446cf7bda,syn_3d9aa8f2b2f0e82cb4712e749d6a1225,FEASIBLE,0.0,1.0,EXPLOITATION,1
public_10,public_10_day_14,14,syn_39f48c4c50343606770faa51e54c63fa,syn_a2eb656ba08d83bd383536f1df7c20dc,FEASIBLE,0.0,1.0,EXPLOITATION,1
public_10,public_10_day_14,14,syn_3026c699639e3e6348676dcc6d650cc9,syn_4118efebeb5bffb1d97c676086799fca,FEASIBLE,0.35,1.0,EXPLOITATION,0
public_10,public_10_day_14,14,syn_f74fd02a69d26a14e5a77cb07ec0630f,syn_5f14e9567ba0f208b00430bb476fc6fc,FEASIBLE,0.3,1.0,EXPLORATION,0
public_10,public_10_day_14,14,syn_08c8959211b0ecd44286ad82daec2c78,syn_b50b420bc580e1d9e03e64fd62d0a6f1,FEASIBLE,0.15,1.0,EXPLOITATION,0
public_10,public_10_day_14,14,syn_a72369d69b77313b62eb9cf310987623,syn_4118efebeb5bffb1d97c676086799fca,FEASIBLE,0.0,1.0,EXPLORATION,0
public_10,public_10_day_14,14,syn_f74fd02a69d26a14e5a77cb07ec0630f,syn_2cf4a622e93de4862bf406fbe9968660,FEASIBLE,0.0,1.0,EXPLORATION,0
public_10,public_10_day_14,14,syn_2ae6428fe8d0787376fe540dbd83a9e1,syn_b875287926cc310b79c882e91dcb2892,FEASIBLE,0.0,1.0,EXPLORATION,0
public_10,public_10_day_14,14,syn_4550325028612805cbf17f2710057234,syn_08c8959211b0ecd44286ad82daec2c78,FEASIBLE,0.0,1.0,EXPLORATION,0
public_10,public_10_day_14,14,syn_ac7adb59d76e0765d34bb88a00ac664b,syn_08c8959211b0ecd44286ad82daec2c78,FEASIBLE,0.0,1.0,EXPLOITATION,0
public_10,public_10_day_14,14,syn_f0f19dd9848ef26b610a53e071941f92,syn_08c8959211b0ecd44286ad82daec2c78,FEASIBLE,0.0,1.0,EXPLOITATION,0
public_10,public_10_day_14,14,syn_00a292432ca19ea1d82f9d7dee556e20,syn_b875287926cc310b79c882e91dcb2892,FEASIBLE,0.0,1.0,EXPLORATION,0
public_10,public_10_day_15,15,syn_8004e1549c802a6b7a454f9afffc1479,syn_a2636682040b5f9e5612d711743d5a8e,FEASIBLE,0.7,1.0,EXPLORATION,1
public_10,public_10_day_15,15,syn_33218a5ec81d850bee668de6aac93a05,syn_5f14e9567ba0f208b00430bb476fc6fc,FEASIBLE,0.5,1.0,EXPLOITATION,1
public_10,public_10_day_15,15,syn_3026c699639e3e6348676dcc6d650cc9,syn_08c8959211b0ecd44286ad82daec2c78,FEASIBLE,0.5,1.0,EXPLOITATION,1
public_10,public_10_day_15,15,syn_f53c9fb43874da5040cb430163ee338e,syn_8dd6339d4267512f971ae9c93ba79a33,FEASIBLE,0.5,1.0,EXPLOITATION,1
public_10,public_10_day_15,15,syn_9ab353464f583bd46641af0a05e39f27,syn_1fa0f9be55fad34f21fa1c78bcc75823,FEASIBLE,0.5,1.0,EXPLOITATION,1
public_10,public_10_day_15,15,syn_0142765f71da4f470ea933199686004e,syn_2cf4a622e93de4862bf406fbe9968660,FEASIBLE,0.2,1.0,EXPLOITATION,1
public_10,public_10_day_15,15,syn_82e48d89b5e9fb6839d31933fbfee9dc,syn_eb8368f49afc9d7d00ecc48c4d3de4ce,FEASIBLE,0.0,1.0,EXPLOITATION,1
public_10,public_10_day_15,15,syn_2ae6428fe8d0787376fe540dbd83a9e1,syn_00a292432ca19ea1d82f9d7dee556e20,FEASIBLE,0.0,1.0,EXPLOITATION,1
public_10,public_10_day_15,15,syn_26dd18a4132bd025090300e446cf7bda,syn_3d9aa8f2b2f0e82cb4712e749d6a1225,FEASIBLE,0.0,1.0,EXPLOITATION,1
public_10,public_10_day_15,15,syn_39f48c4c50343606770faa51e54c63fa,syn_a2eb656ba08d83bd383536f1df7c20dc,FEASIBLE,0.0,1.0,EXPLOITATION,1
public_10,public_10_day_15,15,syn_3026c699639e3e6348676dcc6d650cc9,syn_4118efebeb5bffb1d97c676086799fca,FEASIBLE,0.35,1.0,EXPLOITATION,0
public_10,public_10_day_15,15,syn_f74fd02a69d26a14e5a77cb07ec0630f,syn_5f14e9567ba0f208b00430bb476fc6fc,FEASIBLE,0.3,1.0,EXPLORATION,0
public_10,public_10_day_15,15,syn_08c8959211b0ecd44286ad82daec2c78,syn_b50b420bc580e1d9e03e64fd62d0a6f1,FEASIBLE,0.15,1.0,EXPLOITATION,0
public_10,public_10_day_15,15,syn_f74fd02a69d26a14e5a77cb07ec0630f,syn_2cf4a622e93de4862bf406fbe9968660,FEASIBLE,0.0,1.0,EXPLORATION,0
public_10,public_10_day_15,15,syn_2ae6428fe8d0787376fe540dbd83a9e1,syn_b875287926cc310b79c882e91dcb2892,FEASIBLE,0.0,1.0,EXPLORATION,0
public_10,public_10_day_15,15,syn_4550325028612805cbf17f2710057234,syn_08c8959211b0ecd44286ad82daec2c78,FEASIBLE,0.0,1.0,EXPLORATION,0
public_10,public_10_day_15,15,syn_ac7adb59d76e0765d34bb88a00ac664b,syn_08c8959211b0ecd44286ad82daec2c78,FEASIBLE,0.0,1.0,EXPLOITATION,0
public_10,public_10_day_15,15,syn_4118efebeb5bffb1d97c676086799fca,syn_a2636682040b5f9e5612d711743d5a8e,FEASIBLE,0.0,1.0,EXPLOITATION,0
public_10,public_10_day_15,15,syn_f0f19dd9848ef26b610a53e071941f92,syn_08c8959211b0ecd44286ad82daec2c78,FEASIBLE,0.0,1.0,EXPLOITATION,0
public_10,public_10_day_15,15,syn_00a292432ca19ea1d82f9d7dee556e20,syn_b875287926cc310b79c882e91dcb2892,FEASIBLE,0.0,1.0,EXPLORATION,0
public_10,public_10_day_16,16,syn_33218a5ec81d850bee668de6aac93a05,syn_5f14e9567ba0f208b00430bb476fc6fc,FEASIBLE,0.5,1.0,EXPLOITATION,1
public_10,public_10_day_16,16,syn_3026c699639e3e6348676dcc6d650cc9,syn_08c8959211b0ecd44286ad82daec2c78,FEASIBLE,0.5,1.0,EXPLOITATION,1
public_10,public_10_day_16,16,syn_f53c9fb43874da5040cb430163ee338e,syn_8dd6339d4267512f971ae9c93ba79a33,FEASIBLE,0.5,1.0,EXPLOITATION,1
public_10,public_10_day_16,16,syn_9ab353464f583bd46641af0a05e39f27,syn_1fa0f9be55fad34f21fa1c78bcc75823,FEASIBLE,0.5,1.0,EXPLOITATION,1
public_10,public_10_day_16,16,syn_a17752a2f68f8ad7d1a4988b602f4345,syn_a10a0f33bed613eab3c39579cfb95fd7,FEASIBLE,0.3,1.0,EXPLOITATION,1
public_10,public_10_day_16,16,syn_a72369d69b77313b62eb9cf310987623,syn_4550325028612805cbf17f2710057234,FEASIBLE,0.0,1.0,EXPLOITATION,1
public_10,public_10_day_16,16,syn_82e48d89b5e9fb6839d31933fbfee9dc,syn_eb8368f49afc9d7d00ecc48c4d3de4ce,FEASIBLE,0.0,1.0,EXPLOITATION,1
public_10,public_10_day_16,16,syn_fb677458ed9ef553765b0355a8ca1d87,syn_89b307713d8898967b949ee364b9c9c2,FEASIBLE,0.0,1.0,EXPLORATION,1
public_10,public_10_day_16,16,syn_2ae6428fe8d0787376fe540dbd83a9e1,syn_00a292432ca19ea1d82f9d7dee556e20,FEASIBLE,0.0,1.0,EXPLOITATION,1
public_10,public_10_day_16,16,syn_ecbf5233371e2318fb6924c4f6c75877,syn_022af7d17ed9947190143ccd3b849cd3,FEASIBLE,0.0,1.0,EXPLORATION,1
public_10,public_10_day_16,16,syn_26dd18a4132bd025090300e446cf7bda,syn_3d9aa8f2b2f0e82cb4712e749d6a1225,FEASIBLE,0.0,1.0,EXPLOITATION,1
public_10,public_10_day_16,16,syn_39f48c4c50343606770faa51e54c63fa,syn_a2eb656ba08d83bd383536f1df7c20dc,FEASIBLE,0.0,1.0,EXPLOITATION,1
public_10,public_10_day_16,16,syn_3026c699639e3e6348676dcc6d650cc9,syn_4118efebeb5bffb1d97c676086799fca,FEASIBLE,0.35,1.0,EXPLOITATION,0
public_10,public_10_day_16,16,syn_f74fd02a69d26a14e5a77cb07ec0630f,syn_5f14e9567ba0f208b00430bb476fc6fc,FEASIBLE,0.3,1.0,EXPLORATION,0
public_10,public_10_day_16,16,syn_a72369d69b77313b62eb9cf310987623,syn_4118efebeb5bffb1d97c676086799fca,FEASIBLE,0.0,1.0,EXPLORATION,0
public_10,public_10_day_16,16,syn_a72369d69b77313b62eb9cf310987623,syn_022af7d17ed9947190143ccd3b849cd3,FEASIBLE,0.0,1.0,EXPLOITATION,0
public_10,public_10_day_16,16,syn_2ae6428fe8d0787376fe540dbd83a9e1,syn_b875287926cc310b79c882e91dcb2892,FEASIBLE,0.0,1.0,EXPLORATION,0
public_10,public_10_day_16,16,syn_4550325028612805cbf17f2710057234,syn_08c8959211b0ecd44286ad82daec2c78,FEASIBLE,0.0,1.0,EXPLORATION,0
public_10,public_10_day_16,16,syn_a17752a2f68f8ad7d1a4988b602f4345,syn_a3ebe737714c0f078d738fd6426f1247,FEASIBLE,0.0,1.0,EXPLORATION,0
public_10,public_10_day_16,16,syn_a17752a2f68f8ad7d1a4988b602f4345,syn_26dd18a4132bd025090300e446cf7bda,FEASIBLE,0.0,1.0,EXPLORATION,0
public_10,public_10_day_16,16,syn_a17752a2f68f8ad7d1a4988b602f4345,syn_280ed2ee4e8e69969aba90ad77844c04,FEASIBLE,0.0,1.0,EXPLORATION,0
public_10,public_10_day_16,16,syn_ac7adb59d76e0765d34bb88a00ac664b,syn_08c8959211b0ecd44286ad82daec2c78,FEASIBLE,0.0,1.0,EXPLOITATION,0
public_10,public_10_day_16,16,syn_f0f19dd9848ef26b610a53e071941f92,syn_08c8959211b0ecd44286ad82daec2c78,FEASIBLE,0.0,1.0,EXPLOITATION,0
public_10,public_10_day_16,16,syn_00a292432ca19ea1d82f9d7dee556e20,syn_b875287926cc310b79c882e91dcb2892,FEASIBLE,0.0,1.0,EXPLORATION,0
public_10,public_10_day_16,16,syn_022af7d17ed9947190143ccd3b849cd3,syn_08c8959211b0ecd44286ad82daec2c78,FEASIBLE,0.0,1.0,EXPLOITATION,0
public_10,public_10_day_17,17,syn_6a8b7f19205f77e0079c06f343b179f9,syn_36a6a073237ca17cc85d34b97234c35c,FEASIBLE,1.0,1.0,EXPLOITATION,1
public_10,public_10_day_17,17,syn_33218a5ec81d850bee668de6aac93a05,syn_5f14e9567ba0f208b00430bb476fc6fc,FEASIBLE,0.5,1.0,EXPLOITATION,1
public_10,public_10_day_17,17,syn_3026c699639e3e6348676dcc6d650cc9,syn_08c8959211b0ecd44286ad82daec2c78,FEASIBLE,0.5,1.0,EXPLOITATION,1
public_10,public_10_day_17,17,syn_f53c9fb43874da5040cb430163ee338e,syn_8dd6339d4267512f971ae9c93ba79a33,FEASIBLE,0.5,1.0,EXPLOITATION,1
public_10,public_10_day_17,17,syn_9ab353464f583bd46641af0a05e39f27,syn_1fa0f9be55fad34f21fa1c78bcc75823,FEASIBLE,0.5,1.0,EXPLOITATION,1
public_10,public_10_day_17,17,syn_4d4039deb870661a489ded51c2e01c2d,syn_76fd573a948b554f3ebee57b8874c057,FEASIBLE,0.30000000000000004,1.0,EXPLORATION,1
public_10,public_10_day_17,17,syn_a17752a2f68f8ad7d1a4988b602f4345,syn_a10a0f33bed613eab3c39579cfb95fd7,FEASIBLE,0.3,1.0,EXPLOITATION,1
public_10,public_10_day_17,17,syn_0142765f71da4f470ea933199686004e,syn_2cf4a622e93de4862bf406fbe9968660,FEASIBLE,0.2,1.0,EXPLOITATION,1
public_10,public_10_day_17,17,syn_a72369d69b77313b62eb9cf310987623,syn_4550325028612805cbf17f2710057234,FEASIBLE,0.0,1.0,EXPLOITATION,1
public_10,public_10_day_17,17,syn_82e48d89b5e9fb6839d31933fbfee9dc,syn_eb8368f49afc9d7d00ecc48c4d3de4ce,FEASIBLE,0.0,1.0,EXPLOITATION,1
public_10,public_10_day_17,17,syn_fb677458ed9ef553765b0355a8ca1d87,syn_89b307713d8898967b949ee364b9c9c2,FEASIBLE,0.0,1.0,EXPLOITATION,1
public_10,public_10_day_17,17,syn_ecbf5233371e2318fb6924c4f6c75877,syn_022af7d17ed9947190143ccd3b849cd3,FEASIBLE,0.0,1.0,EXPLOITATION,1
public_10,public_10_day_17,17,syn_26dd18a4132bd025090300e446cf7bda,syn_3d9aa8f2b2f0e82cb4712e749d6a1225,FEASIBLE,0.0,1.0,EXPLOITATION,1
public_10,public_10_day_17,17,syn_39f48c4c50343606770faa51e54c63fa,syn_a2eb656ba08d83bd383536f1df7c20dc,FEASIBLE,0.0,1.0,EXPLOITATION,1
public_10,public_10_day_17,17,syn_3026c699639e3e6348676dcc6d650cc9,syn_4118efebeb5bffb1d97c676086799fca,FEASIBLE,0.35,1.0,EXPLOITATION,0
public_10,public_10_day_17,17,syn_f74fd02a69d26a14e5a77cb07ec0630f,syn_5f14e9567ba0f208b00430bb476fc6fc,FEASIBLE,0.3,1.0,EXPLORATION,0
public_10,public_10_day_17,17,syn_a72369d69b77313b62eb9cf310987623,syn_4118efebeb5bffb1d97c676086799fca,FEASIBLE,0.0,1.0,EXPLORATION,0
public_10,public_10_day_17,17,syn_a72369d69b77313b62eb9cf310987623,syn_022af7d17ed9947190143ccd3b849cd3,FEASIBLE,0.0,1.0,EXPLOITATION,0
public_10,public_10_day_17,17,syn_f74fd02a69d26a14e5a77cb07ec0630f,syn_2cf4a622e93de4862bf406fbe9968660,FEASIBLE,0.0,1.0,EXPLORATION,0
public_10,public_10_day_17,17,syn_6a8b7f19205f77e0079c06f343b179f9,syn_2cf4a622e93de4862bf406fbe9968660,FEASIBLE,0.0,1.0,EXPLORATION,0
public_10,public_10_day_17,17,syn_4550325028612805cbf17f2710057234,syn_08c8959211b0ecd44286ad82daec2c78,FEASIBLE,0.0,1.0,EXPLORATION,0
public_10,public_10_day_17,17,syn_a17752a2f68f8ad7d1a4988b602f4345,syn_a3ebe737714c0f078d738fd6426f1247,FEASIBLE,0.0,1.0,EXPLORATION,0
public_10,public_10_day_17,17,syn_a17752a2f68f8ad7d1a4988b602f4345,syn_26dd18a4132bd025090300e446cf7bda,FEASIBLE,0.0,1.0,EXPLORATION,0
public_10,public_10_day_17,17,syn_a17752a2f68f8ad7d1a4988b602f4345,syn_280ed2ee4e8e69969aba90ad77844c04,FEASIBLE,0.0,1.0,EXPLORATION,0
public_10,public_10_day_17,17,syn_ac7adb59d76e0765d34bb88a00ac664b,syn_08c8959211b0ecd44286ad82daec2c78,FEASIBLE,0.0,1.0,EXPLOITATION,0
public_10,public_10_day_17,17,syn_f0f19dd9848ef26b610a53e071941f92,syn_08c8959211b0ecd44286ad82daec2c78,FEASIBLE,0.0,1.0,EXPLOITATION,0
public_10,public_10_day_17,17,syn_022af7d17ed9947190143ccd3b849cd3,syn_08c8959211b0ecd44286ad82daec2c78,FEASIBLE,0.0,1.0,EXPLOITATION,0
public_10,public_10_day_17,17,syn_714f9712b4b94edc26dfda9b98d3a5da,syn_76fd573a948b554f3ebee57b8874c057,FEASIBLE,0.0,1.0,EXPLORATION,0
public_10,public_10_day_18,18,syn_b92c1b66c29e9bbda64a8a27d704a49e,syn_71f3eb1ca39613e5c06707f0fe673d52,FEASIBLE,1.0,1.0,EXPLORATION,1
public_10,public_10_day_18,18,syn_6a8b7f19205f77e0079c06f343b179f9,syn_36a6a073237ca17cc85d34b97234c35c,FEASIBLE,1.0,1.0,EXPLOITATION,1
public_10,public_10_day_18,18,syn_33218a5ec81d850bee668de6aac93a05,syn_5f14e9567ba0f208b00430bb476fc6fc,FEASIBLE,0.5,1.0,EXPLOITATION,1
public_10,public_10_day_18,18,syn_3026c699639e3e6348676dcc6d650cc9,syn_08c8959211b0ecd44286ad82daec2c78,FEASIBLE,0.5,1.0,EXPLOITATION,1
public_10,public_10_day_18,18,syn_f53c9fb43874da5040cb430163ee338e,syn_8dd6339d4267512f971ae9c93ba79a33,FEASIBLE,0.5,1.0,EXPLOITATION,1
public_10,public_10_day_18,18,syn_4d4039deb870661a489ded51c2e01c2d,syn_76fd573a948b554f3ebee57b8874c057,FEASIBLE,0.30000000000000004,1.0,EXPLOITATION,1
public_10,public_10_day_18,18,syn_a17752a2f68f8ad7d1a4988b602f4345,syn_a10a0f33bed613eab3c39579cfb95fd7,FEASIBLE,0.3,1.0,EXPLOITATION,1
public_10,public_10_day_18,18,syn_0142765f71da4f470ea933199686004e,syn_2cf4a622e93de4862bf406fbe9968660,FEASIBLE,0.2,1.0,EXPLOITATION,1
public_10,public_10_day_18,18,syn_a72369d69b77313b62eb9cf310987623,syn_4550325028612805cbf17f2710057234,FEASIBLE,0.0,1.0,EXPLOITATION,1
public_10,public_10_day_18,18,syn_82e48d89b5e9fb6839d31933fbfee9dc,syn_eb8368f49afc9d7d00ecc48c4d3de4ce,FEASIBLE,0.0,1.0,EXPLOITATION,1
public_10,public_10_day_18,18,syn_fb677458ed9ef553765b0355a8ca1d87,syn_89b307713d8898967b949ee364b9c9c2,FEASIBLE,0.0,1.0,EXPLOITATION,1
public_10,public_10_day_18,18,syn_ecbf5233371e2318fb6924c4f6c75877,syn_022af7d17ed9947190143ccd3b849cd3,FEASIBLE,0.0,1.0,EXPLOITATION,1
public_10,public_10_day_18,18,syn_26dd18a4132bd025090300e446cf7bda,syn_3d9aa8f2b2f0e82cb4712e749d6a1225,FEASIBLE,0.0,1.0,EXPLOITATION,1
public_10,public_10_day_18,18,syn_39f48c4c50343606770faa51e54c63fa,syn_a2eb656ba08d83bd383536f1df7c20dc,FEASIBLE,0.0,1.0,EXPLOITATION,1
public_10,public_10_day_18,18,syn_60757875c23e938767f7c422caa6e51f,syn_71f3eb1ca39613e5c06707f0fe673d52,FEASIBLE,1.0,1.0,EXPLORATION,0
public_10,public_10_day_18,18,syn_3026c699639e3e6348676dcc6d650cc9,syn_4118efebeb5bffb1d97c676086799fca,FEASIBLE,0.35,1.0,EXPLOITATION,0
public_10,public_10_day_18,18,syn_f74fd02a69d26a14e5a77cb07ec0630f,syn_5f14e9567ba0f208b00430bb476fc6fc,FEASIBLE,0.3,1.0,EXPLORATION,0
public_10,public_10_day_18,18,syn_a72369d69b77313b62eb9cf310987623,syn_4118efebeb5bffb1d97c676086799fca,FEASIBLE,0.0,1.0,EXPLORATION,0
public_10,public_10_day_18,18,syn_a72369d69b77313b62eb9cf310987623,syn_022af7d17ed9947190143ccd3b849cd3,FEASIBLE,0.0,1.0,EXPLOITATION,0
public_10,public_10_day_18,18,syn_f74fd02a69d26a14e5a77cb07ec0630f,syn_2cf4a622e93de4862bf406fbe9968660,FEASIBLE,0.0,1.0,EXPLORATION,0
public_10,public_10_day_18,18,syn_6a8b7f19205f77e0079c06f343b179f9,syn_2cf4a622e93de4862bf406fbe9968660,FEASIBLE,0.0,1.0,EXPLORATION,0
public_10,public_10_day_18,18,syn_4550325028612805cbf17f2710057234,syn_08c8959211b0ecd44286ad82daec2c78,FEASIBLE,0.0,1.0,EXPLORATION,0
public_10,public_10_day_18,18,syn_a17752a2f68f8ad7d1a4988b602f4345,syn_a3ebe737714c0f078d738fd6426f1247,FEASIBLE,0.0,1.0,EXPLORATION,0
public_10,public_10_day_18,18,syn_a17752a2f68f8ad7d1a4988b602f4345,syn_26dd18a4132bd025090300e446cf7bda,FEASIBLE,0.0,1.0,EXPLORATION,0
public_10,public_10_day_18,18,syn_a17752a2f68f8ad7d1a4988b602f4345,syn_280ed2ee4e8e69969aba90ad77844c04,FEASIBLE,0.0,1.0,EXPLORATION,0
public_10,public_10_day_18,18,syn_ac7adb59d76e0765d34bb88a00ac664b,syn_08c8959211b0ecd44286ad82daec2c78,FEASIBLE,0.0,1.0,EXPLOITATION,0
public_10,public_10_day_18,18,syn_f0f19dd9848ef26b610a53e071941f92,syn_08c8959211b0ecd44286ad82daec2c78,FEASIBLE,0.0,1.0,EXPLOITATION,0
public_10,public_10_day_18,18,syn_022af7d17ed9947190143ccd3b849cd3,syn_08c8959211b0ecd44286ad82daec2c78,FEASIBLE,0.0,1.0,EXPLOITATION,0
public_10,public_10_day_18,18,syn_714f9712b4b94edc26dfda9b98d3a5da,syn_76fd573a948b554f3ebee57b8874c057,FEASIBLE,0.0,1.0,EXPLORATION,0
public_10,public_10_day_19,19,syn_b92c1b66c29e9bbda64a8a27d704a49e,syn_71f3eb1ca39613e5c06707f0fe673d52,FEASIBLE,1.0,1.0,EXPLOITATION,1
public_10,public_10_day_19,19,syn_6a8b7f19205f77e0079c06f343b179f9,syn_36a6a073237ca17cc85d34b97234c35c,FEASIBLE,1.0,1.0,EXPLOITATION,1
public_10,public_10_day_19,19,syn_33218a5ec81d850bee668de6aac93a05,syn_5f14e9567ba0f208b00430bb476fc6fc,FEASIBLE,0.5,1.0,EXPLOITATION,1
public_10,public_10_day_19,19,syn_3026c699639e3e6348676dcc6d650cc9,syn_08c8959211b0ecd44286ad82daec2c78,FEASIBLE,0.5,1.0,EXPLOITATION,1
public_10,public_10_day_19,19,syn_f53c9fb43874da5040cb430163ee338e,syn_8dd6339d4267512f971ae9c93ba79a33,FEASIBLE,0.5,1.0,EXPLOITATION,1
public_10,public_10_day_19,19,syn_4d4039deb870661a489ded51c2e01c2d,syn_76fd573a948b554f3ebee57b8874c057,FEASIBLE,0.30000000000000004,1.0,EXPLOITATION,1
public_10,public_10_day_19,19,syn_a17752a2f68f8ad7d1a4988b602f4345,syn_a10a0f33bed613eab3c39579cfb95fd7,FEASIBLE,0.3,1.0,EXPLOITATION,1
public_10,public_10_day_19,19,syn_0142765f71da4f470ea933199686004e,syn_2cf4a622e93de4862bf406fbe9968660,FEASIBLE,0.2,1.0,EXPLOITATION,1
public_10,public_10_day_19,19,syn_a72369d69b77313b62eb9cf310987623,syn_4550325028612805cbf17f2710057234,FEASIBLE,0.0,1.0,EXPLOITATION,1
public_10,public_10_day_19,19,syn_82e48d89b5e9fb6839d31933fbfee9dc,syn_eb8368f49afc9d7d00ecc48c4d3de4ce,FEASIBLE,0.0,1.0,EXPLOITATION,1
public_10,public_10_day_19,19,syn_fb677458ed9ef553765b0355a8ca1d87,syn_89b307713d8898967b949ee364b9c9c2,FEASIBLE,0.0,1.0,EXPLOITATION,1
public_10,public_10_day_19,19,syn_2ae6428fe8d0787376fe540dbd83a9e1,syn_00a292432ca19ea1d82f9d7dee556e20,FEASIBLE,0.0,1.0,EXPLOITATION,1
public_10,public_10_day_19,19,syn_ecbf5233371e2318fb6924c4f6c75877,syn_022af7d17ed9947190143ccd3b849cd3,FEASIBLE,0.0,1.0,EXPLOITATION,1
public_10,public_10_day_19,19,syn_26dd18a4132bd025090300e446cf7bda,syn_3d9aa8f2b2f0e82cb4712e749d6a1225,FEASIBLE,0.0,1.0,EXPLOITATION,1
public_10,public_10_day_19,19,syn_39f48c4c50343606770faa51e54c63fa,syn_a2eb656ba08d83bd383536f1df7c20dc,FEASIBLE,0.0,1.0,EXPLOITATION,1
public_10,public_10_day_19,19,syn_60757875c23e938767f7c422caa6e51f,syn_71f3eb1ca39613e5c06707f0fe673d52,FEASIBLE,1.0,1.0,EXPLORATION,0
public_10,public_10_day_19,19,syn_f74fd02a69d26a14e5a77cb07ec0630f,syn_5f14e9567ba0f208b00430bb476fc6fc,FEASIBLE,0.3,1.0,EXPLORATION,0
public_10,public_10_day_19,19,syn_a72369d69b77313b62eb9cf310987623,syn_022af7d17ed9947190143ccd3b849cd3,FEASIBLE,0.0,1.0,EXPLOITATION,0
public_10,public_10_day_19,19,syn_f74fd02a69d26a14e5a77cb07ec0630f,syn_2cf4a622e93de4862bf406fbe9968660,FEASIBLE,0.0,1.0,EXPLORATION,0
public_10,public_10_day_19,19,syn_6a8b7f19205f77e0079c06f343b179f9,syn_2cf4a622e93de4862bf406fbe9968660,FEASIBLE,0.0,1.0,EXPLORATION,0
public_10,public_10_day_19,19,syn_2ae6428fe8d0787376fe540dbd83a9e1,syn_b875287926cc310b79c882e91dcb2892,FEASIBLE,0.0,1.0,EXPLORATION,0
public_10,public_10_day_19,19,syn_4550325028612805cbf17f2710057234,syn_08c8959211b0ecd44286ad82daec2c78,FEASIBLE,0.0,1.0,EXPLORATION,0
public_10,public_10_day_19,19,syn_a17752a2f68f8ad7d1a4988b602f4345,syn_a3ebe737714c0f078d738fd6426f1247,FEASIBLE,0.0,1.0,EXPLORATION,0
public_10,public_10_day_19,19,syn_a17752a2f68f8ad7d1a4988b602f4345,syn_26dd18a4132bd025090300e446cf7bda,FEASIBLE,0.0,1.0,EXPLORATION,0
public_10,public_10_day_19,19,syn_a17752a2f68f8ad7d1a4988b602f4345,syn_280ed2ee4e8e69969aba90ad77844c04,FEASIBLE,0.0,1.0,EXPLORATION,0
public_10,public_10_day_19,19,syn_ac7adb59d76e0765d34bb88a00ac664b,syn_08c8959211b0ecd44286ad82daec2c78,FEASIBLE,0.0,1.0,EXPLOITATION,0
public_10,public_10_day_19,19,syn_f0f19dd9848ef26b610a53e071941f92,syn_08c8959211b0ecd44286ad82daec2c78,FEASIBLE,0.0,1.0,EXPLOITATION,0
public_10,public_10_day_19,19,syn_00a292432ca19ea1d82f9d7dee556e20,syn_b875287926cc310b79c882e91dcb2892,FEASIBLE,0.0,1.0,EXPLORATION,0
public_10,public_10_day_19,19,syn_022af7d17ed9947190143ccd3b849cd3,syn_08c8959211b0ecd44286ad82daec2c78,FEASIBLE,0.0,1.0,EXPLOITATION,0
public_10,public_10_day_19,19,syn_714f9712b4b94edc26dfda9b98d3a5da,syn_76fd573a948b554f3ebee57b8874c057,FEASIBLE,0.0,1.0,EXPLORATION,0
public_10,public_10_day_20,20,syn_b92c1b66c29e9bbda64a8a27d704a49e,syn_71f3eb1ca39613e5c06707f0fe673d52,FEASIBLE,1.0,1.0,EXPLOITATION,1
public_10,public_10_day_20,20,syn_6a8b7f19205f77e0079c06f343b179f9,syn_36a6a073237ca17cc85d34b97234c35c,FEASIBLE,1.0,1.0,EXPLOITATION,1
public_10,public_10_day_20,20,syn_33218a5ec81d850bee668de6aac93a05,syn_5f14e9567ba0f208b00430bb476fc6fc,FEASIBLE,0.5,1.0,EXPLOITATION,1
public_10,public_10_day_20,20,syn_f53c9fb43874da5040cb430163ee338e,syn_8dd6339d4267512f971ae9c93ba79a33,FEASIBLE,0.5,1.0,EXPLOITATION,1
public_10,public_10_day_20,20,syn_4d4039deb870661a489ded51c2e01c2d,syn_76fd573a948b554f3ebee57b8874c057,FEASIBLE,0.30000000000000004,1.0,EXPLOITATION,1
public_10,public_10_day_20,20,syn_0142765f71da4f470ea933199686004e,syn_2cf4a622e93de4862bf406fbe9968660,FEASIBLE,0.2,1.0,EXPLOITATION,1
public_10,public_10_day_20,20,syn_a72369d69b77313b62eb9cf310987623,syn_022af7d17ed9947190143ccd3b849cd3,FEASIBLE,0.0,1.0,EXPLOITATION,1
public_10,public_10_day_20,20,syn_82e48d89b5e9fb6839d31933fbfee9dc,syn_eb8368f49afc9d7d00ecc48c4d3de4ce,FEASIBLE,0.0,1.0,EXPLOITATION,1
public_10,public_10_day_20,20,syn_42d6624b007f9dadc90a65025826c2af,syn_260c5622d51b36a6045a69b534807038,FEASIBLE,0.0,1.0,EXPLOITATION,1
public_10,public_10_day_20,20,syn_fb677458ed9ef553765b0355a8ca1d87,syn_89b307713d8898967b949ee364b9c9c2,FEASIBLE,0.0,1.0,EXPLOITATION,1
public_10,public_10_day_20,20,syn_2ae6428fe8d0787376fe540dbd83a9e1,syn_00a292432ca19ea1d82f9d7dee556e20,FEASIBLE,0.0,1.0,EXPLOITATION,1
public_10,public_10_day_20,20,syn_39f48c4c50343606770faa51e54c63fa,syn_a2eb656ba08d83bd383536f1df7c20dc,FEASIBLE,0.0,1.0,EXPLOITATION,1
public_10,public_10_day_20,20,syn_60757875c23e938767f7c422caa6e51f,syn_71f3eb1ca39613e5c06707f0fe673d52,FEASIBLE,1.0,1.0,EXPLORATION,0
public_10,public_10_day_20,20,syn_f74fd02a69d26a14e5a77cb07ec0630f,syn_5f14e9567ba0f208b00430bb476fc6fc,FEASIBLE,0.3,1.0,EXPLORATION,0
public_10,public_10_day_20,20,syn_42d6624b007f9dadc90a65025826c2af,syn_71ab4eb8e49081b34c2d7519496eb3aa,FEASIBLE,0.0,1.0,EXPLORATION,0
public_10,public_10_day_20,20,syn_f74fd02a69d26a14e5a77cb07ec0630f,syn_2cf4a622e93de4862bf406fbe9968660,FEASIBLE,0.0,1.0,EXPLORATION,0
public_10,public_10_day_20,20,syn_6a8b7f19205f77e0079c06f343b179f9,syn_2cf4a622e93de4862bf406fbe9968660,FEASIBLE,0.0,1.0,EXPLORATION,0
public_10,public_10_day_20,20,syn_2ae6428fe8d0787376fe540dbd83a9e1,syn_b875287926cc310b79c882e91dcb2892,FEASIBLE,0.0,1.0,EXPLORATION,0
public_10,public_10_day_20,20,syn_00a292432ca19ea1d82f9d7dee556e20,syn_b875287926cc310b79c882e91dcb2892,FEASIBLE,0.0,1.0,EXPLORATION,0
public_10,public_10_day_20,20,syn_ecbf5233371e2318fb6924c4f6c75877,syn_022af7d17ed9947190143ccd3b849cd3,FEASIBLE,0.0,1.0,EXPLOITATION,0
public_10,public_10_day_20,20,syn_260c5622d51b36a6045a69b534807038,syn_71ab4eb8e49081b34c2d7519496eb3aa,FEASIBLE,0.0,1.0,EXPLORATION,0
public_10,public_10_day_20,20,syn_714f9712b4b94edc26dfda9b98d3a5da,syn_76fd573a948b554f3ebee57b8874c057,FEASIBLE,0.0,1.0,EXPLORATION,0
public_10,public_10_day_21,21,syn_b92c1b66c29e9bbda64a8a27d704a49e,syn_71f3eb1ca39613e5c06707f0fe673d52,FEASIBLE,1.0,1.0,EXPLOITATION,1
public_10,public_10_day_21,21,syn_6a8b7f19205f77e0079c06f343b179f9,syn_36a6a073237ca17cc85d34b97234c35c,FEASIBLE,1.0,1.0,EXPLOITATION,1
public_10,public_10_day_21,21,syn_2c41f4560363cf4a91985306f3e708c5,syn_f9226f603076fe6965d21526c1b71669,FEASIBLE,0.85,1.0,EXPLORATION,1
public_10,public_10_day_21,21,syn_33218a5ec81d850bee668de6aac93a05,syn_5f14e9567ba0f208b00430bb476fc6fc,FEASIBLE,0.5,1.0,EXPLOITATION,1
public_10,public_10_day_21,21,syn_f53c9fb43874da5040cb430163ee338e,syn_8dd6339d4267512f971ae9c93ba79a33,FEASIBLE,0.5,1.0,EXPLOITATION,1
public_10,public_10_day_21,21,syn_4d4039deb870661a489ded51c2e01c2d,syn_76fd573a948b554f3ebee57b8874c057,FEASIBLE,0.30000000000000004,1.0,EXPLOITATION,1
public_10,public_10_day_21,21,syn_0142765f71da4f470ea933199686004e,syn_2cf4a622e93de4862bf406fbe9968660,FEASIBLE,0.2,1.0,EXPLOITATION,1
public_10,public_10_day_21,21,syn_a72369d69b77313b62eb9cf310987623,syn_022af7d17ed9947190143ccd3b849cd3,FEASIBLE,0.0,1.0,EXPLOITATION,1
public_10,public_10_day_21,21,syn_82e48d89b5e9fb6839d31933fbfee9dc,syn_eb8368f49afc9d7d00ecc48c4d3de4ce,FEASIBLE,0.0,1.0,EXPLOITATION,1
public_10,public_10_day_21,21,syn_42d6624b007f9dadc90a65025826c2af,syn_260c5622d51b36a6045a69b534807038,FEASIBLE,0.0,1.0,EXPLOITATION,1
public_10,public_10_day_21,21,syn_fb677458ed9ef553765b0355a8ca1d87,syn_89b307713d8898967b949ee364b9c9c2,FEASIBLE,0.0,1.0,EXPLOITATION,1
public_10,public_10_day_21,21,syn_2ae6428fe8d0787376fe540dbd83a9e1,syn_00a292432ca19ea1d82f9d7dee556e20,FEASIBLE,0.0,1.0,EXPLOITATION,1
public_10,public_10_day_21,21,syn_39f48c4c50343606770faa51e54c63fa,syn_a2eb656ba08d83bd383536f1df7c20dc,FEASIBLE,0.0,1.0,EXPLOITATION,1
public_10,public_10_day_21,21,syn_60757875c23e938767f7c422caa6e51f,syn_71f3eb1ca39613e5c06707f0fe673d52,FEASIBLE,1.0,1.0,EXPLORATION,0
public_10,public_10_day_21,21,syn_f74fd02a69d26a14e5a77cb07ec0630f,syn_5f14e9567ba0f208b00430bb476fc6fc,FEASIBLE,0.3,1.0,EXPLORATION,0
public_10,public_10_day_21,21,syn_0f4034ae56ee969b3bce8239dea9bf28,syn_2c41f4560363cf4a91985306f3e708c5,FEASIBLE,0.15000000000000002,1.0,EXPLORATION,0
public_10,public_10_day_21,21,syn_2c41f4560363cf4a91985306f3e708c5,syn_6a8b7f19205f77e0079c06f343b179f9,FEASIBLE,0.05,1.0,EXPLORATION,0
public_10,public_10_day_21,21,syn_42d6624b007f9dadc90a65025826c2af,syn_71ab4eb8e49081b34c2d7519496eb3aa,FEASIBLE,0.0,1.0,EXPLORATION,0
public_10,public_10_day_21,21,syn_f74fd02a69d26a14e5a77cb07ec0630f,syn_2cf4a622e93de4862bf406fbe9968660,FEASIBLE,0.0,1.0,EXPLORATION,0
public_10,public_10_day_21,21,syn_6a8b7f19205f77e0079c06f343b179f9,syn_2cf4a622e93de4862bf406fbe9968660,FEASIBLE,0.0,1.0,EXPLORATION,0
public_10,public_10_day_21,21,syn_2ae6428fe8d0787376fe540dbd83a9e1,syn_b875287926cc310b79c882e91dcb2892,FEASIBLE,0.0,1.0,EXPLORATION,0
public_10,public_10_day_21,21,syn_00a292432ca19ea1d82f9d7dee556e20,syn_b875287926cc310b79c882e91dcb2892,FEASIBLE,0.0,1.0,EXPLORATION,0
public_10,public_10_day_21,21,syn_ecbf5233371e2318fb6924c4f6c75877,syn_022af7d17ed9947190143ccd3b849cd3,FEASIBLE,0.0,1.0,EXPLOITATION,0
public_10,public_10_day_21,21,syn_260c5622d51b36a6045a69b534807038,syn_71ab4eb8e49081b34c2d7519496eb3aa,FEASIBLE,0.0,1.0,EXPLORATION,0
public_10,public_10_day_21,21,syn_714f9712b4b94edc26dfda9b98d3a5da,syn_76fd573a948b554f3ebee57b8874c057,FEASIBLE,0.0,1.0,EXPLORATION,0
public_10,public_10_day_22,22,syn_b92c1b66c29e9bbda64a8a27d704a49e,syn_71f3eb1ca39613e5c06707f0fe673d52,FEASIBLE,1.0,1.0,EXPLOITATION,1
public_10,public_10_day_22,22,syn_6a8b7f19205f77e0079c06f343b179f9,syn_36a6a073237ca17cc85d34b97234c35c,FEASIBLE,1.0,1.0,EXPLOITATION,1
public_10,public_10_day_22,22,syn_2c41f4560363cf4a91985306f3e708c5,syn_f9226f603076fe6965d21526c1b71669,FEASIBLE,0.85,1.0,EXPLOITATION,1
public_10,public_10_day_22,22,syn_33218a5ec81d850bee668de6aac93a05,syn_5f14e9567ba0f208b00430bb476fc6fc,FEASIBLE,0.5,1.0,EXPLOITATION,1
public_10,public_10_day_22,22,syn_f53c9fb43874da5040cb430163ee338e,syn_8dd6339d4267512f971ae9c93ba79a33,FEASIBLE,0.5,1.0,EXPLOITATION,1
public_10,public_10_day_22,22,syn_9ab353464f583bd46641af0a05e39f27,syn_1fa0f9be55fad34f21fa1c78bcc75823,FEASIBLE,0.5,1.0,EXPLOITATION,1
public_10,public_10_day_22,22,syn_4d4039deb870661a489ded51c2e01c2d,syn_76fd573a948b554f3ebee57b8874c057,FEASIBLE,0.30000000000000004,1.0,EXPLOITATION,1
public_10,public_10_day_22,22,syn_0142765f71da4f470ea933199686004e,syn_2cf4a622e93de4862bf406fbe9968660,FEASIBLE,0.2,1.0,EXPLOITATION,1
public_10,public_10_day_22,22,syn_a72369d69b77313b62eb9cf310987623,syn_022af7d17ed9947190143ccd3b849cd3,FEASIBLE,0.0,1.0,EXPLOITATION,1
public_10,public_10_day_22,22,syn_82e48d89b5e9fb6839d31933fbfee9dc,syn_eb8368f49afc9d7d00ecc48c4d3de4ce,FEASIBLE,0.0,1.0,EXPLOITATION,1
public_10,public_10_day_22,22,syn_aafea598a05555fd8a0331cd77bf3d1b,syn_2ae6428fe8d0787376fe540dbd83a9e1,FEASIBLE,0.0,1.0,EXPLOITATION,1
public_10,public_10_day_22,22,syn_42d6624b007f9dadc90a65025826c2af,syn_260c5622d51b36a6045a69b534807038,FEASIBLE,0.0,1.0,EXPLOITATION,1
public_10,public_10_day_22,22,syn_fb677458ed9ef553765b0355a8ca1d87,syn_89b307713d8898967b949ee364b9c9c2,FEASIBLE,0.0,1.0,EXPLOITATION,1
public_10,public_10_day_22,22,syn_00a292432ca19ea1d82f9d7dee556e20,syn_b875287926cc310b79c882e91dcb2892,FEASIBLE,0.0,1.0,EXPLORATION,1
public_10,public_10_day_22,22,syn_39f48c4c50343606770faa51e54c63fa,syn_a2eb656ba08d83bd383536f1df7c20dc,FEASIBLE,0.0,1.0,EXPLOITATION,1
public_10,public_10_day_22,22,syn_60757875c23e938767f7c422caa6e51f,syn_71f3eb1ca39613e5c06707f0fe673d52,FEASIBLE,1.0,1.0,EXPLORATION,0
public_10,public_10_day_22,22,syn_f74fd02a69d26a14e5a77cb07ec0630f,syn_5f14e9567ba0f208b00430bb476fc6fc,FEASIBLE,0.3,1.0,EXPLORATION,0
public_10,public_10_day_22,22,syn_0f4034ae56ee969b3bce8239dea9bf28,syn_2c41f4560363cf4a91985306f3e708c5,FEASIBLE,0.15000000000000002,1.0,EXPLORATION,0
public_10,public_10_day_22,22,syn_2c41f4560363cf4a91985306f3e708c5,syn_6a8b7f19205f77e0079c06f343b179f9,FEASIBLE,0.05,1.0,EXPLORATION,0
public_10,public_10_day_22,22,syn_aafea598a05555fd8a0331cd77bf3d1b,syn_00a292432ca19ea1d82f9d7dee556e20,FEASIBLE,0.0,1.0,EXPLOITATION,0
public_10,public_10_day_22,22,syn_aafea598a05555fd8a0331cd77bf3d1b,syn_1fa0f9be55fad34f21fa1c78bcc75823,FEASIBLE,0.0,1.0,EXPLORATION,0
public_10,public_10_day_22,22,syn_aafea598a05555fd8a0331cd77bf3d1b,syn_6fae297670a62d433323bf1c97f56f9b,FEASIBLE,0.0,1.0,EXPLORATION,0
public_10,public_10_day_22,22,syn_aafea598a05555fd8a0331cd77bf3d1b,syn_b875287926cc310b79c882e91dcb2892,FEASIBLE,0.0,1.0,EXPLORATION,0
public_10,public_10_day_22,22,syn_aafea598a05555fd8a0331cd77bf3d1b,syn_04f963f5220053f9161754484ba31633,FEASIBLE,0.0,1.0,EXPLOITATION,0
public_10,public_10_day_22,22,syn_42d6624b007f9dadc90a65025826c2af,syn_71ab4eb8e49081b34c2d7519496eb3aa,FEASIBLE,0.0,1.0,EXPLORATION,0
public_10,public_10_day_22,22,syn_f74fd02a69d26a14e5a77cb07ec0630f,syn_2cf4a622e93de4862bf406fbe9968660,FEASIBLE,0.0,1.0,EXPLORATION,0
public_10,public_10_day_22,22,syn_6a8b7f19205f77e0079c06f343b179f9,syn_2cf4a622e93de4862bf406fbe9968660,FEASIBLE,0.0,1.0,EXPLORATION,0
public_10,public_10_day_22,22,syn_2ae6428fe8d0787376fe540dbd83a9e1,syn_00a292432ca19ea1d82f9d7dee556e20,FEASIBLE,0.0,1.0,EXPLOITATION,0
public_10,public_10_day_22,22,syn_2ae6428fe8d0787376fe540dbd83a9e1,syn_b875287926cc310b79c882e91dcb2892,FEASIBLE,0.0,1.0,EXPLORATION,0
public_10,public_10_day_22,22,syn_ecbf5233371e2318fb6924c4f6c75877,syn_022af7d17ed9947190143ccd3b849cd3,FEASIBLE,0.0,1.0,EXPLOITATION,0
public_10,public_10_day_22,22,syn_260c5622d51b36a6045a69b534807038,syn_71ab4eb8e49081b34c2d7519496eb3aa,FEASIBLE,0.0,1.0,EXPLORATION,0
public_10,public_10_day_22,22,syn_714f9712b4b94edc26dfda9b98d3a5da,syn_76fd573a948b554f3ebee57b8874c057,FEASIBLE,0.0,1.0,EXPLORATION,0
public_10,public_10_day_23,23,syn_b92c1b66c29e9bbda64a8a27d704a49e,syn_71f3eb1ca39613e5c06707f0fe673d52,FEASIBLE,1.0,1.0,EXPLOITATION,1
public_10,public_10_day_23,23,syn_6a8b7f19205f77e0079c06f343b179f9,syn_36a6a073237ca17cc85d34b97234c35c,FEASIBLE,1.0,1.0,EXPLOITATION,1
public_10,public_10_day_23,23,syn_2c41f4560363cf4a91985306f3e708c5,syn_f9226f603076fe6965d21526c1b71669,FEASIBLE,0.85,1.0,EXPLOITATION,1
public_10,public_10_day_23,23,syn_33218a5ec81d850bee668de6aac93a05,syn_5f14e9567ba0f208b00430bb476fc6fc,FEASIBLE,0.5,1.0,EXPLOITATION,1
public_10,public_10_day_23,23,syn_f53c9fb43874da5040cb430163ee338e,syn_8dd6339d4267512f971ae9c93ba79a33,FEASIBLE,0.5,1.0,EXPLOITATION,1
public_10,public_10_day_23,23,syn_9ab353464f583bd46641af0a05e39f27,syn_1fa0f9be55fad34f21fa1c78bcc75823,FEASIBLE,0.5,1.0,EXPLOITATION,1
public_10,public_10_day_23,23,syn_4d4039deb870661a489ded51c2e01c2d,syn_76fd573a948b554f3ebee57b8874c057,FEASIBLE,0.30000000000000004,1.0,EXPLOITATION,1
public_10,public_10_day_23,23,syn_0142765f71da4f470ea933199686004e,syn_2cf4a622e93de4862bf406fbe9968660,FEASIBLE,0.2,1.0,EXPLOITATION,1
public_10,public_10_day_23,23,syn_a72369d69b77313b62eb9cf310987623,syn_4118efebeb5bffb1d97c676086799fca,FEASIBLE,0.0,1.0,EXPLORATION,1
public_10,public_10_day_23,23,syn_82e48d89b5e9fb6839d31933fbfee9dc,syn_eb8368f49afc9d7d00ecc48c4d3de4ce,FEASIBLE,0.0,1.0,EXPLOITATION,1
public_10,public_10_day_23,23,syn_aafea598a05555fd8a0331cd77bf3d1b,syn_2ae6428fe8d0787376fe540dbd83a9e1,FEASIBLE,0.0,1.0,EXPLOITATION,1
public_10,public_10_day_23,23,syn_42d6624b007f9dadc90a65025826c2af,syn_260c5622d51b36a6045a69b534807038,FEASIBLE,0.0,1.0,EXPLOITATION,1
public_10,public_10_day_23,23,syn_fb677458ed9ef553765b0355a8ca1d87,syn_89b307713d8898967b949ee364b9c9c2,FEASIBLE,0.0,1.0,EXPLOITATION,1
public_10,public_10_day_23,23,syn_fe63aea00d57f05275dfa1b39efa721e,syn_3c198d961c739a549da7c314447558ec,FEASIBLE,0.0,1.0,EXPLORATION,1
public_10,public_10_day_23,23,syn_00a292432ca19ea1d82f9d7dee556e20,syn_b875287926cc310b79c882e91dcb2892,FEASIBLE,0.0,1.0,EXPLOITATION,1
public_10,public_10_day_23,23,syn_39f48c4c50343606770faa51e54c63fa,syn_a2eb656ba08d83bd383536f1df7c20dc,FEASIBLE,0.0,1.0,EXPLOITATION,1
public_10,public_10_day_23,23,syn_60757875c23e938767f7c422caa6e51f,syn_71f3eb1ca39613e5c06707f0fe673d52,FEASIBLE,1.0,1.0,EXPLORATION,0
public_10,public_10_day_23,23,syn_f74fd02a69d26a14e5a77cb07ec0630f,syn_5f14e9567ba0f208b00430bb476fc6fc,FEASIBLE,0.3,1.0,EXPLORATION,0
public_10,public_10_day_23,23,syn_0f4034ae56ee969b3bce8239dea9bf28,syn_2c41f4560363cf4a91985306f3e708c5,FEASIBLE,0.15000000000000002,1.0,EXPLORATION,0
public_10,public_10_day_23,23,syn_2c41f4560363cf4a91985306f3e708c5,syn_6a8b7f19205f77e0079c06f343b179f9,FEASIBLE,0.05,1.0,EXPLORATION,0
public_10,public_10_day_23,23,syn_aafea598a05555fd8a0331cd77bf3d1b,syn_00a292432ca19ea1d82f9d7dee556e20,FEASIBLE,0.0,1.0,EXPLOITATION,0
public_10,public_10_day_23,23,syn_aafea598a05555fd8a0331cd77bf3d1b,syn_1fa0f9be55fad34f21fa1c78bcc75823,FEASIBLE,0.0,1.0,EXPLORATION,0
public_10,public_10_day_23,23,syn_aafea598a05555fd8a0331cd77bf3d1b,syn_6fae297670a62d433323bf1c97f56f9b,FEASIBLE,0.0,1.0,EXPLOITATION,0
public_10,public_10_day_23,23,syn_aafea598a05555fd8a0331cd77bf3d1b,syn_b875287926cc310b79c882e91dcb2892,FEASIBLE,0.0,1.0,EXPLOITATION,0
public_10,public_10_day_23,23,syn_aafea598a05555fd8a0331cd77bf3d1b,syn_04f963f5220053f9161754484ba31633,FEASIBLE,0.0,1.0,EXPLOITATION,0
public_10,public_10_day_23,23,syn_42d6624b007f9dadc90a65025826c2af,syn_71ab4eb8e49081b34c2d7519496eb3aa,FEASIBLE,0.0,1.0,EXPLORATION,0
public_10,public_10_day_23,23,syn_f74fd02a69d26a14e5a77cb07ec0630f,syn_2cf4a622e93de4862bf406fbe9968660,FEASIBLE,0.0,1.0,EXPLORATION,0
public_10,public_10_day_23,23,syn_6a8b7f19205f77e0079c06f343b179f9,syn_2cf4a622e93de4862bf406fbe9968660,FEASIBLE,0.0,1.0,EXPLORATION,0
public_10,public_10_day_23,23,syn_2ae6428fe8d0787376fe540dbd83a9e1,syn_00a292432ca19ea1d82f9d7dee556e20,FEASIBLE,0.0,1.0,EXPLOITATION,0
public_10,public_10_day_23,23,syn_2ae6428fe8d0787376fe540dbd83a9e1,syn_b875287926cc310b79c882e91dcb2892,FEASIBLE,0.0,1.0,EXPLORATION,0
public_10,public_10_day_23,23,syn_4118efebeb5bffb1d97c676086799fca,syn_3c198d961c739a549da7c314447558ec,FEASIBLE,0.0,1.0,EXPLORATION,0
public_10,public_10_day_23,23,syn_4118efebeb5bffb1d97c676086799fca,syn_8e1ee09df978c54386bee0deebbbb0db,FEASIBLE,0.0,1.0,EXPLORATION,0
public_10,public_10_day_23,23,syn_260c5622d51b36a6045a69b534807038,syn_71ab4eb8e49081b34c2d7519496eb3aa,FEASIBLE,0.0,1.0,EXPLORATION,0
public_10,public_10_day_23,23,syn_714f9712b4b94edc26dfda9b98d3a5da,syn_76fd573a948b554f3ebee57b8874c057,FEASIBLE,0.0,1.0,EXPLORATION,0
public_10,public_10_day_24,24,syn_b92c1b66c29e9bbda64a8a27d704a49e,syn_71f3eb1ca39613e5c06707f0fe673d52,FEASIBLE,1.0,1.0,EXPLOITATION,1
public_10,public_10_day_24,24,syn_3026c699639e3e6348676dcc6d650cc9,syn_e75c0907f7e92d36cef546a896000d88,FEASIBLE,1.0,1.0,EXPLOITATION,1
public_10,public_10_day_24,24,syn_6a8b7f19205f77e0079c06f343b179f9,syn_36a6a073237ca17cc85d34b97234c35c,FEASIBLE,1.0,1.0,EXPLOITATION,1
public_10,public_10_day_24,24,syn_2c41f4560363cf4a91985306f3e708c5,syn_f9226f603076fe6965d21526c1b71669,FEASIBLE,0.85,1.0,EXPLOITATION,1
public_10,public_10_day_24,24,syn_2bd0bc113015a61a34579ec7d3cfa18f,syn_b50b420bc580e1d9e03e64fd62d0a6f1,FEASIBLE,0.5499999999999999,1.0,EXPLORATION,1
public_10,public_10_day_24,24,syn_33218a5ec81d850bee668de6aac93a05,syn_5f14e9567ba0f208b00430bb476fc6fc,FEASIBLE,0.5,1.0,EXPLOITATION,1
public_10,public_10_day_24,24,syn_f53c9fb43874da5040cb430163ee338e,syn_8dd6339d4267512f971ae9c93ba79a33,FEASIBLE,0.5,1.0,EXPLOITATION,1
public_10,public_10_day_24,24,syn_9ab353464f583bd46641af0a05e39f27,syn_1fa0f9be55fad34f21fa1c78bcc75823,FEASIBLE,0.5,1.0,EXPLOITATION,1
public_10,public_10_day_24,24,syn_a72369d69b77313b62eb9cf310987623,syn_4550325028612805cbf17f2710057234,FEASIBLE,0.0,1.0,EXPLOITATION,1
public_10,public_10_day_24,24,syn_82e48d89b5e9fb6839d31933fbfee9dc,syn_eb8368f49afc9d7d00ecc48c4d3de4ce,FEASIBLE,0.0,1.0,EXPLOITATION,1
public_10,public_10_day_24,24,syn_aafea598a05555fd8a0331cd77bf3d1b,syn_2ae6428fe8d0787376fe540dbd83a9e1,FEASIBLE,0.0,1.0,EXPLOITATION,1
public_10,public_10_day_24,24,syn_42d6624b007f9dadc90a65025826c2af,syn_260c5622d51b36a6045a69b534807038,FEASIBLE,0.0,1.0,EXPLOITATION,1
public_10,public_10_day_24,24,syn_ac7adb59d76e0765d34bb88a00ac664b,syn_08c8959211b0ecd44286ad82daec2c78,FEASIBLE,0.0,1.0,EXPLOITATION,1
public_10,public_10_day_24,24,syn_4118efebeb5bffb1d97c676086799fca,syn_3c198d961c739a549da7c314447558ec,FEASIBLE,0.0,1.0,EXPLOITATION,1
public_10,public_10_day_24,24,syn_00a292432ca19ea1d82f9d7dee556e20,syn_b875287926cc310b79c882e91dcb2892,FEASIBLE,0.0,1.0,EXPLOITATION,1
public_10,public_10_day_24,24,syn_39f48c4c50343606770faa51e54c63fa,syn_a2eb656ba08d83bd383536f1df7c20dc,FEASIBLE,0.0,1.0,EXPLOITATION,1
public_10,public_10_day_24,24,syn_60757875c23e938767f7c422caa6e51f,syn_71f3eb1ca39613e5c06707f0fe673d52,FEASIBLE,1.0,1.0,EXPLORATION,0
public_10,public_10_day_24,24,syn_3026c699639e3e6348676dcc6d650cc9,syn_08c8959211b0ecd44286ad82daec2c78,FEASIBLE,0.5,1.0,EXPLOITATION,0
public_10,public_10_day_24,24,syn_4550325028612805cbf17f2710057234,syn_2bd0bc113015a61a34579ec7d3cfa18f,FEASIBLE,0.39999999999999997,1.0,EXPLORATION,0
public_10,public_10_day_24,24,syn_3026c699639e3e6348676dcc6d650cc9,syn_4118efebeb5bffb1d97c676086799fca,FEASIBLE,0.35,1.0,EXPLOITATION,0
public_10,public_10_day_24,24,syn_0f4034ae56ee969b3bce8239dea9bf28,syn_2c41f4560363cf4a91985306f3e708c5,FEASIBLE,0.15000000000000002,1.0,EXPLORATION,0
public_10,public_10_day_24,24,syn_08c8959211b0ecd44286ad82daec2c78,syn_b50b420bc580e1d9e03e64fd62d0a6f1,FEASIBLE,0.15,1.0,EXPLOITATION,0
public_10,public_10_day_24,24,syn_2c41f4560363cf4a91985306f3e708c5,syn_6a8b7f19205f77e0079c06f343b179f9,FEASIBLE,0.05,1.0,EXPLORATION,0
public_10,public_10_day_24,24,syn_a72369d69b77313b62eb9cf310987623,syn_4118efebeb5bffb1d97c676086799fca,FEASIBLE,0.0,1.0,EXPLOITATION,0
public_10,public_10_day_24,24,syn_a72369d69b77313b62eb9cf310987623,syn_e75c0907f7e92d36cef546a896000d88,FEASIBLE,0.0,1.0,EXPLOITATION,0
public_10,public_10_day_24,24,syn_aafea598a05555fd8a0331cd77bf3d1b,syn_00a292432ca19ea1d82f9d7dee556e20,FEASIBLE,0.0,1.0,EXPLOITATION,0
public_10,public_10_day_24,24,syn_aafea598a05555fd8a0331cd77bf3d1b,syn_1fa0f9be55fad34f21fa1c78bcc75823,FEASIBLE,0.0,1.0,EXPLORATION,0
public_10,public_10_day_24,24,syn_aafea598a05555fd8a0331cd77bf3d1b,syn_6fae297670a62d433323bf1c97f56f9b,FEASIBLE,0.0,1.0,EXPLOITATION,0
public_10,public_10_day_24,24,syn_aafea598a05555fd8a0331cd77bf3d1b,syn_b875287926cc310b79c882e91dcb2892,FEASIBLE,0.0,1.0,EXPLOITATION,0
public_10,public_10_day_24,24,syn_aafea598a05555fd8a0331cd77bf3d1b,syn_04f963f5220053f9161754484ba31633,FEASIBLE,0.0,1.0,EXPLOITATION,0
public_10,public_10_day_24,24,syn_42d6624b007f9dadc90a65025826c2af,syn_71ab4eb8e49081b34c2d7519496eb3aa,FEASIBLE,0.0,1.0,EXPLORATION,0
public_10,public_10_day_24,24,syn_2ae6428fe8d0787376fe540dbd83a9e1,syn_00a292432ca19ea1d82f9d7dee556e20,FEASIBLE,0.0,1.0,EXPLOITATION,0
public_10,public_10_day_24,24,syn_2ae6428fe8d0787376fe540dbd83a9e1,syn_b875287926cc310b79c882e91dcb2892,FEASIBLE,0.0,1.0,EXPLORATION,0
public_10,public_10_day_24,24,syn_4550325028612805cbf17f2710057234,syn_08c8959211b0ecd44286ad82daec2c78,FEASIBLE,0.0,1.0,EXPLORATION,0
public_10,public_10_day_24,24,syn_4118efebeb5bffb1d97c676086799fca,syn_8e1ee09df978c54386bee0deebbbb0db,FEASIBLE,0.0,1.0,EXPLORATION,0
public_10,public_10_day_24,24,syn_fe63aea00d57f05275dfa1b39efa721e,syn_3c198d961c739a549da7c314447558ec,FEASIBLE,0.0,1.0,EXPLOITATION,0
public_10,public_10_day_24,24,syn_a3ebe737714c0f078d738fd6426f1247,syn_e75c0907f7e92d36cef546a896000d88,FEASIBLE,0.0,1.0,EXPLOITATION,0
public_10,public_10_day_24,24,syn_e75c0907f7e92d36cef546a896000d88,syn_6ccd6d178a306578b2d80336ed08202f,FEASIBLE,0.0,1.0,EXPLORATION,0
public_10,public_10_day_24,24,syn_e75c0907f7e92d36cef546a896000d88,syn_65f5d040e59eb3dfdff023cd290ef343,FEASIBLE,0.0,1.0,EXPLORATION,0
public_10,public_10_day_24,24,syn_f0f19dd9848ef26b610a53e071941f92,syn_08c8959211b0ecd44286ad82daec2c78,FEASIBLE,0.0,1.0,EXPLOITATION,0
public_10,public_10_day_24,24,syn_260c5622d51b36a6045a69b534807038,syn_71ab4eb8e49081b34c2d7519496eb3aa,FEASIBLE,0.0,1.0,EXPLORATION,0
public_10,public_10_day_25,25,syn_3026c699639e3e6348676dcc6d650cc9,syn_e75c0907f7e92d36cef546a896000d88,FEASIBLE,1.0,1.0,EXPLOITATION,1
public_10,public_10_day_25,25,syn_6a8b7f19205f77e0079c06f343b179f9,syn_36a6a073237ca17cc85d34b97234c35c,FEASIBLE,1.0,1.0,EXPLOITATION,1
public_10,public_10_day_25,25,syn_2c41f4560363cf4a91985306f3e708c5,syn_f9226f603076fe6965d21526c1b71669,FEASIBLE,0.85,1.0,EXPLOITATION,1
public_10,public_10_day_25,25,syn_2bd0bc113015a61a34579ec7d3cfa18f,syn_b50b420bc580e1d9e03e64fd62d0a6f1,FEASIBLE,0.5499999999999999,1.0,EXPLOITATION,1
public_10,public_10_day_25,25,syn_33218a5ec81d850bee668de6aac93a05,syn_5f14e9567ba0f208b00430bb476fc6fc,FEASIBLE,0.5,1.0,EXPLOITATION,1
public_10,public_10_day_25,25,syn_f53c9fb43874da5040cb430163ee338e,syn_8dd6339d4267512f971ae9c93ba79a33,FEASIBLE,0.5,1.0,EXPLOITATION,1
public_10,public_10_day_25,25,syn_9ab353464f583bd46641af0a05e39f27,syn_1fa0f9be55fad34f21fa1c78bcc75823,FEASIBLE,0.5,1.0,EXPLOITATION,1
public_10,public_10_day_25,25,syn_a72369d69b77313b62eb9cf310987623,syn_4550325028612805cbf17f2710057234,FEASIBLE,0.0,1.0,EXPLOITATION,1
public_10,public_10_day_25,25,syn_e47ce1bf335b859bc695eba30b036973,syn_7665278eebe7b6a88233a61f735661c4,FEASIBLE,0.0,1.0,EXPLOITATION,1
public_10,public_10_day_25,25,syn_82e48d89b5e9fb6839d31933fbfee9dc,syn_eb8368f49afc9d7d00ecc48c4d3de4ce,FEASIBLE,0.0,1.0,EXPLOITATION,1
public_10,public_10_day_25,25,syn_aafea598a05555fd8a0331cd77bf3d1b,syn_00a292432ca19ea1d82f9d7dee556e20,FEASIBLE,0.0,1.0,EXPLOITATION,1
public_10,public_10_day_25,25,syn_8004e1549c802a6b7a454f9afffc1479,syn_89b307713d8898967b949ee364b9c9c2,FEASIBLE,0.0,1.0,EXPLOITATION,1
public_10,public_10_day_25,25,syn_42d6624b007f9dadc90a65025826c2af,syn_260c5622d51b36a6045a69b534807038,FEASIBLE,0.0,1.0,EXPLOITATION,1
public_10,public_10_day_25,25,syn_ac7adb59d76e0765d34bb88a00ac664b,syn_08c8959211b0ecd44286ad82daec2c78,FEASIBLE,0.0,1.0,EXPLOITATION,1
public_10,public_10_day_25,25,syn_4118efebeb5bffb1d97c676086799fca,syn_3c198d961c739a549da7c314447558ec,FEASIBLE,0.0,1.0,EXPLOITATION,1
public_10,public_10_day_25,25,syn_39f48c4c50343606770faa51e54c63fa,syn_a2eb656ba08d83bd383536f1df7c20dc,FEASIBLE,0.0,1.0,EXPLOITATION,1
public_10,public_10_day_25,25,syn_3026c699639e3e6348676dcc6d650cc9,syn_08c8959211b0ecd44286ad82daec2c78,FEASIBLE,0.5,1.0,EXPLOITATION,0
public_10,public_10_day_25,25,syn_4550325028612805cbf17f2710057234,syn_2bd0bc113015a61a34579ec7d3cfa18f,FEASIBLE,0.39999999999999997,1.0,EXPLORATION,0
public_10,public_10_day_25,25,syn_3026c699639e3e6348676dcc6d650cc9,syn_4118efebeb5bffb1d97c676086799fca,FEASIBLE,0.35,1.0,EXPLOITATION,0
public_10,public_10_day_25,25,syn_0f4034ae56ee969b3bce8239dea9bf28,syn_2c41f4560363cf4a91985306f3e708c5,FEASIBLE,0.15000000000000002,1.0,EXPLORATION,0
public_10,public_10_day_25,25,syn_08c8959211b0ecd44286ad82daec2c78,syn_b50b420bc580e1d9e03e64fd62d0a6f1,FEASIBLE,0.15,1.0,EXPLOITATION,0
public_10,public_10_day_25,25,syn_2c41f4560363cf4a91985306f3e708c5,syn_6a8b7f19205f77e0079c06f343b179f9,FEASIBLE,0.05,1.0,EXPLORATION,0
public_10,public_10_day_25,25,syn_a72369d69b77313b62eb9cf310987623,syn_4118efebeb5bffb1d97c676086799fca,FEASIBLE,0.0,1.0,EXPLOITATION,0
public_10,public_10_day_25,25,syn_a72369d69b77313b62eb9cf310987623,syn_e75c0907f7e92d36cef546a896000d88,FEASIBLE,0.0,1.0,EXPLOITATION,0
public_10,public_10_day_25,25,syn_e47ce1bf335b859bc695eba30b036973,syn_6fae297670a62d433323bf1c97f56f9b,FEASIBLE,0.0,1.0,EXPLOITATION,0
public_10,public_10_day_25,25,syn_aafea598a05555fd8a0331cd77bf3d1b,syn_1fa0f9be55fad34f21fa1c78bcc75823,FEASIBLE,0.0,1.0,EXPLORATION,0
public_10,public_10_day_25,25,syn_aafea598a05555fd8a0331cd77bf3d1b,syn_6fae297670a62d433323bf1c97f56f9b,FEASIBLE,0.0,1.0,EXPLOITATION,0
public_10,public_10_day_25,25,syn_aafea598a05555fd8a0331cd77bf3d1b,syn_04f963f5220053f9161754484ba31633,FEASIBLE,0.0,1.0,EXPLOITATION,0
public_10,public_10_day_25,25,syn_42d6624b007f9dadc90a65025826c2af,syn_71ab4eb8e49081b34c2d7519496eb3aa,FEASIBLE,0.0,1.0,EXPLORATION,0
public_10,public_10_day_25,25,syn_4550325028612805cbf17f2710057234,syn_08c8959211b0ecd44286ad82daec2c78,FEASIBLE,0.0,1.0,EXPLORATION,0
public_10,public_10_day_25,25,syn_4118efebeb5bffb1d97c676086799fca,syn_8e1ee09df978c54386bee0deebbbb0db,FEASIBLE,0.0,1.0,EXPLORATION,0
public_10,public_10_day_25,25,syn_fe63aea00d57f05275dfa1b39efa721e,syn_3c198d961c739a549da7c314447558ec,FEASIBLE,0.0,1.0,EXPLOITATION,0
public_10,public_10_day_25,25,syn_a3ebe737714c0f078d738fd6426f1247,syn_e75c0907f7e92d36cef546a896000d88,FEASIBLE,0.0,1.0,EXPLOITATION,0
public_10,public_10_day_25,25,syn_e75c0907f7e92d36cef546a896000d88,syn_6ccd6d178a306578b2d80336ed08202f,FEASIBLE,0.0,1.0,EXPLORATION,0
public_10,public_10_day_25,25,syn_e75c0907f7e92d36cef546a896000d88,syn_65f5d040e59eb3dfdff023cd290ef343,FEASIBLE,0.0,1.0,EXPLORATION,0
public_10,public_10_day_25,25,syn_f0f19dd9848ef26b610a53e071941f92,syn_08c8959211b0ecd44286ad82daec2c78,FEASIBLE,0.0,1.0,EXPLOITATION,0
public_10,public_10_day_25,25,syn_260c5622d51b36a6045a69b534807038,syn_71ab4eb8e49081b34c2d7519496eb3aa,FEASIBLE,0.0,1.0,EXPLORATION,0
public_10,public_10_day_26,26,syn_3026c699639e3e6348676dcc6d650cc9,syn_e75c0907f7e92d36cef546a896000d88,FEASIBLE,1.0,1.0,EXPLOITATION,1
public_10,public_10_day_26,26,syn_6a8b7f19205f77e0079c06f343b179f9,syn_36a6a073237ca17cc85d34b97234c35c,FEASIBLE,1.0,1.0,EXPLOITATION,1
public_10,public_10_day_26,26,syn_2c41f4560363cf4a91985306f3e708c5,syn_f9226f603076fe6965d21526c1b71669,FEASIBLE,0.85,1.0,EXPLOITATION,1
public_10,public_10_day_26,26,syn_2bd0bc113015a61a34579ec7d3cfa18f,syn_b50b420bc580e1d9e03e64fd62d0a6f1,FEASIBLE,0.5499999999999999,1.0,EXPLOITATION,1
public_10,public_10_day_26,26,syn_33218a5ec81d850bee668de6aac93a05,syn_5f14e9567ba0f208b00430bb476fc6fc,FEASIBLE,0.5,1.0,EXPLOITATION,1
public_10,public_10_day_26,26,syn_f53c9fb43874da5040cb430163ee338e,syn_8dd6339d4267512f971ae9c93ba79a33,FEASIBLE,0.5,1.0,EXPLOITATION,1
public_10,public_10_day_26,26,syn_9ab353464f583bd46641af0a05e39f27,syn_1fa0f9be55fad34f21fa1c78bcc75823,FEASIBLE,0.5,1.0,EXPLOITATION,1
public_10,public_10_day_26,26,syn_a72369d69b77313b62eb9cf310987623,syn_4550325028612805cbf17f2710057234,FEASIBLE,0.0,1.0,EXPLOITATION,1
public_10,public_10_day_26,26,syn_e47ce1bf335b859bc695eba30b036973,syn_7665278eebe7b6a88233a61f735661c4,FEASIBLE,0.0,1.0,EXPLOITATION,1
public_10,public_10_day_26,26,syn_82e48d89b5e9fb6839d31933fbfee9dc,syn_eb8368f49afc9d7d00ecc48c4d3de4ce,FEASIBLE,0.0,1.0,EXPLOITATION,1
public_10,public_10_day_26,26,syn_8004e1549c802a6b7a454f9afffc1479,syn_89b307713d8898967b949ee364b9c9c2,FEASIBLE,0.0,1.0,EXPLOITATION,1
public_10,public_10_day_26,26,syn_42d6624b007f9dadc90a65025826c2af,syn_260c5622d51b36a6045a69b534807038,FEASIBLE,0.0,1.0,EXPLOITATION,1
public_10,public_10_day_26,26,syn_ac7adb59d76e0765d34bb88a00ac664b,syn_08c8959211b0ecd44286ad82daec2c78,FEASIBLE,0.0,1.0,EXPLOITATION,1
public_10,public_10_day_26,26,syn_4118efebeb5bffb1d97c676086799fca,syn_3c198d961c739a549da7c314447558ec,FEASIBLE,0.0,1.0,EXPLOITATION,1
public_10,public_10_day_26,26,syn_39f48c4c50343606770faa51e54c63fa,syn_a2eb656ba08d83bd383536f1df7c20dc,FEASIBLE,0.0,1.0,EXPLOITATION,1
public_10,public_10_day_26,26,syn_3026c699639e3e6348676dcc6d650cc9,syn_08c8959211b0ecd44286ad82daec2c78,FEASIBLE,0.5,1.0,EXPLOITATION,0
public_10,public_10_day_26,26,syn_4550325028612805cbf17f2710057234,syn_2bd0bc113015a61a34579ec7d3cfa18f,FEASIBLE,0.39999999999999997,1.0,EXPLORATION,0
public_10,public_10_day_26,26,syn_3026c699639e3e6348676dcc6d650cc9,syn_4118efebeb5bffb1d97c676086799fca,FEASIBLE,0.35,1.0,EXPLOITATION,0
public_10,public_10_day_26,26,syn_0f4034ae56ee969b3bce8239dea9bf28,syn_2c41f4560363cf4a91985306f3e708c5,FEASIBLE,0.15000000000000002,1.0,EXPLORATION,0
public_10,public_10_day_26,26,syn_08c8959211b0ecd44286ad82daec2c78,syn_b50b420bc580e1d9e03e64fd62d0a6f1,FEASIBLE,0.15,1.0,EXPLOITATION,0
public_10,public_10_day_26,26,syn_2c41f4560363cf4a91985306f3e708c5,syn_6a8b7f19205f77e0079c06f343b179f9,FEASIBLE,0.05,1.0,EXPLORATION,0
public_10,public_10_day_26,26,syn_a72369d69b77313b62eb9cf310987623,syn_4118efebeb5bffb1d97c676086799fca,FEASIBLE,0.0,1.0,EXPLOITATION,0
public_10,public_10_day_26,26,syn_a72369d69b77313b62eb9cf310987623,syn_e75c0907f7e92d36cef546a896000d88,FEASIBLE,0.0,1.0,EXPLOITATION,0
public_10,public_10_day_26,26,syn_e47ce1bf335b859bc695eba30b036973,syn_6fae297670a62d433323bf1c97f56f9b,FEASIBLE,0.0,1.0,EXPLOITATION,0
public_10,public_10_day_26,26,syn_42d6624b007f9dadc90a65025826c2af,syn_71ab4eb8e49081b34c2d7519496eb3aa,FEASIBLE,0.0,1.0,EXPLORATION,0
public_10,public_10_day_26,26,syn_4550325028612805cbf17f2710057234,syn_08c8959211b0ecd44286ad82daec2c78,FEASIBLE,0.0,1.0,EXPLORATION,0
public_10,public_10_day_26,26,syn_4118efebeb5bffb1d97c676086799fca,syn_8e1ee09df978c54386bee0deebbbb0db,FEASIBLE,0.0,1.0,EXPLORATION,0
public_10,public_10_day_26,26,syn_fe63aea00d57f05275dfa1b39efa721e,syn_3c198d961c739a549da7c314447558ec,FEASIBLE,0.0,1.0,EXPLOITATION,0
public_10,public_10_day_26,26,syn_a3ebe737714c0f078d738fd6426f1247,syn_e75c0907f7e92d36cef546a896000d88,FEASIBLE,0.0,1.0,EXPLOITATION,0
public_10,public_10_day_26,26,syn_e75c0907f7e92d36cef546a896000d88,syn_6ccd6d178a306578b2d80336ed08202f,FEASIBLE,0.0,1.0,EXPLORATION,0
public_10,public_10_day_26,26,syn_e75c0907f7e92d36cef546a896000d88,syn_65f5d040e59eb3dfdff023cd290ef343,FEASIBLE,0.0,1.0,EXPLORATION,0
public_10,public_10_day_26,26,syn_f0f19dd9848ef26b610a53e071941f92,syn_08c8959211b0ecd44286ad82daec2c78,FEASIBLE,0.0,1.0,EXPLOITATION,0
public_10,public_10_day_26,26,syn_260c5622d51b36a6045a69b534807038,syn_71ab4eb8e49081b34c2d7519496eb3aa,FEASIBLE,0.0,1.0,EXPLORATION,0
public_10,public_10_day_27,27,syn_3026c699639e3e6348676dcc6d650cc9,syn_e75c0907f7e92d36cef546a896000d88,FEASIBLE,1.0,1.0,EXPLOITATION,1
public_10,public_10_day_27,27,syn_6a8b7f19205f77e0079c06f343b179f9,syn_36a6a073237ca17cc85d34b97234c35c,FEASIBLE,1.0,1.0,EXPLOITATION,1
public_10,public_10_day_27,27,syn_2bd0bc113015a61a34579ec7d3cfa18f,syn_b50b420bc580e1d9e03e64fd62d0a6f1,FEASIBLE,0.5499999999999999,1.0,EXPLOITATION,1
public_10,public_10_day_27,27,syn_33218a5ec81d850bee668de6aac93a05,syn_5f14e9567ba0f208b00430bb476fc6fc,FEASIBLE,0.5,1.0,EXPLOITATION,1
public_10,public_10_day_27,27,syn_f53c9fb43874da5040cb430163ee338e,syn_8dd6339d4267512f971ae9c93ba79a33,FEASIBLE,0.5,1.0,EXPLOITATION,1
public_10,public_10_day_27,27,syn_9ab353464f583bd46641af0a05e39f27,syn_1fa0f9be55fad34f21fa1c78bcc75823,FEASIBLE,0.5,1.0,EXPLOITATION,1
public_10,public_10_day_27,27,syn_a72369d69b77313b62eb9cf310987623,syn_4550325028612805cbf17f2710057234,FEASIBLE,0.0,1.0,EXPLOITATION,1
public_10,public_10_day_27,27,syn_e47ce1bf335b859bc695eba30b036973,syn_7665278eebe7b6a88233a61f735661c4,FEASIBLE,0.0,1.0,EXPLOITATION,1
public_10,public_10_day_27,27,syn_82e48d89b5e9fb6839d31933fbfee9dc,syn_eb8368f49afc9d7d00ecc48c4d3de4ce,FEASIBLE,0.0,1.0,EXPLOITATION,1
public_10,public_10_day_27,27,syn_aafea598a05555fd8a0331cd77bf3d1b,syn_00a292432ca19ea1d82f9d7dee556e20,FEASIBLE,0.0,1.0,EXPLOITATION,1
public_10,public_10_day_27,27,syn_8004e1549c802a6b7a454f9afffc1479,syn_89b307713d8898967b949ee364b9c9c2,FEASIBLE,0.0,1.0,EXPLOITATION,1
public_10,public_10_day_27,27,syn_42d6624b007f9dadc90a65025826c2af,syn_260c5622d51b36a6045a69b534807038,FEASIBLE,0.0,1.0,EXPLOITATION,1
public_10,public_10_day_27,27,syn_ac7adb59d76e0765d34bb88a00ac664b,syn_08c8959211b0ecd44286ad82daec2c78,FEASIBLE,0.0,1.0,EXPLOITATION,1
public_10,public_10_day_27,27,syn_39f48c4c50343606770faa51e54c63fa,syn_a2eb656ba08d83bd383536f1df7c20dc,FEASIBLE,0.0,1.0,EXPLOITATION,1
public_10,public_10_day_27,27,syn_3026c699639e3e6348676dcc6d650cc9,syn_08c8959211b0ecd44286ad82daec2c78,FEASIBLE,0.5,1.0,EXPLOITATION,0
public_10,public_10_day_27,27,syn_4550325028612805cbf17f2710057234,syn_2bd0bc113015a61a34579ec7d3cfa18f,FEASIBLE,0.39999999999999997,1.0,EXPLORATION,0
public_10,public_10_day_27,27,syn_08c8959211b0ecd44286ad82daec2c78,syn_b50b420bc580e1d9e03e64fd62d0a6f1,FEASIBLE,0.15,1.0,EXPLOITATION,0
public_10,public_10_day_27,27,syn_a72369d69b77313b62eb9cf310987623,syn_e75c0907f7e92d36cef546a896000d88,FEASIBLE,0.0,1.0,EXPLOITATION,0
public_10,public_10_day_27,27,syn_e47ce1bf335b859bc695eba30b036973,syn_6fae297670a62d433323bf1c97f56f9b,FEASIBLE,0.0,1.0,EXPLOITATION,0
public_10,public_10_day_27,27,syn_aafea598a05555fd8a0331cd77bf3d1b,syn_1fa0f9be55fad34f21fa1c78bcc75823,FEASIBLE,0.0,1.0,EXPLORATION,0
public_10,public_10_day_27,27,syn_aafea598a05555fd8a0331cd77bf3d1b,syn_6fae297670a62d433323bf1c97f56f9b,FEASIBLE,0.0,1.0,EXPLOITATION,0
public_10,public_10_day_27,27,syn_aafea598a05555fd8a0331cd77bf3d1b,syn_04f963f5220053f9161754484ba31633,FEASIBLE,0.0,1.0,EXPLOITATION,0
public_10,public_10_day_27,27,syn_42d6624b007f9dadc90a65025826c2af,syn_71ab4eb8e49081b34c2d7519496eb3aa,FEASIBLE,0.0,1.0,EXPLORATION,0
public_10,public_10_day_27,27,syn_4550325028612805cbf17f2710057234,syn_08c8959211b0ecd44286ad82daec2c78,FEASIBLE,0.0,1.0,EXPLORATION,0
public_10,public_10_day_27,27,syn_a3ebe737714c0f078d738fd6426f1247,syn_e75c0907f7e92d36cef546a896000d88,FEASIBLE,0.0,1.0,EXPLOITATION,0
public_10,public_10_day_27,27,syn_e75c0907f7e92d36cef546a896000d88,syn_6ccd6d178a306578b2d80336ed08202f,FEASIBLE,0.0,1.0,EXPLORATION,0
public_10,public_10_day_27,27,syn_e75c0907f7e92d36cef546a896000d88,syn_65f5d040e59eb3dfdff023cd290ef343,FEASIBLE,0.0,1.0,EXPLORATION,0
public_10,public_10_day_27,27,syn_f0f19dd9848ef26b610a53e071941f92,syn_08c8959211b0ecd44286ad82daec2c78,FEASIBLE,0.0,1.0,EXPLOITATION,0
public_10,public_10_day_27,27,syn_260c5622d51b36a6045a69b534807038,syn_71ab4eb8e49081b34c2d7519496eb3aa,FEASIBLE,0.0,1.0,EXPLORATION,0
public_10,public_10_day_28,28,syn_3026c699639e3e6348676dcc6d650cc9,syn_e75c0907f7e92d36cef546a896000d88,FEASIBLE,1.0,1.0,EXPLOITATION,1
public_10,public_10_day_28,28,syn_6a8b7f19205f77e0079c06f343b179f9,syn_36a6a073237ca17cc85d34b97234c35c,FEASIBLE,1.0,1.0,EXPLOITATION,1
public_10,public_10_day_28,28,syn_33218a5ec81d850bee668de6aac93a05,syn_5f14e9567ba0f208b00430bb476fc6fc,FEASIBLE,0.5,1.0,EXPLOITATION,1
public_10,public_10_day_28,28,syn_f53c9fb43874da5040cb430163ee338e,syn_8dd6339d4267512f971ae9c93ba79a33,FEASIBLE,0.5,1.0,EXPLOITATION,1
public_10,public_10_day_28,28,syn_9ab353464f583bd46641af0a05e39f27,syn_1fa0f9be55fad34f21fa1c78bcc75823,FEASIBLE,0.5,1.0,EXPLOITATION,1
public_10,public_10_day_28,28,syn_4d4039deb870661a489ded51c2e01c2d,syn_76fd573a948b554f3ebee57b8874c057,FEASIBLE,0.30000000000000004,1.0,EXPLOITATION,1
public_10,public_10_day_28,28,syn_e47ce1bf335b859bc695eba30b036973,syn_7665278eebe7b6a88233a61f735661c4,FEASIBLE,0.0,1.0,EXPLOITATION,1
public_10,public_10_day_28,28,syn_82e48d89b5e9fb6839d31933fbfee9dc,syn_eb8368f49afc9d7d00ecc48c4d3de4ce,FEASIBLE,0.0,1.0,EXPLOITATION,1
public_10,public_10_day_28,28,syn_aafea598a05555fd8a0331cd77bf3d1b,syn_00a292432ca19ea1d82f9d7dee556e20,FEASIBLE,0.0,1.0,EXPLOITATION,1
public_10,public_10_day_28,28,syn_8004e1549c802a6b7a454f9afffc1479,syn_89b307713d8898967b949ee364b9c9c2,FEASIBLE,0.0,1.0,EXPLOITATION,1
public_10,public_10_day_28,28,syn_42d6624b007f9dadc90a65025826c2af,syn_260c5622d51b36a6045a69b534807038,FEASIBLE,0.0,1.0,EXPLOITATION,1
public_10,public_10_day_28,28,syn_fe63aea00d57f05275dfa1b39efa721e,syn_3c198d961c739a549da7c314447558ec,FEASIBLE,0.0,1.0,EXPLOITATION,1
public_10,public_10_day_28,28,syn_26dd18a4132bd025090300e446cf7bda,syn_3d9aa8f2b2f0e82cb4712e749d6a1225,FEASIBLE,0.0,1.0,EXPLOITATION,1
public_10,public_10_day_28,28,syn_39f48c4c50343606770faa51e54c63fa,syn_a2eb656ba08d83bd383536f1df7c20dc,FEASIBLE,0.0,1.0,EXPLOITATION,1
public_10,public_10_day_28,28,syn_a72369d69b77313b62eb9cf310987623,syn_e75c0907f7e92d36cef546a896000d88,FEASIBLE,0.0,1.0,EXPLOITATION,0
public_10,public_10_day_28,28,syn_e47ce1bf335b859bc695eba30b036973,syn_6fae297670a62d433323bf1c97f56f9b,FEASIBLE,0.0,1.0,EXPLOITATION,0
public_10,public_10_day_28,28,syn_aafea598a05555fd8a0331cd77bf3d1b,syn_1fa0f9be55fad34f21fa1c78bcc75823,FEASIBLE,0.0,1.0,EXPLORATION,0
public_10,public_10_day_28,28,syn_aafea598a05555fd8a0331cd77bf3d1b,syn_6fae297670a62d433323bf1c97f56f9b,FEASIBLE,0.0,1.0,EXPLOITATION,0
public_10,public_10_day_28,28,syn_aafea598a05555fd8a0331cd77bf3d1b,syn_04f963f5220053f9161754484ba31633,FEASIBLE,0.0,1.0,EXPLOITATION,0
public_10,public_10_day_28,28,syn_42d6624b007f9dadc90a65025826c2af,syn_71ab4eb8e49081b34c2d7519496eb3aa,FEASIBLE,0.0,1.0,EXPLORATION,0
public_10,public_10_day_28,28,syn_a3ebe737714c0f078d738fd6426f1247,syn_e75c0907f7e92d36cef546a896000d88,FEASIBLE,0.0,1.0,EXPLOITATION,0
public_10,public_10_day_28,28,syn_e75c0907f7e92d36cef546a896000d88,syn_6ccd6d178a306578b2d80336ed08202f,FEASIBLE,0.0,1.0,EXPLORATION,0
public_10,public_10_day_28,28,syn_e75c0907f7e92d36cef546a896000d88,syn_65f5d040e59eb3dfdff023cd290ef343,FEASIBLE,0.0,1.0,EXPLORATION,0
public_10,public_10_day_28,28,syn_260c5622d51b36a6045a69b534807038,syn_71ab4eb8e49081b34c2d7519496eb3aa,FEASIBLE,0.0,1.0,EXPLORATION,0
public_10,public_10_day_28,28,syn_714f9712b4b94edc26dfda9b98d3a5da,syn_76fd573a948b554f3ebee57b8874c057,FEASIBLE,0.0,1.0,EXPLORATION,0
public_10,public_10_day_29,29,syn_6a8b7f19205f77e0079c06f343b179f9,syn_36a6a073237ca17cc85d34b97234c35c,FEASIBLE,1.0,1.0,EXPLOITATION,1
public_10,public_10_day_29,29,syn_2bd0bc113015a61a34579ec7d3cfa18f,syn_b50b420bc580e1d9e03e64fd62d0a6f1,FEASIBLE,0.5499999999999999,1.0,EXPLOITATION,1
public_10,public_10_day_29,29,syn_33218a5ec81d850bee668de6aac93a05,syn_5f14e9567ba0f208b00430bb476fc6fc,FEASIBLE,0.5,1.0,EXPLOITATION,1
public_10,public_10_day_29,29,syn_f53c9fb43874da5040cb430163ee338e,syn_8dd6339d4267512f971ae9c93ba79a33,FEASIBLE,0.5,1.0,EXPLOITATION,1
public_10,public_10_day_29,29,syn_9ab353464f583bd46641af0a05e39f27,syn_1fa0f9be55fad34f21fa1c78bcc75823,FEASIBLE,0.5,1.0,EXPLOITATION,1
public_10,public_10_day_29,29,syn_4d4039deb870661a489ded51c2e01c2d,syn_76fd573a948b554f3ebee57b8874c057,FEASIBLE,0.30000000000000004,1.0,EXPLOITATION,1
public_10,public_10_day_29,29,syn_0142765f71da4f470ea933199686004e,syn_2cf4a622e93de4862bf406fbe9968660,FEASIBLE,0.2,1.0,EXPLOITATION,1
public_10,public_10_day_29,29,syn_a72369d69b77313b62eb9cf310987623,syn_4550325028612805cbf17f2710057234,FEASIBLE,0.0,1.0,EXPLOITATION,1
public_10,public_10_day_29,29,syn_e47ce1bf335b859bc695eba30b036973,syn_7665278eebe7b6a88233a61f735661c4,FEASIBLE,0.0,1.0,EXPLOITATION,1
public_10,public_10_day_29,29,syn_82e48d89b5e9fb6839d31933fbfee9dc,syn_eb8368f49afc9d7d00ecc48c4d3de4ce,FEASIBLE,0.0,1.0,EXPLOITATION,1
public_10,public_10_day_29,29,syn_aafea598a05555fd8a0331cd77bf3d1b,syn_00a292432ca19ea1d82f9d7dee556e20,FEASIBLE,0.0,1.0,EXPLOITATION,1
public_10,public_10_day_29,29,syn_8004e1549c802a6b7a454f9afffc1479,syn_89b307713d8898967b949ee364b9c9c2,FEASIBLE,0.0,1.0,EXPLOITATION,1
public_10,public_10_day_29,29,syn_42d6624b007f9dadc90a65025826c2af,syn_260c5622d51b36a6045a69b534807038,FEASIBLE,0.0,1.0,EXPLOITATION,1
public_10,public_10_day_29,29,syn_fe63aea00d57f05275dfa1b39efa721e,syn_3c198d961c739a549da7c314447558ec,FEASIBLE,0.0,1.0,EXPLOITATION,1
public_10,public_10_day_29,29,syn_26dd18a4132bd025090300e446cf7bda,syn_3d9aa8f2b2f0e82cb4712e749d6a1225,FEASIBLE,0.0,1.0,EXPLOITATION,1
public_10,public_10_day_29,29,syn_39f48c4c50343606770faa51e54c63fa,syn_a2eb656ba08d83bd383536f1df7c20dc,FEASIBLE,0.0,1.0,EXPLOITATION,1
public_10,public_10_day_29,29,syn_4550325028612805cbf17f2710057234,syn_2bd0bc113015a61a34579ec7d3cfa18f,FEASIBLE,0.39999999999999997,1.0,EXPLORATION,0
public_10,public_10_day_29,29,syn_f74fd02a69d26a14e5a77cb07ec0630f,syn_5f14e9567ba0f208b00430bb476fc6fc,FEASIBLE,0.3,1.0,EXPLORATION,0
public_10,public_10_day_29,29,syn_e47ce1bf335b859bc695eba30b036973,syn_6fae297670a62d433323bf1c97f56f9b,FEASIBLE,0.0,1.0,EXPLOITATION,0
public_10,public_10_day_29,29,syn_aafea598a05555fd8a0331cd77bf3d1b,syn_1fa0f9be55fad34f21fa1c78bcc75823,FEASIBLE,0.0,1.0,EXPLORATION,0
public_10,public_10_day_29,29,syn_aafea598a05555fd8a0331cd77bf3d1b,syn_6fae297670a62d433323bf1c97f56f9b,FEASIBLE,0.0,1.0,EXPLOITATION,0
public_10,public_10_day_29,29,syn_aafea598a05555fd8a0331cd77bf3d1b,syn_04f963f5220053f9161754484ba31633,FEASIBLE,0.0,1.0,EXPLOITATION,0
public_10,public_10_day_29,29,syn_42d6624b007f9dadc90a65025826c2af,syn_71ab4eb8e49081b34c2d7519496eb3aa,FEASIBLE,0.0,1.0,EXPLORATION,0
public_10,public_10_day_29,29,syn_f74fd02a69d26a14e5a77cb07ec0630f,syn_2cf4a622e93de4862bf406fbe9968660,FEASIBLE,0.0,1.0,EXPLORATION,0
public_10,public_10_day_29,29,syn_6a8b7f19205f77e0079c06f343b179f9,syn_2cf4a622e93de4862bf406fbe9968660,FEASIBLE,0.0,1.0,EXPLORATION,0
public_10,public_10_day_29,29,syn_260c5622d51b36a6045a69b534807038,syn_71ab4eb8e49081b34c2d7519496eb3aa,FEASIBLE,0.0,1.0,EXPLORATION,0
public_10,public_10_day_29,29,syn_714f9712b4b94edc26dfda9b98d3a5da,syn_76fd573a948b554f3ebee57b8874c057,FEASIBLE,0.0,1.0,EXPLORATION,0
public_10,public_10_day_30,30,syn_6a8b7f19205f77e0079c06f343b179f9,syn_36a6a073237ca17cc85d34b97234c35c,FEASIBLE,1.0,1.0,EXPLOITATION,1
public_10,public_10_day_30,30,syn_2bd0bc113015a61a34579ec7d3cfa18f,syn_b50b420bc580e1d9e03e64fd62d0a6f1,FEASIBLE,0.5499999999999999,1.0,EXPLOITATION,1
public_10,public_10_day_30,30,syn_33218a5ec81d850bee668de6aac93a05,syn_5f14e9567ba0f208b00430bb476fc6fc,FEASIBLE,0.5,1.0,EXPLOITATION,1
public_10,public_10_day_30,30,syn_f53c9fb43874da5040cb430163ee338e,syn_8dd6339d4267512f971ae9c93ba79a33,FEASIBLE,0.5,1.0,EXPLOITATION,1
public_10,public_10_day_30,30,syn_9ab353464f583bd46641af0a05e39f27,syn_1fa0f9be55fad34f21fa1c78bcc75823,FEASIBLE,0.5,1.0,EXPLOITATION,1
public_10,public_10_day_30,30,syn_4d4039deb870661a489ded51c2e01c2d,syn_76fd573a948b554f3ebee57b8874c057,FEASIBLE,0.30000000000000004,1.0,EXPLOITATION,1
public_10,public_10_day_30,30,syn_0142765f71da4f470ea933199686004e,syn_2cf4a622e93de4862bf406fbe9968660,FEASIBLE,0.2,1.0,EXPLOITATION,1
public_10,public_10_day_30,30,syn_a72369d69b77313b62eb9cf310987623,syn_4550325028612805cbf17f2710057234,FEASIBLE,0.0,1.0,EXPLOITATION,1
public_10,public_10_day_30,30,syn_e47ce1bf335b859bc695eba30b036973,syn_7665278eebe7b6a88233a61f735661c4,FEASIBLE,0.0,1.0,EXPLOITATION,1
public_10,public_10_day_30,30,syn_82e48d89b5e9fb6839d31933fbfee9dc,syn_eb8368f49afc9d7d00ecc48c4d3de4ce,FEASIBLE,0.0,1.0,EXPLOITATION,1
public_10,public_10_day_30,30,syn_aafea598a05555fd8a0331cd77bf3d1b,syn_00a292432ca19ea1d82f9d7dee556e20,FEASIBLE,0.0,1.0,EXPLOITATION,1
public_10,public_10_day_30,30,syn_8004e1549c802a6b7a454f9afffc1479,syn_89b307713d8898967b949ee364b9c9c2,FEASIBLE,0.0,1.0,EXPLOITATION,1
public_10,public_10_day_30,30,syn_42d6624b007f9dadc90a65025826c2af,syn_260c5622d51b36a6045a69b534807038,FEASIBLE,0.0,1.0,EXPLOITATION,1
public_10,public_10_day_30,30,syn_fe63aea00d57f05275dfa1b39efa721e,syn_3c198d961c739a549da7c314447558ec,FEASIBLE,0.0,1.0,EXPLOITATION,1
public_10,public_10_day_30,30,syn_26dd18a4132bd025090300e446cf7bda,syn_3d9aa8f2b2f0e82cb4712e749d6a1225,FEASIBLE,0.0,1.0,EXPLOITATION,1
public_10,public_10_day_30,30,syn_39f48c4c50343606770faa51e54c63fa,syn_a2eb656ba08d83bd383536f1df7c20dc,FEASIBLE,0.0,1.0,EXPLOITATION,1
public_10,public_10_day_30,30,syn_4550325028612805cbf17f2710057234,syn_2bd0bc113015a61a34579ec7d3cfa18f,FEASIBLE,0.39999999999999997,1.0,EXPLORATION,0
public_10,public_10_day_30,30,syn_f74fd02a69d26a14e5a77cb07ec0630f,syn_5f14e9567ba0f208b00430bb476fc6fc,FEASIBLE,0.3,1.0,EXPLORATION,0
public_10,public_10_day_30,30,syn_e47ce1bf335b859bc695eba30b036973,syn_6fae297670a62d433323bf1c97f56f9b,FEASIBLE,0.0,1.0,EXPLOITATION,0
public_10,public_10_day_30,30,syn_aafea598a05555fd8a0331cd77bf3d1b,syn_1fa0f9be55fad34f21fa1c78bcc75823,FEASIBLE,0.0,1.0,EXPLORATION,0
public_10,public_10_day_30,30,syn_aafea598a05555fd8a0331cd77bf3d1b,syn_6fae297670a62d433323bf1c97f56f9b,FEASIBLE,0.0,1.0,EXPLOITATION,0
public_10,public_10_day_30,30,syn_aafea598a05555fd8a0331cd77bf3d1b,syn_04f963f5220053f9161754484ba31633,FEASIBLE,0.0,1.0,EXPLOITATION,0
public_10,public_10_day_30,30,syn_42d6624b007f9dadc90a65025826c2af,syn_71ab4eb8e49081b34c2d7519496eb3aa,FEASIBLE,0.0,1.0,EXPLORATION,0
public_10,public_10_day_30,30,syn_f74fd02a69d26a14e5a77cb07ec0630f,syn_2cf4a622e93de4862bf406fbe9968660,FEASIBLE,0.0,1.0,EXPLORATION,0
public_10,public_10_day_30,30,syn_6a8b7f19205f77e0079c06f343b179f9,syn_2cf4a622e93de4862bf406fbe9968660,FEASIBLE,0.0,1.0,EXPLORATION,0
public_10,public_10_day_30,30,syn_260c5622d51b36a6045a69b534807038,syn_71ab4eb8e49081b34c2d7519496eb3aa,FEASIBLE,0.0,1.0,EXPLORATION,0
public_10,public_10_day_30,30,syn_714f9712b4b94edc26dfda9b98d3a5da,syn_76fd573a948b554f3ebee57b8874c057,FEASIBLE,0.0,1.0,EXPLORATION,0
public_10,public_10_day_31,31,syn_6a8b7f19205f77e0079c06f343b179f9,syn_36a6a073237ca17cc85d34b97234c35c,FEASIBLE,1.0,1.0,EXPLOITATION,1
public_10,public_10_day_31,31,syn_2bd0bc113015a61a34579ec7d3cfa18f,syn_b50b420bc580e1d9e03e64fd62d0a6f1,FEASIBLE,0.5499999999999999,1.0,EXPLOITATION,1
public_10,public_10_day_31,31,syn_33218a5ec81d850bee668de6aac93a05,syn_5f14e9567ba0f208b00430bb476fc6fc,FEASIBLE,0.5,1.0,EXPLOITATION,1
public_10,public_10_day_31,31,syn_f53c9fb43874da5040cb430163ee338e,syn_8dd6339d4267512f971ae9c93ba79a33,FEASIBLE,0.5,1.0,EXPLOITATION,1
public_10,public_10_day_31,31,syn_9ab353464f583bd46641af0a05e39f27,syn_1fa0f9be55fad34f21fa1c78bcc75823,FEASIBLE,0.5,1.0,EXPLOITATION,1
public_10,public_10_day_31,31,syn_4d4039deb870661a489ded51c2e01c2d,syn_76fd573a948b554f3ebee57b8874c057,FEASIBLE,0.30000000000000004,1.0,EXPLOITATION,1
public_10,public_10_day_31,31,syn_0142765f71da4f470ea933199686004e,syn_2cf4a622e93de4862bf406fbe9968660,FEASIBLE,0.2,1.0,EXPLOITATION,1
public_10,public_10_day_31,31,syn_a72369d69b77313b62eb9cf310987623,syn_4550325028612805cbf17f2710057234,FEASIBLE,0.0,1.0,EXPLOITATION,1
public_10,public_10_day_31,31,syn_e47ce1bf335b859bc695eba30b036973,syn_7665278eebe7b6a88233a61f735661c4,FEASIBLE,0.0,1.0,EXPLOITATION,1
public_10,public_10_day_31,31,syn_82e48d89b5e9fb6839d31933fbfee9dc,syn_eb8368f49afc9d7d00ecc48c4d3de4ce,FEASIBLE,0.0,1.0,EXPLOITATION,1
public_10,public_10_day_31,31,syn_aafea598a05555fd8a0331cd77bf3d1b,syn_00a292432ca19ea1d82f9d7dee556e20,FEASIBLE,0.0,1.0,EXPLOITATION,1
public_10,public_10_day_31,31,syn_8004e1549c802a6b7a454f9afffc1479,syn_89b307713d8898967b949ee364b9c9c2,FEASIBLE,0.0,1.0,EXPLOITATION,1
public_10,public_10_day_31,31,syn_42d6624b007f9dadc90a65025826c2af,syn_260c5622d51b36a6045a69b534807038,FEASIBLE,0.0,1.0,EXPLOITATION,1
public_10,public_10_day_31,31,syn_fe63aea00d57f05275dfa1b39efa721e,syn_3c198d961c739a549da7c314447558ec,FEASIBLE,0.0,1.0,EXPLOITATION,1
public_10,public_10_day_31,31,syn_ecbf5233371e2318fb6924c4f6c75877,syn_022af7d17ed9947190143ccd3b849cd3,FEASIBLE,0.0,1.0,EXPLOITATION,1
public_10,public_10_day_31,31,syn_26dd18a4132bd025090300e446cf7bda,syn_3d9aa8f2b2f0e82cb4712e749d6a1225,FEASIBLE,0.0,1.0,EXPLOITATION,1
public_10,public_10_day_31,31,syn_39f48c4c50343606770faa51e54c63fa,syn_a2eb656ba08d83bd383536f1df7c20dc,FEASIBLE,0.0,1.0,EXPLOITATION,1
public_10,public_10_day_31,31,syn_4550325028612805cbf17f2710057234,syn_2bd0bc113015a61a34579ec7d3cfa18f,FEASIBLE,0.39999999999999997,1.0,EXPLORATION,0
public_10,public_10_day_31,31,syn_f74fd02a69d26a14e5a77cb07ec0630f,syn_5f14e9567ba0f208b00430bb476fc6fc,FEASIBLE,0.3,1.0,EXPLORATION,0
public_10,public_10_day_31,31,syn_a72369d69b77313b62eb9cf310987623,syn_022af7d17ed9947190143ccd3b849cd3,FEASIBLE,0.0,1.0,EXPLOITATION,0
public_10,public_10_day_31,31,syn_e47ce1bf335b859bc695eba30b036973,syn_6fae297670a62d433323bf1c97f56f9b,FEASIBLE,0.0,1.0,EXPLOITATION,0
public_10,public_10_day_31,31,syn_aafea598a05555fd8a0331cd77bf3d1b,syn_1fa0f9be55fad34f21fa1c78bcc75823,FEASIBLE,0.0,1.0,EXPLORATION,0
public_10,public_10_day_31,31,syn_aafea598a05555fd8a0331cd77bf3d1b,syn_6fae297670a62d433323bf1c97f56f9b,FEASIBLE,0.0,1.0,EXPLOITATION,0
public_10,public_10_day_31,31,syn_aafea598a05555fd8a0331cd77bf3d1b,syn_04f963f5220053f9161754484ba31633,FEASIBLE,0.0,1.0,EXPLOITATION,0
public_10,public_10_day_31,31,syn_42d6624b007f9dadc90a65025826c2af,syn_71ab4eb8e49081b34c2d7519496eb3aa,FEASIBLE,0.0,1.0,EXPLORATION,0
public_10,public_10_day_31,31,syn_f74fd02a69d26a14e5a77cb07ec0630f,syn_2cf4a622e93de4862bf406fbe9968660,FEASIBLE,0.0,1.0,EXPLORATION,0
public_10,public_10_day_31,31,syn_6a8b7f19205f77e0079c06f343b179f9,syn_2cf4a622e93de4862bf406fbe9968660,FEASIBLE,0.0,1.0,EXPLORATION,0
public_10,public_10_day_31,31,syn_2bd0bc113015a61a34579ec7d3cfa18f,syn_022af7d17ed9947190143ccd3b849cd3,FEASIBLE,0.0,1.0,EXPLOITATION,0
public_10,public_10_day_31,31,syn_260c5622d51b36a6045a69b534807038,syn_71ab4eb8e49081b34c2d7519496eb3aa,FEASIBLE,0.0,1.0,EXPLORATION,0
public_10,public_10_day_31,31,syn_714f9712b4b94edc26dfda9b98d3a5da,syn_76fd573a948b554f3ebee57b8874c057,FEASIBLE,0.0,1.0,EXPLORATION,0
public_10,public_10_day_32,32,syn_6a8b7f19205f77e0079c06f343b179f9,syn_36a6a073237ca17cc85d34b97234c35c,FEASIBLE,1.0,1.0,EXPLOITATION,1
public_10,public_10_day_32,32,syn_8004e1549c802a6b7a454f9afffc1479,syn_a2636682040b5f9e5612d711743d5a8e,FEASIBLE,0.7,1.0,EXPLOITATION,1
public_10,public_10_day_32,32,syn_2bd0bc113015a61a34579ec7d3cfa18f,syn_b50b420bc580e1d9e03e64fd62d0a6f1,FEASIBLE,0.5499999999999999,1.0,EXPLOITATION,1
public_10,public_10_day_32,32,syn_33218a5ec81d850bee668de6aac93a05,syn_5f14e9567ba0f208b00430bb476fc6fc,FEASIBLE,0.5,1.0,EXPLOITATION,1
public_10,public_10_day_32,32,syn_f53c9fb43874da5040cb430163ee338e,syn_8dd6339d4267512f971ae9c93ba79a33,FEASIBLE,0.5,1.0,EXPLOITATION,1
public_10,public_10_day_32,32,syn_9ab353464f583bd46641af0a05e39f27,syn_1fa0f9be55fad34f21fa1c78bcc75823,FEASIBLE,0.5,1.0,EXPLOITATION,1
public_10,public_10_day_32,32,syn_4d4039deb870661a489ded51c2e01c2d,syn_76fd573a948b554f3ebee57b8874c057,FEASIBLE,0.30000000000000004,1.0,EXPLOITATION,1
public_10,public_10_day_32,32,syn_0142765f71da4f470ea933199686004e,syn_2cf4a622e93de4862bf406fbe9968660,FEASIBLE,0.2,1.0,EXPLOITATION,1
public_10,public_10_day_32,32,syn_a72369d69b77313b62eb9cf310987623,syn_4550325028612805cbf17f2710057234,FEASIBLE,0.0,1.0,EXPLOITATION,1
public_10,public_10_day_32,32,syn_e47ce1bf335b859bc695eba30b036973,syn_7665278eebe7b6a88233a61f735661c4,FEASIBLE,0.0,1.0,EXPLOITATION,1
public_10,public_10_day_32,32,syn_82e48d89b5e9fb6839d31933fbfee9dc,syn_eb8368f49afc9d7d00ecc48c4d3de4ce,FEASIBLE,0.0,1.0,EXPLOITATION,1
public_10,public_10_day_32,32,syn_aafea598a05555fd8a0331cd77bf3d1b,syn_00a292432ca19ea1d82f9d7dee556e20,FEASIBLE,0.0,1.0,EXPLOITATION,1
public_10,public_10_day_32,32,syn_42d6624b007f9dadc90a65025826c2af,syn_260c5622d51b36a6045a69b534807038,FEASIBLE,0.0,1.0,EXPLOITATION,1
public_10,public_10_day_32,32,syn_fb677458ed9ef553765b0355a8ca1d87,syn_89b307713d8898967b949ee364b9c9c2,FEASIBLE,0.0,1.0,EXPLOITATION,1
public_10,public_10_day_32,32,syn_fe63aea00d57f05275dfa1b39efa721e,syn_3c198d961c739a549da7c314447558ec,FEASIBLE,0.0,1.0,EXPLOITATION,1
public_10,public_10_day_32,32,syn_ecbf5233371e2318fb6924c4f6c75877,syn_022af7d17ed9947190143ccd3b849cd3,FEASIBLE,0.0,1.0,EXPLOITATION,1
public_10,public_10_day_32,32,syn_26dd18a4132bd025090300e446cf7bda,syn_3d9aa8f2b2f0e82cb4712e749d6a1225,FEASIBLE,0.0,1.0,EXPLOITATION,1
public_10,public_10_day_32,32,syn_39f48c4c50343606770faa51e54c63fa,syn_a2eb656ba08d83bd383536f1df7c20dc,FEASIBLE,0.0,1.0,EXPLOITATION,1
public_10,public_10_day_32,32,syn_4550325028612805cbf17f2710057234,syn_2bd0bc113015a61a34579ec7d3cfa18f,FEASIBLE,0.39999999999999997,1.0,EXPLORATION,0
public_10,public_10_day_32,32,syn_fb677458ed9ef553765b0355a8ca1d87,syn_a2636682040b5f9e5612d711743d5a8e,FEASIBLE,0.30000000000000004,1.0,EXPLOITATION,0
public_10,public_10_day_32,32,syn_f74fd02a69d26a14e5a77cb07ec0630f,syn_5f14e9567ba0f208b00430bb476fc6fc,FEASIBLE,0.3,1.0,EXPLORATION,0
public_10,public_10_day_32,32,syn_a72369d69b77313b62eb9cf310987623,syn_022af7d17ed9947190143ccd3b849cd3,FEASIBLE,0.0,1.0,EXPLOITATION,0
public_10,public_10_day_32,32,syn_e47ce1bf335b859bc695eba30b036973,syn_6fae297670a62d433323bf1c97f56f9b,FEASIBLE,0.0,1.0,EXPLOITATION,0
public_10,public_10_day_32,32,syn_aafea598a05555fd8a0331cd77bf3d1b,syn_1fa0f9be55fad34f21fa1c78bcc75823,FEASIBLE,0.0,1.0,EXPLORATION,0
public_10,public_10_day_32,32,syn_aafea598a05555fd8a0331cd77bf3d1b,syn_6fae297670a62d433323bf1c97f56f9b,FEASIBLE,0.0,1.0,EXPLOITATION,0
public_10,public_10_day_32,32,syn_aafea598a05555fd8a0331cd77bf3d1b,syn_04f963f5220053f9161754484ba31633,FEASIBLE,0.0,1.0,EXPLOITATION,0
public_10,public_10_day_32,32,syn_8004e1549c802a6b7a454f9afffc1479,syn_89b307713d8898967b949ee364b9c9c2,FEASIBLE,0.0,1.0,EXPLOITATION,0
public_10,public_10_day_32,32,syn_42d6624b007f9dadc90a65025826c2af,syn_71ab4eb8e49081b34c2d7519496eb3aa,FEASIBLE,0.0,1.0,EXPLORATION,0
public_10,public_10_day_32,32,syn_f74fd02a69d26a14e5a77cb07ec0630f,syn_2cf4a622e93de4862bf406fbe9968660,FEASIBLE,0.0,1.0,EXPLORATION,0
public_10,public_10_day_32,32,syn_6a8b7f19205f77e0079c06f343b179f9,syn_2cf4a622e93de4862bf406fbe9968660,FEASIBLE,0.0,1.0,EXPLORATION,0
public_10,public_10_day_32,32,syn_2bd0bc113015a61a34579ec7d3cfa18f,syn_022af7d17ed9947190143ccd3b849cd3,FEASIBLE,0.0,1.0,EXPLOITATION,0
public_10,public_10_day_32,32,syn_260c5622d51b36a6045a69b534807038,syn_71ab4eb8e49081b34c2d7519496eb3aa,FEASIBLE,0.0,1.0,EXPLORATION,0
public_10,public_10_day_32,32,syn_714f9712b4b94edc26dfda9b98d3a5da,syn_76fd573a948b554f3ebee57b8874c057,FEASIBLE,0.0,1.0,EXPLORATION,0
public_10,public_10_day_33,33,syn_b92c1b66c29e9bbda64a8a27d704a49e,syn_71f3eb1ca39613e5c06707f0fe673d52,FEASIBLE,1.0,1.0,EXPLOITATION,1
public_10,public_10_day_33,33,syn_6a8b7f19205f77e0079c06f343b179f9,syn_36a6a073237ca17cc85d34b97234c35c,FEASIBLE,1.0,1.0,EXPLOITATION,1
public_10,public_10_day_33,33,syn_8004e1549c802a6b7a454f9afffc1479,syn_a2636682040b5f9e5612d711743d5a8e,FEASIBLE,0.7,1.0,EXPLOITATION,1
public_10,public_10_day_33,33,syn_2bd0bc113015a61a34579ec7d3cfa18f,syn_b50b420bc580e1d9e03e64fd62d0a6f1,FEASIBLE,0.5499999999999999,1.0,EXPLOITATION,1
public_10,public_10_day_33,33,syn_33218a5ec81d850bee668de6aac93a05,syn_5f14e9567ba0f208b00430bb476fc6fc,FEASIBLE,0.5,1.0,EXPLOITATION,1
public_10,public_10_day_33,33,syn_f53c9fb43874da5040cb430163ee338e,syn_8dd6339d4267512f971ae9c93ba79a33,FEASIBLE,0.5,1.0,EXPLOITATION,1
public_10,public_10_day_33,33,syn_9ab353464f583bd46641af0a05e39f27,syn_1fa0f9be55fad34f21fa1c78bcc75823,FEASIBLE,0.5,1.0,EXPLOITATION,1
public_10,public_10_day_33,33,syn_4d4039deb870661a489ded51c2e01c2d,syn_76fd573a948b554f3ebee57b8874c057,FEASIBLE,0.30000000000000004,1.0,EXPLOITATION,1
public_10,public_10_day_33,33,syn_0142765f71da4f470ea933199686004e,syn_2cf4a622e93de4862bf406fbe9968660,FEASIBLE,0.2,1.0,EXPLOITATION,1
public_10,public_10_day_33,33,syn_a72369d69b77313b62eb9cf310987623,syn_4550325028612805cbf17f2710057234,FEASIBLE,0.0,1.0,EXPLOITATION,1
public_10,public_10_day_33,33,syn_e47ce1bf335b859bc695eba30b036973,syn_7665278eebe7b6a88233a61f735661c4,FEASIBLE,0.0,1.0,EXPLOITATION,1
public_10,public_10_day_33,33,syn_82e48d89b5e9fb6839d31933fbfee9dc,syn_eb8368f49afc9d7d00ecc48c4d3de4ce,FEASIBLE,0.0,1.0,EXPLOITATION,1
public_10,public_10_day_33,33,syn_aafea598a05555fd8a0331cd77bf3d1b,syn_2ae6428fe8d0787376fe540dbd83a9e1,FEASIBLE,0.0,1.0,EXPLOITATION,1
public_10,public_10_day_33,33,syn_42d6624b007f9dadc90a65025826c2af,syn_260c5622d51b36a6045a69b534807038,FEASIBLE,0.0,1.0,EXPLOITATION,1
public_10,public_10_day_33,33,syn_fb677458ed9ef553765b0355a8ca1d87,syn_89b307713d8898967b949ee364b9c9c2,FEASIBLE,0.0,1.0,EXPLOITATION,1
public_10,public_10_day_33,33,syn_fe63aea00d57f05275dfa1b39efa721e,syn_3c198d961c739a549da7c314447558ec,FEASIBLE,0.0,1.0,EXPLOITATION,1
public_10,public_10_day_33,33,syn_00a292432ca19ea1d82f9d7dee556e20,syn_b875287926cc310b79c882e91dcb2892,FEASIBLE,0.0,1.0,EXPLOITATION,1
public_10,public_10_day_33,33,syn_ecbf5233371e2318fb6924c4f6c75877,syn_022af7d17ed9947190143ccd3b849cd3,FEASIBLE,0.0,1.0,EXPLOITATION,1
public_10,public_10_day_33,33,syn_26dd18a4132bd025090300e446cf7bda,syn_3d9aa8f2b2f0e82cb4712e749d6a1225,FEASIBLE,0.0,1.0,EXPLOITATION,1
public_10,public_10_day_33,33,syn_39f48c4c50343606770faa51e54c63fa,syn_a2eb656ba08d83bd383536f1df7c20dc,FEASIBLE,0.0,1.0,EXPLOITATION,1
public_10,public_10_day_33,33,syn_60757875c23e938767f7c422caa6e51f,syn_71f3eb1ca39613e5c06707f0fe673d52,FEASIBLE,1.0,1.0,EXPLORATION,0
public_10,public_10_day_33,33,syn_4550325028612805cbf17f2710057234,syn_2bd0bc113015a61a34579ec7d3cfa18f,FEASIBLE,0.39999999999999997,1.0,EXPLORATION,0
public_10,public_10_day_33,33,syn_fb677458ed9ef553765b0355a8ca1d87,syn_a2636682040b5f9e5612d711743d5a8e,FEASIBLE,0.30000000000000004,1.0,EXPLOITATION,0
public_10,public_10_day_33,33,syn_f74fd02a69d26a14e5a77cb07ec0630f,syn_5f14e9567ba0f208b00430bb476fc6fc,FEASIBLE,0.3,1.0,EXPLORATION,0
public_10,public_10_day_33,33,syn_a72369d69b77313b62eb9cf310987623,syn_022af7d17ed9947190143ccd3b849cd3,FEASIBLE,0.0,1.0,EXPLOITATION,0
public_10,public_10_day_33,33,syn_e47ce1bf335b859bc695eba30b036973,syn_6fae297670a62d433323bf1c97f56f9b,FEASIBLE,0.0,1.0,EXPLOITATION,0
public_10,public_10_day_33,33,syn_aafea598a05555fd8a0331cd77bf3d1b,syn_00a292432ca19ea1d82f9d7dee556e20,FEASIBLE,0.0,1.0,EXPLOITATION,0
public_10,public_10_day_33,33,syn_aafea598a05555fd8a0331cd77bf3d1b,syn_1fa0f9be55fad34f21fa1c78bcc75823,FEASIBLE,0.0,1.0,EXPLORATION,0
public_10,public_10_day_33,33,syn_aafea598a05555fd8a0331cd77bf3d1b,syn_6fae297670a62d433323bf1c97f56f9b,FEASIBLE,0.0,1.0,EXPLOITATION,0
public_10,public_10_day_33,33,syn_aafea598a05555fd8a0331cd77bf3d1b,syn_b875287926cc310b79c882e91dcb2892,FEASIBLE,0.0,1.0,EXPLOITATION,0
public_10,public_10_day_33,33,syn_aafea598a05555fd8a0331cd77bf3d1b,syn_04f963f5220053f9161754484ba31633,FEASIBLE,0.0,1.0,EXPLOITATION,0
public_10,public_10_day_33,33,syn_8004e1549c802a6b7a454f9afffc1479,syn_89b307713d8898967b949ee364b9c9c2,FEASIBLE,0.0,1.0,EXPLOITATION,0
public_10,public_10_day_33,33,syn_42d6624b007f9dadc90a65025826c2af,syn_71ab4eb8e49081b34c2d7519496eb3aa,FEASIBLE,0.0,1.0,EXPLORATION,0
public_10,public_10_day_33,33,syn_f74fd02a69d26a14e5a77cb07ec0630f,syn_2cf4a622e93de4862bf406fbe9968660,FEASIBLE,0.0,1.0,EXPLORATION,0
public_10,public_10_day_33,33,syn_6a8b7f19205f77e0079c06f343b179f9,syn_2cf4a622e93de4862bf406fbe9968660,FEASIBLE,0.0,1.0,EXPLORATION,0
public_10,public_10_day_33,33,syn_2ae6428fe8d0787376fe540dbd83a9e1,syn_00a292432ca19ea1d82f9d7dee556e20,FEASIBLE,0.0,1.0,EXPLOITATION,0
public_10,public_10_day_33,33,syn_2ae6428fe8d0787376fe540dbd83a9e1,syn_b875287926cc310b79c882e91dcb2892,FEASIBLE,0.0,1.0,EXPLORATION,0
public_10,public_10_day_33,33,syn_2bd0bc113015a61a34579ec7d3cfa18f,syn_022af7d17ed9947190143ccd3b849cd3,FEASIBLE,0.0,1.0,EXPLOITATION,0
public_10,public_10_day_33,33,syn_260c5622d51b36a6045a69b534807038,syn_71ab4eb8e49081b34c2d7519496eb3aa,FEASIBLE,0.0,1.0,EXPLORATION,0
public_10,public_10_day_33,33,syn_714f9712b4b94edc26dfda9b98d3a5da,syn_76fd573a948b554f3ebee57b8874c057,FEASIBLE,0.0,1.0,EXPLORATION,0
public_10,public_10_day_34,34,syn_b92c1b66c29e9bbda64a8a27d704a49e,syn_71f3eb1ca39613e5c06707f0fe673d52,FEASIBLE,1.0,1.0,EXPLOITATION,1
public_10,public_10_day_34,34,syn_6a8b7f19205f77e0079c06f343b179f9,syn_36a6a073237ca17cc85d34b97234c35c,FEASIBLE,1.0,1.0,EXPLOITATION,1
public_10,public_10_day_34,34,syn_8004e1549c802a6b7a454f9afffc1479,syn_a2636682040b5f9e5612d711743d5a8e,FEASIBLE,0.7,1.0,EXPLOITATION,1
public_10,public_10_day_34,34,syn_2bd0bc113015a61a34579ec7d3cfa18f,syn_b50b420bc580e1d9e03e64fd62d0a6f1,FEASIBLE,0.5499999999999999,1.0,EXPLOITATION,1
public_10,public_10_day_34,34,syn_33218a5ec81d850bee668de6aac93a05,syn_5f14e9567ba0f208b00430bb476fc6fc,FEASIBLE,0.5,1.0,EXPLOITATION,1
public_10,public_10_day_34,34,syn_f53c9fb43874da5040cb430163ee338e,syn_8dd6339d4267512f971ae9c93ba79a33,FEASIBLE,0.5,1.0,EXPLOITATION,1
public_10,public_10_day_34,34,syn_9ab353464f583bd46641af0a05e39f27,syn_1fa0f9be55fad34f21fa1c78bcc75823,FEASIBLE,0.5,1.0,EXPLOITATION,1
public_10,public_10_day_34,34,syn_4d4039deb870661a489ded51c2e01c2d,syn_76fd573a948b554f3ebee57b8874c057,FEASIBLE,0.30000000000000004,1.0,EXPLOITATION,1
public_10,public_10_day_34,34,syn_0142765f71da4f470ea933199686004e,syn_2cf4a622e93de4862bf406fbe9968660,FEASIBLE,0.2,1.0,EXPLOITATION,1
public_10,public_10_day_34,34,syn_a72369d69b77313b62eb9cf310987623,syn_4550325028612805cbf17f2710057234,FEASIBLE,0.0,1.0,EXPLOITATION,1
public_10,public_10_day_34,34,syn_e47ce1bf335b859bc695eba30b036973,syn_7665278eebe7b6a88233a61f735661c4,FEASIBLE,0.0,1.0,EXPLOITATION,1
public_10,public_10_day_34,34,syn_82e48d89b5e9fb6839d31933fbfee9dc,syn_eb8368f49afc9d7d00ecc48c4d3de4ce,FEASIBLE,0.0,1.0,EXPLOITATION,1
public_10,public_10_day_34,34,syn_aafea598a05555fd8a0331cd77bf3d1b,syn_2ae6428fe8d0787376fe540dbd83a9e1,FEASIBLE,0.0,1.0,EXPLOITATION,1
public_10,public_10_day_34,34,syn_42d6624b007f9dadc90a65025826c2af,syn_260c5622d51b36a6045a69b534807038,FEASIBLE,0.0,1.0,EXPLOITATION,1
public_10,public_10_day_34,34,syn_fb677458ed9ef553765b0355a8ca1d87,syn_89b307713d8898967b949ee364b9c9c2,FEASIBLE,0.0,1.0,EXPLOITATION,1
public_10,public_10_day_34,34,syn_fe63aea00d57f05275dfa1b39efa721e,syn_3c198d961c739a549da7c314447558ec,FEASIBLE,0.0,1.0,EXPLOITATION,1
public_10,public_10_day_34,34,syn_00a292432ca19ea1d82f9d7dee556e20,syn_b875287926cc310b79c882e91dcb2892,FEASIBLE,0.0,1.0,EXPLOITATION,1
public_10,public_10_day_34,34,syn_ecbf5233371e2318fb6924c4f6c75877,syn_022af7d17ed9947190143ccd3b849cd3,FEASIBLE,0.0,1.0,EXPLOITATION,1
public_10,public_10_day_34,34,syn_26dd18a4132bd025090300e446cf7bda,syn_3d9aa8f2b2f0e82cb4712e749d6a1225,FEASIBLE,0.0,1.0,EXPLOITATION,1
public_10,public_10_day_34,34,syn_39f48c4c50343606770faa51e54c63fa,syn_a2eb656ba08d83bd383536f1df7c20dc,FEASIBLE,0.0,1.0,EXPLOITATION,1
public_10,public_10_day_34,34,syn_60757875c23e938767f7c422caa6e51f,syn_71f3eb1ca39613e5c06707f0fe673d52,FEASIBLE,1.0,1.0,EXPLORATION,0
public_10,public_10_day_34,34,syn_4550325028612805cbf17f2710057234,syn_2bd0bc113015a61a34579ec7d3cfa18f,FEASIBLE,0.39999999999999997,1.0,EXPLORATION,0
public_10,public_10_day_34,34,syn_fb677458ed9ef553765b0355a8ca1d87,syn_a2636682040b5f9e5612d711743d5a8e,FEASIBLE,0.30000000000000004,1.0,EXPLOITATION,0
public_10,public_10_day_34,34,syn_f74fd02a69d26a14e5a77cb07ec0630f,syn_5f14e9567ba0f208b00430bb476fc6fc,FEASIBLE,0.3,1.0,EXPLORATION,0
public_10,public_10_day_34,34,syn_a72369d69b77313b62eb9cf310987623,syn_022af7d17ed9947190143ccd3b849cd3,FEASIBLE,0.0,1.0,EXPLOITATION,0
public_10,public_10_day_34,34,syn_e47ce1bf335b859bc695eba30b036973,syn_6fae297670a62d433323bf1c97f56f9b,FEASIBLE,0.0,1.0,EXPLOITATION,0
public_10,public_10_day_34,34,syn_aafea598a05555fd8a0331cd77bf3d1b,syn_00a292432ca19ea1d82f9d7dee556e20,FEASIBLE,0.0,1.0,EXPLOITATION,0
public_10,public_10_day_34,34,syn_aafea598a05555fd8a0331cd77bf3d1b,syn_1fa0f9be55fad34f21fa1c78bcc75823,FEASIBLE,0.0,1.0,EXPLORATION,0
public_10,public_10_day_34,34,syn_aafea598a05555fd8a0331cd77bf3d1b,syn_6fae297670a62d433323bf1c97f56f9b,FEASIBLE,0.0,1.0,EXPLOITATION,0
public_10,public_10_day_34,34,syn_aafea598a05555fd8a0331cd77bf3d1b,syn_b875287926cc310b79c882e91dcb2892,FEASIBLE,0.0,1.0,EXPLOITATION,0
public_10,public_10_day_34,34,syn_aafea598a05555fd8a0331cd77bf3d1b,syn_04f963f5220053f9161754484ba31633,FEASIBLE,0.0,1.0,EXPLOITATION,0
public_10,public_10_day_34,34,syn_8004e1549c802a6b7a454f9afffc1479,syn_89b307713d8898967b949ee364b9c9c2,FEASIBLE,0.0,1.0,EXPLOITATION,0
public_10,public_10_day_34,34,syn_42d6624b007f9dadc90a65025826c2af,syn_71ab4eb8e49081b34c2d7519496eb3aa,FEASIBLE,0.0,1.0,EXPLORATION,0
public_10,public_10_day_34,34,syn_f74fd02a69d26a14e5a77cb07ec0630f,syn_2cf4a622e93de4862bf406fbe9968660,FEASIBLE,0.0,1.0,EXPLORATION,0
public_10,public_10_day_34,34,syn_6a8b7f19205f77e0079c06f343b179f9,syn_2cf4a622e93de4862bf406fbe9968660,FEASIBLE,0.0,1.0,EXPLORATION,0
public_10,public_10_day_34,34,syn_2ae6428fe8d0787376fe540dbd83a9e1,syn_00a292432ca19ea1d82f9d7dee556e20,FEASIBLE,0.0,1.0,EXPLOITATION,0
public_10,public_10_day_34,34,syn_2ae6428fe8d0787376fe540dbd83a9e1,syn_b875287926cc310b79c882e91dcb2892,FEASIBLE,0.0,1.0,EXPLORATION,0
public_10,public_10_day_34,34,syn_2bd0bc113015a61a34579ec7d3cfa18f,syn_022af7d17ed9947190143ccd3b849cd3,FEASIBLE,0.0,1.0,EXPLOITATION,0
public_10,public_10_day_34,34,syn_260c5622d51b36a6045a69b534807038,syn_71ab4eb8e49081b34c2d7519496eb3aa,FEASIBLE,0.0,1.0,EXPLORATION,0
public_10,public_10_day_34,34,syn_714f9712b4b94edc26dfda9b98d3a5da,syn_76fd573a948b554f3ebee57b8874c057,FEASIBLE,0.0,1.0,EXPLORATION,0
public_10,public_10_day_35,35,syn_b92c1b66c29e9bbda64a8a27d704a49e,syn_71f3eb1ca39613e5c06707f0fe673d52,FEASIBLE,1.0,1.0,EXPLOITATION,1
public_10,public_10_day_35,35,syn_6a8b7f19205f77e0079c06f343b179f9,syn_36a6a073237ca17cc85d34b97234c35c,FEASIBLE,1.0,1.0,EXPLOITATION,1
public_10,public_10_day_35,35,syn_8004e1549c802a6b7a454f9afffc1479,syn_a2636682040b5f9e5612d711743d5a8e,FEASIBLE,0.7,1.0,EXPLOITATION,1
public_10,public_10_day_35,35,syn_2bd0bc113015a61a34579ec7d3cfa18f,syn_b50b420bc580e1d9e03e64fd62d0a6f1,FEASIBLE,0.5499999999999999,1.0,EXPLOITATION,1
public_10,public_10_day_35,35,syn_33218a5ec81d850bee668de6aac93a05,syn_5f14e9567ba0f208b00430bb476fc6fc,FEASIBLE,0.5,1.0,EXPLOITATION,1
public_10,public_10_day_35,35,syn_f53c9fb43874da5040cb430163ee338e,syn_8dd6339d4267512f971ae9c93ba79a33,FEASIBLE,0.5,1.0,EXPLOITATION,1
public_10,public_10_day_35,35,syn_9ab353464f583bd46641af0a05e39f27,syn_1fa0f9be55fad34f21fa1c78bcc75823,FEASIBLE,0.5,1.0,EXPLOITATION,1
public_10,public_10_day_35,35,syn_3026c699639e3e6348676dcc6d650cc9,syn_4118efebeb5bffb1d97c676086799fca,FEASIBLE,0.35,1.0,EXPLOITATION,1
public_10,public_10_day_35,35,syn_4d4039deb870661a489ded51c2e01c2d,syn_76fd573a948b554f3ebee57b8874c057,FEASIBLE,0.30000000000000004,1.0,EXPLOITATION,1
public_10,public_10_day_35,35,syn_0142765f71da4f470ea933199686004e,syn_2cf4a622e93de4862bf406fbe9968660,FEASIBLE,0.2,1.0,EXPLOITATION,1
public_10,public_10_day_35,35,syn_0f4034ae56ee969b3bce8239dea9bf28,syn_2c41f4560363cf4a91985306f3e708c5,FEASIBLE,0.15000000000000002,1.0,EXPLORATION,1
public_10,public_10_day_35,35,syn_a72369d69b77313b62eb9cf310987623,syn_4550325028612805cbf17f2710057234,FEASIBLE,0.0,1.0,EXPLOITATION,1
public_10,public_10_day_35,35,syn_e47ce1bf335b859bc695eba30b036973,syn_7665278eebe7b6a88233a61f735661c4,FEASIBLE,0.0,1.0,EXPLOITATION,1
public_10,public_10_day_35,35,syn_82e48d89b5e9fb6839d31933fbfee9dc,syn_eb8368f49afc9d7d00ecc48c4d3de4ce,FEASIBLE,0.0,1.0,EXPLOITATION,1
public_10,public_10_day_35,35,syn_aafea598a05555fd8a0331cd77bf3d1b,syn_2ae6428fe8d0787376fe540dbd83a9e1,FEASIBLE,0.0,1.0,EXPLOITATION,1
public_10,public_10_day_35,35,syn_42d6624b007f9dadc90a65025826c2af,syn_260c5622d51b36a6045a69b534807038,FEASIBLE,0.0,1.0,EXPLOITATION,1
public_10,public_10_day_35,35,syn_fb677458ed9ef553765b0355a8ca1d87,syn_89b307713d8898967b949ee364b9c9c2,FEASIBLE,0.0,1.0,EXPLOITATION,1
public_10,public_10_day_35,35,syn_fe63aea00d57f05275dfa1b39efa721e,syn_3c198d961c739a549da7c314447558ec,FEASIBLE,0.0,1.0,EXPLOITATION,1
public_10,public_10_day_35,35,syn_00a292432ca19ea1d82f9d7dee556e20,syn_b875287926cc310b79c882e91dcb2892,FEASIBLE,0.0,1.0,EXPLOITATION,1
public_10,public_10_day_35,35,syn_ecbf5233371e2318fb6924c4f6c75877,syn_022af7d17ed9947190143ccd3b849cd3,FEASIBLE,0.0,1.0,EXPLOITATION,1
public_10,public_10_day_35,35,syn_26dd18a4132bd025090300e446cf7bda,syn_3d9aa8f2b2f0e82cb4712e749d6a1225,FEASIBLE,0.0,1.0,EXPLOITATION,1
public_10,public_10_day_35,35,syn_39f48c4c50343606770faa51e54c63fa,syn_a2eb656ba08d83bd383536f1df7c20dc,FEASIBLE,0.0,1.0,EXPLOITATION,1
public_10,public_10_day_35,35,syn_60757875c23e938767f7c422caa6e51f,syn_71f3eb1ca39613e5c06707f0fe673d52,FEASIBLE,1.0,1.0,EXPLORATION,0
public_10,public_10_day_35,35,syn_4550325028612805cbf17f2710057234,syn_2bd0bc113015a61a34579ec7d3cfa18f,FEASIBLE,0.39999999999999997,1.0,EXPLORATION,0
public_10,public_10_day_35,35,syn_fb677458ed9ef553765b0355a8ca1d87,syn_a2636682040b5f9e5612d711743d5a8e,FEASIBLE,0.30000000000000004,1.0,EXPLOITATION,0
public_10,public_10_day_35,35,syn_f74fd02a69d26a14e5a77cb07ec0630f,syn_5f14e9567ba0f208b00430bb476fc6fc,FEASIBLE,0.3,1.0,EXPLORATION,0
public_10,public_10_day_35,35,syn_2c41f4560363cf4a91985306f3e708c5,syn_6a8b7f19205f77e0079c06f343b179f9,FEASIBLE,0.05,1.0,EXPLORATION,0
public_10,public_10_day_35,35,syn_a72369d69b77313b62eb9cf310987623,syn_4118efebeb5bffb1d97c676086799fca,FEASIBLE,0.0,1.0,EXPLOITATION,0
public_10,public_10_day_35,35,syn_a72369d69b77313b62eb9cf310987623,syn_022af7d17ed9947190143ccd3b849cd3,FEASIBLE,0.0,1.0,EXPLOITATION,0
public_10,public_10_day_35,35,syn_e47ce1bf335b859bc695eba30b036973,syn_6fae297670a62d433323bf1c97f56f9b,FEASIBLE,0.0,1.0,EXPLOITATION,0
public_10,public_10_day_35,35,syn_aafea598a05555fd8a0331cd77bf3d1b,syn_00a292432ca19ea1d82f9d7dee556e20,FEASIBLE,0.0,1.0,EXPLOITATION,0
public_10,public_10_day_35,35,syn_aafea598a05555fd8a0331cd77bf3d1b,syn_1fa0f9be55fad34f21fa1c78bcc75823,FEASIBLE,0.0,1.0,EXPLORATION,0
public_10,public_10_day_35,35,syn_aafea598a05555fd8a0331cd77bf3d1b,syn_6fae297670a62d433323bf1c97f56f9b,FEASIBLE,0.0,1.0,EXPLOITATION,0
public_10,public_10_day_35,35,syn_aafea598a05555fd8a0331cd77bf3d1b,syn_b875287926cc310b79c882e91dcb2892,FEASIBLE,0.0,1.0,EXPLOITATION,0
public_10,public_10_day_35,35,syn_aafea598a05555fd8a0331cd77bf3d1b,syn_04f963f5220053f9161754484ba31633,FEASIBLE,0.0,1.0,EXPLOITATION,0
public_10,public_10_day_35,35,syn_8004e1549c802a6b7a454f9afffc1479,syn_89b307713d8898967b949ee364b9c9c2,FEASIBLE,0.0,1.0,EXPLOITATION,0
public_10,public_10_day_35,35,syn_42d6624b007f9dadc90a65025826c2af,syn_71ab4eb8e49081b34c2d7519496eb3aa,FEASIBLE,0.0,1.0,EXPLORATION,0
public_10,public_10_day_35,35,syn_f74fd02a69d26a14e5a77cb07ec0630f,syn_2cf4a622e93de4862bf406fbe9968660,FEASIBLE,0.0,1.0,EXPLORATION,0
public_10,public_10_day_35,35,syn_6a8b7f19205f77e0079c06f343b179f9,syn_2cf4a622e93de4862bf406fbe9968660,FEASIBLE,0.0,1.0,EXPLORATION,0
public_10,public_10_day_35,35,syn_2ae6428fe8d0787376fe540dbd83a9e1,syn_00a292432ca19ea1d82f9d7dee556e20,FEASIBLE,0.0,1.0,EXPLOITATION,0
public_10,public_10_day_35,35,syn_2ae6428fe8d0787376fe540dbd83a9e1,syn_b875287926cc310b79c882e91dcb2892,FEASIBLE,0.0,1.0,EXPLORATION,0
public_10,public_10_day_35,35,syn_4118efebeb5bffb1d97c676086799fca,syn_a2636682040b5f9e5612d711743d5a8e,FEASIBLE,0.0,1.0,EXPLOITATION,0
public_10,public_10_day_35,35,syn_4118efebeb5bffb1d97c676086799fca,syn_3c198d961c739a549da7c314447558ec,FEASIBLE,0.0,1.0,EXPLOITATION,0
public_10,public_10_day_35,35,syn_4118efebeb5bffb1d97c676086799fca,syn_8e1ee09df978c54386bee0deebbbb0db,FEASIBLE,0.0,1.0,EXPLORATION,0
public_10,public_10_day_35,35,syn_2bd0bc113015a61a34579ec7d3cfa18f,syn_022af7d17ed9947190143ccd3b849cd3,FEASIBLE,0.0,1.0,EXPLOITATION,0
public_10,public_10_day_35,35,syn_260c5622d51b36a6045a69b534807038,syn_71ab4eb8e49081b34c2d7519496eb3aa,FEASIBLE,0.0,1.0,EXPLORATION,0
public_10,public_10_day_35,35,syn_714f9712b4b94edc26dfda9b98d3a5da,syn_76fd573a948b554f3ebee57b8874c057,FEASIBLE,0.0,1.0,EXPLORATION,0
public_10,public_10_day_36,36,syn_b92c1b66c29e9bbda64a8a27d704a49e,syn_71f3eb1ca39613e5c06707f0fe673d52,FEASIBLE,1.0,1.0,EXPLOITATION,1
public_10,public_10_day_36,36,syn_6a8b7f19205f77e0079c06f343b179f9,syn_36a6a073237ca17cc85d34b97234c35c,FEASIBLE,1.0,1.0,EXPLOITATION,1
public_10,public_10_day_36,36,syn_2c41f4560363cf4a91985306f3e708c5,syn_f9226f603076fe6965d21526c1b71669,FEASIBLE,0.85,1.0,EXPLOITATION,1
public_10,public_10_day_36,36,syn_8004e1549c802a6b7a454f9afffc1479,syn_a2636682040b5f9e5612d711743d5a8e,FEASIBLE,0.7,1.0,EXPLOITATION,1
public_10,public_10_day_36,36,syn_2bd0bc113015a61a34579ec7d3cfa18f,syn_b50b420bc580e1d9e03e64fd62d0a6f1,FEASIBLE,0.5499999999999999,1.0,EXPLOITATION,1
public_10,public_10_day_36,36,syn_33218a5ec81d850bee668de6aac93a05,syn_5f14e9567ba0f208b00430bb476fc6fc,FEASIBLE,0.5,1.0,EXPLOITATION,1
public_10,public_10_day_36,36,syn_3026c699639e3e6348676dcc6d650cc9,syn_08c8959211b0ecd44286ad82daec2c78,FEASIBLE,0.5,1.0,EXPLOITATION,1
public_10,public_10_day_36,36,syn_f53c9fb43874da5040cb430163ee338e,syn_8dd6339d4267512f971ae9c93ba79a33,FEASIBLE,0.5,1.0,EXPLOITATION,1
public_10,public_10_day_36,36,syn_9ab353464f583bd46641af0a05e39f27,syn_1fa0f9be55fad34f21fa1c78bcc75823,FEASIBLE,0.5,1.0,EXPLOITATION,1
public_10,public_10_day_36,36,syn_4d4039deb870661a489ded51c2e01c2d,syn_76fd573a948b554f3ebee57b8874c057,FEASIBLE,0.30000000000000004,1.0,EXPLOITATION,1
public_10,public_10_day_36,36,syn_a17752a2f68f8ad7d1a4988b602f4345,syn_a10a0f33bed613eab3c39579cfb95fd7,FEASIBLE,0.3,1.0,EXPLOITATION,1
public_10,public_10_day_36,36,syn_0142765f71da4f470ea933199686004e,syn_2cf4a622e93de4862bf406fbe9968660,FEASIBLE,0.2,1.0,EXPLOITATION,1
public_10,public_10_day_36,36,syn_a72369d69b77313b62eb9cf310987623,syn_4550325028612805cbf17f2710057234,FEASIBLE,0.0,1.0,EXPLOITATION,1
public_10,public_10_day_36,36,syn_e47ce1bf335b859bc695eba30b036973,syn_7665278eebe7b6a88233a61f735661c4,FEASIBLE,0.0,1.0,EXPLOITATION,1
public_10,public_10_day_36,36,syn_82e48d89b5e9fb6839d31933fbfee9dc,syn_eb8368f49afc9d7d00ecc48c4d3de4ce,FEASIBLE,0.0,1.0,EXPLOITATION,1
public_10,public_10_day_36,36,syn_aafea598a05555fd8a0331cd77bf3d1b,syn_2ae6428fe8d0787376fe540dbd83a9e1,FEASIBLE,0.0,1.0,EXPLOITATION,1
public_10,public_10_day_36,36,syn_42d6624b007f9dadc90a65025826c2af,syn_260c5622d51b36a6045a69b534807038,FEASIBLE,0.0,1.0,EXPLOITATION,1
public_10,public_10_day_36,36,syn_fb677458ed9ef553765b0355a8ca1d87,syn_89b307713d8898967b949ee364b9c9c2,FEASIBLE,0.0,1.0,EXPLOITATION,1
public_10,public_10_day_36,36,syn_4118efebeb5bffb1d97c676086799fca,syn_3c198d961c739a549da7c314447558ec,FEASIBLE,0.0,1.0,EXPLOITATION,1
public_10,public_10_day_36,36,syn_00a292432ca19ea1d82f9d7dee556e20,syn_b875287926cc310b79c882e91dcb2892,FEASIBLE,0.0,1.0,EXPLOITATION,1
public_10,public_10_day_36,36,syn_ecbf5233371e2318fb6924c4f6c75877,syn_022af7d17ed9947190143ccd3b849cd3,FEASIBLE,0.0,1.0,EXPLOITATION,1
public_10,public_10_day_36,36,syn_26dd18a4132bd025090300e446cf7bda,syn_3d9aa8f2b2f0e82cb4712e749d6a1225,FEASIBLE,0.0,1.0,EXPLOITATION,1
public_10,public_10_day_36,36,syn_39f48c4c50343606770faa51e54c63fa,syn_a2eb656ba08d83bd383536f1df7c20dc,FEASIBLE,0.0,1.0,EXPLOITATION,1
public_10,public_10_day_36,36,syn_60757875c23e938767f7c422caa6e51f,syn_71f3eb1ca39613e5c06707f0fe673d52,FEASIBLE,1.0,1.0,EXPLORATION,0
public_10,public_10_day_36,36,syn_a17752a2f68f8ad7d1a4988b602f4345,syn_f9226f603076fe6965d21526c1b71669,FEASIBLE,0.85,1.0,EXPLOITATION,0
public_10,public_10_day_36,36,syn_4550325028612805cbf17f2710057234,syn_2bd0bc113015a61a34579ec7d3cfa18f,FEASIBLE,0.39999999999999997,1.0,EXPLORATION,0
public_10,public_10_day_36,36,syn_3026c699639e3e6348676dcc6d650cc9,syn_4118efebeb5bffb1d97c676086799fca,FEASIBLE,0.35,1.0,EXPLOITATION,0
public_10,public_10_day_36,36,syn_fb677458ed9ef553765b0355a8ca1d87,syn_a2636682040b5f9e5612d711743d5a8e,FEASIBLE,0.30000000000000004,1.0,EXPLOITATION,0
public_10,public_10_day_36,36,syn_f74fd02a69d26a14e5a77cb07ec0630f,syn_5f14e9567ba0f208b00430bb476fc6fc,FEASIBLE,0.3,1.0,EXPLORATION,0
public_10,public_10_day_36,36,syn_0f4034ae56ee969b3bce8239dea9bf28,syn_2c41f4560363cf4a91985306f3e708c5,FEASIBLE,0.15000000000000002,1.0,EXPLOITATION,0
public_10,public_10_day_36,36,syn_08c8959211b0ecd44286ad82daec2c78,syn_b50b420bc580e1d9e03e64fd62d0a6f1,FEASIBLE,0.15,1.0,EXPLOITATION,0
public_10,public_10_day_36,36,syn_2c41f4560363cf4a91985306f3e708c5,syn_6a8b7f19205f77e0079c06f343b179f9,FEASIBLE,0.05,1.0,EXPLORATION,0
public_10,public_10_day_36,36,syn_a72369d69b77313b62eb9cf310987623,syn_4118efebeb5bffb1d97c676086799fca,FEASIBLE,0.0,1.0,EXPLOITATION,0
public_10,public_10_day_36,36,syn_a72369d69b77313b62eb9cf310987623,syn_022af7d17ed9947190143ccd3b849cd3,FEASIBLE,0.0,1.0,EXPLOITATION,0
public_10,public_10_day_36,36,syn_e47ce1bf335b859bc695eba30b036973,syn_6fae297670a62d433323bf1c97f56f9b,FEASIBLE,0.0,1.0,EXPLOITATION,0
public_10,public_10_day_36,36,syn_aafea598a05555fd8a0331cd77bf3d1b,syn_00a292432ca19ea1d82f9d7dee556e20,FEASIBLE,0.0,1.0,EXPLOITATION,0
public_10,public_10_day_36,36,syn_aafea598a05555fd8a0331cd77bf3d1b,syn_1fa0f9be55fad34f21fa1c78bcc75823,FEASIBLE,0.0,1.0,EXPLORATION,0
public_10,public_10_day_36,36,syn_aafea598a05555fd8a0331cd77bf3d1b,syn_6fae297670a62d433323bf1c97f56f9b,FEASIBLE,0.0,1.0,EXPLOITATION,0
public_10,public_10_day_36,36,syn_aafea598a05555fd8a0331cd77bf3d1b,syn_b875287926cc310b79c882e91dcb2892,FEASIBLE,0.0,1.0,EXPLOITATION,0
public_10,public_10_day_36,36,syn_aafea598a05555fd8a0331cd77bf3d1b,syn_04f963f5220053f9161754484ba31633,FEASIBLE,0.0,1.0,EXPLOITATION,0
public_10,public_10_day_36,36,syn_8004e1549c802a6b7a454f9afffc1479,syn_89b307713d8898967b949ee364b9c9c2,FEASIBLE,0.0,1.0,EXPLOITATION,0
public_10,public_10_day_36,36,syn_42d6624b007f9dadc90a65025826c2af,syn_71ab4eb8e49081b34c2d7519496eb3aa,FEASIBLE,0.0,1.0,EXPLORATION,0
public_10,public_10_day_36,36,syn_f74fd02a69d26a14e5a77cb07ec0630f,syn_2cf4a622e93de4862bf406fbe9968660,FEASIBLE,0.0,1.0,EXPLORATION,0
public_10,public_10_day_36,36,syn_6a8b7f19205f77e0079c06f343b179f9,syn_2cf4a622e93de4862bf406fbe9968660,FEASIBLE,0.0,1.0,EXPLORATION,0
public_10,public_10_day_36,36,syn_2ae6428fe8d0787376fe540dbd83a9e1,syn_00a292432ca19ea1d82f9d7dee556e20,FEASIBLE,0.0,1.0,EXPLOITATION,0
public_10,public_10_day_36,36,syn_2ae6428fe8d0787376fe540dbd83a9e1,syn_b875287926cc310b79c882e91dcb2892,FEASIBLE,0.0,1.0,EXPLORATION,0
public_10,public_10_day_36,36,syn_4550325028612805cbf17f2710057234,syn_08c8959211b0ecd44286ad82daec2c78,FEASIBLE,0.0,1.0,EXPLORATION,0
public_10,public_10_day_36,36,syn_a17752a2f68f8ad7d1a4988b602f4345,syn_26dd18a4132bd025090300e446cf7bda,FEASIBLE,0.0,1.0,EXPLORATION,0
public_10,public_10_day_36,36,syn_a17752a2f68f8ad7d1a4988b602f4345,syn_280ed2ee4e8e69969aba90ad77844c04,FEASIBLE,0.0,1.0,EXPLORATION,0
public_10,public_10_day_36,36,syn_ac7adb59d76e0765d34bb88a00ac664b,syn_08c8959211b0ecd44286ad82daec2c78,FEASIBLE,0.0,1.0,EXPLOITATION,0
public_10,public_10_day_36,36,syn_4118efebeb5bffb1d97c676086799fca,syn_a2636682040b5f9e5612d711743d5a8e,FEASIBLE,0.0,1.0,EXPLOITATION,0
public_10,public_10_day_36,36,syn_4118efebeb5bffb1d97c676086799fca,syn_8e1ee09df978c54386bee0deebbbb0db,FEASIBLE,0.0,1.0,EXPLORATION,0
public_10,public_10_day_36,36,syn_fe63aea00d57f05275dfa1b39efa721e,syn_3c198d961c739a549da7c314447558ec,FEASIBLE,0.0,1.0,EXPLOITATION,0
public_10,public_10_day_36,36,syn_f9226f603076fe6965d21526c1b71669,syn_26dd18a4132bd025090300e446cf7bda,FEASIBLE,0.0,1.0,EXPLORATION,0
public_10,public_10_day_36,36,syn_2bd0bc113015a61a34579ec7d3cfa18f,syn_022af7d17ed9947190143ccd3b849cd3,FEASIBLE,0.0,1.0,EXPLOITATION,0
public_10,public_10_day_36,36,syn_f0f19dd9848ef26b610a53e071941f92,syn_08c8959211b0ecd44286ad82daec2c78,FEASIBLE,0.0,1.0,EXPLOITATION,0
public_10,public_10_day_36,36,syn_260c5622d51b36a6045a69b534807038,syn_71ab4eb8e49081b34c2d7519496eb3aa,FEASIBLE,0.0,1.0,EXPLORATION,0
public_10,public_10_day_36,36,syn_022af7d17ed9947190143ccd3b849cd3,syn_08c8959211b0ecd44286ad82daec2c78,FEASIBLE,0.0,1.0,EXPLOITATION,0
public_10,public_10_day_36,36,syn_714f9712b4b94edc26dfda9b98d3a5da,syn_76fd573a948b554f3ebee57b8874c057,FEASIBLE,0.0,1.0,EXPLORATION,0
