member_id,age,gender,city,synthetic,qa_age_range,qa_conversations,qa_emotional_availability,qa_gender,qa_has_children,qa_lifestyle,qa_location,qa_partner_children,qa_partner_smoking,qa_relationship_goal,qa_relationship_pace,qa_relationship_structure,qa_relocate,qa_schedule,qa_smoking,qa_space_for_relationship,qa_wants_children,qa_who_to_meet,questionnaire_answers_json
syn_495db021ac8d1a7e14d1734c7eab475c,30,man,zone_b,True,27-34,stories,,man,No,,zone_b,Prefer not to,Open to it,,,Monogamous,,weekday_evening,No,,I do not want children,non-binary people,"{""age_range"": ""27-34"", ""conversations"": ""stories"", ""gender"": ""man"", ""has_children"": ""No"", ""location"": ""zone_b"", ""partner_children"": ""Prefer not to"", ""partner_smoking"": ""Open to it"", ""relationship_structure"": ""Monogamous"", ""schedule"": ""weekday_evening"", ""smoking"": ""No"", ""wants_children"": ""I do not want children"", ""who_to_meet"": ""non-binary people""}"
syn_12132054e427adf98a100257da7965d8,23,man,zone_b,True,,ideas,,man,,,zone_b,,,exploring,,,,,,,,,"{""conversations"": ""ideas"", ""gender"": ""man"", ""location"": ""zone_b"", ""relationship_goal"": ""exploring""}"
syn_1cacf95190182047d6646057b35ee94e,37,man,zone_a,True,,,,man,No,,zone_a,,,,,,,,No,,,,"{""gender"": ""man"", ""has_children"": ""No"", ""location"": ""zone_a"", ""smoking"": ""No""}"
syn_33d428aa932221ff0207b962000f6cf6,28,man,zone_a,True,22-34,practical,taking_time,man,No,social,zone_a,Prefer not to,Not compatible for me,long_term,quick,Monogamous,yes,"weekend_day, weekday_evening, weekend_evening",Occasionally,limited,I do not want children,men,"{""age_range"": ""22-34"", ""conversations"": ""practical"", ""emotional_availability"": ""taking_time"", ""gender"": ""man"", ""has_children"": ""No"", ""lifestyle"": ""social"", ""location"": ""zone_a"", ""partner_children"": ""Prefer not to"", ""partner_smoking"": ""Not compatible for me"", ""relationship_goal"": ""long_term"", ""relationship_pace"": ""quick"", ""relationship_structure"": ""Monogamous"", ""relocate"": ""yes"", ""schedule"": ""weekend_day, weekday_evening, weekend_evening"", ""smoking"": ""Occasionally"", ""space_for_relationship"": ""limited"", ""wants_children"": ""I do not want children"", ""who_to_meet"": ""men""}"
syn_69f9950eab46dd7b3436e3a03aa0301b,44,woman,zone_a,True,41-52,ideas,taking_time,woman,No,mixed,zone_a,Open to it,Open to it,long_term,quick,Monogamous,yes,"weekend_evening, weekday_evening, weekend_day",No,ample,I do not want children,"women, non-binary people","{""age_range"": ""41-52"", ""conversations"": ""ideas"", ""emotional_availability"": ""taking_time"", ""gender"": ""woman"", ""has_children"": ""No"", ""lifestyle"": ""mixed"", ""location"": ""zone_a"", ""partner_children"": ""Open to it"", ""partner_smoking"": ""Open to it"", ""relationship_goal"": ""long_term"", ""relationship_pace"": ""quick"", ""relationship_structure"": ""Monogamous"", ""relocate"": ""yes"", ""schedule"": ""weekend_evening, weekday_evening, weekend_day"", ""smoking"": ""No"", ""space_for_relationship"": ""ample"", ""wants_children"": ""I do not want children"", ""who_to_meet"": ""women, non-binary people""}"
syn_81cf0c412703e8759c14b0354e824592,23,man,zone_c,True,,,,man,,,zone_c,,Not compatible for me,,,,,,,,,"men, women, non-binary people","{""gender"": ""man"", ""location"": ""zone_c"", ""partner_smoking"": ""Not compatible for me"", ""who_to_meet"": ""men, women, non-binary people""}"
syn_332a5404f56c90fe84a769ae204a9303,29,man,zone_a,True,20-32,ideas,ready,man,No,quiet,zone_a,Open to it,Not compatible for me,exploring,slow,Monogamous,yes,weekday_evening,No,moderate,Unsure,men,"{""age_range"": ""20-32"", ""conversations"": ""ideas"", ""emotional_availability"": ""ready"", ""gender"": ""man"", ""has_children"": ""No"", ""lifestyle"": ""quiet"", ""location"": ""zone_a"", ""partner_children"": ""Open to it"", ""partner_smoking"": ""Not compatible for me"", ""relationship_goal"": ""exploring"", ""relationship_pace"": ""slow"", ""relationship_structure"": ""Monogamous"", ""relocate"": ""yes"", ""schedule"": ""weekday_evening"", ""smoking"": ""No"", ""space_for_relationship"": ""moderate"", ""wants_children"": ""Unsure"", ""who_to_meet"": ""men""}"
syn_3c5e771b9cb09c8832ea4f35cebf5c0b,40,woman,zone_b,True,,,,woman,,,zone_b,,,,steady,Monogamous,,,,,,,"{""gender"": ""woman"", ""location"": ""zone_b"", ""relationship_pace"": ""steady"", ""relationship_structure"": ""Monogamous""}"
syn_3023dea18dda9617724bc8b176cb966c,26,woman,zone_a,True,22-30,,,woman,No,,zone_a,Open to it,Open to it,,,Monogamous,,"weekend_day, weekday_evening",No,,Unsure,women,"{""age_range"": ""22-30"", ""gender"": ""woman"", ""has_children"": ""No"", ""location"": ""zone_a"", ""partner_children"": ""Open to it"", ""partner_smoking"": ""Open to it"", ""relationship_structure"": ""Monogamous"", ""schedule"": ""weekend_day, weekday_evening"", ""smoking"": ""No"", ""wants_children"": ""Unsure"", ""who_to_meet"": ""women""}"
syn_5edbceda2b5e791435e017e7ed2401aa,39,woman,zone_a,True,,,,woman,,,zone_a,,,,,,,,,,,,"{""gender"": ""woman"", ""location"": ""zone_a""}"
syn_e27104440eebfb958a657df911027241,23,man,zone_b,True,,,,man,,,zone_b,,,,,,,,,,,,"{""gender"": ""man"", ""location"": ""zone_b""}"
syn_2e42323df2923602dbfd3a9358004b54,31,woman,zone_c,True,,,,woman,,,zone_c,,,,,Monogamous,,,,,Unsure,,"{""gender"": ""woman"", ""location"": ""zone_c"", ""relationship_structure"": ""Monogamous"", ""wants_children"": ""Unsure""}"
syn_2875981c2a06d02d89c634d507a5ec96,30,woman,zone_b,True,,ideas,,woman,,,zone_b,,,,,,,,,,,non-binary people,"{""conversations"": ""ideas"", ""gender"": ""woman"", ""location"": ""zone_b"", ""who_to_meet"": ""non-binary people""}"
syn_5eb3d5b40d32dfbc17c71dc343e9dac4,26,man,zone_a,True,20-31,ideas,ready,man,No,social,zone_a,Prefer not to,Open to it,long_term,slow,Ethically non-monogamous,unsure,"weekday_evening, weekend_evening",No,ample,Unsure,women,"{""age_range"": ""20-31"", ""conversations"": ""ideas"", ""emotional_availability"": ""ready"", ""gender"": ""man"", ""has_children"": ""No"", ""lifestyle"": ""social"", ""location"": ""zone_a"", ""partner_children"": ""Prefer not to"", ""partner_smoking"": ""Open to it"", ""relationship_goal"": ""long_term"", ""relationship_pace"": ""slow"", ""relationship_structure"": ""Ethically non-monogamous"", ""relocate"": ""unsure"", ""schedule"": ""weekday_evening, weekend_evening"", ""smoking"": ""No"", ""space_for_relationship"": ""ample"", ""wants_children"": ""Unsure"", ""who_to_meet"": ""women""}"
syn_0a6f208259664965821fb5ca42976e06,41,man,zone_b,True,36-46,stories,taking_time,man,No,mixed,zone_b,Open to it,Not compatible for me,exploring,slow,Monogamous,no,"weekday_evening, weekend_day, weekend_evening",No,limited,I would like children,women,"{""age_range"": ""36-46"", ""conversations"": ""stories"", ""emotional_availability"": ""taking_time"", ""gender"": ""man"", ""has_children"": ""No"", ""lifestyle"": ""mixed"", ""location"": ""zone_b"", ""partner_children"": ""Open to it"", ""partner_smoking"": ""Not compatible for me"", ""relationship_goal"": ""exploring"", ""relationship_pace"": ""slow"", ""relationship_structure"": ""Monogamous"", ""relocate"": ""no"", ""schedule"": ""weekday_evening, weekend_day, weekend_evening"", ""smoking"": ""No"", ""space_for_relationship"": ""limited"", ""wants_children"": ""I would like children"", ""who_to_meet"": ""women""}"
syn_7c77dc3fed3c9092d49762509caa5fc6,27,woman,zone_a,True,19-34,playful,taking_time,woman,Yes,social,zone_a,Prefer not to,Open to it,long_term,quick,Monogamous,no,"weekday_evening, weekend_evening",No,moderate,I do not want children,men,"{""age_range"": ""19-34"", ""conversations"": ""playful"", ""emotional_availability"": ""taking_time"", ""gender"": ""woman"", ""has_children"": ""Yes"", ""lifestyle"": ""social"", ""location"": ""zone_a"", ""partner_children"": ""Prefer not to"", ""partner_smoking"": ""Open to it"", ""relationship_goal"": ""long_term"", ""relationship_pace"": ""quick"", ""relationship_structure"": ""Monogamous"", ""relocate"": ""no"", ""schedule"": ""weekday_evening, weekend_evening"", ""smoking"": ""No"", ""space_for_relationship"": ""moderate"", ""wants_children"": ""I do not want children"", ""who_to_meet"": ""men""}"
syn_a72c9a6d703188c5bf395cb08b22a890,35,woman,zone_a,True,28-39,,,woman,Yes,mixed,zone_a,Prefer not to,Open to it,,,Monogamous,,"weekday_evening, weekend_evening, weekend_day",Occasionally,,I would like children,men,"{""age_range"": ""28-39"", ""gender"": ""woman"", ""has_children"": ""Yes"", ""lifestyle"": ""mixed"", ""location"": ""zone_a"", ""partner_children"": ""Prefer not to"", ""partner_smoking"": ""Open to it"", ""relationship_structure"": ""Monogamous"", ""schedule"": ""weekday_evening, weekend_evening, weekend_day"", ""smoking"": ""Occasionally"", ""wants_children"": ""I would like children"", ""who_to_meet"": ""men""}"
syn_306fc796ca44265fedefc3320ee53b4b,23,woman,zone_a,True,18-28,stories,ready,woman,No,quiet,zone_a,Prefer not to,Open to it,long_term,slow,Monogamous,unsure,"weekday_evening, weekend_day",Occasionally,limited,Unsure,women,"{""age_range"": ""18-28"", ""conversations"": ""stories"", ""emotional_availability"": ""ready"", ""gender"": ""woman"", ""has_children"": ""No"", ""lifestyle"": ""quiet"", ""location"": ""zone_a"", ""partner_children"": ""Prefer not to"", ""partner_smoking"": ""Open to it"", ""relationship_goal"": ""long_term"", ""relationship_pace"": ""slow"", ""relationship_structure"": ""Monogamous"", ""relocate"": ""unsure"", ""schedule"": ""weekday_evening, weekend_day"", ""smoking"": ""Occasionally"", ""space_for_relationship"": ""limited"", ""wants_children"": ""Unsure"", ""who_to_meet"": ""women""}"
syn_444e574358cce2b91cb96e20a995c25c,40,man,zone_b,True,,,,man,,,zone_b,Prefer not to,,,,,,,,,,,"{""gender"": ""man"", ""location"": ""zone_b"", ""partner_children"": ""Prefer not to""}"
syn_b890454d3ef6bc5190b0e2321497e5da,41,woman,zone_a,True,35-48,,,woman,No,,zone_a,Prefer not to,Open to it,,,Monogamous,,"weekday_evening, weekend_day, weekend_evening",No,,I would like children,men,"{""age_range"": ""35-48"", ""gender"": ""woman"", ""has_children"": ""No"", ""location"": ""zone_a"", ""partner_children"": ""Prefer not to"", ""partner_smoking"": ""Open to it"", ""relationship_structure"": ""Monogamous"", ""schedule"": ""weekday_evening, weekend_day, weekend_evening"", ""smoking"": ""No"", ""wants_children"": ""I would like children"", ""who_to_meet"": ""men""}"
syn_faabba2f42c662d5b2310f8421129656,32,man,zone_a,True,,,,man,,,zone_a,,,,,,,,,,,,"{""gender"": ""man"", ""location"": ""zone_a""}"
syn_46fdd2c8ce656d8ba2c9ab45c38b2c65,39,man,zone_a,True,33-43,playful,ready,man,No,social,zone_a,Open to it,Open to it,long_term,slow,Monogamous,unsure,"weekend_day, weekend_evening, weekday_evening",No,limited,I do not want children,women,"{""age_range"": ""33-43"", ""conversations"": ""playful"", ""emotional_availability"": ""ready"", ""gender"": ""man"", ""has_children"": ""No"", ""lifestyle"": ""social"", ""location"": ""zone_a"", ""partner_children"": ""Open to it"", ""partner_smoking"": ""Open to it"", ""relationship_goal"": ""long_term"", ""relationship_pace"": ""slow"", ""relationship_structure"": ""Monogamous"", ""relocate"": ""unsure"", ""schedule"": ""weekend_day, weekend_evening, weekday_evening"", ""smoking"": ""No"", ""space_for_relationship"": ""limited"", ""wants_children"": ""I do not want children"", ""who_to_meet"": ""women""}"
syn_adceff5fd708b28f5d24b039075b98ec,46,woman,zone_a,True,42-51,ideas,taking_time,woman,No,quiet,zone_a,Open to it,Open to it,long_term,quick,Monogamous,no,"weekend_evening, weekend_day, weekday_evening",No,moderate,Unsure,"women, non-binary people, men","{""age_range"": ""42-51"", ""conversations"": ""ideas"", ""emotional_availability"": ""taking_time"", ""gender"": ""woman"", ""has_children"": ""No"", ""lifestyle"": ""quiet"", ""location"": ""zone_a"", ""partner_children"": ""Open to it"", ""partner_smoking"": ""Open to it"", ""relationship_goal"": ""long_term"", ""relationship_pace"": ""quick"", ""relationship_structure"": ""Monogamous"", ""relocate"": ""no"", ""schedule"": ""weekend_evening, weekend_day, weekday_evening"", ""smoking"": ""No"", ""space_for_relationship"": ""moderate"", ""wants_children"": ""Unsure"", ""who_to_meet"": ""women, non-binary people, men""}"
syn_445b2af5c8990b5b1d8513bc8c2be415,38,man,zone_a,True,,,,man,,mixed,zone_a,,,,,,,,,,,,"{""gender"": ""man"", ""lifestyle"": ""mixed"", ""location"": ""zone_a""}"
syn_442127e991a6761548f62bbb206a9fe4,32,woman,zone_a,True,28-36,stories,ready,woman,No,mixed,zone_a,Open to it,Open to it,exploring,quick,Ethically non-monogamous,yes,"weekend_evening, weekday_evening",No,ample,Unsure,women,"{""age_range"": ""28-36"", ""conversations"": ""stories"", ""emotional_availability"": ""ready"", ""gender"": ""woman"", ""has_children"": ""No"", ""lifestyle"": ""mixed"", ""location"": ""zone_a"", ""partner_children"": ""Open to it"", ""partner_smoking"": ""Open to it"", ""relationship_goal"": ""exploring"", ""relationship_pace"": ""quick"", ""relationship_structure"": ""Ethically non-monogamous"", ""relocate"": ""yes"", ""schedule"": ""weekend_evening, weekday_evening"", ""smoking"": ""No"", ""space_for_relationship"": ""ample"", ""wants_children"": ""Unsure"", ""who_to_meet"": ""women""}"
syn_80afc8009ee8eec6852897531fe747d3,40,man,zone_a,True,,,,man,,quiet,zone_a,,Open to it,,,,,"weekend_day, weekend_evening, weekday_evening",,,,,"{""gender"": ""man"", ""lifestyle"": ""quiet"", ""location"": ""zone_a"", ""partner_smoking"": ""Open to it"", ""schedule"": ""weekend_day, weekend_evening, weekday_evening""}"
syn_e3807185505796658e994bb23321f9e6,29,man,zone_a,True,,,,man,,,zone_a,,,,,,,,,,I do not want children,,"{""gender"": ""man"", ""location"": ""zone_a"", ""wants_children"": ""I do not want children""}"
syn_4e2ce9dab719484b32466de84496bc10,31,man,zone_c,True,26-34,,,man,Yes,,zone_c,Open to it,Open to it,,,Monogamous,,"weekend_evening, weekday_evening",No,,I do not want children,"men, non-binary people","{""age_range"": ""26-34"", ""gender"": ""man"", ""has_children"": ""Yes"", ""location"": ""zone_c"", ""partner_children"": ""Open to it"", ""partner_smoking"": ""Open to it"", ""relationship_structure"": ""Monogamous"", ""schedule"": ""weekend_evening, weekday_evening"", ""smoking"": ""No"", ""wants_children"": ""I do not want children"", ""who_to_meet"": ""men, non-binary people""}"
syn_1dbfa41732e066192c43367f40614771,28,man,zone_a,True,,,ready,man,,quiet,zone_a,,,,quick,,,,Occasionally,,,,"{""emotional_availability"": ""ready"", ""gender"": ""man"", ""lifestyle"": ""quiet"", ""location"": ""zone_a"", ""relationship_pace"": ""quick"", ""smoking"": ""Occasionally""}"
syn_d5ba8f6f67e0a59e3446787c14834d8f,40,man,zone_a,True,37-49,playful,taking_time,man,No,mixed,zone_a,Prefer not to,Not compatible for me,exploring,quick,Monogamous,no,weekend_evening,No,ample,Unsure,"non-binary people, women","{""age_range"": ""37-49"", ""conversations"": ""playful"", ""emotional_availability"": ""taking_time"", ""gender"": ""man"", ""has_children"": ""No"", ""lifestyle"": ""mixed"", ""location"": ""zone_a"", ""partner_children"": ""Prefer not to"", ""partner_smoking"": ""Not compatible for me"", ""relationship_goal"": ""exploring"", ""relationship_pace"": ""quick"", ""relationship_structure"": ""Monogamous"", ""relocate"": ""no"", ""schedule"": ""weekend_evening"", ""smoking"": ""No"", ""space_for_relationship"": ""ample"", ""wants_children"": ""Unsure"", ""who_to_meet"": ""non-binary people, women""}"
syn_28d204dbbdf42cee5a3030880cdd1e0c,33,man,zone_a,True,23-43,,ready,man,No,,zone_a,Open to it,Open to it,,,Monogamous,,weekend_day,No,,Unsure,"non-binary people, women","{""age_range"": ""23-43"", ""emotional_availability"": ""ready"", ""gender"": ""man"", ""has_children"": ""No"", ""location"": ""zone_a"", ""partner_children"": ""Open to it"", ""partner_smoking"": ""Open to it"", ""relationship_structure"": ""Monogamous"", ""schedule"": ""weekend_day"", ""smoking"": ""No"", ""wants_children"": ""Unsure"", ""who_to_meet"": ""non-binary people, women""}"
syn_5bf4f4fab389a06d1bb9fab20fa66d23,26,woman,zone_d,True,,,,woman,,quiet,zone_d,,,,,,,,,,,,"{""gender"": ""woman"", ""lifestyle"": ""quiet"", ""location"": ""zone_d""}"
syn_5b431043e947032b7b1f30311fe04cb0,27,man,zone_a,True,20-30,,,man,No,,zone_a,Open to it,Open to it,,,Monogamous,,"weekday_evening, weekend_evening",Occasionally,,I do not want children,non-binary people,"{""age_range"": ""20-30"", ""gender"": ""man"", ""has_children"": ""No"", ""location"": ""zone_a"", ""partner_children"": ""Open to it"", ""partner_smoking"": ""Open to it"", ""relationship_structure"": ""Monogamous"", ""schedule"": ""weekday_evening, weekend_evening"", ""smoking"": ""Occasionally"", ""wants_children"": ""I do not want children"", ""who_to_meet"": ""non-binary people""}"
syn_bfed6ae3b16fdb9ff14bcd55c92c3e23,30,woman,zone_d,True,23-37,stories,taking_time,woman,Yes,social,zone_d,Open to it,Open to it,exploring,steady,Monogamous,unsure,"weekday_evening, weekend_evening, weekend_day",No,moderate,I do not want children,women,"{""age_range"": ""23-37"", ""conversations"": ""stories"", ""emotional_availability"": ""taking_time"", ""gender"": ""woman"", ""has_children"": ""Yes"", ""lifestyle"": ""social"", ""location"": ""zone_d"", ""partner_children"": ""Open to it"", ""partner_smoking"": ""Open to it"", ""relationship_goal"": ""exploring"", ""relationship_pace"": ""steady"", ""relationship_structure"": ""Monogamous"", ""relocate"": ""unsure"", ""schedule"": ""weekday_evening, weekend_evening, weekend_day"", ""smoking"": ""No"", ""space_for_relationship"": ""moderate"", ""wants_children"": ""I do not want children"", ""who_to_meet"": ""women""}"
syn_209dd3d97ee7d4e24f8da0d86e134b23,23,man,zone_b,True,,,,man,,,zone_b,,,,,Monogamous,,,,,,,"{""gender"": ""man"", ""location"": ""zone_b"", ""relationship_structure"": ""Monogamous""}"
syn_41cbfa99d9088aa61bb31dbfaf6cd82b,37,man,zone_b,True,31-47,ideas,taking_time,man,Yes,mixed,zone_b,Open to it,Open to it,exploring,steady,Monogamous,unsure,weekend_evening,No,moderate,I do not want children,"non-binary people, women","{""age_range"": ""31-47"", ""conversations"": ""ideas"", ""emotional_availability"": ""taking_time"", ""gender"": ""man"", ""has_children"": ""Yes"", ""lifestyle"": ""mixed"", ""location"": ""zone_b"", ""partner_children"": ""Open to it"", ""partner_smoking"": ""Open to it"", ""relationship_goal"": ""exploring"", ""relationship_pace"": ""steady"", ""relationship_structure"": ""Monogamous"", ""relocate"": ""unsure"", ""schedule"": ""weekend_evening"", ""smoking"": ""No"", ""space_for_relationship"": ""moderate"", ""wants_children"": ""I do not want children"", ""who_to_meet"": ""non-binary people, women""}"
syn_ddaeab02ef82dd5a078cf3e851f2a10f,44,woman,zone_a,True,37-52,,,woman,No,social,zone_a,Prefer not to,Open to it,,,Monogamous,,"weekend_day, weekday_evening",Occasionally,,I do not want children,women,"{""age_range"": ""37-52"", ""gender"": ""woman"", ""has_children"": ""No"", ""lifestyle"": ""social"", ""location"": ""zone_a"", ""partner_children"": ""Prefer not to"", ""partner_smoking"": ""Open to it"", ""relationship_structure"": ""Monogamous"", ""schedule"": ""weekend_day, weekday_evening"", ""smoking"": ""Occasionally"", ""wants_children"": ""I do not want children"", ""who_to_meet"": ""women""}"
syn_251135bb931c853753e632211b9eabd7,43,man,zone_a,True,,,,man,,,zone_a,,Open to it,,,,,,,,,,"{""gender"": ""man"", ""location"": ""zone_a"", ""partner_smoking"": ""Open to it""}"
syn_a0ef1f914dfabc7cbdf8dcf46c0bcae6,40,woman,zone_c,True,36-44,,,woman,No,,zone_c,Open to it,Open to it,,,Monogamous,,"weekday_evening, weekend_evening",No,,I do not want children,men,"{""age_range"": ""36-44"", ""gender"": ""woman"", ""has_children"": ""No"", ""location"": ""zone_c"", ""partner_children"": ""Open to it"", ""partner_smoking"": ""Open to it"", ""relationship_structure"": ""Monogamous"", ""schedule"": ""weekday_evening, weekend_evening"", ""smoking"": ""No"", ""wants_children"": ""I do not want children"", ""who_to_meet"": ""men""}"
syn_0d8307b30c70467d91e58f68688dc85f,28,man,zone_a,True,19-33,stories,taking_time,man,No,quiet,zone_a,Open to it,Not compatible for me,long_term,quick,Monogamous,yes,"weekend_evening, weekday_evening, weekend_day",Occasionally,ample,Unsure,women,"{""age_range"": ""19-33"", ""conversations"": ""stories"", ""emotional_availability"": ""taking_time"", ""gender"": ""man"", ""has_children"": ""No"", ""lifestyle"": ""quiet"", ""location"": ""zone_a"", ""partner_children"": ""Open to it"", ""partner_smoking"": ""Not compatible for me"", ""relationship_goal"": ""long_term"", ""relationship_pace"": ""quick"", ""relationship_structure"": ""Monogamous"", ""relocate"": ""yes"", ""schedule"": ""weekend_evening, weekday_evening, weekend_day"", ""smoking"": ""Occasionally"", ""space_for_relationship"": ""ample"", ""wants_children"": ""Unsure"", ""who_to_meet"": ""women""}"
syn_e7ca2963d97f317fcdf7f6d8f37da169,34,man,zone_a,True,30-38,,,man,No,,zone_a,Prefer not to,Open to it,long_term,,Monogamous,,weekend_evening,Occasionally,,Unsure,men,"{""age_range"": ""30-38"", ""gender"": ""man"", ""has_children"": ""No"", ""location"": ""zone_a"", ""partner_children"": ""Prefer not to"", ""partner_smoking"": ""Open to it"", ""relationship_goal"": ""long_term"", ""relationship_structure"": ""Monogamous"", ""schedule"": ""weekend_evening"", ""smoking"": ""Occasionally"", ""wants_children"": ""Unsure"", ""who_to_meet"": ""men""}"
syn_bd313c33a2dfe80569df7e081fa7e16c,27,woman,zone_a,True,18-36,,,woman,No,,zone_a,Prefer not to,Open to it,exploring,,Monogamous,,"weekday_evening, weekend_day, weekend_evening",No,,I do not want children,women,"{""age_range"": ""18-36"", ""gender"": ""woman"", ""has_children"": ""No"", ""location"": ""zone_a"", ""partner_children"": ""Prefer not to"", ""partner_smoking"": ""Open to it"", ""relationship_goal"": ""exploring"", ""relationship_structure"": ""Monogamous"", ""schedule"": ""weekday_evening, weekend_day, weekend_evening"", ""smoking"": ""No"", ""wants_children"": ""I do not want children"", ""who_to_meet"": ""women""}"
syn_6a4a9a829bdb50ec11dd1722ff5728b3,42,man,zone_a,True,,,,man,,mixed,zone_a,,,,steady,,no,,,,,,"{""gender"": ""man"", ""lifestyle"": ""mixed"", ""location"": ""zone_a"", ""relationship_pace"": ""steady"", ""relocate"": ""no""}"
syn_1792125e150b6c1fa7a7ca3516285ba4,42,woman,zone_a,True,37-48,practical,taking_time,woman,No,quiet,zone_a,Prefer not to,Open to it,exploring,slow,Monogamous,no,"weekday_evening, weekend_evening, weekend_day",Yes,moderate,I do not want children,men,"{""age_range"": ""37-48"", ""conversations"": ""practical"", ""emotional_availability"": ""taking_time"", ""gender"": ""woman"", ""has_children"": ""No"", ""lifestyle"": ""quiet"", ""location"": ""zone_a"", ""partner_children"": ""Prefer not to"", ""partner_smoking"": ""Open to it"", ""relationship_goal"": ""exploring"", ""relationship_pace"": ""slow"", ""relationship_structure"": ""Monogamous"", ""relocate"": ""no"", ""schedule"": ""weekday_evening, weekend_evening, weekend_day"", ""smoking"": ""Yes"", ""space_for_relationship"": ""moderate"", ""wants_children"": ""I do not want children"", ""who_to_meet"": ""men""}"
syn_5d98b7358bb63412fc571b358b781528,28,man,zone_b,True,20-31,,,man,No,,zone_b,Open to it,Not compatible for me,,,Ethically non-monogamous,,"weekend_day, weekend_evening",No,,I do not want children,women,"{""age_range"": ""20-31"", ""gender"": ""man"", ""has_children"": ""No"", ""location"": ""zone_b"", ""partner_children"": ""Open to it"", ""partner_smoking"": ""Not compatible for me"", ""relationship_structure"": ""Ethically non-monogamous"", ""schedule"": ""weekend_day, weekend_evening"", ""smoking"": ""No"", ""wants_children"": ""I do not want children"", ""who_to_meet"": ""women""}"
syn_08136532f2388c846f4928e60170ae5a,26,man,zone_a,True,,,,man,,,zone_a,,,,,,,,,,,,"{""gender"": ""man"", ""location"": ""zone_a""}"
syn_b76db7568e88b218da71968ae37776ca,44,man,zone_c,True,37-53,practical,taking_time,man,Yes,mixed,zone_c,Open to it,Open to it,exploring,slow,Monogamous,unsure,"weekend_day, weekday_evening, weekend_evening",No,ample,Unsure,"non-binary people, men, women","{""age_range"": ""37-53"", ""conversations"": ""practical"", ""emotional_availability"": ""taking_time"", ""gender"": ""man"", ""has_children"": ""Yes"", ""lifestyle"": ""mixed"", ""location"": ""zone_c"", ""partner_children"": ""Open to it"", ""partner_smoking"": ""Open to it"", ""relationship_goal"": ""exploring"", ""relationship_pace"": ""slow"", ""relationship_structure"": ""Monogamous"", ""relocate"": ""unsure"", ""schedule"": ""weekend_day, weekday_evening, weekend_evening"", ""smoking"": ""No"", ""space_for_relationship"": ""ample"", ""wants_children"": ""Unsure"", ""who_to_meet"": ""non-binary people, men, women""}"
syn_9cb39e7e188face0147d4b07bfa84066,21,woman,zone_d,True,,,,woman,,,zone_d,,,,,,,,,,I would like children,,"{""gender"": ""woman"", ""location"": ""zone_d"", ""wants_children"": ""I would like children""}"
syn_2c21d1d4aa3246ecf554167d645764b1,46,woman,zone_a,True,38-54,,,woman,No,,zone_a,Prefer not to,Not compatible for me,,,Monogamous,,weekday_evening,No,,I would like children,men,"{""age_range"": ""38-54"", ""gender"": ""woman"", ""has_children"": ""No"", ""location"": ""zone_a"", ""partner_children"": ""Prefer not to"", ""partner_smoking"": ""Not compatible for me"", ""relationship_structure"": ""Monogamous"", ""schedule"": ""weekday_evening"", ""smoking"": ""No"", ""wants_children"": ""I would like children"", ""who_to_meet"": ""men""}"
syn_c6e4f83f2da6ac827863b999ed06de72,41,man,zone_a,True,37-51,ideas,taking_time,man,No,quiet,zone_a,Open to it,Open to it,exploring,quick,Monogamous,no,"weekend_evening, weekend_day, weekday_evening",No,moderate,Unsure,"men, women, non-binary people","{""age_range"": ""37-51"", ""conversations"": ""ideas"", ""emotional_availability"": ""taking_time"", ""gender"": ""man"", ""has_children"": ""No"", ""lifestyle"": ""quiet"", ""location"": ""zone_a"", ""partner_children"": ""Open to it"", ""partner_smoking"": ""Open to it"", ""relationship_goal"": ""exploring"", ""relationship_pace"": ""quick"", ""relationship_structure"": ""Monogamous"", ""relocate"": ""no"", ""schedule"": ""weekend_evening, weekend_day, weekday_evening"", ""smoking"": ""No"", ""space_for_relationship"": ""moderate"", ""wants_children"": ""Unsure"", ""who_to_meet"": ""men, women, non-binary people""}"
syn_e4623c8b9109e401b9763929d850ad12,21,woman,zone_a,True,18-26,,,woman,No,,zone_a,Open to it,Not compatible for me,exploring,steady,Monogamous,no,"weekday_evening, weekend_evening",No,,I do not want children,women,"{""age_range"": ""18-26"", ""gender"": ""woman"", ""has_children"": ""No"", ""location"": ""zone_a"", ""partner_children"": ""Open to it"", ""partner_smoking"": ""Not compatible for me"", ""relationship_goal"": ""exploring"", ""relationship_pace"": ""steady"", ""relationship_structure"": ""Monogamous"", ""relocate"": ""no"", ""schedule"": ""weekday_evening, weekend_evening"", ""smoking"": ""No"", ""wants_children"": ""I do not want children"", ""who_to_meet"": ""women""}"
syn_96288e8771321f19bfa95372ca74bb3b,25,man,zone_a,True,,,,man,,,zone_a,,,,,,,,,,,,"{""gender"": ""man"", ""location"": ""zone_a""}"
syn_a81865f384ff0d703f37e1236eec2674,45,woman,zone_a,True,,,,woman,,,zone_a,Prefer not to,Not compatible for me,,quick,Monogamous,,,,,,women,"{""gender"": ""woman"", ""location"": ""zone_a"", ""partner_children"": ""Prefer not to"", ""partner_smoking"": ""Not compatible for me"", ""relationship_pace"": ""quick"", ""relationship_structure"": ""Monogamous"", ""who_to_meet"": ""women""}"
syn_0c9736620c1aa05dc0fac96968036c3a,38,woman,zone_c,True,30-42,,,woman,No,,zone_c,Open to it,Open to it,,steady,Monogamous,,weekend_day,Occasionally,,I do not want children,non-binary people,"{""age_range"": ""30-42"", ""gender"": ""woman"", ""has_children"": ""No"", ""location"": ""zone_c"", ""partner_children"": ""Open to it"", ""partner_smoking"": ""Open to it"", ""relationship_pace"": ""steady"", ""relationship_structure"": ""Monogamous"", ""schedule"": ""weekend_day"", ""smoking"": ""Occasionally"", ""wants_children"": ""I do not want children"", ""who_to_meet"": ""non-binary people""}"
syn_83ed6da0024d3abf5db05184765a88e2,39,woman,zone_b,True,,ideas,,woman,,,zone_b,,,,steady,,,,,,,,"{""conversations"": ""ideas"", ""gender"": ""woman"", ""location"": ""zone_b"", ""relationship_pace"": ""steady""}"
syn_7a9f7afd5cb361a8ca99b432f721d36a,21,man,zone_a,True,,,,man,,,zone_a,,,,,,,,,,,,"{""gender"": ""man"", ""location"": ""zone_a""}"
syn_18e1f87a7cff6d5a4e3ecb78b84037e9,45,woman,zone_c,True,,practical,,woman,,,zone_c,,Open to it,,,,,,Occasionally,,,,"{""conversations"": ""practical"", ""gender"": ""woman"", ""location"": ""zone_c"", ""partner_smoking"": ""Open to it"", ""smoking"": ""Occasionally""}"
syn_f4bb9a7cc9774c227eaef317d3e5b192,41,woman,zone_a,True,31-45,,,woman,No,quiet,zone_a,Prefer not to,Open to it,,,Monogamous,,"weekend_day, weekend_evening",No,ample,Unsure,men,"{""age_range"": ""31-45"", ""gender"": ""woman"", ""has_children"": ""No"", ""lifestyle"": ""quiet"", ""location"": ""zone_a"", ""partner_children"": ""Prefer not to"", ""partner_smoking"": ""Open to it"", ""relationship_structure"": ""Monogamous"", ""schedule"": ""weekend_day, weekend_evening"", ""smoking"": ""No"", ""space_for_relationship"": ""ample"", ""wants_children"": ""Unsure"", ""who_to_meet"": ""men""}"
syn_fad3c39c0c2784209ab31e3130339a95,23,man,zone_a,True,19-30,stories,ready,man,No,mixed,zone_a,Open to it,Open to it,long_term,quick,Monogamous,no,weekend_day,No,moderate,Unsure,"women, men","{""age_range"": ""19-30"", ""conversations"": ""stories"", ""emotional_availability"": ""ready"", ""gender"": ""man"", ""has_children"": ""No"", ""lifestyle"": ""mixed"", ""location"": ""zone_a"", ""partner_children"": ""Open to it"", ""partner_smoking"": ""Open to it"", ""relationship_goal"": ""long_term"", ""relationship_pace"": ""quick"", ""relationship_structure"": ""Monogamous"", ""relocate"": ""no"", ""schedule"": ""weekend_day"", ""smoking"": ""No"", ""space_for_relationship"": ""moderate"", ""wants_children"": ""Unsure"", ""who_to_meet"": ""women, men""}"
syn_52daf0d3a1ce5afcf377c81cd4405b6e,35,man,zone_b,True,,playful,,man,,,zone_b,,,exploring,,,,"weekend_day, weekend_evening",,,,,"{""conversations"": ""playful"", ""gender"": ""man"", ""location"": ""zone_b"", ""relationship_goal"": ""exploring"", ""schedule"": ""weekend_day, weekend_evening""}"
syn_4989018f8dbabff440ac3ca67e074a02,46,woman,zone_b,True,40-56,practical,taking_time,woman,No,social,zone_b,Open to it,Open to it,long_term,quick,Monogamous,no,"weekend_day, weekday_evening",No,moderate,I do not want children,men,"{""age_range"": ""40-56"", ""conversations"": ""practical"", ""emotional_availability"": ""taking_time"", ""gender"": ""woman"", ""has_children"": ""No"", ""lifestyle"": ""social"", ""location"": ""zone_b"", ""partner_children"": ""Open to it"", ""partner_smoking"": ""Open to it"", ""relationship_goal"": ""long_term"", ""relationship_pace"": ""quick"", ""relationship_structure"": ""Monogamous"", ""relocate"": ""no"", ""schedule"": ""weekend_day, weekday_evening"", ""smoking"": ""No"", ""space_for_relationship"": ""moderate"", ""wants_children"": ""I do not want children"", ""who_to_meet"": ""men""}"
syn_18d986aa37af2511c082299a5761d468,31,man,zone_a,True,24-39,ideas,ready,man,No,quiet,zone_a,Open to it,Open to it,exploring,steady,Monogamous,yes,weekday_evening,Occasionally,limited,Unsure,"men, non-binary people, women","{""age_range"": ""24-39"", ""conversations"": ""ideas"", ""emotional_availability"": ""ready"", ""gender"": ""man"", ""has_children"": ""No"", ""lifestyle"": ""quiet"", ""location"": ""zone_a"", ""partner_children"": ""Open to it"", ""partner_smoking"": ""Open to it"", ""relationship_goal"": ""exploring"", ""relationship_pace"": ""steady"", ""relationship_structure"": ""Monogamous"", ""relocate"": ""yes"", ""schedule"": ""weekday_evening"", ""smoking"": ""Occasionally"", ""space_for_relationship"": ""limited"", ""wants_children"": ""Unsure"", ""who_to_meet"": ""men, non-binary people, women""}"
syn_bd55f5902021f156dc7ae1b193b73ea1,36,man,zone_a,True,,,,man,,,zone_a,,,,,,,,,,,,"{""gender"": ""man"", ""location"": ""zone_a""}"
syn_c4160f8396ffd5556abfe7c5ef9010a9,31,man,zone_a,True,25-38,practical,ready,man,Yes,social,zone_a,Open to it,Open to it,exploring,slow,Monogamous,no,"weekend_evening, weekday_evening",Occasionally,limited,Unsure,women,"{""age_range"": ""25-38"", ""conversations"": ""practical"", ""emotional_availability"": ""ready"", ""gender"": ""man"", ""has_children"": ""Yes"", ""lifestyle"": ""social"", ""location"": ""zone_a"", ""partner_children"": ""Open to it"", ""partner_smoking"": ""Open to it"", ""relationship_goal"": ""exploring"", ""relationship_pace"": ""slow"", ""relationship_structure"": ""Monogamous"", ""relocate"": ""no"", ""schedule"": ""weekend_evening, weekday_evening"", ""smoking"": ""Occasionally"", ""space_for_relationship"": ""limited"", ""wants_children"": ""Unsure"", ""who_to_meet"": ""women""}"
syn_c0feb2559005d690ab15cd62c7f4d6cb,25,woman,zone_a,True,18-29,ideas,taking_time,woman,No,social,zone_a,Open to it,Not compatible for me,long_term,steady,Monogamous,unsure,weekday_evening,No,ample,Unsure,non-binary people,"{""age_range"": ""18-29"", ""conversations"": ""ideas"", ""emotional_availability"": ""taking_time"", ""gender"": ""woman"", ""has_children"": ""No"", ""lifestyle"": ""social"", ""location"": ""zone_a"", ""partner_children"": ""Open to it"", ""partner_smoking"": ""Not compatible for me"", ""relationship_goal"": ""long_term"", ""relationship_pace"": ""steady"", ""relationship_structure"": ""Monogamous"", ""relocate"": ""unsure"", ""schedule"": ""weekday_evening"", ""smoking"": ""No"", ""space_for_relationship"": ""ample"", ""wants_children"": ""Unsure"", ""who_to_meet"": ""non-binary people""}"
syn_5268e7e56d19ad6302529503ae6296a2,32,man,zone_b,True,,,,man,,,zone_b,,,,steady,,,"weekend_day, weekday_evening",,ample,,,"{""gender"": ""man"", ""location"": ""zone_b"", ""relationship_pace"": ""steady"", ""schedule"": ""weekend_day, weekday_evening"", ""space_for_relationship"": ""ample""}"
syn_8d1e58752ea52f6d144a33359b795309,23,non_binary,zone_a,True,18-30,,,non_binary,No,,zone_a,Open to it,Open to it,,,Monogamous,,"weekend_day, weekend_evening, weekday_evening",No,,I do not want children,non-binary people,"{""age_range"": ""18-30"", ""gender"": ""non_binary"", ""has_children"": ""No"", ""location"": ""zone_a"", ""partner_children"": ""Open to it"", ""partner_smoking"": ""Open to it"", ""relationship_structure"": ""Monogamous"", ""schedule"": ""weekend_day, weekend_evening, weekday_evening"", ""smoking"": ""No"", ""wants_children"": ""I do not want children"", ""who_to_meet"": ""non-binary people""}"
syn_a2df2f4cb371057e5e2d438bc7abe1b6,24,woman,zone_a,True,20-30,playful,,woman,No,,zone_a,Prefer not to,Open to it,long_term,,Monogamous,no,"weekend_evening, weekend_day",Occasionally,,I do not want children,women,"{""age_range"": ""20-30"", ""conversations"": ""playful"", ""gender"": ""woman"", ""has_children"": ""No"", ""location"": ""zone_a"", ""partner_children"": ""Prefer not to"", ""partner_smoking"": ""Open to it"", ""relationship_goal"": ""long_term"", ""relationship_structure"": ""Monogamous"", ""relocate"": ""no"", ""schedule"": ""weekend_evening, weekend_day"", ""smoking"": ""Occasionally"", ""wants_children"": ""I do not want children"", ""who_to_meet"": ""women""}"
syn_cdb52e059db303bc6c3f5269c5213541,28,man,zone_b,True,24-31,practical,ready,man,No,mixed,zone_b,Open to it,Open to it,long_term,steady,Monogamous,unsure,"weekday_evening, weekend_day, weekend_evening",No,limited,I do not want children,"men, women, non-binary people","{""age_range"": ""24-31"", ""conversations"": ""practical"", ""emotional_availability"": ""ready"", ""gender"": ""man"", ""has_children"": ""No"", ""lifestyle"": ""mixed"", ""location"": ""zone_b"", ""partner_children"": ""Open to it"", ""partner_smoking"": ""Open to it"", ""relationship_goal"": ""long_term"", ""relationship_pace"": ""steady"", ""relationship_structure"": ""Monogamous"", ""relocate"": ""unsure"", ""schedule"": ""weekday_evening, weekend_day, weekend_evening"", ""smoking"": ""No"", ""space_for_relationship"": ""limited"", ""wants_children"": ""I do not want children"", ""who_to_meet"": ""men, women, non-binary people""}"
syn_fe2f08af0bb5caff6ebe7f6fdf941708,22,woman,zone_a,True,,,,woman,,,zone_a,,,,,,,,,,,,"{""gender"": ""woman"", ""location"": ""zone_a""}"
syn_57d4b998452d44917f79f257931c94db,21,woman,zone_b,True,18-28,,,woman,No,,zone_b,Prefer not to,Open to it,,,Monogamous,,"weekend_evening, weekend_day, weekday_evening",Yes,,I would like children,men,"{""age_range"": ""18-28"", ""gender"": ""woman"", ""has_children"": ""No"", ""location"": ""zone_b"", ""partner_children"": ""Prefer not to"", ""partner_smoking"": ""Open to it"", ""relationship_structure"": ""Monogamous"", ""schedule"": ""weekend_evening, weekend_day, weekday_evening"", ""smoking"": ""Yes"", ""wants_children"": ""I would like children"", ""who_to_meet"": ""men""}"
syn_bcd4e161db365f3a5c08ff8741b10ef7,28,man,zone_b,True,20-36,practical,taking_time,man,No,quiet,zone_b,Open to it,Open to it,long_term,steady,Monogamous,unsure,"weekend_evening, weekend_day, weekday_evening",Occasionally,moderate,I do not want children,non-binary people,"{""age_range"": ""20-36"", ""conversations"": ""practical"", ""emotional_availability"": ""taking_time"", ""gender"": ""man"", ""has_children"": ""No"", ""lifestyle"": ""quiet"", ""location"": ""zone_b"", ""partner_children"": ""Open to it"", ""partner_smoking"": ""Open to it"", ""relationship_goal"": ""long_term"", ""relationship_pace"": ""steady"", ""relationship_structure"": ""Monogamous"", ""relocate"": ""unsure"", ""schedule"": ""weekend_evening, weekend_day, weekday_evening"", ""smoking"": ""Occasionally"", ""space_for_relationship"": ""moderate"", ""wants_children"": ""I do not want children"", ""who_to_meet"": ""non-binary people""}"
syn_49e48907939f6256b00077eb7256a89f,29,woman,zone_a,True,23-38,stories,ready,woman,Yes,mixed,zone_a,Open to it,Open to it,long_term,slow,Monogamous,yes,"weekday_evening, weekend_day, weekend_evening",No,limited,I do not want children,non-binary people,"{""age_range"": ""23-38"", ""conversations"": ""stories"", ""emotional_availability"": ""ready"", ""gender"": ""woman"", ""has_children"": ""Yes"", ""lifestyle"": ""mixed"", ""location"": ""zone_a"", ""partner_children"": ""Open to it"", ""partner_smoking"": ""Open to it"", ""relationship_goal"": ""long_term"", ""relationship_pace"": ""slow"", ""relationship_structure"": ""Monogamous"", ""relocate"": ""yes"", ""schedule"": ""weekday_evening, weekend_day, weekend_evening"", ""smoking"": ""No"", ""space_for_relationship"": ""limited"", ""wants_children"": ""I do not want children"", ""who_to_meet"": ""non-binary people""}"
syn_d7b43d42bc4b932e0461d7e4319f692c,35,woman,zone_b,True,,,,woman,,,zone_b,,,,,,,,,,,,"{""gender"": ""woman"", ""location"": ""zone_b""}"
syn_ef320cd5042ac58cebffa1aa9d7e7c51,24,man,zone_b,True,,,,man,,,zone_b,,,,,,,,,,,,"{""gender"": ""man"", ""location"": ""zone_b""}"
syn_d60f52d2bf717352072d2694f988e74f,46,man,zone_a,True,,,,man,,,zone_a,,,,,,,weekend_evening,,moderate,,,"{""gender"": ""man"", ""location"": ""zone_a"", ""schedule"": ""weekend_evening"", ""space_for_relationship"": ""moderate""}"
syn_cea12821b29a2cbe1e76db200617d67d,23,woman,zone_a,True,18-29,,,woman,Yes,,zone_a,Prefer not to,Not compatible for me,,,Monogamous,,"weekend_day, weekday_evening, weekend_evening",Occasionally,ample,I do not want children,women,"{""age_range"": ""18-29"", ""gender"": ""woman"", ""has_children"": ""Yes"", ""location"": ""zone_a"", ""partner_children"": ""Prefer not to"", ""partner_smoking"": ""Not compatible for me"", ""relationship_structure"": ""Monogamous"", ""schedule"": ""weekend_day, weekday_evening, weekend_evening"", ""smoking"": ""Occasionally"", ""space_for_relationship"": ""ample"", ""wants_children"": ""I do not want children"", ""who_to_meet"": ""women""}"
syn_5cb01876bf84571df5c348900ee5ac82,30,man,zone_a,True,,,,man,,,zone_a,,Open to it,,,,,,,,,,"{""gender"": ""man"", ""location"": ""zone_a"", ""partner_smoking"": ""Open to it""}"
syn_16e8c4ae75dd31d65b56e5959ba1d220,26,woman,zone_a,True,,,ready,woman,,,zone_a,,,,,,,,,,,,"{""emotional_availability"": ""ready"", ""gender"": ""woman"", ""location"": ""zone_a""}"
syn_65de186e1d37a749b05767ca6c183e06,24,woman,zone_d,True,18-33,,,woman,No,,zone_d,Prefer not to,Open to it,,,Monogamous,,"weekday_evening, weekend_evening",No,moderate,I would like children,"non-binary people, women","{""age_range"": ""18-33"", ""gender"": ""woman"", ""has_children"": ""No"", ""location"": ""zone_d"", ""partner_children"": ""Prefer not to"", ""partner_smoking"": ""Open to it"", ""relationship_structure"": ""Monogamous"", ""schedule"": ""weekday_evening, weekend_evening"", ""smoking"": ""No"", ""space_for_relationship"": ""moderate"", ""wants_children"": ""I would like children"", ""who_to_meet"": ""non-binary people, women""}"
syn_372f1c7073e08c15f2d50a0e6d680800,37,woman,zone_a,True,27-43,,,woman,No,,zone_a,Open to it,Open to it,,,Monogamous,,"weekend_evening, weekend_day",Occasionally,,Unsure,"non-binary people, women","{""age_range"": ""27-43"", ""gender"": ""woman"", ""has_children"": ""No"", ""location"": ""zone_a"", ""partner_children"": ""Open to it"", ""partner_smoking"": ""Open to it"", ""relationship_structure"": ""Monogamous"", ""schedule"": ""weekend_evening, weekend_day"", ""smoking"": ""Occasionally"", ""wants_children"": ""Unsure"", ""who_to_meet"": ""non-binary people, women""}"
syn_2618c89f6953660c0f62e3bfefd0f580,38,man,zone_a,True,29-45,ideas,taking_time,man,No,quiet,zone_a,Open to it,Not compatible for me,exploring,quick,Monogamous,yes,weekday_evening,No,moderate,I would like children,non-binary people,"{""age_range"": ""29-45"", ""conversations"": ""ideas"", ""emotional_availability"": ""taking_time"", ""gender"": ""man"", ""has_children"": ""No"", ""lifestyle"": ""quiet"", ""location"": ""zone_a"", ""partner_children"": ""Open to it"", ""partner_smoking"": ""Not compatible for me"", ""relationship_goal"": ""exploring"", ""relationship_pace"": ""quick"", ""relationship_structure"": ""Monogamous"", ""relocate"": ""yes"", ""schedule"": ""weekday_evening"", ""smoking"": ""No"", ""space_for_relationship"": ""moderate"", ""wants_children"": ""I would like children"", ""who_to_meet"": ""non-binary people""}"
syn_e1981e34c7a6948162ff995047ee6476,25,man,zone_a,True,18-30,playful,ready,man,No,quiet,zone_a,Open to it,Not compatible for me,long_term,slow,Monogamous,unsure,weekend_evening,Occasionally,ample,I do not want children,women,"{""age_range"": ""18-30"", ""conversations"": ""playful"", ""emotional_availability"": ""ready"", ""gender"": ""man"", ""has_children"": ""No"", ""lifestyle"": ""quiet"", ""location"": ""zone_a"", ""partner_children"": ""Open to it"", ""partner_smoking"": ""Not compatible for me"", ""relationship_goal"": ""long_term"", ""relationship_pace"": ""slow"", ""relationship_structure"": ""Monogamous"", ""relocate"": ""unsure"", ""schedule"": ""weekend_evening"", ""smoking"": ""Occasionally"", ""space_for_relationship"": ""ample"", ""wants_children"": ""I do not want children"", ""who_to_meet"": ""women""}"
syn_5dfc603ca94447f5172968eec694a649,34,woman,zone_d,True,,,,woman,,,zone_d,,,,quick,,,,,,,,"{""gender"": ""woman"", ""location"": ""zone_d"", ""relationship_pace"": ""quick""}"
syn_a353980f53407f5dd0b2d8fbf879b2bc,42,woman,zone_c,True,37-52,playful,ready,woman,No,social,zone_c,Open to it,Not compatible for me,exploring,quick,Monogamous,no,"weekday_evening, weekend_evening, weekend_day",No,limited,I would like children,non-binary people,"{""age_range"": ""37-52"", ""conversations"": ""playful"", ""emotional_availability"": ""ready"", ""gender"": ""woman"", ""has_children"": ""No"", ""lifestyle"": ""social"", ""location"": ""zone_c"", ""partner_children"": ""Open to it"", ""partner_smoking"": ""Not compatible for me"", ""relationship_goal"": ""exploring"", ""relationship_pace"": ""quick"", ""relationship_structure"": ""Monogamous"", ""relocate"": ""no"", ""schedule"": ""weekday_evening, weekend_evening, weekend_day"", ""smoking"": ""No"", ""space_for_relationship"": ""limited"", ""wants_children"": ""I would like children"", ""who_to_meet"": ""non-binary people""}"
syn_5b67f286bb7c5bdb14f6f8bd0eca4e8b,42,man,zone_a,True,,,,man,,,zone_a,,Not compatible for me,,,Monogamous,,,,,,,"{""gender"": ""man"", ""location"": ""zone_a"", ""partner_smoking"": ""Not compatible for me"", ""relationship_structure"": ""Monogamous""}"
syn_7489ffad5048682240d74e79792c6515,32,woman,zone_a,True,,,,woman,,,zone_a,,Not compatible for me,exploring,,,,,,,,,"{""gender"": ""woman"", ""location"": ""zone_a"", ""partner_smoking"": ""Not compatible for me"", ""relationship_goal"": ""exploring""}"
syn_3354aa3b3fa0daf8bbea9e7af31902f5,30,man,zone_b,True,,,,man,,,zone_b,Prefer not to,,,quick,,no,,,,,,"{""gender"": ""man"", ""location"": ""zone_b"", ""partner_children"": ""Prefer not to"", ""relationship_pace"": ""quick"", ""relocate"": ""no""}"
syn_f8456fff50a3f73bfbd263da6fb7b1ce,42,woman,zone_a,True,32-51,playful,ready,woman,No,quiet,zone_a,Open to it,Open to it,exploring,slow,Monogamous,yes,"weekday_evening, weekend_day, weekend_evening",No,limited,Unsure,non-binary people,"{""age_range"": ""32-51"", ""conversations"": ""playful"", ""emotional_availability"": ""ready"", ""gender"": ""woman"", ""has_children"": ""No"", ""lifestyle"": ""quiet"", ""location"": ""zone_a"", ""partner_children"": ""Open to it"", ""partner_smoking"": ""Open to it"", ""relationship_goal"": ""exploring"", ""relationship_pace"": ""slow"", ""relationship_structure"": ""Monogamous"", ""relocate"": ""yes"", ""schedule"": ""weekday_evening, weekend_day, weekend_evening"", ""smoking"": ""No"", ""space_for_relationship"": ""limited"", ""wants_children"": ""Unsure"", ""who_to_meet"": ""non-binary people""}"
syn_6a0fc9bfb37d9fbd3c617c97f6cba1b7,27,man,zone_b,True,23-31,,,man,Yes,,zone_b,Open to it,Not compatible for me,,,Monogamous,unsure,"weekend_evening, weekend_day",No,moderate,Unsure,women,"{""age_range"": ""23-31"", ""gender"": ""man"", ""has_children"": ""Yes"", ""location"": ""zone_b"", ""partner_children"": ""Open to it"", ""partner_smoking"": ""Not compatible for me"", ""relationship_structure"": ""Monogamous"", ""relocate"": ""unsure"", ""schedule"": ""weekend_evening, weekend_day"", ""smoking"": ""No"", ""space_for_relationship"": ""moderate"", ""wants_children"": ""Unsure"", ""who_to_meet"": ""women""}"
syn_c0efbf2ed23e485596cb96c268157d16,38,woman,zone_a,True,,,,woman,,,zone_a,,,,,,,,No,,,,"{""gender"": ""woman"", ""location"": ""zone_a"", ""smoking"": ""No""}"
syn_de7d9654caa1fc84459b779cc4ad0f61,26,man,zone_b,True,18-30,playful,taking_time,man,No,mixed,zone_b,Prefer not to,Open to it,long_term,steady,Monogamous,no,"weekend_day, weekday_evening",No,ample,Unsure,non-binary people,"{""age_range"": ""18-30"", ""conversations"": ""playful"", ""emotional_availability"": ""taking_time"", ""gender"": ""man"", ""has_children"": ""No"", ""lifestyle"": ""mixed"", ""location"": ""zone_b"", ""partner_children"": ""Prefer not to"", ""partner_smoking"": ""Open to it"", ""relationship_goal"": ""long_term"", ""relationship_pace"": ""steady"", ""relationship_structure"": ""Monogamous"", ""relocate"": ""no"", ""schedule"": ""weekend_day, weekday_evening"", ""smoking"": ""No"", ""space_for_relationship"": ""ample"", ""wants_children"": ""Unsure"", ""who_to_meet"": ""non-binary people""}"
syn_23a2975c77f38830cf5a3facfb9b534b,43,man,zone_c,True,35-50,stories,ready,man,No,quiet,zone_c,Open to it,Not compatible for me,long_term,quick,Monogamous,no,"weekend_evening, weekday_evening",No,moderate,I would like children,women,"{""age_range"": ""35-50"", ""conversations"": ""stories"", ""emotional_availability"": ""ready"", ""gender"": ""man"", ""has_children"": ""No"", ""lifestyle"": ""quiet"", ""location"": ""zone_c"", ""partner_children"": ""Open to it"", ""partner_smoking"": ""Not compatible for me"", ""relationship_goal"": ""long_term"", ""relationship_pace"": ""quick"", ""relationship_structure"": ""Monogamous"", ""relocate"": ""no"", ""schedule"": ""weekend_evening, weekday_evening"", ""smoking"": ""No"", ""space_for_relationship"": ""moderate"", ""wants_children"": ""I would like children"", ""who_to_meet"": ""women""}"
syn_5b8d7027d0fe03fd6637867233485951,23,woman,zone_a,True,19-33,,,woman,Yes,,zone_a,Open to it,Open to it,,,Monogamous,,"weekday_evening, weekend_evening",No,,I would like children,women,"{""age_range"": ""19-33"", ""gender"": ""woman"", ""has_children"": ""Yes"", ""location"": ""zone_a"", ""partner_children"": ""Open to it"", ""partner_smoking"": ""Open to it"", ""relationship_structure"": ""Monogamous"", ""schedule"": ""weekday_evening, weekend_evening"", ""smoking"": ""No"", ""wants_children"": ""I would like children"", ""who_to_meet"": ""women""}"
syn_8da2dcd9f33f276e69881d69d03b1193,43,man,zone_b,True,34-46,playful,taking_time,man,No,,zone_b,Prefer not to,Open to it,,,Monogamous,,weekday_evening,No,,Unsure,non-binary people,"{""age_range"": ""34-46"", ""conversations"": ""playful"", ""emotional_availability"": ""taking_time"", ""gender"": ""man"", ""has_children"": ""No"", ""location"": ""zone_b"", ""partner_children"": ""Prefer not to"", ""partner_smoking"": ""Open to it"", ""relationship_structure"": ""Monogamous"", ""schedule"": ""weekday_evening"", ""smoking"": ""No"", ""wants_children"": ""Unsure"", ""who_to_meet"": ""non-binary people""}"
syn_f925763cedac346393929ce0182665a3,22,man,zone_a,True,,,,man,,,zone_a,,,exploring,,,,,,,,,"{""gender"": ""man"", ""location"": ""zone_a"", ""relationship_goal"": ""exploring""}"
syn_9527ed34d0b89aa32046c40f0f328fa7,30,non_binary,zone_a,True,,,,non_binary,,,zone_a,,,,,,,,,,,men,"{""gender"": ""non_binary"", ""location"": ""zone_a"", ""who_to_meet"": ""men""}"
syn_6d8cc1742272b49c3bf6574d4dea47bb,42,man,zone_a,True,34-51,ideas,ready,man,No,mixed,zone_a,Open to it,Open to it,exploring,steady,Monogamous,no,"weekday_evening, weekend_evening, weekend_day",No,limited,I would like children,women,"{""age_range"": ""34-51"", ""conversations"": ""ideas"", ""emotional_availability"": ""ready"", ""gender"": ""man"", ""has_children"": ""No"", ""lifestyle"": ""mixed"", ""location"": ""zone_a"", ""partner_children"": ""Open to it"", ""partner_smoking"": ""Open to it"", ""relationship_goal"": ""exploring"", ""relationship_pace"": ""steady"", ""relationship_structure"": ""Monogamous"", ""relocate"": ""no"", ""schedule"": ""weekday_evening, weekend_evening, weekend_day"", ""smoking"": ""No"", ""space_for_relationship"": ""limited"", ""wants_children"": ""I would like children"", ""who_to_meet"": ""women""}"
syn_3d00cfdea3a9b27bb5b4946c3261a8c9,30,woman,zone_a,True,21-38,,,woman,No,,zone_a,Prefer not to,Open to it,,,Monogamous,,"weekday_evening, weekend_evening",No,,I do not want children,women,"{""age_range"": ""21-38"", ""gender"": ""woman"", ""has_children"": ""No"", ""location"": ""zone_a"", ""partner_children"": ""Prefer not to"", ""partner_smoking"": ""Open to it"", ""relationship_structure"": ""Monogamous"", ""schedule"": ""weekday_evening, weekend_evening"", ""smoking"": ""No"", ""wants_children"": ""I do not want children"", ""who_to_meet"": ""women""}"
syn_09caa09b251c2b85d1f080a718b24cd9,23,man,zone_c,True,18-28,ideas,ready,man,No,social,zone_c,Open to it,Not compatible for me,long_term,steady,Monogamous,unsure,weekend_evening,No,ample,Unsure,women,"{""age_range"": ""18-28"", ""conversations"": ""ideas"", ""emotional_availability"": ""ready"", ""gender"": ""man"", ""has_children"": ""No"", ""lifestyle"": ""social"", ""location"": ""zone_c"", ""partner_children"": ""Open to it"", ""partner_smoking"": ""Not compatible for me"", ""relationship_goal"": ""long_term"", ""relationship_pace"": ""steady"", ""relationship_structure"": ""Monogamous"", ""relocate"": ""unsure"", ""schedule"": ""weekend_evening"", ""smoking"": ""No"", ""space_for_relationship"": ""ample"", ""wants_children"": ""Unsure"", ""who_to_meet"": ""women""}"
syn_23e4326f5b03be11fbfa4487934676e2,40,man,zone_c,True,30-45,,,man,No,,zone_c,Open to it,Open to it,,,Monogamous,,weekend_evening,No,,Unsure,women,"{""age_range"": ""30-45"", ""gender"": ""man"", ""has_children"": ""No"", ""location"": ""zone_c"", ""partner_children"": ""Open to it"", ""partner_smoking"": ""Open to it"", ""relationship_structure"": ""Monogamous"", ""schedule"": ""weekend_evening"", ""smoking"": ""No"", ""wants_children"": ""Unsure"", ""who_to_meet"": ""women""}"
syn_001fec06a7f43e7ddf8d795458f1975e,35,man,zone_a,True,,,ready,man,,,zone_a,,,,,,,"weekend_day, weekend_evening, weekday_evening",,,Unsure,,"{""emotional_availability"": ""ready"", ""gender"": ""man"", ""location"": ""zone_a"", ""schedule"": ""weekend_day, weekend_evening, weekday_evening"", ""wants_children"": ""Unsure""}"
syn_d6d626f91a4f9109158f32e8bf250592,42,woman,zone_b,True,39-48,,,woman,No,,zone_b,Prefer not to,Open to it,,,Monogamous,,"weekday_evening, weekend_day",Yes,,Unsure,men,"{""age_range"": ""39-48"", ""gender"": ""woman"", ""has_children"": ""No"", ""location"": ""zone_b"", ""partner_children"": ""Prefer not to"", ""partner_smoking"": ""Open to it"", ""relationship_structure"": ""Monogamous"", ""schedule"": ""weekday_evening, weekend_day"", ""smoking"": ""Yes"", ""wants_children"": ""Unsure"", ""who_to_meet"": ""men""}"
syn_da0fd8af642574fe334800ee3486bdf4,23,non_binary,zone_a,True,,,,non_binary,,,zone_a,Open to it,,exploring,,,,,,,,"non-binary people, women, men","{""gender"": ""non_binary"", ""location"": ""zone_a"", ""partner_children"": ""Open to it"", ""relationship_goal"": ""exploring"", ""who_to_meet"": ""non-binary people, women, men""}"
syn_9b4bd1d628f180c12716bd357a84f23c,26,woman,zone_d,True,22-33,playful,,woman,No,,zone_d,Open to it,Not compatible for me,,,Monogamous,,"weekend_day, weekend_evening",No,,I do not want children,women,"{""age_range"": ""22-33"", ""conversations"": ""playful"", ""gender"": ""woman"", ""has_children"": ""No"", ""location"": ""zone_d"", ""partner_children"": ""Open to it"", ""partner_smoking"": ""Not compatible for me"", ""relationship_structure"": ""Monogamous"", ""schedule"": ""weekend_day, weekend_evening"", ""smoking"": ""No"", ""wants_children"": ""I do not want children"", ""who_to_meet"": ""women""}"
syn_05a1d53f5d8bfa308fee08da90f095a9,26,woman,zone_a,True,21-30,ideas,taking_time,woman,No,social,zone_a,Open to it,Not compatible for me,long_term,steady,Monogamous,yes,weekday_evening,No,limited,I would like children,non-binary people,"{""age_range"": ""21-30"", ""conversations"": ""ideas"", ""emotional_availability"": ""taking_time"", ""gender"": ""woman"", ""has_children"": ""No"", ""lifestyle"": ""social"", ""location"": ""zone_a"", ""partner_children"": ""Open to it"", ""partner_smoking"": ""Not compatible for me"", ""relationship_goal"": ""long_term"", ""relationship_pace"": ""steady"", ""relationship_structure"": ""Monogamous"", ""relocate"": ""yes"", ""schedule"": ""weekday_evening"", ""smoking"": ""No"", ""space_for_relationship"": ""limited"", ""wants_children"": ""I would like children"", ""who_to_meet"": ""non-binary people""}"
syn_77a9cfddabe398e502f36be7269bed30,24,woman,zone_a,True,18-29,playful,taking_time,woman,No,quiet,zone_a,Prefer not to,Open to it,long_term,slow,Monogamous,yes,"weekend_day, weekday_evening",No,limited,I would like children,non-binary people,"{""age_range"": ""18-29"", ""conversations"": ""playful"", ""emotional_availability"": ""taking_time"", ""gender"": ""woman"", ""has_children"": ""No"", ""lifestyle"": ""quiet"", ""location"": ""zone_a"", ""partner_children"": ""Prefer not to"", ""partner_smoking"": ""Open to it"", ""relationship_goal"": ""long_term"", ""relationship_pace"": ""slow"", ""relationship_structure"": ""Monogamous"", ""relocate"": ""yes"", ""schedule"": ""weekend_day, weekday_evening"", ""smoking"": ""No"", ""space_for_relationship"": ""limited"", ""wants_children"": ""I would like children"", ""who_to_meet"": ""non-binary people""}"
syn_95b4390297b33290d26736f7e4eafb39,40,woman,zone_a,True,32-45,stories,taking_time,woman,No,social,zone_a,Open to it,Not compatible for me,exploring,slow,Monogamous,unsure,"weekend_evening, weekday_evening",Occasionally,ample,I do not want children,men,"{""age_range"": ""32-45"", ""conversations"": ""stories"", ""emotional_availability"": ""taking_time"", ""gender"": ""woman"", ""has_children"": ""No"", ""lifestyle"": ""social"", ""location"": ""zone_a"", ""partner_children"": ""Open to it"", ""partner_smoking"": ""Not compatible for me"", ""relationship_goal"": ""exploring"", ""relationship_pace"": ""slow"", ""relationship_structure"": ""Monogamous"", ""relocate"": ""unsure"", ""schedule"": ""weekend_evening, weekday_evening"", ""smoking"": ""Occasionally"", ""space_for_relationship"": ""ample"", ""wants_children"": ""I do not want children"", ""who_to_meet"": ""men""}"
syn_dd947b8ca242c44863cf601fe65d57ed,43,woman,zone_a,True,37-50,,,woman,No,,zone_a,Open to it,Not compatible for me,,quick,Monogamous,,"weekday_evening, weekend_day, weekend_evening",No,,I do not want children,"women, men","{""age_range"": ""37-50"", ""gender"": ""woman"", ""has_children"": ""No"", ""location"": ""zone_a"", ""partner_children"": ""Open to it"", ""partner_smoking"": ""Not compatible for me"", ""relationship_pace"": ""quick"", ""relationship_structure"": ""Monogamous"", ""schedule"": ""weekday_evening, weekend_day, weekend_evening"", ""smoking"": ""No"", ""wants_children"": ""I do not want children"", ""who_to_meet"": ""women, men""}"
syn_043d515672ea93e72dee6a0b1fe36e0b,39,man,zone_a,True,,,,man,,,zone_a,,,,quick,,,,,,,,"{""gender"": ""man"", ""location"": ""zone_a"", ""relationship_pace"": ""quick""}"
syn_0ec7fffa4e94cb8226152f02b68c7802,42,man,zone_a,True,35-48,stories,ready,man,No,quiet,zone_a,Open to it,Open to it,long_term,slow,Monogamous,no,weekday_evening,No,limited,I do not want children,"non-binary people, women","{""age_range"": ""35-48"", ""conversations"": ""stories"", ""emotional_availability"": ""ready"", ""gender"": ""man"", ""has_children"": ""No"", ""lifestyle"": ""quiet"", ""location"": ""zone_a"", ""partner_children"": ""Open to it"", ""partner_smoking"": ""Open to it"", ""relationship_goal"": ""long_term"", ""relationship_pace"": ""slow"", ""relationship_structure"": ""Monogamous"", ""relocate"": ""no"", ""schedule"": ""weekday_evening"", ""smoking"": ""No"", ""space_for_relationship"": ""limited"", ""wants_children"": ""I do not want children"", ""who_to_meet"": ""non-binary people, women""}"
syn_01de4c09309bf917e3b5467c3e0a16d9,40,man,zone_b,True,37-47,,,man,Yes,,zone_b,Prefer not to,Not compatible for me,,,Monogamous,,"weekend_evening, weekday_evening, weekend_day",Occasionally,,I do not want children,non-binary people,"{""age_range"": ""37-47"", ""gender"": ""man"", ""has_children"": ""Yes"", ""location"": ""zone_b"", ""partner_children"": ""Prefer not to"", ""partner_smoking"": ""Not compatible for me"", ""relationship_structure"": ""Monogamous"", ""schedule"": ""weekend_evening, weekday_evening, weekend_day"", ""smoking"": ""Occasionally"", ""wants_children"": ""I do not want children"", ""who_to_meet"": ""non-binary people""}"
syn_cbc229ed9605d0a357baebe560a71e85,33,woman,zone_d,True,29-43,,,woman,No,,zone_d,Prefer not to,Not compatible for me,,,Monogamous,unsure,weekday_evening,No,,I would like children,non-binary people,"{""age_range"": ""29-43"", ""gender"": ""woman"", ""has_children"": ""No"", ""location"": ""zone_d"", ""partner_children"": ""Prefer not to"", ""partner_smoking"": ""Not compatible for me"", ""relationship_structure"": ""Monogamous"", ""relocate"": ""unsure"", ""schedule"": ""weekday_evening"", ""smoking"": ""No"", ""wants_children"": ""I would like children"", ""who_to_meet"": ""non-binary people""}"
syn_f1bf64f099ab560e698e158fcafca3e9,40,woman,zone_d,True,31-45,playful,ready,woman,No,quiet,zone_d,Prefer not to,Open to it,exploring,quick,Monogamous,no,"weekend_evening, weekday_evening",No,moderate,Unsure,non-binary people,"{""age_range"": ""31-45"", ""conversations"": ""playful"", ""emotional_availability"": ""ready"", ""gender"": ""woman"", ""has_children"": ""No"", ""lifestyle"": ""quiet"", ""location"": ""zone_d"", ""partner_children"": ""Prefer not to"", ""partner_smoking"": ""Open to it"", ""relationship_goal"": ""exploring"", ""relationship_pace"": ""quick"", ""relationship_structure"": ""Monogamous"", ""relocate"": ""no"", ""schedule"": ""weekend_evening, weekday_evening"", ""smoking"": ""No"", ""space_for_relationship"": ""moderate"", ""wants_children"": ""Unsure"", ""who_to_meet"": ""non-binary people""}"
syn_d61fb4b62616be94633cbe612a1e7a67,21,man,zone_a,True,,,ready,man,,,zone_a,,,,,,,,,,,,"{""emotional_availability"": ""ready"", ""gender"": ""man"", ""location"": ""zone_a""}"
syn_aaa30b8ed8386dbea129eab821d251a1,31,woman,zone_b,True,28-36,,,woman,No,,zone_b,Open to it,Not compatible for me,,,Monogamous,,weekday_evening,No,,I would like children,non-binary people,"{""age_range"": ""28-36"", ""gender"": ""woman"", ""has_children"": ""No"", ""location"": ""zone_b"", ""partner_children"": ""Open to it"", ""partner_smoking"": ""Not compatible for me"", ""relationship_structure"": ""Monogamous"", ""schedule"": ""weekday_evening"", ""smoking"": ""No"", ""wants_children"": ""I would like children"", ""who_to_meet"": ""non-binary people""}"
syn_cb5a779ce64228622150a5537eb8e76d,37,woman,zone_a,True,28-40,practical,ready,woman,No,social,zone_a,Prefer not to,Not compatible for me,exploring,quick,Monogamous,unsure,"weekend_day, weekend_evening, weekday_evening",No,ample,I do not want children,men,"{""age_range"": ""28-40"", ""conversations"": ""practical"", ""emotional_availability"": ""ready"", ""gender"": ""woman"", ""has_children"": ""No"", ""lifestyle"": ""social"", ""location"": ""zone_a"", ""partner_children"": ""Prefer not to"", ""partner_smoking"": ""Not compatible for me"", ""relationship_goal"": ""exploring"", ""relationship_pace"": ""quick"", ""relationship_structure"": ""Monogamous"", ""relocate"": ""unsure"", ""schedule"": ""weekend_day, weekend_evening, weekday_evening"", ""smoking"": ""No"", ""space_for_relationship"": ""ample"", ""wants_children"": ""I do not want children"", ""who_to_meet"": ""men""}"
syn_42ac3052ce85741b352753fef3e3491d,43,man,zone_c,True,37-47,stories,taking_time,man,No,quiet,zone_c,Open to it,Not compatible for me,exploring,steady,Ethically non-monogamous,yes,"weekend_evening, weekend_day",No,moderate,I do not want children,non-binary people,"{""age_range"": ""37-47"", ""conversations"": ""stories"", ""emotional_availability"": ""taking_time"", ""gender"": ""man"", ""has_children"": ""No"", ""lifestyle"": ""quiet"", ""location"": ""zone_c"", ""partner_children"": ""Open to it"", ""partner_smoking"": ""Not compatible for me"", ""relationship_goal"": ""exploring"", ""relationship_pace"": ""steady"", ""relationship_structure"": ""Ethically non-monogamous"", ""relocate"": ""yes"", ""schedule"": ""weekend_evening, weekend_day"", ""smoking"": ""No"", ""space_for_relationship"": ""moderate"", ""wants_children"": ""I do not want children"", ""who_to_meet"": ""non-binary people""}"
syn_3fb528e8a8d3fad2e2ae223d90286957,34,non_binary,zone_a,True,31-39,practical,,non_binary,No,,zone_a,Prefer not to,Not compatible for me,,slow,Monogamous,,weekend_day,No,,Unsure,non-binary people,"{""age_range"": ""31-39"", ""conversations"": ""practical"", ""gender"": ""non_binary"", ""has_children"": ""No"", ""location"": ""zone_a"", ""partner_children"": ""Prefer not to"", ""partner_smoking"": ""Not compatible for me"", ""relationship_pace"": ""slow"", ""relationship_structure"": ""Monogamous"", ""schedule"": ""weekend_day"", ""smoking"": ""No"", ""wants_children"": ""Unsure"", ""who_to_meet"": ""non-binary people""}"
syn_d1fa9c9c5f42899c78d34bd35e36c34c,29,man,zone_a,True,21-39,,taking_time,man,No,,zone_a,Prefer not to,Not compatible for me,,,Monogamous,,weekday_evening,No,,I do not want children,men,"{""age_range"": ""21-39"", ""emotional_availability"": ""taking_time"", ""gender"": ""man"", ""has_children"": ""No"", ""location"": ""zone_a"", ""partner_children"": ""Prefer not to"", ""partner_smoking"": ""Not compatible for me"", ""relationship_structure"": ""Monogamous"", ""schedule"": ""weekday_evening"", ""smoking"": ""No"", ""wants_children"": ""I do not want children"", ""who_to_meet"": ""men""}"
syn_11831cec5210880f3f805bbabdec2b14,30,woman,zone_b,True,23-33,stories,taking_time,woman,No,social,zone_b,Open to it,Not compatible for me,exploring,slow,Monogamous,yes,"weekday_evening, weekend_evening",No,moderate,I do not want children,non-binary people,"{""age_range"": ""23-33"", ""conversations"": ""stories"", ""emotional_availability"": ""taking_time"", ""gender"": ""woman"", ""has_children"": ""No"", ""lifestyle"": ""social"", ""location"": ""zone_b"", ""partner_children"": ""Open to it"", ""partner_smoking"": ""Not compatible for me"", ""relationship_goal"": ""exploring"", ""relationship_pace"": ""slow"", ""relationship_structure"": ""Monogamous"", ""relocate"": ""yes"", ""schedule"": ""weekday_evening, weekend_evening"", ""smoking"": ""No"", ""space_for_relationship"": ""moderate"", ""wants_children"": ""I do not want children"", ""who_to_meet"": ""non-binary people""}"
syn_07d00e0f0be2b15987bd4822db536e5b,23,man,zone_a,True,18-31,,,man,No,,zone_a,Open to it,Not compatible for me,,,Monogamous,,weekend_day,No,ample,Unsure,men,"{""age_range"": ""18-31"", ""gender"": ""man"", ""has_children"": ""No"", ""location"": ""zone_a"", ""partner_children"": ""Open to it"", ""partner_smoking"": ""Not compatible for me"", ""relationship_structure"": ""Monogamous"", ""schedule"": ""weekend_day"", ""smoking"": ""No"", ""space_for_relationship"": ""ample"", ""wants_children"": ""Unsure"", ""who_to_meet"": ""men""}"
syn_7ba87f2925be72c8ce3f0f4caf1fabce,33,woman,zone_c,True,,practical,,woman,,,zone_c,,,,,,,,,,,,"{""conversations"": ""practical"", ""gender"": ""woman"", ""location"": ""zone_c""}"
syn_ea9460e2b1c5b1a6cb888c0d65c64b1a,31,woman,zone_b,True,27-40,playful,taking_time,woman,No,social,zone_b,Prefer not to,Not compatible for me,exploring,slow,Monogamous,yes,"weekday_evening, weekend_day, weekend_evening",No,moderate,Unsure,"non-binary people, women","{""age_range"": ""27-40"", ""conversations"": ""playful"", ""emotional_availability"": ""taking_time"", ""gender"": ""woman"", ""has_children"": ""No"", ""lifestyle"": ""social"", ""location"": ""zone_b"", ""partner_children"": ""Prefer not to"", ""partner_smoking"": ""Not compatible for me"", ""relationship_goal"": ""exploring"", ""relationship_pace"": ""slow"", ""relationship_structure"": ""Monogamous"", ""relocate"": ""yes"", ""schedule"": ""weekday_evening, weekend_day, weekend_evening"", ""smoking"": ""No"", ""space_for_relationship"": ""moderate"", ""wants_children"": ""Unsure"", ""who_to_meet"": ""non-binary people, women""}"
syn_75c0303cff621800f7f90f00a2cb0319,31,woman,zone_a,True,,,,woman,,,zone_a,Open to it,,,,,,,,,,,"{""gender"": ""woman"", ""location"": ""zone_a"", ""partner_children"": ""Open to it""}"
syn_14542c8bff115e28601d3d1528ef7fa4,32,woman,zone_b,True,28-35,playful,ready,woman,No,mixed,zone_b,Prefer not to,Not compatible for me,long_term,steady,Monogamous,unsure,"weekend_evening, weekday_evening, weekend_day",No,ample,I would like children,non-binary people,"{""age_range"": ""28-35"", ""conversations"": ""playful"", ""emotional_availability"": ""ready"", ""gender"": ""woman"", ""has_children"": ""No"", ""lifestyle"": ""mixed"", ""location"": ""zone_b"", ""partner_children"": ""Prefer not to"", ""partner_smoking"": ""Not compatible for me"", ""relationship_goal"": ""long_term"", ""relationship_pace"": ""steady"", ""relationship_structure"": ""Monogamous"", ""relocate"": ""unsure"", ""schedule"": ""weekend_evening, weekday_evening, weekend_day"", ""smoking"": ""No"", ""space_for_relationship"": ""ample"", ""wants_children"": ""I would like children"", ""who_to_meet"": ""non-binary people""}"
syn_b716fd2c679990739d1cb28901b60582,38,woman,zone_a,True,29-47,ideas,ready,woman,No,social,zone_a,Open to it,Open to it,long_term,slow,Ethically non-monogamous,no,weekend_evening,Occasionally,moderate,I do not want children,"non-binary people, women, men","{""age_range"": ""29-47"", ""conversations"": ""ideas"", ""emotional_availability"": ""ready"", ""gender"": ""woman"", ""has_children"": ""No"", ""lifestyle"": ""social"", ""location"": ""zone_a"", ""partner_children"": ""Open to it"", ""partner_smoking"": ""Open to it"", ""relationship_goal"": ""long_term"", ""relationship_pace"": ""slow"", ""relationship_structure"": ""Ethically non-monogamous"", ""relocate"": ""no"", ""schedule"": ""weekend_evening"", ""smoking"": ""Occasionally"", ""space_for_relationship"": ""moderate"", ""wants_children"": ""I do not want children"", ""who_to_meet"": ""non-binary people, women, men""}"
syn_573a03b8dfad5abf64e89241a2254f1d,32,woman,zone_a,True,29-35,ideas,taking_time,woman,No,social,zone_a,Open to it,Open to it,exploring,quick,Monogamous,unsure,weekend_day,No,limited,I would like children,"men, non-binary people, women","{""age_range"": ""29-35"", ""conversations"": ""ideas"", ""emotional_availability"": ""taking_time"", ""gender"": ""woman"", ""has_children"": ""No"", ""lifestyle"": ""social"", ""location"": ""zone_a"", ""partner_children"": ""Open to it"", ""partner_smoking"": ""Open to it"", ""relationship_goal"": ""exploring"", ""relationship_pace"": ""quick"", ""relationship_structure"": ""Monogamous"", ""relocate"": ""unsure"", ""schedule"": ""weekend_day"", ""smoking"": ""No"", ""space_for_relationship"": ""limited"", ""wants_children"": ""I would like children"", ""who_to_meet"": ""men, non-binary people, women""}"
syn_b8b95bb87e12f624d7aec4cc98ea76cc,32,woman,zone_a,True,,,,woman,,,zone_a,,,long_term,quick,,,,,,,,"{""gender"": ""woman"", ""location"": ""zone_a"", ""relationship_goal"": ""long_term"", ""relationship_pace"": ""quick""}"
syn_b96a53db8c56aab2e0c078140721d4e5,31,woman,zone_c,True,28-41,playful,,woman,No,,zone_c,Prefer not to,Open to it,,,Monogamous,,"weekend_evening, weekend_day",No,,I would like children,non-binary people,"{""age_range"": ""28-41"", ""conversations"": ""playful"", ""gender"": ""woman"", ""has_children"": ""No"", ""location"": ""zone_c"", ""partner_children"": ""Prefer not to"", ""partner_smoking"": ""Open to it"", ""relationship_structure"": ""Monogamous"", ""schedule"": ""weekend_evening, weekend_day"", ""smoking"": ""No"", ""wants_children"": ""I would like children"", ""who_to_meet"": ""non-binary people""}"
syn_6cd41e29231b79ac3d4e536f27d8542c,21,woman,zone_c,True,18-31,practical,taking_time,woman,No,mixed,zone_c,Prefer not to,Not compatible for me,exploring,quick,Monogamous,unsure,"weekend_day, weekday_evening",Occasionally,limited,I would like children,non-binary people,"{""age_range"": ""18-31"", ""conversations"": ""practical"", ""emotional_availability"": ""taking_time"", ""gender"": ""woman"", ""has_children"": ""No"", ""lifestyle"": ""mixed"", ""location"": ""zone_c"", ""partner_children"": ""Prefer not to"", ""partner_smoking"": ""Not compatible for me"", ""relationship_goal"": ""exploring"", ""relationship_pace"": ""quick"", ""relationship_structure"": ""Monogamous"", ""relocate"": ""unsure"", ""schedule"": ""weekend_day, weekday_evening"", ""smoking"": ""Occasionally"", ""space_for_relationship"": ""limited"", ""wants_children"": ""I would like children"", ""who_to_meet"": ""non-binary people""}"
syn_b408c39d2454137d63423d8431a01b97,22,man,zone_b,True,18-27,,,man,No,,zone_b,Prefer not to,Not compatible for me,exploring,,Monogamous,,"weekend_evening, weekend_day, weekday_evening",No,,Unsure,women,"{""age_range"": ""18-27"", ""gender"": ""man"", ""has_children"": ""No"", ""location"": ""zone_b"", ""partner_children"": ""Prefer not to"", ""partner_smoking"": ""Not compatible for me"", ""relationship_goal"": ""exploring"", ""relationship_structure"": ""Monogamous"", ""schedule"": ""weekend_evening, weekend_day, weekday_evening"", ""smoking"": ""No"", ""wants_children"": ""Unsure"", ""who_to_meet"": ""women""}"
syn_f92952a8966a085892fde0dcea9f7050,38,man,zone_a,True,29-48,ideas,ready,man,No,quiet,zone_a,Prefer not to,Open to it,exploring,slow,Monogamous,unsure,"weekday_evening, weekend_evening",No,limited,Unsure,women,"{""age_range"": ""29-48"", ""conversations"": ""ideas"", ""emotional_availability"": ""ready"", ""gender"": ""man"", ""has_children"": ""No"", ""lifestyle"": ""quiet"", ""location"": ""zone_a"", ""partner_children"": ""Prefer not to"", ""partner_smoking"": ""Open to it"", ""relationship_goal"": ""exploring"", ""relationship_pace"": ""slow"", ""relationship_structure"": ""Monogamous"", ""relocate"": ""unsure"", ""schedule"": ""weekday_evening, weekend_evening"", ""smoking"": ""No"", ""space_for_relationship"": ""limited"", ""wants_children"": ""Unsure"", ""who_to_meet"": ""women""}"
syn_7ab5fa3a9326035c6c155e7a42097903,41,non_binary,zone_a,True,33-48,,,non_binary,No,,zone_a,Prefer not to,Not compatible for me,,,Monogamous,,weekend_evening,No,,I would like children,non-binary people,"{""age_range"": ""33-48"", ""gender"": ""non_binary"", ""has_children"": ""No"", ""location"": ""zone_a"", ""partner_children"": ""Prefer not to"", ""partner_smoking"": ""Not compatible for me"", ""relationship_structure"": ""Monogamous"", ""schedule"": ""weekend_evening"", ""smoking"": ""No"", ""wants_children"": ""I would like children"", ""who_to_meet"": ""non-binary people""}"
syn_9ee09e49e4f8aded8b0d14e1e58a6462,43,woman,zone_c,True,34-46,ideas,taking_time,woman,No,quiet,zone_c,Open to it,Open to it,long_term,slow,Monogamous,no,weekday_evening,Occasionally,limited,Unsure,men,"{""age_range"": ""34-46"", ""conversations"": ""ideas"", ""emotional_availability"": ""taking_time"", ""gender"": ""woman"", ""has_children"": ""No"", ""lifestyle"": ""quiet"", ""location"": ""zone_c"", ""partner_children"": ""Open to it"", ""partner_smoking"": ""Open to it"", ""relationship_goal"": ""long_term"", ""relationship_pace"": ""slow"", ""relationship_structure"": ""Monogamous"", ""relocate"": ""no"", ""schedule"": ""weekday_evening"", ""smoking"": ""Occasionally"", ""space_for_relationship"": ""limited"", ""wants_children"": ""Unsure"", ""who_to_meet"": ""men""}"
syn_4025967d223b53ae90e6c42a508c6045,28,woman,zone_a,True,,,taking_time,woman,,,zone_a,Open to it,,,,,,,,,,,"{""emotional_availability"": ""taking_time"", ""gender"": ""woman"", ""location"": ""zone_a"", ""partner_children"": ""Open to it""}"
syn_7f15ca6589378e2a157edbbae23d3bfa,40,woman,zone_a,True,,,taking_time,woman,,,zone_a,,,,,,,,,,,,"{""emotional_availability"": ""taking_time"", ""gender"": ""woman"", ""location"": ""zone_a""}"
syn_9583224e7d1037276bd9ea879ee314c3,26,man,zone_a,True,18-32,ideas,ready,man,No,social,zone_a,Open to it,Open to it,long_term,slow,Monogamous,yes,"weekend_evening, weekday_evening",Occasionally,limited,Unsure,men,"{""age_range"": ""18-32"", ""conversations"": ""ideas"", ""emotional_availability"": ""ready"", ""gender"": ""man"", ""has_children"": ""No"", ""lifestyle"": ""social"", ""location"": ""zone_a"", ""partner_children"": ""Open to it"", ""partner_smoking"": ""Open to it"", ""relationship_goal"": ""long_term"", ""relationship_pace"": ""slow"", ""relationship_structure"": ""Monogamous"", ""relocate"": ""yes"", ""schedule"": ""weekend_evening, weekday_evening"", ""smoking"": ""Occasionally"", ""space_for_relationship"": ""limited"", ""wants_children"": ""Unsure"", ""who_to_meet"": ""men""}"
syn_c8022319065adacc9f06b5af1435cd48,46,woman,zone_a,True,,,,woman,No,,zone_a,,,,,,,,,,,,"{""gender"": ""woman"", ""has_children"": ""No"", ""location"": ""zone_a""}"
syn_1551ea976e4527d2ba7e4c210cdf6658,28,man,zone_a,True,21-34,ideas,ready,man,No,mixed,zone_a,Prefer not to,Open to it,long_term,quick,Monogamous,yes,"weekend_evening, weekend_day",Occasionally,moderate,I do not want children,"men, non-binary people, women","{""age_range"": ""21-34"", ""conversations"": ""ideas"", ""emotional_availability"": ""ready"", ""gender"": ""man"", ""has_children"": ""No"", ""lifestyle"": ""mixed"", ""location"": ""zone_a"", ""partner_children"": ""Prefer not to"", ""partner_smoking"": ""Open to it"", ""relationship_goal"": ""long_term"", ""relationship_pace"": ""quick"", ""relationship_structure"": ""Monogamous"", ""relocate"": ""yes"", ""schedule"": ""weekend_evening, weekend_day"", ""smoking"": ""Occasionally"", ""space_for_relationship"": ""moderate"", ""wants_children"": ""I do not want children"", ""who_to_meet"": ""men, non-binary people, women""}"
syn_7c94f23bce5b8935f0d5c4272202e69b,44,woman,zone_a,True,,,taking_time,woman,,,zone_a,,,,,Monogamous,,,,,,"men, women","{""emotional_availability"": ""taking_time"", ""gender"": ""woman"", ""location"": ""zone_a"", ""relationship_structure"": ""Monogamous"", ""who_to_meet"": ""men, women""}"
syn_c5c2bb619143326f31f63696f69ba473,33,woman,zone_a,True,29-43,practical,taking_time,woman,No,social,zone_a,Prefer not to,Open to it,long_term,quick,Monogamous,yes,"weekend_evening, weekend_day, weekday_evening",Occasionally,moderate,I would like children,"non-binary people, women","{""age_range"": ""29-43"", ""conversations"": ""practical"", ""emotional_availability"": ""taking_time"", ""gender"": ""woman"", ""has_children"": ""No"", ""lifestyle"": ""social"", ""location"": ""zone_a"", ""partner_children"": ""Prefer not to"", ""partner_smoking"": ""Open to it"", ""relationship_goal"": ""long_term"", ""relationship_pace"": ""quick"", ""relationship_structure"": ""Monogamous"", ""relocate"": ""yes"", ""schedule"": ""weekend_evening, weekend_day, weekday_evening"", ""smoking"": ""Occasionally"", ""space_for_relationship"": ""moderate"", ""wants_children"": ""I would like children"", ""who_to_meet"": ""non-binary people, women""}"
syn_de9984d46958b174812fdff68ea30828,46,woman,zone_a,True,37-56,,,woman,No,,zone_a,Prefer not to,Open to it,,,Monogamous,,"weekend_evening, weekday_evening, weekend_day",Occasionally,,I would like children,women,"{""age_range"": ""37-56"", ""gender"": ""woman"", ""has_children"": ""No"", ""location"": ""zone_a"", ""partner_children"": ""Prefer not to"", ""partner_smoking"": ""Open to it"", ""relationship_structure"": ""Monogamous"", ""schedule"": ""weekend_evening, weekday_evening, weekend_day"", ""smoking"": ""Occasionally"", ""wants_children"": ""I would like children"", ""who_to_meet"": ""women""}"
syn_3ee5977045ade35db0c4794d07c675b3,40,woman,zone_a,True,31-44,stories,taking_time,woman,No,social,zone_a,Prefer not to,Open to it,exploring,steady,Monogamous,unsure,weekend_day,No,ample,I do not want children,non-binary people,"{""age_range"": ""31-44"", ""conversations"": ""stories"", ""emotional_availability"": ""taking_time"", ""gender"": ""woman"", ""has_children"": ""No"", ""lifestyle"": ""social"", ""location"": ""zone_a"", ""partner_children"": ""Prefer not to"", ""partner_smoking"": ""Open to it"", ""relationship_goal"": ""exploring"", ""relationship_pace"": ""steady"", ""relationship_structure"": ""Monogamous"", ""relocate"": ""unsure"", ""schedule"": ""weekend_day"", ""smoking"": ""No"", ""space_for_relationship"": ""ample"", ""wants_children"": ""I do not want children"", ""who_to_meet"": ""non-binary people""}"
syn_57007838a9f766f6eba367f291ecdef7,37,woman,zone_a,True,30-41,stories,ready,woman,No,social,zone_a,Prefer not to,Not compatible for me,exploring,steady,Monogamous,unsure,weekend_day,No,moderate,I do not want children,women,"{""age_range"": ""30-41"", ""conversations"": ""stories"", ""emotional_availability"": ""ready"", ""gender"": ""woman"", ""has_children"": ""No"", ""lifestyle"": ""social"", ""location"": ""zone_a"", ""partner_children"": ""Prefer not to"", ""partner_smoking"": ""Not compatible for me"", ""relationship_goal"": ""exploring"", ""relationship_pace"": ""steady"", ""relationship_structure"": ""Monogamous"", ""relocate"": ""unsure"", ""schedule"": ""weekend_day"", ""smoking"": ""No"", ""space_for_relationship"": ""moderate"", ""wants_children"": ""I do not want children"", ""who_to_meet"": ""women""}"
syn_b8047d1ba862c0dde95804774a9f1228,39,man,zone_a,True,29-48,,,man,No,social,zone_a,Open to it,Not compatible for me,,steady,Monogamous,,"weekend_evening, weekday_evening, weekend_day",No,limited,Unsure,men,"{""age_range"": ""29-48"", ""gender"": ""man"", ""has_children"": ""No"", ""lifestyle"": ""social"", ""location"": ""zone_a"", ""partner_children"": ""Open to it"", ""partner_smoking"": ""Not compatible for me"", ""relationship_pace"": ""steady"", ""relationship_structure"": ""Monogamous"", ""schedule"": ""weekend_evening, weekday_evening, weekend_day"", ""smoking"": ""No"", ""space_for_relationship"": ""limited"", ""wants_children"": ""Unsure"", ""who_to_meet"": ""men""}"
syn_61c783b0ce6eaecc74daf8d68dc9dea3,31,woman,zone_b,True,,,ready,woman,No,quiet,zone_b,,,,,,,,,,,,"{""emotional_availability"": ""ready"", ""gender"": ""woman"", ""has_children"": ""No"", ""lifestyle"": ""quiet"", ""location"": ""zone_b""}"
syn_b7496f90a50a3089f452431c5344bcc0,35,man,zone_a,True,29-39,,,man,No,,zone_a,Open to it,Not compatible for me,,,Monogamous,,weekend_day,No,,I do not want children,women,"{""age_range"": ""29-39"", ""gender"": ""man"", ""has_children"": ""No"", ""location"": ""zone_a"", ""partner_children"": ""Open to it"", ""partner_smoking"": ""Not compatible for me"", ""relationship_structure"": ""Monogamous"", ""schedule"": ""weekend_day"", ""smoking"": ""No"", ""wants_children"": ""I do not want children"", ""who_to_meet"": ""women""}"
syn_686e87f9f58ad0ac7d06497cc3cc299f,29,woman,zone_a,True,21-32,,,woman,No,social,zone_a,Open to it,Open to it,,,Monogamous,,weekend_evening,Occasionally,,I would like children,women,"{""age_range"": ""21-32"", ""gender"": ""woman"", ""has_children"": ""No"", ""lifestyle"": ""social"", ""location"": ""zone_a"", ""partner_children"": ""Open to it"", ""partner_smoking"": ""Open to it"", ""relationship_structure"": ""Monogamous"", ""schedule"": ""weekend_evening"", ""smoking"": ""Occasionally"", ""wants_children"": ""I would like children"", ""who_to_meet"": ""women""}"
syn_f9cafe15371bb97f5d778e91f72560b2,40,woman,zone_c,True,31-50,practical,,woman,No,,zone_c,Open to it,Open to it,,,Monogamous,,weekend_day,No,,I do not want children,non-binary people,"{""age_range"": ""31-50"", ""conversations"": ""practical"", ""gender"": ""woman"", ""has_children"": ""No"", ""location"": ""zone_c"", ""partner_children"": ""Open to it"", ""partner_smoking"": ""Open to it"", ""relationship_structure"": ""Monogamous"", ""schedule"": ""weekend_day"", ""smoking"": ""No"", ""wants_children"": ""I do not want children"", ""who_to_meet"": ""non-binary people""}"
syn_e712d22fcebac37a97c72a6a2bb621ae,41,woman,zone_a,True,37-44,playful,ready,woman,No,social,zone_a,Open to it,Not compatible for me,long_term,quick,Monogamous,unsure,weekend_evening,Occasionally,ample,I do not want children,men,"{""age_range"": ""37-44"", ""conversations"": ""playful"", ""emotional_availability"": ""ready"", ""gender"": ""woman"", ""has_children"": ""No"", ""lifestyle"": ""social"", ""location"": ""zone_a"", ""partner_children"": ""Open to it"", ""partner_smoking"": ""Not compatible for me"", ""relationship_goal"": ""long_term"", ""relationship_pace"": ""quick"", ""relationship_structure"": ""Monogamous"", ""relocate"": ""unsure"", ""schedule"": ""weekend_evening"", ""smoking"": ""Occasionally"", ""space_for_relationship"": ""ample"", ""wants_children"": ""I do not want children"", ""who_to_meet"": ""men""}"
syn_608630ea3cc6577f1ac277af3dac41ac,33,woman,zone_b,True,,,,woman,,,zone_b,,,,,,no,,,,,,"{""gender"": ""woman"", ""location"": ""zone_b"", ""relocate"": ""no""}"
syn_6f24f668297d07db7e0b248d7d7b23e5,23,woman,zone_a,True,,,,woman,,,zone_a,,,,,,unsure,,Occasionally,,,,"{""gender"": ""woman"", ""location"": ""zone_a"", ""relocate"": ""unsure"", ""smoking"": ""Occasionally""}"
syn_6fb76039ce14ae7e7b091cfd4aa2fab9,46,woman,zone_a,True,43-49,,,woman,No,,zone_a,Open to it,Not compatible for me,,,Monogamous,,"weekend_evening, weekday_evening",Occasionally,,Unsure,women,"{""age_range"": ""43-49"", ""gender"": ""woman"", ""has_children"": ""No"", ""location"": ""zone_a"", ""partner_children"": ""Open to it"", ""partner_smoking"": ""Not compatible for me"", ""relationship_structure"": ""Monogamous"", ""schedule"": ""weekend_evening, weekday_evening"", ""smoking"": ""Occasionally"", ""wants_children"": ""Unsure"", ""who_to_meet"": ""women""}"
syn_a98fb3f32285473f75518fc19b88374a,41,non_binary,zone_a,True,,,,non_binary,,,zone_a,,,,,Monogamous,,"weekend_evening, weekend_day",,,,,"{""gender"": ""non_binary"", ""location"": ""zone_a"", ""relationship_structure"": ""Monogamous"", ""schedule"": ""weekend_evening, weekend_day""}"
syn_7410e9876c8af44e8302f95dbbd9ef61,26,woman,zone_d,True,,,taking_time,woman,,,zone_d,,,,,,,,,,,,"{""emotional_availability"": ""taking_time"", ""gender"": ""woman"", ""location"": ""zone_d""}"
syn_aa8dfeae9952b8f07b31b3ada3f3a4a8,22,woman,zone_a,True,18-28,,,woman,No,,zone_a,Prefer not to,Not compatible for me,,,Monogamous,,"weekday_evening, weekend_evening",Occasionally,,I would like children,men,"{""age_range"": ""18-28"", ""gender"": ""woman"", ""has_children"": ""No"", ""location"": ""zone_a"", ""partner_children"": ""Prefer not to"", ""partner_smoking"": ""Not compatible for me"", ""relationship_structure"": ""Monogamous"", ""schedule"": ""weekday_evening, weekend_evening"", ""smoking"": ""Occasionally"", ""wants_children"": ""I would like children"", ""who_to_meet"": ""men""}"
syn_14be31a6f5751effecdd653ba233d83b,37,man,zone_a,True,,,,man,,,zone_a,,,,,,no,,,,,,"{""gender"": ""man"", ""location"": ""zone_a"", ""relocate"": ""no""}"
syn_a7b0db9c3a0ba7079f9418439f354a94,28,woman,zone_a,True,19-33,,,woman,No,,zone_a,Open to it,Not compatible for me,,,Monogamous,,"weekday_evening, weekend_evening, weekend_day",No,,Unsure,non-binary people,"{""age_range"": ""19-33"", ""gender"": ""woman"", ""has_children"": ""No"", ""location"": ""zone_a"", ""partner_children"": ""Open to it"", ""partner_smoking"": ""Not compatible for me"", ""relationship_structure"": ""Monogamous"", ""schedule"": ""weekday_evening, weekend_evening, weekend_day"", ""smoking"": ""No"", ""wants_children"": ""Unsure"", ""who_to_meet"": ""non-binary people""}"
syn_111602846da317f9e7c801b1b732a120,44,man,zone_a,True,39-48,,,man,Yes,,zone_a,Prefer not to,Not compatible for me,,,Monogamous,,weekday_evening,No,,I would like children,women,"{""age_range"": ""39-48"", ""gender"": ""man"", ""has_children"": ""Yes"", ""location"": ""zone_a"", ""partner_children"": ""Prefer not to"", ""partner_smoking"": ""Not compatible for me"", ""relationship_structure"": ""Monogamous"", ""schedule"": ""weekday_evening"", ""smoking"": ""No"", ""wants_children"": ""I would like children"", ""who_to_meet"": ""women""}"
syn_75c4423d368585c90037ca341d41cdd2,42,woman,zone_a,True,,stories,ready,woman,,,zone_a,,,,,,,,,,,,"{""conversations"": ""stories"", ""emotional_availability"": ""ready"", ""gender"": ""woman"", ""location"": ""zone_a""}"
syn_6ec7357aad8264c9e184a5594fee04d2,27,woman,zone_a,True,,practical,,woman,,,zone_a,,,exploring,,,,,,ample,,,"{""conversations"": ""practical"", ""gender"": ""woman"", ""location"": ""zone_a"", ""relationship_goal"": ""exploring"", ""space_for_relationship"": ""ample""}"
syn_90ceba4bcddb713f4bd8371d5e3a576f,23,man,zone_a,True,18-33,,,man,No,,zone_a,Prefer not to,Open to it,,,Ethically non-monogamous,,"weekend_evening, weekday_evening, weekend_day",Occasionally,,Unsure,men,"{""age_range"": ""18-33"", ""gender"": ""man"", ""has_children"": ""No"", ""location"": ""zone_a"", ""partner_children"": ""Prefer not to"", ""partner_smoking"": ""Open to it"", ""relationship_structure"": ""Ethically non-monogamous"", ""schedule"": ""weekend_evening, weekday_evening, weekend_day"", ""smoking"": ""Occasionally"", ""wants_children"": ""Unsure"", ""who_to_meet"": ""men""}"
syn_d8297187c07e8cef2c48c6ed6cf3eef0,25,man,zone_b,True,22-31,stories,taking_time,man,No,mixed,zone_b,Open to it,Open to it,exploring,steady,Monogamous,no,"weekend_evening, weekend_day, weekday_evening",Occasionally,moderate,Unsure,non-binary people,"{""age_range"": ""22-31"", ""conversations"": ""stories"", ""emotional_availability"": ""taking_time"", ""gender"": ""man"", ""has_children"": ""No"", ""lifestyle"": ""mixed"", ""location"": ""zone_b"", ""partner_children"": ""Open to it"", ""partner_smoking"": ""Open to it"", ""relationship_goal"": ""exploring"", ""relationship_pace"": ""steady"", ""relationship_structure"": ""Monogamous"", ""relocate"": ""no"", ""schedule"": ""weekend_evening, weekend_day, weekday_evening"", ""smoking"": ""Occasionally"", ""space_for_relationship"": ""moderate"", ""wants_children"": ""Unsure"", ""who_to_meet"": ""non-binary people""}"
syn_fd8122bc2d96f071c6a9fe865fc309e6,34,woman,zone_a,True,25-37,stories,ready,woman,No,quiet,zone_a,Prefer not to,Open to it,exploring,quick,Monogamous,unsure,"weekend_evening, weekday_evening",Yes,limited,Unsure,women,"{""age_range"": ""25-37"", ""conversations"": ""stories"", ""emotional_availability"": ""ready"", ""gender"": ""woman"", ""has_children"": ""No"", ""lifestyle"": ""quiet"", ""location"": ""zone_a"", ""partner_children"": ""Prefer not to"", ""partner_smoking"": ""Open to it"", ""relationship_goal"": ""exploring"", ""relationship_pace"": ""quick"", ""relationship_structure"": ""Monogamous"", ""relocate"": ""unsure"", ""schedule"": ""weekend_evening, weekday_evening"", ""smoking"": ""Yes"", ""space_for_relationship"": ""limited"", ""wants_children"": ""Unsure"", ""who_to_meet"": ""women""}"
syn_6ac02d8581ce3e2ae0e90c94845e8ef1,46,man,zone_a,True,41-52,,,man,No,,zone_a,Prefer not to,Open to it,,,Monogamous,,"weekend_day, weekend_evening",No,,Unsure,women,"{""age_range"": ""41-52"", ""gender"": ""man"", ""has_children"": ""No"", ""location"": ""zone_a"", ""partner_children"": ""Prefer not to"", ""partner_smoking"": ""Open to it"", ""relationship_structure"": ""Monogamous"", ""schedule"": ""weekend_day, weekend_evening"", ""smoking"": ""No"", ""wants_children"": ""Unsure"", ""who_to_meet"": ""women""}"
syn_e085086e15d703e5c1d2ac73107e4ca0,30,man,zone_a,True,20-40,playful,taking_time,man,No,quiet,zone_a,Open to it,Open to it,exploring,steady,Monogamous,unsure,weekday_evening,No,moderate,I would like children,women,"{""age_range"": ""20-40"", ""conversations"": ""playful"", ""emotional_availability"": ""taking_time"", ""gender"": ""man"", ""has_children"": ""No"", ""lifestyle"": ""quiet"", ""location"": ""zone_a"", ""partner_children"": ""Open to it"", ""partner_smoking"": ""Open to it"", ""relationship_goal"": ""exploring"", ""relationship_pace"": ""steady"", ""relationship_structure"": ""Monogamous"", ""relocate"": ""unsure"", ""schedule"": ""weekday_evening"", ""smoking"": ""No"", ""space_for_relationship"": ""moderate"", ""wants_children"": ""I would like children"", ""who_to_meet"": ""women""}"
syn_3de295dd7f95a97ede178c9673e88811,44,man,zone_a,True,38-51,ideas,ready,man,No,social,zone_a,Open to it,Not compatible for me,exploring,steady,Monogamous,unsure,weekend_day,No,ample,I do not want children,men,"{""age_range"": ""38-51"", ""conversations"": ""ideas"", ""emotional_availability"": ""ready"", ""gender"": ""man"", ""has_children"": ""No"", ""lifestyle"": ""social"", ""location"": ""zone_a"", ""partner_children"": ""Open to it"", ""partner_smoking"": ""Not compatible for me"", ""relationship_goal"": ""exploring"", ""relationship_pace"": ""steady"", ""relationship_structure"": ""Monogamous"", ""relocate"": ""unsure"", ""schedule"": ""weekend_day"", ""smoking"": ""No"", ""space_for_relationship"": ""ample"", ""wants_children"": ""I do not want children"", ""who_to_meet"": ""men""}"
syn_91b7e5002d9a5860ae46a3fb28c314ec,21,man,zone_c,True,18-24,playful,ready,man,No,social,zone_c,Open to it,Not compatible for me,long_term,quick,Monogamous,yes,"weekend_day, weekend_evening, weekday_evening",No,limited,I do not want children,women,"{""age_range"": ""18-24"", ""conversations"": ""playful"", ""emotional_availability"": ""ready"", ""gender"": ""man"", ""has_children"": ""No"", ""lifestyle"": ""social"", ""location"": ""zone_c"", ""partner_children"": ""Open to it"", ""partner_smoking"": ""Not compatible for me"", ""relationship_goal"": ""long_term"", ""relationship_pace"": ""quick"", ""relationship_structure"": ""Monogamous"", ""relocate"": ""yes"", ""schedule"": ""weekend_day, weekend_evening, weekday_evening"", ""smoking"": ""No"", ""space_for_relationship"": ""limited"", ""wants_children"": ""I do not want children"", ""who_to_meet"": ""women""}"
syn_1b8d15f11031c19fadc9f1abd8ee0d1c,28,woman,zone_c,True,24-33,,,woman,No,,zone_c,Prefer not to,Open to it,long_term,,Monogamous,,"weekend_evening, weekday_evening, weekend_day",No,limited,I would like children,non-binary people,"{""age_range"": ""24-33"", ""gender"": ""woman"", ""has_children"": ""No"", ""location"": ""zone_c"", ""partner_children"": ""Prefer not to"", ""partner_smoking"": ""Open to it"", ""relationship_goal"": ""long_term"", ""relationship_structure"": ""Monogamous"", ""schedule"": ""weekend_evening, weekday_evening, weekend_day"", ""smoking"": ""No"", ""space_for_relationship"": ""limited"", ""wants_children"": ""I would like children"", ""who_to_meet"": ""non-binary people""}"
syn_730e120c211bd2647b3d41ab05bacd66,39,non_binary,zone_a,True,32-43,practical,taking_time,non_binary,No,social,zone_a,Open to it,Open to it,exploring,quick,Monogamous,no,"weekend_evening, weekend_day, weekday_evening",No,ample,I would like children,"non-binary people, men","{""age_range"": ""32-43"", ""conversations"": ""practical"", ""emotional_availability"": ""taking_time"", ""gender"": ""non_binary"", ""has_children"": ""No"", ""lifestyle"": ""social"", ""location"": ""zone_a"", ""partner_children"": ""Open to it"", ""partner_smoking"": ""Open to it"", ""relationship_goal"": ""exploring"", ""relationship_pace"": ""quick"", ""relationship_structure"": ""Monogamous"", ""relocate"": ""no"", ""schedule"": ""weekend_evening, weekend_day, weekday_evening"", ""smoking"": ""No"", ""space_for_relationship"": ""ample"", ""wants_children"": ""I would like children"", ""who_to_meet"": ""non-binary people, men""}"
syn_42b386591be280dda52f19fa176c271e,23,woman,zone_a,True,18-31,ideas,taking_time,woman,Yes,quiet,zone_a,Open to it,Open to it,long_term,slow,Monogamous,no,"weekend_day, weekday_evening, weekend_evening",No,moderate,I do not want children,women,"{""age_range"": ""18-31"", ""conversations"": ""ideas"", ""emotional_availability"": ""taking_time"", ""gender"": ""woman"", ""has_children"": ""Yes"", ""lifestyle"": ""quiet"", ""location"": ""zone_a"", ""partner_children"": ""Open to it"", ""partner_smoking"": ""Open to it"", ""relationship_goal"": ""long_term"", ""relationship_pace"": ""slow"", ""relationship_structure"": ""Monogamous"", ""relocate"": ""no"", ""schedule"": ""weekend_day, weekday_evening, weekend_evening"", ""smoking"": ""No"", ""space_for_relationship"": ""moderate"", ""wants_children"": ""I do not want children"", ""who_to_meet"": ""women""}"
syn_cf609034bcf54c48f8b637e62f74a25c,22,woman,zone_b,True,,,,woman,,mixed,zone_b,,,,,,,,,,,,"{""gender"": ""woman"", ""lifestyle"": ""mixed"", ""location"": ""zone_b""}"
syn_1b393d709f17ea0f9385e36aa92af5ca,44,man,zone_a,True,36-54,playful,taking_time,man,No,quiet,zone_a,Prefer not to,Not compatible for me,exploring,steady,Monogamous,unsure,weekend_evening,No,limited,I do not want children,non-binary people,"{""age_range"": ""36-54"", ""conversations"": ""playful"", ""emotional_availability"": ""taking_time"", ""gender"": ""man"", ""has_children"": ""No"", ""lifestyle"": ""quiet"", ""location"": ""zone_a"", ""partner_children"": ""Prefer not to"", ""partner_smoking"": ""Not compatible for me"", ""relationship_goal"": ""exploring"", ""relationship_pace"": ""steady"", ""relationship_structure"": ""Monogamous"", ""relocate"": ""unsure"", ""schedule"": ""weekend_evening"", ""smoking"": ""No"", ""space_for_relationship"": ""limited"", ""wants_children"": ""I do not want children"", ""who_to_meet"": ""non-binary people""}"
syn_b88ce89501a2379d43b0bdc80333e3cb,41,woman,zone_c,True,34-48,,ready,woman,Yes,,zone_c,Prefer not to,Open to it,,,Monogamous,,"weekday_evening, weekend_day",No,,I do not want children,non-binary people,"{""age_range"": ""34-48"", ""emotional_availability"": ""ready"", ""gender"": ""woman"", ""has_children"": ""Yes"", ""location"": ""zone_c"", ""partner_children"": ""Prefer not to"", ""partner_smoking"": ""Open to it"", ""relationship_structure"": ""Monogamous"", ""schedule"": ""weekday_evening, weekend_day"", ""smoking"": ""No"", ""wants_children"": ""I do not want children"", ""who_to_meet"": ""non-binary people""}"
syn_e252c24579bd0e85706f1ef6dd1a2e88,39,man,zone_a,True,32-46,practical,taking_time,man,No,quiet,zone_a,Open to it,Open to it,long_term,quick,Monogamous,no,"weekend_day, weekend_evening, weekday_evening",Yes,moderate,I would like children,non-binary people,"{""age_range"": ""32-46"", ""conversations"": ""practical"", ""emotional_availability"": ""taking_time"", ""gender"": ""man"", ""has_children"": ""No"", ""lifestyle"": ""quiet"", ""location"": ""zone_a"", ""partner_children"": ""Open to it"", ""partner_smoking"": ""Open to it"", ""relationship_goal"": ""long_term"", ""relationship_pace"": ""quick"", ""relationship_structure"": ""Monogamous"", ""relocate"": ""no"", ""schedule"": ""weekend_day, weekend_evening, weekday_evening"", ""smoking"": ""Yes"", ""space_for_relationship"": ""moderate"", ""wants_children"": ""I would like children"", ""who_to_meet"": ""non-binary people""}"
syn_1c863f7c34f7bebb0b0f437023d70528,21,woman,zone_c,True,18-24,practical,ready,woman,No,mixed,zone_c,Open to it,Not compatible for me,exploring,quick,Monogamous,yes,weekend_evening,No,moderate,I would like children,"women, non-binary people","{""age_range"": ""18-24"", ""conversations"": ""practical"", ""emotional_availability"": ""ready"", ""gender"": ""woman"", ""has_children"": ""No"", ""lifestyle"": ""mixed"", ""location"": ""zone_c"", ""partner_children"": ""Open to it"", ""partner_smoking"": ""Not compatible for me"", ""relationship_goal"": ""exploring"", ""relationship_pace"": ""quick"", ""relationship_structure"": ""Monogamous"", ""relocate"": ""yes"", ""schedule"": ""weekend_evening"", ""smoking"": ""No"", ""space_for_relationship"": ""moderate"", ""wants_children"": ""I would like children"", ""who_to_meet"": ""women, non-binary people""}"
syn_b620ae64ac96d2c24a74bbaf6ed85daa,42,man,zone_d,True,36-49,,,man,No,,zone_d,Prefer not to,Open to it,,,Monogamous,,weekend_day,No,,Unsure,men,"{""age_range"": ""36-49"", ""gender"": ""man"", ""has_children"": ""No"", ""location"": ""zone_d"", ""partner_children"": ""Prefer not to"", ""partner_smoking"": ""Open to it"", ""relationship_structure"": ""Monogamous"", ""schedule"": ""weekend_day"", ""smoking"": ""No"", ""wants_children"": ""Unsure"", ""who_to_meet"": ""men""}"
syn_0623163c4f259bae488bf453dbe4b18d,28,non_binary,zone_a,True,,ideas,,non_binary,,,zone_a,,,,,,,,,,,,"{""conversations"": ""ideas"", ""gender"": ""non_binary"", ""location"": ""zone_a""}"
syn_7c2d8b1ab9d514924a77c6a9f5814290,25,man,zone_d,True,18-34,,taking_time,man,Yes,,zone_d,Open to it,Not compatible for me,,,Monogamous,,weekend_evening,Occasionally,,Unsure,women,"{""age_range"": ""18-34"", ""emotional_availability"": ""taking_time"", ""gender"": ""man"", ""has_children"": ""Yes"", ""location"": ""zone_d"", ""partner_children"": ""Open to it"", ""partner_smoking"": ""Not compatible for me"", ""relationship_structure"": ""Monogamous"", ""schedule"": ""weekend_evening"", ""smoking"": ""Occasionally"", ""wants_children"": ""Unsure"", ""who_to_meet"": ""women""}"
syn_4c09a50e42f582468235af9ff228c16f,41,man,zone_d,True,33-47,stories,ready,man,Yes,social,zone_d,Prefer not to,Not compatible for me,long_term,quick,Monogamous,unsure,"weekday_evening, weekend_evening, weekend_day",No,moderate,I would like children,women,"{""age_range"": ""33-47"", ""conversations"": ""stories"", ""emotional_availability"": ""ready"", ""gender"": ""man"", ""has_children"": ""Yes"", ""lifestyle"": ""social"", ""location"": ""zone_d"", ""partner_children"": ""Prefer not to"", ""partner_smoking"": ""Not compatible for me"", ""relationship_goal"": ""long_term"", ""relationship_pace"": ""quick"", ""relationship_structure"": ""Monogamous"", ""relocate"": ""unsure"", ""schedule"": ""weekday_evening, weekend_evening, weekend_day"", ""smoking"": ""No"", ""space_for_relationship"": ""moderate"", ""wants_children"": ""I would like children"", ""who_to_meet"": ""women""}"
syn_832e73f63b822a721404d55cb10ab446,44,woman,zone_b,True,34-49,,,woman,No,,zone_b,Prefer not to,Open to it,,,Monogamous,,"weekend_day, weekday_evening, weekend_evening",No,,Unsure,"non-binary people, men","{""age_range"": ""34-49"", ""gender"": ""woman"", ""has_children"": ""No"", ""location"": ""zone_b"", ""partner_children"": ""Prefer not to"", ""partner_smoking"": ""Open to it"", ""relationship_structure"": ""Monogamous"", ""schedule"": ""weekend_day, weekday_evening, weekend_evening"", ""smoking"": ""No"", ""wants_children"": ""Unsure"", ""who_to_meet"": ""non-binary people, men""}"
syn_eec47052e2896a1d26e1db44a0b667b9,36,woman,zone_a,True,30-41,,ready,woman,No,,zone_a,Open to it,Open to it,,,Ethically non-monogamous,,"weekday_evening, weekend_evening, weekend_day",No,,I do not want children,non-binary people,"{""age_range"": ""30-41"", ""emotional_availability"": ""ready"", ""gender"": ""woman"", ""has_children"": ""No"", ""location"": ""zone_a"", ""partner_children"": ""Open to it"", ""partner_smoking"": ""Open to it"", ""relationship_structure"": ""Ethically non-monogamous"", ""schedule"": ""weekday_evening, weekend_evening, weekend_day"", ""smoking"": ""No"", ""wants_children"": ""I do not want children"", ""who_to_meet"": ""non-binary people""}"
syn_7d7e99976ca0f0a02445ed09eb98faf9,37,woman,zone_b,True,32-41,,ready,woman,No,,zone_b,Open to it,Not compatible for me,,,Monogamous,,"weekend_evening, weekend_day, weekday_evening",No,,I would like children,non-binary people,"{""age_range"": ""32-41"", ""emotional_availability"": ""ready"", ""gender"": ""woman"", ""has_children"": ""No"", ""location"": ""zone_b"", ""partner_children"": ""Open to it"", ""partner_smoking"": ""Not compatible for me"", ""relationship_structure"": ""Monogamous"", ""schedule"": ""weekend_evening, weekend_day, weekday_evening"", ""smoking"": ""No"", ""wants_children"": ""I would like children"", ""who_to_meet"": ""non-binary people""}"
syn_c9df38aa8479a9ffbe9ee03ab5a917b2,27,man,zone_b,True,23-35,playful,taking_time,man,Yes,mixed,zone_b,Prefer not to,Open to it,exploring,steady,Monogamous,no,"weekday_evening, weekend_day, weekend_evening",No,ample,I would like children,non-binary people,"{""age_range"": ""23-35"", ""conversations"": ""playful"", ""emotional_availability"": ""taking_time"", ""gender"": ""man"", ""has_children"": ""Yes"", ""lifestyle"": ""mixed"", ""location"": ""zone_b"", ""partner_children"": ""Prefer not to"", ""partner_smoking"": ""Open to it"", ""relationship_goal"": ""exploring"", ""relationship_pace"": ""steady"", ""relationship_structure"": ""Monogamous"", ""relocate"": ""no"", ""schedule"": ""weekday_evening, weekend_day, weekend_evening"", ""smoking"": ""No"", ""space_for_relationship"": ""ample"", ""wants_children"": ""I would like children"", ""who_to_meet"": ""non-binary people""}"
syn_61e459e68ad8101875f38c5dabfa041f,26,man,zone_a,True,,,,man,Yes,,zone_a,,,,,,,,,,,,"{""gender"": ""man"", ""has_children"": ""Yes"", ""location"": ""zone_a""}"
syn_813e07996549616e235d37a1f6ed4cbd,24,man,zone_a,True,18-27,,,man,Yes,,zone_a,Open to it,Not compatible for me,,slow,Monogamous,,"weekend_evening, weekend_day",No,,I do not want children,men,"{""age_range"": ""18-27"", ""gender"": ""man"", ""has_children"": ""Yes"", ""location"": ""zone_a"", ""partner_children"": ""Open to it"", ""partner_smoking"": ""Not compatible for me"", ""relationship_pace"": ""slow"", ""relationship_structure"": ""Monogamous"", ""schedule"": ""weekend_evening, weekend_day"", ""smoking"": ""No"", ""wants_children"": ""I do not want children"", ""who_to_meet"": ""men""}"
syn_888ae20b6670bee86782f38f027dcdbe,29,woman,zone_c,True,20-34,stories,ready,woman,No,quiet,zone_c,Prefer not to,Open to it,exploring,slow,Monogamous,yes,"weekend_evening, weekend_day",No,limited,Unsure,men,"{""age_range"": ""20-34"", ""conversations"": ""stories"", ""emotional_availability"": ""ready"", ""gender"": ""woman"", ""has_children"": ""No"", ""lifestyle"": ""quiet"", ""location"": ""zone_c"", ""partner_children"": ""Prefer not to"", ""partner_smoking"": ""Open to it"", ""relationship_goal"": ""exploring"", ""relationship_pace"": ""slow"", ""relationship_structure"": ""Monogamous"", ""relocate"": ""yes"", ""schedule"": ""weekend_evening, weekend_day"", ""smoking"": ""No"", ""space_for_relationship"": ""limited"", ""wants_children"": ""Unsure"", ""who_to_meet"": ""men""}"
syn_5c7942d620c9bb18862da0ce182ebeb7,41,woman,zone_c,True,35-46,,,woman,No,,zone_c,Prefer not to,Not compatible for me,,,Monogamous,unsure,"weekend_day, weekend_evening",No,,I would like children,women,"{""age_range"": ""35-46"", ""gender"": ""woman"", ""has_children"": ""No"", ""location"": ""zone_c"", ""partner_children"": ""Prefer not to"", ""partner_smoking"": ""Not compatible for me"", ""relationship_structure"": ""Monogamous"", ""relocate"": ""unsure"", ""schedule"": ""weekend_day, weekend_evening"", ""smoking"": ""No"", ""wants_children"": ""I would like children"", ""who_to_meet"": ""women""}"
syn_7a1763ba4afc746abc1b28600d091228,30,man,zone_a,True,,,,man,,,zone_a,,,,,Monogamous,,,,,,,"{""gender"": ""man"", ""location"": ""zone_a"", ""relationship_structure"": ""Monogamous""}"
syn_87fbfc22893c5609e9edb33f210b5274,27,man,zone_a,True,22-31,playful,taking_time,man,No,quiet,zone_a,Open to it,Not compatible for me,exploring,quick,Monogamous,no,weekday_evening,No,moderate,Unsure,"men, non-binary people","{""age_range"": ""22-31"", ""conversations"": ""playful"", ""emotional_availability"": ""taking_time"", ""gender"": ""man"", ""has_children"": ""No"", ""lifestyle"": ""quiet"", ""location"": ""zone_a"", ""partner_children"": ""Open to it"", ""partner_smoking"": ""Not compatible for me"", ""relationship_goal"": ""exploring"", ""relationship_pace"": ""quick"", ""relationship_structure"": ""Monogamous"", ""relocate"": ""no"", ""schedule"": ""weekday_evening"", ""smoking"": ""No"", ""space_for_relationship"": ""moderate"", ""wants_children"": ""Unsure"", ""who_to_meet"": ""men, non-binary people""}"
syn_60ccee178fb47eb6a57dfa71f44fab46,42,woman,zone_a,True,35-51,practical,taking_time,woman,No,social,zone_a,Prefer not to,Not compatible for me,long_term,slow,Monogamous,no,weekday_evening,No,moderate,I do not want children,men,"{""age_range"": ""35-51"", ""conversations"": ""practical"", ""emotional_availability"": ""taking_time"", ""gender"": ""woman"", ""has_children"": ""No"", ""lifestyle"": ""social"", ""location"": ""zone_a"", ""partner_children"": ""Prefer not to"", ""partner_smoking"": ""Not compatible for me"", ""relationship_goal"": ""long_term"", ""relationship_pace"": ""slow"", ""relationship_structure"": ""Monogamous"", ""relocate"": ""no"", ""schedule"": ""weekday_evening"", ""smoking"": ""No"", ""space_for_relationship"": ""moderate"", ""wants_children"": ""I do not want children"", ""who_to_meet"": ""men""}"
syn_c821d0bab19f4345722361c4ec876a0f,32,woman,zone_c,True,29-39,,,woman,No,,zone_c,Open to it,Open to it,,steady,Monogamous,,"weekend_day, weekday_evening, weekend_evening",No,,Unsure,men,"{""age_range"": ""29-39"", ""gender"": ""woman"", ""has_children"": ""No"", ""location"": ""zone_c"", ""partner_children"": ""Open to it"", ""partner_smoking"": ""Open to it"", ""relationship_pace"": ""steady"", ""relationship_structure"": ""Monogamous"", ""schedule"": ""weekend_day, weekday_evening, weekend_evening"", ""smoking"": ""No"", ""wants_children"": ""Unsure"", ""who_to_meet"": ""men""}"
syn_267d0b6f1ce1ddde37545beb2a1ad6b6,44,woman,zone_a,True,37-48,practical,ready,woman,No,mixed,zone_a,Prefer not to,Open to it,exploring,steady,Monogamous,unsure,weekend_day,Occasionally,ample,I would like children,non-binary people,"{""age_range"": ""37-48"", ""conversations"": ""practical"", ""emotional_availability"": ""ready"", ""gender"": ""woman"", ""has_children"": ""No"", ""lifestyle"": ""mixed"", ""location"": ""zone_a"", ""partner_children"": ""Prefer not to"", ""partner_smoking"": ""Open to it"", ""relationship_goal"": ""exploring"", ""relationship_pace"": ""steady"", ""relationship_structure"": ""Monogamous"", ""relocate"": ""unsure"", ""schedule"": ""weekend_day"", ""smoking"": ""Occasionally"", ""space_for_relationship"": ""ample"", ""wants_children"": ""I would like children"", ""who_to_meet"": ""non-binary people""}"
syn_f9f644631733e03b2e1121f7e9c62cef,40,man,zone_a,True,,,,man,,,zone_a,,,exploring,,,,,,,,,"{""gender"": ""man"", ""location"": ""zone_a"", ""relationship_goal"": ""exploring""}"
syn_c1124b9c00beb2a6a0b4a18bf0c9f540,43,man,zone_b,True,38-47,,,man,No,,zone_b,Open to it,Open to it,,,Monogamous,,"weekday_evening, weekend_day",No,,I do not want children,"women, non-binary people","{""age_range"": ""38-47"", ""gender"": ""man"", ""has_children"": ""No"", ""location"": ""zone_b"", ""partner_children"": ""Open to it"", ""partner_smoking"": ""Open to it"", ""relationship_structure"": ""Monogamous"", ""schedule"": ""weekday_evening, weekend_day"", ""smoking"": ""No"", ""wants_children"": ""I do not want children"", ""who_to_meet"": ""women, non-binary people""}"
syn_b87520850b5cdc86b34287cf94dc8e2b,26,non_binary,zone_a,True,18-33,practical,taking_time,non_binary,No,mixed,zone_a,Prefer not to,Not compatible for me,exploring,steady,Monogamous,no,"weekend_evening, weekday_evening",No,limited,Unsure,"men, non-binary people","{""age_range"": ""18-33"", ""conversations"": ""practical"", ""emotional_availability"": ""taking_time"", ""gender"": ""non_binary"", ""has_children"": ""No"", ""lifestyle"": ""mixed"", ""location"": ""zone_a"", ""partner_children"": ""Prefer not to"", ""partner_smoking"": ""Not compatible for me"", ""relationship_goal"": ""exploring"", ""relationship_pace"": ""steady"", ""relationship_structure"": ""Monogamous"", ""relocate"": ""no"", ""schedule"": ""weekend_evening, weekday_evening"", ""smoking"": ""No"", ""space_for_relationship"": ""limited"", ""wants_children"": ""Unsure"", ""who_to_meet"": ""men, non-binary people""}"
syn_6badfc689488b1238947878d71ece0a3,28,man,zone_a,True,19-34,,,man,No,social,zone_a,Prefer not to,Not compatible for me,,,Monogamous,,"weekend_day, weekend_evening, weekday_evening",No,,I do not want children,women,"{""age_range"": ""19-34"", ""gender"": ""man"", ""has_children"": ""No"", ""lifestyle"": ""social"", ""location"": ""zone_a"", ""partner_children"": ""Prefer not to"", ""partner_smoking"": ""Not compatible for me"", ""relationship_structure"": ""Monogamous"", ""schedule"": ""weekend_day, weekend_evening, weekday_evening"", ""smoking"": ""No"", ""wants_children"": ""I do not want children"", ""who_to_meet"": ""women""}"
syn_c419025e53a87a962324fef7921a220a,36,woman,zone_b,True,32-43,playful,ready,woman,No,mixed,zone_b,Prefer not to,Open to it,exploring,slow,Monogamous,no,weekday_evening,Occasionally,limited,I do not want children,women,"{""age_range"": ""32-43"", ""conversations"": ""playful"", ""emotional_availability"": ""ready"", ""gender"": ""woman"", ""has_children"": ""No"", ""lifestyle"": ""mixed"", ""location"": ""zone_b"", ""partner_children"": ""Prefer not to"", ""partner_smoking"": ""Open to it"", ""relationship_goal"": ""exploring"", ""relationship_pace"": ""slow"", ""relationship_structure"": ""Monogamous"", ""relocate"": ""no"", ""schedule"": ""weekday_evening"", ""smoking"": ""Occasionally"", ""space_for_relationship"": ""limited"", ""wants_children"": ""I do not want children"", ""who_to_meet"": ""women""}"
syn_49d17f5f15e37703c9e25a6a584e292c,45,woman,zone_b,True,41-49,,,woman,No,,zone_b,Prefer not to,Open to it,,,Ethically non-monogamous,,"weekend_evening, weekday_evening",No,,Unsure,"non-binary people, men","{""age_range"": ""41-49"", ""gender"": ""woman"", ""has_children"": ""No"", ""location"": ""zone_b"", ""partner_children"": ""Prefer not to"", ""partner_smoking"": ""Open to it"", ""relationship_structure"": ""Ethically non-monogamous"", ""schedule"": ""weekend_evening, weekday_evening"", ""smoking"": ""No"", ""wants_children"": ""Unsure"", ""who_to_meet"": ""non-binary people, men""}"
